statement_id,file,line,code
S1,AbstractRealMatrix.java,43,protected AbstractRealMatrix() {
S2,AbstractRealMatrix.java,44,lu = null;
S3,AbstractRealMatrix.java,55,throws IllegalArgumentException {
S4,AbstractRealMatrix.java,56,if (rowDimension <= 0 ) {
S5,AbstractRealMatrix.java,61,if (columnDimension <= 0) {
S6,AbstractRealMatrix.java,66,lu = null;
S7,AbstractRealMatrix.java,195,return walkInColumnOrder(new RealMatrixPreservingVisitor() {
S8,AbstractRealMatrix.java,210,this.endRow = endRow;
S9,AbstractRealMatrix.java,211,columnSum   = 0;
S10,AbstractRealMatrix.java,212,maxColSum   = 0;
S11,AbstractRealMatrix.java,217,columnSum += Math.abs(value);
S12,AbstractRealMatrix.java,218,if (row == endRow) {
S13,AbstractRealMatrix.java,219,"maxColSum = Math.max(maxColSum, columnSum);"
S14,AbstractRealMatrix.java,220,columnSum = 0;
S15,AbstractRealMatrix.java,226,return maxColSum;
S16,AbstractRealMatrix.java,484,"MatrixUtils.checkRowIndex(this, row);"
S17,AbstractRealMatrix.java,485,final int nCols = getColumnDimension();
S18,AbstractRealMatrix.java,486,if (vector.getDimension() != nCols) {
S19,AbstractRealMatrix.java,491,for (int i = 0; i < nCols; ++i) {
S20,AbstractRealMatrix.java,492,"setEntry(row, i, vector.getEntry(i));"
S21,AbstractRealMatrix.java,500,"return new ArrayRealVector(getColumn(column), false);"
S22,AbstractRealMatrix.java,507,"MatrixUtils.checkColumnIndex(this, column);"
S23,AbstractRealMatrix.java,508,final int nRows = getRowDimension();
S24,AbstractRealMatrix.java,509,if (vector.getDimension() != nRows) {
S25,AbstractRealMatrix.java,514,for (int i = 0; i < nRows; ++i) {
S26,AbstractRealMatrix.java,515,"setEntry(i, column, vector.getEntry(i));"
S27,AbstractRealMatrix.java,556,"MatrixUtils.checkColumnIndex(this, column);"
S28,AbstractRealMatrix.java,557,final int nRows = getRowDimension();
S29,AbstractRealMatrix.java,558,final double[] out = new double[nRows];
S30,AbstractRealMatrix.java,559,for (int i = 0; i < nRows; ++i) {
S31,AbstractRealMatrix.java,560,"out[i] = getEntry(i, column);"
S32,AbstractRealMatrix.java,563,return out;
S33,AbstractRealMatrix.java,603,final int nRows = getRowDimension();
S34,AbstractRealMatrix.java,604,final int nCols = getColumnDimension();
S35,AbstractRealMatrix.java,605,"final RealMatrix out = createMatrix(nCols, nRows);"
S36,AbstractRealMatrix.java,606,walkInOptimizedOrder(new DefaultRealMatrixPreservingVisitor() {
S37,AbstractRealMatrix.java,611,"out.setEntry(column, row, value);"
S38,AbstractRealMatrix.java,616,return out;
S39,AbstractRealMatrix.java,639,return getColumnDimension() == getRowDimension();
S40,AbstractRealMatrix.java,701,"return new ArrayRealVector(operate(((ArrayRealVector) v).getDataRef()), false);"
S41,AbstractRealMatrix.java,702,} catch (ClassCastException cce) {
S42,AbstractRealMatrix.java,703,final int nRows = getRowDimension();
S43,AbstractRealMatrix.java,704,final int nCols = getColumnDimension();
S44,AbstractRealMatrix.java,705,if (v.getDimension() != nCols) {
S45,AbstractRealMatrix.java,711,final double[] out = new double[nRows];
S46,AbstractRealMatrix.java,712,for (int row = 0; row < nRows; ++row) {
S47,AbstractRealMatrix.java,713,double sum = 0;
S48,AbstractRealMatrix.java,714,for (int i = 0; i < nCols; ++i) {
S49,AbstractRealMatrix.java,715,"sum += getEntry(row, i) * v.getEntry(i);"
S50,AbstractRealMatrix.java,717,out[row] = sum;
S51,AbstractRealMatrix.java,720,"return new ArrayRealVector(out, false);"
S52,AbstractRealMatrix.java,919,return walkInRowOrder(visitor);
S53,AbstractRealMatrix.java,935,"return walkInRowOrder(visitor, startRow, endRow, startColumn, endColumn);"
S54,Array2DRowRealMatrix.java,76,"super(rowDimension, columnDimension);"
S55,Array2DRowRealMatrix.java,77,data = new double[rowDimension][columnDimension];
S56,Array2DRowRealMatrix.java,94,"throws IllegalArgumentException, NullPointerException {"
S57,Array2DRowRealMatrix.java,95,copyIn(d);
S58,Array2DRowRealMatrix.java,114,"throws IllegalArgumentException, NullPointerException {"
S59,Array2DRowRealMatrix.java,115,if (copyArray) {
S60,Array2DRowRealMatrix.java,118,if (d == null) {
S61,Array2DRowRealMatrix.java,121,final int nRows = d.length;
S62,Array2DRowRealMatrix.java,122,if (nRows == 0) {
S63,Array2DRowRealMatrix.java,125,final int nCols = d[0].length;
S64,Array2DRowRealMatrix.java,126,if (nCols == 0) {
S65,Array2DRowRealMatrix.java,129,for (int r = 1; r < nRows; r++) {
S66,Array2DRowRealMatrix.java,130,if (d[r].length != nCols) {
S67,Array2DRowRealMatrix.java,136,data = d;
S68,Array2DRowRealMatrix.java,160,"return new Array2DRowRealMatrix(rowDimension, columnDimension);"
S69,Array2DRowRealMatrix.java,214,return subtract((Array2DRowRealMatrix) m);
S70,Array2DRowRealMatrix.java,231,"MatrixUtils.checkSubtractionCompatible(this, m);"
S71,Array2DRowRealMatrix.java,233,final int rowCount    = getRowDimension();
S72,Array2DRowRealMatrix.java,234,final int columnCount = getColumnDimension();
S73,Array2DRowRealMatrix.java,235,final double[][] outData = new double[rowCount][columnCount];
S74,Array2DRowRealMatrix.java,236,for (int row = 0; row < rowCount; row++) {
S75,Array2DRowRealMatrix.java,237,final double[] dataRow    = data[row];
S76,Array2DRowRealMatrix.java,238,final double[] mRow       = m.data[row];
S77,Array2DRowRealMatrix.java,239,final double[] outDataRow = outData[row];
S78,Array2DRowRealMatrix.java,240,for (int col = 0; col < columnCount; col++) {
S79,Array2DRowRealMatrix.java,241,outDataRow[col] = dataRow[col] - mRow[col];
S80,Array2DRowRealMatrix.java,245,"return new Array2DRowRealMatrix(outData, false);"
S81,Array2DRowRealMatrix.java,254,return multiply((Array2DRowRealMatrix) m);
S82,Array2DRowRealMatrix.java,271,"MatrixUtils.checkMultiplicationCompatible(this, m);"
S83,Array2DRowRealMatrix.java,273,final int nRows = this.getRowDimension();
S84,Array2DRowRealMatrix.java,274,final int nCols = m.getColumnDimension();
S85,Array2DRowRealMatrix.java,275,final int nSum = this.getColumnDimension();
S86,Array2DRowRealMatrix.java,276,final double[][] outData = new double[nRows][nCols];
S87,Array2DRowRealMatrix.java,277,for (int row = 0; row < nRows; row++) {
S88,Array2DRowRealMatrix.java,278,final double[] dataRow    = data[row];
S89,Array2DRowRealMatrix.java,279,final double[] outDataRow = outData[row];
S90,Array2DRowRealMatrix.java,280,for (int col = 0; col < nCols; col++) {
S91,Array2DRowRealMatrix.java,281,double sum = 0;
S92,Array2DRowRealMatrix.java,282,for (int i = 0; i < nSum; i++) {
S93,Array2DRowRealMatrix.java,283,sum += dataRow[i] * m.data[i][col];
S94,Array2DRowRealMatrix.java,285,outDataRow[col] = sum;
S95,Array2DRowRealMatrix.java,289,"return new Array2DRowRealMatrix(outData, false);"
S96,Array2DRowRealMatrix.java,296,return copyOut();
S97,Array2DRowRealMatrix.java,314,if (data == null) {
S98,Array2DRowRealMatrix.java,315,if (row > 0) {
S99,Array2DRowRealMatrix.java,320,if (column > 0) {
S100,Array2DRowRealMatrix.java,325,final int nRows = subMatrix.length;
S101,Array2DRowRealMatrix.java,326,if (nRows == 0) {
S102,Array2DRowRealMatrix.java,330,final int nCols = subMatrix[0].length;
S103,Array2DRowRealMatrix.java,331,if (nCols == 0) {
S104,Array2DRowRealMatrix.java,334,data = new double[subMatrix.length][nCols];
S105,Array2DRowRealMatrix.java,335,for (int i = 0; i < data.length; ++i) {
S106,Array2DRowRealMatrix.java,336,if (subMatrix[i].length != nCols) {
S107,Array2DRowRealMatrix.java,341,"System.arraycopy(subMatrix[i], 0, data[i + row], column, nCols);"
S108,Array2DRowRealMatrix.java,343,} else {
S109,Array2DRowRealMatrix.java,354,return data[row][column];
S110,Array2DRowRealMatrix.java,367,data[row][column] = value;
S111,Array2DRowRealMatrix.java,380,data[row][column] += increment;
S112,Array2DRowRealMatrix.java,393,data[row][column] *= factor;
S113,Array2DRowRealMatrix.java,404,return (data == null) ? 0 : data.length;
S114,Array2DRowRealMatrix.java,410,return ((data == null) || (data[0] == null)) ? 0 : data[0].length;
S115,Array2DRowRealMatrix.java,417,final int nRows = this.getRowDimension();
S116,Array2DRowRealMatrix.java,418,final int nCols = this.getColumnDimension();
S117,Array2DRowRealMatrix.java,419,if (v.length != nCols) {
S118,Array2DRowRealMatrix.java,424,final double[] out = new double[nRows];
S119,Array2DRowRealMatrix.java,425,for (int row = 0; row < nRows; row++) {
S120,Array2DRowRealMatrix.java,426,final double[] dataRow = data[row];
S121,Array2DRowRealMatrix.java,427,double sum = 0;
S122,Array2DRowRealMatrix.java,428,for (int i = 0; i < nCols; i++) {
S123,Array2DRowRealMatrix.java,429,sum += dataRow[i] * v[i];
S124,Array2DRowRealMatrix.java,431,out[row] = sum;
S125,Array2DRowRealMatrix.java,433,return out;
S126,Array2DRowRealMatrix.java,482,final int rows    = getRowDimension();
S127,Array2DRowRealMatrix.java,483,final int columns = getColumnDimension();
S128,Array2DRowRealMatrix.java,484,"visitor.start(rows, columns, 0, rows - 1, 0, columns - 1);"
S129,Array2DRowRealMatrix.java,485,for (int i = 0; i < rows; ++i) {
S130,Array2DRowRealMatrix.java,486,final double[] rowI = data[i];
S131,Array2DRowRealMatrix.java,487,for (int j = 0; j < columns; ++j) {
S132,Array2DRowRealMatrix.java,488,"visitor.visit(i, j, rowI[j]);"
S133,Array2DRowRealMatrix.java,491,return visitor.end();
S134,Array2DRowRealMatrix.java,518,"MatrixUtils.checkSubMatrixIndex(this, startRow, endRow, startColumn, endColumn);"
S135,Array2DRowRealMatrix.java,519,"visitor.start(getRowDimension(), getColumnDimension(),"
S136,Array2DRowRealMatrix.java,521,for (int i = startRow; i <= endRow; ++i) {
S137,Array2DRowRealMatrix.java,522,final double[] rowI = data[i];
S138,Array2DRowRealMatrix.java,523,for (int j = startColumn; j <= endColumn; ++j) {
S139,Array2DRowRealMatrix.java,524,"visitor.visit(i, j, rowI[j]);"
S140,Array2DRowRealMatrix.java,527,return visitor.end();
S141,Array2DRowRealMatrix.java,550,final int rows    = getRowDimension();
S142,Array2DRowRealMatrix.java,551,final int columns = getColumnDimension();
S143,Array2DRowRealMatrix.java,552,"visitor.start(rows, columns, 0, rows - 1, 0, columns - 1);"
S144,Array2DRowRealMatrix.java,553,for (int j = 0; j < columns; ++j) {
S145,Array2DRowRealMatrix.java,554,for (int i = 0; i < rows; ++i) {
S146,Array2DRowRealMatrix.java,555,"visitor.visit(i, j, data[i][j]);"
S147,Array2DRowRealMatrix.java,558,return visitor.end();
S148,Array2DRowRealMatrix.java,602,final int nRows = this.getRowDimension();
S149,Array2DRowRealMatrix.java,603,final double[][] out = new double[nRows][this.getColumnDimension()];
S150,Array2DRowRealMatrix.java,605,for (int i = 0; i < nRows; i++) {
S151,Array2DRowRealMatrix.java,606,"System.arraycopy(data[i], 0, out[i], 0, data[i].length);"
S152,Array2DRowRealMatrix.java,608,return out;
S153,Array2DRowRealMatrix.java,622,"setSubMatrix(in, 0, 0);"
S154,ArrayRealVector.java,36,private static final RealVectorFormat DEFAULT_FORMAT =
S155,ArrayRealVector.java,77,public ArrayRealVector(double[] d) {
S156,ArrayRealVector.java,78,data = d.clone();
S157,ArrayRealVector.java,96,"throws NullPointerException, IllegalArgumentException {"
S158,ArrayRealVector.java,97,if (d == null) {
S159,ArrayRealVector.java,100,if (d.length == 0) {
S160,ArrayRealVector.java,103,data = copyArray ? d.clone() :  d;
S161,ArrayRealVector.java,175,"public ArrayRealVector(ArrayRealVector v, boolean deep) {"
S162,ArrayRealVector.java,176,data = deep ? v.data.clone() : v.data;
S163,ArrayRealVector.java,225,"return new ArrayRealVector(this, true);"
S164,ArrayRealVector.java,269,return subtract((ArrayRealVector) v);
S165,ArrayRealVector.java,283,checkVectorDimensions(v.length);
S166,ArrayRealVector.java,284,double[] out = new double[data.length];
S167,ArrayRealVector.java,285,for (int i = 0; i < data.length; i++) {
S168,ArrayRealVector.java,286,out[i] = data[i] - v[i];
S169,ArrayRealVector.java,288,return new ArrayRealVector(out);
S170,ArrayRealVector.java,299,return (ArrayRealVector) subtract(v.data);
S171,ArrayRealVector.java,347,for (int i = 0; i < data.length; i++) {
S172,ArrayRealVector.java,348,data[i] = data[i] * d;
S173,ArrayRealVector.java,350,return this;
S174,ArrayRealVector.java,863,return data;
S175,ArrayRealVector.java,870,return dotProduct((ArrayRealVector) v);
S176,ArrayRealVector.java,871,} catch (ClassCastException cce) {
S177,ArrayRealVector.java,872,checkVectorDimensions(v);
S178,ArrayRealVector.java,873,double dot = 0;
S179,ArrayRealVector.java,874,for (int i = 0; i < data.length; i++) {
S180,ArrayRealVector.java,875,dot += data[i] * v.getEntry(i);
S181,ArrayRealVector.java,877,return dot;
S182,ArrayRealVector.java,884,checkVectorDimensions(v.length);
S183,ArrayRealVector.java,885,double dot = 0;
S184,ArrayRealVector.java,886,for (int i = 0; i < data.length; i++) {
S185,ArrayRealVector.java,887,dot += data[i] * v[i];
S186,ArrayRealVector.java,889,return dot;
S187,ArrayRealVector.java,900,return dotProduct(v.data);
S188,ArrayRealVector.java,905,double sum = 0;
S189,ArrayRealVector.java,906,for (double a : data) {
S190,ArrayRealVector.java,907,sum += a * a;
S191,ArrayRealVector.java,909,return Math.sqrt(sum);
S192,ArrayRealVector.java,1152,return data[index];
S193,ArrayRealVector.java,1157,return data.length;
S194,ArrayRealVector.java,1206,data[index] = value;
S195,ArrayRealVector.java,1275,checkVectorDimensions(v.getDimension());
S196,ArrayRealVector.java,1287,if (data.length != n) {
S197,BiDiagonalTransformer.java,60,public BiDiagonalTransformer(RealMatrix matrix) {
S198,BiDiagonalTransformer.java,62,final int m = matrix.getRowDimension();
S199,BiDiagonalTransformer.java,63,final int n = matrix.getColumnDimension();
S200,BiDiagonalTransformer.java,64,"final int p = Math.min(m, n);"
S201,BiDiagonalTransformer.java,65,householderVectors = matrix.getData();
S202,BiDiagonalTransformer.java,66,main      = new double[p];
S203,BiDiagonalTransformer.java,67,secondary = new double[p - 1];
S204,BiDiagonalTransformer.java,68,cachedU   = null;
S205,BiDiagonalTransformer.java,69,cachedB   = null;
S206,BiDiagonalTransformer.java,70,cachedV   = null;
S207,BiDiagonalTransformer.java,73,if (m >= n) {
S208,BiDiagonalTransformer.java,74,transformToUpperBiDiagonal();
S209,BiDiagonalTransformer.java,76,transformToLowerBiDiagonal();
S210,BiDiagonalTransformer.java,88,if (cachedU == null) {
S211,BiDiagonalTransformer.java,90,final int m = householderVectors.length;
S212,BiDiagonalTransformer.java,91,final int n = householderVectors[0].length;
S213,BiDiagonalTransformer.java,92,final int p = main.length;
S214,BiDiagonalTransformer.java,93,final int diagOffset    = (m >= n) ? 0 : 1;
S215,BiDiagonalTransformer.java,94,final double[] diagonal = (m >= n) ? main : secondary;
S216,BiDiagonalTransformer.java,95,"cachedU = MatrixUtils.createRealMatrix(m, m);"
S217,BiDiagonalTransformer.java,98,for (int k = m - 1; k >= p; --k) {
S218,BiDiagonalTransformer.java,99,"cachedU.setEntry(k, k, 1);"
S219,BiDiagonalTransformer.java,103,for (int k = p - 1; k >= diagOffset; --k) {
S220,BiDiagonalTransformer.java,104,final double[] hK = householderVectors[k];
S221,BiDiagonalTransformer.java,105,"cachedU.setEntry(k, k, 1);"
S222,BiDiagonalTransformer.java,106,if (hK[k - diagOffset] != 0.0) {
S223,BiDiagonalTransformer.java,107,for (int j = k; j < m; ++j) {
S224,BiDiagonalTransformer.java,108,double alpha = 0;
S225,BiDiagonalTransformer.java,109,for (int i = k; i < m; ++i) {
S226,BiDiagonalTransformer.java,110,"alpha -= cachedU.getEntry(i, j) * householderVectors[i][k - diagOffset];"
S227,BiDiagonalTransformer.java,112,alpha /= diagonal[k - diagOffset] * hK[k - diagOffset];
S228,BiDiagonalTransformer.java,114,for (int i = k; i < m; ++i) {
S229,BiDiagonalTransformer.java,115,"cachedU.addToEntry(i, j, -alpha * householderVectors[i][k - diagOffset]);"
S230,BiDiagonalTransformer.java,120,if (diagOffset > 0) {
S231,BiDiagonalTransformer.java,121,"cachedU.setEntry(0, 0, 1);"
S232,BiDiagonalTransformer.java,127,return cachedU;
S233,BiDiagonalTransformer.java,169,if (cachedV == null) {
S234,BiDiagonalTransformer.java,171,final int m = householderVectors.length;
S235,BiDiagonalTransformer.java,172,final int n = householderVectors[0].length;
S236,BiDiagonalTransformer.java,173,final int p = main.length;
S237,BiDiagonalTransformer.java,174,final int diagOffset    = (m >= n) ? 1 : 0;
S238,BiDiagonalTransformer.java,175,final double[] diagonal = (m >= n) ? secondary : main;
S239,BiDiagonalTransformer.java,176,"cachedV = MatrixUtils.createRealMatrix(n, n);"
S240,BiDiagonalTransformer.java,179,for (int k = n - 1; k >= p; --k) {
S241,BiDiagonalTransformer.java,180,"cachedV.setEntry(k, k, 1);"
S242,BiDiagonalTransformer.java,184,for (int k = p - 1; k >= diagOffset; --k) {
S243,BiDiagonalTransformer.java,185,final double[] hK = householderVectors[k - diagOffset];
S244,BiDiagonalTransformer.java,186,"cachedV.setEntry(k, k, 1);"
S245,BiDiagonalTransformer.java,187,if (hK[k] != 0.0) {
S246,BiDiagonalTransformer.java,188,for (int j = k; j < n; ++j) {
S247,BiDiagonalTransformer.java,189,double beta = 0;
S248,BiDiagonalTransformer.java,190,for (int i = k; i < n; ++i) {
S249,BiDiagonalTransformer.java,191,"beta -= cachedV.getEntry(i, j) * hK[i];"
S250,BiDiagonalTransformer.java,193,beta /= diagonal[k - diagOffset] * hK[k];
S251,BiDiagonalTransformer.java,195,for (int i = k; i < n; ++i) {
S252,BiDiagonalTransformer.java,196,"cachedV.addToEntry(i, j, -beta * hK[i]);"
S253,BiDiagonalTransformer.java,201,if (diagOffset > 0) {
S254,BiDiagonalTransformer.java,202,"cachedV.setEntry(0, 0, 1);"
S255,BiDiagonalTransformer.java,208,return cachedV;
S256,BiDiagonalTransformer.java,229,return main;
S257,BiDiagonalTransformer.java,239,return secondary;
S258,BiDiagonalTransformer.java,257,final int m = householderVectors.length;
S259,BiDiagonalTransformer.java,258,final int n = householderVectors[0].length;
S260,BiDiagonalTransformer.java,259,for (int k = 0; k < n; k++) {
S261,BiDiagonalTransformer.java,262,double xNormSqr = 0;
S262,BiDiagonalTransformer.java,263,for (int i = k; i < m; ++i) {
S263,BiDiagonalTransformer.java,264,final double c = householderVectors[i][k];
S264,BiDiagonalTransformer.java,265,xNormSqr += c * c;
S265,BiDiagonalTransformer.java,267,final double[] hK = householderVectors[k];
S266,BiDiagonalTransformer.java,268,final double a = (hK[k] > 0) ? -Math.sqrt(xNormSqr) : Math.sqrt(xNormSqr);
S267,BiDiagonalTransformer.java,269,main[k] = a;
S268,BiDiagonalTransformer.java,270,if (a != 0.0) {
S269,BiDiagonalTransformer.java,271,hK[k] -= a;
S270,BiDiagonalTransformer.java,272,for (int j = k + 1; j < n; ++j) {
S271,BiDiagonalTransformer.java,273,double alpha = 0;
S272,BiDiagonalTransformer.java,274,for (int i = k; i < m; ++i) {
S273,BiDiagonalTransformer.java,275,final double[] hI = householderVectors[i];
S274,BiDiagonalTransformer.java,276,alpha -= hI[j] * hI[k];
S275,BiDiagonalTransformer.java,278,alpha /= a * householderVectors[k][k];
S276,BiDiagonalTransformer.java,279,for (int i = k; i < m; ++i) {
S277,BiDiagonalTransformer.java,280,final double[] hI = householderVectors[i];
S278,BiDiagonalTransformer.java,281,hI[j] -= alpha * hI[k];
S279,BiDiagonalTransformer.java,286,if (k < n - 1) {
S280,BiDiagonalTransformer.java,288,xNormSqr = 0;
S281,BiDiagonalTransformer.java,289,for (int j = k + 1; j < n; ++j) {
S282,BiDiagonalTransformer.java,290,final double c = hK[j];
S283,BiDiagonalTransformer.java,291,xNormSqr += c * c;
S284,BiDiagonalTransformer.java,293,final double b = (hK[k + 1] > 0) ? -Math.sqrt(xNormSqr) : Math.sqrt(xNormSqr);
S285,BiDiagonalTransformer.java,294,secondary[k] = b;
S286,BiDiagonalTransformer.java,295,if (b != 0.0) {
S287,BiDiagonalTransformer.java,296,hK[k + 1] -= b;
S288,BiDiagonalTransformer.java,297,for (int i = k + 1; i < m; ++i) {
S289,BiDiagonalTransformer.java,298,final double[] hI = householderVectors[i];
S290,BiDiagonalTransformer.java,299,double beta = 0;
S291,BiDiagonalTransformer.java,300,for (int j = k + 1; j < n; ++j) {
S292,BiDiagonalTransformer.java,301,beta -= hI[j] * hK[j];
S293,BiDiagonalTransformer.java,303,beta /= b * hK[k + 1];
S294,BiDiagonalTransformer.java,304,for (int j = k + 1; j < n; ++j) {
S295,BiDiagonalTransformer.java,305,hI[j] -= beta * hK[j];
S296,BiDiagonalTransformer.java,321,final int m = householderVectors.length;
S297,BiDiagonalTransformer.java,322,final int n = householderVectors[0].length;
S298,BiDiagonalTransformer.java,323,for (int k = 0; k < m; k++) {
S299,BiDiagonalTransformer.java,326,final double[] hK = householderVectors[k];
S300,BiDiagonalTransformer.java,327,double xNormSqr = 0;
S301,BiDiagonalTransformer.java,328,for (int j = k; j < n; ++j) {
S302,BiDiagonalTransformer.java,329,final double c = hK[j];
S303,BiDiagonalTransformer.java,330,xNormSqr += c * c;
S304,BiDiagonalTransformer.java,332,final double a = (hK[k] > 0) ? -Math.sqrt(xNormSqr) : Math.sqrt(xNormSqr);
S305,BiDiagonalTransformer.java,333,main[k] = a;
S306,BiDiagonalTransformer.java,334,if (a != 0.0) {
S307,BiDiagonalTransformer.java,335,hK[k] -= a;
S308,BiDiagonalTransformer.java,336,for (int i = k + 1; i < m; ++i) {
S309,BiDiagonalTransformer.java,337,final double[] hI = householderVectors[i];
S310,BiDiagonalTransformer.java,338,double alpha = 0;
S311,BiDiagonalTransformer.java,339,for (int j = k; j < n; ++j) {
S312,BiDiagonalTransformer.java,340,alpha -= hI[j] * hK[j];
S313,BiDiagonalTransformer.java,342,alpha /= a * householderVectors[k][k];
S314,BiDiagonalTransformer.java,343,for (int j = k; j < n; ++j) {
S315,BiDiagonalTransformer.java,344,hI[j] -= alpha * hK[j];
S316,BiDiagonalTransformer.java,349,if (k < m - 1) {
S317,BiDiagonalTransformer.java,351,final double[] hKp1 = householderVectors[k + 1];
S318,BiDiagonalTransformer.java,352,xNormSqr = 0;
S319,BiDiagonalTransformer.java,353,for (int i = k + 1; i < m; ++i) {
S320,BiDiagonalTransformer.java,354,final double c = householderVectors[i][k];
S321,BiDiagonalTransformer.java,355,xNormSqr += c * c;
S322,BiDiagonalTransformer.java,357,final double b = (hKp1[k] > 0) ? -Math.sqrt(xNormSqr) : Math.sqrt(xNormSqr);
S323,BiDiagonalTransformer.java,358,secondary[k] = b;
S324,BiDiagonalTransformer.java,359,if (b != 0.0) {
S325,BiDiagonalTransformer.java,360,hKp1[k] -= b;
S326,BiDiagonalTransformer.java,361,for (int j = k + 1; j < n; ++j) {
S327,BiDiagonalTransformer.java,362,double beta = 0;
S328,BiDiagonalTransformer.java,363,for (int i = k + 1; i < m; ++i) {
S329,BiDiagonalTransformer.java,364,final double[] hI = householderVectors[i];
S330,BiDiagonalTransformer.java,365,beta -= hI[j] * hI[k];
S331,BiDiagonalTransformer.java,367,beta /= b * hKp1[k];
S332,BiDiagonalTransformer.java,368,for (int i = k + 1; i < m; ++i) {
S333,BiDiagonalTransformer.java,369,final double[] hI = householderVectors[i];
S334,BiDiagonalTransformer.java,370,hI[j] -= beta * hI[k];
S335,BlockRealMatrix.java,64,public class BlockRealMatrix extends AbstractRealMatrix implements Serializable {
S336,BlockRealMatrix.java,98,"super(rows, columns);"
S337,BlockRealMatrix.java,99,this.rows    = rows;
S338,BlockRealMatrix.java,100,this.columns = columns;
S339,BlockRealMatrix.java,103,blockRows    = (rows    + BLOCK_SIZE - 1) / BLOCK_SIZE;
S340,BlockRealMatrix.java,104,blockColumns = (columns + BLOCK_SIZE - 1) / BLOCK_SIZE;
S341,BlockRealMatrix.java,107,"blocks = createBlocksLayout(rows, columns);"
S342,BlockRealMatrix.java,126,"this(rawData.length, rawData[0].length, toBlocksLayout(rawData), false);"
S343,BlockRealMatrix.java,148,"super(rows, columns);"
S344,BlockRealMatrix.java,149,this.rows    = rows;
S345,BlockRealMatrix.java,150,this.columns = columns;
S346,BlockRealMatrix.java,153,blockRows    = (rows    + BLOCK_SIZE - 1) / BLOCK_SIZE;
S347,BlockRealMatrix.java,154,blockColumns = (columns + BLOCK_SIZE - 1) / BLOCK_SIZE;
S348,BlockRealMatrix.java,156,if (copyArray) {
S349,BlockRealMatrix.java,161,blocks = blockData;
S350,BlockRealMatrix.java,164,int index = 0;
S351,BlockRealMatrix.java,165,for (int iBlock = 0; iBlock < blockRows; ++iBlock) {
S352,BlockRealMatrix.java,166,final int iHeight = blockHeight(iBlock);
S353,BlockRealMatrix.java,167,"for (int jBlock = 0; jBlock < blockColumns; ++jBlock, ++index) {"
S354,BlockRealMatrix.java,168,if (blockData[index].length != iHeight * blockWidth(jBlock)) {
S355,BlockRealMatrix.java,173,if (copyArray) {
S356,BlockRealMatrix.java,206,final int rows         = rawData.length;
S357,BlockRealMatrix.java,207,final int columns      = rawData[0].length;
S358,BlockRealMatrix.java,208,final int blockRows    = (rows    + BLOCK_SIZE - 1) / BLOCK_SIZE;
S359,BlockRealMatrix.java,209,final int blockColumns = (columns + BLOCK_SIZE - 1) / BLOCK_SIZE;
S360,BlockRealMatrix.java,212,for (int i = 0; i < rawData.length; ++i) {
S361,BlockRealMatrix.java,213,final int length = rawData[i].length;
S362,BlockRealMatrix.java,214,if (length != columns) {
S363,BlockRealMatrix.java,222,final double[][] blocks = new double[blockRows * blockColumns][];
S364,BlockRealMatrix.java,223,int blockIndex = 0;
S365,BlockRealMatrix.java,224,for (int iBlock = 0; iBlock < blockRows; ++iBlock) {
S366,BlockRealMatrix.java,225,final int pStart  = iBlock * BLOCK_SIZE;
S367,BlockRealMatrix.java,226,"final int pEnd    = Math.min(pStart + BLOCK_SIZE, rows);"
S368,BlockRealMatrix.java,227,final int iHeight = pEnd - pStart;
S369,BlockRealMatrix.java,228,for (int jBlock = 0; jBlock < blockColumns; ++jBlock) {
S370,BlockRealMatrix.java,229,final int qStart = jBlock * BLOCK_SIZE;
S371,BlockRealMatrix.java,230,"final int qEnd   = Math.min(qStart + BLOCK_SIZE, columns);"
S372,BlockRealMatrix.java,231,final int jWidth = qEnd - qStart;
S373,BlockRealMatrix.java,234,final double[] block = new double[iHeight * jWidth];
S374,BlockRealMatrix.java,235,blocks[blockIndex] = block;
S375,BlockRealMatrix.java,238,int index = 0;
S376,BlockRealMatrix.java,239,for (int p = pStart; p < pEnd; ++p) {
S377,BlockRealMatrix.java,240,"System.arraycopy(rawData[p], qStart, block, index, jWidth);"
S378,BlockRealMatrix.java,241,index += jWidth;
S379,BlockRealMatrix.java,244,++blockIndex;
S380,BlockRealMatrix.java,249,return blocks;
S381,BlockRealMatrix.java,267,final int blockRows    = (rows    + BLOCK_SIZE - 1) / BLOCK_SIZE;
S382,BlockRealMatrix.java,268,final int blockColumns = (columns + BLOCK_SIZE - 1) / BLOCK_SIZE;
S383,BlockRealMatrix.java,270,final double[][] blocks = new double[blockRows * blockColumns][];
S384,BlockRealMatrix.java,271,int blockIndex = 0;
S385,BlockRealMatrix.java,272,for (int iBlock = 0; iBlock < blockRows; ++iBlock) {
S386,BlockRealMatrix.java,273,final int pStart  = iBlock * BLOCK_SIZE;
S387,BlockRealMatrix.java,274,"final int pEnd    = Math.min(pStart + BLOCK_SIZE, rows);"
S388,BlockRealMatrix.java,275,final int iHeight = pEnd - pStart;
S389,BlockRealMatrix.java,276,for (int jBlock = 0; jBlock < blockColumns; ++jBlock) {
S390,BlockRealMatrix.java,277,final int qStart = jBlock * BLOCK_SIZE;
S391,BlockRealMatrix.java,278,"final int qEnd   = Math.min(qStart + BLOCK_SIZE, columns);"
S392,BlockRealMatrix.java,279,final int jWidth = qEnd - qStart;
S393,BlockRealMatrix.java,280,blocks[blockIndex] = new double[iHeight * jWidth];
S394,BlockRealMatrix.java,281,++blockIndex;
S395,BlockRealMatrix.java,285,return blocks;
S396,BlockRealMatrix.java,503,return multiply((BlockRealMatrix) m);
S397,BlockRealMatrix.java,570,"MatrixUtils.checkMultiplicationCompatible(this, m);"
S398,BlockRealMatrix.java,572,"final BlockRealMatrix out = new BlockRealMatrix(rows, m.columns);"
S399,BlockRealMatrix.java,575,int blockIndex = 0;
S400,BlockRealMatrix.java,576,for (int iBlock = 0; iBlock < out.blockRows; ++iBlock) {
S401,BlockRealMatrix.java,578,final int pStart = iBlock * BLOCK_SIZE;
S402,BlockRealMatrix.java,579,"final int pEnd   = Math.min(pStart + BLOCK_SIZE, rows);"
S403,BlockRealMatrix.java,581,for (int jBlock = 0; jBlock < out.blockColumns; ++jBlock) {
S404,BlockRealMatrix.java,582,final int jWidth = out.blockWidth(jBlock);
S405,BlockRealMatrix.java,583,final int jWidth2 = jWidth  + jWidth;
S406,BlockRealMatrix.java,584,final int jWidth3 = jWidth2 + jWidth;
S407,BlockRealMatrix.java,585,final int jWidth4 = jWidth3 + jWidth;
S408,BlockRealMatrix.java,588,final double[] outBlock = out.blocks[blockIndex];
S409,BlockRealMatrix.java,591,for (int kBlock = 0; kBlock < blockColumns; ++kBlock) {
S410,BlockRealMatrix.java,592,final int kWidth = blockWidth(kBlock);
S411,BlockRealMatrix.java,593,final double[] tBlock = blocks[iBlock * blockColumns + kBlock];
S412,BlockRealMatrix.java,594,final double[] mBlock = m.blocks[kBlock * m.blockColumns + jBlock];
S413,BlockRealMatrix.java,595,int k = 0;
S414,BlockRealMatrix.java,596,for (int p = pStart; p < pEnd; ++p) {
S415,BlockRealMatrix.java,597,final int lStart = (p - pStart) * kWidth;
S416,BlockRealMatrix.java,598,final int lEnd   = lStart + kWidth;
S417,BlockRealMatrix.java,599,for (int nStart = 0; nStart < jWidth; ++nStart) {
S418,BlockRealMatrix.java,600,double sum = 0;
S419,BlockRealMatrix.java,601,int l = lStart;
S420,BlockRealMatrix.java,602,int n = nStart;
S421,BlockRealMatrix.java,603,while (l < lEnd - 3) {
S422,BlockRealMatrix.java,604,sum += tBlock[l] * mBlock[n] +
S423,BlockRealMatrix.java,608,l += 4;
S424,BlockRealMatrix.java,609,n += jWidth4;
S425,BlockRealMatrix.java,611,while (l < lEnd) {
S426,BlockRealMatrix.java,615,outBlock[k] += sum;
S427,BlockRealMatrix.java,616,++k;
S428,BlockRealMatrix.java,622,++blockIndex;
S429,BlockRealMatrix.java,627,return out;
S430,BlockRealMatrix.java,635,final double[][] data = new double[getRowDimension()][getColumnDimension()];
S431,BlockRealMatrix.java,636,final int lastColumns = columns - (blockColumns - 1) * BLOCK_SIZE;
S432,BlockRealMatrix.java,638,for (int iBlock = 0; iBlock < blockRows; ++iBlock) {
S433,BlockRealMatrix.java,639,final int pStart = iBlock * BLOCK_SIZE;
S434,BlockRealMatrix.java,640,"final int pEnd   = Math.min(pStart + BLOCK_SIZE, rows);"
S435,BlockRealMatrix.java,641,int regularPos   = 0;
S436,BlockRealMatrix.java,642,int lastPos      = 0;
S437,BlockRealMatrix.java,643,for (int p = pStart; p < pEnd; ++p) {
S438,BlockRealMatrix.java,644,final double[] dataP = data[p];
S439,BlockRealMatrix.java,645,int blockIndex = iBlock * blockColumns;
S440,BlockRealMatrix.java,646,int dataPos    = 0;
S441,BlockRealMatrix.java,647,for (int jBlock = 0; jBlock < blockColumns - 1; ++jBlock) {
S442,BlockRealMatrix.java,648,"System.arraycopy(blocks[blockIndex++], regularPos, dataP, dataPos, BLOCK_SIZE);"
S443,BlockRealMatrix.java,649,dataPos += BLOCK_SIZE;
S444,BlockRealMatrix.java,651,"System.arraycopy(blocks[blockIndex], lastPos, dataP, dataPos, lastColumns);"
S445,BlockRealMatrix.java,652,regularPos += BLOCK_SIZE;
S446,BlockRealMatrix.java,653,lastPos    += lastColumns;
S447,BlockRealMatrix.java,657,return data;
S448,BlockRealMatrix.java,1238,final int iBlock = row    / BLOCK_SIZE;
S449,BlockRealMatrix.java,1239,final int jBlock = column / BLOCK_SIZE;
S450,BlockRealMatrix.java,1240,final int k      = (row    - iBlock * BLOCK_SIZE) * blockWidth(jBlock) +
S451,BlockRealMatrix.java,1242,return blocks[iBlock * blockColumns + jBlock][k];
S452,BlockRealMatrix.java,1305,final int nRows = getRowDimension();
S453,BlockRealMatrix.java,1306,final int nCols = getColumnDimension();
S454,BlockRealMatrix.java,1307,"final BlockRealMatrix out = new BlockRealMatrix(nCols, nRows);"
S455,BlockRealMatrix.java,1310,int blockIndex = 0;
S456,BlockRealMatrix.java,1311,for (int iBlock = 0; iBlock < blockColumns; ++iBlock) {
S457,BlockRealMatrix.java,1312,for (int jBlock = 0; jBlock < blockRows; ++jBlock) {
S458,BlockRealMatrix.java,1315,final double[] outBlock = out.blocks[blockIndex];
S459,BlockRealMatrix.java,1316,final double[] tBlock   = blocks[jBlock * blockColumns + iBlock];
S460,BlockRealMatrix.java,1317,final int      pStart   = iBlock * BLOCK_SIZE;
S461,BlockRealMatrix.java,1318,"final int      pEnd     = Math.min(pStart + BLOCK_SIZE, columns);"
S462,BlockRealMatrix.java,1319,final int      qStart   = jBlock * BLOCK_SIZE;
S463,BlockRealMatrix.java,1320,"final int      qEnd     = Math.min(qStart + BLOCK_SIZE, rows);"
S464,BlockRealMatrix.java,1321,int k = 0;
S465,BlockRealMatrix.java,1322,for (int p = pStart; p < pEnd; ++p) {
S466,BlockRealMatrix.java,1323,final int lInc = pEnd - pStart;
S467,BlockRealMatrix.java,1324,int l = p - pStart;
S468,BlockRealMatrix.java,1325,for (int q = qStart; q < qEnd; ++q) {
S469,BlockRealMatrix.java,1326,outBlock[k] = tBlock[l];
S470,BlockRealMatrix.java,1327,++k;
S471,BlockRealMatrix.java,1328,l+= lInc;
S472,BlockRealMatrix.java,1333,++blockIndex;
S473,BlockRealMatrix.java,1338,return out;
S474,BlockRealMatrix.java,1345,return rows;
S475,BlockRealMatrix.java,1351,return columns;
S476,BlockRealMatrix.java,1675,return (blockRow == blockRows - 1) ? rows - blockRow * BLOCK_SIZE : BLOCK_SIZE;
S477,BlockRealMatrix.java,1684,return (blockColumn == blockColumns - 1) ? columns - blockColumn * BLOCK_SIZE : BLOCK_SIZE;
S478,CompositeFormat.java,30,public abstract class CompositeFormat extends Format {
S479,CompositeFormat.java,53,final NumberFormat nf = NumberFormat.getInstance(locale);
S480,CompositeFormat.java,54,nf.setMaximumFractionDigits(2);
S481,CompositeFormat.java,55,return nf;
S482,DefaultRealMatrixPreservingVisitor.java,30,public class DefaultRealMatrixPreservingVisitor implements RealMatrixPreservingVisitor {
S483,DefaultRealMatrixPreservingVisitor.java,44,return 0;
S484,EigenDecompositionImpl.java,167,throws InvalidMatrixException {
S485,EigenDecompositionImpl.java,168,if (isSymmetric(matrix)) {
S486,EigenDecompositionImpl.java,169,this.splitTolerance = splitTolerance;
S487,EigenDecompositionImpl.java,170,transformToTridiagonal(matrix);
S488,EigenDecompositionImpl.java,171,decompose();
S489,EigenDecompositionImpl.java,191,throws InvalidMatrixException {
S490,EigenDecompositionImpl.java,193,this.main      = main.clone();
S491,EigenDecompositionImpl.java,194,this.secondary = secondary.clone();
S492,EigenDecompositionImpl.java,195,transformer    = null;
S493,EigenDecompositionImpl.java,198,squaredSecondary = new double[secondary.length];
S494,EigenDecompositionImpl.java,199,for (int i = 0; i < squaredSecondary.length; ++i) {
S495,EigenDecompositionImpl.java,200,final double s = secondary[i];
S496,EigenDecompositionImpl.java,201,squaredSecondary[i] = s * s;
S497,EigenDecompositionImpl.java,204,this.splitTolerance = splitTolerance;
S498,EigenDecompositionImpl.java,205,decompose();
S499,EigenDecompositionImpl.java,215,final int rows    = matrix.getRowDimension();
S500,EigenDecompositionImpl.java,216,final int columns = matrix.getColumnDimension();
S501,EigenDecompositionImpl.java,217,final double eps  = 10 * rows * columns * MathUtils.EPSILON;
S502,EigenDecompositionImpl.java,218,for (int i = 0; i < rows; ++i) {
S503,EigenDecompositionImpl.java,219,for (int j = i + 1; j < columns; ++j) {
S504,EigenDecompositionImpl.java,220,"final double mij = matrix.getEntry(i, j);"
S505,EigenDecompositionImpl.java,221,"final double mji = matrix.getEntry(j, i);"
S506,EigenDecompositionImpl.java,222,"if (Math.abs(mij - mji) > (Math.max(Math.abs(mij), Math.abs(mji)) * eps)) {"
S507,EigenDecompositionImpl.java,227,return true;
S508,EigenDecompositionImpl.java,237,cachedV  = null;
S509,EigenDecompositionImpl.java,238,cachedD  = null;
S510,EigenDecompositionImpl.java,239,cachedVt = null;
S511,EigenDecompositionImpl.java,240,work     = new double[6 * main.length];
S512,EigenDecompositionImpl.java,243,computeGershgorinCircles();
S513,EigenDecompositionImpl.java,246,findEigenvalues();
S514,EigenDecompositionImpl.java,249,eigenvectors = null;
S515,EigenDecompositionImpl.java,257,if (cachedV == null) {
S516,EigenDecompositionImpl.java,259,if (eigenvectors == null) {
S517,EigenDecompositionImpl.java,260,findEigenVectors();
S518,EigenDecompositionImpl.java,263,final int m = eigenvectors.length;
S519,EigenDecompositionImpl.java,264,"cachedV = MatrixUtils.createRealMatrix(m, m);"
S520,EigenDecompositionImpl.java,265,for (int k = 0; k < m; ++k) {
S521,EigenDecompositionImpl.java,266,"cachedV.setColumnVector(k, eigenvectors[k]);"
S522,EigenDecompositionImpl.java,272,return cachedV;
S523,EigenDecompositionImpl.java,279,if (cachedD == null) {
S524,EigenDecompositionImpl.java,281,cachedD = MatrixUtils.createRealDiagonalMatrix(realEigenvalues);
S525,EigenDecompositionImpl.java,283,return cachedD;
S526,EigenDecompositionImpl.java,290,if (cachedVt == null) {
S527,EigenDecompositionImpl.java,292,if (eigenvectors == null) {
S528,EigenDecompositionImpl.java,296,final int m = eigenvectors.length;
S529,EigenDecompositionImpl.java,297,"cachedVt = MatrixUtils.createRealMatrix(m, m);"
S530,EigenDecompositionImpl.java,298,for (int k = 0; k < m; ++k) {
S531,EigenDecompositionImpl.java,299,"cachedVt.setRowVector(k, eigenvectors[k]);"
S532,EigenDecompositionImpl.java,305,return cachedVt;
S533,EigenDecompositionImpl.java,312,return realEigenvalues.clone();
S534,EigenDecompositionImpl.java,318,return realEigenvalues[i];
S535,EigenDecompositionImpl.java,336,if (eigenvectors == null) {
S536,EigenDecompositionImpl.java,337,findEigenVectors();
S537,EigenDecompositionImpl.java,339,return eigenvectors[i].copy();
S538,EigenDecompositionImpl.java,356,if (eigenvectors == null) {
S539,EigenDecompositionImpl.java,357,findEigenVectors();
S540,EigenDecompositionImpl.java,359,"return new Solver(realEigenvalues, imagEigenvalues, eigenvectors);"
S541,EigenDecompositionImpl.java,363,private static class Solver implements DecompositionSolver {
S542,EigenDecompositionImpl.java,381,final ArrayRealVector[] eigenvectors) {
S543,EigenDecompositionImpl.java,382,this.realEigenvalues = realEigenvalues;
S544,EigenDecompositionImpl.java,383,this.imagEigenvalues = imagEigenvalues;
S545,EigenDecompositionImpl.java,384,this.eigenvectors    = eigenvectors;
S546,EigenDecompositionImpl.java,398,if (!isNonSingular()) {
S547,EigenDecompositionImpl.java,402,final int m = realEigenvalues.length;
S548,EigenDecompositionImpl.java,403,if (b.length != m) {
S549,EigenDecompositionImpl.java,404,throw MathRuntimeException.createIllegalArgumentException(
S550,EigenDecompositionImpl.java,409,final double[] bp = new double[m];
S551,EigenDecompositionImpl.java,410,for (int i = 0; i < m; ++i) {
S552,EigenDecompositionImpl.java,411,final ArrayRealVector v = eigenvectors[i];
S553,EigenDecompositionImpl.java,412,final double[] vData = v.getDataRef();
S554,EigenDecompositionImpl.java,413,final double s = v.dotProduct(b) / realEigenvalues[i];
S555,EigenDecompositionImpl.java,414,for (int j = 0; j < m; ++j) {
S556,EigenDecompositionImpl.java,415,bp[j] += s * vData[j];
S557,EigenDecompositionImpl.java,419,return bp;
S558,EigenDecompositionImpl.java,434,if (!isNonSingular()) {
S559,EigenDecompositionImpl.java,438,final int m = realEigenvalues.length;
S560,EigenDecompositionImpl.java,439,if (b.getDimension() != m) {
S561,EigenDecompositionImpl.java,440,throw MathRuntimeException.createIllegalArgumentException(
S562,EigenDecompositionImpl.java,445,final double[] bp = new double[m];
S563,EigenDecompositionImpl.java,446,for (int i = 0; i < m; ++i) {
S564,EigenDecompositionImpl.java,447,final ArrayRealVector v = eigenvectors[i];
S565,EigenDecompositionImpl.java,448,final double[] vData = v.getDataRef();
S566,EigenDecompositionImpl.java,449,final double s = v.dotProduct(b) / realEigenvalues[i];
S567,EigenDecompositionImpl.java,450,for (int j = 0; j < m; ++j) {
S568,EigenDecompositionImpl.java,451,bp[j] += s * vData[j];
S569,EigenDecompositionImpl.java,455,"return new ArrayRealVector(bp, false);"
S570,EigenDecompositionImpl.java,470,if (!isNonSingular()) {
S571,EigenDecompositionImpl.java,474,final int m = realEigenvalues.length;
S572,EigenDecompositionImpl.java,475,if (b.getRowDimension() != m) {
S573,EigenDecompositionImpl.java,476,throw MathRuntimeException.createIllegalArgumentException(
S574,EigenDecompositionImpl.java,481,final int nColB = b.getColumnDimension();
S575,EigenDecompositionImpl.java,482,final double[][] bp = new double[m][nColB];
S576,EigenDecompositionImpl.java,483,for (int k = 0; k < nColB; ++k) {
S577,EigenDecompositionImpl.java,484,for (int i = 0; i < m; ++i) {
S578,EigenDecompositionImpl.java,485,final ArrayRealVector v = eigenvectors[i];
S579,EigenDecompositionImpl.java,486,final double[] vData = v.getDataRef();
S580,EigenDecompositionImpl.java,487,double s = 0;
S581,EigenDecompositionImpl.java,488,for (int j = 0; j < m; ++j) {
S582,EigenDecompositionImpl.java,489,"s += v.getEntry(j) * b.getEntry(j, k);"
S583,EigenDecompositionImpl.java,491,s /= realEigenvalues[i];
S584,EigenDecompositionImpl.java,492,for (int j = 0; j < m; ++j) {
S585,EigenDecompositionImpl.java,493,bp[j][k] += s * vData[j];
S586,EigenDecompositionImpl.java,498,return MatrixUtils.createRealMatrix(bp);
S587,EigenDecompositionImpl.java,507,for (int i = 0; i < realEigenvalues.length; ++i) {
S588,EigenDecompositionImpl.java,508,if ((realEigenvalues[i] == 0) && (imagEigenvalues[i] == 0)) {
S589,EigenDecompositionImpl.java,509,return false;
S590,EigenDecompositionImpl.java,512,return true;
S591,EigenDecompositionImpl.java,522,if (!isNonSingular()) {
S592,EigenDecompositionImpl.java,523,throw new SingularMatrixException();
S593,EigenDecompositionImpl.java,526,final int m = realEigenvalues.length;
S594,EigenDecompositionImpl.java,527,final double[][] invData = new double[m][m];
S595,EigenDecompositionImpl.java,529,for (int i = 0; i < m; ++i) {
S596,EigenDecompositionImpl.java,530,final double[] invI = invData[i];
S597,EigenDecompositionImpl.java,531,for (int j = 0; j < m; ++j) {
S598,EigenDecompositionImpl.java,532,double invIJ = 0;
S599,EigenDecompositionImpl.java,533,for (int k = 0; k < m; ++k) {
S600,EigenDecompositionImpl.java,534,final double[] vK = eigenvectors[k].getDataRef();
S601,EigenDecompositionImpl.java,535,invIJ += vK[i] * vK[j] / realEigenvalues[k];
S602,EigenDecompositionImpl.java,537,invI[j] = invIJ;
S603,EigenDecompositionImpl.java,540,return MatrixUtils.createRealMatrix(invData);
S604,EigenDecompositionImpl.java,553,transformer = new TriDiagonalTransformer(matrix);
S605,EigenDecompositionImpl.java,554,main      = transformer.getMainDiagonalRef();
S606,EigenDecompositionImpl.java,555,secondary = transformer.getSecondaryDiagonalRef();
S607,EigenDecompositionImpl.java,558,squaredSecondary = new double[secondary.length];
S608,EigenDecompositionImpl.java,559,for (int i = 0; i < squaredSecondary.length; ++i) {
S609,EigenDecompositionImpl.java,560,final double s = secondary[i];
S610,EigenDecompositionImpl.java,561,squaredSecondary[i] = s * s;
S611,EigenDecompositionImpl.java,571,final int m     = main.length;
S612,EigenDecompositionImpl.java,572,final int lowerStart = 4 * m;
S613,EigenDecompositionImpl.java,573,final int upperStart = 5 * m;
S614,EigenDecompositionImpl.java,574,lowerSpectra = Double.POSITIVE_INFINITY;
S615,EigenDecompositionImpl.java,575,upperSpectra = Double.NEGATIVE_INFINITY;
S616,EigenDecompositionImpl.java,576,double eMax = 0;
S617,EigenDecompositionImpl.java,578,double eCurrent = 0;
S618,EigenDecompositionImpl.java,579,for (int i = 0; i < m - 1; ++i) {
S619,EigenDecompositionImpl.java,581,final double dCurrent = main[i];
S620,EigenDecompositionImpl.java,582,final double ePrevious = eCurrent;
S621,EigenDecompositionImpl.java,583,eCurrent = Math.abs(secondary[i]);
S622,EigenDecompositionImpl.java,584,"eMax = Math.max(eMax, eCurrent);"
S623,EigenDecompositionImpl.java,585,final double radius = ePrevious + eCurrent;
S624,EigenDecompositionImpl.java,587,final double lower = dCurrent - radius;
S625,EigenDecompositionImpl.java,588,work[lowerStart + i] = lower;
S626,EigenDecompositionImpl.java,589,"lowerSpectra = Math.min(lowerSpectra, lower);"
S627,EigenDecompositionImpl.java,591,final double upper = dCurrent + radius;
S628,EigenDecompositionImpl.java,592,work[upperStart + i] = upper;
S629,EigenDecompositionImpl.java,593,"upperSpectra = Math.max(upperSpectra, upper);"
S630,EigenDecompositionImpl.java,597,final double dCurrent = main[m - 1];
S631,EigenDecompositionImpl.java,598,final double lower = dCurrent - eCurrent;
S632,EigenDecompositionImpl.java,599,work[lowerStart + m - 1] = lower;
S633,EigenDecompositionImpl.java,600,"lowerSpectra = Math.min(lowerSpectra, lower);"
S634,EigenDecompositionImpl.java,601,final double upper = dCurrent + eCurrent;
S635,EigenDecompositionImpl.java,602,work[upperStart + m - 1] = upper;
S636,EigenDecompositionImpl.java,603,"minPivot = MathUtils.SAFE_MIN * Math.max(1.0, eMax * eMax);"
S637,EigenDecompositionImpl.java,615,List<Integer> splitIndices = computeSplits();
S638,EigenDecompositionImpl.java,618,realEigenvalues = new double[main.length];
S639,EigenDecompositionImpl.java,619,imagEigenvalues = new double[main.length];
S640,EigenDecompositionImpl.java,620,int begin = 0;
S641,EigenDecompositionImpl.java,621,for (final int end : splitIndices) {
S642,EigenDecompositionImpl.java,622,final int n = end - begin;
S643,EigenDecompositionImpl.java,623,switch (n) {
S644,EigenDecompositionImpl.java,627,process1RowBlock(begin);
S645,EigenDecompositionImpl.java,628,break;
S646,EigenDecompositionImpl.java,632,process2RowsBlock(begin);
S647,EigenDecompositionImpl.java,633,break;
S648,EigenDecompositionImpl.java,637,process3RowsBlock(begin);
S649,EigenDecompositionImpl.java,638,break;
S650,EigenDecompositionImpl.java,643,"final double[] range       = eigenvaluesRange(begin, n);"
S651,EigenDecompositionImpl.java,644,final double oneFourth     = 0.25 * (3 * range[0] + range[1]);
S652,EigenDecompositionImpl.java,645,"final int oneFourthCount   = countEigenValues(oneFourth, begin, n);"
S653,EigenDecompositionImpl.java,646,final double threeFourth   = 0.25 * (range[0] + 3 * range[1]);
S654,EigenDecompositionImpl.java,647,"final int threeFourthCount = countEigenValues(threeFourth, begin, n);"
S655,EigenDecompositionImpl.java,648,final boolean chooseLeft   = (oneFourthCount - 1) >= (n - threeFourthCount);
S656,EigenDecompositionImpl.java,649,final double lambda        = chooseLeft ? range[0] : range[1];
S657,EigenDecompositionImpl.java,651,tau = (range[1] - range[0]) * MathUtils.EPSILON * n + 2 * minPivot;
S658,EigenDecompositionImpl.java,654,"ldlTDecomposition(lambda, begin, n);"
S659,EigenDecompositionImpl.java,657,processGeneralBlock(n);
S660,EigenDecompositionImpl.java,660,if (chooseLeft) {
S661,EigenDecompositionImpl.java,661,for (int i = 0; i < n; ++i) {
S662,EigenDecompositionImpl.java,662,realEigenvalues[begin + i] = lambda + work[4 * i];
S663,EigenDecompositionImpl.java,665,for (int i = 0; i < n; ++i) {
S664,EigenDecompositionImpl.java,666,realEigenvalues[begin + i] = lambda - work[4 * i];
S665,EigenDecompositionImpl.java,671,begin = end;
S666,EigenDecompositionImpl.java,675,Arrays.sort(realEigenvalues);
S667,EigenDecompositionImpl.java,676,int j = realEigenvalues.length - 1;
S668,EigenDecompositionImpl.java,677,for (int i = 0; i < j; ++i) {
S669,EigenDecompositionImpl.java,678,final double tmp = realEigenvalues[i];
S670,EigenDecompositionImpl.java,679,realEigenvalues[i] = realEigenvalues[j];
S671,EigenDecompositionImpl.java,680,realEigenvalues[j] = tmp;
S672,EigenDecompositionImpl.java,681,--j;
S673,EigenDecompositionImpl.java,692,final List<Integer> list = new ArrayList<Integer>();
S674,EigenDecompositionImpl.java,695,double absDCurrent = Math.abs(main[0]);
S675,EigenDecompositionImpl.java,696,for (int i = 0; i < secondary.length; ++i) {
S676,EigenDecompositionImpl.java,697,final double absDPrevious = absDCurrent;
S677,EigenDecompositionImpl.java,698,absDCurrent = Math.abs(main[i + 1]);
S678,EigenDecompositionImpl.java,699,final double max = splitTolerance * Math.sqrt(absDPrevious * absDCurrent);
S679,EigenDecompositionImpl.java,700,if (Math.abs(secondary[i]) <= max) {
S680,EigenDecompositionImpl.java,701,list.add(i + 1);
S681,EigenDecompositionImpl.java,702,secondary[i] = 0;
S682,EigenDecompositionImpl.java,703,squaredSecondary[i] = 0;
S683,EigenDecompositionImpl.java,707,list.add(secondary.length + 1);
S684,EigenDecompositionImpl.java,708,return list;
S685,EigenDecompositionImpl.java,718,realEigenvalues[index] = main[index];
S686,EigenDecompositionImpl.java,732,final double q0   = main[index];
S687,EigenDecompositionImpl.java,733,final double q1   = main[index + 1];
S688,EigenDecompositionImpl.java,734,final double e12  = squaredSecondary[index];
S689,EigenDecompositionImpl.java,736,final double s     = q0 + q1;
S690,EigenDecompositionImpl.java,737,final double p     = q0 * q1 - e12;
S691,EigenDecompositionImpl.java,738,final double delta = s * s - 4 * p;
S692,EigenDecompositionImpl.java,739,if (delta < 0) {
S693,EigenDecompositionImpl.java,743,final double largestRoot = 0.5 * (s + Math.sqrt(delta));
S694,EigenDecompositionImpl.java,744,realEigenvalues[index]     = largestRoot;
S695,EigenDecompositionImpl.java,745,realEigenvalues[index + 1] = p / largestRoot;
S696,EigenDecompositionImpl.java,760,final double q0       = main[index];
S697,EigenDecompositionImpl.java,761,final double q1       = main[index + 1];
S698,EigenDecompositionImpl.java,762,final double q2       = main[index + 2];
S699,EigenDecompositionImpl.java,763,final double e12      = squaredSecondary[index];
S700,EigenDecompositionImpl.java,764,final double q1q2Me22 = q1 * q2 - squaredSecondary[index + 1];
S701,EigenDecompositionImpl.java,767,final double b        = -(q0 + q1 + q2);
S702,EigenDecompositionImpl.java,768,final double c        = q0 * q1 + q0 * q2 + q1q2Me22 - e12;
S703,EigenDecompositionImpl.java,769,final double d        = q2 * e12 - q0 * q1q2Me22;
S704,EigenDecompositionImpl.java,772,final double b2       = b * b;
S705,EigenDecompositionImpl.java,773,final double q        = (3 * c - b2) / 9;
S706,EigenDecompositionImpl.java,774,final double r        = ((9 * c - 2 * b2) * b - 27 * d) / 54;
S707,EigenDecompositionImpl.java,775,final double delta    = q * q * q + r * r;
S708,EigenDecompositionImpl.java,776,if (delta >= 0) {
S709,EigenDecompositionImpl.java,782,final double sqrtMq = Math.sqrt(-q);
S710,EigenDecompositionImpl.java,783,final double theta  = Math.acos(r / (-q * sqrtMq));
S711,EigenDecompositionImpl.java,784,final double alpha  = 2 * sqrtMq;
S712,EigenDecompositionImpl.java,785,final double beta   = b / 3;
S713,EigenDecompositionImpl.java,787,double z0 = alpha * Math.cos(theta / 3) - beta;
S714,EigenDecompositionImpl.java,788,double z1 = alpha * Math.cos((theta + 2 * Math.PI) / 3) - beta;
S715,EigenDecompositionImpl.java,789,double z2 = alpha * Math.cos((theta + 4 * Math.PI) / 3) - beta;
S716,EigenDecompositionImpl.java,790,if (z0 < z1) {
S717,EigenDecompositionImpl.java,795,if (z1 < z2) {
S718,EigenDecompositionImpl.java,796,final double t = z1;
S719,EigenDecompositionImpl.java,797,z1 = z2;
S720,EigenDecompositionImpl.java,798,z2 = t;
S721,EigenDecompositionImpl.java,800,if (z0 < z1) {
S722,EigenDecompositionImpl.java,805,realEigenvalues[index]     = z0;
S723,EigenDecompositionImpl.java,806,realEigenvalues[index + 1] = z1;
S724,EigenDecompositionImpl.java,807,realEigenvalues[index + 2] = z2;
S725,EigenDecompositionImpl.java,826,double sumOffDiag = 0;
S726,EigenDecompositionImpl.java,827,for (int i = 0; i < n - 1; ++i) {
S727,EigenDecompositionImpl.java,828,final int fourI = 4 * i;
S728,EigenDecompositionImpl.java,829,final double ei = work[fourI + 2];
S729,EigenDecompositionImpl.java,830,sumOffDiag += ei;
S730,EigenDecompositionImpl.java,833,if (sumOffDiag == 0) {
S731,EigenDecompositionImpl.java,839,"flipIfWarranted(n, 2);"
S732,EigenDecompositionImpl.java,842,initialSplits(n);
S733,EigenDecompositionImpl.java,845,tType = 0;
S734,EigenDecompositionImpl.java,846,dMin1 = 0;
S735,EigenDecompositionImpl.java,847,dMin2 = 0;
S736,EigenDecompositionImpl.java,848,dN    = 0;
S737,EigenDecompositionImpl.java,849,dN1   = 0;
S738,EigenDecompositionImpl.java,850,dN2   = 0;
S739,EigenDecompositionImpl.java,851,tau   = 0;
S740,EigenDecompositionImpl.java,854,int i0 = 0;
S741,EigenDecompositionImpl.java,855,int n0 = n;
S742,EigenDecompositionImpl.java,856,while (n0 > 0) {
S743,EigenDecompositionImpl.java,859,sigma    = (n0 == n) ? 0 : -work[4 * n0 - 2];
S744,EigenDecompositionImpl.java,860,sigmaLow = 0;
S745,EigenDecompositionImpl.java,863,double offDiagMin = (i0 == n0) ? 0 : work[4 * n0 - 6];
S746,EigenDecompositionImpl.java,864,double offDiagMax = 0;
S747,EigenDecompositionImpl.java,865,double diagMax    = work[4 * n0 - 4];
S748,EigenDecompositionImpl.java,866,double diagMin    = diagMax;
S749,EigenDecompositionImpl.java,867,i0 = 0;
S750,EigenDecompositionImpl.java,868,for (int i = 4 * (n0 - 2); i >= 0; i -= 4) {
S751,EigenDecompositionImpl.java,869,if (work[i + 2] <= 0) {
S752,EigenDecompositionImpl.java,873,if (diagMin >= 4 * offDiagMax) {
S753,EigenDecompositionImpl.java,874,"diagMin    = Math.min(diagMin, work[i + 4]);"
S754,EigenDecompositionImpl.java,875,"offDiagMax = Math.max(offDiagMax, work[i + 2]);"
S755,EigenDecompositionImpl.java,877,"diagMax    = Math.max(diagMax, work[i] + work[i + 2]);"
S756,EigenDecompositionImpl.java,878,"offDiagMin = Math.min(offDiagMin, work[i + 2]);"
S757,EigenDecompositionImpl.java,880,work[4 * n0 - 2] = offDiagMin;
S758,EigenDecompositionImpl.java,883,"dMin = -Math.max(0, diagMin - 2 * Math.sqrt(diagMin * offDiagMax));"
S759,EigenDecompositionImpl.java,885,pingPong = 0;
S760,EigenDecompositionImpl.java,886,int maxIter = 30 * (n0 - i0);
S761,EigenDecompositionImpl.java,887,for (int k = 0; i0 < n0; ++k) {
S762,EigenDecompositionImpl.java,888,if (k >= maxIter) {
S763,EigenDecompositionImpl.java,893,"n0 = goodStep(i0, n0);"
S764,EigenDecompositionImpl.java,894,pingPong = 1 - pingPong;
S765,EigenDecompositionImpl.java,898,if ((pingPong == 0) && (n0 - i0 > 3) &&
S766,EigenDecompositionImpl.java,901,int split  = i0 - 1;
S767,EigenDecompositionImpl.java,902,diagMax    = work[4 * i0];
S768,EigenDecompositionImpl.java,903,offDiagMin = work[4 * i0 + 2];
S769,EigenDecompositionImpl.java,904,double previousEMin = work[4 * i0 + 3];
S770,EigenDecompositionImpl.java,905,for (int i = 4 * i0; i < 4 * n0 - 11; i += 4) {
S771,EigenDecompositionImpl.java,906,if ((work[i + 3] <= TOLERANCE_2 * work[i]) &&
S772,EigenDecompositionImpl.java,909,work[i + 2]  = -sigma;
S773,EigenDecompositionImpl.java,910,split        = i / 4;
S774,EigenDecompositionImpl.java,911,diagMax      = 0;
S775,EigenDecompositionImpl.java,912,offDiagMin   = work[i + 6];
S776,EigenDecompositionImpl.java,913,previousEMin = work[i + 7];
S777,EigenDecompositionImpl.java,915,"diagMax      = Math.max(diagMax, work[i + 4]);"
S778,EigenDecompositionImpl.java,916,"offDiagMin   = Math.min(offDiagMin, work[i + 2]);"
S779,EigenDecompositionImpl.java,917,"previousEMin = Math.min(previousEMin, work[i + 3]);"
S780,EigenDecompositionImpl.java,920,work[4 * n0 - 2] = offDiagMin;
S781,EigenDecompositionImpl.java,921,work[4 * n0 - 1] = previousEMin;
S782,EigenDecompositionImpl.java,922,i0 = split + 1;
S783,EigenDecompositionImpl.java,936,pingPong = 0;
S784,EigenDecompositionImpl.java,937,for (int k = 0; k < 2; ++k) {
S785,EigenDecompositionImpl.java,940,double d = work[4 * (n - 1) + pingPong];
S786,EigenDecompositionImpl.java,941,for (int i = 4 * (n - 2) + pingPong; i >= 0; i -= 4) {
S787,EigenDecompositionImpl.java,942,if (work[i + 2] <= TOLERANCE_2 * d) {
S788,EigenDecompositionImpl.java,946,d *= work[i] / (d + work[i + 2]);
S789,EigenDecompositionImpl.java,951,d = work[pingPong];
S790,EigenDecompositionImpl.java,952,for (int i = 2 + pingPong; i < 4 * n - 2; i += 4) {
S791,EigenDecompositionImpl.java,953,final int j = i - 2 * pingPong - 1;
S792,EigenDecompositionImpl.java,954,work[j] = d + work[i];
S793,EigenDecompositionImpl.java,955,if (work[i] <= TOLERANCE_2 * d) {
S794,EigenDecompositionImpl.java,960,} else if ((MathUtils.SAFE_MIN * work[i + 2] < work[j]) &&
S795,EigenDecompositionImpl.java,962,final double tmp = work[i + 2] / work[j];
S796,EigenDecompositionImpl.java,963,work[j + 2] = work[i] * tmp;
S797,EigenDecompositionImpl.java,964,d *= tmp;
S798,EigenDecompositionImpl.java,965,} else {
S799,EigenDecompositionImpl.java,970,work[4 * n - 3 - pingPong] = d;
S800,EigenDecompositionImpl.java,973,pingPong = 1 - pingPong;
S801,EigenDecompositionImpl.java,992,g = 0.0;
S802,EigenDecompositionImpl.java,995,int deflatedEnd = end;
S803,EigenDecompositionImpl.java,996,for (boolean deflating = true; deflating;) {
S804,EigenDecompositionImpl.java,998,if (start >= deflatedEnd) {
S805,EigenDecompositionImpl.java,1000,return deflatedEnd;
S806,EigenDecompositionImpl.java,1003,final int k = 4 * deflatedEnd + pingPong - 1;
S807,EigenDecompositionImpl.java,1005,if ((start == deflatedEnd - 1) ||
S808,EigenDecompositionImpl.java,1011,work[4 * deflatedEnd - 4] = sigma + work[4 * deflatedEnd - 4 + pingPong];
S809,EigenDecompositionImpl.java,1012,deflatedEnd -= 1;
S810,EigenDecompositionImpl.java,1014,} else if ((start == deflatedEnd - 2) ||
S811,EigenDecompositionImpl.java,1019,if (work[k - 3] > work[k - 7]) {
S812,EigenDecompositionImpl.java,1025,if (work[k - 5] > TOLERANCE_2 * work[k - 3]) {
S813,EigenDecompositionImpl.java,1026,double t = 0.5 * ((work[k - 7] - work[k - 3]) + work[k - 5]);
S814,EigenDecompositionImpl.java,1027,double s = work[k - 3] * (work[k - 5] / t);
S815,EigenDecompositionImpl.java,1028,if (s <= t) {
S816,EigenDecompositionImpl.java,1029,s = work[k - 3] * work[k - 5] / (t * (1 + Math.sqrt(1 + s / t)));
S817,EigenDecompositionImpl.java,1031,s = work[k - 3] * work[k - 5] / (t + Math.sqrt(t * (t + s)));
S818,EigenDecompositionImpl.java,1033,t = work[k - 7] + (s + work[k - 5]);
S819,EigenDecompositionImpl.java,1034,work[k - 3] *= work[k - 7] / t;
S820,EigenDecompositionImpl.java,1035,work[k - 7]  = t;
S821,EigenDecompositionImpl.java,1037,work[4 * deflatedEnd - 8] = sigma + work[k - 7];
S822,EigenDecompositionImpl.java,1038,work[4 * deflatedEnd - 4] = sigma + work[k - 3];
S823,EigenDecompositionImpl.java,1039,deflatedEnd -= 2;
S824,EigenDecompositionImpl.java,1043,deflating = false;
S825,EigenDecompositionImpl.java,1049,final int l = 4 * deflatedEnd + pingPong - 1;
S826,EigenDecompositionImpl.java,1052,if ((dMin <= 0) || (deflatedEnd < end)) {
S827,EigenDecompositionImpl.java,1053,"if (flipIfWarranted(deflatedEnd, 1)) {"
S828,EigenDecompositionImpl.java,1066,if ((dMin < 0) ||
S829,EigenDecompositionImpl.java,1071,"computeShiftIncrement(start, deflatedEnd, end - deflatedEnd);"
S830,EigenDecompositionImpl.java,1074,for (boolean loop = true; loop;) {
S831,EigenDecompositionImpl.java,1077,"dqds(start, deflatedEnd);"
S832,EigenDecompositionImpl.java,1080,if ((dMin >= 0) && (dMin1 > 0)) {
S833,EigenDecompositionImpl.java,1082,updateSigma(tau);
S834,EigenDecompositionImpl.java,1083,return deflatedEnd;
S835,EigenDecompositionImpl.java,1084,} else if ((dMin < 0.0) &&
S836,EigenDecompositionImpl.java,1089,work[4 * deflatedEnd - 3 - pingPong] = 0.0;
S837,EigenDecompositionImpl.java,1090,dMin = 0.0;
S838,EigenDecompositionImpl.java,1091,updateSigma(tau);
S839,EigenDecompositionImpl.java,1092,return deflatedEnd;
S840,EigenDecompositionImpl.java,1093,} else if (dMin < 0.0) {
S841,EigenDecompositionImpl.java,1095,if (tType < -22) {
S842,EigenDecompositionImpl.java,1097,tau = 0.0;
S843,EigenDecompositionImpl.java,1098,} else if (dMin1 > 0.0) {
S844,EigenDecompositionImpl.java,1100,tau = (tau + dMin) * (1.0 - 2.0 * MathUtils.EPSILON);
S845,EigenDecompositionImpl.java,1101,tType -= 11;
S846,EigenDecompositionImpl.java,1104,tau *= 0.25;
S847,EigenDecompositionImpl.java,1105,tType -= 12;
S848,EigenDecompositionImpl.java,1118,"dqd(start, deflatedEnd);"
S849,EigenDecompositionImpl.java,1120,return deflatedEnd;
S850,EigenDecompositionImpl.java,1132,if (1.5 * work[pingPong] < work[4 * (n - 1) + pingPong]) {
S851,EigenDecompositionImpl.java,1145,return false;
S852,EigenDecompositionImpl.java,1157,final int lowerStart = 4 * main.length;
S853,EigenDecompositionImpl.java,1158,final int upperStart = 5 * main.length;
S854,EigenDecompositionImpl.java,1159,double lower = Double.POSITIVE_INFINITY;
S855,EigenDecompositionImpl.java,1160,double upper = Double.NEGATIVE_INFINITY;
S856,EigenDecompositionImpl.java,1161,for (int i = 0; i < n; ++i) {
S857,EigenDecompositionImpl.java,1162,"lower = Math.min(lower, work[lowerStart + index +i]);"
S858,EigenDecompositionImpl.java,1163,"upper = Math.max(upper, work[upperStart + index +i]);"
S859,EigenDecompositionImpl.java,1167,"final double tNorm = Math.max(Math.abs(lower), Math.abs(upper));"
S860,EigenDecompositionImpl.java,1168,final double relativeTolerance = Math.sqrt(MathUtils.EPSILON);
S861,EigenDecompositionImpl.java,1169,final double absoluteTolerance = 4 * minPivot;
S862,EigenDecompositionImpl.java,1170,final int maxIter =
S863,EigenDecompositionImpl.java,1172,final double margin = 2 * (tNorm * MathUtils.EPSILON * n + 2 * minPivot);
S864,EigenDecompositionImpl.java,1175,double left  = lower - margin;
S865,EigenDecompositionImpl.java,1176,double right = upper + margin;
S866,EigenDecompositionImpl.java,1177,for (int i = 0; i < maxIter; ++i) {
S867,EigenDecompositionImpl.java,1179,final double range = right - left;
S868,EigenDecompositionImpl.java,1180,if ((range < absoluteTolerance) ||
S869,EigenDecompositionImpl.java,1183,break;
S870,EigenDecompositionImpl.java,1186,final double middle = 0.5 * (left + right);
S871,EigenDecompositionImpl.java,1187,"if (countEigenValues(middle, index, n) >= 1) {"
S872,EigenDecompositionImpl.java,1188,right = middle;
S873,EigenDecompositionImpl.java,1190,left = middle;
S874,EigenDecompositionImpl.java,1194,"lower = Math.max(lower, left - 100 * MathUtils.EPSILON * Math.abs(left));"
S875,EigenDecompositionImpl.java,1197,left  = lower - margin;
S876,EigenDecompositionImpl.java,1198,right = upper + margin;
S877,EigenDecompositionImpl.java,1199,for (int i = 0; i < maxIter; ++i) {
S878,EigenDecompositionImpl.java,1201,final double range = right - left;
S879,EigenDecompositionImpl.java,1202,if ((range < absoluteTolerance) ||
S880,EigenDecompositionImpl.java,1205,break;
S881,EigenDecompositionImpl.java,1208,final double middle = 0.5 * (left + right);
S882,EigenDecompositionImpl.java,1209,"if (countEigenValues(middle, index, n) >= n) {"
S883,EigenDecompositionImpl.java,1210,right = middle;
S884,EigenDecompositionImpl.java,1212,left = middle;
S885,EigenDecompositionImpl.java,1216,"upper = Math.min(upper, right + 100 * MathUtils.EPSILON * Math.abs(right));"
S886,EigenDecompositionImpl.java,1218,"return new double[] { lower, upper };"
S887,EigenDecompositionImpl.java,1230,double ratio = main[index] - t;
S888,EigenDecompositionImpl.java,1231,int count = (ratio > 0) ? 0 : 1;
S889,EigenDecompositionImpl.java,1232,for (int i = 1; i < n; ++i) {
S890,EigenDecompositionImpl.java,1233,ratio = main[index + i] - squaredSecondary[index + i - 1] / ratio - t;
S891,EigenDecompositionImpl.java,1234,if (ratio <= 0) {
S892,EigenDecompositionImpl.java,1235,++count;
S893,EigenDecompositionImpl.java,1238,return count;
S894,EigenDecompositionImpl.java,1253,double di = main[index] - lambda;
S895,EigenDecompositionImpl.java,1254,work[0] = Math.abs(di);
S896,EigenDecompositionImpl.java,1255,for (int i = 1; i < n; ++i) {
S897,EigenDecompositionImpl.java,1256,final int    fourI = 4 * i;
S898,EigenDecompositionImpl.java,1257,final double eiM1  = secondary[index + i - 1];
S899,EigenDecompositionImpl.java,1258,final double ratio = eiM1 / di;
S900,EigenDecompositionImpl.java,1259,work[fourI - 2] = ratio * ratio * Math.abs(di);
S901,EigenDecompositionImpl.java,1260,di = (main[index + i] - lambda) - eiM1 * ratio;
S902,EigenDecompositionImpl.java,1261,work[fourI] = Math.abs(di);
S903,EigenDecompositionImpl.java,1273,eMin = work[4 * start + pingPong + 4];
S904,EigenDecompositionImpl.java,1274,double d = work[4 * start + pingPong] - tau;
S905,EigenDecompositionImpl.java,1275,dMin = d;
S906,EigenDecompositionImpl.java,1276,dMin1 = -work[4 * start + pingPong];
S907,EigenDecompositionImpl.java,1278,if (pingPong == 0) {
S908,EigenDecompositionImpl.java,1279,for (int j4 = 4 * start + 3; j4 <= 4 * (end - 3); j4 += 4) {
S909,EigenDecompositionImpl.java,1280,work[j4 - 2] = d + work[j4 - 1];
S910,EigenDecompositionImpl.java,1281,final double tmp = work[j4 + 1] / work[j4 - 2];
S911,EigenDecompositionImpl.java,1282,d = d * tmp - tau;
S912,EigenDecompositionImpl.java,1283,"dMin = Math.min(dMin, d);"
S913,EigenDecompositionImpl.java,1284,work[j4] = work[j4 - 1] * tmp;
S914,EigenDecompositionImpl.java,1285,"eMin = Math.min(work[j4], eMin);"
S915,EigenDecompositionImpl.java,1288,for (int j4 = 4 * start + 3; j4 <= 4 * (end - 3); j4 += 4) {
S916,EigenDecompositionImpl.java,1289,work[j4 - 3] = d + work[j4];
S917,EigenDecompositionImpl.java,1290,final double tmp = work[j4 + 2] / work[j4 - 3];
S918,EigenDecompositionImpl.java,1291,d = d * tmp - tau;
S919,EigenDecompositionImpl.java,1292,"dMin = Math.min(dMin, d);"
S920,EigenDecompositionImpl.java,1293,work[j4 - 1] = work[j4] * tmp;
S921,EigenDecompositionImpl.java,1294,"eMin = Math.min(work[j4 - 1], eMin);"
S922,EigenDecompositionImpl.java,1299,dN2 = d;
S923,EigenDecompositionImpl.java,1300,dMin2 = dMin;
S924,EigenDecompositionImpl.java,1301,int j4 = 4 * (end - 2) - pingPong - 1;
S925,EigenDecompositionImpl.java,1302,int j4p2 = j4 + 2 * pingPong - 1;
S926,EigenDecompositionImpl.java,1303,work[j4 - 2] = dN2 + work[j4p2];
S927,EigenDecompositionImpl.java,1304,work[j4] = work[j4p2 + 2] * (work[j4p2] / work[j4 - 2]);
S928,EigenDecompositionImpl.java,1305,dN1 = work[j4p2 + 2] * (dN2 / work[j4 - 2]) - tau;
S929,EigenDecompositionImpl.java,1306,"dMin = Math.min(dMin, dN1);"
S930,EigenDecompositionImpl.java,1308,dMin1 = dMin;
S931,EigenDecompositionImpl.java,1309,j4 = j4 + 4;
S932,EigenDecompositionImpl.java,1310,j4p2 = j4 + 2 * pingPong - 1;
S933,EigenDecompositionImpl.java,1311,work[j4 - 2] = dN1 + work[j4p2];
S934,EigenDecompositionImpl.java,1312,work[j4] = work[j4p2 + 2] * (work[j4p2] / work[j4 - 2]);
S935,EigenDecompositionImpl.java,1313,dN = work[j4p2 + 2] * (dN1 / work[j4 - 2]) - tau;
S936,EigenDecompositionImpl.java,1314,"dMin = Math.min(dMin, dN);"
S937,EigenDecompositionImpl.java,1316,work[j4 + 2] = dN;
S938,EigenDecompositionImpl.java,1317,work[4 * end - pingPong - 1] = eMin;
S939,EigenDecompositionImpl.java,1330,eMin = work[4 * start + pingPong + 4];
S940,EigenDecompositionImpl.java,1331,double d = work[4 * start + pingPong];
S941,EigenDecompositionImpl.java,1332,dMin = d;
S942,EigenDecompositionImpl.java,1334,if (pingPong == 0) {
S943,EigenDecompositionImpl.java,1335,for (int j4 = 4 * start + 3; j4 < 4 * (end - 3); j4 += 4) {
S944,EigenDecompositionImpl.java,1336,work[j4 - 2] = d + work[j4 - 1];
S945,EigenDecompositionImpl.java,1337,if (work[j4 - 2] == 0.0) {
S946,EigenDecompositionImpl.java,1342,} else if ((MathUtils.SAFE_MIN * work[j4 + 1] < work[j4 - 2]) &&
S947,EigenDecompositionImpl.java,1344,final double tmp = work[j4 + 1] / work[j4 - 2];
S948,EigenDecompositionImpl.java,1345,work[j4] = work[j4 - 1] * tmp;
S949,EigenDecompositionImpl.java,1346,d *= tmp;
S950,EigenDecompositionImpl.java,1347,} else {
S951,EigenDecompositionImpl.java,1351,"dMin = Math.min(dMin, d);"
S952,EigenDecompositionImpl.java,1352,"eMin = Math.min(eMin, work[j4]);"
S953,EigenDecompositionImpl.java,1355,for (int j4 = 4 * start + 3; j4 < 4 * (end - 3); j4 += 4) {
S954,EigenDecompositionImpl.java,1356,work[j4 - 3] = d + work[j4];
S955,EigenDecompositionImpl.java,1357,if (work[j4 - 3] == 0.0) {
S956,EigenDecompositionImpl.java,1362,} else if ((MathUtils.SAFE_MIN * work[j4 + 2] < work[j4 - 3]) &&
S957,EigenDecompositionImpl.java,1364,final double tmp = work[j4 + 2] / work[j4 - 3];
S958,EigenDecompositionImpl.java,1365,work[j4 - 1] = work[j4] * tmp;
S959,EigenDecompositionImpl.java,1366,d *= tmp;
S960,EigenDecompositionImpl.java,1367,} else {
S961,EigenDecompositionImpl.java,1371,"dMin = Math.min(dMin, d);"
S962,EigenDecompositionImpl.java,1372,"eMin = Math.min(eMin, work[j4 - 1]);"
S963,EigenDecompositionImpl.java,1377,dN2   = d;
S964,EigenDecompositionImpl.java,1378,dMin2 = dMin;
S965,EigenDecompositionImpl.java,1379,int j4 = 4 * (end - 2) - pingPong - 1;
S966,EigenDecompositionImpl.java,1380,int j4p2 = j4 + 2 * pingPong - 1;
S967,EigenDecompositionImpl.java,1381,work[j4 - 2] = dN2 + work[j4p2];
S968,EigenDecompositionImpl.java,1382,if (work[j4 - 2] == 0.0) {
S969,EigenDecompositionImpl.java,1387,} else if ((MathUtils.SAFE_MIN * work[j4p2 + 2] < work[j4 - 2]) &&
S970,EigenDecompositionImpl.java,1389,final double tmp = work[j4p2 + 2] / work[j4 - 2];
S971,EigenDecompositionImpl.java,1390,work[j4] = work[j4p2] * tmp;
S972,EigenDecompositionImpl.java,1391,dN1 = dN2 * tmp;
S973,EigenDecompositionImpl.java,1392,} else {
S974,EigenDecompositionImpl.java,1396,"dMin = Math.min(dMin, dN1);"
S975,EigenDecompositionImpl.java,1398,dMin1 = dMin;
S976,EigenDecompositionImpl.java,1399,j4 = j4 + 4;
S977,EigenDecompositionImpl.java,1400,j4p2 = j4 + 2 * pingPong - 1;
S978,EigenDecompositionImpl.java,1401,work[j4 - 2] = dN1 + work[j4p2];
S979,EigenDecompositionImpl.java,1402,if (work[j4 - 2] == 0.0) {
S980,EigenDecompositionImpl.java,1407,} else if ((MathUtils.SAFE_MIN * work[j4p2 + 2] < work[j4 - 2]) &&
S981,EigenDecompositionImpl.java,1409,final double tmp = work[j4p2 + 2] / work[j4 - 2];
S982,EigenDecompositionImpl.java,1410,work[j4] = work[j4p2] * tmp;
S983,EigenDecompositionImpl.java,1411,dN = dN1 * tmp;
S984,EigenDecompositionImpl.java,1412,} else {
S985,EigenDecompositionImpl.java,1416,"dMin = Math.min(dMin, dN);"
S986,EigenDecompositionImpl.java,1418,work[j4 + 2] = dN;
S987,EigenDecompositionImpl.java,1419,work[4 * end - pingPong - 1] = eMin;
S988,EigenDecompositionImpl.java,1432,final double cnst1 = 0.563;
S989,EigenDecompositionImpl.java,1433,final double cnst2 = 1.010;
S990,EigenDecompositionImpl.java,1434,final double cnst3 = 1.05;
S991,EigenDecompositionImpl.java,1438,if (dMin <= 0.0) {
S992,EigenDecompositionImpl.java,1439,tau = -dMin;
S993,EigenDecompositionImpl.java,1440,tType = -1;
S994,EigenDecompositionImpl.java,1441,return;
S995,EigenDecompositionImpl.java,1444,int nn = 4 * end + pingPong - 1;
S996,EigenDecompositionImpl.java,1445,switch (deflated) {
S997,EigenDecompositionImpl.java,1448,if (dMin == dN || dMin == dN1) {
S998,EigenDecompositionImpl.java,1450,double b1 = Math.sqrt(work[nn - 3]) * Math.sqrt(work[nn - 5]);
S999,EigenDecompositionImpl.java,1451,double b2 = Math.sqrt(work[nn - 7]) * Math.sqrt(work[nn - 9]);
S1000,EigenDecompositionImpl.java,1452,double a2 = work[nn - 7] + work[nn - 5];
S1001,EigenDecompositionImpl.java,1454,if (dMin == dN && dMin1 == dN1) {
S1002,EigenDecompositionImpl.java,1456,final double gap2 = dMin2 - a2 - dMin2 * 0.25;
S1003,EigenDecompositionImpl.java,1457,final double gap1 = a2 - dN - ((gap2 > 0.0 && gap2 > b2) ? (b2 / gap2) * b2 : (b1 + b2));
S1004,EigenDecompositionImpl.java,1458,if (gap1 > 0.0 && gap1 > b1) {
S1005,EigenDecompositionImpl.java,1459,"tau   = Math.max(dN - (b1 / gap1) * b1, 0.5 * dMin);"
S1006,EigenDecompositionImpl.java,1460,tType = -2;
S1007,EigenDecompositionImpl.java,1462,double s = 0.0;
S1008,EigenDecompositionImpl.java,1463,if (dN > b1) {
S1009,EigenDecompositionImpl.java,1464,s = dN - b1;
S1010,EigenDecompositionImpl.java,1466,if (a2 > (b1 + b2)) {
S1011,EigenDecompositionImpl.java,1467,"s = Math.min(s, a2 - (b1 + b2));"
S1012,EigenDecompositionImpl.java,1469,"tau   = Math.max(s, 0.333 * dMin);"
S1013,EigenDecompositionImpl.java,1470,tType = -3;
S1014,EigenDecompositionImpl.java,1472,} else {
S1015,EigenDecompositionImpl.java,1474,tType = -4;
S1016,EigenDecompositionImpl.java,1475,double s = 0.25 * dMin;
S1017,EigenDecompositionImpl.java,1478,if (dMin == dN) {
S1018,EigenDecompositionImpl.java,1479,gam = dN;
S1019,EigenDecompositionImpl.java,1480,a2 = 0.0;
S1020,EigenDecompositionImpl.java,1481,if (work[nn - 5]  >  work[nn - 7]) {
S1021,EigenDecompositionImpl.java,1484,b2 = work[nn - 5] / work[nn - 7];
S1022,EigenDecompositionImpl.java,1485,np = nn - 9;
S1023,EigenDecompositionImpl.java,1487,np = nn - 2 * pingPong;
S1024,EigenDecompositionImpl.java,1488,b2 = work[np - 2];
S1025,EigenDecompositionImpl.java,1489,gam = dN1;
S1026,EigenDecompositionImpl.java,1490,if (work[np - 4]  >  work[np - 2]) {
S1027,EigenDecompositionImpl.java,1493,a2 = work[np - 4] / work[np - 2];
S1028,EigenDecompositionImpl.java,1494,if (work[nn - 9]  >  work[nn - 11]) {
S1029,EigenDecompositionImpl.java,1497,b2 = work[nn - 9] / work[nn - 11];
S1030,EigenDecompositionImpl.java,1498,np = nn - 13;
S1031,EigenDecompositionImpl.java,1502,a2 = a2 + b2;
S1032,EigenDecompositionImpl.java,1503,for (int i4 = np; i4 >= 4 * start + 2 + pingPong; i4 -= 4) {
S1033,EigenDecompositionImpl.java,1504,if(b2 == 0.0) {
S1034,EigenDecompositionImpl.java,1507,b1 = b2;
S1035,EigenDecompositionImpl.java,1508,if (work[i4]  >  work[i4 - 2]) {
S1036,EigenDecompositionImpl.java,1509,return;
S1037,EigenDecompositionImpl.java,1511,b2 = b2 * (work[i4] / work[i4 - 2]);
S1038,EigenDecompositionImpl.java,1512,a2 = a2 + b2;
S1039,EigenDecompositionImpl.java,1513,"if (100 * Math.max(b2, b1) < a2 || cnst1 < a2) {"
S1040,EigenDecompositionImpl.java,1514,break;
S1041,EigenDecompositionImpl.java,1517,a2 = cnst3 * a2;
S1042,EigenDecompositionImpl.java,1520,if (a2 < cnst1) {
S1043,EigenDecompositionImpl.java,1521,s = gam * (1 - Math.sqrt(a2)) / (1 + a2);
S1044,EigenDecompositionImpl.java,1523,tau = s;
S1045,EigenDecompositionImpl.java,1526,} else if (dMin == dN2) {
S1046,EigenDecompositionImpl.java,1529,tType = -5;
S1047,EigenDecompositionImpl.java,1530,double s = 0.25 * dMin;
S1048,EigenDecompositionImpl.java,1533,final int np = nn - 2 * pingPong;
S1049,EigenDecompositionImpl.java,1534,double b1 = work[np - 2];
S1050,EigenDecompositionImpl.java,1535,double b2 = work[np - 6];
S1051,EigenDecompositionImpl.java,1536,final double gam = dN2;
S1052,EigenDecompositionImpl.java,1537,if (work[np - 8] > b2 || work[np - 4] > b1) {
S1053,EigenDecompositionImpl.java,1540,double a2 = (work[np - 8] / b2) * (1 + work[np - 4] / b1);
S1054,EigenDecompositionImpl.java,1543,if (end - start > 2) {
S1055,EigenDecompositionImpl.java,1544,b2 = work[nn - 13] / work[nn - 15];
S1056,EigenDecompositionImpl.java,1545,a2 = a2 + b2;
S1057,EigenDecompositionImpl.java,1546,for (int i4 = nn - 17; i4 >= 4 * start + 2 + pingPong; i4 -= 4) {
S1058,EigenDecompositionImpl.java,1547,if (b2 == 0.0) {
S1059,EigenDecompositionImpl.java,1550,b1 = b2;
S1060,EigenDecompositionImpl.java,1551,if (work[i4]  >  work[i4 - 2]) {
S1061,EigenDecompositionImpl.java,1552,return;
S1062,EigenDecompositionImpl.java,1554,b2 = b2 * (work[i4] / work[i4 - 2]);
S1063,EigenDecompositionImpl.java,1555,a2 = a2 + b2;
S1064,EigenDecompositionImpl.java,1556,"if (100 * Math.max(b2, b1) < a2 || cnst1 < a2)  {"
S1065,EigenDecompositionImpl.java,1557,break;
S1066,EigenDecompositionImpl.java,1560,a2 = cnst3 * a2;
S1067,EigenDecompositionImpl.java,1563,if (a2 < cnst1) {
S1068,EigenDecompositionImpl.java,1564,tau = gam * (1 - Math.sqrt(a2)) / (1 + a2);
S1069,EigenDecompositionImpl.java,1566,tau = s;
S1070,EigenDecompositionImpl.java,1569,} else {
S1071,EigenDecompositionImpl.java,1572,if (tType == -6) {
S1072,EigenDecompositionImpl.java,1573,g += 0.333 * (1 - g);
S1073,EigenDecompositionImpl.java,1574,} else if (tType == -18) {
S1074,EigenDecompositionImpl.java,1575,g = 0.25 * 0.333;
S1075,EigenDecompositionImpl.java,1577,g = 0.25;
S1076,EigenDecompositionImpl.java,1579,tau   = g * dMin;
S1077,EigenDecompositionImpl.java,1580,tType = -6;
S1078,EigenDecompositionImpl.java,1583,break;
S1079,EigenDecompositionImpl.java,1586,if (dMin1 == dN1 && dMin2 == dN2) {
S1080,EigenDecompositionImpl.java,1589,tType = -7;
S1081,EigenDecompositionImpl.java,1590,double s = 0.333 * dMin1;
S1082,EigenDecompositionImpl.java,1591,if (work[nn - 5] > work[nn - 7]) {
S1083,EigenDecompositionImpl.java,1594,double b1 = work[nn - 5] / work[nn - 7];
S1084,EigenDecompositionImpl.java,1595,double b2 = b1;
S1085,EigenDecompositionImpl.java,1596,if (b2 != 0.0) {
S1086,EigenDecompositionImpl.java,1597,for (int i4 = 4 * end - 10 + pingPong; i4 >= 4 * start + 2 + pingPong; i4 -= 4) {
S1087,EigenDecompositionImpl.java,1598,final double oldB1 = b1;
S1088,EigenDecompositionImpl.java,1599,if (work[i4] > work[i4 - 2]) {
S1089,EigenDecompositionImpl.java,1600,return;
S1090,EigenDecompositionImpl.java,1602,b1 = b1 * (work[i4] / work[i4 - 2]);
S1091,EigenDecompositionImpl.java,1603,b2 = b2 + b1;
S1092,EigenDecompositionImpl.java,1604,"if (100 * Math.max(b1, oldB1) < b2) {"
S1093,EigenDecompositionImpl.java,1605,break;
S1094,EigenDecompositionImpl.java,1609,b2 = Math.sqrt(cnst3 * b2);
S1095,EigenDecompositionImpl.java,1610,final double a2 = dMin1 / (1 + b2 * b2);
S1096,EigenDecompositionImpl.java,1611,final double gap2 = 0.5 * dMin2 - a2;
S1097,EigenDecompositionImpl.java,1612,if (gap2 > 0.0 && gap2 > b2 * a2) {
S1098,EigenDecompositionImpl.java,1613,"tau = Math.max(s, a2 * (1 - cnst2 * a2 * (b2 / gap2) * b2));"
S1099,EigenDecompositionImpl.java,1615,"tau = Math.max(s, a2 * (1 - cnst2 * b2));"
S1100,EigenDecompositionImpl.java,1616,tType = -8;
S1101,EigenDecompositionImpl.java,1618,} else {
S1102,EigenDecompositionImpl.java,1621,tau = 0.25 * dMin1;
S1103,EigenDecompositionImpl.java,1622,if (dMin1 == dN1) {
S1104,EigenDecompositionImpl.java,1623,tau = 0.5 * dMin1;
S1105,EigenDecompositionImpl.java,1625,tType = -9;
S1106,EigenDecompositionImpl.java,1627,break;
S1107,EigenDecompositionImpl.java,1632,if (dMin2 == dN2 && 2 * work[nn - 5] < work[nn - 7]) {
S1108,EigenDecompositionImpl.java,1633,tType = -10;
S1109,EigenDecompositionImpl.java,1634,final double s = 0.333 * dMin2;
S1110,EigenDecompositionImpl.java,1635,if (work[nn - 5] > work[nn - 7]) {
S1111,EigenDecompositionImpl.java,1638,double b1 = work[nn - 5] / work[nn - 7];
S1112,EigenDecompositionImpl.java,1639,double b2 = b1;
S1113,EigenDecompositionImpl.java,1640,if (b2 != 0.0){
S1114,EigenDecompositionImpl.java,1641,for (int i4 = 4 * end - 9 + pingPong; i4 >= 4 * start + 2 + pingPong; i4 -= 4) {
S1115,EigenDecompositionImpl.java,1642,if (work[i4] > work[i4 - 2]) {
S1116,EigenDecompositionImpl.java,1645,b1 *= work[i4] / work[i4 - 2];
S1117,EigenDecompositionImpl.java,1646,b2 += b1;
S1118,EigenDecompositionImpl.java,1647,if (100 * b1 < b2) {
S1119,EigenDecompositionImpl.java,1648,break;
S1120,EigenDecompositionImpl.java,1652,b2 = Math.sqrt(cnst3 * b2);
S1121,EigenDecompositionImpl.java,1653,final double a2 = dMin2 / (1 + b2 * b2);
S1122,EigenDecompositionImpl.java,1654,final double gap2 = work[nn - 7] + work[nn - 9] -
S1123,EigenDecompositionImpl.java,1656,if (gap2 > 0.0 && gap2 > b2 * a2) {
S1124,EigenDecompositionImpl.java,1657,"tau = Math.max(s, a2 * (1 - cnst2 * a2 * (b2 / gap2) * b2));"
S1125,EigenDecompositionImpl.java,1661,} else {
S1126,EigenDecompositionImpl.java,1682,if (shift < sigma) {
S1127,EigenDecompositionImpl.java,1683,sigmaLow += shift;
S1128,EigenDecompositionImpl.java,1684,final double t = sigma + sigmaLow;
S1129,EigenDecompositionImpl.java,1685,sigmaLow -= t - sigma;
S1130,EigenDecompositionImpl.java,1686,sigma = t;
S1131,EigenDecompositionImpl.java,1687,} else {
S1132,EigenDecompositionImpl.java,1688,final double t = sigma + shift;
S1133,EigenDecompositionImpl.java,1689,sigmaLow += sigma - (t - shift);
S1134,EigenDecompositionImpl.java,1690,sigma = t;
S1135,EigenDecompositionImpl.java,1699,final int m = main.length;
S1136,EigenDecompositionImpl.java,1700,eigenvectors = new ArrayRealVector[m];
S1137,EigenDecompositionImpl.java,1703,final double[] d = new double[m];
S1138,EigenDecompositionImpl.java,1704,final double[] l = new double[m - 1];
S1139,EigenDecompositionImpl.java,1706,final double mu = realEigenvalues[m-1] <= 0 && realEigenvalues[0] > 0 ? 0.5-realEigenvalues[m-1] : 0;
S1140,EigenDecompositionImpl.java,1707,double di = main[0]+mu;
S1141,EigenDecompositionImpl.java,1708,d[0] = di;
S1142,EigenDecompositionImpl.java,1709,for (int i = 1; i < m; ++i) {
S1143,EigenDecompositionImpl.java,1710,final double eiM1  = secondary[i - 1];
S1144,EigenDecompositionImpl.java,1711,final double ratio = eiM1 / di;
S1145,EigenDecompositionImpl.java,1712,di       = main[i] - eiM1 * ratio + mu;
S1146,EigenDecompositionImpl.java,1713,l[i - 1] = ratio;
S1147,EigenDecompositionImpl.java,1714,d[i]     = di;
S1148,EigenDecompositionImpl.java,1718,for (int i = 0; i < m; ++i) {
S1149,EigenDecompositionImpl.java,1719,"eigenvectors[i] = findEigenvector(realEigenvalues[i]+mu, d, l);"
S1150,EigenDecompositionImpl.java,1738,final int m = main.length;
S1151,EigenDecompositionImpl.java,1739,"stationaryQuotientDifferenceWithShift(d, l, eigenvalue);"
S1152,EigenDecompositionImpl.java,1740,"progressiveQuotientDifferenceWithShift(d, l, eigenvalue);"
S1153,EigenDecompositionImpl.java,1744,int r = m - 1;
S1154,EigenDecompositionImpl.java,1745,double minG = Math.abs(work[6 * r] + work[6 * r + 3] + eigenvalue);
S1155,EigenDecompositionImpl.java,1746,int sixI = 0;
S1156,EigenDecompositionImpl.java,1747,for (int i = 0; i < m - 1; ++i) {
S1157,EigenDecompositionImpl.java,1748,final double absG = Math.abs(work[sixI] + d[i] * work[sixI + 9] / work[sixI + 10]);
S1158,EigenDecompositionImpl.java,1749,if (absG < minG) {
S1159,EigenDecompositionImpl.java,1750,r = i;
S1160,EigenDecompositionImpl.java,1751,minG = absG;
S1161,EigenDecompositionImpl.java,1753,sixI += 6;
S1162,EigenDecompositionImpl.java,1758,double[] eigenvector = new double[m];
S1163,EigenDecompositionImpl.java,1759,double n2 = 1;
S1164,EigenDecompositionImpl.java,1760,eigenvector[r] = 1;
S1165,EigenDecompositionImpl.java,1761,double z = 1;
S1166,EigenDecompositionImpl.java,1762,for (int i = r - 1; i >= 0; --i) {
S1167,EigenDecompositionImpl.java,1763,z *= -work[6 * i + 2];
S1168,EigenDecompositionImpl.java,1764,eigenvector[i] = z;
S1169,EigenDecompositionImpl.java,1765,n2 += z * z;
S1170,EigenDecompositionImpl.java,1767,z = 1;
S1171,EigenDecompositionImpl.java,1768,for (int i = r + 1; i < m; ++i) {
S1172,EigenDecompositionImpl.java,1769,z *= -work[6 * i - 1];
S1173,EigenDecompositionImpl.java,1770,eigenvector[i] = z;
S1174,EigenDecompositionImpl.java,1771,n2 += z * z;
S1175,EigenDecompositionImpl.java,1775,final double inv = 1.0 / Math.sqrt(n2);
S1176,EigenDecompositionImpl.java,1776,for (int i = 0; i < m; ++i) {
S1177,EigenDecompositionImpl.java,1777,eigenvector[i] *= inv;
S1178,EigenDecompositionImpl.java,1780,return (transformer == null) ?
S1179,EigenDecompositionImpl.java,1796,final int nM1 = d.length - 1;
S1180,EigenDecompositionImpl.java,1797,double si = -lambda;
S1181,EigenDecompositionImpl.java,1798,int sixI = 0;
S1182,EigenDecompositionImpl.java,1799,for (int i = 0; i < nM1; ++i) {
S1183,EigenDecompositionImpl.java,1800,final double di   = d[i];
S1184,EigenDecompositionImpl.java,1801,final double li   = l[i];
S1185,EigenDecompositionImpl.java,1802,final double diP1 = di + si;
S1186,EigenDecompositionImpl.java,1803,final double liP1 = li * di / diP1;
S1187,EigenDecompositionImpl.java,1804,work[sixI]        = si;
S1188,EigenDecompositionImpl.java,1805,work[sixI + 1]    = diP1;
S1189,EigenDecompositionImpl.java,1806,work[sixI + 2]    = liP1;
S1190,EigenDecompositionImpl.java,1807,si = li * liP1 * si - lambda;
S1191,EigenDecompositionImpl.java,1808,sixI += 6;
S1192,EigenDecompositionImpl.java,1810,work[6 * nM1 + 1] = d[nM1] + si;
S1193,EigenDecompositionImpl.java,1811,work[6 * nM1]     = si;
S1194,EigenDecompositionImpl.java,1824,final int nM1 = d.length - 1;
S1195,EigenDecompositionImpl.java,1825,double pi = d[nM1] - lambda;
S1196,EigenDecompositionImpl.java,1826,int sixI = 6 * (nM1 - 1);
S1197,EigenDecompositionImpl.java,1827,for (int i = nM1 - 1; i >= 0; --i) {
S1198,EigenDecompositionImpl.java,1828,final double di   = d[i];
S1199,EigenDecompositionImpl.java,1829,final double li   = l[i];
S1200,EigenDecompositionImpl.java,1830,final double diP1 = di * li * li + pi;
S1201,EigenDecompositionImpl.java,1831,final double t    = di / diP1;
S1202,EigenDecompositionImpl.java,1832,work[sixI +  9]   = pi;
S1203,EigenDecompositionImpl.java,1833,work[sixI + 10]   = diP1;
S1204,EigenDecompositionImpl.java,1834,work[sixI +  5]   = li * t;
S1205,EigenDecompositionImpl.java,1835,pi = pi * t - lambda;
S1206,EigenDecompositionImpl.java,1836,sixI -= 6;
S1207,EigenDecompositionImpl.java,1838,work[3] = pi;
S1208,EigenDecompositionImpl.java,1839,work[4] = pi;
S1209,InvalidMatrixException.java,40,"super(pattern, arguments);"
S1210,MathRuntimeException.java,59,"public MathRuntimeException(final String pattern, final Object ... arguments) {"
S1211,MathRuntimeException.java,60,this.pattern   = pattern;
S1212,MathRuntimeException.java,61,this.arguments = (arguments == null) ? new Object[0] : arguments.clone();
S1213,MathRuntimeException.java,305,return new IllegalArgumentException() {
S1214,MatrixUtils.java,61,return (rows * columns <= 4096) ?
S1215,MatrixUtils.java,106,return (data.length * data[0].length <= 4096) ?
S1216,MatrixUtils.java,142,"final RealMatrix m = createRealMatrix(dimension, dimension);"
S1217,MatrixUtils.java,143,for (int i = 0; i < dimension; ++i) {
S1218,MatrixUtils.java,144,"m.setEntry(i, i, 1.0);"
S1219,MatrixUtils.java,146,return m;
S1220,MatrixUtils.java,202,"final RealMatrix m = createRealMatrix(diagonal.length, diagonal.length);"
S1221,MatrixUtils.java,203,for (int i = 0; i < diagonal.length; ++i) {
S1222,MatrixUtils.java,204,"m.setEntry(i, i, diagonal[i]);"
S1223,MatrixUtils.java,206,return m;
S1224,MatrixUtils.java,530,if (row < 0 || row >= m.getRowDimension()) {
S1225,MatrixUtils.java,544,if (column < 0 || column >= m.getColumnDimension()) {
S1226,MatrixUtils.java,564,"checkRowIndex(m, startRow);"
S1227,MatrixUtils.java,565,"checkRowIndex(m, endRow);"
S1228,MatrixUtils.java,566,if (startRow > endRow) {
S1229,MatrixUtils.java,571,"checkColumnIndex(m, startColumn);"
S1230,MatrixUtils.java,572,"checkColumnIndex(m, endColumn);"
S1231,MatrixUtils.java,573,if (startColumn > endColumn) {
S1232,MatrixUtils.java,633,if ((left.getRowDimension()    != right.getRowDimension()) ||
S1233,MatrixUtils.java,650,if (left.getColumnDimension() != right.getRowDimension()) {
S1234,RealVectorFormat.java,94,"this(DEFAULT_PREFIX, DEFAULT_SUFFIX, DEFAULT_SEPARATOR, format);"
S1235,RealVectorFormat.java,117,"final String separator, final NumberFormat format) {"
S1236,RealVectorFormat.java,118,this.prefix      = prefix;
S1237,RealVectorFormat.java,119,this.suffix      = suffix;
S1238,RealVectorFormat.java,120,this.separator   = separator;
S1239,RealVectorFormat.java,121,trimmedPrefix    = prefix.trim();
S1240,RealVectorFormat.java,122,trimmedSuffix    = suffix.trim();
S1241,RealVectorFormat.java,123,trimmedSeparator = separator.trim();
S1242,RealVectorFormat.java,124,this.format      = format;
S1243,RealVectorFormat.java,173,return getInstance(Locale.getDefault());
S1244,RealVectorFormat.java,182,return new RealVectorFormat(getDefaultNumberFormat(locale));
S1245,SingularMatrixException.java,35,"super(""matrix is singular"");"
S1246,SingularValueDecompositionImpl.java,34,public class SingularValueDecompositionImpl implements SingularValueDecomposition {
S1247,SingularValueDecompositionImpl.java,85,throws InvalidMatrixException {
S1248,SingularValueDecompositionImpl.java,87,m = matrix.getRowDimension();
S1249,SingularValueDecompositionImpl.java,88,n = matrix.getColumnDimension();
S1250,SingularValueDecompositionImpl.java,90,cachedU  = null;
S1251,SingularValueDecompositionImpl.java,91,cachedS  = null;
S1252,SingularValueDecompositionImpl.java,92,cachedV  = null;
S1253,SingularValueDecompositionImpl.java,93,cachedVt = null;
S1254,SingularValueDecompositionImpl.java,96,transformer         = new BiDiagonalTransformer(matrix);
S1255,SingularValueDecompositionImpl.java,97,mainBidiagonal      = transformer.getMainDiagonalRef();
S1256,SingularValueDecompositionImpl.java,98,secondaryBidiagonal = transformer.getSecondaryDiagonalRef();
S1257,SingularValueDecompositionImpl.java,101,mainTridiagonal      = new double[mainBidiagonal.length];
S1258,SingularValueDecompositionImpl.java,102,secondaryTridiagonal = new double[mainBidiagonal.length - 1];
S1259,SingularValueDecompositionImpl.java,103,double a = mainBidiagonal[0];
S1260,SingularValueDecompositionImpl.java,104,mainTridiagonal[0] = a * a;
S1261,SingularValueDecompositionImpl.java,105,for (int i = 1; i < mainBidiagonal.length; ++i) {
S1262,SingularValueDecompositionImpl.java,106,final double b  = secondaryBidiagonal[i - 1];
S1263,SingularValueDecompositionImpl.java,107,secondaryTridiagonal[i - 1] = a * b;
S1264,SingularValueDecompositionImpl.java,108,a = mainBidiagonal[i];
S1265,SingularValueDecompositionImpl.java,109,mainTridiagonal[i] = a * a + b * b;
S1266,SingularValueDecompositionImpl.java,113,eigenDecomposition =
S1267,SingularValueDecompositionImpl.java,116,singularValues = eigenDecomposition.getRealEigenvalues();
S1268,SingularValueDecompositionImpl.java,117,for (int i = 0; i < singularValues.length; ++i) {
S1269,SingularValueDecompositionImpl.java,118,singularValues[i] = Math.sqrt(singularValues[i]);
S1270,SingularValueDecompositionImpl.java,127,if (cachedU == null) {
S1271,SingularValueDecompositionImpl.java,129,if (m >= n) {
S1272,SingularValueDecompositionImpl.java,131,final double[][] eData = eigenDecomposition.getV().getData();
S1273,SingularValueDecompositionImpl.java,132,final double[][] iData = new double[m][];
S1274,SingularValueDecompositionImpl.java,133,double[] ei1 = eData[0];
S1275,SingularValueDecompositionImpl.java,134,iData[0] = ei1;
S1276,SingularValueDecompositionImpl.java,135,for (int i = 0; i < n - 1; ++i) {
S1277,SingularValueDecompositionImpl.java,138,final double[] ei0 = ei1;
S1278,SingularValueDecompositionImpl.java,139,ei1 = eData[i + 1];
S1279,SingularValueDecompositionImpl.java,140,iData[i + 1] = ei1;
S1280,SingularValueDecompositionImpl.java,141,for (int j = 0; j < n; ++j) {
S1281,SingularValueDecompositionImpl.java,142,ei0[j] = (mainBidiagonal[i] * ei0[j] +
S1282,SingularValueDecompositionImpl.java,147,final double lastMain = mainBidiagonal[n - 1];
S1283,SingularValueDecompositionImpl.java,148,for (int j = 0; j < n; ++j) {
S1284,SingularValueDecompositionImpl.java,149,ei1[j] *= lastMain / singularValues[j];
S1285,SingularValueDecompositionImpl.java,151,for (int i = n; i < m; ++i) {
S1286,SingularValueDecompositionImpl.java,152,iData[i] = new double[n];
S1287,SingularValueDecompositionImpl.java,154,cachedU =
S1288,SingularValueDecompositionImpl.java,156,} else {
S1289,SingularValueDecompositionImpl.java,158,cachedU = transformer.getU().multiply(eigenDecomposition.getV());
S1290,SingularValueDecompositionImpl.java,164,return cachedU;
S1291,SingularValueDecompositionImpl.java,172,if (cachedUt == null) {
S1292,SingularValueDecompositionImpl.java,173,cachedUt = getU().transpose();
S1293,SingularValueDecompositionImpl.java,177,return cachedUt;
S1294,SingularValueDecompositionImpl.java,185,if (cachedS == null) {
S1295,SingularValueDecompositionImpl.java,188,cachedS = MatrixUtils.createRealDiagonalMatrix(singularValues);
S1296,SingularValueDecompositionImpl.java,191,return cachedS;
S1297,SingularValueDecompositionImpl.java,197,return singularValues.clone();
S1298,SingularValueDecompositionImpl.java,204,if (cachedV == null) {
S1299,SingularValueDecompositionImpl.java,206,if (m >= n) {
S1300,SingularValueDecompositionImpl.java,208,cachedV = transformer.getV().multiply(eigenDecomposition.getV());
S1301,SingularValueDecompositionImpl.java,211,final double[][] eData = eigenDecomposition.getV().getData();
S1302,SingularValueDecompositionImpl.java,212,final double[][] iData = new double[n][];
S1303,SingularValueDecompositionImpl.java,213,double[] ei1 = eData[0];
S1304,SingularValueDecompositionImpl.java,214,iData[0] = ei1;
S1305,SingularValueDecompositionImpl.java,215,for (int i = 0; i < m - 1; ++i) {
S1306,SingularValueDecompositionImpl.java,218,final double[] ei0 = ei1;
S1307,SingularValueDecompositionImpl.java,219,ei1 = eData[i + 1];
S1308,SingularValueDecompositionImpl.java,220,iData[i + 1] = ei1;
S1309,SingularValueDecompositionImpl.java,221,for (int j = 0; j < m; ++j) {
S1310,SingularValueDecompositionImpl.java,222,ei0[j] = (mainBidiagonal[i] * ei0[j] +
S1311,SingularValueDecompositionImpl.java,227,final double lastMain = mainBidiagonal[m - 1];
S1312,SingularValueDecompositionImpl.java,228,for (int j = 0; j < m; ++j) {
S1313,SingularValueDecompositionImpl.java,229,ei1[j] *= lastMain / singularValues[j];
S1314,SingularValueDecompositionImpl.java,231,for (int i = m; i < n; ++i) {
S1315,SingularValueDecompositionImpl.java,232,iData[i] = new double[m];
S1316,SingularValueDecompositionImpl.java,234,cachedV =
S1317,SingularValueDecompositionImpl.java,241,return cachedV;
S1318,SingularValueDecompositionImpl.java,249,if (cachedVt == null) {
S1319,SingularValueDecompositionImpl.java,250,cachedVt = getV().transpose();
S1320,SingularValueDecompositionImpl.java,254,return cachedVt;
S1321,SingularValueDecompositionImpl.java,262,int dimension = 0;
S1322,SingularValueDecompositionImpl.java,263,while ((dimension < n) && (singularValues[dimension] >= minSingularValue)) {
S1323,SingularValueDecompositionImpl.java,264,++dimension;
S1324,SingularValueDecompositionImpl.java,267,if (dimension == 0) {
S1325,SingularValueDecompositionImpl.java,273,final double[][] data = new double[dimension][n];
S1326,SingularValueDecompositionImpl.java,274,getVT().walkInOptimizedOrder(new DefaultRealMatrixPreservingVisitor() {
S1327,SingularValueDecompositionImpl.java,278,data[row][column] = value / singularValues[row];
S1328,SingularValueDecompositionImpl.java,282,"RealMatrix jv = new Array2DRowRealMatrix(data, false);"
S1329,SingularValueDecompositionImpl.java,283,return jv.transpose().multiply(jv);
S1330,SingularValueDecompositionImpl.java,296,return singularValues[0] / singularValues[singularValues.length - 1];
S1331,SingularValueDecompositionImpl.java,303,"final double threshold = Math.max(m, n) * Math.ulp(singularValues[0]);"
S1332,SingularValueDecompositionImpl.java,305,for (int i = singularValues.length - 1; i >= 0; --i) {
S1333,SingularValueDecompositionImpl.java,306,if (singularValues[i] > threshold) {
S1334,SingularValueDecompositionImpl.java,307,return i + 1;
S1335,SingularValueDecompositionImpl.java,316,"return new Solver(singularValues, getUT(), getV(),"
S1336,SingularValueDecompositionImpl.java,321,private static class Solver implements DecompositionSolver {
S1337,SingularValueDecompositionImpl.java,343,final boolean nonSingular) {
S1338,SingularValueDecompositionImpl.java,344,this.singularValues = singularValues;
S1339,SingularValueDecompositionImpl.java,345,this.uT             = uT;
S1340,SingularValueDecompositionImpl.java,346,this.v              = v;
S1341,SingularValueDecompositionImpl.java,347,this.nonSingular    = nonSingular;
S1342,SingularValueDecompositionImpl.java,361,if (b.length != singularValues.length) {
S1343,SingularValueDecompositionImpl.java,362,throw MathRuntimeException.createIllegalArgumentException(
S1344,SingularValueDecompositionImpl.java,367,final double[] w = uT.operate(b);
S1345,SingularValueDecompositionImpl.java,368,for (int i = 0; i < singularValues.length; ++i) {
S1346,SingularValueDecompositionImpl.java,369,final double si = singularValues[i];
S1347,SingularValueDecompositionImpl.java,370,if (si == 0) {
S1348,SingularValueDecompositionImpl.java,371,throw new SingularMatrixException();
S1349,SingularValueDecompositionImpl.java,373,w[i] /= si;
S1350,SingularValueDecompositionImpl.java,375,return v.operate(w);
S1351,SingularValueDecompositionImpl.java,390,if (b.getDimension() != singularValues.length) {
S1352,SingularValueDecompositionImpl.java,391,throw MathRuntimeException.createIllegalArgumentException(
S1353,SingularValueDecompositionImpl.java,396,final RealVector w = uT.operate(b);
S1354,SingularValueDecompositionImpl.java,397,for (int i = 0; i < singularValues.length; ++i) {
S1355,SingularValueDecompositionImpl.java,398,final double si = singularValues[i];
S1356,SingularValueDecompositionImpl.java,399,if (si == 0) {
S1357,SingularValueDecompositionImpl.java,400,throw new SingularMatrixException();
S1358,SingularValueDecompositionImpl.java,402,"w.setEntry(i, w.getEntry(i) / si);"
S1359,SingularValueDecompositionImpl.java,404,return v.operate(w);
S1360,SingularValueDecompositionImpl.java,419,if (b.getRowDimension() != singularValues.length) {
S1361,SingularValueDecompositionImpl.java,420,throw MathRuntimeException.createIllegalArgumentException(
S1362,SingularValueDecompositionImpl.java,426,final RealMatrix w = uT.multiply(b);
S1363,SingularValueDecompositionImpl.java,427,for (int i = 0; i < singularValues.length; ++i) {
S1364,SingularValueDecompositionImpl.java,428,final double si  = singularValues[i];
S1365,SingularValueDecompositionImpl.java,429,if (si == 0) {
S1366,SingularValueDecompositionImpl.java,430,throw new SingularMatrixException();
S1367,SingularValueDecompositionImpl.java,432,final double inv = 1.0 / si;
S1368,SingularValueDecompositionImpl.java,433,for (int j = 0; j < b.getColumnDimension(); ++j) {
S1369,SingularValueDecompositionImpl.java,434,"w.multiplyEntry(i, j, inv);"
S1370,SingularValueDecompositionImpl.java,437,return v.multiply(w);
S1371,TriDiagonalTransformer.java,66,throws InvalidMatrixException {
S1372,TriDiagonalTransformer.java,67,if (!matrix.isSquare()) {
S1373,TriDiagonalTransformer.java,71,final int m = matrix.getRowDimension();
S1374,TriDiagonalTransformer.java,72,householderVectors = matrix.getData();
S1375,TriDiagonalTransformer.java,73,main      = new double[m];
S1376,TriDiagonalTransformer.java,74,secondary = new double[m - 1];
S1377,TriDiagonalTransformer.java,75,cachedQ   = null;
S1378,TriDiagonalTransformer.java,76,cachedQt  = null;
S1379,TriDiagonalTransformer.java,77,cachedT   = null;
S1380,TriDiagonalTransformer.java,80,transform();
S1381,TriDiagonalTransformer.java,90,if (cachedQ == null) {
S1382,TriDiagonalTransformer.java,91,cachedQ = getQT().transpose();
S1383,TriDiagonalTransformer.java,93,return cachedQ;
S1384,TriDiagonalTransformer.java,103,if (cachedQt == null) {
S1385,TriDiagonalTransformer.java,105,final int m = householderVectors.length;
S1386,TriDiagonalTransformer.java,106,"cachedQt = MatrixUtils.createRealMatrix(m, m);"
S1387,TriDiagonalTransformer.java,109,for (int k = m - 1; k >= 1; --k) {
S1388,TriDiagonalTransformer.java,110,final double[] hK = householderVectors[k - 1];
S1389,TriDiagonalTransformer.java,111,final double inv = 1.0 / (secondary[k - 1] * hK[k]);
S1390,TriDiagonalTransformer.java,112,"cachedQt.setEntry(k, k, 1);"
S1391,TriDiagonalTransformer.java,113,if (hK[k] != 0.0) {
S1392,TriDiagonalTransformer.java,114,double beta = 1.0 / secondary[k - 1];
S1393,TriDiagonalTransformer.java,115,"cachedQt.setEntry(k, k, 1 + beta * hK[k]);"
S1394,TriDiagonalTransformer.java,116,for (int i = k + 1; i < m; ++i) {
S1395,TriDiagonalTransformer.java,117,"cachedQt.setEntry(k, i, beta * hK[i]);"
S1396,TriDiagonalTransformer.java,119,for (int j = k + 1; j < m; ++j) {
S1397,TriDiagonalTransformer.java,120,beta = 0;
S1398,TriDiagonalTransformer.java,121,for (int i = k + 1; i < m; ++i) {
S1399,TriDiagonalTransformer.java,122,"beta += cachedQt.getEntry(j, i) * hK[i];"
S1400,TriDiagonalTransformer.java,124,beta *= inv;
S1401,TriDiagonalTransformer.java,125,"cachedQt.setEntry(j, k, beta * hK[k]);"
S1402,TriDiagonalTransformer.java,126,for (int i = k + 1; i < m; ++i) {
S1403,TriDiagonalTransformer.java,127,"cachedQt.addToEntry(j, i, beta * hK[i]);"
S1404,TriDiagonalTransformer.java,132,"cachedQt.setEntry(0, 0, 1);"
S1405,TriDiagonalTransformer.java,137,return cachedQt;
S1406,TriDiagonalTransformer.java,185,return main;
S1407,TriDiagonalTransformer.java,195,return secondary;
S1408,TriDiagonalTransformer.java,204,final int m = householderVectors.length;
S1409,TriDiagonalTransformer.java,205,final double[] z = new double[m];
S1410,TriDiagonalTransformer.java,206,for (int k = 0; k < m - 1; k++) {
S1411,TriDiagonalTransformer.java,209,final double[] hK = householderVectors[k];
S1412,TriDiagonalTransformer.java,210,main[k] = hK[k];
S1413,TriDiagonalTransformer.java,211,double xNormSqr = 0;
S1414,TriDiagonalTransformer.java,212,for (int j = k + 1; j < m; ++j) {
S1415,TriDiagonalTransformer.java,213,final double c = hK[j];
S1416,TriDiagonalTransformer.java,214,xNormSqr += c * c;
S1417,TriDiagonalTransformer.java,216,final double a = (hK[k + 1] > 0) ? -Math.sqrt(xNormSqr) : Math.sqrt(xNormSqr);
S1418,TriDiagonalTransformer.java,217,secondary[k] = a;
S1419,TriDiagonalTransformer.java,218,if (a != 0.0) {
S1420,TriDiagonalTransformer.java,221,hK[k + 1] -= a;
S1421,TriDiagonalTransformer.java,222,final double beta = -1 / (a * hK[k + 1]);
S1422,TriDiagonalTransformer.java,228,"Arrays.fill(z, k + 1, m, 0);"
S1423,TriDiagonalTransformer.java,229,for (int i = k + 1; i < m; ++i) {
S1424,TriDiagonalTransformer.java,230,final double[] hI = householderVectors[i];
S1425,TriDiagonalTransformer.java,231,final double hKI = hK[i];
S1426,TriDiagonalTransformer.java,232,double zI = hI[i] * hKI;
S1427,TriDiagonalTransformer.java,233,for (int j = i + 1; j < m; ++j) {
S1428,TriDiagonalTransformer.java,234,final double hIJ = hI[j];
S1429,TriDiagonalTransformer.java,235,zI   += hIJ * hK[j];
S1430,TriDiagonalTransformer.java,236,z[j] += hIJ * hKI;
S1431,TriDiagonalTransformer.java,238,z[i] = beta * (z[i] + zI);
S1432,TriDiagonalTransformer.java,242,double gamma = 0;
S1433,TriDiagonalTransformer.java,243,for (int i = k + 1; i < m; ++i) {
S1434,TriDiagonalTransformer.java,244,gamma += z[i] * hK[i];
S1435,TriDiagonalTransformer.java,246,gamma *= beta / 2;
S1436,TriDiagonalTransformer.java,249,for (int i = k + 1; i < m; ++i) {
S1437,TriDiagonalTransformer.java,250,z[i] -= gamma * hK[i];
S1438,TriDiagonalTransformer.java,255,for (int i = k + 1; i < m; ++i) {
S1439,TriDiagonalTransformer.java,256,final double[] hI = householderVectors[i];
S1440,TriDiagonalTransformer.java,257,for (int j = i; j < m; ++j) {
S1441,TriDiagonalTransformer.java,258,hI[j] -= hK[i] * z[j] + z[i] * hK[j];
S1442,TriDiagonalTransformer.java,265,main[m - 1] = householderVectors[m - 1][m - 1];
