rank,statement_id,file,line,code,ochiai_score,tie_size,r_worst
1,S3154,DatasetUtilities.java,153,"throw new IllegalArgumentException(""Null 'dataset' argument."");",0.57735,2,2
1,S6288,PiePlot.java,2613,return result;,0.57735,2,2
3,S5973,PiePlot.java,670,return this.interiorGap;,0.408248,23,25
3,S6059,PiePlot.java,1398,return this.labelGenerator;,0.408248,23,25
3,S6062,PiePlot.java,1423,return this.labelGap;,0.408248,23,25
3,S6065,PiePlot.java,1448,return this.maximumLabelWidth;,0.408248,23,25
3,S6490,PiePlot3D.java,230,RectangleInsets insets = getInsets();,0.408248,23,25
3,S6491,PiePlot3D.java,231,insets.trim(plotArea);,0.408248,23,25
3,S6492,PiePlot3D.java,233,Rectangle2D originalPlotArea = (Rectangle2D) plotArea.clone();,0.408248,23,25
3,S6493,PiePlot3D.java,234,if (info != null) {,0.408248,23,25
3,S6494,PiePlot3D.java,239,"drawBackground(g2, plotArea);",0.408248,23,25
3,S6495,PiePlot3D.java,241,Shape savedClip = g2.getClip();,0.408248,23,25
3,S6496,PiePlot3D.java,242,g2.clip(plotArea);,0.408248,23,25
3,S6497,PiePlot3D.java,245,double gapPercent = getInteriorGap();,0.408248,23,25
3,S6498,PiePlot3D.java,246,double labelPercent = 0.0;,0.408248,23,25
3,S6499,PiePlot3D.java,247,if (getLabelGenerator() != null) {,0.408248,23,25
3,S6500,PiePlot3D.java,248,labelPercent = getLabelGap() + getMaximumLabelWidth();,0.408248,23,25
3,S6501,PiePlot3D.java,250,double gapHorizontal = plotArea.getWidth() * (gapPercent,0.408248,23,25
3,S6502,PiePlot3D.java,252,double gapVertical = plotArea.getHeight() * gapPercent * 2.0;,0.408248,23,25
3,S6503,PiePlot3D.java,266,double linkX = plotArea.getX() + gapHorizontal / 2;,0.408248,23,25
3,S6504,PiePlot3D.java,267,double linkY = plotArea.getY() + gapVertical / 2;,0.408248,23,25
3,S6505,PiePlot3D.java,268,double linkW = plotArea.getWidth() - gapHorizontal;,0.408248,23,25
3,S6506,PiePlot3D.java,269,double linkH = plotArea.getHeight() - gapVertical;,0.408248,23,25
3,S6507,PiePlot3D.java,272,if (isCircular()) { // is circular?,0.408248,23,25
3,S6508,PiePlot3D.java,280,"PiePlotState state = initialise(g2, plotArea, this, null, info);",0.408248,23,25
26,S5978,PiePlot.java,706,return this.circular;,0.333333,11,36
26,S6114,PiePlot.java,2049,PiePlotState state = new PiePlotState(info);,0.333333,11,36
26,S6115,PiePlot.java,2050,state.setPassesRequired(2);,0.333333,11,36
26,S6116,PiePlot.java,2051,state.setTotal(DatasetUtilities.calculatePieDatasetTotal(,0.333333,11,36
26,S6697,PiePlotState.java,89,super(info);,0.333333,11,36
26,S6698,PiePlotState.java,90,this.passesRequired = 1;,0.333333,11,36
26,S6699,PiePlotState.java,91,this.total = 0.0;,0.333333,11,36
26,S6701,PiePlotState.java,109,this.passesRequired = passes;,0.333333,11,36
26,S6810,Plot.java,931,"fillBackground(g2, area);",0.333333,11,36
26,S6811,Plot.java,932,"drawBackgroundImage(g2, area);",0.333333,11,36
26,S6812,Plot.java,946,"fillBackground(g2, area, PlotOrientation.VERTICAL);",0.333333,11,36
37,S2792,ChartFactory.java,694,PiePlot3D plot = new PiePlot3D(dataset);,0.288675,8,44
37,S2793,ChartFactory.java,695,"plot.setInsets(new RectangleInsets(0.0, 5.0, 5.0, 5.0));",0.288675,8,44
37,S2794,ChartFactory.java,696,if (tooltips) {,0.288675,8,44
37,S2796,ChartFactory.java,699,if (urls) {,0.288675,8,44
37,S2798,ChartFactory.java,702,"return new JFreeChart(title, JFreeChart.DEFAULT_TITLE_FONT, plot,",0.288675,8,44
37,S3153,DatasetUtilities.java,152,if (dataset == null) {,0.288675,8,44
37,S6286,PiePlot.java,2611,LegendItemCollection result = new LegendItemCollection();,0.288675,8,44
37,S6287,PiePlot.java,2612,if (this.dataset == null) {,0.288675,8,44
45,S5957,PiePlot.java,551,return this.dataset;,0.235702,5,49
45,S6480,PiePlot3D.java,126,private double depthFactor = 0.12;,0.235702,5,49
45,S6481,PiePlot3D.java,134,private boolean darkerSides = false;  // default preserves previous,0.235702,5,49
45,S6483,PiePlot3D.java,151,super(dataset);,0.235702,5,49
45,S6484,PiePlot3D.java,152,"setCircular(false, false);",0.235702,5,49
50,S5980,PiePlot.java,731,this.circular = circular;,0.218218,2,51
50,S5981,PiePlot.java,732,if (notify) {,0.218218,2,51
52,S4781,LegendTitle.java,472,return result;,0.174078,2,53
52,S4949,LineBorder.java,146,return;,0.174078,2,53
54,S6754,Plot.java,504,"setInsets(insets, true);",0.132453,6,59
54,S6755,Plot.java,519,if (insets == null) {,0.132453,6,59
54,S6756,Plot.java,522,if (!this.insets.equals(insets)) {,0.132453,6,59
54,S6757,Plot.java,523,this.insets = insets;,0.132453,6,59
54,S6758,Plot.java,524,if (notify) {,0.132453,6,59
54,S6759,Plot.java,525,notifyListeners(new PlotChangeEvent(this));,0.132453,6,59
60,S7099,RectangleInsets.java,192,return false;,0.125988,1,60
61,S7156,RendererState.java,62,public RendererState(PlotRenderingInfo info) {,0.117851,2,62
61,S7157,RendererState.java,63,this.info = info;,0.117851,2,62
63,S6813,Plot.java,963,if (orientation == null) {,0.105409,10,72
63,S6814,Plot.java,966,if (this.backgroundPaint == null) {,0.105409,10,72
63,S6815,Plot.java,969,Paint p = this.backgroundPaint;,0.105409,10,72
63,S6816,Plot.java,970,if (p instanceof GradientPaint) {,0.105409,10,72
63,S6817,Plot.java,985,Composite originalComposite = g2.getComposite();,0.105409,10,72
63,S6818,Plot.java,986,"g2.setComposite(AlphaComposite.getInstance(AlphaComposite.SRC_OVER,",0.105409,10,72
63,S6819,Plot.java,988,g2.setPaint(p);,0.105409,10,72
63,S6820,Plot.java,989,g2.fill(area);,0.105409,10,72
63,S6821,Plot.java,990,g2.setComposite(originalComposite);,0.105409,10,72
63,S6822,Plot.java,1005,if (this.backgroundImage != null) {,0.105409,10,72
73,S1583,BlockResult.java,67,return this.entities;,0.103695,96,168
73,S4080,G2TextMeasurer.java,61,public G2TextMeasurer(Graphics2D g2) {,0.103695,96,168
73,S4081,G2TextMeasurer.java,62,this.g2 = g2;,0.103695,96,168
73,S4082,G2TextMeasurer.java,75,FontMetrics fm = this.g2.getFontMetrics();,0.103695,96,168
73,S4083,G2TextMeasurer.java,76,"Rectangle2D bounds = TextUtilities.getTextBounds(text.substring(start,",0.103695,96,168
73,S4084,G2TextMeasurer.java,78,float result = (float) bounds.getWidth();,0.103695,96,168
73,S4085,G2TextMeasurer.java,79,return result;,0.103695,96,168
73,S4428,JFreeChart.java,1195,"EntityCollection e = drawTitle(this.title, g2, nonTitleArea,",0.103695,96,168
73,S4429,JFreeChart.java,1197,if (e != null) {,0.103695,96,168
73,S4449,JFreeChart.java,1252,y = frame.getY();,0.103695,96,168
73,S4467,JFreeChart.java,1305,"Size2D size = t.arrange(g2, constraint);",0.103695,96,168
73,S4468,JFreeChart.java,1306,"titleArea = createAlignedRectangle2D(size, area,",0.103695,96,168
73,S4469,JFreeChart.java,1308,"retValue = t.draw(g2, titleArea, p);",0.103695,96,168
73,S4470,JFreeChart.java,1309,"area.setRect(area.getX(), Math.min(area.getY() + size.height,",0.103695,96,168
73,S4478,JFreeChart.java,1343,EntityBlockResult ebr = (EntityBlockResult) retValue;,0.103695,96,168
73,S4479,JFreeChart.java,1344,result = ebr.getEntityCollection();,0.103695,96,168
73,S8557,TextBlock.java,105,if (alignment == null) {,0.103695,96,168
73,S8558,TextBlock.java,108,this.lineAlignment = alignment;,0.103695,96,168
73,S8597,TextBlock.java,274,xAdj = (float) -width / 2.0f;,0.103695,96,168
73,S8764,TextTitle.java,439,RectangleConstraint cc = toContentConstraint(constraint);,0.103695,96,168
73,S8765,TextTitle.java,440,LengthConstraintType w = cc.getWidthConstraintType();,0.103695,96,168
73,S8766,TextTitle.java,441,LengthConstraintType h = cc.getHeightConstraintType();,0.103695,96,168
73,S8767,TextTitle.java,442,Size2D contentSize = null;,0.103695,96,168
73,S8768,TextTitle.java,443,if (w == LengthConstraintType.NONE) {,0.103695,96,168
73,S8769,TextTitle.java,454,else if (w == LengthConstraintType.RANGE) {,0.103695,96,168
73,S8770,TextTitle.java,455,if (h == LengthConstraintType.NONE) {,0.103695,96,168
73,S8771,TextTitle.java,458,else if (h == LengthConstraintType.RANGE) {,0.103695,96,168
73,S8772,TextTitle.java,459,"contentSize = arrangeRR(g2, cc.getWidthRange(),",0.103695,96,168
73,S8773,TextTitle.java,477,"return new Size2D(calculateTotalWidth(contentSize.getWidth()),",0.103695,96,168
73,S8774,TextTitle.java,494,RectangleEdge position = getPosition();,0.103695,96,168
73,S8775,TextTitle.java,495,if (position == RectangleEdge.TOP || position == RectangleEdge.BOTTOM) {,0.103695,96,168
73,S8776,TextTitle.java,496,float maxWidth = (float) widthRange.getUpperBound();,0.103695,96,168
73,S8777,TextTitle.java,497,g2.setFont(this.font);,0.103695,96,168
73,S8778,TextTitle.java,498,"this.content = TextUtilities.createTextBlock(this.text, this.font,",0.103695,96,168
73,S8779,TextTitle.java,500,this.content.setLineAlignment(this.textAlignment);,0.103695,96,168
73,S8780,TextTitle.java,501,Size2D contentSize = this.content.calculateDimensions(g2);,0.103695,96,168
73,S8781,TextTitle.java,502,if (this.expandToFitSpace) {,0.103695,96,168
73,S8782,TextTitle.java,506,return contentSize;,0.103695,96,168
73,S8783,TextTitle.java,555,if (this.content == null) {,0.103695,96,168
73,S8784,TextTitle.java,558,area = trimMargin(area);,0.103695,96,168
73,S8785,TextTitle.java,559,"drawBorder(g2, area);",0.103695,96,168
73,S8786,TextTitle.java,560,"if (this.text.equals("""")) {",0.103695,96,168
73,S8787,TextTitle.java,563,ChartEntity entity = null;,0.103695,96,168
73,S8788,TextTitle.java,564,if (params instanceof EntityBlockParams) {,0.103695,96,168
73,S8789,TextTitle.java,565,EntityBlockParams p = (EntityBlockParams) params;,0.103695,96,168
73,S8790,TextTitle.java,566,if (p.getGenerateEntities()) {,0.103695,96,168
73,S8792,TextTitle.java,570,area = trimBorder(area);,0.103695,96,168
73,S8793,TextTitle.java,571,if (this.backgroundPaint != null) {,0.103695,96,168
73,S8794,TextTitle.java,575,area = trimPadding(area);,0.103695,96,168
73,S8795,TextTitle.java,576,RectangleEdge position = getPosition();,0.103695,96,168
73,S8796,TextTitle.java,577,if (position == RectangleEdge.TOP || position == RectangleEdge.BOTTOM) {,0.103695,96,168
73,S8797,TextTitle.java,578,"drawHorizontal(g2, area);",0.103695,96,168
73,S8798,TextTitle.java,584,BlockResult result = new BlockResult();,0.103695,96,168
73,S8799,TextTitle.java,585,if (entity != null) {,0.103695,96,168
73,S8803,TextTitle.java,590,return result;,0.103695,96,168
73,S8804,TextTitle.java,602,Rectangle2D titleArea = (Rectangle2D) area.clone();,0.103695,96,168
73,S8805,TextTitle.java,603,g2.setFont(this.font);,0.103695,96,168
73,S8806,TextTitle.java,604,g2.setPaint(this.paint);,0.103695,96,168
73,S8807,TextTitle.java,605,TextBlockAnchor anchor = null;,0.103695,96,168
73,S8808,TextTitle.java,606,float x = 0.0f;,0.103695,96,168
73,S8809,TextTitle.java,607,HorizontalAlignment horizontalAlignment = getHorizontalAlignment();,0.103695,96,168
73,S8810,TextTitle.java,608,if (horizontalAlignment == HorizontalAlignment.LEFT) {,0.103695,96,168
73,S8811,TextTitle.java,612,else if (horizontalAlignment == HorizontalAlignment.RIGHT) {,0.103695,96,168
73,S8812,TextTitle.java,616,else if (horizontalAlignment == HorizontalAlignment.CENTER) {,0.103695,96,168
73,S8813,TextTitle.java,617,x = (float) titleArea.getCenterX();,0.103695,96,168
73,S8814,TextTitle.java,618,anchor = TextBlockAnchor.TOP_CENTER;,0.103695,96,168
73,S8815,TextTitle.java,620,float y = 0.0f;,0.103695,96,168
73,S8816,TextTitle.java,621,RectangleEdge position = getPosition();,0.103695,96,168
73,S8817,TextTitle.java,622,if (position == RectangleEdge.TOP) {,0.103695,96,168
73,S8818,TextTitle.java,623,y = (float) titleArea.getY();,0.103695,96,168
73,S8819,TextTitle.java,637,"this.content.draw(g2, x, y, anchor);",0.103695,96,168
73,S8854,TextUtilities.java,165,"return createTextBlock(text, font, paint, maxWidth, Integer.MAX_VALUE,",0.103695,96,168
73,S8855,TextUtilities.java,186,TextBlock result = new TextBlock();,0.103695,96,168
73,S8856,TextUtilities.java,187,BreakIterator iterator = BreakIterator.getLineInstance();,0.103695,96,168
73,S8857,TextUtilities.java,188,iterator.setText(text);,0.103695,96,168
73,S8858,TextUtilities.java,189,int current = 0;,0.103695,96,168
73,S8859,TextUtilities.java,190,int lines = 0;,0.103695,96,168
73,S8860,TextUtilities.java,191,int length = text.length();,0.103695,96,168
73,S8861,TextUtilities.java,192,while (current < length && lines < maxLines) {,0.103695,96,168
73,S8862,TextUtilities.java,193,"int next = nextLineBreak(text, current, maxWidth, iterator,",0.103695,96,168
73,S8863,TextUtilities.java,195,if (next == BreakIterator.DONE) {,0.103695,96,168
73,S8864,TextUtilities.java,196,"result.addLine(text.substring(current), font, paint);",0.103695,96,168
73,S8865,TextUtilities.java,197,return result;,0.103695,96,168
73,S8881,TextUtilities.java,239,int current = start;,0.103695,96,168
73,S8882,TextUtilities.java,241,float x = 0.0f;,0.103695,96,168
73,S8883,TextUtilities.java,242,boolean firstWord = true;,0.103695,96,168
73,S8884,TextUtilities.java,243,"int newline = text.indexOf('\n', start);",0.103695,96,168
73,S8885,TextUtilities.java,244,if (newline < 0) {,0.103695,96,168
73,S8886,TextUtilities.java,245,newline = Integer.MAX_VALUE;,0.103695,96,168
73,S8887,TextUtilities.java,247,while (((end = iterator.next()) != BreakIterator.DONE)) {,0.103695,96,168
73,S8888,TextUtilities.java,248,if (end > newline) {,0.103695,96,168
73,S8889,TextUtilities.java,251,"x += measurer.getStringWidth(text, current, end);",0.103695,96,168
73,S8890,TextUtilities.java,252,if (x > width) {,0.103695,96,168
73,S8898,TextUtilities.java,268,firstWord = false;,0.103695,96,168
73,S8899,TextUtilities.java,269,current = end;,0.103695,96,168
73,S8900,TextUtilities.java,271,return BreakIterator.DONE;,0.103695,96,168
169,S11,AbstractBlock.java,239,return this.frame;,0.102062,61,229
169,S1545,BlockContainer.java,118,if (arrangement == null) {,0.102062,61,229
169,S1546,BlockContainer.java,121,this.arrangement = arrangement;,0.102062,61,229
169,S1547,BlockContainer.java,131,return this.blocks.isEmpty();,0.102062,61,229
169,S1552,BlockContainer.java,168,this.blocks.clear();,0.102062,61,229
169,S1553,BlockContainer.java,169,this.arrangement.clear();,0.102062,61,229
169,S1555,BlockContainer.java,207,EntityBlockParams ebp = null;,0.102062,61,229
169,S1556,BlockContainer.java,208,StandardEntityCollection sec = null;,0.102062,61,229
169,S1557,BlockContainer.java,209,if (params instanceof EntityBlockParams) {,0.102062,61,229
169,S1558,BlockContainer.java,210,ebp = (EntityBlockParams) params;,0.102062,61,229
169,S1559,BlockContainer.java,211,if (ebp.getGenerateEntities()) {,0.102062,61,229
169,S1560,BlockContainer.java,215,Rectangle2D contentArea = (Rectangle2D) area.clone();,0.102062,61,229
169,S1561,BlockContainer.java,216,contentArea = trimMargin(contentArea);,0.102062,61,229
169,S1562,BlockContainer.java,217,"drawBorder(g2, contentArea);",0.102062,61,229
169,S1563,BlockContainer.java,218,contentArea = trimBorder(contentArea);,0.102062,61,229
169,S1564,BlockContainer.java,219,contentArea = trimPadding(contentArea);,0.102062,61,229
169,S1565,BlockContainer.java,220,Iterator iterator = this.blocks.iterator();,0.102062,61,229
169,S1566,BlockContainer.java,221,while (iterator.hasNext()) {,0.102062,61,229
169,S1572,BlockContainer.java,236,BlockResult result = null;,0.102062,61,229
169,S1573,BlockContainer.java,237,if (sec != null) {,0.102062,61,229
169,S1574,BlockContainer.java,241,return result;,0.102062,61,229
169,S4433,JFreeChart.java,1204,Title currentTitle = (Title) iterator.next();,0.102062,61,229
169,S4434,JFreeChart.java,1205,"EntityCollection e = drawTitle(currentTitle, g2, nonTitleArea,",0.102062,61,229
169,S4435,JFreeChart.java,1207,if (e != null) {,0.102062,61,229
169,S4450,JFreeChart.java,1254,else if (vAlign == VerticalAlignment.CENTER) {,0.102062,61,229
169,S4451,JFreeChart.java,1257,else if (vAlign == VerticalAlignment.BOTTOM) {,0.102062,61,229
169,S4452,JFreeChart.java,1258,y = frame.getMaxY() - dimensions.height;,0.102062,61,229
169,S4471,JFreeChart.java,1313,else if (position == RectangleEdge.BOTTOM) {,0.102062,61,229
169,S4472,JFreeChart.java,1314,"Size2D size = t.arrange(g2, constraint);",0.102062,61,229
169,S4473,JFreeChart.java,1315,"titleArea = createAlignedRectangle2D(size, area,",0.102062,61,229
169,S4474,JFreeChart.java,1317,"retValue = t.draw(g2, titleArea, p);",0.102062,61,229
169,S4475,JFreeChart.java,1318,"area.setRect(area.getX(), area.getY(), area.getWidth(),",0.102062,61,229
169,S4742,LegendTitle.java,388,this.items.clear();,0.102062,61,229
169,S4743,LegendTitle.java,389,RectangleEdge p = getPosition();,0.102062,61,229
169,S4744,LegendTitle.java,390,if (RectangleEdge.isTopOrBottom(p)) {,0.102062,61,229
169,S4745,LegendTitle.java,391,this.items.setArrangement(this.hLayout);,0.102062,61,229
169,S4746,LegendTitle.java,396,for (int s = 0; s < this.sources.length; s++) {,0.102062,61,229
169,S4747,LegendTitle.java,397,LegendItemCollection legendItems = this.sources[s].getLegendItems();,0.102062,61,229
169,S4748,LegendTitle.java,398,if (legendItems != null) {,0.102062,61,229
169,S4749,LegendTitle.java,399,for (int i = 0; i < legendItems.getItemCount(); i++) {,0.102062,61,229
169,S4778,LegendTitle.java,469,Size2D result = new Size2D();,0.102062,61,229
169,S4779,LegendTitle.java,470,fetchLegendItems();,0.102062,61,229
169,S4780,LegendTitle.java,471,if (this.items.isEmpty()) {,0.102062,61,229
169,S4790,LegendTitle.java,507,Rectangle2D target = (Rectangle2D) area.clone();,0.102062,61,229
169,S4791,LegendTitle.java,508,target = trimMargin(target);,0.102062,61,229
169,S4792,LegendTitle.java,509,if (this.backgroundPaint != null) {,0.102062,61,229
169,S4793,LegendTitle.java,510,g2.setPaint(this.backgroundPaint);,0.102062,61,229
169,S4794,LegendTitle.java,511,g2.fill(target);,0.102062,61,229
169,S4795,LegendTitle.java,513,BlockFrame border = getFrame();,0.102062,61,229
169,S4796,LegendTitle.java,514,"border.draw(g2, target);",0.102062,61,229
169,S4797,LegendTitle.java,515,border.getInsets().trim(target);,0.102062,61,229
169,S4798,LegendTitle.java,516,BlockContainer container = this.wrapper;,0.102062,61,229
169,S4799,LegendTitle.java,517,if (container == null) {,0.102062,61,229
169,S4800,LegendTitle.java,518,container = this.items;,0.102062,61,229
169,S4801,LegendTitle.java,520,target = trimPadding(target);,0.102062,61,229
169,S4802,LegendTitle.java,521,"return container.draw(g2, target, params);",0.102062,61,229
169,S4944,LineBorder.java,123,return this.insets;,0.102062,61,229
169,S4946,LineBorder.java,142,double w = area.getWidth();,0.102062,61,229
169,S4947,LineBorder.java,143,double h = area.getHeight();,0.102062,61,229
169,S4948,LineBorder.java,145,if (w <= 0.0 || h <= 0.0) {,0.102062,61,229
169,S7524,Size2D.java,72,"this(0.0, 0.0);",0.102062,61,229
230,S20,AbstractBlock.java,383,double result = this.margin.trimWidth(fixedWidth);,0.100504,327,556
230,S21,AbstractBlock.java,384,result = this.frame.getInsets().trimWidth(result);,0.100504,327,556
230,S22,AbstractBlock.java,385,result = this.padding.trimWidth(result);,0.100504,327,556
230,S23,AbstractBlock.java,386,"return Math.max(result, 0.0);",0.100504,327,556
230,S24,AbstractBlock.java,401,double result = this.margin.trimHeight(fixedHeight);,0.100504,327,556
230,S25,AbstractBlock.java,402,result = this.frame.getInsets().trimHeight(result);,0.100504,327,556
230,S26,AbstractBlock.java,403,result = this.padding.trimHeight(result);,0.100504,327,556
230,S27,AbstractBlock.java,404,"return Math.max(result, 0.0);",0.100504,327,556
230,S28,AbstractBlock.java,416,if (c == null) {,0.100504,327,556
230,S29,AbstractBlock.java,419,if (c.equals(RectangleConstraint.NONE)) {,0.100504,327,556
230,S31,AbstractBlock.java,422,double w = c.getWidth();,0.100504,327,556
230,S32,AbstractBlock.java,423,Range wr = c.getWidthRange();,0.100504,327,556
230,S33,AbstractBlock.java,424,double h = c.getHeight();,0.100504,327,556
230,S34,AbstractBlock.java,425,Range hr = c.getHeightRange();,0.100504,327,556
230,S35,AbstractBlock.java,426,double ww = trimToContentWidth(w);,0.100504,327,556
230,S36,AbstractBlock.java,427,double hh = trimToContentHeight(h);,0.100504,327,556
230,S37,AbstractBlock.java,428,Range wwr = trimToContentWidth(wr);,0.100504,327,556
230,S38,AbstractBlock.java,429,Range hhr = trimToContentHeight(hr);,0.100504,327,556
230,S39,AbstractBlock.java,430,return new RectangleConstraint(,0.100504,327,556
230,S40,AbstractBlock.java,437,if (r == null) {,0.100504,327,556
230,S41,AbstractBlock.java,440,double lowerBound = 0.0;,0.100504,327,556
230,S42,AbstractBlock.java,441,double upperBound = Double.POSITIVE_INFINITY;,0.100504,327,556
230,S43,AbstractBlock.java,442,if (r.getLowerBound() > 0.0) {,0.100504,327,556
230,S44,AbstractBlock.java,445,if (r.getUpperBound() < Double.POSITIVE_INFINITY) {,0.100504,327,556
230,S45,AbstractBlock.java,446,upperBound = trimToContentWidth(r.getUpperBound());,0.100504,327,556
230,S46,AbstractBlock.java,448,"return new Range(lowerBound, upperBound);",0.100504,327,556
230,S47,AbstractBlock.java,452,if (r == null) {,0.100504,327,556
230,S48,AbstractBlock.java,455,double lowerBound = 0.0;,0.100504,327,556
230,S49,AbstractBlock.java,456,double upperBound = Double.POSITIVE_INFINITY;,0.100504,327,556
230,S50,AbstractBlock.java,457,if (r.getLowerBound() > 0.0) {,0.100504,327,556
230,S51,AbstractBlock.java,460,if (r.getUpperBound() < Double.POSITIVE_INFINITY) {,0.100504,327,556
230,S52,AbstractBlock.java,461,upperBound = trimToContentHeight(r.getUpperBound());,0.100504,327,556
230,S53,AbstractBlock.java,463,"return new Range(lowerBound, upperBound);",0.100504,327,556
230,S54,AbstractBlock.java,474,double result = contentWidth;,0.100504,327,556
230,S55,AbstractBlock.java,475,result = this.padding.extendWidth(result);,0.100504,327,556
230,S56,AbstractBlock.java,476,result = this.frame.getInsets().extendWidth(result);,0.100504,327,556
230,S57,AbstractBlock.java,477,result = this.margin.extendWidth(result);,0.100504,327,556
230,S58,AbstractBlock.java,478,return result;,0.100504,327,556
230,S59,AbstractBlock.java,489,double result = contentHeight;,0.100504,327,556
230,S60,AbstractBlock.java,490,result = this.padding.extendHeight(result);,0.100504,327,556
230,S61,AbstractBlock.java,491,result = this.frame.getInsets().extendHeight(result);,0.100504,327,556
230,S62,AbstractBlock.java,492,result = this.margin.extendHeight(result);,0.100504,327,556
230,S63,AbstractBlock.java,493,return result;,0.100504,327,556
230,S64,AbstractBlock.java,506,this.margin.trim(area);,0.100504,327,556
230,S65,AbstractBlock.java,507,return area;,0.100504,327,556
230,S66,AbstractBlock.java,520,this.frame.getInsets().trim(area);,0.100504,327,556
230,S67,AbstractBlock.java,521,return area;,0.100504,327,556
230,S68,AbstractBlock.java,534,this.padding.trim(area);,0.100504,327,556
230,S69,AbstractBlock.java,535,return area;,0.100504,327,556
230,S70,AbstractBlock.java,545,"this.frame.draw(g2, area);",0.100504,327,556
230,S1515,BlockBorder.java,145,return this.insets;,0.100504,327,556
230,S1516,BlockBorder.java,166,double t = this.insets.calculateTopInset(area.getHeight());,0.100504,327,556
230,S1517,BlockBorder.java,167,double b = this.insets.calculateBottomInset(area.getHeight());,0.100504,327,556
230,S1518,BlockBorder.java,168,double l = this.insets.calculateLeftInset(area.getWidth());,0.100504,327,556
230,S1519,BlockBorder.java,169,double r = this.insets.calculateRightInset(area.getWidth());,0.100504,327,556
230,S1520,BlockBorder.java,170,double x = area.getX();,0.100504,327,556
230,S1521,BlockBorder.java,171,double y = area.getY();,0.100504,327,556
230,S1522,BlockBorder.java,172,double w = area.getWidth();,0.100504,327,556
230,S1523,BlockBorder.java,173,double h = area.getHeight();,0.100504,327,556
230,S1524,BlockBorder.java,174,g2.setPaint(this.paint);,0.100504,327,556
230,S1525,BlockBorder.java,175,Rectangle2D rect = new Rectangle2D.Double();,0.100504,327,556
230,S1526,BlockBorder.java,176,if (t > 0.0) {,0.100504,327,556
230,S1527,BlockBorder.java,180,if (b > 0.0) {,0.100504,327,556
230,S1528,BlockBorder.java,184,if (l > 0.0) {,0.100504,327,556
230,S1529,BlockBorder.java,188,if (r > 0.0) {,0.100504,327,556
230,S1575,BlockParams.java,72,public BlockParams() {,0.100504,327,556
230,S1576,BlockParams.java,73,this.translateX = 0.0;,0.100504,327,556
230,S1577,BlockParams.java,74,this.translateY = 0.0;,0.100504,327,556
230,S1578,BlockParams.java,75,this.generateEntities = false;,0.100504,327,556
230,S1579,BlockParams.java,85,return this.generateEntities;,0.100504,327,556
230,S1580,BlockParams.java,94,this.generateEntities = generate;,0.100504,327,556
230,S1581,BlockResult.java,57,public BlockResult() {,0.100504,327,556
230,S1582,BlockResult.java,58,this.entities = null;,0.100504,327,556
230,S3081,ChartProgressEvent.java,77,super(source);,0.100504,327,556
230,S3082,ChartProgressEvent.java,78,this.chart = chart;,0.100504,327,556
230,S3083,ChartProgressEvent.java,79,this.type = type;,0.100504,327,556
230,S4347,JFreeChart.java,457,return this.borderVisible;,0.100504,327,556
230,S4409,JFreeChart.java,1136,"notifyListeners(new ChartProgressEvent(this, this,",0.100504,327,556
230,S4410,JFreeChart.java,1140,if (info != null) {,0.100504,327,556
230,S4413,JFreeChart.java,1146,Shape savedClip = g2.getClip();,0.100504,327,556
230,S4414,JFreeChart.java,1147,g2.clip(chartArea);,0.100504,327,556
230,S4415,JFreeChart.java,1149,g2.addRenderingHints(this.renderingHints);,0.100504,327,556
230,S4416,JFreeChart.java,1152,if (this.backgroundPaint != null) {,0.100504,327,556
230,S4417,JFreeChart.java,1153,g2.setPaint(this.backgroundPaint);,0.100504,327,556
230,S4418,JFreeChart.java,1154,g2.fill(chartArea);,0.100504,327,556
230,S4419,JFreeChart.java,1157,if (this.backgroundImage != null) {,0.100504,327,556
230,S4420,JFreeChart.java,1171,if (isBorderVisible()) {,0.100504,327,556
230,S4421,JFreeChart.java,1186,Rectangle2D nonTitleArea = new Rectangle2D.Double();,0.100504,327,556
230,S4422,JFreeChart.java,1187,nonTitleArea.setRect(chartArea);,0.100504,327,556
230,S4423,JFreeChart.java,1188,this.padding.trim(nonTitleArea);,0.100504,327,556
230,S4424,JFreeChart.java,1190,EntityCollection entities = null;,0.100504,327,556
230,S4425,JFreeChart.java,1191,if (info != null) {,0.100504,327,556
230,S4427,JFreeChart.java,1194,if (this.title != null) {,0.100504,327,556
230,S4431,JFreeChart.java,1202,Iterator iterator = this.subtitles.iterator();,0.100504,327,556
230,S4432,JFreeChart.java,1203,while (iterator.hasNext()) {,0.100504,327,556
230,S4436,JFreeChart.java,1212,Rectangle2D plotArea = nonTitleArea;,0.100504,327,556
230,S4437,JFreeChart.java,1215,PlotRenderingInfo plotInfo = null;,0.100504,327,556
230,S4438,JFreeChart.java,1216,if (info != null) {,0.100504,327,556
230,S4440,JFreeChart.java,1219,"this.plot.draw(g2, plotArea, anchor, null, plotInfo);",0.100504,327,556
230,S4443,JFreeChart.java,1240,double x = Double.NaN;,0.100504,327,556
230,S4444,JFreeChart.java,1241,double y = Double.NaN;,0.100504,327,556
230,S4445,JFreeChart.java,1242,if (hAlign == HorizontalAlignment.LEFT) {,0.100504,327,556
230,S4446,JFreeChart.java,1245,else if (hAlign == HorizontalAlignment.CENTER) {,0.100504,327,556
230,S4447,JFreeChart.java,1246,x = frame.getCenterX() - (dimensions.width / 2.0);,0.100504,327,556
230,S4448,JFreeChart.java,1251,if (vAlign == VerticalAlignment.TOP) {,0.100504,327,556
230,S4453,JFreeChart.java,1261,"return new Rectangle2D.Double(x, y, dimensions.width,",0.100504,327,556
230,S4454,JFreeChart.java,1282,if (t == null) {,0.100504,327,556
230,S4455,JFreeChart.java,1285,if (area == null) {,0.100504,327,556
230,S4456,JFreeChart.java,1288,Rectangle2D titleArea = new Rectangle2D.Double();,0.100504,327,556
230,S4457,JFreeChart.java,1289,RectangleEdge position = t.getPosition();,0.100504,327,556
230,S4458,JFreeChart.java,1290,double ww = area.getWidth();,0.100504,327,556
230,S4459,JFreeChart.java,1291,if (ww <= 0.0) {,0.100504,327,556
230,S4460,JFreeChart.java,1294,double hh = area.getHeight();,0.100504,327,556
230,S4461,JFreeChart.java,1295,if (hh <= 0.0) {,0.100504,327,556
230,S4462,JFreeChart.java,1298,"RectangleConstraint constraint = new RectangleConstraint(ww,",0.100504,327,556
230,S4463,JFreeChart.java,1301,Object retValue = null;,0.100504,327,556
230,S4464,JFreeChart.java,1302,BlockParams p = new BlockParams();,0.100504,327,556
230,S4465,JFreeChart.java,1303,p.setGenerateEntities(entities);,0.100504,327,556
230,S4466,JFreeChart.java,1304,if (position == RectangleEdge.TOP) {,0.100504,327,556
230,S4476,JFreeChart.java,1341,EntityCollection result = null;,0.100504,327,556
230,S4477,JFreeChart.java,1342,if (retValue instanceof EntityBlockResult) {,0.100504,327,556
230,S4480,JFreeChart.java,1346,return result;,0.100504,327,556
230,S4497,JFreeChart.java,1539,Object[] listeners = this.progressListeners.getListenerList();,0.100504,327,556
230,S4498,JFreeChart.java,1540,for (int i = listeners.length - 2; i >= 0; i -= 2) {,0.100504,327,556
230,S4839,LengthConstraintType.java,55,public static final LengthConstraintType NONE,0.100504,327,556
230,S4840,LengthConstraintType.java,59,public static final LengthConstraintType RANGE,0.100504,327,556
230,S4841,LengthConstraintType.java,63,public static final LengthConstraintType FIXED,0.100504,327,556
230,S4842,LengthConstraintType.java,74,private LengthConstraintType(String name) {,0.100504,327,556
230,S4843,LengthConstraintType.java,75,this.name = name;,0.100504,327,556
230,S5778,ObjectUtilities.java,255,if (classLoader != null) {,0.100504,327,556
230,S5779,ObjectUtilities.java,258,"if (""ThreadContext"".equals(classLoaderSource)) {",0.100504,327,556
230,S5780,ObjectUtilities.java,259,final ClassLoader threadLoader,0.100504,327,556
230,S5781,ObjectUtilities.java,261,if (threadLoader != null) {,0.100504,327,556
230,S5782,ObjectUtilities.java,262,return threadLoader;,0.100504,327,556
230,S5783,ObjectUtilities.java,439,ClassLoader loader = getClassLoader(ObjectUtilities.class);,0.100504,327,556
230,S5784,ObjectUtilities.java,440,if (loader != null) {,0.100504,327,556
230,S5785,ObjectUtilities.java,442,"loader.loadClass(""java.util.RandomAccess"");",0.100504,327,556
230,S5786,ObjectUtilities.java,443,return true;,0.100504,327,556
230,S6753,Plot.java,491,return this.insets;,0.100504,327,556
230,S7040,RectangleConstraint.java,60,public static final RectangleConstraint NONE = new RectangleConstraint(,0.100504,327,556
230,S7041,RectangleConstraint.java,149,LengthConstraintType heightConstraintType) {,0.100504,327,556
230,S7042,RectangleConstraint.java,150,if (widthConstraintType == null) {,0.100504,327,556
230,S7043,RectangleConstraint.java,153,if (heightConstraintType == null) {,0.100504,327,556
230,S7044,RectangleConstraint.java,156,this.width = w;,0.100504,327,556
230,S7045,RectangleConstraint.java,157,this.widthRange = widthRange;,0.100504,327,556
230,S7046,RectangleConstraint.java,158,this.widthConstraintType = widthConstraintType;,0.100504,327,556
230,S7047,RectangleConstraint.java,159,this.height = h;,0.100504,327,556
230,S7048,RectangleConstraint.java,160,this.heightRange = heightRange;,0.100504,327,556
230,S7049,RectangleConstraint.java,161,this.heightConstraintType = heightConstraintType;,0.100504,327,556
230,S7050,RectangleConstraint.java,170,return this.width;,0.100504,327,556
230,S7051,RectangleConstraint.java,179,return this.widthRange;,0.100504,327,556
230,S7052,RectangleConstraint.java,188,return this.widthConstraintType;,0.100504,327,556
230,S7053,RectangleConstraint.java,197,return this.height;,0.100504,327,556
230,S7054,RectangleConstraint.java,206,return this.heightRange;,0.100504,327,556
230,S7055,RectangleConstraint.java,215,return this.heightConstraintType;,0.100504,327,556
230,S7117,RectangleInsets.java,381,double result = this.top;,0.100504,327,556
230,S7118,RectangleInsets.java,382,if (this.unitType == UnitType.RELATIVE) {,0.100504,327,556
230,S7119,RectangleInsets.java,385,return result;,0.100504,327,556
230,S7120,RectangleInsets.java,396,double result = this.top;,0.100504,327,556
230,S7121,RectangleInsets.java,397,if (this.unitType == UnitType.RELATIVE) {,0.100504,327,556
230,S7122,RectangleInsets.java,400,return result;,0.100504,327,556
230,S7123,RectangleInsets.java,411,double result = this.bottom;,0.100504,327,556
230,S7124,RectangleInsets.java,412,if (this.unitType == UnitType.RELATIVE) {,0.100504,327,556
230,S7125,RectangleInsets.java,415,return result;,0.100504,327,556
230,S7126,RectangleInsets.java,426,double result = this.bottom;,0.100504,327,556
230,S7127,RectangleInsets.java,427,if (this.unitType == UnitType.RELATIVE) {,0.100504,327,556
230,S7128,RectangleInsets.java,430,return result;,0.100504,327,556
230,S7129,RectangleInsets.java,441,double result = this.left;,0.100504,327,556
230,S7130,RectangleInsets.java,442,if (this.unitType == UnitType.RELATIVE) {,0.100504,327,556
230,S7131,RectangleInsets.java,445,return result;,0.100504,327,556
230,S7132,RectangleInsets.java,456,double result = this.left;,0.100504,327,556
230,S7133,RectangleInsets.java,457,if (this.unitType == UnitType.RELATIVE) {,0.100504,327,556
230,S7134,RectangleInsets.java,460,return result;,0.100504,327,556
230,S7135,RectangleInsets.java,471,double result = this.right;,0.100504,327,556
230,S7136,RectangleInsets.java,472,if (this.unitType == UnitType.RELATIVE) {,0.100504,327,556
230,S7137,RectangleInsets.java,475,return result;,0.100504,327,556
230,S7138,RectangleInsets.java,486,double result = this.right;,0.100504,327,556
230,S7139,RectangleInsets.java,487,if (this.unitType == UnitType.RELATIVE) {,0.100504,327,556
230,S7140,RectangleInsets.java,490,return result;,0.100504,327,556
230,S7141,RectangleInsets.java,501,return width - calculateLeftInset(width) - calculateRightInset(width);,0.100504,327,556
230,S7142,RectangleInsets.java,512,return width + calculateLeftOutset(width) + calculateRightOutset(width);,0.100504,327,556
230,S7143,RectangleInsets.java,523,return height,0.100504,327,556
230,S7144,RectangleInsets.java,535,return height,0.100504,327,556
230,S7145,RectangleInsets.java,545,double w = area.getWidth();,0.100504,327,556
230,S7146,RectangleInsets.java,546,double h = area.getHeight();,0.100504,327,556
230,S7147,RectangleInsets.java,547,double l = calculateLeftInset(w);,0.100504,327,556
230,S7148,RectangleInsets.java,548,double r = calculateRightInset(w);,0.100504,327,556
230,S7149,RectangleInsets.java,549,double t = calculateTopInset(h);,0.100504,327,556
230,S7150,RectangleInsets.java,550,double b = calculateBottomInset(h);,0.100504,327,556
230,S7151,RectangleInsets.java,551,"area.setRect(area.getX() + l, area.getY() + t, w - l - r, h - t - b);",0.100504,327,556
230,S7525,Size2D.java,81,"public Size2D(double width, double height) {",0.100504,327,556
230,S7526,Size2D.java,82,this.width = width;,0.100504,327,556
230,S7527,Size2D.java,83,this.height = height;,0.100504,327,556
230,S7528,Size2D.java,92,return this.width;,0.100504,327,556
230,S7529,Size2D.java,110,return this.height;,0.100504,327,556
230,S8554,TextBlock.java,85,public TextBlock() {,0.100504,327,556
230,S8555,TextBlock.java,86,this.lines = new java.util.ArrayList();,0.100504,327,556
230,S8556,TextBlock.java,87,this.lineAlignment = HorizontalAlignment.CENTER;,0.100504,327,556
230,S8559,TextBlock.java,119,"addLine(new TextLine(text, font, paint));",0.100504,327,556
230,S8560,TextBlock.java,128,this.lines.add(line);,0.100504,327,556
230,S8566,TextBlock.java,162,double width = 0.0;,0.100504,327,556
230,S8567,TextBlock.java,163,double height = 0.0;,0.100504,327,556
230,S8568,TextBlock.java,164,Iterator iterator = this.lines.iterator();,0.100504,327,556
230,S8569,TextBlock.java,165,while (iterator.hasNext()) {,0.100504,327,556
230,S8570,TextBlock.java,166,TextLine line = (TextLine) iterator.next();,0.100504,327,556
230,S8571,TextBlock.java,167,Size2D dimension = line.calculateDimensions(g2);,0.100504,327,556
230,S8572,TextBlock.java,168,"width = Math.max(width, dimension.getWidth());",0.100504,327,556
230,S8573,TextBlock.java,169,height = height + dimension.getHeight();,0.100504,327,556
230,S8574,TextBlock.java,171,"return new Size2D(width, height);",0.100504,327,556
230,S8580,TextBlock.java,210,"draw(g2, x, y, anchor, 0.0f, 0.0f, 0.0);",0.100504,327,556
230,S8581,TextBlock.java,230,Size2D d = calculateDimensions(g2);,0.100504,327,556
230,S8582,TextBlock.java,231,"float[] offsets = calculateOffsets(anchor, d.getWidth(), d.getHeight());",0.100504,327,556
230,S8583,TextBlock.java,232,Iterator iterator = this.lines.iterator();,0.100504,327,556
230,S8584,TextBlock.java,233,float yCursor = 0.0f;,0.100504,327,556
230,S8585,TextBlock.java,234,while (iterator.hasNext()) {,0.100504,327,556
230,S8586,TextBlock.java,235,TextLine line = (TextLine) iterator.next();,0.100504,327,556
230,S8587,TextBlock.java,236,Size2D dimension = line.calculateDimensions(g2);,0.100504,327,556
230,S8588,TextBlock.java,237,float lineOffset = 0.0f;,0.100504,327,556
230,S8589,TextBlock.java,238,if (this.lineAlignment == HorizontalAlignment.CENTER) {,0.100504,327,556
230,S8590,TextBlock.java,239,lineOffset = (float) (d.getWidth() - dimension.getWidth()),0.100504,327,556
230,S8591,TextBlock.java,245,"line.draw(g2, anchorX + offsets[0] + lineOffset, anchorY",0.100504,327,556
230,S8592,TextBlock.java,248,yCursor = yCursor + (float) dimension.getHeight();,0.100504,327,556
230,S8593,TextBlock.java,266,float[] result = new float[2];,0.100504,327,556
230,S8594,TextBlock.java,267,float xAdj = 0.0f;,0.100504,327,556
230,S8595,TextBlock.java,268,float yAdj = 0.0f;,0.100504,327,556
230,S8596,TextBlock.java,270,if (anchor == TextBlockAnchor.TOP_CENTER,0.100504,327,556
230,S8600,TextBlock.java,285,if (anchor == TextBlockAnchor.TOP_LEFT,0.100504,327,556
230,S8601,TextBlock.java,289,yAdj = 0.0f;,0.100504,327,556
230,S8604,TextBlock.java,306,result[0] = xAdj;,0.100504,327,556
230,S8605,TextBlock.java,307,result[1] = yAdj;,0.100504,327,556
230,S8606,TextBlock.java,308,return result;,0.100504,327,556
230,S8673,TextFragment.java,78,"public static final Font DEFAULT_FONT = new Font(""Serif"", Font.PLAIN, 12);",0.100504,327,556
230,S8674,TextFragment.java,81,public static final Paint DEFAULT_PAINT = Color.black;,0.100504,327,556
230,S8675,TextFragment.java,125,"this(text, font, paint, 0.0f);",0.100504,327,556
230,S8676,TextFragment.java,137,float baselineOffset) {,0.100504,327,556
230,S8677,TextFragment.java,138,if (text == null) {,0.100504,327,556
230,S8678,TextFragment.java,141,if (font == null) {,0.100504,327,556
230,S8679,TextFragment.java,144,if (paint == null) {,0.100504,327,556
230,S8680,TextFragment.java,147,this.text = text;,0.100504,327,556
230,S8681,TextFragment.java,148,this.font = font;,0.100504,327,556
230,S8682,TextFragment.java,149,this.paint = paint;,0.100504,327,556
230,S8683,TextFragment.java,150,this.baselineOffset = baselineOffset;,0.100504,327,556
230,S8687,TextFragment.java,206,g2.setFont(this.font);,0.100504,327,556
230,S8688,TextFragment.java,207,g2.setPaint(this.paint);,0.100504,327,556
230,S8689,TextFragment.java,208,"TextUtilities.drawRotatedString(this.text, g2, anchorX, anchorY",0.100504,327,556
230,S8690,TextFragment.java,221,FontMetrics fm = g2.getFontMetrics(this.font);,0.100504,327,556
230,S8691,TextFragment.java,222,"Rectangle2D bounds = TextUtilities.getTextBounds(this.text, g2, fm);",0.100504,327,556
230,S8692,TextFragment.java,223,"Size2D result = new Size2D(bounds.getWidth(), bounds.getHeight());",0.100504,327,556
230,S8693,TextFragment.java,224,return result;,0.100504,327,556
230,S8694,TextFragment.java,237,float result = 0.0f;,0.100504,327,556
230,S8695,TextFragment.java,238,FontMetrics fm = g2.getFontMetrics(this.font);,0.100504,327,556
230,S8696,TextFragment.java,239,"LineMetrics lm = fm.getLineMetrics(""ABCxyz"", g2);",0.100504,327,556
230,S8697,TextFragment.java,240,if (anchor == TextAnchor.TOP_LEFT || anchor == TextAnchor.TOP_CENTER,0.100504,327,556
230,S8698,TextFragment.java,242,result = lm.getAscent();,0.100504,327,556
230,S8699,TextFragment.java,249,return result;,0.100504,327,556
230,S8703,TextLine.java,107,"public TextLine(String text, Font font, Paint paint) {",0.100504,327,556
230,S8704,TextLine.java,108,if (text == null) {,0.100504,327,556
230,S8705,TextLine.java,111,if (font == null) {,0.100504,327,556
230,S8706,TextLine.java,114,if (paint == null) {,0.100504,327,556
230,S8707,TextLine.java,117,this.fragments = new java.util.ArrayList();,0.100504,327,556
230,S8708,TextLine.java,118,"TextFragment fragment = new TextFragment(text, font, paint);",0.100504,327,556
230,S8709,TextLine.java,119,this.fragments.add(fragment);,0.100504,327,556
230,S8712,TextLine.java,156,float x = anchorX;,0.100504,327,556
230,S8713,TextLine.java,157,"float yOffset = calculateBaselineOffset(g2, anchor);",0.100504,327,556
230,S8714,TextLine.java,158,Iterator iterator = this.fragments.iterator();,0.100504,327,556
230,S8715,TextLine.java,159,while (iterator.hasNext()) {,0.100504,327,556
230,S8716,TextLine.java,160,TextFragment fragment = (TextFragment) iterator.next();,0.100504,327,556
230,S8717,TextLine.java,161,Size2D d = fragment.calculateDimensions(g2);,0.100504,327,556
230,S8718,TextLine.java,162,"fragment.draw(g2, x, anchorY + yOffset, TextAnchor.BASELINE_LEFT,",0.100504,327,556
230,S8719,TextLine.java,164,x = x + (float) d.getWidth();,0.100504,327,556
230,S8720,TextLine.java,177,double width = 0.0;,0.100504,327,556
230,S8721,TextLine.java,178,double height = 0.0;,0.100504,327,556
230,S8722,TextLine.java,179,Iterator iterator = this.fragments.iterator();,0.100504,327,556
230,S8723,TextLine.java,180,while (iterator.hasNext()) {,0.100504,327,556
230,S8724,TextLine.java,181,TextFragment fragment = (TextFragment) iterator.next();,0.100504,327,556
230,S8725,TextLine.java,182,Size2D dimension = fragment.calculateDimensions(g2);,0.100504,327,556
230,S8726,TextLine.java,183,width = width + dimension.getWidth();,0.100504,327,556
230,S8727,TextLine.java,184,"height = Math.max(height, dimension.getHeight());",0.100504,327,556
230,S8728,TextLine.java,186,"return new Size2D(width, height);",0.100504,327,556
230,S8733,TextLine.java,227,float result = 0.0f;,0.100504,327,556
230,S8734,TextLine.java,228,Iterator iterator = this.fragments.iterator();,0.100504,327,556
230,S8735,TextLine.java,229,while (iterator.hasNext()) {,0.100504,327,556
230,S8736,TextLine.java,230,TextFragment fragment = (TextFragment) iterator.next();,0.100504,327,556
230,S8737,TextLine.java,231,"result = Math.max(result,",0.100504,327,556
230,S8738,TextLine.java,234,return result;,0.100504,327,556
230,S8839,TextUtilities.java,91,boolean isJava14 = ObjectUtilities.isJDK14();,0.100504,327,556
230,S8840,TextUtilities.java,92,useDrawRotatedStringWorkaround = (isJava14 == false);,0.100504,327,556
230,S8841,TextUtilities.java,93,useFontMetricsGetStringBounds = (isJava14 == true);,0.100504,327,556
230,S8901,TextUtilities.java,288,if (TextUtilities.useFontMetricsGetStringBounds) {,0.100504,327,556
230,S8902,TextUtilities.java,289,"bounds = fm.getStringBounds(text, g2);",0.100504,327,556
230,S8903,TextUtilities.java,293,"LineMetrics lm = fm.getFont().getLineMetrics(text,",0.100504,327,556
230,S8904,TextUtilities.java,295,"bounds.setRect(bounds.getX(), bounds.getY(), bounds.getWidth(),",0.100504,327,556
230,S8905,TextUtilities.java,304,return bounds;,0.100504,327,556
230,S8906,TextUtilities.java,476,"if ((text == null) || (text.equals(""""))) {",0.100504,327,556
230,S8907,TextUtilities.java,480,AffineTransform saved = g2.getTransform();,0.100504,327,556
230,S8908,TextUtilities.java,483,AffineTransform rotate = AffineTransform.getRotateInstance(,0.100504,327,556
230,S8909,TextUtilities.java,485,g2.transform(rotate);,0.100504,327,556
230,S8910,TextUtilities.java,487,if (useDrawRotatedStringWorkaround) {,0.100504,327,556
230,S8911,TextUtilities.java,495,"g2.drawString(text, textX, textY);",0.100504,327,556
230,S8912,TextUtilities.java,497,g2.setTransform(saved);,0.100504,327,556
230,S8913,TextUtilities.java,518,"if (text == null || text.equals("""")) {",0.100504,327,556
230,S8914,TextUtilities.java,521,"float[] textAdj = deriveTextBoundsAnchorOffsets(g2, text, textAnchor);",0.100504,327,556
230,S8915,TextUtilities.java,522,"drawRotatedString(text, g2, x + textAdj[0], y + textAdj[1], angle,",0.100504,327,556
230,S8920,TextUtilities.java,602,float[] result = new float[2];,0.100504,327,556
230,S8921,TextUtilities.java,603,FontRenderContext frc = g2.getFontRenderContext();,0.100504,327,556
230,S8922,TextUtilities.java,604,Font f = g2.getFont();,0.100504,327,556
230,S8923,TextUtilities.java,605,FontMetrics fm = g2.getFontMetrics(f);,0.100504,327,556
230,S8924,TextUtilities.java,606,"Rectangle2D bounds = TextUtilities.getTextBounds(text, g2, fm);",0.100504,327,556
230,S8925,TextUtilities.java,607,"LineMetrics metrics = f.getLineMetrics(text, frc);",0.100504,327,556
230,S8926,TextUtilities.java,608,float ascent = metrics.getAscent();,0.100504,327,556
230,S8927,TextUtilities.java,609,float halfAscent = ascent / 2.0f;,0.100504,327,556
230,S8928,TextUtilities.java,610,float descent = metrics.getDescent();,0.100504,327,556
230,S8929,TextUtilities.java,611,float leading = metrics.getLeading();,0.100504,327,556
230,S8930,TextUtilities.java,612,float xAdj = 0.0f;,0.100504,327,556
230,S8931,TextUtilities.java,613,float yAdj = 0.0f;,0.100504,327,556
230,S8932,TextUtilities.java,615,if (anchor == TextAnchor.TOP_CENTER,0.100504,327,556
230,S8934,TextUtilities.java,624,else if (anchor == TextAnchor.TOP_RIGHT,0.100504,327,556
230,S8936,TextUtilities.java,634,if (anchor == TextAnchor.TOP_LEFT,0.100504,327,556
230,S8938,TextUtilities.java,641,else if (anchor == TextAnchor.HALF_ASCENT_LEFT,0.100504,327,556
230,S8939,TextUtilities.java,648,else if (anchor == TextAnchor.CENTER_LEFT,0.100504,327,556
230,S8941,TextUtilities.java,655,else if (anchor == TextAnchor.BASELINE_LEFT,0.100504,327,556
230,S8942,TextUtilities.java,659,yAdj = 0.0f;,0.100504,327,556
230,S8945,TextUtilities.java,669,result[0] = xAdj;,0.100504,327,556
230,S8946,TextUtilities.java,670,result[1] = yAdj;,0.100504,327,556
230,S8947,TextUtilities.java,671,return result;,0.100504,327,556
230,S9157,Title.java,206,return this.position;,0.100504,327,556
230,S9162,Title.java,231,return this.horizontalAlignment;,0.100504,327,556
557,S4716,LegendItemCollection.java,65,public LegendItemCollection() {,0.099015,3,559
557,S4717,LegendItemCollection.java,66,this.items = new java.util.ArrayList();,0.099015,3,559
557,S4720,LegendItemCollection.java,104,return this.items.size();,0.099015,3,559
560,S7070,RectangleEdge.java,137,return (edge == RectangleEdge.TOP || edge == RectangleEdge.BOTTOM);,0.09759,1,560
561,S326,AbstractPieItemLabelGenerator.java,82,NumberFormat percentFormat) {,0.096225,76,636
561,S327,AbstractPieItemLabelGenerator.java,84,if (labelFormat == null) {,0.096225,76,636
561,S328,AbstractPieItemLabelGenerator.java,87,if (numberFormat == null) {,0.096225,76,636
561,S329,AbstractPieItemLabelGenerator.java,90,if (percentFormat == null) {,0.096225,76,636
561,S330,AbstractPieItemLabelGenerator.java,95,this.labelFormat = labelFormat;,0.096225,76,636
561,S331,AbstractPieItemLabelGenerator.java,96,this.numberFormat = numberFormat;,0.096225,76,636
561,S332,AbstractPieItemLabelGenerator.java,97,this.percentFormat = percentFormat;,0.096225,76,636
561,S370,AbstractPieLabelDistributor.java,60,public AbstractPieLabelDistributor() {,0.096225,76,636
561,S371,AbstractPieLabelDistributor.java,61,this.labels = new java.util.ArrayList();,0.096225,76,636
561,S5813,PaintMap.java,77,public PaintMap() {,0.096225,76,636
561,S5814,PaintMap.java,78,this.store = new HashMap();,0.096225,76,636
561,S5852,PieLabelDistributor.java,54,private double minGap = 4.0;,0.096225,76,636
561,S5853,PieLabelDistributor.java,62,super();,0.096225,76,636
561,S5902,PiePlot.java,246,"public static final Font DEFAULT_LABEL_FONT = new Font(""SansSerif"",",0.096225,76,636
561,S5903,PiePlot.java,250,public static final Paint DEFAULT_LABEL_PAINT = Color.black;,0.096225,76,636
561,S5904,PiePlot.java,253,"public static final Paint DEFAULT_LABEL_BACKGROUND_PAINT = new Color(255,",0.096225,76,636
561,S5905,PiePlot.java,257,public static final Paint DEFAULT_LABEL_OUTLINE_PAINT = Color.black;,0.096225,76,636
561,S5906,PiePlot.java,260,public static final Stroke DEFAULT_LABEL_OUTLINE_STROKE = new BasicStroke(,0.096225,76,636
561,S5907,PiePlot.java,264,"public static final Paint DEFAULT_LABEL_SHADOW_PAINT = new Color(151, 151,",0.096225,76,636
561,S5908,PiePlot.java,316,private transient Paint shadowPaint = Color.gray;,0.096225,76,636
561,S5909,PiePlot.java,319,private double shadowXOffset = 4.0f;,0.096225,76,636
561,S5910,PiePlot.java,322,private double shadowYOffset = 4.0f;,0.096225,76,636
561,S5911,PiePlot.java,365,private boolean simpleLabels = true;,0.096225,76,636
561,S5912,PiePlot.java,383,private double maximumLabelWidth = 0.14;,0.096225,76,636
561,S5913,PiePlot.java,389,private double labelGap = 0.025;,0.096225,76,636
561,S5914,PiePlot.java,395,private double labelLinkMargin = 0.025;,0.096225,76,636
561,S5915,PiePlot.java,398,private transient Paint labelLinkPaint = Color.black;,0.096225,76,636
561,S5916,PiePlot.java,401,private transient Stroke labelLinkStroke = new BasicStroke(0.5f);,0.096225,76,636
561,S5917,PiePlot.java,456,protected static ResourceBundle localizationResources =,0.096225,76,636
561,S5919,PiePlot.java,492,super();,0.096225,76,636
561,S5920,PiePlot.java,493,this.dataset = dataset;,0.096225,76,636
561,S5921,PiePlot.java,494,if (dataset != null) {,0.096225,76,636
561,S5923,PiePlot.java,497,this.pieIndex = 0;,0.096225,76,636
561,S5924,PiePlot.java,499,this.interiorGap = DEFAULT_INTERIOR_GAP;,0.096225,76,636
561,S5925,PiePlot.java,500,this.circular = true;,0.096225,76,636
561,S5926,PiePlot.java,501,this.startAngle = DEFAULT_START_ANGLE;,0.096225,76,636
561,S5927,PiePlot.java,502,this.direction = Rotation.CLOCKWISE;,0.096225,76,636
561,S5928,PiePlot.java,503,this.minimumArcAngleToDraw = DEFAULT_MINIMUM_ARC_ANGLE_TO_DRAW;,0.096225,76,636
561,S5929,PiePlot.java,505,this.sectionPaintMap = new PaintMap();,0.096225,76,636
561,S5930,PiePlot.java,506,this.baseSectionPaint = Color.gray;,0.096225,76,636
561,S5931,PiePlot.java,508,this.sectionOutlinesVisible = true;,0.096225,76,636
561,S5932,PiePlot.java,509,this.sectionOutlinePaintMap = new PaintMap();,0.096225,76,636
561,S5933,PiePlot.java,510,this.baseSectionOutlinePaint = DEFAULT_OUTLINE_PAINT;,0.096225,76,636
561,S5934,PiePlot.java,512,this.sectionOutlineStrokeMap = new StrokeMap();,0.096225,76,636
561,S5935,PiePlot.java,513,this.baseSectionOutlineStroke = DEFAULT_OUTLINE_STROKE;,0.096225,76,636
561,S5936,PiePlot.java,515,this.explodePercentages = new TreeMap();,0.096225,76,636
561,S5937,PiePlot.java,517,this.labelGenerator = new StandardPieSectionLabelGenerator();,0.096225,76,636
561,S5938,PiePlot.java,518,this.labelFont = DEFAULT_LABEL_FONT;,0.096225,76,636
561,S5939,PiePlot.java,519,this.labelPaint = DEFAULT_LABEL_PAINT;,0.096225,76,636
561,S5940,PiePlot.java,520,this.labelBackgroundPaint = DEFAULT_LABEL_BACKGROUND_PAINT;,0.096225,76,636
561,S5941,PiePlot.java,521,this.labelOutlinePaint = DEFAULT_LABEL_OUTLINE_PAINT;,0.096225,76,636
561,S5942,PiePlot.java,522,this.labelOutlineStroke = DEFAULT_LABEL_OUTLINE_STROKE;,0.096225,76,636
561,S5943,PiePlot.java,523,this.labelShadowPaint = DEFAULT_LABEL_SHADOW_PAINT;,0.096225,76,636
561,S5944,PiePlot.java,524,this.labelLinksVisible = true;,0.096225,76,636
561,S5945,PiePlot.java,525,this.labelDistributor = new PieLabelDistributor(0);,0.096225,76,636
561,S5946,PiePlot.java,527,this.simpleLabels = false;,0.096225,76,636
561,S5947,PiePlot.java,528,"this.simpleLabelOffset = new RectangleInsets(UnitType.RELATIVE, 0.18,",0.096225,76,636
561,S5948,PiePlot.java,530,"this.labelPadding = new RectangleInsets(2, 2, 2, 2);",0.096225,76,636
561,S5949,PiePlot.java,532,this.toolTipGenerator = null;,0.096225,76,636
561,S5950,PiePlot.java,533,this.urlGenerator = null;,0.096225,76,636
561,S5951,PiePlot.java,534,this.legendLabelGenerator = new StandardPieSectionLabelGenerator();,0.096225,76,636
561,S5952,PiePlot.java,535,this.legendLabelToolTipGenerator = null;,0.096225,76,636
561,S5953,PiePlot.java,536,this.legendLabelURLGenerator = null;,0.096225,76,636
561,S5954,PiePlot.java,537,this.legendItemShape = Plot.DEFAULT_LEGEND_ITEM_CIRCLE;,0.096225,76,636
561,S5955,PiePlot.java,539,this.ignoreNullValues = false;,0.096225,76,636
561,S5956,PiePlot.java,540,this.ignoreZeroValues = false;,0.096225,76,636
561,S7228,Rotation.java,59,public static final Rotation CLOCKWISE,0.096225,76,636
561,S7229,Rotation.java,63,public static final Rotation ANTICLOCKWISE,0.096225,76,636
561,S7230,Rotation.java,81,"private Rotation(final String name, final double factor) {",0.096225,76,636
561,S7231,Rotation.java,82,this.name = name;,0.096225,76,636
561,S7232,Rotation.java,83,this.factor = factor;,0.096225,76,636
561,S8121,StandardPieSectionLabelGenerator.java,90,"this(DEFAULT_SECTION_LABEL_FORMAT, NumberFormat.getNumberInstance(),",0.096225,76,636
561,S8123,StandardPieSectionLabelGenerator.java,141,"super(labelFormat, numberFormat, percentFormat);",0.096225,76,636
561,S8124,StandardPieSectionLabelGenerator.java,142,this.attributedLabels = new ObjectList();,0.096225,76,636
561,S8349,StrokeMap.java,75,public StrokeMap() {,0.096225,76,636
561,S8350,StrokeMap.java,76,this.store = new TreeMap();,0.096225,76,636
637,S7095,RectangleInsets.java,184,if (!(obj instanceof RectangleInsets)) {,0.093659,4,640
637,S7096,RectangleInsets.java,187,final RectangleInsets that = (RectangleInsets) obj;,0.093659,4,640
637,S7097,RectangleInsets.java,188,if (that.unitType != this.unitType) {,0.093659,4,640
637,S7098,RectangleInsets.java,191,if (this.left != that.left) {,0.093659,4,640
641,S7093,RectangleInsets.java,181,if (obj == this) {,0.086066,1,641
642,S8607,TextBlockAnchor.java,57,public static final TextBlockAnchor TOP_LEFT,0.065795,11,652
642,S8608,TextBlockAnchor.java,61,public static final TextBlockAnchor TOP_CENTER = new TextBlockAnchor(,0.065795,11,652
642,S8609,TextBlockAnchor.java,65,public static final TextBlockAnchor TOP_RIGHT = new TextBlockAnchor(,0.065795,11,652
642,S8610,TextBlockAnchor.java,69,public static final TextBlockAnchor CENTER_LEFT = new TextBlockAnchor(,0.065795,11,652
642,S8611,TextBlockAnchor.java,73,public static final TextBlockAnchor CENTER = new TextBlockAnchor(,0.065795,11,652
642,S8612,TextBlockAnchor.java,77,public static final TextBlockAnchor CENTER_RIGHT = new TextBlockAnchor(,0.065795,11,652
642,S8613,TextBlockAnchor.java,81,public static final TextBlockAnchor BOTTOM_LEFT,0.065795,11,652
642,S8614,TextBlockAnchor.java,85,public static final TextBlockAnchor BOTTOM_CENTER,0.065795,11,652
642,S8615,TextBlockAnchor.java,89,public static final TextBlockAnchor BOTTOM_RIGHT,0.065795,11,652
642,S8616,TextBlockAnchor.java,100,private TextBlockAnchor(String name) {,0.065795,11,652
642,S8617,TextBlockAnchor.java,101,this.name = name;,0.065795,11,652
653,S9,AbstractBlock.java,209,if (margin == null) {,0.059235,58,710
653,S10,AbstractBlock.java,212,this.margin = margin;,0.059235,58,710
653,S12,AbstractBlock.java,251,if (frame == null) {,0.059235,58,710
653,S13,AbstractBlock.java,254,this.frame = frame;,0.059235,58,710
653,S1541,BlockContainer.java,95,public BlockContainer(Arrangement arrangement) {,0.059235,58,710
653,S1542,BlockContainer.java,96,if (arrangement == null) {,0.059235,58,710
653,S1543,BlockContainer.java,99,this.arrangement = arrangement;,0.059235,58,710
653,S1544,BlockContainer.java,100,this.blocks = new ArrayList();,0.059235,58,710
653,S3096,ColumnArrangement.java,78,public ColumnArrangement() {,0.059235,58,710
653,S4006,FlowArrangement.java,80,"this(HorizontalAlignment.CENTER, VerticalAlignment.CENTER, 2.0, 2.0);",0.059235,58,710
653,S4007,FlowArrangement.java,92,"double hGap, double vGap) {",0.059235,58,710
653,S4008,FlowArrangement.java,93,this.horizontalAlignment = hAlign;,0.059235,58,710
653,S4009,FlowArrangement.java,94,this.verticalAlignment = vAlign;,0.059235,58,710
653,S4010,FlowArrangement.java,95,this.horizontalGap = hGap;,0.059235,58,710
653,S4011,FlowArrangement.java,96,this.verticalGap = vGap;,0.059235,58,710
653,S4329,JFreeChart.java,393,LegendTitle legend = new LegendTitle(this.plot);,0.059235,58,710
653,S4330,JFreeChart.java,394,"legend.setMargin(new RectangleInsets(1.0, 1.0, 1.0, 1.0));",0.059235,58,710
653,S4331,JFreeChart.java,395,legend.setFrame(new LineBorder());,0.059235,58,710
653,S4332,JFreeChart.java,396,legend.setBackgroundPaint(Color.white);,0.059235,58,710
653,S4333,JFreeChart.java,397,legend.setPosition(RectangleEdge.BOTTOM);,0.059235,58,710
653,S4334,JFreeChart.java,398,this.subtitles.add(legend);,0.059235,58,710
653,S4335,JFreeChart.java,399,legend.addChangeListener(this);,0.059235,58,710
653,S4721,LegendTitle.java,108,public static final Font DEFAULT_ITEM_FONT,0.059235,58,710
653,S4722,LegendTitle.java,112,public static final Paint DEFAULT_ITEM_PAINT = Color.black;,0.059235,58,710
653,S4723,LegendTitle.java,162,"this(source, new FlowArrangement(), new ColumnArrangement());",0.059235,58,710
653,S4724,LegendTitle.java,175,"Arrangement hLayout, Arrangement vLayout) {",0.059235,58,710
653,S4725,LegendTitle.java,176,this.sources = new LegendItemSource[] {source};,0.059235,58,710
653,S4726,LegendTitle.java,177,this.items = new BlockContainer(hLayout);,0.059235,58,710
653,S4727,LegendTitle.java,178,this.hLayout = hLayout;,0.059235,58,710
653,S4728,LegendTitle.java,179,this.vLayout = vLayout;,0.059235,58,710
653,S4729,LegendTitle.java,180,this.backgroundPaint = null;,0.059235,58,710
653,S4730,LegendTitle.java,181,this.legendItemGraphicEdge = RectangleEdge.LEFT;,0.059235,58,710
653,S4731,LegendTitle.java,182,this.legendItemGraphicAnchor = RectangleAnchor.CENTER;,0.059235,58,710
653,S4732,LegendTitle.java,183,this.legendItemGraphicLocation = RectangleAnchor.CENTER;,0.059235,58,710
653,S4733,LegendTitle.java,184,"this.legendItemGraphicPadding = new RectangleInsets(2.0, 2.0, 2.0, 2.0);",0.059235,58,710
653,S4734,LegendTitle.java,185,this.itemFont = DEFAULT_ITEM_FONT;,0.059235,58,710
653,S4735,LegendTitle.java,186,this.itemPaint = DEFAULT_ITEM_PAINT;,0.059235,58,710
653,S4736,LegendTitle.java,187,"this.itemLabelPadding = new RectangleInsets(2.0, 2.0, 2.0, 2.0);",0.059235,58,710
653,S4738,LegendTitle.java,229,this.backgroundPaint = paint;,0.059235,58,710
653,S4739,LegendTitle.java,230,notifyListeners(new TitleChangeEvent(this));,0.059235,58,710
653,S4935,LineBorder.java,82,"this(Color.black, new BasicStroke(1.0f), new RectangleInsets(1.0, 1.0,",0.059235,58,710
653,S4936,LineBorder.java,93,"public LineBorder(Paint paint, Stroke stroke, RectangleInsets insets) {",0.059235,58,710
653,S4937,LineBorder.java,94,if (paint == null) {,0.059235,58,710
653,S4938,LineBorder.java,97,if (stroke == null) {,0.059235,58,710
653,S4939,LineBorder.java,100,if (insets == null) {,0.059235,58,710
653,S4940,LineBorder.java,103,this.paint = paint;,0.059235,58,710
653,S4941,LineBorder.java,104,this.stroke = stroke;,0.059235,58,710
653,S4942,LineBorder.java,105,this.insets = insets;,0.059235,58,710
653,S9145,Title.java,131,"this(Title.DEFAULT_POSITION,",0.059235,58,710
653,S9158,Title.java,216,if (position == null) {,0.059235,58,710
653,S9159,Title.java,219,if (this.position != position) {,0.059235,58,710
653,S9160,Title.java,220,this.position = position;,0.059235,58,710
653,S9161,Title.java,221,notifyListeners(new TitleChangeEvent(this));,0.059235,58,710
653,S9165,Title.java,357,if (this.notify) {,0.059235,58,710
653,S9166,Title.java,358,Object[] listeners = this.listenerList.getListenerList();,0.059235,58,710
653,S9167,Title.java,359,for (int i = listeners.length - 2; i >= 0; i -= 2) {,0.059235,58,710
653,S9183,TitleChangeEvent.java,64,super(title);,0.059235,58,710
653,S9184,TitleChangeEvent.java,65,this.title = title;,0.059235,58,710
711,S5760,ObjectUtilities.java,80,private static String classLoaderSource = THREAD_CONTEXT;,0.056344,1,711
712,S4337,JFreeChart.java,404,if (titleFont == null) {,0.055815,3,714
712,S4338,JFreeChart.java,407,"this.title = new TextTitle(title, titleFont);",0.055815,3,714
712,S4339,JFreeChart.java,408,this.title.addChangeListener(this);,0.055815,3,714
715,S8739,TextTitle.java,126,"public static final Font DEFAULT_FONT = new Font(""SansSerif"", Font.BOLD,",0.0553,16,730
715,S8740,TextTitle.java,130,public static final Paint DEFAULT_TEXT_PAINT = Color.black;,0.0553,16,730
715,S8741,TextTitle.java,160,private boolean expandToFitSpace = false;,0.0553,16,730
715,S8743,TextTitle.java,187,"this(text, font, TextTitle.DEFAULT_TEXT_PAINT, Title.DEFAULT_POSITION,",0.0553,16,730
715,S8744,TextTitle.java,211,"super(position, horizontalAlignment, verticalAlignment, padding);",0.0553,16,730
715,S8745,TextTitle.java,213,if (text == null) {,0.0553,16,730
715,S8746,TextTitle.java,216,if (font == null) {,0.0553,16,730
715,S8747,TextTitle.java,219,if (paint == null) {,0.0553,16,730
715,S8748,TextTitle.java,222,this.text = text;,0.0553,16,730
715,S8749,TextTitle.java,223,this.font = font;,0.0553,16,730
715,S8750,TextTitle.java,224,this.paint = paint;,0.0553,16,730
715,S8751,TextTitle.java,228,this.textAlignment = horizontalAlignment;,0.0553,16,730
715,S8752,TextTitle.java,229,this.backgroundPaint = null;,0.0553,16,730
715,S8753,TextTitle.java,230,this.content = null;,0.0553,16,730
715,S8754,TextTitle.java,231,this.toolTipText = null;,0.0553,16,730
715,S8755,TextTitle.java,232,this.urlText = null;,0.0553,16,730
731,S1,AbstractBlock.java,109,protected AbstractBlock() {,0.054074,63,793
731,S2,AbstractBlock.java,110,this.id = null;,0.054074,63,793
731,S3,AbstractBlock.java,111,this.width = 0.0;,0.054074,63,793
731,S4,AbstractBlock.java,112,this.height = 0.0;,0.054074,63,793
731,S5,AbstractBlock.java,113,this.bounds = new Rectangle2D.Float();,0.054074,63,793
731,S6,AbstractBlock.java,114,this.margin = RectangleInsets.ZERO_INSETS;,0.054074,63,793
731,S7,AbstractBlock.java,115,this.frame = BlockBorder.NONE;,0.054074,63,793
731,S8,AbstractBlock.java,116,this.padding = RectangleInsets.ZERO_INSETS;,0.054074,63,793
731,S14,AbstractBlock.java,277,if (padding == null) {,0.054074,63,793
731,S15,AbstractBlock.java,280,this.padding = padding;,0.054074,63,793
731,S1509,BlockBorder.java,71,public static final BlockBorder NONE = new BlockBorder(,0.054074,63,793
731,S1510,BlockBorder.java,128,"public BlockBorder(RectangleInsets insets, Paint paint) {",0.054074,63,793
731,S1511,BlockBorder.java,129,if (insets == null) {,0.054074,63,793
731,S1512,BlockBorder.java,132,if (paint == null) {,0.054074,63,793
731,S1513,BlockBorder.java,135,this.insets = insets;,0.054074,63,793
731,S1514,BlockBorder.java,136,this.paint = paint;,0.054074,63,793
731,S4168,HorizontalAlignment.java,57,public static final HorizontalAlignment LEFT,0.054074,63,793
731,S4169,HorizontalAlignment.java,61,public static final HorizontalAlignment RIGHT,0.054074,63,793
731,S4170,HorizontalAlignment.java,65,public static final HorizontalAlignment CENTER,0.054074,63,793
731,S4171,HorizontalAlignment.java,76,private HorizontalAlignment(String name) {,0.054074,63,793
731,S4172,HorizontalAlignment.java,77,this.name = name;,0.054074,63,793
731,S4312,JFreeChart.java,298,private int backgroundImageAlignment = Align.FIT;,0.054074,63,793
731,S4313,JFreeChart.java,301,private float backgroundImageAlpha = 0.5f;,0.054074,63,793
731,S4315,JFreeChart.java,364,boolean createLegend) {,0.054074,63,793
731,S4316,JFreeChart.java,366,if (plot == null) {,0.054074,63,793
731,S4317,JFreeChart.java,371,this.progressListeners = new EventListenerList();,0.054074,63,793
731,S4318,JFreeChart.java,372,this.changeListeners = new EventListenerList();,0.054074,63,793
731,S4319,JFreeChart.java,373,this.notify = true;  // default is to notify listeners when the,0.054074,63,793
731,S4320,JFreeChart.java,376,this.renderingHints = new RenderingHints(,0.054074,63,793
731,S4321,JFreeChart.java,380,this.borderVisible = false;,0.054074,63,793
731,S4322,JFreeChart.java,381,this.borderStroke = new BasicStroke(1.0f);,0.054074,63,793
731,S4323,JFreeChart.java,382,this.borderPaint = Color.black;,0.054074,63,793
731,S4324,JFreeChart.java,384,this.padding = RectangleInsets.ZERO_INSETS;,0.054074,63,793
731,S4325,JFreeChart.java,386,this.plot = plot;,0.054074,63,793
731,S4326,JFreeChart.java,387,plot.addChangeListener(this);,0.054074,63,793
731,S4327,JFreeChart.java,389,this.subtitles = new ArrayList();,0.054074,63,793
731,S4328,JFreeChart.java,392,if (createLegend) {,0.054074,63,793
731,S4336,JFreeChart.java,403,if (title != null) {,0.054074,63,793
731,S4340,JFreeChart.java,411,this.backgroundPaint = DEFAULT_BACKGROUND_PAINT;,0.054074,63,793
731,S4341,JFreeChart.java,413,this.backgroundImage = DEFAULT_BACKGROUND_IMAGE;,0.054074,63,793
731,S4342,JFreeChart.java,414,this.backgroundImageAlignment = DEFAULT_BACKGROUND_IMAGE_ALIGNMENT;,0.054074,63,793
731,S4343,JFreeChart.java,415,this.backgroundImageAlpha = DEFAULT_BACKGROUND_IMAGE_ALPHA;,0.054074,63,793
731,S9141,Title.java,96,public static final RectangleEdge DEFAULT_POSITION = RectangleEdge.TOP;,0.054074,63,793
731,S9142,Title.java,100,DEFAULT_HORIZONTAL_ALIGNMENT = HorizontalAlignment.CENTER;,0.054074,63,793
731,S9143,Title.java,104,DEFAULT_VERTICAL_ALIGNMENT = VerticalAlignment.CENTER;,0.054074,63,793
731,S9144,Title.java,107,public static final RectangleInsets DEFAULT_PADDING = new RectangleInsets(,0.054074,63,793
731,S9146,Title.java,172,RectangleInsets padding) {,0.054074,63,793
731,S9147,Title.java,175,if (position == null) {,0.054074,63,793
731,S9148,Title.java,178,if (horizontalAlignment == null) {,0.054074,63,793
731,S9149,Title.java,183,if (verticalAlignment == null) {,0.054074,63,793
731,S9150,Title.java,187,if (padding == null) {,0.054074,63,793
731,S9151,Title.java,191,this.position = position;,0.054074,63,793
731,S9152,Title.java,192,this.horizontalAlignment = horizontalAlignment;,0.054074,63,793
731,S9153,Title.java,193,this.verticalAlignment = verticalAlignment;,0.054074,63,793
731,S9154,Title.java,194,setPadding(padding);,0.054074,63,793
731,S9155,Title.java,195,this.listenerList = new EventListenerList();,0.054074,63,793
731,S9156,Title.java,196,this.notify = true;,0.054074,63,793
731,S9163,Title.java,337,"this.listenerList.add(TitleChangeListener.class, listener);",0.054074,63,793
731,S9479,VerticalAlignment.java,57,public static final VerticalAlignment TOP,0.054074,63,793
731,S9480,VerticalAlignment.java,61,public static final VerticalAlignment BOTTOM,0.054074,63,793
731,S9481,VerticalAlignment.java,65,public static final VerticalAlignment CENTER,0.054074,63,793
731,S9482,VerticalAlignment.java,76,private VerticalAlignment(String name) {,0.054074,63,793
731,S9483,VerticalAlignment.java,77,this.name = name;,0.054074,63,793
794,S1501,BasicProjectInfo.java,145,public BasicProjectInfo() {,0.053838,32,825
794,S1502,BasicProjectInfo.java,146,this.libraries = new ArrayList();,0.053838,32,825
794,S1503,BasicProjectInfo.java,147,this.optionalLibraries = new ArrayList();,0.053838,32,825
794,S1504,BasicProjectInfo.java,198,this.copyright = copyright;,0.053838,32,825
794,S1505,BasicProjectInfo.java,207,super.setInfo(info);,0.053838,32,825
794,S1506,BasicProjectInfo.java,216,super.setLicenceName(licence);,0.053838,32,825
794,S1507,BasicProjectInfo.java,225,super.setName(name);,0.053838,32,825
794,S1508,BasicProjectInfo.java,234,super.setVersion(version);,0.053838,32,825
794,S3105,Contributor.java,63,"public Contributor(String name, String email) {",0.053838,32,825
794,S3106,Contributor.java,64,this.name = name;,0.053838,32,825
794,S3107,Contributor.java,65,this.email = email;,0.053838,32,825
794,S4308,JFreeChart.java,243,public static final ProjectInfo INFO = new JFreeChartInfo();,0.053838,32,825
794,S4309,JFreeChart.java,246,public static final Font DEFAULT_TITLE_FONT,0.053838,32,825
794,S4310,JFreeChart.java,250,public static final Paint DEFAULT_BACKGROUND_PAINT = Color.WHITE;,0.053838,32,825
794,S4311,JFreeChart.java,253,public static final Image DEFAULT_BACKGROUND_IMAGE = null;,0.053838,32,825
794,S4549,JFreeChartResources.java,44,public class JFreeChartResources extends ListResourceBundle {,0.053838,32,825
794,S4550,JFreeChartResources.java,52,return CONTENTS;,0.053838,32,825
794,S4551,JFreeChartResources.java,56,private static final Object[][] CONTENTS = {,0.053838,32,825
794,S4844,Library.java,82,protected Library() {,0.053838,32,825
794,S4845,Library.java,128,this.info = info;,0.053838,32,825
794,S4846,Library.java,137,this.licenceName = licenceName;,0.053838,32,825
794,S4847,Library.java,146,this.name = name;,0.053838,32,825
794,S4848,Library.java,155,this.version = version;,0.053838,32,825
794,S4849,Licences.java,52,public class Licences {,0.053838,32,825
794,S4850,Licences.java,799,if (singleton == null) {,0.053838,32,825
794,S4851,Licences.java,800,singleton = new Licences();,0.053838,32,825
794,S4852,Licences.java,802,return singleton;,0.053838,32,825
794,S4853,Licences.java,822,return LGPL;,0.053838,32,825
794,S6940,ProjectInfo.java,67,public ProjectInfo() {,0.053838,32,825
794,S6942,ProjectInfo.java,111,this.logo = logo;,0.053838,32,825
794,S6943,ProjectInfo.java,129,this.licenceText = licenceText;,0.053838,32,825
794,S6944,ProjectInfo.java,147,this.contributors = contributors;,0.053838,32,825
826,S6805,Plot.java,870,"this.listenerList.add(PlotChangeListener.class, listener);",0.053606,18,843
826,S6988,RectangleAnchor.java,63,public static final RectangleAnchor CENTER,0.053606,18,843
826,S6989,RectangleAnchor.java,67,public static final RectangleAnchor TOP,0.053606,18,843
826,S6990,RectangleAnchor.java,71,public static final RectangleAnchor TOP_LEFT,0.053606,18,843
826,S6991,RectangleAnchor.java,75,public static final RectangleAnchor TOP_RIGHT,0.053606,18,843
826,S6992,RectangleAnchor.java,79,public static final RectangleAnchor BOTTOM,0.053606,18,843
826,S6993,RectangleAnchor.java,83,public static final RectangleAnchor BOTTOM_LEFT,0.053606,18,843
826,S6994,RectangleAnchor.java,87,public static final RectangleAnchor BOTTOM_RIGHT,0.053606,18,843
826,S6995,RectangleAnchor.java,91,public static final RectangleAnchor LEFT,0.053606,18,843
826,S6996,RectangleAnchor.java,95,public static final RectangleAnchor RIGHT,0.053606,18,843
826,S6997,RectangleAnchor.java,106,private RectangleAnchor(final String name) {,0.053606,18,843
826,S6998,RectangleAnchor.java,107,this.name = name;,0.053606,18,843
826,S7057,RectangleEdge.java,57,public static final RectangleEdge TOP = new RectangleEdge(,0.053606,18,843
826,S7058,RectangleEdge.java,61,public static final RectangleEdge BOTTOM = new RectangleEdge(,0.053606,18,843
826,S7059,RectangleEdge.java,65,public static final RectangleEdge LEFT = new RectangleEdge(,0.053606,18,843
826,S7060,RectangleEdge.java,69,public static final RectangleEdge RIGHT = new RectangleEdge(,0.053606,18,843
826,S7061,RectangleEdge.java,80,private RectangleEdge(String name) {,0.053606,18,843
826,S7062,RectangleEdge.java,81,this.name = name;,0.053606,18,843
844,S6949,Range.java,99,return this.lower;,0.053376,2,845
844,S6950,Range.java,108,return this.upper;,0.053376,2,845
846,S6916,PlotOrientation.java,57,public static final PlotOrientation HORIZONTAL,0.051434,4,849
846,S6917,PlotOrientation.java,61,public static final PlotOrientation VERTICAL,0.051434,4,849
846,S6918,PlotOrientation.java,72,private PlotOrientation(String name) {,0.051434,4,849
846,S6919,PlotOrientation.java,73,this.name = name;,0.051434,4,849
850,S6945,Range.java,83,"public Range(double lower, double upper) {",0.051232,4,853
850,S6946,Range.java,84,if (lower > upper) {,0.051232,4,853
850,S6947,Range.java,89,this.lower = lower;,0.051232,4,853
850,S6948,Range.java,90,this.upper = upper;,0.051232,4,853
854,S8486,TextAnchor.java,58,public static final TextAnchor TOP_LEFT = new TextAnchor(,0.047458,17,870
854,S8487,TextAnchor.java,62,public static final TextAnchor TOP_CENTER = new TextAnchor(,0.047458,17,870
854,S8488,TextAnchor.java,66,public static final TextAnchor TOP_RIGHT = new TextAnchor(,0.047458,17,870
854,S8489,TextAnchor.java,70,public static final TextAnchor HALF_ASCENT_LEFT = new TextAnchor(,0.047458,17,870
854,S8490,TextAnchor.java,74,public static final TextAnchor HALF_ASCENT_CENTER = new TextAnchor(,0.047458,17,870
854,S8491,TextAnchor.java,78,public static final TextAnchor HALF_ASCENT_RIGHT = new TextAnchor(,0.047458,17,870
854,S8492,TextAnchor.java,82,public static final TextAnchor CENTER_LEFT = new TextAnchor(,0.047458,17,870
854,S8493,TextAnchor.java,86,"public static final TextAnchor CENTER = new TextAnchor(""TextAnchor.CENTER"");",0.047458,17,870
854,S8494,TextAnchor.java,89,public static final TextAnchor CENTER_RIGHT = new TextAnchor(,0.047458,17,870
854,S8495,TextAnchor.java,93,public static final TextAnchor BASELINE_LEFT = new TextAnchor(,0.047458,17,870
854,S8496,TextAnchor.java,97,public static final TextAnchor BASELINE_CENTER = new TextAnchor(,0.047458,17,870
854,S8497,TextAnchor.java,101,public static final TextAnchor BASELINE_RIGHT = new TextAnchor(,0.047458,17,870
854,S8498,TextAnchor.java,105,public static final TextAnchor BOTTOM_LEFT = new TextAnchor(,0.047458,17,870
854,S8499,TextAnchor.java,109,public static final TextAnchor BOTTOM_CENTER = new TextAnchor(,0.047458,17,870
854,S8500,TextAnchor.java,113,public static final TextAnchor BOTTOM_RIGHT = new TextAnchor(,0.047458,17,870
854,S8501,TextAnchor.java,124,private TextAnchor(String name) {,0.047458,17,870
854,S8502,TextAnchor.java,125,this.name = name;,0.047458,17,870
871,S6806,Plot.java,890,Object[] listeners = this.listenerList.getListenerList();,0.046829,4,874
871,S6807,Plot.java,891,for (int i = listeners.length - 2; i >= 0; i -= 2) {,0.046829,4,874
871,S6914,PlotChangeEvent.java,64,super(plot);,0.046829,4,874
871,S6915,PlotChangeEvent.java,65,this.plot = plot;,0.046829,4,874
875,S2754,ChartColor.java,59,"public static final Color VERY_DARK_RED = new Color(0x80, 0x00, 0x00);",0.046078,91,965
875,S2755,ChartColor.java,62,"public static final Color DARK_RED = new Color(0xc0, 0x00, 0x00);",0.046078,91,965
875,S2756,ChartColor.java,65,"public static final Color LIGHT_RED = new Color(0xFF, 0x40, 0x40);",0.046078,91,965
875,S2757,ChartColor.java,68,"public static final Color VERY_LIGHT_RED = new Color(0xFF, 0x80, 0x80);",0.046078,91,965
875,S2758,ChartColor.java,71,"public static final Color VERY_DARK_YELLOW = new Color(0x80, 0x80, 0x00);",0.046078,91,965
875,S2759,ChartColor.java,74,"public static final Color DARK_YELLOW = new Color(0xC0, 0xC0, 0x00);",0.046078,91,965
875,S2760,ChartColor.java,77,"public static final Color LIGHT_YELLOW = new Color(0xFF, 0xFF, 0x40);",0.046078,91,965
875,S2761,ChartColor.java,80,"public static final Color VERY_LIGHT_YELLOW = new Color(0xFF, 0xFF, 0x80);",0.046078,91,965
875,S2762,ChartColor.java,83,"public static final Color VERY_DARK_GREEN = new Color(0x00, 0x80, 0x00);",0.046078,91,965
875,S2763,ChartColor.java,86,"public static final Color DARK_GREEN = new Color(0x00, 0xC0, 0x00);",0.046078,91,965
875,S2764,ChartColor.java,89,"public static final Color LIGHT_GREEN = new Color(0x40, 0xFF, 0x40);",0.046078,91,965
875,S2765,ChartColor.java,92,"public static final Color VERY_LIGHT_GREEN = new Color(0x80, 0xFF, 0x80);",0.046078,91,965
875,S2766,ChartColor.java,95,"public static final Color VERY_DARK_CYAN = new Color(0x00, 0x80, 0x80);",0.046078,91,965
875,S2767,ChartColor.java,98,"public static final Color DARK_CYAN = new Color(0x00, 0xC0, 0xC0);",0.046078,91,965
875,S2768,ChartColor.java,101,"public static final Color LIGHT_CYAN = new Color(0x40, 0xFF, 0xFF);",0.046078,91,965
875,S2769,ChartColor.java,104,"public static final Color VERY_LIGHT_CYAN = new Color(0x80, 0xFF, 0xFF);",0.046078,91,965
875,S2770,ChartColor.java,107,"public static final Color VERY_DARK_BLUE = new Color(0x00, 0x00, 0x80);",0.046078,91,965
875,S2771,ChartColor.java,110,"public static final Color DARK_BLUE = new Color(0x00, 0x00, 0xC0);",0.046078,91,965
875,S2772,ChartColor.java,113,"public static final Color LIGHT_BLUE = new Color(0x40, 0x40, 0xFF);",0.046078,91,965
875,S2773,ChartColor.java,116,"public static final Color VERY_LIGHT_BLUE = new Color(0x80, 0x80, 0xFF);",0.046078,91,965
875,S2774,ChartColor.java,119,"public static final Color VERY_DARK_MAGENTA = new Color(0x80, 0x00, 0x80);",0.046078,91,965
875,S2775,ChartColor.java,122,"public static final Color DARK_MAGENTA = new Color(0xC0, 0x00, 0xC0);",0.046078,91,965
875,S2776,ChartColor.java,125,"public static final Color LIGHT_MAGENTA = new Color(0xFF, 0x40, 0xFF);",0.046078,91,965
875,S2777,ChartColor.java,128,"public static final Color VERY_LIGHT_MAGENTA = new Color(0xFF, 0x80, 0xFF);",0.046078,91,965
875,S2778,ChartColor.java,151,return new Paint[] {,0.046078,91,965
875,S3723,DefaultDrawingSupplier.java,83,public static final Paint[] DEFAULT_PAINT_SEQUENCE,0.046078,91,965
875,S3724,DefaultDrawingSupplier.java,87,public static final Paint[] DEFAULT_OUTLINE_PAINT_SEQUENCE = new Paint[] {,0.046078,91,965
875,S3725,DefaultDrawingSupplier.java,91,public static final Paint[] DEFAULT_FILL_PAINT_SEQUENCE = new Paint[] {,0.046078,91,965
875,S3726,DefaultDrawingSupplier.java,95,public static final Stroke[] DEFAULT_STROKE_SEQUENCE = new Stroke[] {,0.046078,91,965
875,S3727,DefaultDrawingSupplier.java,100,public static final Stroke[] DEFAULT_OUTLINE_STROKE_SEQUENCE,0.046078,91,965
875,S3728,DefaultDrawingSupplier.java,105,public static final Shape[] DEFAULT_SHAPE_SEQUENCE,0.046078,91,965
875,S3729,DefaultDrawingSupplier.java,150,"this(DEFAULT_PAINT_SEQUENCE, DEFAULT_FILL_PAINT_SEQUENCE,",0.046078,91,965
875,S3737,DefaultDrawingSupplier.java,197,Shape[] shapeSequence) {,0.046078,91,965
875,S3738,DefaultDrawingSupplier.java,199,this.paintSequence = paintSequence;,0.046078,91,965
875,S3739,DefaultDrawingSupplier.java,200,this.fillPaintSequence = fillPaintSequence;,0.046078,91,965
875,S3740,DefaultDrawingSupplier.java,201,this.outlinePaintSequence = outlinePaintSequence;,0.046078,91,965
875,S3741,DefaultDrawingSupplier.java,202,this.strokeSequence = strokeSequence;,0.046078,91,965
875,S3742,DefaultDrawingSupplier.java,203,this.outlineStrokeSequence = outlineStrokeSequence;,0.046078,91,965
875,S3743,DefaultDrawingSupplier.java,204,this.shapeSequence = shapeSequence;,0.046078,91,965
875,S3750,DefaultDrawingSupplier.java,289,Shape[] result = new Shape[10];,0.046078,91,965
875,S3751,DefaultDrawingSupplier.java,291,double size = 6.0;,0.046078,91,965
875,S3752,DefaultDrawingSupplier.java,292,double delta = size / 2.0;,0.046078,91,965
875,S3753,DefaultDrawingSupplier.java,293,int[] xpoints = null;,0.046078,91,965
875,S3754,DefaultDrawingSupplier.java,294,int[] ypoints = null;,0.046078,91,965
875,S3755,DefaultDrawingSupplier.java,297,"result[0] = new Rectangle2D.Double(-delta, -delta, size, size);",0.046078,91,965
875,S3756,DefaultDrawingSupplier.java,299,"result[1] = new Ellipse2D.Double(-delta, -delta, size, size);",0.046078,91,965
875,S3757,DefaultDrawingSupplier.java,302,"xpoints = intArray(0.0, delta, -delta);",0.046078,91,965
875,S3758,DefaultDrawingSupplier.java,303,"ypoints = intArray(-delta, delta, delta);",0.046078,91,965
875,S3759,DefaultDrawingSupplier.java,304,"result[2] = new Polygon(xpoints, ypoints, 3);",0.046078,91,965
875,S3760,DefaultDrawingSupplier.java,307,"xpoints = intArray(0.0, delta, 0.0, -delta);",0.046078,91,965
875,S3761,DefaultDrawingSupplier.java,308,"ypoints = intArray(-delta, 0.0, delta, 0.0);",0.046078,91,965
875,S3762,DefaultDrawingSupplier.java,309,"result[3] = new Polygon(xpoints, ypoints, 4);",0.046078,91,965
875,S3763,DefaultDrawingSupplier.java,312,"result[4] = new Rectangle2D.Double(-delta, -delta / 2, size, size / 2);",0.046078,91,965
875,S3764,DefaultDrawingSupplier.java,315,"xpoints = intArray(-delta, +delta, 0.0);",0.046078,91,965
875,S3765,DefaultDrawingSupplier.java,316,"ypoints = intArray(-delta, -delta, delta);",0.046078,91,965
875,S3766,DefaultDrawingSupplier.java,317,"result[5] = new Polygon(xpoints, ypoints, 3);",0.046078,91,965
875,S3767,DefaultDrawingSupplier.java,320,"result[6] = new Ellipse2D.Double(-delta, -delta / 2, size, size / 2);",0.046078,91,965
875,S3768,DefaultDrawingSupplier.java,323,"xpoints = intArray(-delta, delta, -delta);",0.046078,91,965
875,S3769,DefaultDrawingSupplier.java,324,"ypoints = intArray(-delta, 0.0, delta);",0.046078,91,965
875,S3770,DefaultDrawingSupplier.java,325,"result[7] = new Polygon(xpoints, ypoints, 3);",0.046078,91,965
875,S3771,DefaultDrawingSupplier.java,328,"result[8] = new Rectangle2D.Double(-delta / 2, -delta, size / 2, size);",0.046078,91,965
875,S3772,DefaultDrawingSupplier.java,331,"xpoints = intArray(-delta, delta, delta);",0.046078,91,965
875,S3773,DefaultDrawingSupplier.java,332,"ypoints = intArray(0.0, -delta, +delta);",0.046078,91,965
875,S3774,DefaultDrawingSupplier.java,333,"result[9] = new Polygon(xpoints, ypoints, 3);",0.046078,91,965
875,S3775,DefaultDrawingSupplier.java,335,return result;,0.046078,91,965
875,S3839,DefaultDrawingSupplier.java,517,"return new int[] {(int) a, (int) b, (int) c};",0.046078,91,965
875,S3840,DefaultDrawingSupplier.java,532,"return new int[] {(int) a, (int) b, (int) c, (int) d};",0.046078,91,965
875,S6720,Plot.java,193,public static final Number ZERO = new Integer(0);,0.046078,91,965
875,S6721,Plot.java,196,public static final RectangleInsets DEFAULT_INSETS,0.046078,91,965
875,S6722,Plot.java,200,public static final Stroke DEFAULT_OUTLINE_STROKE = new BasicStroke(0.5f);,0.046078,91,965
875,S6723,Plot.java,203,public static final Paint DEFAULT_OUTLINE_PAINT = Color.gray;,0.046078,91,965
875,S6724,Plot.java,212,public static final Paint DEFAULT_BACKGROUND_PAINT = Color.LIGHT_GRAY;,0.046078,91,965
875,S6725,Plot.java,221,public static final Shape DEFAULT_LEGEND_ITEM_BOX,0.046078,91,965
875,S6726,Plot.java,225,public static final Shape DEFAULT_LEGEND_ITEM_CIRCLE,0.046078,91,965
875,S6727,Plot.java,266,private int backgroundImageAlignment = Align.FIT;,0.046078,91,965
875,S6728,Plot.java,269,private float backgroundImageAlpha = 0.5f;,0.046078,91,965
875,S6729,Plot.java,286,protected Plot() {,0.046078,91,965
875,S6730,Plot.java,288,this.parent = null;,0.046078,91,965
875,S6731,Plot.java,289,this.insets = DEFAULT_INSETS;,0.046078,91,965
875,S6732,Plot.java,290,this.backgroundPaint = DEFAULT_BACKGROUND_PAINT;,0.046078,91,965
875,S6733,Plot.java,291,this.backgroundAlpha = DEFAULT_BACKGROUND_ALPHA;,0.046078,91,965
875,S6734,Plot.java,292,this.backgroundImage = null;,0.046078,91,965
875,S6735,Plot.java,293,this.outlineVisible = true;,0.046078,91,965
875,S6736,Plot.java,294,this.outlineStroke = DEFAULT_OUTLINE_STROKE;,0.046078,91,965
875,S6737,Plot.java,295,this.outlinePaint = DEFAULT_OUTLINE_PAINT;,0.046078,91,965
875,S6738,Plot.java,296,this.foregroundAlpha = DEFAULT_FOREGROUND_ALPHA;,0.046078,91,965
875,S6739,Plot.java,298,this.noDataMessage = null;,0.046078,91,965
875,S6740,Plot.java,299,"this.noDataMessageFont = new Font(""SansSerif"", Font.PLAIN, 12);",0.046078,91,965
875,S6741,Plot.java,300,this.noDataMessagePaint = Color.black;,0.046078,91,965
875,S6742,Plot.java,302,this.drawingSupplier = new DefaultDrawingSupplier();,0.046078,91,965
875,S6743,Plot.java,304,this.listenerList = new EventListenerList();,0.046078,91,965
966,S7080,RectangleInsets.java,65,public static final RectangleInsets ZERO_INSETS = new RectangleInsets(,0.044151,9,974
966,S7081,RectangleInsets.java,102,"this(UnitType.ABSOLUTE, top, left, bottom, right);",0.044151,9,974
966,S7082,RectangleInsets.java,116,"double bottom, double right) {",0.044151,9,974
966,S7083,RectangleInsets.java,117,if (unitType == null) {,0.044151,9,974
966,S7084,RectangleInsets.java,120,this.unitType = unitType;,0.044151,9,974
966,S7085,RectangleInsets.java,121,this.top = top;,0.044151,9,974
966,S7086,RectangleInsets.java,122,this.bottom = bottom;,0.044151,9,974
966,S7087,RectangleInsets.java,123,this.left = left;,0.044151,9,974
966,S7088,RectangleInsets.java,124,this.right = right;,0.044151,9,974
975,S9185,UnitType.java,56,"public static final UnitType ABSOLUTE = new UnitType(""UnitType.ABSOLUTE"");",0.043644,4,978
975,S9186,UnitType.java,59,"public static final UnitType RELATIVE = new UnitType(""UnitType.RELATIVE"");",0.043644,4,978
975,S9187,UnitType.java,69,private UnitType(String name) {,0.043644,4,978
975,S9188,UnitType.java,70,this.name = name;,0.043644,4,978
979,S267,AbstractObjectList.java,68,private int size = 0;,0.042679,8,986
979,S268,AbstractObjectList.java,71,private int increment = DEFAULT_INITIAL_CAPACITY;,0.042679,8,986
979,S269,AbstractObjectList.java,77,this(DEFAULT_INITIAL_CAPACITY);,0.042679,8,986
979,S270,AbstractObjectList.java,86,"this (initialCapacity, initialCapacity);",0.042679,8,986
979,S271,AbstractObjectList.java,95,"protected AbstractObjectList(int initialCapacity, int increment) {",0.042679,8,986
979,S272,AbstractObjectList.java,96,this.objects = new Object[initialCapacity];,0.042679,8,986
979,S273,AbstractObjectList.java,97,this.increment = increment;,0.042679,8,986
979,S5756,ObjectList.java,58,public ObjectList() {,0.042679,8,986
987,S2743,ChartChangeEvent.java,69,"this(source, null, ChartChangeEventType.GENERAL);",0.042448,9,995
987,S2744,ChartChangeEvent.java,93,super(source);,0.042448,9,995
987,S2745,ChartChangeEvent.java,94,this.chart = chart;,0.042448,9,995
987,S2746,ChartChangeEvent.java,95,this.type = type;,0.042448,9,995
987,S2749,ChartChangeEventType.java,55,public static final ChartChangeEventType GENERAL,0.042448,9,995
987,S2750,ChartChangeEventType.java,59,public static final ChartChangeEventType NEW_DATASET,0.042448,9,995
987,S2751,ChartChangeEventType.java,63,public static final ChartChangeEventType DATASET_UPDATED,0.042448,9,995
987,S2752,ChartChangeEventType.java,74,private ChartChangeEventType(String name) {,0.042448,9,995
987,S2753,ChartChangeEventType.java,75,this.name = name;,0.042448,9,995
996,S16,AbstractBlock.java,293,"setPadding(new RectangleInsets(top, left, bottom, right));",0.0,10206,11201
996,S17,AbstractBlock.java,354,return this.bounds;,0.0,10206,11201
996,S18,AbstractBlock.java,365,if (bounds == null) {,0.0,10206,11201
996,S19,AbstractBlock.java,368,this.bounds = bounds;,0.0,10206,11201
996,S30,AbstractBlock.java,420,return c;,0.0,10206,11201
996,S71,AbstractBlock.java,556,if (obj == this) {,0.0,10206,11201
996,S72,AbstractBlock.java,559,if (!(obj instanceof AbstractBlock)) {,0.0,10206,11201
996,S73,AbstractBlock.java,562,AbstractBlock that = (AbstractBlock) obj;,0.0,10206,11201
996,S74,AbstractBlock.java,563,"if (!ObjectUtilities.equal(this.id, that.id)) {",0.0,10206,11201
996,S75,AbstractBlock.java,566,if (!this.frame.equals(that.frame)) {,0.0,10206,11201
996,S76,AbstractBlock.java,569,if (!this.bounds.equals(that.bounds)) {,0.0,10206,11201
996,S77,AbstractBlock.java,572,if (!this.margin.equals(that.margin)) {,0.0,10206,11201
996,S78,AbstractBlock.java,575,if (!this.padding.equals(that.padding)) {,0.0,10206,11201
996,S79,AbstractBlock.java,578,if (this.height != that.height) {,0.0,10206,11201
996,S80,AbstractBlock.java,581,if (this.width != that.width) {,0.0,10206,11201
996,S81,AbstractBlock.java,584,return true;,0.0,10206,11201
996,S82,AbstractBlock.java,613,stream.defaultWriteObject();,0.0,10206,11201
996,S83,AbstractBlock.java,614,"SerialUtilities.writeShape(this.bounds, stream);",0.0,10206,11201
996,S84,AbstractBlock.java,627,stream.defaultReadObject();,0.0,10206,11201
996,S85,AbstractBlock.java,628,this.bounds = (Rectangle2D) SerialUtilities.readShape(stream);,0.0,10206,11201
996,S86,AbstractCategoryItemLabelGenerator.java,105,"this(labelFormat, formatter, NumberFormat.getPercentInstance());",0.0,10206,11201
996,S87,AbstractCategoryItemLabelGenerator.java,120,"NumberFormat formatter, NumberFormat percentFormatter) {",0.0,10206,11201
996,S88,AbstractCategoryItemLabelGenerator.java,121,if (labelFormat == null) {,0.0,10206,11201
996,S89,AbstractCategoryItemLabelGenerator.java,124,if (formatter == null) {,0.0,10206,11201
996,S90,AbstractCategoryItemLabelGenerator.java,127,if (percentFormatter == null) {,0.0,10206,11201
996,S91,AbstractCategoryItemLabelGenerator.java,131,this.labelFormat = labelFormat;,0.0,10206,11201
996,S92,AbstractCategoryItemLabelGenerator.java,132,this.numberFormat = formatter;,0.0,10206,11201
996,S93,AbstractCategoryItemLabelGenerator.java,133,this.percentFormat = percentFormatter;,0.0,10206,11201
996,S94,AbstractCategoryItemLabelGenerator.java,134,this.dateFormat = null;,0.0,10206,11201
996,S95,AbstractCategoryItemLabelGenerator.java,135,"this.nullValueString = ""-"";",0.0,10206,11201
996,S96,AbstractCategoryItemLabelGenerator.java,146,DateFormat formatter) {,0.0,10206,11201
996,S97,AbstractCategoryItemLabelGenerator.java,147,if (labelFormat == null) {,0.0,10206,11201
996,S98,AbstractCategoryItemLabelGenerator.java,150,if (formatter == null) {,0.0,10206,11201
996,S99,AbstractCategoryItemLabelGenerator.java,153,this.labelFormat = labelFormat;,0.0,10206,11201
996,S100,AbstractCategoryItemLabelGenerator.java,154,this.numberFormat = null;,0.0,10206,11201
996,S101,AbstractCategoryItemLabelGenerator.java,155,this.percentFormat = NumberFormat.getPercentInstance();,0.0,10206,11201
996,S102,AbstractCategoryItemLabelGenerator.java,156,this.dateFormat = formatter;,0.0,10206,11201
996,S103,AbstractCategoryItemLabelGenerator.java,157,"this.nullValueString = ""-"";",0.0,10206,11201
996,S104,AbstractCategoryItemLabelGenerator.java,276,if (obj == this) {,0.0,10206,11201
996,S105,AbstractCategoryItemLabelGenerator.java,279,if (!(obj instanceof AbstractCategoryItemLabelGenerator)) {,0.0,10206,11201
996,S106,AbstractCategoryItemLabelGenerator.java,283,AbstractCategoryItemLabelGenerator that,0.0,10206,11201
996,S107,AbstractCategoryItemLabelGenerator.java,285,if (!this.labelFormat.equals(that.labelFormat)) {,0.0,10206,11201
996,S108,AbstractCategoryItemLabelGenerator.java,288,"if (!ObjectUtilities.equal(this.dateFormat, that.dateFormat)) {",0.0,10206,11201
996,S109,AbstractCategoryItemLabelGenerator.java,291,"if (!ObjectUtilities.equal(this.numberFormat, that.numberFormat)) {",0.0,10206,11201
996,S110,AbstractCategoryItemLabelGenerator.java,294,return true;,0.0,10206,11201
996,S111,AbstractCategoryItemRenderer.java,228,protected AbstractCategoryItemRenderer() {,0.0,10206,11201
996,S112,AbstractCategoryItemRenderer.java,229,this.itemLabelGeneratorList = new ObjectList();,0.0,10206,11201
996,S113,AbstractCategoryItemRenderer.java,230,this.toolTipGeneratorList = new ObjectList();,0.0,10206,11201
996,S114,AbstractCategoryItemRenderer.java,231,this.urlGeneratorList = new ObjectList();,0.0,10206,11201
996,S115,AbstractCategoryItemRenderer.java,232,this.legendItemLabelGenerator,0.0,10206,11201
996,S116,AbstractCategoryItemRenderer.java,234,this.backgroundAnnotations = new ArrayList();,0.0,10206,11201
996,S117,AbstractCategoryItemRenderer.java,235,this.foregroundAnnotations = new ArrayList();,0.0,10206,11201
996,S118,AbstractCategoryItemRenderer.java,246,return 1;,0.0,10206,11201
996,S119,AbstractCategoryItemRenderer.java,259,return this.plot;,0.0,10206,11201
996,S120,AbstractCategoryItemRenderer.java,272,if (plot == null) {,0.0,10206,11201
996,S121,AbstractCategoryItemRenderer.java,275,this.plot = plot;,0.0,10206,11201
996,S122,AbstractCategoryItemRenderer.java,293,CategoryItemLabelGenerator generator = (CategoryItemLabelGenerator),0.0,10206,11201
996,S123,AbstractCategoryItemRenderer.java,295,if (generator == null) {,0.0,10206,11201
996,S124,AbstractCategoryItemRenderer.java,296,generator = this.baseItemLabelGenerator;,0.0,10206,11201
996,S125,AbstractCategoryItemRenderer.java,298,return generator;,0.0,10206,11201
996,S126,AbstractCategoryItemRenderer.java,408,CategoryToolTipGenerator result = null;,0.0,10206,11201
996,S127,AbstractCategoryItemRenderer.java,409,result = getSeriesToolTipGenerator(row);,0.0,10206,11201
996,S128,AbstractCategoryItemRenderer.java,410,if (result == null) {,0.0,10206,11201
996,S129,AbstractCategoryItemRenderer.java,413,return result;,0.0,10206,11201
996,S130,AbstractCategoryItemRenderer.java,427,return (CategoryToolTipGenerator) this.toolTipGeneratorList.get(series);,0.0,10206,11201
996,S131,AbstractCategoryItemRenderer.java,442,"setSeriesToolTipGenerator(series, generator, true);",0.0,10206,11201
996,S132,AbstractCategoryItemRenderer.java,460,"this.toolTipGeneratorList.set(series, generator);",0.0,10206,11201
996,S133,AbstractCategoryItemRenderer.java,461,if (notify) {,0.0,10206,11201
996,S134,AbstractCategoryItemRenderer.java,462,notifyListeners(new RendererChangeEvent(this));,0.0,10206,11201
996,S135,AbstractCategoryItemRenderer.java,486,"setBaseToolTipGenerator(generator, true);",0.0,10206,11201
996,S136,AbstractCategoryItemRenderer.java,502,this.baseToolTipGenerator = generator;,0.0,10206,11201
996,S137,AbstractCategoryItemRenderer.java,503,if (notify) {,0.0,10206,11201
996,S138,AbstractCategoryItemRenderer.java,504,notifyListeners(new RendererChangeEvent(this));,0.0,10206,11201
996,S139,AbstractCategoryItemRenderer.java,519,CategoryURLGenerator generator,0.0,10206,11201
996,S140,AbstractCategoryItemRenderer.java,521,if (generator == null) {,0.0,10206,11201
996,S141,AbstractCategoryItemRenderer.java,524,return generator;,0.0,10206,11201
996,S142,AbstractCategoryItemRenderer.java,551,"setSeriesURLGenerator(series, generator, true);",0.0,10206,11201
996,S143,AbstractCategoryItemRenderer.java,568,"this.urlGeneratorList.set(series, generator);",0.0,10206,11201
996,S144,AbstractCategoryItemRenderer.java,569,if (notify) {,0.0,10206,11201
996,S145,AbstractCategoryItemRenderer.java,570,notifyListeners(new RendererChangeEvent(this));,0.0,10206,11201
996,S146,AbstractCategoryItemRenderer.java,593,"setBaseURLGenerator(generator, true);",0.0,10206,11201
996,S147,AbstractCategoryItemRenderer.java,608,this.baseURLGenerator = generator;,0.0,10206,11201
996,S148,AbstractCategoryItemRenderer.java,609,if (notify) {,0.0,10206,11201
996,S149,AbstractCategoryItemRenderer.java,610,notifyListeners(new RendererChangeEvent(this));,0.0,10206,11201
996,S150,AbstractCategoryItemRenderer.java,693,return this.rowCount;,0.0,10206,11201
996,S151,AbstractCategoryItemRenderer.java,703,return this.columnCount;,0.0,10206,11201
996,S152,AbstractCategoryItemRenderer.java,719,return new CategoryItemRendererState(info);,0.0,10206,11201
996,S153,AbstractCategoryItemRenderer.java,743,setPlot(plot);,0.0,10206,11201
996,S154,AbstractCategoryItemRenderer.java,744,CategoryDataset data = plot.getDataset(rendererIndex);,0.0,10206,11201
996,S155,AbstractCategoryItemRenderer.java,745,if (data != null) {,0.0,10206,11201
996,S156,AbstractCategoryItemRenderer.java,746,this.rowCount = data.getRowCount();,0.0,10206,11201
996,S157,AbstractCategoryItemRenderer.java,747,this.columnCount = data.getColumnCount();,0.0,10206,11201
996,S158,AbstractCategoryItemRenderer.java,753,return createState(info);,0.0,10206,11201
996,S159,AbstractCategoryItemRenderer.java,767,return DatasetUtilities.findRangeBounds(dataset);,0.0,10206,11201
996,S160,AbstractCategoryItemRenderer.java,783,"plot.drawBackground(g2, dataArea);",0.0,10206,11201
996,S161,AbstractCategoryItemRenderer.java,800,"plot.drawOutline(g2, dataArea);",0.0,10206,11201
996,S162,AbstractCategoryItemRenderer.java,872,Range range = axis.getRange();,0.0,10206,11201
996,S163,AbstractCategoryItemRenderer.java,873,if (!range.contains(value)) {,0.0,10206,11201
996,S164,AbstractCategoryItemRenderer.java,877,PlotOrientation orientation = plot.getOrientation();,0.0,10206,11201
996,S165,AbstractCategoryItemRenderer.java,878,"double v = axis.valueToJava2D(value, dataArea, plot.getRangeAxisEdge());",0.0,10206,11201
996,S166,AbstractCategoryItemRenderer.java,879,Line2D line = null;,0.0,10206,11201
996,S167,AbstractCategoryItemRenderer.java,880,if (orientation == PlotOrientation.HORIZONTAL) {,0.0,10206,11201
996,S168,AbstractCategoryItemRenderer.java,881,"line = new Line2D.Double(v, dataArea.getMinY(), v,",0.0,10206,11201
996,S169,AbstractCategoryItemRenderer.java,884,else if (orientation == PlotOrientation.VERTICAL) {,0.0,10206,11201
996,S170,AbstractCategoryItemRenderer.java,885,"line = new Line2D.Double(dataArea.getMinX(), v,",0.0,10206,11201
996,S171,AbstractCategoryItemRenderer.java,889,Paint paint = plot.getRangeGridlinePaint();,0.0,10206,11201
996,S172,AbstractCategoryItemRenderer.java,890,if (paint == null) {,0.0,10206,11201
996,S173,AbstractCategoryItemRenderer.java,893,g2.setPaint(paint);,0.0,10206,11201
996,S174,AbstractCategoryItemRenderer.java,895,Stroke stroke = plot.getRangeGridlineStroke();,0.0,10206,11201
996,S175,AbstractCategoryItemRenderer.java,896,if (stroke == null) {,0.0,10206,11201
996,S176,AbstractCategoryItemRenderer.java,899,g2.setStroke(stroke);,0.0,10206,11201
996,S177,AbstractCategoryItemRenderer.java,901,g2.draw(line);,0.0,10206,11201
996,S178,AbstractCategoryItemRenderer.java,1009,if (marker instanceof ValueMarker) {,0.0,10206,11201
996,S179,AbstractCategoryItemRenderer.java,1010,ValueMarker vm = (ValueMarker) marker;,0.0,10206,11201
996,S180,AbstractCategoryItemRenderer.java,1011,double value = vm.getValue();,0.0,10206,11201
996,S181,AbstractCategoryItemRenderer.java,1012,Range range = axis.getRange();,0.0,10206,11201
996,S182,AbstractCategoryItemRenderer.java,1014,if (!range.contains(value)) {,0.0,10206,11201
996,S183,AbstractCategoryItemRenderer.java,1015,return;,0.0,10206,11201
996,S184,AbstractCategoryItemRenderer.java,1018,final Composite savedComposite = g2.getComposite();,0.0,10206,11201
996,S185,AbstractCategoryItemRenderer.java,1019,g2.setComposite(AlphaComposite.getInstance(,0.0,10206,11201
996,S186,AbstractCategoryItemRenderer.java,1022,PlotOrientation orientation = plot.getOrientation();,0.0,10206,11201
996,S187,AbstractCategoryItemRenderer.java,1023,"double v = axis.valueToJava2D(value, dataArea,",0.0,10206,11201
996,S188,AbstractCategoryItemRenderer.java,1025,Line2D line = null;,0.0,10206,11201
996,S189,AbstractCategoryItemRenderer.java,1026,if (orientation == PlotOrientation.HORIZONTAL) {,0.0,10206,11201
996,S190,AbstractCategoryItemRenderer.java,1027,"line = new Line2D.Double(v, dataArea.getMinY(), v,",0.0,10206,11201
996,S191,AbstractCategoryItemRenderer.java,1030,else if (orientation == PlotOrientation.VERTICAL) {,0.0,10206,11201
996,S192,AbstractCategoryItemRenderer.java,1031,"line = new Line2D.Double(dataArea.getMinX(), v,",0.0,10206,11201
996,S193,AbstractCategoryItemRenderer.java,1035,g2.setPaint(marker.getPaint());,0.0,10206,11201
996,S194,AbstractCategoryItemRenderer.java,1036,g2.setStroke(marker.getStroke());,0.0,10206,11201
996,S195,AbstractCategoryItemRenderer.java,1037,g2.draw(line);,0.0,10206,11201
996,S196,AbstractCategoryItemRenderer.java,1039,String label = marker.getLabel();,0.0,10206,11201
996,S197,AbstractCategoryItemRenderer.java,1040,RectangleAnchor anchor = marker.getLabelAnchor();,0.0,10206,11201
996,S198,AbstractCategoryItemRenderer.java,1041,if (label != null) {,0.0,10206,11201
996,S199,AbstractCategoryItemRenderer.java,1053,g2.setComposite(savedComposite);,0.0,10206,11201
996,S200,AbstractCategoryItemRenderer.java,1055,else if (marker instanceof IntervalMarker) {,0.0,10206,11201
996,S201,AbstractCategoryItemRenderer.java,1056,IntervalMarker im = (IntervalMarker) marker;,0.0,10206,11201
996,S202,AbstractCategoryItemRenderer.java,1057,double start = im.getStartValue();,0.0,10206,11201
996,S203,AbstractCategoryItemRenderer.java,1058,double end = im.getEndValue();,0.0,10206,11201
996,S204,AbstractCategoryItemRenderer.java,1059,Range range = axis.getRange();,0.0,10206,11201
996,S205,AbstractCategoryItemRenderer.java,1060,"if (!(range.intersects(start, end))) {",0.0,10206,11201
996,S206,AbstractCategoryItemRenderer.java,1061,return;,0.0,10206,11201
996,S207,AbstractCategoryItemRenderer.java,1289,if (obj == this) {,0.0,10206,11201
996,S208,AbstractCategoryItemRenderer.java,1292,if (!(obj instanceof AbstractCategoryItemRenderer)) {,0.0,10206,11201
996,S209,AbstractCategoryItemRenderer.java,1295,AbstractCategoryItemRenderer that = (AbstractCategoryItemRenderer) obj;,0.0,10206,11201
996,S210,AbstractCategoryItemRenderer.java,1297,"if (!ObjectUtilities.equal(this.itemLabelGeneratorList,",0.0,10206,11201
996,S211,AbstractCategoryItemRenderer.java,1301,"if (!ObjectUtilities.equal(this.baseItemLabelGenerator,",0.0,10206,11201
996,S212,AbstractCategoryItemRenderer.java,1305,"if (!ObjectUtilities.equal(this.toolTipGeneratorList,",0.0,10206,11201
996,S213,AbstractCategoryItemRenderer.java,1309,"if (!ObjectUtilities.equal(this.baseToolTipGenerator,",0.0,10206,11201
996,S214,AbstractCategoryItemRenderer.java,1313,"if (!ObjectUtilities.equal(this.urlGeneratorList,",0.0,10206,11201
996,S215,AbstractCategoryItemRenderer.java,1317,"if (!ObjectUtilities.equal(this.baseURLGenerator,",0.0,10206,11201
996,S216,AbstractCategoryItemRenderer.java,1321,"if (!ObjectUtilities.equal(this.legendItemLabelGenerator,",0.0,10206,11201
996,S217,AbstractCategoryItemRenderer.java,1325,"if (!ObjectUtilities.equal(this.legendItemToolTipGenerator,",0.0,10206,11201
996,S218,AbstractCategoryItemRenderer.java,1329,"if (!ObjectUtilities.equal(this.legendItemURLGenerator,",0.0,10206,11201
996,S219,AbstractCategoryItemRenderer.java,1333,"if (!ObjectUtilities.equal(this.backgroundAnnotations,",0.0,10206,11201
996,S220,AbstractCategoryItemRenderer.java,1337,"if (!ObjectUtilities.equal(this.foregroundAnnotations,",0.0,10206,11201
996,S221,AbstractCategoryItemRenderer.java,1341,return super.equals(obj);,0.0,10206,11201
996,S222,AbstractCategoryItemRenderer.java,1360,DrawingSupplier result = null;,0.0,10206,11201
996,S223,AbstractCategoryItemRenderer.java,1361,CategoryPlot cp = getPlot();,0.0,10206,11201
996,S224,AbstractCategoryItemRenderer.java,1362,if (cp != null) {,0.0,10206,11201
996,S225,AbstractCategoryItemRenderer.java,1363,result = cp.getDrawingSupplier();,0.0,10206,11201
996,S226,AbstractCategoryItemRenderer.java,1365,return result;,0.0,10206,11201
996,S227,AbstractCategoryItemRenderer.java,1429,Iterator iterator = null;,0.0,10206,11201
996,S228,AbstractCategoryItemRenderer.java,1430,if (layer.equals(Layer.FOREGROUND)) {,0.0,10206,11201
996,S229,AbstractCategoryItemRenderer.java,1431,iterator = this.foregroundAnnotations.iterator();,0.0,10206,11201
996,S230,AbstractCategoryItemRenderer.java,1433,else if (layer.equals(Layer.BACKGROUND)) {,0.0,10206,11201
996,S231,AbstractCategoryItemRenderer.java,1434,iterator = this.backgroundAnnotations.iterator();,0.0,10206,11201
996,S232,AbstractCategoryItemRenderer.java,1440,while (iterator.hasNext()) {,0.0,10206,11201
996,S233,AbstractCategoryItemRenderer.java,1539,CategoryAxis result = plot.getDomainAxis(index);,0.0,10206,11201
996,S234,AbstractCategoryItemRenderer.java,1540,if (result == null) {,0.0,10206,11201
996,S235,AbstractCategoryItemRenderer.java,1543,return result;,0.0,10206,11201
996,S236,AbstractCategoryItemRenderer.java,1600,return this.legendItemLabelGenerator;,0.0,10206,11201
996,S237,AbstractCategoryItemRenderer.java,1628,return this.legendItemToolTipGenerator;,0.0,10206,11201
996,S238,AbstractCategoryItemRenderer.java,1653,return this.legendItemURLGenerator;,0.0,10206,11201
996,S239,AbstractDataset.java,94,protected AbstractDataset() {,0.0,10206,11201
996,S240,AbstractDataset.java,95,this.group = new DatasetGroup();,0.0,10206,11201
996,S241,AbstractDataset.java,96,this.listenerList = new EventListenerList();,0.0,10206,11201
996,S242,AbstractDataset.java,132,"this.listenerList.add(DatasetChangeListener.class, listener);",0.0,10206,11201
996,S243,AbstractDataset.java,144,"this.listenerList.remove(DatasetChangeListener.class, listener);",0.0,10206,11201
996,S244,AbstractDataset.java,160,List list = Arrays.asList(this.listenerList.getListenerList());,0.0,10206,11201
996,S245,AbstractDataset.java,161,return list.contains(listener);,0.0,10206,11201
996,S246,AbstractDataset.java,170,"notifyListeners(new DatasetChangeEvent(this, this));",0.0,10206,11201
996,S247,AbstractDataset.java,184,Object[] listeners = this.listenerList.getListenerList();,0.0,10206,11201
996,S248,AbstractDataset.java,185,for (int i = listeners.length - 2; i >= 0; i -= 2) {,0.0,10206,11201
996,S249,AbstractDataset.java,186,if (listeners[i] == DatasetChangeListener.class) {,0.0,10206,11201
996,S250,AbstractDataset.java,187,((DatasetChangeListener) listeners[i + 1]).datasetChanged(,0.0,10206,11201
996,S251,AbstractDataset.java,218,stream.defaultWriteObject();,0.0,10206,11201
996,S252,AbstractDataset.java,231,stream.defaultReadObject();,0.0,10206,11201
996,S253,AbstractDataset.java,232,this.listenerList = new EventListenerList();,0.0,10206,11201
996,S254,AbstractDataset.java,233,"stream.registerValidation(this, 10);  // see comments about priority of",0.0,10206,11201
996,S255,AbstractDataset.java,255,fireDatasetChanged();,0.0,10206,11201
996,S256,AbstractIntervalXYDataset.java,51,public abstract class AbstractIntervalXYDataset extends AbstractXYDataset,0.0,10206,11201
996,S257,AbstractIntervalXYDataset.java,100,double result = Double.NaN;,0.0,10206,11201
996,S258,AbstractIntervalXYDataset.java,101,"Number y = getStartY(series, item);",0.0,10206,11201
996,S259,AbstractIntervalXYDataset.java,102,if (y != null) {,0.0,10206,11201
996,S260,AbstractIntervalXYDataset.java,103,result = y.doubleValue();,0.0,10206,11201
996,S261,AbstractIntervalXYDataset.java,105,return result;,0.0,10206,11201
996,S262,AbstractIntervalXYDataset.java,118,double result = Double.NaN;,0.0,10206,11201
996,S263,AbstractIntervalXYDataset.java,119,"Number y = getEndY(series, item);",0.0,10206,11201
996,S264,AbstractIntervalXYDataset.java,120,if (y != null) {,0.0,10206,11201
996,S265,AbstractIntervalXYDataset.java,121,result = y.doubleValue();,0.0,10206,11201
996,S266,AbstractIntervalXYDataset.java,123,return result;,0.0,10206,11201
996,S274,AbstractObjectList.java,109,Object result = null;,0.0,10206,11201
996,S275,AbstractObjectList.java,110,if (index >= 0 && index < this.size) {,0.0,10206,11201
996,S276,AbstractObjectList.java,111,result = this.objects[index];,0.0,10206,11201
996,S277,AbstractObjectList.java,113,return result;,0.0,10206,11201
996,S278,AbstractObjectList.java,123,if (index < 0) {,0.0,10206,11201
996,S279,AbstractObjectList.java,126,if (index >= this.objects.length) {,0.0,10206,11201
996,S280,AbstractObjectList.java,127,Object[] enlarged = new Object[index + this.increment];,0.0,10206,11201
996,S281,AbstractObjectList.java,128,"System.arraycopy(this.objects, 0, enlarged, 0, this.objects.length);",0.0,10206,11201
996,S282,AbstractObjectList.java,129,this.objects = enlarged;,0.0,10206,11201
996,S283,AbstractObjectList.java,131,this.objects[index] = object;,0.0,10206,11201
996,S284,AbstractObjectList.java,132,"this.size = Math.max(this.size, index + 1);",0.0,10206,11201
996,S285,AbstractObjectList.java,149,return this.size;,0.0,10206,11201
996,S286,AbstractObjectList.java,161,for (int index = 0; index < this.size; index++) {,0.0,10206,11201
996,S287,AbstractObjectList.java,162,if (this.objects[index] == object) {,0.0,10206,11201
996,S288,AbstractObjectList.java,163,return (index);,0.0,10206,11201
996,S289,AbstractObjectList.java,166,return -1;,0.0,10206,11201
996,S290,AbstractObjectList.java,178,if (obj == null) {,0.0,10206,11201
996,S291,AbstractObjectList.java,182,if (obj == this) {,0.0,10206,11201
996,S292,AbstractObjectList.java,183,return true;,0.0,10206,11201
996,S293,AbstractObjectList.java,186,if (!(obj instanceof AbstractObjectList)) {,0.0,10206,11201
996,S294,AbstractObjectList.java,190,AbstractObjectList other = (AbstractObjectList) obj;,0.0,10206,11201
996,S295,AbstractObjectList.java,191,int listSize = size();,0.0,10206,11201
996,S296,AbstractObjectList.java,192,for (int i = 0; i < listSize; i++) {,0.0,10206,11201
996,S297,AbstractObjectList.java,193,"if (!ObjectUtilities.equal(get(i), other.get(i))) {",0.0,10206,11201
996,S298,AbstractObjectList.java,194,return false;,0.0,10206,11201
996,S299,AbstractObjectList.java,197,return true;,0.0,10206,11201
996,S300,AbstractObjectList.java,206,int result = 127;,0.0,10206,11201
996,S301,AbstractObjectList.java,207,int size = size();,0.0,10206,11201
996,S302,AbstractObjectList.java,208,"result = HashUtilities.hashCode(result, size());",0.0,10206,11201
996,S303,AbstractObjectList.java,211,if (size > 0) {,0.0,10206,11201
996,S304,AbstractObjectList.java,221,return result;,0.0,10206,11201
996,S305,AbstractObjectList.java,235,AbstractObjectList clone = (AbstractObjectList) super.clone();,0.0,10206,11201
996,S306,AbstractObjectList.java,236,if (this.objects != null) {,0.0,10206,11201
996,S307,AbstractObjectList.java,237,clone.objects = new Object[this.objects.length];,0.0,10206,11201
996,S308,AbstractObjectList.java,238,"System.arraycopy(this.objects, 0, clone.objects, 0,",0.0,10206,11201
996,S309,AbstractObjectList.java,241,return clone;,0.0,10206,11201
996,S310,AbstractObjectList.java,255,stream.defaultWriteObject();,0.0,10206,11201
996,S311,AbstractObjectList.java,256,int count = size();,0.0,10206,11201
996,S312,AbstractObjectList.java,257,stream.writeInt(count);,0.0,10206,11201
996,S313,AbstractObjectList.java,258,for (int i = 0; i < count; i++) {,0.0,10206,11201
996,S314,AbstractObjectList.java,259,final Object object = get(i);,0.0,10206,11201
996,S315,AbstractObjectList.java,260,if (object != null && object instanceof Serializable) {,0.0,10206,11201
996,S316,AbstractObjectList.java,261,stream.writeInt(i);,0.0,10206,11201
996,S317,AbstractObjectList.java,262,stream.writeObject(object);,0.0,10206,11201
996,S318,AbstractObjectList.java,265,stream.writeInt(-1);,0.0,10206,11201
996,S319,AbstractObjectList.java,282,stream.defaultReadObject();,0.0,10206,11201
996,S320,AbstractObjectList.java,283,this.objects = new Object[this.size];,0.0,10206,11201
996,S321,AbstractObjectList.java,284,int count = stream.readInt();,0.0,10206,11201
996,S322,AbstractObjectList.java,285,for (int i = 0; i < count; i++) {,0.0,10206,11201
996,S323,AbstractObjectList.java,286,int index = stream.readInt();,0.0,10206,11201
996,S324,AbstractObjectList.java,287,if (index != -1) {,0.0,10206,11201
996,S325,AbstractObjectList.java,288,"set(index, stream.readObject());",0.0,10206,11201
996,S333,AbstractPieItemLabelGenerator.java,116,return this.numberFormat;,0.0,10206,11201
996,S334,AbstractPieItemLabelGenerator.java,145,Object[] result = new Object[4];,0.0,10206,11201
996,S335,AbstractPieItemLabelGenerator.java,146,double total = DatasetUtilities.calculatePieDatasetTotal(dataset);,0.0,10206,11201
996,S336,AbstractPieItemLabelGenerator.java,147,result[0] = key.toString();,0.0,10206,11201
996,S337,AbstractPieItemLabelGenerator.java,148,Number value = dataset.getValue(key);,0.0,10206,11201
996,S338,AbstractPieItemLabelGenerator.java,149,if (value != null) {,0.0,10206,11201
996,S339,AbstractPieItemLabelGenerator.java,150,result[1] = this.numberFormat.format(value);,0.0,10206,11201
996,S340,AbstractPieItemLabelGenerator.java,153,"result[1] = ""null"";",0.0,10206,11201
996,S341,AbstractPieItemLabelGenerator.java,155,double percent = 0.0;,0.0,10206,11201
996,S342,AbstractPieItemLabelGenerator.java,156,if (value != null) {,0.0,10206,11201
996,S343,AbstractPieItemLabelGenerator.java,157,double v = value.doubleValue();,0.0,10206,11201
996,S344,AbstractPieItemLabelGenerator.java,158,if (v > 0.0) {,0.0,10206,11201
996,S345,AbstractPieItemLabelGenerator.java,159,percent = v / total;,0.0,10206,11201
996,S346,AbstractPieItemLabelGenerator.java,162,result[2] = this.percentFormat.format(percent);,0.0,10206,11201
996,S347,AbstractPieItemLabelGenerator.java,163,result[3] = this.numberFormat.format(total);,0.0,10206,11201
996,S348,AbstractPieItemLabelGenerator.java,164,return result;,0.0,10206,11201
996,S349,AbstractPieItemLabelGenerator.java,176,String result = null;,0.0,10206,11201
996,S350,AbstractPieItemLabelGenerator.java,177,if (dataset != null) {,0.0,10206,11201
996,S351,AbstractPieItemLabelGenerator.java,178,"Object[] items = createItemArray(dataset, key);",0.0,10206,11201
996,S352,AbstractPieItemLabelGenerator.java,179,"result = MessageFormat.format(this.labelFormat, items);",0.0,10206,11201
996,S353,AbstractPieItemLabelGenerator.java,181,return result;,0.0,10206,11201
996,S354,AbstractPieItemLabelGenerator.java,192,if (obj == this) {,0.0,10206,11201
996,S355,AbstractPieItemLabelGenerator.java,195,if (!(obj instanceof AbstractPieItemLabelGenerator)) {,0.0,10206,11201
996,S356,AbstractPieItemLabelGenerator.java,196,return false;,0.0,10206,11201
996,S357,AbstractPieItemLabelGenerator.java,199,AbstractPieItemLabelGenerator that,0.0,10206,11201
996,S358,AbstractPieItemLabelGenerator.java,201,if (!this.labelFormat.equals(that.labelFormat)) {,0.0,10206,11201
996,S359,AbstractPieItemLabelGenerator.java,202,return false;,0.0,10206,11201
996,S360,AbstractPieItemLabelGenerator.java,204,if (!this.numberFormat.equals(that.numberFormat)) {,0.0,10206,11201
996,S361,AbstractPieItemLabelGenerator.java,205,return false;,0.0,10206,11201
996,S362,AbstractPieItemLabelGenerator.java,207,if (!this.percentFormat.equals(that.percentFormat)) {,0.0,10206,11201
996,S363,AbstractPieItemLabelGenerator.java,210,return true;,0.0,10206,11201
996,S364,AbstractPieItemLabelGenerator.java,222,AbstractPieItemLabelGenerator clone,0.0,10206,11201
996,S365,AbstractPieItemLabelGenerator.java,224,if (this.numberFormat != null) {,0.0,10206,11201
996,S366,AbstractPieItemLabelGenerator.java,225,clone.numberFormat = (NumberFormat) this.numberFormat.clone();,0.0,10206,11201
996,S367,AbstractPieItemLabelGenerator.java,227,if (this.percentFormat != null) {,0.0,10206,11201
996,S368,AbstractPieItemLabelGenerator.java,228,clone.percentFormat = (NumberFormat) this.percentFormat.clone();,0.0,10206,11201
996,S369,AbstractPieItemLabelGenerator.java,230,return clone;,0.0,10206,11201
996,S372,AbstractPieLabelDistributor.java,72,return (PieLabelRecord) this.labels.get(index);,0.0,10206,11201
996,S373,AbstractPieLabelDistributor.java,81,if (record == null) {,0.0,10206,11201
996,S374,AbstractPieLabelDistributor.java,84,this.labels.add(record);,0.0,10206,11201
996,S375,AbstractPieLabelDistributor.java,93,return this.labels.size();,0.0,10206,11201
996,S376,AbstractPieLabelDistributor.java,100,this.labels.clear();,0.0,10206,11201
996,S377,AbstractRenderer.java,137,public static final Double ZERO = new Double(0.0);,0.0,10206,11201
996,S378,AbstractRenderer.java,140,public static final Paint DEFAULT_PAINT = Color.blue;,0.0,10206,11201
996,S379,AbstractRenderer.java,143,public static final Paint DEFAULT_OUTLINE_PAINT = Color.gray;,0.0,10206,11201
996,S380,AbstractRenderer.java,146,public static final Stroke DEFAULT_STROKE = new BasicStroke(1.0f);,0.0,10206,11201
996,S381,AbstractRenderer.java,149,public static final Stroke DEFAULT_OUTLINE_STROKE = new BasicStroke(1.0f);,0.0,10206,11201
996,S382,AbstractRenderer.java,152,public static final Shape DEFAULT_SHAPE,0.0,10206,11201
996,S383,AbstractRenderer.java,156,public static final Font DEFAULT_VALUE_LABEL_FONT,0.0,10206,11201
996,S384,AbstractRenderer.java,160,public static final Paint DEFAULT_VALUE_LABEL_PAINT = Color.black;,0.0,10206,11201
996,S385,AbstractRenderer.java,292,private double itemLabelAnchorOffset = 2.0;,0.0,10206,11201
996,S386,AbstractRenderer.java,315,public AbstractRenderer() {,0.0,10206,11201
996,S387,AbstractRenderer.java,317,this.seriesVisibleList = new BooleanList();,0.0,10206,11201
996,S388,AbstractRenderer.java,318,this.baseSeriesVisible = true;,0.0,10206,11201
996,S389,AbstractRenderer.java,320,this.seriesVisibleInLegendList = new BooleanList();,0.0,10206,11201
996,S390,AbstractRenderer.java,321,this.baseSeriesVisibleInLegend = true;,0.0,10206,11201
996,S391,AbstractRenderer.java,323,this.paintList = new PaintList();,0.0,10206,11201
996,S392,AbstractRenderer.java,324,this.basePaint = DEFAULT_PAINT;,0.0,10206,11201
996,S393,AbstractRenderer.java,325,this.autoPopulateSeriesPaint = true;,0.0,10206,11201
996,S394,AbstractRenderer.java,327,this.fillPaintList = new PaintList();,0.0,10206,11201
996,S395,AbstractRenderer.java,328,this.baseFillPaint = Color.white;,0.0,10206,11201
996,S396,AbstractRenderer.java,329,this.autoPopulateSeriesFillPaint = false;,0.0,10206,11201
996,S397,AbstractRenderer.java,331,this.outlinePaintList = new PaintList();,0.0,10206,11201
996,S398,AbstractRenderer.java,332,this.baseOutlinePaint = DEFAULT_OUTLINE_PAINT;,0.0,10206,11201
996,S399,AbstractRenderer.java,333,this.autoPopulateSeriesOutlinePaint = false;,0.0,10206,11201
996,S400,AbstractRenderer.java,335,this.strokeList = new StrokeList();,0.0,10206,11201
996,S401,AbstractRenderer.java,336,this.baseStroke = DEFAULT_STROKE;,0.0,10206,11201
996,S402,AbstractRenderer.java,337,this.autoPopulateSeriesStroke = false;,0.0,10206,11201
996,S403,AbstractRenderer.java,339,this.outlineStrokeList = new StrokeList();,0.0,10206,11201
996,S404,AbstractRenderer.java,340,this.baseOutlineStroke = DEFAULT_OUTLINE_STROKE;,0.0,10206,11201
996,S405,AbstractRenderer.java,341,this.autoPopulateSeriesOutlineStroke = false;,0.0,10206,11201
996,S406,AbstractRenderer.java,343,this.shapeList = new ShapeList();,0.0,10206,11201
996,S407,AbstractRenderer.java,344,this.baseShape = DEFAULT_SHAPE;,0.0,10206,11201
996,S408,AbstractRenderer.java,345,this.autoPopulateSeriesShape = true;,0.0,10206,11201
996,S409,AbstractRenderer.java,347,this.itemLabelsVisibleList = new BooleanList();,0.0,10206,11201
996,S410,AbstractRenderer.java,348,this.baseItemLabelsVisible = false;,0.0,10206,11201
996,S411,AbstractRenderer.java,350,this.itemLabelFontList = new ObjectList();,0.0,10206,11201
996,S412,AbstractRenderer.java,351,"this.baseItemLabelFont = new Font(""SansSerif"", Font.PLAIN, 10);",0.0,10206,11201
996,S413,AbstractRenderer.java,353,this.itemLabelPaintList = new PaintList();,0.0,10206,11201
996,S414,AbstractRenderer.java,354,this.baseItemLabelPaint = Color.black;,0.0,10206,11201
996,S415,AbstractRenderer.java,356,this.positiveItemLabelPositionList = new ObjectList();,0.0,10206,11201
996,S416,AbstractRenderer.java,357,this.basePositiveItemLabelPosition = new ItemLabelPosition(,0.0,10206,11201
996,S417,AbstractRenderer.java,360,this.negativeItemLabelPositionList = new ObjectList();,0.0,10206,11201
996,S418,AbstractRenderer.java,361,this.baseNegativeItemLabelPosition = new ItemLabelPosition(,0.0,10206,11201
996,S419,AbstractRenderer.java,364,this.createEntitiesList = new BooleanList();,0.0,10206,11201
996,S420,AbstractRenderer.java,365,this.baseCreateEntities = true;,0.0,10206,11201
996,S421,AbstractRenderer.java,367,this.listenerList = new EventListenerList();,0.0,10206,11201
996,S422,AbstractRenderer.java,390,return isSeriesVisible(series);,0.0,10206,11201
996,S423,AbstractRenderer.java,402,boolean result = this.baseSeriesVisible;,0.0,10206,11201
996,S424,AbstractRenderer.java,403,Boolean b = this.seriesVisibleList.getBoolean(series);,0.0,10206,11201
996,S425,AbstractRenderer.java,404,if (b != null) {,0.0,10206,11201
996,S426,AbstractRenderer.java,407,return result;,0.0,10206,11201
996,S427,AbstractRenderer.java,505,boolean result = this.baseSeriesVisibleInLegend;,0.0,10206,11201
996,S428,AbstractRenderer.java,506,Boolean b = this.seriesVisibleInLegendList.getBoolean(series);,0.0,10206,11201
996,S429,AbstractRenderer.java,507,if (b != null) {,0.0,10206,11201
996,S430,AbstractRenderer.java,510,return result;,0.0,10206,11201
996,S431,AbstractRenderer.java,616,return lookupSeriesPaint(row);,0.0,10206,11201
996,S432,AbstractRenderer.java,631,Paint seriesPaint = getSeriesPaint(series);,0.0,10206,11201
996,S433,AbstractRenderer.java,632,if (seriesPaint == null && this.autoPopulateSeriesPaint) {,0.0,10206,11201
996,S434,AbstractRenderer.java,633,DrawingSupplier supplier = getDrawingSupplier();,0.0,10206,11201
996,S435,AbstractRenderer.java,634,if (supplier != null) {,0.0,10206,11201
996,S436,AbstractRenderer.java,635,seriesPaint = supplier.getNextPaint();,0.0,10206,11201
996,S437,AbstractRenderer.java,636,"setSeriesPaint(series, seriesPaint, false);",0.0,10206,11201
996,S438,AbstractRenderer.java,639,if (seriesPaint == null) {,0.0,10206,11201
996,S439,AbstractRenderer.java,642,return seriesPaint;,0.0,10206,11201
996,S440,AbstractRenderer.java,656,return this.paintList.getPaint(series);,0.0,10206,11201
996,S441,AbstractRenderer.java,669,"setSeriesPaint(series, paint, true);",0.0,10206,11201
996,S442,AbstractRenderer.java,683,"this.paintList.setPaint(series, paint);",0.0,10206,11201
996,S443,AbstractRenderer.java,684,if (notify) {,0.0,10206,11201
996,S444,AbstractRenderer.java,685,fireChangeEvent();,0.0,10206,11201
996,S445,AbstractRenderer.java,931,return lookupSeriesOutlinePaint(row);,0.0,10206,11201
996,S446,AbstractRenderer.java,946,Paint seriesOutlinePaint = getSeriesOutlinePaint(series);,0.0,10206,11201
996,S447,AbstractRenderer.java,947,if (seriesOutlinePaint == null && this.autoPopulateSeriesOutlinePaint) {,0.0,10206,11201
996,S448,AbstractRenderer.java,954,if (seriesOutlinePaint == null) {,0.0,10206,11201
996,S449,AbstractRenderer.java,955,seriesOutlinePaint = this.baseOutlinePaint;,0.0,10206,11201
996,S450,AbstractRenderer.java,957,return seriesOutlinePaint;,0.0,10206,11201
996,S451,AbstractRenderer.java,971,return this.outlinePaintList.getPaint(series);,0.0,10206,11201
996,S452,AbstractRenderer.java,1089,return lookupSeriesStroke(row);,0.0,10206,11201
996,S453,AbstractRenderer.java,1104,Stroke result = getSeriesStroke(series);,0.0,10206,11201
996,S454,AbstractRenderer.java,1105,if (result == null && this.autoPopulateSeriesStroke) {,0.0,10206,11201
996,S455,AbstractRenderer.java,1112,if (result == null) {,0.0,10206,11201
996,S456,AbstractRenderer.java,1113,result = this.baseStroke;,0.0,10206,11201
996,S457,AbstractRenderer.java,1115,return result;,0.0,10206,11201
996,S458,AbstractRenderer.java,1129,return this.strokeList.getStroke(series);,0.0,10206,11201
996,S459,AbstractRenderer.java,1247,return lookupSeriesOutlineStroke(row);,0.0,10206,11201
996,S460,AbstractRenderer.java,1262,Stroke result = getSeriesOutlineStroke(series);,0.0,10206,11201
996,S461,AbstractRenderer.java,1263,if (result == null && this.autoPopulateSeriesOutlineStroke) {,0.0,10206,11201
996,S462,AbstractRenderer.java,1270,if (result == null) {,0.0,10206,11201
996,S463,AbstractRenderer.java,1271,result = this.baseOutlineStroke;,0.0,10206,11201
996,S464,AbstractRenderer.java,1273,return result;,0.0,10206,11201
996,S465,AbstractRenderer.java,1287,return this.outlineStrokeList.getStroke(series);,0.0,10206,11201
996,S466,AbstractRenderer.java,1408,return lookupSeriesShape(row);,0.0,10206,11201
996,S467,AbstractRenderer.java,1423,Shape result = getSeriesShape(series);,0.0,10206,11201
996,S468,AbstractRenderer.java,1424,if (result == null && this.autoPopulateSeriesShape) {,0.0,10206,11201
996,S469,AbstractRenderer.java,1425,DrawingSupplier supplier = getDrawingSupplier();,0.0,10206,11201
996,S470,AbstractRenderer.java,1426,if (supplier != null) {,0.0,10206,11201
996,S471,AbstractRenderer.java,1427,result = supplier.getNextShape();,0.0,10206,11201
996,S472,AbstractRenderer.java,1428,"setSeriesShape(series, result, false);",0.0,10206,11201
996,S473,AbstractRenderer.java,1431,if (result == null) {,0.0,10206,11201
996,S474,AbstractRenderer.java,1434,return result;,0.0,10206,11201
996,S475,AbstractRenderer.java,1448,return this.shapeList.getShape(series);,0.0,10206,11201
996,S476,AbstractRenderer.java,1475,"this.shapeList.setShape(series, shape);",0.0,10206,11201
996,S477,AbstractRenderer.java,1476,if (notify) {,0.0,10206,11201
996,S478,AbstractRenderer.java,1564,return isSeriesItemLabelsVisible(row);,0.0,10206,11201
996,S479,AbstractRenderer.java,1576,Boolean b = this.itemLabelsVisibleList.getBoolean(series);,0.0,10206,11201
996,S480,AbstractRenderer.java,1577,if (b != null) {,0.0,10206,11201
996,S481,AbstractRenderer.java,1580,return this.baseItemLabelsVisible;,0.0,10206,11201
996,S482,AbstractRenderer.java,1982,"setBasePositiveItemLabelPosition(position, true);",0.0,10206,11201
996,S483,AbstractRenderer.java,1996,if (position == null) {,0.0,10206,11201
996,S484,AbstractRenderer.java,1999,this.basePositiveItemLabelPosition = position;,0.0,10206,11201
996,S485,AbstractRenderer.java,2000,if (notify) {,0.0,10206,11201
996,S486,AbstractRenderer.java,2001,fireChangeEvent();,0.0,10206,11201
996,S487,AbstractRenderer.java,2098,"setBaseNegativeItemLabelPosition(position, true);",0.0,10206,11201
996,S488,AbstractRenderer.java,2112,if (position == null) {,0.0,10206,11201
996,S489,AbstractRenderer.java,2115,this.baseNegativeItemLabelPosition = position;,0.0,10206,11201
996,S490,AbstractRenderer.java,2116,if (notify) {,0.0,10206,11201
996,S491,AbstractRenderer.java,2117,fireChangeEvent();,0.0,10206,11201
996,S492,AbstractRenderer.java,2252,private static final double ADJ = Math.cos(Math.PI / 6.0);,0.0,10206,11201
996,S493,AbstractRenderer.java,2255,private static final double OPP = Math.sin(Math.PI / 6.0);,0.0,10206,11201
996,S494,AbstractRenderer.java,2384,if (listener == null) {,0.0,10206,11201
996,S495,AbstractRenderer.java,2387,"this.listenerList.add(RendererChangeListener.class, listener);",0.0,10206,11201
996,S496,AbstractRenderer.java,2399,if (listener == null) {,0.0,10206,11201
996,S497,AbstractRenderer.java,2402,"this.listenerList.remove(RendererChangeListener.class, listener);",0.0,10206,11201
996,S498,AbstractRenderer.java,2415,List list = Arrays.asList(this.listenerList.getListenerList());,0.0,10206,11201
996,S499,AbstractRenderer.java,2416,return list.contains(listener);,0.0,10206,11201
996,S500,AbstractRenderer.java,2435,notifyListeners(new RendererChangeEvent(this));,0.0,10206,11201
996,S501,AbstractRenderer.java,2444,Object[] ls = this.listenerList.getListenerList();,0.0,10206,11201
996,S502,AbstractRenderer.java,2445,for (int i = ls.length - 2; i >= 0; i -= 2) {,0.0,10206,11201
996,S503,AbstractRenderer.java,2446,if (ls[i] == RendererChangeListener.class) {,0.0,10206,11201
996,S504,AbstractRenderer.java,2447,((RendererChangeListener) ls[i + 1]).rendererChanged(event);,0.0,10206,11201
996,S505,AbstractRenderer.java,2460,if (obj == this) {,0.0,10206,11201
996,S506,AbstractRenderer.java,2463,if (!(obj instanceof AbstractRenderer)) {,0.0,10206,11201
996,S507,AbstractRenderer.java,2466,AbstractRenderer that = (AbstractRenderer) obj;,0.0,10206,11201
996,S508,AbstractRenderer.java,2467,if (!this.seriesVisibleList.equals(that.seriesVisibleList)) {,0.0,10206,11201
996,S509,AbstractRenderer.java,2470,if (this.baseSeriesVisible != that.baseSeriesVisible) {,0.0,10206,11201
996,S510,AbstractRenderer.java,2473,if (!this.seriesVisibleInLegendList.equals(,0.0,10206,11201
996,S511,AbstractRenderer.java,2477,if (this.baseSeriesVisibleInLegend != that.baseSeriesVisibleInLegend) {,0.0,10206,11201
996,S512,AbstractRenderer.java,2480,"if (!ObjectUtilities.equal(this.paintList, that.paintList)) {",0.0,10206,11201
996,S513,AbstractRenderer.java,2483,"if (!PaintUtilities.equal(this.basePaint, that.basePaint)) {",0.0,10206,11201
996,S514,AbstractRenderer.java,2486,"if (!ObjectUtilities.equal(this.fillPaintList, that.fillPaintList)) {",0.0,10206,11201
996,S515,AbstractRenderer.java,2489,"if (!PaintUtilities.equal(this.baseFillPaint, that.baseFillPaint)) {",0.0,10206,11201
996,S516,AbstractRenderer.java,2492,"if (!ObjectUtilities.equal(this.outlinePaintList,",0.0,10206,11201
996,S517,AbstractRenderer.java,2496,"if (!PaintUtilities.equal(this.baseOutlinePaint,",0.0,10206,11201
996,S518,AbstractRenderer.java,2500,"if (!ObjectUtilities.equal(this.strokeList, that.strokeList)) {",0.0,10206,11201
996,S519,AbstractRenderer.java,2503,"if (!ObjectUtilities.equal(this.baseStroke, that.baseStroke)) {",0.0,10206,11201
996,S520,AbstractRenderer.java,2506,"if (!ObjectUtilities.equal(this.outlineStrokeList,",0.0,10206,11201
996,S521,AbstractRenderer.java,2510,if (!ObjectUtilities.equal(,0.0,10206,11201
996,S522,AbstractRenderer.java,2515,"if (!ObjectUtilities.equal(this.shapeList, that.shapeList)) {",0.0,10206,11201
996,S523,AbstractRenderer.java,2518,"if (!ObjectUtilities.equal(this.baseShape, that.baseShape)) {",0.0,10206,11201
996,S524,AbstractRenderer.java,2521,"if (!ObjectUtilities.equal(this.itemLabelsVisibleList,",0.0,10206,11201
996,S525,AbstractRenderer.java,2525,if (this.baseItemLabelsVisible != that.baseItemLabelsVisible) {,0.0,10206,11201
996,S526,AbstractRenderer.java,2528,"if (!ObjectUtilities.equal(this.itemLabelFontList,",0.0,10206,11201
996,S527,AbstractRenderer.java,2532,"if (!ObjectUtilities.equal(this.baseItemLabelFont,",0.0,10206,11201
996,S528,AbstractRenderer.java,2536,"if (!ObjectUtilities.equal(this.itemLabelPaintList,",0.0,10206,11201
996,S529,AbstractRenderer.java,2540,"if (!PaintUtilities.equal(this.baseItemLabelPaint,",0.0,10206,11201
996,S530,AbstractRenderer.java,2544,"if (!ObjectUtilities.equal(this.positiveItemLabelPositionList,",0.0,10206,11201
996,S531,AbstractRenderer.java,2548,"if (!ObjectUtilities.equal(this.basePositiveItemLabelPosition,",0.0,10206,11201
996,S532,AbstractRenderer.java,2552,"if (!ObjectUtilities.equal(this.negativeItemLabelPositionList,",0.0,10206,11201
996,S533,AbstractRenderer.java,2556,"if (!ObjectUtilities.equal(this.baseNegativeItemLabelPosition,",0.0,10206,11201
996,S534,AbstractRenderer.java,2560,if (this.itemLabelAnchorOffset != that.itemLabelAnchorOffset) {,0.0,10206,11201
996,S535,AbstractRenderer.java,2563,"if (!ObjectUtilities.equal(this.createEntitiesList,",0.0,10206,11201
996,S536,AbstractRenderer.java,2567,if (this.baseCreateEntities != that.baseCreateEntities) {,0.0,10206,11201
996,S537,AbstractRenderer.java,2570,return true;,0.0,10206,11201
996,S538,AbstractRenderer.java,2579,int result = 193;,0.0,10206,11201
996,S539,AbstractRenderer.java,2580,"result = HashUtilities.hashCode(result, this.seriesVisibleList);",0.0,10206,11201
996,S540,AbstractRenderer.java,2581,"result = HashUtilities.hashCode(result, this.baseSeriesVisible);",0.0,10206,11201
996,S541,AbstractRenderer.java,2582,"result = HashUtilities.hashCode(result, this.seriesVisibleInLegendList);",0.0,10206,11201
996,S542,AbstractRenderer.java,2583,"result = HashUtilities.hashCode(result, this.baseSeriesVisibleInLegend);",0.0,10206,11201
996,S543,AbstractRenderer.java,2584,"result = HashUtilities.hashCode(result, this.paintList);",0.0,10206,11201
996,S544,AbstractRenderer.java,2585,"result = HashUtilities.hashCode(result, this.basePaint);",0.0,10206,11201
996,S545,AbstractRenderer.java,2586,"result = HashUtilities.hashCode(result, this.fillPaintList);",0.0,10206,11201
996,S546,AbstractRenderer.java,2587,"result = HashUtilities.hashCode(result, this.baseFillPaint);",0.0,10206,11201
996,S547,AbstractRenderer.java,2588,"result = HashUtilities.hashCode(result, this.outlinePaintList);",0.0,10206,11201
996,S548,AbstractRenderer.java,2589,"result = HashUtilities.hashCode(result, this.baseOutlinePaint);",0.0,10206,11201
996,S549,AbstractRenderer.java,2590,"result = HashUtilities.hashCode(result, this.strokeList);",0.0,10206,11201
996,S550,AbstractRenderer.java,2591,"result = HashUtilities.hashCode(result, this.baseStroke);",0.0,10206,11201
996,S551,AbstractRenderer.java,2592,"result = HashUtilities.hashCode(result, this.outlineStrokeList);",0.0,10206,11201
996,S552,AbstractRenderer.java,2593,"result = HashUtilities.hashCode(result, this.baseOutlineStroke);",0.0,10206,11201
996,S553,AbstractRenderer.java,2596,"result = HashUtilities.hashCode(result, this.itemLabelsVisibleList);",0.0,10206,11201
996,S554,AbstractRenderer.java,2597,"result = HashUtilities.hashCode(result, this.baseItemLabelsVisible);",0.0,10206,11201
996,S555,AbstractRenderer.java,2609,return result;,0.0,10206,11201
996,S556,AbstractRenderer.java,2621,AbstractRenderer clone = (AbstractRenderer) super.clone();,0.0,10206,11201
996,S557,AbstractRenderer.java,2623,if (this.seriesVisibleList != null) {,0.0,10206,11201
996,S558,AbstractRenderer.java,2624,clone.seriesVisibleList,0.0,10206,11201
996,S559,AbstractRenderer.java,2628,if (this.seriesVisibleInLegendList != null) {,0.0,10206,11201
996,S560,AbstractRenderer.java,2629,clone.seriesVisibleInLegendList,0.0,10206,11201
996,S561,AbstractRenderer.java,2634,if (this.paintList != null) {,0.0,10206,11201
996,S562,AbstractRenderer.java,2635,clone.paintList = (PaintList) this.paintList.clone();,0.0,10206,11201
996,S563,AbstractRenderer.java,2639,if (this.fillPaintList != null) {,0.0,10206,11201
996,S564,AbstractRenderer.java,2640,clone.fillPaintList = (PaintList) this.fillPaintList.clone();,0.0,10206,11201
996,S565,AbstractRenderer.java,2643,if (this.outlinePaintList != null) {,0.0,10206,11201
996,S566,AbstractRenderer.java,2644,clone.outlinePaintList = (PaintList) this.outlinePaintList.clone();,0.0,10206,11201
996,S567,AbstractRenderer.java,2649,if (this.strokeList != null) {,0.0,10206,11201
996,S568,AbstractRenderer.java,2650,clone.strokeList = (StrokeList) this.strokeList.clone();,0.0,10206,11201
996,S569,AbstractRenderer.java,2655,if (this.outlineStrokeList != null) {,0.0,10206,11201
996,S570,AbstractRenderer.java,2656,clone.outlineStrokeList,0.0,10206,11201
996,S571,AbstractRenderer.java,2661,if (this.shapeList != null) {,0.0,10206,11201
996,S572,AbstractRenderer.java,2662,clone.shapeList = (ShapeList) this.shapeList.clone();,0.0,10206,11201
996,S573,AbstractRenderer.java,2664,if (this.baseShape != null) {,0.0,10206,11201
996,S574,AbstractRenderer.java,2665,clone.baseShape = ShapeUtilities.clone(this.baseShape);,0.0,10206,11201
996,S575,AbstractRenderer.java,2669,if (this.itemLabelsVisibleList != null) {,0.0,10206,11201
996,S576,AbstractRenderer.java,2670,clone.itemLabelsVisibleList,0.0,10206,11201
996,S577,AbstractRenderer.java,2676,if (this.itemLabelFontList != null) {,0.0,10206,11201
996,S578,AbstractRenderer.java,2677,clone.itemLabelFontList,0.0,10206,11201
996,S579,AbstractRenderer.java,2683,if (this.itemLabelPaintList != null) {,0.0,10206,11201
996,S580,AbstractRenderer.java,2684,clone.itemLabelPaintList,0.0,10206,11201
996,S581,AbstractRenderer.java,2690,if (this.positiveItemLabelPositionList != null) {,0.0,10206,11201
996,S582,AbstractRenderer.java,2691,clone.positiveItemLabelPositionList,0.0,10206,11201
996,S583,AbstractRenderer.java,2697,if (this.negativeItemLabelPositionList != null) {,0.0,10206,11201
996,S584,AbstractRenderer.java,2698,clone.negativeItemLabelPositionList,0.0,10206,11201
996,S585,AbstractRenderer.java,2703,if (this.createEntitiesList != null) {,0.0,10206,11201
996,S586,AbstractRenderer.java,2704,clone.createEntitiesList,0.0,10206,11201
996,S587,AbstractRenderer.java,2707,clone.listenerList = new EventListenerList();,0.0,10206,11201
996,S588,AbstractRenderer.java,2708,clone.event = null;,0.0,10206,11201
996,S589,AbstractRenderer.java,2709,return clone;,0.0,10206,11201
996,S590,AbstractRenderer.java,2721,stream.defaultWriteObject();,0.0,10206,11201
996,S591,AbstractRenderer.java,2722,"SerialUtilities.writePaint(this.basePaint, stream);",0.0,10206,11201
996,S592,AbstractRenderer.java,2723,"SerialUtilities.writePaint(this.baseFillPaint, stream);",0.0,10206,11201
996,S593,AbstractRenderer.java,2724,"SerialUtilities.writePaint(this.baseOutlinePaint, stream);",0.0,10206,11201
996,S594,AbstractRenderer.java,2725,"SerialUtilities.writeStroke(this.baseStroke, stream);",0.0,10206,11201
996,S595,AbstractRenderer.java,2726,"SerialUtilities.writeStroke(this.baseOutlineStroke, stream);",0.0,10206,11201
996,S596,AbstractRenderer.java,2727,"SerialUtilities.writeShape(this.baseShape, stream);",0.0,10206,11201
996,S597,AbstractRenderer.java,2728,"SerialUtilities.writePaint(this.baseItemLabelPaint, stream);",0.0,10206,11201
996,S598,AbstractRenderer.java,2743,stream.defaultReadObject();,0.0,10206,11201
996,S599,AbstractRenderer.java,2744,this.basePaint = SerialUtilities.readPaint(stream);,0.0,10206,11201
996,S600,AbstractRenderer.java,2745,this.baseFillPaint = SerialUtilities.readPaint(stream);,0.0,10206,11201
996,S601,AbstractRenderer.java,2746,this.baseOutlinePaint = SerialUtilities.readPaint(stream);,0.0,10206,11201
996,S602,AbstractRenderer.java,2747,this.baseStroke = SerialUtilities.readStroke(stream);,0.0,10206,11201
996,S603,AbstractRenderer.java,2748,this.baseOutlineStroke = SerialUtilities.readStroke(stream);,0.0,10206,11201
996,S604,AbstractRenderer.java,2749,this.baseShape = SerialUtilities.readShape(stream);,0.0,10206,11201
996,S605,AbstractRenderer.java,2750,this.baseItemLabelPaint = SerialUtilities.readPaint(stream);,0.0,10206,11201
996,S606,AbstractRenderer.java,2754,this.listenerList = new EventListenerList();,0.0,10206,11201
996,S607,AbstractSeriesDataset.java,65,super();,0.0,10206,11201
996,S608,AbstractXYAnnotation.java,72,protected AbstractXYAnnotation() {,0.0,10206,11201
996,S609,AbstractXYAnnotation.java,73,this.toolTipText = null;,0.0,10206,11201
996,S610,AbstractXYAnnotation.java,74,this.url = null;,0.0,10206,11201
996,S611,AbstractXYAnnotation.java,174,if (obj == this) {,0.0,10206,11201
996,S612,AbstractXYAnnotation.java,177,if (!(obj instanceof AbstractXYAnnotation)) {,0.0,10206,11201
996,S613,AbstractXYAnnotation.java,180,AbstractXYAnnotation that = (AbstractXYAnnotation) obj;,0.0,10206,11201
996,S614,AbstractXYAnnotation.java,181,"if (!ObjectUtilities.equal(this.toolTipText, that.toolTipText)) {",0.0,10206,11201
996,S615,AbstractXYAnnotation.java,184,"if (!ObjectUtilities.equal(this.url, that.url)) {",0.0,10206,11201
996,S616,AbstractXYAnnotation.java,187,return true;,0.0,10206,11201
996,S617,AbstractXYDataset.java,53,public abstract class AbstractXYDataset extends AbstractSeriesDataset,0.0,10206,11201
996,S618,AbstractXYDataset.java,62,return DomainOrder.NONE;,0.0,10206,11201
996,S619,AbstractXYDataset.java,74,double result = Double.NaN;,0.0,10206,11201
996,S620,AbstractXYDataset.java,75,"Number x = getX(series, item);",0.0,10206,11201
996,S621,AbstractXYDataset.java,76,if (x != null) {,0.0,10206,11201
996,S622,AbstractXYDataset.java,77,result = x.doubleValue();,0.0,10206,11201
996,S623,AbstractXYDataset.java,79,return result;,0.0,10206,11201
996,S624,AbstractXYDataset.java,91,double result = Double.NaN;,0.0,10206,11201
996,S625,AbstractXYDataset.java,92,"Number y = getY(series, item);",0.0,10206,11201
996,S626,AbstractXYDataset.java,93,if (y != null) {,0.0,10206,11201
996,S627,AbstractXYDataset.java,94,result = y.doubleValue();,0.0,10206,11201
996,S628,AbstractXYDataset.java,96,return result;,0.0,10206,11201
996,S629,AbstractXYItemLabelGenerator.java,87,"private String nullXString = ""null"";",0.0,10206,11201
996,S630,AbstractXYItemLabelGenerator.java,90,"private String nullYString = ""null"";",0.0,10206,11201
996,S631,AbstractXYItemLabelGenerator.java,112,NumberFormat yFormat) {,0.0,10206,11201
996,S632,AbstractXYItemLabelGenerator.java,114,if (formatString == null) {,0.0,10206,11201
996,S633,AbstractXYItemLabelGenerator.java,117,if (xFormat == null) {,0.0,10206,11201
996,S634,AbstractXYItemLabelGenerator.java,120,if (yFormat == null) {,0.0,10206,11201
996,S635,AbstractXYItemLabelGenerator.java,123,this.formatString = formatString;,0.0,10206,11201
996,S636,AbstractXYItemLabelGenerator.java,124,this.xFormat = xFormat;,0.0,10206,11201
996,S637,AbstractXYItemLabelGenerator.java,125,this.yFormat = yFormat;,0.0,10206,11201
996,S638,AbstractXYItemLabelGenerator.java,143,"this(formatString, NumberFormat.getInstance(), yFormat);",0.0,10206,11201
996,S639,AbstractXYItemLabelGenerator.java,144,this.xDateFormat = xFormat;,0.0,10206,11201
996,S640,AbstractXYItemLabelGenerator.java,304,if (obj == this) {,0.0,10206,11201
996,S641,AbstractXYItemLabelGenerator.java,307,if (!(obj instanceof AbstractXYItemLabelGenerator)) {,0.0,10206,11201
996,S642,AbstractXYItemLabelGenerator.java,310,AbstractXYItemLabelGenerator that = (AbstractXYItemLabelGenerator) obj;,0.0,10206,11201
996,S643,AbstractXYItemLabelGenerator.java,311,if (!this.formatString.equals(that.formatString)) {,0.0,10206,11201
996,S644,AbstractXYItemLabelGenerator.java,314,"if (!ObjectUtilities.equal(this.xFormat, that.xFormat)) {",0.0,10206,11201
996,S645,AbstractXYItemLabelGenerator.java,317,"if (!ObjectUtilities.equal(this.xDateFormat, that.xDateFormat)) {",0.0,10206,11201
996,S646,AbstractXYItemLabelGenerator.java,320,"if (!ObjectUtilities.equal(this.yFormat, that.yFormat)) {",0.0,10206,11201
996,S647,AbstractXYItemLabelGenerator.java,323,"if (!ObjectUtilities.equal(this.yDateFormat, that.yDateFormat)) {",0.0,10206,11201
996,S648,AbstractXYItemLabelGenerator.java,326,return true;,0.0,10206,11201
996,S649,AbstractXYItemRenderer.java,224,super();,0.0,10206,11201
996,S650,AbstractXYItemRenderer.java,225,this.itemLabelGeneratorList = new ObjectList();,0.0,10206,11201
996,S651,AbstractXYItemRenderer.java,226,this.toolTipGeneratorList = new ObjectList();,0.0,10206,11201
996,S652,AbstractXYItemRenderer.java,227,this.urlGeneratorList = new ObjectList();,0.0,10206,11201
996,S653,AbstractXYItemRenderer.java,228,this.baseURLGenerator = null;,0.0,10206,11201
996,S654,AbstractXYItemRenderer.java,229,this.backgroundAnnotations = new java.util.ArrayList();,0.0,10206,11201
996,S655,AbstractXYItemRenderer.java,230,this.foregroundAnnotations = new java.util.ArrayList();,0.0,10206,11201
996,S656,AbstractXYItemRenderer.java,231,this.defaultEntityRadius = 3;,0.0,10206,11201
996,S657,AbstractXYItemRenderer.java,232,this.legendItemLabelGenerator = new StandardXYSeriesLabelGenerator(,0.0,10206,11201
996,S658,AbstractXYItemRenderer.java,244,return 1;,0.0,10206,11201
996,S659,AbstractXYItemRenderer.java,253,return this.plot;,0.0,10206,11201
996,S660,AbstractXYItemRenderer.java,262,this.plot = plot;,0.0,10206,11201
996,S661,AbstractXYItemRenderer.java,288,XYItemRendererState state = new XYItemRendererState(info);,0.0,10206,11201
996,S662,AbstractXYItemRenderer.java,289,return state;,0.0,10206,11201
996,S663,AbstractXYItemRenderer.java,415,XYToolTipGenerator generator,0.0,10206,11201
996,S664,AbstractXYItemRenderer.java,417,if (generator == null) {,0.0,10206,11201
996,S665,AbstractXYItemRenderer.java,420,return generator;,0.0,10206,11201
996,S666,AbstractXYItemRenderer.java,445,"setSeriesToolTipGenerator(series, generator, true);",0.0,10206,11201
996,S667,AbstractXYItemRenderer.java,460,"this.toolTipGeneratorList.set(series, generator);",0.0,10206,11201
996,S668,AbstractXYItemRenderer.java,461,if (notify) {,0.0,10206,11201
996,S669,AbstractXYItemRenderer.java,462,notifyListeners(new RendererChangeEvent(this));,0.0,10206,11201
996,S670,AbstractXYItemRenderer.java,486,"setBaseToolTipGenerator(generator, true);",0.0,10206,11201
996,S671,AbstractXYItemRenderer.java,502,this.baseToolTipGenerator = generator;,0.0,10206,11201
996,S672,AbstractXYItemRenderer.java,503,if (notify) {,0.0,10206,11201
996,S673,AbstractXYItemRenderer.java,504,notifyListeners(new RendererChangeEvent(this));,0.0,10206,11201
996,S674,AbstractXYItemRenderer.java,603,"setBaseURLGenerator(generator, true);",0.0,10206,11201
996,S675,AbstractXYItemRenderer.java,618,this.baseURLGenerator = generator;,0.0,10206,11201
996,S676,AbstractXYItemRenderer.java,619,if (notify) {,0.0,10206,11201
996,S677,AbstractXYItemRenderer.java,620,notifyListeners(new RendererChangeEvent(this));,0.0,10206,11201
996,S678,AbstractXYItemRenderer.java,720,return this.legendItemLabelGenerator;,0.0,10206,11201
996,S679,AbstractXYItemRenderer.java,747,return this.legendItemToolTipGenerator;,0.0,10206,11201
996,S680,AbstractXYItemRenderer.java,772,return this.legendItemURLGenerator;,0.0,10206,11201
996,S681,AbstractXYItemRenderer.java,800,if (dataset != null) {,0.0,10206,11201
996,S682,AbstractXYItemRenderer.java,801,"return DatasetUtilities.findDomainBounds(dataset, false);",0.0,10206,11201
996,S683,AbstractXYItemRenderer.java,820,if (dataset != null) {,0.0,10206,11201
996,S684,AbstractXYItemRenderer.java,821,"return DatasetUtilities.findRangeBounds(dataset, false);",0.0,10206,11201
996,S685,AbstractXYItemRenderer.java,866,LegendItem result = null;,0.0,10206,11201
996,S686,AbstractXYItemRenderer.java,867,XYPlot xyplot = getPlot();,0.0,10206,11201
996,S687,AbstractXYItemRenderer.java,868,if (xyplot != null) {,0.0,10206,11201
996,S688,AbstractXYItemRenderer.java,869,XYDataset dataset = xyplot.getDataset(datasetIndex);,0.0,10206,11201
996,S689,AbstractXYItemRenderer.java,870,if (dataset != null) {,0.0,10206,11201
996,S690,AbstractXYItemRenderer.java,871,String label = this.legendItemLabelGenerator.generateLabel(,0.0,10206,11201
996,S691,AbstractXYItemRenderer.java,873,String description = label;,0.0,10206,11201
996,S692,AbstractXYItemRenderer.java,874,String toolTipText = null;,0.0,10206,11201
996,S693,AbstractXYItemRenderer.java,875,if (getLegendItemToolTipGenerator() != null) {,0.0,10206,11201
996,S694,AbstractXYItemRenderer.java,879,String urlText = null;,0.0,10206,11201
996,S695,AbstractXYItemRenderer.java,880,if (getLegendItemURLGenerator() != null) {,0.0,10206,11201
996,S696,AbstractXYItemRenderer.java,884,Shape shape = lookupSeriesShape(series);,0.0,10206,11201
996,S697,AbstractXYItemRenderer.java,885,Paint paint = lookupSeriesPaint(series);,0.0,10206,11201
996,S698,AbstractXYItemRenderer.java,886,Paint outlinePaint = lookupSeriesOutlinePaint(series);,0.0,10206,11201
996,S699,AbstractXYItemRenderer.java,887,Stroke outlineStroke = lookupSeriesOutlineStroke(series);,0.0,10206,11201
996,S700,AbstractXYItemRenderer.java,888,"result = new LegendItem(label, description, toolTipText,",0.0,10206,11201
996,S701,AbstractXYItemRenderer.java,890,result.setSeriesKey(dataset.getSeriesKey(series));,0.0,10206,11201
996,S702,AbstractXYItemRenderer.java,891,result.setSeriesIndex(series);,0.0,10206,11201
996,S703,AbstractXYItemRenderer.java,892,result.setDataset(dataset);,0.0,10206,11201
996,S704,AbstractXYItemRenderer.java,893,result.setDatasetIndex(datasetIndex);,0.0,10206,11201
996,S705,AbstractXYItemRenderer.java,896,return result;,0.0,10206,11201
996,S706,AbstractXYItemRenderer.java,987,Range range = axis.getRange();,0.0,10206,11201
996,S707,AbstractXYItemRenderer.java,988,if (!range.contains(value)) {,0.0,10206,11201
996,S708,AbstractXYItemRenderer.java,992,PlotOrientation orientation = plot.getOrientation();,0.0,10206,11201
996,S709,AbstractXYItemRenderer.java,993,Line2D line = null;,0.0,10206,11201
996,S710,AbstractXYItemRenderer.java,994,"double v = axis.valueToJava2D(value, dataArea, plot.getDomainAxisEdge());",0.0,10206,11201
996,S711,AbstractXYItemRenderer.java,995,if (orientation == PlotOrientation.HORIZONTAL) {,0.0,10206,11201
996,S712,AbstractXYItemRenderer.java,999,else if (orientation == PlotOrientation.VERTICAL) {,0.0,10206,11201
996,S713,AbstractXYItemRenderer.java,1000,"line = new Line2D.Double(v, dataArea.getMinY(), v,",0.0,10206,11201
996,S714,AbstractXYItemRenderer.java,1004,g2.setPaint(paint);,0.0,10206,11201
996,S715,AbstractXYItemRenderer.java,1005,g2.setStroke(stroke);,0.0,10206,11201
996,S716,AbstractXYItemRenderer.java,1006,g2.draw(line);,0.0,10206,11201
996,S717,AbstractXYItemRenderer.java,1030,Range range = axis.getRange();,0.0,10206,11201
996,S718,AbstractXYItemRenderer.java,1031,if (!range.contains(value)) {,0.0,10206,11201
996,S719,AbstractXYItemRenderer.java,1035,PlotOrientation orientation = plot.getOrientation();,0.0,10206,11201
996,S720,AbstractXYItemRenderer.java,1036,Line2D line = null;,0.0,10206,11201
996,S721,AbstractXYItemRenderer.java,1037,"double v = axis.valueToJava2D(value, dataArea, plot.getRangeAxisEdge());",0.0,10206,11201
996,S722,AbstractXYItemRenderer.java,1038,if (orientation == PlotOrientation.HORIZONTAL) {,0.0,10206,11201
996,S723,AbstractXYItemRenderer.java,1042,else if (orientation == PlotOrientation.VERTICAL) {,0.0,10206,11201
996,S724,AbstractXYItemRenderer.java,1043,"line = new Line2D.Double(dataArea.getMinX(), v,",0.0,10206,11201
996,S725,AbstractXYItemRenderer.java,1047,g2.setPaint(paint);,0.0,10206,11201
996,S726,AbstractXYItemRenderer.java,1048,g2.setStroke(stroke);,0.0,10206,11201
996,S727,AbstractXYItemRenderer.java,1049,g2.draw(line);,0.0,10206,11201
996,S728,AbstractXYItemRenderer.java,1068,if (marker instanceof ValueMarker) {,0.0,10206,11201
996,S729,AbstractXYItemRenderer.java,1069,ValueMarker vm = (ValueMarker) marker;,0.0,10206,11201
996,S730,AbstractXYItemRenderer.java,1070,double value = vm.getValue();,0.0,10206,11201
996,S731,AbstractXYItemRenderer.java,1071,Range range = domainAxis.getRange();,0.0,10206,11201
996,S732,AbstractXYItemRenderer.java,1072,if (!range.contains(value)) {,0.0,10206,11201
996,S733,AbstractXYItemRenderer.java,1076,"double v = domainAxis.valueToJava2D(value, dataArea,",0.0,10206,11201
996,S734,AbstractXYItemRenderer.java,1079,PlotOrientation orientation = plot.getOrientation();,0.0,10206,11201
996,S735,AbstractXYItemRenderer.java,1080,Line2D line = null;,0.0,10206,11201
996,S736,AbstractXYItemRenderer.java,1081,if (orientation == PlotOrientation.HORIZONTAL) {,0.0,10206,11201
996,S737,AbstractXYItemRenderer.java,1085,else if (orientation == PlotOrientation.VERTICAL) {,0.0,10206,11201
996,S738,AbstractXYItemRenderer.java,1086,"line = new Line2D.Double(v, dataArea.getMinY(), v,",0.0,10206,11201
996,S739,AbstractXYItemRenderer.java,1090,final Composite originalComposite = g2.getComposite();,0.0,10206,11201
996,S740,AbstractXYItemRenderer.java,1091,g2.setComposite(AlphaComposite.getInstance(,0.0,10206,11201
996,S741,AbstractXYItemRenderer.java,1093,g2.setPaint(marker.getPaint());,0.0,10206,11201
996,S742,AbstractXYItemRenderer.java,1094,g2.setStroke(marker.getStroke());,0.0,10206,11201
996,S743,AbstractXYItemRenderer.java,1095,g2.draw(line);,0.0,10206,11201
996,S744,AbstractXYItemRenderer.java,1097,String label = marker.getLabel();,0.0,10206,11201
996,S745,AbstractXYItemRenderer.java,1098,RectangleAnchor anchor = marker.getLabelAnchor();,0.0,10206,11201
996,S746,AbstractXYItemRenderer.java,1099,if (label != null) {,0.0,10206,11201
996,S747,AbstractXYItemRenderer.java,1111,g2.setComposite(originalComposite);,0.0,10206,11201
996,S748,AbstractXYItemRenderer.java,1113,else if (marker instanceof IntervalMarker) {,0.0,10206,11201
996,S749,AbstractXYItemRenderer.java,1114,IntervalMarker im = (IntervalMarker) marker;,0.0,10206,11201
996,S750,AbstractXYItemRenderer.java,1115,double start = im.getStartValue();,0.0,10206,11201
996,S751,AbstractXYItemRenderer.java,1116,double end = im.getEndValue();,0.0,10206,11201
996,S752,AbstractXYItemRenderer.java,1117,Range range = domainAxis.getRange();,0.0,10206,11201
996,S753,AbstractXYItemRenderer.java,1118,"if (!(range.intersects(start, end))) {",0.0,10206,11201
996,S754,AbstractXYItemRenderer.java,1119,return;,0.0,10206,11201
996,S755,AbstractXYItemRenderer.java,1268,if (marker instanceof ValueMarker) {,0.0,10206,11201
996,S756,AbstractXYItemRenderer.java,1269,ValueMarker vm = (ValueMarker) marker;,0.0,10206,11201
996,S757,AbstractXYItemRenderer.java,1270,double value = vm.getValue();,0.0,10206,11201
996,S758,AbstractXYItemRenderer.java,1271,Range range = rangeAxis.getRange();,0.0,10206,11201
996,S759,AbstractXYItemRenderer.java,1272,if (!range.contains(value)) {,0.0,10206,11201
996,S760,AbstractXYItemRenderer.java,1273,return;,0.0,10206,11201
996,S761,AbstractXYItemRenderer.java,1312,else if (marker instanceof IntervalMarker) {,0.0,10206,11201
996,S762,AbstractXYItemRenderer.java,1313,IntervalMarker im = (IntervalMarker) marker;,0.0,10206,11201
996,S763,AbstractXYItemRenderer.java,1314,double start = im.getStartValue();,0.0,10206,11201
996,S764,AbstractXYItemRenderer.java,1315,double end = im.getEndValue();,0.0,10206,11201
996,S765,AbstractXYItemRenderer.java,1316,Range range = rangeAxis.getRange();,0.0,10206,11201
996,S766,AbstractXYItemRenderer.java,1317,"if (!(range.intersects(start, end))) {",0.0,10206,11201
996,S767,AbstractXYItemRenderer.java,1318,return;,0.0,10206,11201
996,S768,AbstractXYItemRenderer.java,1458,AbstractXYItemRenderer clone = (AbstractXYItemRenderer) super.clone();,0.0,10206,11201
996,S769,AbstractXYItemRenderer.java,1461,clone.itemLabelGeneratorList,0.0,10206,11201
996,S770,AbstractXYItemRenderer.java,1463,if (this.baseItemLabelGenerator != null,0.0,10206,11201
996,S771,AbstractXYItemRenderer.java,1469,clone.toolTipGeneratorList,0.0,10206,11201
996,S772,AbstractXYItemRenderer.java,1471,if (this.baseToolTipGenerator != null,0.0,10206,11201
996,S773,AbstractXYItemRenderer.java,1477,if (clone.legendItemLabelGenerator instanceof PublicCloneable) {,0.0,10206,11201
996,S774,AbstractXYItemRenderer.java,1478,clone.legendItemLabelGenerator = (XYSeriesLabelGenerator),0.0,10206,11201
996,S775,AbstractXYItemRenderer.java,1481,if (clone.legendItemToolTipGenerator instanceof PublicCloneable) {,0.0,10206,11201
996,S776,AbstractXYItemRenderer.java,1485,if (clone.legendItemURLGenerator instanceof PublicCloneable) {,0.0,10206,11201
996,S777,AbstractXYItemRenderer.java,1490,clone.foregroundAnnotations = (List) ObjectUtilities.deepClone(,0.0,10206,11201
996,S778,AbstractXYItemRenderer.java,1492,clone.backgroundAnnotations = (List) ObjectUtilities.deepClone(,0.0,10206,11201
996,S779,AbstractXYItemRenderer.java,1495,if (clone.legendItemLabelGenerator instanceof PublicCloneable) {,0.0,10206,11201
996,S780,AbstractXYItemRenderer.java,1496,clone.legendItemLabelGenerator = (XYSeriesLabelGenerator),0.0,10206,11201
996,S781,AbstractXYItemRenderer.java,1499,if (clone.legendItemToolTipGenerator instanceof PublicCloneable) {,0.0,10206,11201
996,S782,AbstractXYItemRenderer.java,1503,if (clone.legendItemURLGenerator instanceof PublicCloneable) {,0.0,10206,11201
996,S783,AbstractXYItemRenderer.java,1508,return clone;,0.0,10206,11201
996,S784,AbstractXYItemRenderer.java,1519,if (obj == this) {,0.0,10206,11201
996,S785,AbstractXYItemRenderer.java,1522,if (!(obj instanceof AbstractXYItemRenderer)) {,0.0,10206,11201
996,S786,AbstractXYItemRenderer.java,1525,AbstractXYItemRenderer that = (AbstractXYItemRenderer) obj;,0.0,10206,11201
996,S787,AbstractXYItemRenderer.java,1526,if (!this.itemLabelGeneratorList.equals(that.itemLabelGeneratorList)) {,0.0,10206,11201
996,S788,AbstractXYItemRenderer.java,1529,"if (!ObjectUtilities.equal(this.baseItemLabelGenerator,",0.0,10206,11201
996,S789,AbstractXYItemRenderer.java,1533,if (!this.toolTipGeneratorList.equals(that.toolTipGeneratorList)) {,0.0,10206,11201
996,S790,AbstractXYItemRenderer.java,1536,"if (!ObjectUtilities.equal(this.baseToolTipGenerator,",0.0,10206,11201
996,S791,AbstractXYItemRenderer.java,1540,if (!this.urlGeneratorList.equals(that.urlGeneratorList)) {,0.0,10206,11201
996,S792,AbstractXYItemRenderer.java,1543,"if (!ObjectUtilities.equal(this.baseURLGenerator,",0.0,10206,11201
996,S793,AbstractXYItemRenderer.java,1545,return false;,0.0,10206,11201
996,S794,AbstractXYItemRenderer.java,1547,if (!this.foregroundAnnotations.equals(that.foregroundAnnotations)) {,0.0,10206,11201
996,S795,AbstractXYItemRenderer.java,1550,if (!this.backgroundAnnotations.equals(that.backgroundAnnotations)) {,0.0,10206,11201
996,S796,AbstractXYItemRenderer.java,1553,if (this.defaultEntityRadius != that.defaultEntityRadius) {,0.0,10206,11201
996,S797,AbstractXYItemRenderer.java,1556,"if (!ObjectUtilities.equal(this.legendItemLabelGenerator,",0.0,10206,11201
996,S798,AbstractXYItemRenderer.java,1560,"if (!ObjectUtilities.equal(this.legendItemToolTipGenerator,",0.0,10206,11201
996,S799,AbstractXYItemRenderer.java,1564,"if (!ObjectUtilities.equal(this.legendItemURLGenerator,",0.0,10206,11201
996,S800,AbstractXYItemRenderer.java,1568,return super.equals(obj);,0.0,10206,11201
996,S801,AbstractXYItemRenderer.java,1577,DrawingSupplier result = null;,0.0,10206,11201
996,S802,AbstractXYItemRenderer.java,1578,XYPlot p = getPlot();,0.0,10206,11201
996,S803,AbstractXYItemRenderer.java,1579,if (p != null) {,0.0,10206,11201
996,S804,AbstractXYItemRenderer.java,1580,result = p.getDrawingSupplier();,0.0,10206,11201
996,S805,AbstractXYItemRenderer.java,1582,return result;,0.0,10206,11201
996,S806,AbstractXYItemRenderer.java,1607,if (orientation == null) {,0.0,10206,11201
996,S807,AbstractXYItemRenderer.java,1611,if (crosshairState != null) {,0.0,10206,11201
996,S808,AbstractXYItemRenderer.java,1613,if (this.plot.isDomainCrosshairLockedOnData()) {,0.0,10206,11201
996,S809,AbstractXYItemRenderer.java,1614,if (this.plot.isRangeCrosshairLockedOnData()) {,0.0,10206,11201
996,S810,AbstractXYItemRenderer.java,1616,"crosshairState.updateCrosshairPoint(x, y, domainAxisIndex,",0.0,10206,11201
996,S811,AbstractXYItemRenderer.java,1696,Iterator iterator = null;,0.0,10206,11201
996,S812,AbstractXYItemRenderer.java,1697,if (layer.equals(Layer.FOREGROUND)) {,0.0,10206,11201
996,S813,AbstractXYItemRenderer.java,1698,iterator = this.foregroundAnnotations.iterator();,0.0,10206,11201
996,S814,AbstractXYItemRenderer.java,1700,else if (layer.equals(Layer.BACKGROUND)) {,0.0,10206,11201
996,S815,AbstractXYItemRenderer.java,1701,iterator = this.backgroundAnnotations.iterator();,0.0,10206,11201
996,S816,AbstractXYItemRenderer.java,1707,while (iterator.hasNext()) {,0.0,10206,11201
996,S817,AreaRenderer.java,110,super();,0.0,10206,11201
996,S818,AreaRenderer.java,111,this.endType = AreaRendererEndType.TAPER;,0.0,10206,11201
996,S819,AreaRenderer.java,153,CategoryPlot cp = getPlot();,0.0,10206,11201
996,S820,AreaRenderer.java,154,if (cp == null) {,0.0,10206,11201
996,S821,AreaRenderer.java,159,if (!isSeriesVisible(series) || !isSeriesVisibleInLegend(series)) {,0.0,10206,11201
996,S822,AreaRenderer.java,163,CategoryDataset dataset = cp.getDataset(datasetIndex);,0.0,10206,11201
996,S823,AreaRenderer.java,164,"String label = getLegendItemLabelGenerator().generateLabel(dataset,",0.0,10206,11201
996,S824,AreaRenderer.java,166,String description = label;,0.0,10206,11201
996,S825,AreaRenderer.java,167,String toolTipText = null;,0.0,10206,11201
996,S826,AreaRenderer.java,168,if (getLegendItemToolTipGenerator() != null) {,0.0,10206,11201
996,S827,AreaRenderer.java,172,String urlText = null;,0.0,10206,11201
996,S828,AreaRenderer.java,173,if (getLegendItemURLGenerator() != null) {,0.0,10206,11201
996,S829,AreaRenderer.java,177,"Shape shape = new Rectangle2D.Double(-4.0, -4.0, 8.0, 8.0);",0.0,10206,11201
996,S830,AreaRenderer.java,178,Paint paint = lookupSeriesPaint(series);,0.0,10206,11201
996,S831,AreaRenderer.java,179,Paint outlinePaint = lookupSeriesOutlinePaint(series);,0.0,10206,11201
996,S832,AreaRenderer.java,180,Stroke outlineStroke = lookupSeriesOutlineStroke(series);,0.0,10206,11201
996,S833,AreaRenderer.java,182,"LegendItem result = new LegendItem(label, description, toolTipText,",0.0,10206,11201
996,S834,AreaRenderer.java,184,result.setDataset(dataset);,0.0,10206,11201
996,S835,AreaRenderer.java,185,result.setDatasetIndex(datasetIndex);,0.0,10206,11201
996,S836,AreaRenderer.java,186,result.setSeriesKey(dataset.getRowKey(series));,0.0,10206,11201
996,S837,AreaRenderer.java,187,result.setSeriesIndex(series);,0.0,10206,11201
996,S838,AreaRenderer.java,188,return result;,0.0,10206,11201
996,S839,AreaRenderer.java,218,"if (!getItemVisible(row, column)) {",0.0,10206,11201
996,S840,AreaRenderer.java,223,"Number value = dataset.getValue(row, column);",0.0,10206,11201
996,S841,AreaRenderer.java,224,if (value != null) {,0.0,10206,11201
996,S842,AreaRenderer.java,225,PlotOrientation orientation = plot.getOrientation();,0.0,10206,11201
996,S843,AreaRenderer.java,226,RectangleEdge axisEdge = plot.getDomainAxisEdge();,0.0,10206,11201
996,S844,AreaRenderer.java,227,int count = dataset.getColumnCount();,0.0,10206,11201
996,S845,AreaRenderer.java,228,"float x0 = (float) domainAxis.getCategoryStart(column, count,",0.0,10206,11201
996,S846,AreaRenderer.java,230,"float x1 = (float) domainAxis.getCategoryMiddle(column, count,",0.0,10206,11201
996,S847,AreaRenderer.java,232,"float x2 = (float) domainAxis.getCategoryEnd(column, count,",0.0,10206,11201
996,S848,AreaRenderer.java,235,x0 = Math.round(x0);,0.0,10206,11201
996,S849,AreaRenderer.java,236,x1 = Math.round(x1);,0.0,10206,11201
996,S850,AreaRenderer.java,237,x2 = Math.round(x2);,0.0,10206,11201
996,S851,AreaRenderer.java,239,if (this.endType == AreaRendererEndType.TRUNCATE) {,0.0,10206,11201
996,S852,AreaRenderer.java,248,double yy1 = value.doubleValue();,0.0,10206,11201
996,S853,AreaRenderer.java,250,double yy0 = 0.0;,0.0,10206,11201
996,S854,AreaRenderer.java,251,if (column > 0) {,0.0,10206,11201
996,S855,AreaRenderer.java,252,"Number n0 = dataset.getValue(row, column - 1);",0.0,10206,11201
996,S856,AreaRenderer.java,253,if (n0 != null) {,0.0,10206,11201
996,S857,AreaRenderer.java,254,yy0 = (n0.doubleValue() + yy1) / 2.0;,0.0,10206,11201
996,S858,AreaRenderer.java,258,double yy2 = 0.0;,0.0,10206,11201
996,S859,AreaRenderer.java,259,if (column < dataset.getColumnCount() - 1) {,0.0,10206,11201
996,S860,AreaRenderer.java,260,"Number n2 = dataset.getValue(row, column + 1);",0.0,10206,11201
996,S861,AreaRenderer.java,261,if (n2 != null) {,0.0,10206,11201
996,S862,AreaRenderer.java,262,yy2 = (n2.doubleValue() + yy1) / 2.0;,0.0,10206,11201
996,S863,AreaRenderer.java,266,RectangleEdge edge = plot.getRangeAxisEdge();,0.0,10206,11201
996,S864,AreaRenderer.java,267,"float y0 = (float) rangeAxis.valueToJava2D(yy0, dataArea, edge);",0.0,10206,11201
996,S865,AreaRenderer.java,268,"float y1 = (float) rangeAxis.valueToJava2D(yy1, dataArea, edge);",0.0,10206,11201
996,S866,AreaRenderer.java,269,"float y2 = (float) rangeAxis.valueToJava2D(yy2, dataArea, edge);",0.0,10206,11201
996,S867,AreaRenderer.java,270,"float yz = (float) rangeAxis.valueToJava2D(0.0, dataArea, edge);",0.0,10206,11201
996,S868,AreaRenderer.java,272,"g2.setPaint(getItemPaint(row, column));",0.0,10206,11201
996,S869,AreaRenderer.java,273,"g2.setStroke(getItemStroke(row, column));",0.0,10206,11201
996,S870,AreaRenderer.java,275,GeneralPath area = new GeneralPath();,0.0,10206,11201
996,S871,AreaRenderer.java,277,if (orientation == PlotOrientation.VERTICAL) {,0.0,10206,11201
996,S872,AreaRenderer.java,284,else if (orientation == PlotOrientation.HORIZONTAL) {,0.0,10206,11201
996,S873,AreaRenderer.java,285,"area.moveTo(yz, x0);",0.0,10206,11201
996,S874,AreaRenderer.java,286,"area.lineTo(y0, x0);",0.0,10206,11201
996,S875,AreaRenderer.java,287,"area.lineTo(y1, x1);",0.0,10206,11201
996,S876,AreaRenderer.java,288,"area.lineTo(y2, x2);",0.0,10206,11201
996,S877,AreaRenderer.java,289,"area.lineTo(yz, x2);",0.0,10206,11201
996,S878,AreaRenderer.java,291,area.closePath();,0.0,10206,11201
996,S879,AreaRenderer.java,293,"g2.setPaint(getItemPaint(row, column));",0.0,10206,11201
996,S880,AreaRenderer.java,294,g2.fill(area);,0.0,10206,11201
996,S881,AreaRenderer.java,297,"if (isItemLabelVisible(row, column)) {",0.0,10206,11201
996,S882,AreaRenderer.java,303,EntityCollection entities = state.getEntityCollection();,0.0,10206,11201
996,S883,AreaRenderer.java,304,if (entities != null) {,0.0,10206,11201
996,S884,AreaRenderer.java,319,if (obj == this) {,0.0,10206,11201
996,S885,AreaRenderer.java,322,if (!(obj instanceof AreaRenderer)) {,0.0,10206,11201
996,S886,AreaRenderer.java,323,return false;,0.0,10206,11201
996,S887,AreaRenderer.java,325,AreaRenderer that = (AreaRenderer) obj;,0.0,10206,11201
996,S888,AreaRenderer.java,326,if (!this.endType.equals(that.endType)) {,0.0,10206,11201
996,S889,AreaRenderer.java,329,return super.equals(obj);,0.0,10206,11201
996,S890,AreaRendererEndType.java,57,public static final AreaRendererEndType TAPER = new AreaRendererEndType(,0.0,10206,11201
996,S891,AreaRendererEndType.java,64,public static final AreaRendererEndType TRUNCATE = new AreaRendererEndType(,0.0,10206,11201
996,S892,AreaRendererEndType.java,71,public static final AreaRendererEndType LEVEL = new AreaRendererEndType(,0.0,10206,11201
996,S893,AreaRendererEndType.java,83,private AreaRendererEndType(String name) {,0.0,10206,11201
996,S894,AreaRendererEndType.java,84,this.name = name;,0.0,10206,11201
996,S895,AreaRendererEndType.java,106,if (this == o) {,0.0,10206,11201
996,S896,AreaRendererEndType.java,107,return true;,0.0,10206,11201
996,S897,Axis.java,136,public static final Font DEFAULT_AXIS_LABEL_FONT = new Font(,0.0,10206,11201
996,S898,Axis.java,140,public static final Paint DEFAULT_AXIS_LABEL_PAINT = Color.black;,0.0,10206,11201
996,S899,Axis.java,143,public static final RectangleInsets DEFAULT_AXIS_LABEL_INSETS,0.0,10206,11201
996,S900,Axis.java,147,public static final Paint DEFAULT_AXIS_LINE_PAINT = Color.gray;,0.0,10206,11201
996,S901,Axis.java,150,public static final Stroke DEFAULT_AXIS_LINE_STROKE = new BasicStroke(1.0f);,0.0,10206,11201
996,S902,Axis.java,156,"public static final Font DEFAULT_TICK_LABEL_FONT = new Font(""SansSerif"",",0.0,10206,11201
996,S903,Axis.java,160,public static final Paint DEFAULT_TICK_LABEL_PAINT = Color.black;,0.0,10206,11201
996,S904,Axis.java,163,public static final RectangleInsets DEFAULT_TICK_LABEL_INSETS,0.0,10206,11201
996,S905,Axis.java,170,public static final Stroke DEFAULT_TICK_MARK_STROKE = new BasicStroke(1);,0.0,10206,11201
996,S906,Axis.java,173,public static final Paint DEFAULT_TICK_MARK_PAINT = Color.gray;,0.0,10206,11201
996,S907,Axis.java,272,protected Axis(String label) {,0.0,10206,11201
996,S908,Axis.java,274,this.label = label;,0.0,10206,11201
996,S909,Axis.java,275,this.visible = DEFAULT_AXIS_VISIBLE;,0.0,10206,11201
996,S910,Axis.java,276,this.labelFont = DEFAULT_AXIS_LABEL_FONT;,0.0,10206,11201
996,S911,Axis.java,277,this.labelPaint = DEFAULT_AXIS_LABEL_PAINT;,0.0,10206,11201
996,S912,Axis.java,278,this.labelInsets = DEFAULT_AXIS_LABEL_INSETS;,0.0,10206,11201
996,S913,Axis.java,279,this.labelAngle = 0.0;,0.0,10206,11201
996,S914,Axis.java,280,this.labelToolTip = null;,0.0,10206,11201
996,S915,Axis.java,281,this.labelURL = null;,0.0,10206,11201
996,S916,Axis.java,283,this.axisLineVisible = true;,0.0,10206,11201
996,S917,Axis.java,284,this.axisLinePaint = DEFAULT_AXIS_LINE_PAINT;,0.0,10206,11201
996,S918,Axis.java,285,this.axisLineStroke = DEFAULT_AXIS_LINE_STROKE;,0.0,10206,11201
996,S919,Axis.java,287,this.tickLabelsVisible = DEFAULT_TICK_LABELS_VISIBLE;,0.0,10206,11201
996,S920,Axis.java,288,this.tickLabelFont = DEFAULT_TICK_LABEL_FONT;,0.0,10206,11201
996,S921,Axis.java,289,this.tickLabelPaint = DEFAULT_TICK_LABEL_PAINT;,0.0,10206,11201
996,S922,Axis.java,290,this.tickLabelInsets = DEFAULT_TICK_LABEL_INSETS;,0.0,10206,11201
996,S923,Axis.java,292,this.tickMarksVisible = DEFAULT_TICK_MARKS_VISIBLE;,0.0,10206,11201
996,S924,Axis.java,293,this.tickMarkStroke = DEFAULT_TICK_MARK_STROKE;,0.0,10206,11201
996,S925,Axis.java,294,this.tickMarkPaint = DEFAULT_TICK_MARK_PAINT;,0.0,10206,11201
996,S926,Axis.java,295,this.tickMarkInsideLength = DEFAULT_TICK_MARK_INSIDE_LENGTH;,0.0,10206,11201
996,S927,Axis.java,296,this.tickMarkOutsideLength = DEFAULT_TICK_MARK_OUTSIDE_LENGTH;,0.0,10206,11201
996,S928,Axis.java,298,this.plot = null;,0.0,10206,11201
996,S929,Axis.java,300,this.listenerList = new EventListenerList();,0.0,10206,11201
996,S930,Axis.java,313,return this.visible;,0.0,10206,11201
996,S931,Axis.java,341,return this.label;,0.0,10206,11201
996,S932,Axis.java,356,String existing = this.label;,0.0,10206,11201
996,S933,Axis.java,357,if (existing != null) {,0.0,10206,11201
996,S934,Axis.java,358,if (!existing.equals(label)) {,0.0,10206,11201
996,S935,Axis.java,359,this.label = label;,0.0,10206,11201
996,S936,Axis.java,360,notifyListeners(new AxisChangeEvent(this));,0.0,10206,11201
996,S937,Axis.java,380,return this.labelFont;,0.0,10206,11201
996,S938,Axis.java,409,return this.labelPaint;,0.0,10206,11201
996,S939,Axis.java,437,return this.labelInsets;,0.0,10206,11201
996,S940,Axis.java,466,return this.labelAngle;,0.0,10206,11201
996,S941,Axis.java,548,return this.axisLineVisible;,0.0,10206,11201
996,S942,Axis.java,562,this.axisLineVisible = visible;,0.0,10206,11201
996,S943,Axis.java,563,notifyListeners(new AxisChangeEvent(this));,0.0,10206,11201
996,S944,Axis.java,574,return this.axisLinePaint;,0.0,10206,11201
996,S945,Axis.java,586,if (paint == null) {,0.0,10206,11201
996,S946,Axis.java,589,this.axisLinePaint = paint;,0.0,10206,11201
996,S947,Axis.java,590,notifyListeners(new AxisChangeEvent(this));,0.0,10206,11201
996,S948,Axis.java,601,return this.axisLineStroke;,0.0,10206,11201
996,S949,Axis.java,613,if (stroke == null) {,0.0,10206,11201
996,S950,Axis.java,616,this.axisLineStroke = stroke;,0.0,10206,11201
996,S951,Axis.java,617,notifyListeners(new AxisChangeEvent(this));,0.0,10206,11201
996,S952,Axis.java,630,return this.tickLabelsVisible;,0.0,10206,11201
996,S953,Axis.java,661,return this.tickLabelFont;,0.0,10206,11201
996,S954,Axis.java,693,return this.tickLabelPaint;,0.0,10206,11201
996,S955,Axis.java,720,return this.tickLabelInsets;,0.0,10206,11201
996,S956,Axis.java,751,return this.tickMarksVisible;,0.0,10206,11201
996,S957,Axis.java,763,if (flag != this.tickMarksVisible) {,0.0,10206,11201
996,S958,Axis.java,764,this.tickMarksVisible = flag;,0.0,10206,11201
996,S959,Axis.java,765,notifyListeners(new AxisChangeEvent(this));,0.0,10206,11201
996,S960,Axis.java,778,return this.tickMarkInsideLength;,0.0,10206,11201
996,S961,Axis.java,803,return this.tickMarkOutsideLength;,0.0,10206,11201
996,S962,Axis.java,827,return this.tickMarkStroke;,0.0,10206,11201
996,S963,Axis.java,856,return this.tickMarkPaint;,0.0,10206,11201
996,S964,Axis.java,885,return this.plot;,0.0,10206,11201
996,S965,Axis.java,898,this.plot = plot;,0.0,10206,11201
996,S966,Axis.java,899,configure();,0.0,10206,11201
996,S967,Axis.java,910,return this.fixedDimension;,0.0,10206,11201
996,S968,Axis.java,999,"this.listenerList.add(AxisChangeListener.class, listener);",0.0,10206,11201
996,S969,Axis.java,1010,"this.listenerList.remove(AxisChangeListener.class, listener);",0.0,10206,11201
996,S970,Axis.java,1023,List list = Arrays.asList(this.listenerList.getListenerList());,0.0,10206,11201
996,S971,Axis.java,1024,return list.contains(listener);,0.0,10206,11201
996,S972,Axis.java,1035,Object[] listeners = this.listenerList.getListenerList();,0.0,10206,11201
996,S973,Axis.java,1036,for (int i = listeners.length - 2; i >= 0; i -= 2) {,0.0,10206,11201
996,S974,Axis.java,1037,if (listeners[i] == AxisChangeListener.class) {,0.0,10206,11201
996,S975,Axis.java,1038,((AxisChangeListener) listeners[i + 1]).axisChanged(event);,0.0,10206,11201
996,S976,Axis.java,1055,Rectangle2D result = new Rectangle2D.Double();,0.0,10206,11201
996,S977,Axis.java,1056,String axisLabel = getLabel();,0.0,10206,11201
996,S978,Axis.java,1057,"if (axisLabel != null && !axisLabel.equals("""")) {",0.0,10206,11201
996,S979,Axis.java,1058,FontMetrics fm = g2.getFontMetrics(getLabelFont());,0.0,10206,11201
996,S980,Axis.java,1059,"Rectangle2D bounds = TextUtilities.getTextBounds(axisLabel, g2, fm);",0.0,10206,11201
996,S981,Axis.java,1060,RectangleInsets insets = getLabelInsets();,0.0,10206,11201
996,S982,Axis.java,1061,bounds = insets.createOutsetRectangle(bounds);,0.0,10206,11201
996,S983,Axis.java,1062,double angle = getLabelAngle();,0.0,10206,11201
996,S984,Axis.java,1063,if (edge == RectangleEdge.LEFT || edge == RectangleEdge.RIGHT) {,0.0,10206,11201
996,S985,Axis.java,1064,angle = angle - Math.PI / 2.0;,0.0,10206,11201
996,S986,Axis.java,1066,double x = bounds.getCenterX();,0.0,10206,11201
996,S987,Axis.java,1067,double y = bounds.getCenterY();,0.0,10206,11201
996,S988,Axis.java,1068,AffineTransform transformer,0.0,10206,11201
996,S989,Axis.java,1070,Shape labelBounds = transformer.createTransformedShape(bounds);,0.0,10206,11201
996,S990,Axis.java,1071,result = labelBounds.getBounds2D();,0.0,10206,11201
996,S991,Axis.java,1074,return result;,0.0,10206,11201
996,S992,Axis.java,1096,if (state == null) {,0.0,10206,11201
996,S993,Axis.java,1100,"if ((label == null) || (label.equals(""""))) {",0.0,10206,11201
996,S994,Axis.java,1104,Font font = getLabelFont();,0.0,10206,11201
996,S995,Axis.java,1105,RectangleInsets insets = getLabelInsets();,0.0,10206,11201
996,S996,Axis.java,1106,g2.setFont(font);,0.0,10206,11201
996,S997,Axis.java,1107,g2.setPaint(getLabelPaint());,0.0,10206,11201
996,S998,Axis.java,1108,FontMetrics fm = g2.getFontMetrics();,0.0,10206,11201
996,S999,Axis.java,1109,"Rectangle2D labelBounds = TextUtilities.getTextBounds(label, g2, fm);",0.0,10206,11201
996,S1000,Axis.java,1110,Shape hotspot = null;,0.0,10206,11201
996,S1001,Axis.java,1112,if (edge == RectangleEdge.TOP) {,0.0,10206,11201
996,S1002,Axis.java,1113,AffineTransform t = AffineTransform.getRotateInstance(,0.0,10206,11201
996,S1003,Axis.java,1116,Shape rotatedLabelBounds = t.createTransformedShape(labelBounds);,0.0,10206,11201
996,S1004,Axis.java,1117,labelBounds = rotatedLabelBounds.getBounds2D();,0.0,10206,11201
996,S1005,Axis.java,1118,float w = (float) labelBounds.getWidth();,0.0,10206,11201
996,S1006,Axis.java,1119,float h = (float) labelBounds.getHeight();,0.0,10206,11201
996,S1007,Axis.java,1120,float labelx = (float) dataArea.getCenterX();,0.0,10206,11201
996,S1008,Axis.java,1121,float labely = (float) (state.getCursor() - insets.getBottom(),0.0,10206,11201
996,S1009,Axis.java,1123,"TextUtilities.drawRotatedString(label, g2, labelx, labely,",0.0,10206,11201
996,S1010,Axis.java,1125,"hotspot = new Rectangle2D.Float(labelx - w / 2.0f,",0.0,10206,11201
996,S1011,Axis.java,1127,state.cursorUp(insets.getTop() + labelBounds.getHeight(),0.0,10206,11201
996,S1012,Axis.java,1130,else if (edge == RectangleEdge.BOTTOM) {,0.0,10206,11201
996,S1013,Axis.java,1131,AffineTransform t = AffineTransform.getRotateInstance(,0.0,10206,11201
996,S1014,Axis.java,1134,Shape rotatedLabelBounds = t.createTransformedShape(labelBounds);,0.0,10206,11201
996,S1015,Axis.java,1135,labelBounds = rotatedLabelBounds.getBounds2D();,0.0,10206,11201
996,S1016,Axis.java,1136,float w = (float) labelBounds.getWidth();,0.0,10206,11201
996,S1017,Axis.java,1137,float h = (float) labelBounds.getHeight();,0.0,10206,11201
996,S1018,Axis.java,1138,float labelx = (float) dataArea.getCenterX();,0.0,10206,11201
996,S1019,Axis.java,1139,float labely = (float) (state.getCursor() + insets.getTop(),0.0,10206,11201
996,S1020,Axis.java,1141,"TextUtilities.drawRotatedString(label, g2, labelx, labely,",0.0,10206,11201
996,S1021,Axis.java,1143,"hotspot = new Rectangle2D.Float(labelx - w / 2.0f,",0.0,10206,11201
996,S1022,Axis.java,1145,state.cursorDown(insets.getTop() + labelBounds.getHeight(),0.0,10206,11201
996,S1023,Axis.java,1148,else if (edge == RectangleEdge.LEFT) {,0.0,10206,11201
996,S1024,Axis.java,1149,AffineTransform t = AffineTransform.getRotateInstance(,0.0,10206,11201
996,S1025,Axis.java,1152,Shape rotatedLabelBounds = t.createTransformedShape(labelBounds);,0.0,10206,11201
996,S1026,Axis.java,1153,labelBounds = rotatedLabelBounds.getBounds2D();,0.0,10206,11201
996,S1027,Axis.java,1154,float w = (float) labelBounds.getWidth();,0.0,10206,11201
996,S1028,Axis.java,1155,float h = (float) labelBounds.getHeight();,0.0,10206,11201
996,S1029,Axis.java,1156,float labelx = (float) (state.getCursor() - insets.getRight(),0.0,10206,11201
996,S1030,Axis.java,1158,float labely = (float) dataArea.getCenterY();,0.0,10206,11201
996,S1031,Axis.java,1159,"TextUtilities.drawRotatedString(label, g2, labelx, labely,",0.0,10206,11201
996,S1032,Axis.java,1162,"hotspot = new Rectangle2D.Float(labelx - w / 2.0f,",0.0,10206,11201
996,S1033,Axis.java,1164,state.cursorLeft(insets.getLeft() + labelBounds.getWidth(),0.0,10206,11201
996,S1034,Axis.java,1189,if (plotState != null && hotspot != null) {,0.0,10206,11201
996,S1035,Axis.java,1190,ChartRenderingInfo owner = plotState.getOwner();,0.0,10206,11201
996,S1036,Axis.java,1191,if (owner != null) {,0.0,10206,11201
996,S1037,Axis.java,1192,EntityCollection entities = owner.getEntityCollection();,0.0,10206,11201
996,S1038,Axis.java,1193,if (entities != null) {,0.0,10206,11201
996,S1039,Axis.java,1194,"entities.add(new AxisLabelEntity(this, hotspot,",0.0,10206,11201
996,S1040,Axis.java,1199,return state;,0.0,10206,11201
996,S1041,Axis.java,1214,Line2D axisLine = null;,0.0,10206,11201
996,S1042,Axis.java,1215,if (edge == RectangleEdge.TOP) {,0.0,10206,11201
996,S1043,Axis.java,1219,else if (edge == RectangleEdge.BOTTOM) {,0.0,10206,11201
996,S1044,Axis.java,1220,"axisLine = new Line2D.Double(dataArea.getX(), cursor,",0.0,10206,11201
996,S1045,Axis.java,1223,else if (edge == RectangleEdge.LEFT) {,0.0,10206,11201
996,S1046,Axis.java,1224,"axisLine = new Line2D.Double(cursor, dataArea.getY(), cursor,",0.0,10206,11201
996,S1047,Axis.java,1231,g2.setPaint(this.axisLinePaint);,0.0,10206,11201
996,S1048,Axis.java,1232,g2.setStroke(this.axisLineStroke);,0.0,10206,11201
996,S1049,Axis.java,1233,g2.draw(axisLine);,0.0,10206,11201
996,S1050,Axis.java,1246,Axis clone = (Axis) super.clone();,0.0,10206,11201
996,S1051,Axis.java,1248,clone.plot = null;,0.0,10206,11201
996,S1052,Axis.java,1249,clone.listenerList = new EventListenerList();,0.0,10206,11201
996,S1053,Axis.java,1250,return clone;,0.0,10206,11201
996,S1054,Axis.java,1261,if (obj == this) {,0.0,10206,11201
996,S1055,Axis.java,1264,if (!(obj instanceof Axis)) {,0.0,10206,11201
996,S1056,Axis.java,1267,Axis that = (Axis) obj;,0.0,10206,11201
996,S1057,Axis.java,1268,if (this.visible != that.visible) {,0.0,10206,11201
996,S1058,Axis.java,1271,"if (!ObjectUtilities.equal(this.label, that.label)) {",0.0,10206,11201
996,S1059,Axis.java,1272,return false;,0.0,10206,11201
996,S1060,Axis.java,1274,"if (!ObjectUtilities.equal(this.labelFont, that.labelFont)) {",0.0,10206,11201
996,S1061,Axis.java,1277,"if (!PaintUtilities.equal(this.labelPaint, that.labelPaint)) {",0.0,10206,11201
996,S1062,Axis.java,1280,"if (!ObjectUtilities.equal(this.labelInsets, that.labelInsets)) {",0.0,10206,11201
996,S1063,Axis.java,1283,if (this.labelAngle != that.labelAngle) {,0.0,10206,11201
996,S1064,Axis.java,1286,"if (!ObjectUtilities.equal(this.labelToolTip, that.labelToolTip)) {",0.0,10206,11201
996,S1065,Axis.java,1289,"if (!ObjectUtilities.equal(this.labelURL, that.labelURL)) {",0.0,10206,11201
996,S1066,Axis.java,1292,if (this.axisLineVisible != that.axisLineVisible) {,0.0,10206,11201
996,S1067,Axis.java,1293,return false;,0.0,10206,11201
996,S1068,Axis.java,1295,"if (!ObjectUtilities.equal(this.axisLineStroke, that.axisLineStroke)) {",0.0,10206,11201
996,S1069,Axis.java,1296,return false;,0.0,10206,11201
996,S1070,Axis.java,1298,"if (!PaintUtilities.equal(this.axisLinePaint, that.axisLinePaint)) {",0.0,10206,11201
996,S1071,Axis.java,1299,return false;,0.0,10206,11201
996,S1072,Axis.java,1301,if (this.tickLabelsVisible != that.tickLabelsVisible) {,0.0,10206,11201
996,S1073,Axis.java,1304,"if (!ObjectUtilities.equal(this.tickLabelFont, that.tickLabelFont)) {",0.0,10206,11201
996,S1074,Axis.java,1307,"if (!PaintUtilities.equal(this.tickLabelPaint, that.tickLabelPaint)) {",0.0,10206,11201
996,S1075,Axis.java,1310,if (!ObjectUtilities.equal(,0.0,10206,11201
996,S1076,Axis.java,1315,if (this.tickMarksVisible != that.tickMarksVisible) {,0.0,10206,11201
996,S1077,Axis.java,1318,if (this.tickMarkInsideLength != that.tickMarkInsideLength) {,0.0,10206,11201
996,S1078,Axis.java,1321,if (this.tickMarkOutsideLength != that.tickMarkOutsideLength) {,0.0,10206,11201
996,S1079,Axis.java,1324,"if (!PaintUtilities.equal(this.tickMarkPaint, that.tickMarkPaint)) {",0.0,10206,11201
996,S1080,Axis.java,1327,"if (!ObjectUtilities.equal(this.tickMarkStroke, that.tickMarkStroke)) {",0.0,10206,11201
996,S1081,Axis.java,1330,if (this.fixedDimension != that.fixedDimension) {,0.0,10206,11201
996,S1082,Axis.java,1333,return true;,0.0,10206,11201
996,S1083,Axis.java,1344,stream.defaultWriteObject();,0.0,10206,11201
996,S1084,Axis.java,1345,"SerialUtilities.writePaint(this.labelPaint, stream);",0.0,10206,11201
996,S1085,Axis.java,1346,"SerialUtilities.writePaint(this.tickLabelPaint, stream);",0.0,10206,11201
996,S1086,Axis.java,1347,"SerialUtilities.writeStroke(this.axisLineStroke, stream);",0.0,10206,11201
996,S1087,Axis.java,1348,"SerialUtilities.writePaint(this.axisLinePaint, stream);",0.0,10206,11201
996,S1088,Axis.java,1349,"SerialUtilities.writeStroke(this.tickMarkStroke, stream);",0.0,10206,11201
996,S1089,Axis.java,1350,"SerialUtilities.writePaint(this.tickMarkPaint, stream);",0.0,10206,11201
996,S1090,Axis.java,1363,stream.defaultReadObject();,0.0,10206,11201
996,S1091,Axis.java,1364,this.labelPaint = SerialUtilities.readPaint(stream);,0.0,10206,11201
996,S1092,Axis.java,1365,this.tickLabelPaint = SerialUtilities.readPaint(stream);,0.0,10206,11201
996,S1093,Axis.java,1366,this.axisLineStroke = SerialUtilities.readStroke(stream);,0.0,10206,11201
996,S1094,Axis.java,1367,this.axisLinePaint = SerialUtilities.readPaint(stream);,0.0,10206,11201
996,S1095,Axis.java,1368,this.tickMarkStroke = SerialUtilities.readStroke(stream);,0.0,10206,11201
996,S1096,Axis.java,1369,this.tickMarkPaint = SerialUtilities.readPaint(stream);,0.0,10206,11201
996,S1097,Axis.java,1370,this.listenerList = new EventListenerList();,0.0,10206,11201
996,S1098,AxisChangeEvent.java,61,super(axis);,0.0,10206,11201
996,S1099,AxisChangeEvent.java,62,this.axis = axis;,0.0,10206,11201
996,S1100,AxisCollection.java,69,public AxisCollection() {,0.0,10206,11201
996,S1101,AxisCollection.java,70,this.axesAtTop = new java.util.ArrayList();,0.0,10206,11201
996,S1102,AxisCollection.java,71,this.axesAtBottom = new java.util.ArrayList();,0.0,10206,11201
996,S1103,AxisCollection.java,72,this.axesAtLeft = new java.util.ArrayList();,0.0,10206,11201
996,S1104,AxisCollection.java,73,this.axesAtRight = new java.util.ArrayList();,0.0,10206,11201
996,S1105,AxisCollection.java,83,return this.axesAtTop;,0.0,10206,11201
996,S1106,AxisCollection.java,93,return this.axesAtBottom;,0.0,10206,11201
996,S1107,AxisCollection.java,103,return this.axesAtLeft;,0.0,10206,11201
996,S1108,AxisCollection.java,113,return this.axesAtRight;,0.0,10206,11201
996,S1109,AxisCollection.java,124,if (axis == null) {,0.0,10206,11201
996,S1110,AxisCollection.java,127,if (edge == null) {,0.0,10206,11201
996,S1111,AxisCollection.java,130,if (edge == RectangleEdge.TOP) {,0.0,10206,11201
996,S1112,AxisCollection.java,131,this.axesAtTop.add(axis);,0.0,10206,11201
996,S1113,AxisCollection.java,133,else if (edge == RectangleEdge.BOTTOM) {,0.0,10206,11201
996,S1114,AxisCollection.java,134,this.axesAtBottom.add(axis);,0.0,10206,11201
996,S1115,AxisCollection.java,136,else if (edge == RectangleEdge.LEFT) {,0.0,10206,11201
996,S1116,AxisCollection.java,137,this.axesAtLeft.add(axis);,0.0,10206,11201
996,S1117,AxisLabelEntity.java,68,"super(hotspot, toolTipText, url);",0.0,10206,11201
996,S1118,AxisLabelEntity.java,69,if (axis == null) {,0.0,10206,11201
996,S1119,AxisLabelEntity.java,72,this.axis = axis;,0.0,10206,11201
996,S1120,AxisLocation.java,61,public static final AxisLocation TOP_OR_LEFT = new AxisLocation(,0.0,10206,11201
996,S1121,AxisLocation.java,65,public static final AxisLocation TOP_OR_RIGHT = new AxisLocation(,0.0,10206,11201
996,S1122,AxisLocation.java,69,public static final AxisLocation BOTTOM_OR_LEFT = new AxisLocation(,0.0,10206,11201
996,S1123,AxisLocation.java,73,public static final AxisLocation BOTTOM_OR_RIGHT = new AxisLocation(,0.0,10206,11201
996,S1124,AxisLocation.java,84,private AxisLocation(String name) {,0.0,10206,11201
996,S1125,AxisLocation.java,85,this.name = name;,0.0,10206,11201
996,S1126,AxisLocation.java,105,return this.name;,0.0,10206,11201
996,S1127,AxisLocation.java,118,if (this == obj) {,0.0,10206,11201
996,S1128,AxisLocation.java,121,if (!(obj instanceof AxisLocation)) {,0.0,10206,11201
996,S1129,AxisLocation.java,122,return false;,0.0,10206,11201
996,S1130,AxisLocation.java,124,AxisLocation location = (AxisLocation) obj;,0.0,10206,11201
996,S1131,AxisLocation.java,125,if (!this.name.equals(location.toString())) {,0.0,10206,11201
996,S1132,AxisLocation.java,126,return false;,0.0,10206,11201
996,S1133,AxisLocation.java,128,return true;,0.0,10206,11201
996,S1134,AxisLocation.java,170,if (this.equals(AxisLocation.TOP_OR_RIGHT)) {,0.0,10206,11201
996,S1135,AxisLocation.java,173,else if (this.equals(AxisLocation.BOTTOM_OR_RIGHT)) {,0.0,10206,11201
996,S1136,AxisLocation.java,176,else if (this.equals(AxisLocation.TOP_OR_LEFT)) {,0.0,10206,11201
996,S1137,AxisLocation.java,177,return AxisLocation.TOP_OR_LEFT;,0.0,10206,11201
996,S1138,AxisLocation.java,179,else if (this.equals(AxisLocation.BOTTOM_OR_LEFT)) {,0.0,10206,11201
996,S1139,AxisLocation.java,180,return AxisLocation.BOTTOM_OR_LEFT;,0.0,10206,11201
996,S1140,AxisSpace.java,79,public AxisSpace() {,0.0,10206,11201
996,S1141,AxisSpace.java,80,this.top = 0.0;,0.0,10206,11201
996,S1142,AxisSpace.java,81,this.bottom = 0.0;,0.0,10206,11201
996,S1143,AxisSpace.java,82,this.left = 0.0;,0.0,10206,11201
996,S1144,AxisSpace.java,83,this.right = 0.0;,0.0,10206,11201
996,S1145,AxisSpace.java,165,if (edge == null) {,0.0,10206,11201
996,S1146,AxisSpace.java,168,if (edge == RectangleEdge.TOP) {,0.0,10206,11201
996,S1147,AxisSpace.java,169,this.top += space;,0.0,10206,11201
996,S1148,AxisSpace.java,171,else if (edge == RectangleEdge.BOTTOM) {,0.0,10206,11201
996,S1149,AxisSpace.java,172,this.bottom += space;,0.0,10206,11201
996,S1150,AxisSpace.java,174,else if (edge == RectangleEdge.LEFT) {,0.0,10206,11201
996,S1151,AxisSpace.java,175,this.left += space;,0.0,10206,11201
996,S1152,AxisSpace.java,241,if (result == null) {,0.0,10206,11201
996,S1153,AxisSpace.java,242,result = new Rectangle2D.Double();,0.0,10206,11201
996,S1154,AxisSpace.java,244,result.setRect(,0.0,10206,11201
996,S1155,AxisSpace.java,250,return result;,0.0,10206,11201
996,S1156,AxisSpace.java,329,if (obj == this) {,0.0,10206,11201
996,S1157,AxisSpace.java,332,if (!(obj instanceof AxisSpace)) {,0.0,10206,11201
996,S1158,AxisSpace.java,333,return false;,0.0,10206,11201
996,S1159,AxisSpace.java,335,AxisSpace that = (AxisSpace) obj;,0.0,10206,11201
996,S1160,AxisSpace.java,336,if (this.top != that.top) {,0.0,10206,11201
996,S1161,AxisSpace.java,339,if (this.bottom != that.bottom) {,0.0,10206,11201
996,S1162,AxisSpace.java,342,if (this.left != that.left) {,0.0,10206,11201
996,S1163,AxisSpace.java,345,if (this.right != that.right) {,0.0,10206,11201
996,S1164,AxisSpace.java,348,return true;,0.0,10206,11201
996,S1165,AxisState.java,70,this(0.0);,0.0,10206,11201
996,S1166,AxisState.java,78,public AxisState(double cursor) {,0.0,10206,11201
996,S1167,AxisState.java,79,this.cursor = cursor;,0.0,10206,11201
996,S1168,AxisState.java,80,this.ticks = new java.util.ArrayList();,0.0,10206,11201
996,S1169,AxisState.java,89,return this.cursor;,0.0,10206,11201
996,S1170,AxisState.java,128,this.cursor = this.cursor - units;,0.0,10206,11201
996,S1171,AxisState.java,137,this.cursor = this.cursor + units;,0.0,10206,11201
996,S1172,AxisState.java,146,this.cursor = this.cursor - units;,0.0,10206,11201
996,S1173,AxisState.java,164,return this.ticks;,0.0,10206,11201
996,S1174,AxisState.java,173,this.ticks = ticks;,0.0,10206,11201
996,S1175,AxisState.java,182,return this.max;,0.0,10206,11201
996,S1176,AxisState.java,191,this.max = max;,0.0,10206,11201
996,S1177,BarRenderer.java,193,super();,0.0,10206,11201
996,S1178,BarRenderer.java,194,this.base = 0.0;,0.0,10206,11201
996,S1179,BarRenderer.java,195,this.includeBaseInRange = true;,0.0,10206,11201
996,S1180,BarRenderer.java,196,this.itemMargin = DEFAULT_ITEM_MARGIN;,0.0,10206,11201
996,S1181,BarRenderer.java,197,this.drawBarOutline = false;,0.0,10206,11201
996,S1182,BarRenderer.java,198,this.maximumBarWidth = 1.0;,0.0,10206,11201
996,S1183,BarRenderer.java,200,this.positiveItemLabelPositionFallback = null;,0.0,10206,11201
996,S1184,BarRenderer.java,201,this.negativeItemLabelPositionFallback = null;,0.0,10206,11201
996,S1185,BarRenderer.java,202,this.gradientPaintTransformer = new StandardGradientPaintTransformer();,0.0,10206,11201
996,S1186,BarRenderer.java,203,this.minimumBarLength = 0.0;,0.0,10206,11201
996,S1187,BarRenderer.java,215,return this.base;,0.0,10206,11201
996,S1188,BarRenderer.java,240,return this.itemMargin;,0.0,10206,11201
996,S1189,BarRenderer.java,266,return this.drawBarOutline;,0.0,10206,11201
996,S1190,BarRenderer.java,291,return this.maximumBarWidth;,0.0,10206,11201
996,S1191,BarRenderer.java,316,return this.minimumBarLength;,0.0,10206,11201
996,S1192,BarRenderer.java,330,this.minimumBarLength = min;,0.0,10206,11201
996,S1193,BarRenderer.java,331,notifyListeners(new RendererChangeEvent(this));,0.0,10206,11201
996,S1194,BarRenderer.java,343,return this.gradientPaintTransformer;,0.0,10206,11201
996,S1195,BarRenderer.java,356,this.gradientPaintTransformer = transformer;,0.0,10206,11201
996,S1196,BarRenderer.java,357,notifyListeners(new RendererChangeEvent(this));,0.0,10206,11201
996,S1197,BarRenderer.java,383,this.positiveItemLabelPositionFallback = position;,0.0,10206,11201
996,S1198,BarRenderer.java,384,notifyListeners(new RendererChangeEvent(this));,0.0,10206,11201
996,S1199,BarRenderer.java,410,this.negativeItemLabelPositionFallback = position;,0.0,10206,11201
996,S1200,BarRenderer.java,411,notifyListeners(new RendererChangeEvent(this));,0.0,10206,11201
996,S1201,BarRenderer.java,443,if (this.includeBaseInRange != include) {,0.0,10206,11201
996,S1202,BarRenderer.java,444,this.includeBaseInRange = include;,0.0,10206,11201
996,S1203,BarRenderer.java,445,notifyListeners(new RendererChangeEvent(this));,0.0,10206,11201
996,S1204,BarRenderer.java,457,return this.lowerClip;,0.0,10206,11201
996,S1205,BarRenderer.java,468,return this.upperClip;,0.0,10206,11201
996,S1206,BarRenderer.java,490,"CategoryItemRendererState state = super.initialise(g2, dataArea, plot,",0.0,10206,11201
996,S1207,BarRenderer.java,494,ValueAxis rangeAxis = plot.getRangeAxisForDataset(rendererIndex);,0.0,10206,11201
996,S1208,BarRenderer.java,495,this.lowerClip = rangeAxis.getRange().getLowerBound();,0.0,10206,11201
996,S1209,BarRenderer.java,496,this.upperClip = rangeAxis.getRange().getUpperBound();,0.0,10206,11201
996,S1210,BarRenderer.java,499,"calculateBarWidth(plot, dataArea, rendererIndex, state);",0.0,10206,11201
996,S1211,BarRenderer.java,501,return state;,0.0,10206,11201
996,S1212,BarRenderer.java,518,"CategoryAxis domainAxis = getDomainAxis(plot, rendererIndex);",0.0,10206,11201
996,S1213,BarRenderer.java,519,CategoryDataset dataset = plot.getDataset(rendererIndex);,0.0,10206,11201
996,S1214,BarRenderer.java,520,if (dataset != null) {,0.0,10206,11201
996,S1215,BarRenderer.java,521,int columns = dataset.getColumnCount();,0.0,10206,11201
996,S1216,BarRenderer.java,522,int rows = dataset.getRowCount();,0.0,10206,11201
996,S1217,BarRenderer.java,523,double space = 0.0;,0.0,10206,11201
996,S1218,BarRenderer.java,524,PlotOrientation orientation = plot.getOrientation();,0.0,10206,11201
996,S1219,BarRenderer.java,525,if (orientation == PlotOrientation.HORIZONTAL) {,0.0,10206,11201
996,S1220,BarRenderer.java,526,space = dataArea.getHeight();,0.0,10206,11201
996,S1221,BarRenderer.java,531,double maxWidth = space * getMaximumBarWidth();,0.0,10206,11201
996,S1222,BarRenderer.java,532,double categoryMargin = 0.0;,0.0,10206,11201
996,S1223,BarRenderer.java,533,double currentItemMargin = 0.0;,0.0,10206,11201
996,S1224,BarRenderer.java,534,if (columns > 1) {,0.0,10206,11201
996,S1225,BarRenderer.java,535,categoryMargin = domainAxis.getCategoryMargin();,0.0,10206,11201
996,S1226,BarRenderer.java,537,if (rows > 1) {,0.0,10206,11201
996,S1227,BarRenderer.java,538,currentItemMargin = getItemMargin();,0.0,10206,11201
996,S1228,BarRenderer.java,540,double used = space * (1 - domainAxis.getLowerMargin(),0.0,10206,11201
996,S1229,BarRenderer.java,543,if ((rows * columns) > 0) {,0.0,10206,11201
996,S1230,BarRenderer.java,544,"state.setBarWidth(Math.min(used / (rows * columns), maxWidth));",0.0,10206,11201
996,S1231,BarRenderer.java,575,double space = 0.0;,0.0,10206,11201
996,S1232,BarRenderer.java,576,if (orientation == PlotOrientation.HORIZONTAL) {,0.0,10206,11201
996,S1233,BarRenderer.java,577,space = dataArea.getHeight();,0.0,10206,11201
996,S1234,BarRenderer.java,582,"double barW0 = domainAxis.getCategoryStart(column, getColumnCount(),",0.0,10206,11201
996,S1235,BarRenderer.java,584,int seriesCount = getRowCount();,0.0,10206,11201
996,S1236,BarRenderer.java,585,int categoryCount = getColumnCount();,0.0,10206,11201
996,S1237,BarRenderer.java,586,if (seriesCount > 1) {,0.0,10206,11201
996,S1238,BarRenderer.java,587,double seriesGap = space * getItemMargin(),0.0,10206,11201
996,S1239,BarRenderer.java,589,"double seriesW = calculateSeriesWidth(space, domainAxis,",0.0,10206,11201
996,S1240,BarRenderer.java,591,barW0 = barW0 + row * (seriesW + seriesGap),0.0,10206,11201
996,S1241,BarRenderer.java,599,return barW0;,0.0,10206,11201
996,S1242,BarRenderer.java,611,double lclip = getLowerClip();,0.0,10206,11201
996,S1243,BarRenderer.java,612,double uclip = getUpperClip();,0.0,10206,11201
996,S1244,BarRenderer.java,613,"double barLow = Math.min(this.base, value);",0.0,10206,11201
996,S1245,BarRenderer.java,614,"double barHigh = Math.max(this.base, value);",0.0,10206,11201
996,S1246,BarRenderer.java,615,if (barHigh < lclip) {  // bar is not visible,0.0,10206,11201
996,S1247,BarRenderer.java,618,if (barLow > uclip) {   // bar is not visible,0.0,10206,11201
996,S1248,BarRenderer.java,621,"barLow = Math.max(barLow, lclip);",0.0,10206,11201
996,S1249,BarRenderer.java,622,"barHigh = Math.min(barHigh, uclip);",0.0,10206,11201
996,S1250,BarRenderer.java,623,"return new double[] {barLow, barHigh};",0.0,10206,11201
996,S1251,BarRenderer.java,638,Range result = DatasetUtilities.findRangeBounds(dataset);,0.0,10206,11201
996,S1252,BarRenderer.java,639,if (result != null) {,0.0,10206,11201
996,S1253,BarRenderer.java,640,if (this.includeBaseInRange) {,0.0,10206,11201
996,S1254,BarRenderer.java,641,"result = Range.expandToInclude(result, this.base);",0.0,10206,11201
996,S1255,BarRenderer.java,644,return result;,0.0,10206,11201
996,S1256,BarRenderer.java,657,CategoryPlot cp = getPlot();,0.0,10206,11201
996,S1257,BarRenderer.java,658,if (cp == null) {,0.0,10206,11201
996,S1258,BarRenderer.java,663,if (!isSeriesVisible(series) || !isSeriesVisibleInLegend(series)) {,0.0,10206,11201
996,S1259,BarRenderer.java,667,CategoryDataset dataset = cp.getDataset(datasetIndex);,0.0,10206,11201
996,S1260,BarRenderer.java,668,"String label = getLegendItemLabelGenerator().generateLabel(dataset,",0.0,10206,11201
996,S1261,BarRenderer.java,670,String description = label;,0.0,10206,11201
996,S1262,BarRenderer.java,671,String toolTipText = null;,0.0,10206,11201
996,S1263,BarRenderer.java,672,if (getLegendItemToolTipGenerator() != null) {,0.0,10206,11201
996,S1264,BarRenderer.java,676,String urlText = null;,0.0,10206,11201
996,S1265,BarRenderer.java,677,if (getLegendItemURLGenerator() != null) {,0.0,10206,11201
996,S1266,BarRenderer.java,681,"Shape shape = new Rectangle2D.Double(-4.0, -4.0, 8.0, 8.0);",0.0,10206,11201
996,S1267,BarRenderer.java,682,Paint paint = lookupSeriesPaint(series);,0.0,10206,11201
996,S1268,BarRenderer.java,683,Paint outlinePaint = lookupSeriesOutlinePaint(series);,0.0,10206,11201
996,S1269,BarRenderer.java,684,Stroke outlineStroke = lookupSeriesOutlineStroke(series);,0.0,10206,11201
996,S1270,BarRenderer.java,686,"LegendItem result = new LegendItem(label, description, toolTipText,",0.0,10206,11201
996,S1271,BarRenderer.java,690,result.setDataset(dataset);,0.0,10206,11201
996,S1272,BarRenderer.java,691,result.setDatasetIndex(datasetIndex);,0.0,10206,11201
996,S1273,BarRenderer.java,692,result.setSeriesKey(dataset.getRowKey(series));,0.0,10206,11201
996,S1274,BarRenderer.java,693,result.setSeriesIndex(series);,0.0,10206,11201
996,S1275,BarRenderer.java,694,if (this.gradientPaintTransformer != null) {,0.0,10206,11201
996,S1276,BarRenderer.java,695,result.setFillPaintTransformer(this.gradientPaintTransformer);,0.0,10206,11201
996,S1277,BarRenderer.java,697,return result;,0.0,10206,11201
996,S1278,BarRenderer.java,726,"Number dataValue = dataset.getValue(row, column);",0.0,10206,11201
996,S1279,BarRenderer.java,727,if (dataValue == null) {,0.0,10206,11201
996,S1280,BarRenderer.java,731,double value = dataValue.doubleValue();,0.0,10206,11201
996,S1281,BarRenderer.java,733,PlotOrientation orientation = plot.getOrientation();,0.0,10206,11201
996,S1282,BarRenderer.java,734,"double barW0 = calculateBarW0(plot, orientation, dataArea, domainAxis,",0.0,10206,11201
996,S1283,BarRenderer.java,736,double[] barL0L1 = calculateBarL0L1(value);,0.0,10206,11201
996,S1284,BarRenderer.java,737,if (barL0L1 == null) {,0.0,10206,11201
996,S1285,BarRenderer.java,741,RectangleEdge edge = plot.getRangeAxisEdge();,0.0,10206,11201
996,S1286,BarRenderer.java,742,"double transL0 = rangeAxis.valueToJava2D(barL0L1[0], dataArea, edge);",0.0,10206,11201
996,S1287,BarRenderer.java,743,"double transL1 = rangeAxis.valueToJava2D(barL0L1[1], dataArea, edge);",0.0,10206,11201
996,S1288,BarRenderer.java,744,"double barL0 = Math.min(transL0, transL1);",0.0,10206,11201
996,S1289,BarRenderer.java,745,"double barLength = Math.max(Math.abs(transL1 - transL0),",0.0,10206,11201
996,S1290,BarRenderer.java,749,Rectangle2D bar = null;,0.0,10206,11201
996,S1291,BarRenderer.java,750,if (orientation == PlotOrientation.HORIZONTAL) {,0.0,10206,11201
996,S1292,BarRenderer.java,751,"bar = new Rectangle2D.Double(barL0, barW0, barLength,",0.0,10206,11201
996,S1293,BarRenderer.java,758,"Paint itemPaint = getItemPaint(row, column);",0.0,10206,11201
996,S1294,BarRenderer.java,759,GradientPaintTransformer t = getGradientPaintTransformer();,0.0,10206,11201
996,S1295,BarRenderer.java,760,if (t != null && itemPaint instanceof GradientPaint) {,0.0,10206,11201
996,S1296,BarRenderer.java,763,g2.setPaint(itemPaint);,0.0,10206,11201
996,S1297,BarRenderer.java,764,g2.fill(bar);,0.0,10206,11201
996,S1298,BarRenderer.java,767,if (isDrawBarOutline(),0.0,10206,11201
996,S1299,BarRenderer.java,778,CategoryItemLabelGenerator generator,0.0,10206,11201
996,S1300,BarRenderer.java,780,"if (generator != null && isItemLabelVisible(row, column)) {",0.0,10206,11201
996,S1301,BarRenderer.java,786,EntityCollection entities = state.getEntityCollection();,0.0,10206,11201
996,S1302,BarRenderer.java,787,if (entities != null) {,0.0,10206,11201
996,S1303,BarRenderer.java,805,double factor = 1.0 - getItemMargin() - axis.getLowerMargin(),0.0,10206,11201
996,S1304,BarRenderer.java,807,if (categories > 1) {,0.0,10206,11201
996,S1305,BarRenderer.java,808,factor = factor - axis.getCategoryMargin();,0.0,10206,11201
996,S1306,BarRenderer.java,810,return (space * factor) / (categories * series);,0.0,10206,11201
996,S1307,BarRenderer.java,1033,if (obj == this) {,0.0,10206,11201
996,S1308,BarRenderer.java,1036,if (!(obj instanceof BarRenderer)) {,0.0,10206,11201
996,S1309,BarRenderer.java,1039,if (!super.equals(obj)) {,0.0,10206,11201
996,S1310,BarRenderer.java,1042,BarRenderer that = (BarRenderer) obj;,0.0,10206,11201
996,S1311,BarRenderer.java,1043,if (this.base != that.base) {,0.0,10206,11201
996,S1312,BarRenderer.java,1046,if (this.itemMargin != that.itemMargin) {,0.0,10206,11201
996,S1313,BarRenderer.java,1049,if (this.drawBarOutline != that.drawBarOutline) {,0.0,10206,11201
996,S1314,BarRenderer.java,1052,if (this.maximumBarWidth != that.maximumBarWidth) {,0.0,10206,11201
996,S1315,BarRenderer.java,1055,if (this.minimumBarLength != that.minimumBarLength) {,0.0,10206,11201
996,S1316,BarRenderer.java,1058,"if (!ObjectUtilities.equal(this.gradientPaintTransformer,",0.0,10206,11201
996,S1317,BarRenderer.java,1062,"if (!ObjectUtilities.equal(this.positiveItemLabelPositionFallback,",0.0,10206,11201
996,S1318,BarRenderer.java,1066,"if (!ObjectUtilities.equal(this.negativeItemLabelPositionFallback,",0.0,10206,11201
996,S1319,BarRenderer.java,1070,return true;,0.0,10206,11201
996,S1320,BarRenderer3D.java,160,"public static final Paint DEFAULT_WALL_PAINT = new Color(0xDD, 0xDD, 0xDD);",0.0,10206,11201
996,S1321,BarRenderer3D.java,175,"this(DEFAULT_X_OFFSET, DEFAULT_Y_OFFSET);",0.0,10206,11201
996,S1322,BarRenderer3D.java,186,super();,0.0,10206,11201
996,S1323,BarRenderer3D.java,187,this.xOffset = xOffset;,0.0,10206,11201
996,S1324,BarRenderer3D.java,188,this.yOffset = yOffset;,0.0,10206,11201
996,S1325,BarRenderer3D.java,189,this.wallPaint = DEFAULT_WALL_PAINT;,0.0,10206,11201
996,S1326,BarRenderer3D.java,191,"ItemLabelPosition p1 = new ItemLabelPosition(ItemLabelAnchor.INSIDE12,",0.0,10206,11201
996,S1327,BarRenderer3D.java,193,setBasePositiveItemLabelPosition(p1);,0.0,10206,11201
996,S1328,BarRenderer3D.java,194,"ItemLabelPosition p2 = new ItemLabelPosition(ItemLabelAnchor.INSIDE12,",0.0,10206,11201
996,S1329,BarRenderer3D.java,196,setBaseNegativeItemLabelPosition(p2);,0.0,10206,11201
996,S1330,BarRenderer3D.java,208,return this.xOffset;,0.0,10206,11201
996,S1331,BarRenderer3D.java,217,return this.yOffset;,0.0,10206,11201
996,S1332,BarRenderer3D.java,229,return this.wallPaint;,0.0,10206,11201
996,S1333,BarRenderer3D.java,269,"Rectangle2D adjusted = new Rectangle2D.Double(dataArea.getX(),",0.0,10206,11201
996,S1334,BarRenderer3D.java,272,"CategoryItemRendererState state = super.initialise(g2, adjusted, plot,",0.0,10206,11201
996,S1335,BarRenderer3D.java,274,return state;,0.0,10206,11201
996,S1336,BarRenderer3D.java,288,float x0 = (float) dataArea.getX();,0.0,10206,11201
996,S1337,BarRenderer3D.java,289,float x1 = x0 + (float) Math.abs(this.xOffset);,0.0,10206,11201
996,S1338,BarRenderer3D.java,290,float x3 = (float) dataArea.getMaxX();,0.0,10206,11201
996,S1339,BarRenderer3D.java,291,float x2 = x3 - (float) Math.abs(this.xOffset);,0.0,10206,11201
996,S1340,BarRenderer3D.java,293,float y0 = (float) dataArea.getMaxY();,0.0,10206,11201
996,S1341,BarRenderer3D.java,294,float y1 = y0 - (float) Math.abs(this.yOffset);,0.0,10206,11201
996,S1342,BarRenderer3D.java,295,float y3 = (float) dataArea.getMinY();,0.0,10206,11201
996,S1343,BarRenderer3D.java,296,float y2 = y3 + (float) Math.abs(this.yOffset);,0.0,10206,11201
996,S1344,BarRenderer3D.java,298,GeneralPath clip = new GeneralPath();,0.0,10206,11201
996,S1345,BarRenderer3D.java,299,"clip.moveTo(x0, y0);",0.0,10206,11201
996,S1346,BarRenderer3D.java,300,"clip.lineTo(x0, y2);",0.0,10206,11201
996,S1347,BarRenderer3D.java,301,"clip.lineTo(x1, y3);",0.0,10206,11201
996,S1348,BarRenderer3D.java,302,"clip.lineTo(x3, y3);",0.0,10206,11201
996,S1349,BarRenderer3D.java,303,"clip.lineTo(x3, y1);",0.0,10206,11201
996,S1350,BarRenderer3D.java,304,"clip.lineTo(x2, y0);",0.0,10206,11201
996,S1351,BarRenderer3D.java,305,clip.closePath();,0.0,10206,11201
996,S1352,BarRenderer3D.java,307,Composite originalComposite = g2.getComposite();,0.0,10206,11201
996,S1353,BarRenderer3D.java,308,"g2.setComposite(AlphaComposite.getInstance(AlphaComposite.SRC_OVER,",0.0,10206,11201
996,S1354,BarRenderer3D.java,312,Paint backgroundPaint = plot.getBackgroundPaint();,0.0,10206,11201
996,S1355,BarRenderer3D.java,313,if (backgroundPaint != null) {,0.0,10206,11201
996,S1356,BarRenderer3D.java,314,g2.setPaint(backgroundPaint);,0.0,10206,11201
996,S1357,BarRenderer3D.java,315,g2.fill(clip);,0.0,10206,11201
996,S1358,BarRenderer3D.java,318,GeneralPath leftWall = new GeneralPath();,0.0,10206,11201
996,S1359,BarRenderer3D.java,319,"leftWall.moveTo(x0, y0);",0.0,10206,11201
996,S1360,BarRenderer3D.java,320,"leftWall.lineTo(x0, y2);",0.0,10206,11201
996,S1361,BarRenderer3D.java,321,"leftWall.lineTo(x1, y3);",0.0,10206,11201
996,S1362,BarRenderer3D.java,322,"leftWall.lineTo(x1, y1);",0.0,10206,11201
996,S1363,BarRenderer3D.java,323,leftWall.closePath();,0.0,10206,11201
996,S1364,BarRenderer3D.java,324,g2.setPaint(getWallPaint());,0.0,10206,11201
996,S1365,BarRenderer3D.java,325,g2.fill(leftWall);,0.0,10206,11201
996,S1366,BarRenderer3D.java,327,GeneralPath bottomWall = new GeneralPath();,0.0,10206,11201
996,S1367,BarRenderer3D.java,328,"bottomWall.moveTo(x0, y0);",0.0,10206,11201
996,S1368,BarRenderer3D.java,329,"bottomWall.lineTo(x1, y1);",0.0,10206,11201
996,S1369,BarRenderer3D.java,330,"bottomWall.lineTo(x3, y1);",0.0,10206,11201
996,S1370,BarRenderer3D.java,331,"bottomWall.lineTo(x2, y0);",0.0,10206,11201
996,S1371,BarRenderer3D.java,332,bottomWall.closePath();,0.0,10206,11201
996,S1372,BarRenderer3D.java,333,g2.setPaint(getWallPaint());,0.0,10206,11201
996,S1373,BarRenderer3D.java,334,g2.fill(bottomWall);,0.0,10206,11201
996,S1374,BarRenderer3D.java,337,g2.setPaint(Color.lightGray);,0.0,10206,11201
996,S1375,BarRenderer3D.java,338,"Line2D corner = new Line2D.Double(x0, y0, x1, y1);",0.0,10206,11201
996,S1376,BarRenderer3D.java,339,g2.draw(corner);,0.0,10206,11201
996,S1377,BarRenderer3D.java,340,"corner.setLine(x1, y1, x1, y3);",0.0,10206,11201
996,S1378,BarRenderer3D.java,341,g2.draw(corner);,0.0,10206,11201
996,S1379,BarRenderer3D.java,342,"corner.setLine(x1, y1, x3, y1);",0.0,10206,11201
996,S1380,BarRenderer3D.java,343,g2.draw(corner);,0.0,10206,11201
996,S1381,BarRenderer3D.java,346,Image backgroundImage = plot.getBackgroundImage();,0.0,10206,11201
996,S1382,BarRenderer3D.java,347,if (backgroundImage != null) {,0.0,10206,11201
996,S1383,BarRenderer3D.java,355,g2.setComposite(originalComposite);,0.0,10206,11201
996,S1384,BarRenderer3D.java,369,float x0 = (float) dataArea.getX();,0.0,10206,11201
996,S1385,BarRenderer3D.java,370,float x1 = x0 + (float) Math.abs(this.xOffset);,0.0,10206,11201
996,S1386,BarRenderer3D.java,371,float x3 = (float) dataArea.getMaxX();,0.0,10206,11201
996,S1387,BarRenderer3D.java,372,float x2 = x3 - (float) Math.abs(this.xOffset);,0.0,10206,11201
996,S1388,BarRenderer3D.java,374,float y0 = (float) dataArea.getMaxY();,0.0,10206,11201
996,S1389,BarRenderer3D.java,375,float y1 = y0 - (float) Math.abs(this.yOffset);,0.0,10206,11201
996,S1390,BarRenderer3D.java,376,float y3 = (float) dataArea.getMinY();,0.0,10206,11201
996,S1391,BarRenderer3D.java,377,float y2 = y3 + (float) Math.abs(this.yOffset);,0.0,10206,11201
996,S1392,BarRenderer3D.java,379,GeneralPath clip = new GeneralPath();,0.0,10206,11201
996,S1393,BarRenderer3D.java,380,"clip.moveTo(x0, y0);",0.0,10206,11201
996,S1394,BarRenderer3D.java,381,"clip.lineTo(x0, y2);",0.0,10206,11201
996,S1395,BarRenderer3D.java,382,"clip.lineTo(x1, y3);",0.0,10206,11201
996,S1396,BarRenderer3D.java,383,"clip.lineTo(x3, y3);",0.0,10206,11201
996,S1397,BarRenderer3D.java,384,"clip.lineTo(x3, y1);",0.0,10206,11201
996,S1398,BarRenderer3D.java,385,"clip.lineTo(x2, y0);",0.0,10206,11201
996,S1399,BarRenderer3D.java,386,clip.closePath();,0.0,10206,11201
996,S1400,BarRenderer3D.java,389,Stroke outlineStroke = plot.getOutlineStroke();,0.0,10206,11201
996,S1401,BarRenderer3D.java,390,Paint outlinePaint = plot.getOutlinePaint();,0.0,10206,11201
996,S1402,BarRenderer3D.java,391,if ((outlineStroke != null) && (outlinePaint != null)) {,0.0,10206,11201
996,S1403,BarRenderer3D.java,392,g2.setStroke(outlineStroke);,0.0,10206,11201
996,S1404,BarRenderer3D.java,393,g2.setPaint(outlinePaint);,0.0,10206,11201
996,S1405,BarRenderer3D.java,394,g2.draw(clip);,0.0,10206,11201
996,S1406,BarRenderer3D.java,461,Range range = axis.getRange();,0.0,10206,11201
996,S1407,BarRenderer3D.java,463,if (!range.contains(value)) {,0.0,10206,11201
996,S1408,BarRenderer3D.java,467,"Rectangle2D adjusted = new Rectangle2D.Double(dataArea.getX(),",0.0,10206,11201
996,S1409,BarRenderer3D.java,471,Line2D line1 = null;,0.0,10206,11201
996,S1410,BarRenderer3D.java,472,Line2D line2 = null;,0.0,10206,11201
996,S1411,BarRenderer3D.java,473,PlotOrientation orientation = plot.getOrientation();,0.0,10206,11201
996,S1412,BarRenderer3D.java,474,if (orientation == PlotOrientation.HORIZONTAL) {,0.0,10206,11201
996,S1413,BarRenderer3D.java,475,"double x0 = axis.valueToJava2D(value, adjusted,",0.0,10206,11201
996,S1414,BarRenderer3D.java,477,double x1 = x0 + getXOffset();,0.0,10206,11201
996,S1415,BarRenderer3D.java,478,double y0 = dataArea.getMaxY();,0.0,10206,11201
996,S1416,BarRenderer3D.java,479,double y1 = y0 - getYOffset();,0.0,10206,11201
996,S1417,BarRenderer3D.java,480,double y2 = dataArea.getMinY();,0.0,10206,11201
996,S1418,BarRenderer3D.java,481,"line1 = new Line2D.Double(x0, y0, x1, y1);",0.0,10206,11201
996,S1419,BarRenderer3D.java,482,"line2 = new Line2D.Double(x1, y1, x1, y2);",0.0,10206,11201
996,S1420,BarRenderer3D.java,494,Paint paint = plot.getRangeGridlinePaint();,0.0,10206,11201
996,S1421,BarRenderer3D.java,495,Stroke stroke = plot.getRangeGridlineStroke();,0.0,10206,11201
996,S1422,BarRenderer3D.java,496,g2.setPaint(paint != null ? paint : Plot.DEFAULT_OUTLINE_PAINT);,0.0,10206,11201
996,S1423,BarRenderer3D.java,497,g2.setStroke(stroke != null ? stroke : Plot.DEFAULT_OUTLINE_STROKE);,0.0,10206,11201
996,S1424,BarRenderer3D.java,498,g2.draw(line1);,0.0,10206,11201
996,S1425,BarRenderer3D.java,499,g2.draw(line2);,0.0,10206,11201
996,S1426,BarRenderer3D.java,519,"Rectangle2D adjusted = new Rectangle2D.Double(dataArea.getX(),",0.0,10206,11201
996,S1427,BarRenderer3D.java,522,if (marker instanceof ValueMarker) {,0.0,10206,11201
996,S1428,BarRenderer3D.java,523,ValueMarker vm = (ValueMarker) marker;,0.0,10206,11201
996,S1429,BarRenderer3D.java,524,double value = vm.getValue();,0.0,10206,11201
996,S1430,BarRenderer3D.java,525,Range range = axis.getRange();,0.0,10206,11201
996,S1431,BarRenderer3D.java,526,if (!range.contains(value)) {,0.0,10206,11201
996,S1432,BarRenderer3D.java,530,GeneralPath path = null;,0.0,10206,11201
996,S1433,BarRenderer3D.java,531,PlotOrientation orientation = plot.getOrientation();,0.0,10206,11201
996,S1434,BarRenderer3D.java,532,if (orientation == PlotOrientation.HORIZONTAL) {,0.0,10206,11201
996,S1435,BarRenderer3D.java,533,"float x = (float) axis.valueToJava2D(value, adjusted,",0.0,10206,11201
996,S1436,BarRenderer3D.java,535,float y = (float) adjusted.getMaxY();,0.0,10206,11201
996,S1437,BarRenderer3D.java,536,path = new GeneralPath();,0.0,10206,11201
996,S1438,BarRenderer3D.java,537,"path.moveTo(x, y);",0.0,10206,11201
996,S1439,BarRenderer3D.java,538,"path.lineTo((float) (x + getXOffset()),",0.0,10206,11201
996,S1440,BarRenderer3D.java,540,"path.lineTo((float) (x + getXOffset()),",0.0,10206,11201
996,S1441,BarRenderer3D.java,542,"path.lineTo(x, (float) adjusted.getMinY());",0.0,10206,11201
996,S1442,BarRenderer3D.java,543,path.closePath();,0.0,10206,11201
996,S1443,BarRenderer3D.java,557,g2.setPaint(marker.getPaint());,0.0,10206,11201
996,S1444,BarRenderer3D.java,558,g2.fill(path);,0.0,10206,11201
996,S1445,BarRenderer3D.java,559,g2.setPaint(marker.getOutlinePaint());,0.0,10206,11201
996,S1446,BarRenderer3D.java,560,g2.draw(path);,0.0,10206,11201
996,S1447,BarRenderer3D.java,562,String label = marker.getLabel();,0.0,10206,11201
996,S1448,BarRenderer3D.java,563,RectangleAnchor anchor = marker.getLabelAnchor();,0.0,10206,11201
996,S1449,BarRenderer3D.java,564,if (label != null) {,0.0,10206,11201
996,S1450,BarRenderer3D.java,610,"Number dataValue = dataset.getValue(row, column);",0.0,10206,11201
996,S1451,BarRenderer3D.java,611,if (dataValue == null) {,0.0,10206,11201
996,S1452,BarRenderer3D.java,615,double value = dataValue.doubleValue();,0.0,10206,11201
996,S1453,BarRenderer3D.java,617,"Rectangle2D adjusted = new Rectangle2D.Double(dataArea.getX(),",0.0,10206,11201
996,S1454,BarRenderer3D.java,622,PlotOrientation orientation = plot.getOrientation();,0.0,10206,11201
996,S1455,BarRenderer3D.java,624,"double barW0 = calculateBarW0(plot, orientation, adjusted, domainAxis,",0.0,10206,11201
996,S1456,BarRenderer3D.java,626,double[] barL0L1 = calculateBarL0L1(value);,0.0,10206,11201
996,S1457,BarRenderer3D.java,627,if (barL0L1 == null) {,0.0,10206,11201
996,S1458,BarRenderer3D.java,631,RectangleEdge edge = plot.getRangeAxisEdge();,0.0,10206,11201
996,S1459,BarRenderer3D.java,632,"double transL0 = rangeAxis.valueToJava2D(barL0L1[0], adjusted, edge);",0.0,10206,11201
996,S1460,BarRenderer3D.java,633,"double transL1 = rangeAxis.valueToJava2D(barL0L1[1], adjusted, edge);",0.0,10206,11201
996,S1461,BarRenderer3D.java,634,"double barL0 = Math.min(transL0, transL1);",0.0,10206,11201
996,S1462,BarRenderer3D.java,635,double barLength = Math.abs(transL1 - transL0);,0.0,10206,11201
996,S1463,BarRenderer3D.java,638,Rectangle2D bar = null;,0.0,10206,11201
996,S1464,BarRenderer3D.java,639,if (orientation == PlotOrientation.HORIZONTAL) {,0.0,10206,11201
996,S1465,BarRenderer3D.java,640,"bar = new Rectangle2D.Double(barL0, barW0, barLength,",0.0,10206,11201
996,S1466,BarRenderer3D.java,647,"Paint itemPaint = getItemPaint(row, column);",0.0,10206,11201
996,S1467,BarRenderer3D.java,648,g2.setPaint(itemPaint);,0.0,10206,11201
996,S1468,BarRenderer3D.java,649,g2.fill(bar);,0.0,10206,11201
996,S1469,BarRenderer3D.java,651,double x0 = bar.getMinX();,0.0,10206,11201
996,S1470,BarRenderer3D.java,652,double x1 = x0 + getXOffset();,0.0,10206,11201
996,S1471,BarRenderer3D.java,653,double x2 = bar.getMaxX();,0.0,10206,11201
996,S1472,BarRenderer3D.java,654,double x3 = x2 + getXOffset();,0.0,10206,11201
996,S1473,BarRenderer3D.java,656,double y0 = bar.getMinY() - getYOffset();,0.0,10206,11201
996,S1474,BarRenderer3D.java,657,double y1 = bar.getMinY();,0.0,10206,11201
996,S1475,BarRenderer3D.java,658,double y2 = bar.getMaxY() - getYOffset();,0.0,10206,11201
996,S1476,BarRenderer3D.java,659,double y3 = bar.getMaxY();,0.0,10206,11201
996,S1477,BarRenderer3D.java,661,GeneralPath bar3dRight = null;,0.0,10206,11201
996,S1478,BarRenderer3D.java,662,GeneralPath bar3dTop = null;,0.0,10206,11201
996,S1479,BarRenderer3D.java,663,if (barLength > 0.0) {,0.0,10206,11201
996,S1480,BarRenderer3D.java,664,bar3dRight = new GeneralPath();,0.0,10206,11201
996,S1481,BarRenderer3D.java,665,"bar3dRight.moveTo((float) x2, (float) y3);",0.0,10206,11201
996,S1482,BarRenderer3D.java,666,"bar3dRight.lineTo((float) x2, (float) y1);",0.0,10206,11201
996,S1483,BarRenderer3D.java,667,"bar3dRight.lineTo((float) x3, (float) y0);",0.0,10206,11201
996,S1484,BarRenderer3D.java,668,"bar3dRight.lineTo((float) x3, (float) y2);",0.0,10206,11201
996,S1485,BarRenderer3D.java,669,bar3dRight.closePath();,0.0,10206,11201
996,S1486,BarRenderer3D.java,671,if (itemPaint instanceof Color) {,0.0,10206,11201
996,S1487,BarRenderer3D.java,672,g2.setPaint(((Color) itemPaint).darker());,0.0,10206,11201
996,S1488,BarRenderer3D.java,674,g2.fill(bar3dRight);,0.0,10206,11201
996,S1489,BarRenderer3D.java,677,bar3dTop = new GeneralPath();,0.0,10206,11201
996,S1490,BarRenderer3D.java,678,"bar3dTop.moveTo((float) x0, (float) y1);",0.0,10206,11201
996,S1491,BarRenderer3D.java,679,"bar3dTop.lineTo((float) x1, (float) y0);",0.0,10206,11201
996,S1492,BarRenderer3D.java,680,"bar3dTop.lineTo((float) x3, (float) y0);",0.0,10206,11201
996,S1493,BarRenderer3D.java,681,"bar3dTop.lineTo((float) x2, (float) y1);",0.0,10206,11201
996,S1494,BarRenderer3D.java,682,bar3dTop.closePath();,0.0,10206,11201
996,S1495,BarRenderer3D.java,683,g2.fill(bar3dTop);,0.0,10206,11201
996,S1496,BarRenderer3D.java,685,if (isDrawBarOutline(),0.0,10206,11201
996,S1497,BarRenderer3D.java,698,CategoryItemLabelGenerator generator,0.0,10206,11201
996,S1498,BarRenderer3D.java,700,"if (generator != null && isItemLabelVisible(row, column)) {",0.0,10206,11201
996,S1499,BarRenderer3D.java,706,EntityCollection entities = state.getEntityCollection();,0.0,10206,11201
996,S1500,BarRenderer3D.java,707,if (entities != null) {,0.0,10206,11201
996,S1530,BlockBorder.java,202,if (obj == this) {,0.0,10206,11201
996,S1531,BlockBorder.java,203,return true;,0.0,10206,11201
996,S1532,BlockBorder.java,205,if (!(obj instanceof BlockBorder)) {,0.0,10206,11201
996,S1533,BlockBorder.java,208,BlockBorder that = (BlockBorder) obj;,0.0,10206,11201
996,S1534,BlockBorder.java,209,if (!this.insets.equals(that.insets)) {,0.0,10206,11201
996,S1535,BlockBorder.java,212,"if (!PaintUtilities.equal(this.paint, that.paint)) {",0.0,10206,11201
996,S1536,BlockBorder.java,215,return true;,0.0,10206,11201
996,S1537,BlockBorder.java,226,stream.defaultWriteObject();,0.0,10206,11201
996,S1538,BlockBorder.java,227,"SerialUtilities.writePaint(this.paint, stream);",0.0,10206,11201
996,S1539,BlockBorder.java,240,stream.defaultReadObject();,0.0,10206,11201
996,S1540,BlockBorder.java,241,this.paint = SerialUtilities.readPaint(stream);,0.0,10206,11201
996,S1548,BlockContainer.java,141,return Collections.unmodifiableList(this.blocks);,0.0,10206,11201
996,S1549,BlockContainer.java,150,"add(block, null);",0.0,10206,11201
996,S1550,BlockContainer.java,160,this.blocks.add(block);,0.0,10206,11201
996,S1551,BlockContainer.java,161,"this.arrangement.add(block, key);",0.0,10206,11201
996,S1554,BlockContainer.java,182,"return this.arrangement.arrange(this, g2, constraint);",0.0,10206,11201
996,S1567,BlockContainer.java,222,Block block = (Block) iterator.next();,0.0,10206,11201
996,S1568,BlockContainer.java,223,Rectangle2D bounds = block.getBounds();,0.0,10206,11201
996,S1569,BlockContainer.java,224,Rectangle2D drawArea = new Rectangle2D.Double(bounds.getX(),0.0,10206,11201
996,S1570,BlockContainer.java,227,"Object r = block.draw(g2, drawArea, params);",0.0,10206,11201
996,S1571,BlockContainer.java,228,if (sec != null) {,0.0,10206,11201
996,S1584,BlockResult.java,76,this.entities = entities;,0.0,10206,11201
996,S1585,BooleanList.java,60,public BooleanList() {,0.0,10206,11201
996,S1586,BooleanList.java,71,return (Boolean) get(index);,0.0,10206,11201
996,S1587,BooleanList.java,82,"set(index, b);",0.0,10206,11201
996,S1588,BooleanList.java,93,if (obj instanceof BooleanList) {,0.0,10206,11201
996,S1589,BooleanList.java,94,return super.equals(obj);,0.0,10206,11201
996,S1590,BooleanList.java,105,return super.hashCode();,0.0,10206,11201
996,S1591,BorderArrangement.java,84,public BorderArrangement() {,0.0,10206,11201
996,S1592,BorderArrangement.java,96,if (key == null) {,0.0,10206,11201
996,S1593,BorderArrangement.java,97,this.centerBlock = block;,0.0,10206,11201
996,S1594,BorderArrangement.java,100,RectangleEdge edge = (RectangleEdge) key;,0.0,10206,11201
996,S1595,BorderArrangement.java,101,if (edge == RectangleEdge.TOP) {,0.0,10206,11201
996,S1596,BorderArrangement.java,104,else if (edge == RectangleEdge.BOTTOM) {,0.0,10206,11201
996,S1597,BorderArrangement.java,107,else if (edge == RectangleEdge.LEFT) {,0.0,10206,11201
996,S1598,BorderArrangement.java,108,this.leftBlock = block;,0.0,10206,11201
996,S1599,BorderArrangement.java,129,RectangleConstraint contentConstraint,0.0,10206,11201
996,S1600,BorderArrangement.java,131,Size2D contentSize = null;,0.0,10206,11201
996,S1601,BorderArrangement.java,132,LengthConstraintType w = contentConstraint.getWidthConstraintType();,0.0,10206,11201
996,S1602,BorderArrangement.java,133,LengthConstraintType h = contentConstraint.getHeightConstraintType();,0.0,10206,11201
996,S1603,BorderArrangement.java,134,if (w == LengthConstraintType.NONE) {,0.0,10206,11201
996,S1604,BorderArrangement.java,135,if (h == LengthConstraintType.NONE) {,0.0,10206,11201
996,S1605,BorderArrangement.java,136,"contentSize = arrangeNN(container, g2);",0.0,10206,11201
996,S1606,BorderArrangement.java,170,return new Size2D(,0.0,10206,11201
996,S1607,BorderArrangement.java,185,double[] w = new double[5];,0.0,10206,11201
996,S1608,BorderArrangement.java,186,double[] h = new double[5];,0.0,10206,11201
996,S1609,BorderArrangement.java,187,if (this.topBlock != null) {,0.0,10206,11201
996,S1610,BorderArrangement.java,194,if (this.bottomBlock != null) {,0.0,10206,11201
996,S1611,BorderArrangement.java,201,if (this.leftBlock != null) {,0.0,10206,11201
996,S1612,BorderArrangement.java,202,Size2D size = this.leftBlock.arrange(,0.0,10206,11201
996,S1613,BorderArrangement.java,205,w[2] = size.width;,0.0,10206,11201
996,S1614,BorderArrangement.java,206,h[2] = size.height;,0.0,10206,11201
996,S1615,BorderArrangement.java,208,if (this.rightBlock != null) {,0.0,10206,11201
996,S1616,BorderArrangement.java,216,"h[2] = Math.max(h[2], h[3]);",0.0,10206,11201
996,S1617,BorderArrangement.java,217,h[3] = h[2];,0.0,10206,11201
996,S1618,BorderArrangement.java,219,if (this.centerBlock != null) {,0.0,10206,11201
996,S1619,BorderArrangement.java,220,Size2D size = this.centerBlock.arrange(,0.0,10206,11201
996,S1620,BorderArrangement.java,223,w[4] = size.width;,0.0,10206,11201
996,S1621,BorderArrangement.java,224,h[4] = size.height;,0.0,10206,11201
996,S1622,BorderArrangement.java,226,"double width = Math.max(w[0], Math.max(w[1], w[2] + w[4] + w[3]));",0.0,10206,11201
996,S1623,BorderArrangement.java,227,"double centerHeight = Math.max(h[2], Math.max(h[3], h[4]));",0.0,10206,11201
996,S1624,BorderArrangement.java,228,double height = h[0] + h[1] + centerHeight;,0.0,10206,11201
996,S1625,BorderArrangement.java,229,if (this.topBlock != null) {,0.0,10206,11201
996,S1626,BorderArrangement.java,234,if (this.bottomBlock != null) {,0.0,10206,11201
996,S1627,BorderArrangement.java,239,if (this.leftBlock != null) {,0.0,10206,11201
996,S1628,BorderArrangement.java,240,this.leftBlock.setBounds(,0.0,10206,11201
996,S1629,BorderArrangement.java,244,if (this.rightBlock != null) {,0.0,10206,11201
996,S1630,BorderArrangement.java,250,if (this.centerBlock != null) {,0.0,10206,11201
996,S1631,BorderArrangement.java,251,this.centerBlock.setBounds(,0.0,10206,11201
996,S1632,BorderArrangement.java,257,"return new Size2D(width, height);",0.0,10206,11201
996,S1633,CategoryAnchor.java,56,public static final CategoryAnchor START,0.0,10206,11201
996,S1634,CategoryAnchor.java,60,public static final CategoryAnchor MIDDLE,0.0,10206,11201
996,S1635,CategoryAnchor.java,64,public static final CategoryAnchor END,0.0,10206,11201
996,S1636,CategoryAnchor.java,75,private CategoryAnchor(String name) {,0.0,10206,11201
996,S1637,CategoryAnchor.java,76,this.name = name;,0.0,10206,11201
996,S1638,CategoryAnchor.java,85,return this.name;,0.0,10206,11201
996,S1639,CategoryAnchor.java,98,if (this == obj) {,0.0,10206,11201
996,S1640,CategoryAnchor.java,99,return true;,0.0,10206,11201
996,S1641,CategoryAnchor.java,101,if (!(obj instanceof CategoryAnchor)) {,0.0,10206,11201
996,S1642,CategoryAnchor.java,104,CategoryAnchor position = (CategoryAnchor) obj;,0.0,10206,11201
996,S1643,CategoryAnchor.java,105,if (!this.name.equals(position.toString())) {,0.0,10206,11201
996,S1644,CategoryAnchor.java,106,return false;,0.0,10206,11201
996,S1645,CategoryAnchor.java,108,return true;,0.0,10206,11201
996,S1646,CategoryAnchor.java,120,if (this.equals(CategoryAnchor.START)) {,0.0,10206,11201
996,S1647,CategoryAnchor.java,123,else if (this.equals(CategoryAnchor.MIDDLE)) {,0.0,10206,11201
996,S1648,CategoryAnchor.java,124,return CategoryAnchor.MIDDLE;,0.0,10206,11201
996,S1649,CategoryAxis.java,199,super(label);,0.0,10206,11201
996,S1650,CategoryAxis.java,201,this.lowerMargin = DEFAULT_AXIS_MARGIN;,0.0,10206,11201
996,S1651,CategoryAxis.java,202,this.upperMargin = DEFAULT_AXIS_MARGIN;,0.0,10206,11201
996,S1652,CategoryAxis.java,203,this.categoryMargin = DEFAULT_CATEGORY_MARGIN;,0.0,10206,11201
996,S1653,CategoryAxis.java,204,this.maximumCategoryLabelLines = 1;,0.0,10206,11201
996,S1654,CategoryAxis.java,205,this.maximumCategoryLabelWidthRatio = 0.0f;,0.0,10206,11201
996,S1655,CategoryAxis.java,207,setTickMarksVisible(false);  // not supported by this axis type yet,0.0,10206,11201
996,S1656,CategoryAxis.java,209,this.categoryLabelPositionOffset = 4;,0.0,10206,11201
996,S1657,CategoryAxis.java,210,this.categoryLabelPositions = CategoryLabelPositions.STANDARD;,0.0,10206,11201
996,S1658,CategoryAxis.java,211,this.tickLabelFontMap = new HashMap();,0.0,10206,11201
996,S1659,CategoryAxis.java,212,this.tickLabelPaintMap = new HashMap();,0.0,10206,11201
996,S1660,CategoryAxis.java,213,this.categoryLabelToolTips = new HashMap();,0.0,10206,11201
996,S1661,CategoryAxis.java,226,return this.lowerMargin;,0.0,10206,11201
996,S1662,CategoryAxis.java,252,return this.upperMargin;,0.0,10206,11201
996,S1663,CategoryAxis.java,277,return this.categoryMargin;,0.0,10206,11201
996,S1664,CategoryAxis.java,291,this.categoryMargin = margin;,0.0,10206,11201
996,S1665,CategoryAxis.java,292,notifyListeners(new AxisChangeEvent(this));,0.0,10206,11201
996,S1666,CategoryAxis.java,406,if (category == null) {,0.0,10206,11201
996,S1667,CategoryAxis.java,409,Font result = (Font) this.tickLabelFontMap.get(category);,0.0,10206,11201
996,S1668,CategoryAxis.java,411,if (result == null) {,0.0,10206,11201
996,S1669,CategoryAxis.java,412,result = getTickLabelFont();,0.0,10206,11201
996,S1670,CategoryAxis.java,414,return result;,0.0,10206,11201
996,S1671,CategoryAxis.java,449,if (category == null) {,0.0,10206,11201
996,S1672,CategoryAxis.java,452,Paint result = (Paint) this.tickLabelPaintMap.get(category);,0.0,10206,11201
996,S1673,CategoryAxis.java,454,if (result == null) {,0.0,10206,11201
996,S1674,CategoryAxis.java,455,result = getTickLabelPaint();,0.0,10206,11201
996,S1675,CategoryAxis.java,457,return result;,0.0,10206,11201
996,S1676,CategoryAxis.java,594,double result = 0.0;,0.0,10206,11201
996,S1677,CategoryAxis.java,595,if ((edge == RectangleEdge.TOP) || (edge == RectangleEdge.BOTTOM)) {,0.0,10206,11201
996,S1678,CategoryAxis.java,598,else if ((edge == RectangleEdge.LEFT),0.0,10206,11201
996,S1679,CategoryAxis.java,600,result = area.getMinY() + area.getHeight() * getLowerMargin();,0.0,10206,11201
996,S1680,CategoryAxis.java,603,"double categorySize = calculateCategorySize(categoryCount, area, edge);",0.0,10206,11201
996,S1681,CategoryAxis.java,604,"double categoryGapWidth = calculateCategoryGapSize(categoryCount, area,",0.0,10206,11201
996,S1682,CategoryAxis.java,607,result = result + category * (categorySize + categoryGapWidth);,0.0,10206,11201
996,S1683,CategoryAxis.java,608,return result;,0.0,10206,11201
996,S1684,CategoryAxis.java,628,"return getCategoryStart(category, categoryCount, area, edge)",0.0,10206,11201
996,S1685,CategoryAxis.java,649,"return getCategoryStart(category, categoryCount, area, edge)",0.0,10206,11201
996,S1686,CategoryAxis.java,704,double result = 0.0;,0.0,10206,11201
996,S1687,CategoryAxis.java,705,double available = 0.0;,0.0,10206,11201
996,S1688,CategoryAxis.java,707,if ((edge == RectangleEdge.TOP) || (edge == RectangleEdge.BOTTOM)) {,0.0,10206,11201
996,S1689,CategoryAxis.java,708,available = area.getWidth();,0.0,10206,11201
996,S1690,CategoryAxis.java,710,else if ((edge == RectangleEdge.LEFT),0.0,10206,11201
996,S1691,CategoryAxis.java,712,available = area.getHeight();,0.0,10206,11201
996,S1692,CategoryAxis.java,714,if (categoryCount > 1) {,0.0,10206,11201
996,S1693,CategoryAxis.java,715,result = available * (1 - getLowerMargin() - getUpperMargin(),0.0,10206,11201
996,S1694,CategoryAxis.java,717,result = result / categoryCount;,0.0,10206,11201
996,S1695,CategoryAxis.java,720,result = available * (1 - getLowerMargin() - getUpperMargin());,0.0,10206,11201
996,S1696,CategoryAxis.java,722,return result;,0.0,10206,11201
996,S1697,CategoryAxis.java,740,double result = 0.0;,0.0,10206,11201
996,S1698,CategoryAxis.java,741,double available = 0.0;,0.0,10206,11201
996,S1699,CategoryAxis.java,743,if ((edge == RectangleEdge.TOP) || (edge == RectangleEdge.BOTTOM)) {,0.0,10206,11201
996,S1700,CategoryAxis.java,746,else if ((edge == RectangleEdge.LEFT),0.0,10206,11201
996,S1701,CategoryAxis.java,748,available = area.getHeight();,0.0,10206,11201
996,S1702,CategoryAxis.java,751,if (categoryCount > 1) {,0.0,10206,11201
996,S1703,CategoryAxis.java,752,result = available * getCategoryMargin() / (categoryCount - 1);,0.0,10206,11201
996,S1704,CategoryAxis.java,755,return result;,0.0,10206,11201
996,S1705,CategoryAxis.java,775,if (space == null) {,0.0,10206,11201
996,S1706,CategoryAxis.java,780,if (!isVisible()) {,0.0,10206,11201
996,S1707,CategoryAxis.java,785,double tickLabelHeight = 0.0;,0.0,10206,11201
996,S1708,CategoryAxis.java,786,double tickLabelWidth = 0.0;,0.0,10206,11201
996,S1709,CategoryAxis.java,787,if (isTickLabelsVisible()) {,0.0,10206,11201
996,S1710,CategoryAxis.java,788,g2.setFont(getTickLabelFont());,0.0,10206,11201
996,S1711,CategoryAxis.java,789,AxisState state = new AxisState();,0.0,10206,11201
996,S1712,CategoryAxis.java,791,"refreshTicks(g2, state, plotArea, edge);",0.0,10206,11201
996,S1713,CategoryAxis.java,792,if (edge == RectangleEdge.TOP) {,0.0,10206,11201
996,S1714,CategoryAxis.java,795,else if (edge == RectangleEdge.BOTTOM) {,0.0,10206,11201
996,S1715,CategoryAxis.java,796,tickLabelHeight = state.getMax();,0.0,10206,11201
996,S1716,CategoryAxis.java,798,else if (edge == RectangleEdge.LEFT) {,0.0,10206,11201
996,S1717,CategoryAxis.java,799,tickLabelWidth = state.getMax();,0.0,10206,11201
996,S1718,CategoryAxis.java,807,"Rectangle2D labelEnclosure = getLabelEnclosure(g2, edge);",0.0,10206,11201
996,S1719,CategoryAxis.java,808,double labelHeight = 0.0;,0.0,10206,11201
996,S1720,CategoryAxis.java,809,double labelWidth = 0.0;,0.0,10206,11201
996,S1721,CategoryAxis.java,810,if (RectangleEdge.isTopOrBottom(edge)) {,0.0,10206,11201
996,S1722,CategoryAxis.java,811,labelHeight = labelEnclosure.getHeight();,0.0,10206,11201
996,S1723,CategoryAxis.java,812,space.add(labelHeight + tickLabelHeight,0.0,10206,11201
996,S1724,CategoryAxis.java,815,else if (RectangleEdge.isLeftOrRight(edge)) {,0.0,10206,11201
996,S1725,CategoryAxis.java,816,labelWidth = labelEnclosure.getWidth();,0.0,10206,11201
996,S1726,CategoryAxis.java,817,space.add(labelWidth + tickLabelWidth,0.0,10206,11201
996,S1727,CategoryAxis.java,820,return space;,0.0,10206,11201
996,S1728,CategoryAxis.java,855,if (!isVisible()) {,0.0,10206,11201
996,S1729,CategoryAxis.java,859,if (isAxisLineVisible()) {,0.0,10206,11201
996,S1730,CategoryAxis.java,860,"drawAxisLine(g2, cursor, dataArea, edge);",0.0,10206,11201
996,S1731,CategoryAxis.java,864,AxisState state = new AxisState(cursor);,0.0,10206,11201
996,S1732,CategoryAxis.java,865,"state = drawCategoryLabels(g2, plotArea, dataArea, edge, state,",0.0,10206,11201
996,S1733,CategoryAxis.java,867,"state = drawLabel(getLabel(), g2, plotArea, dataArea, edge, state,",0.0,10206,11201
996,S1734,CategoryAxis.java,870,return state;,0.0,10206,11201
996,S1735,CategoryAxis.java,897,if (state == null) {,0.0,10206,11201
996,S1736,CategoryAxis.java,901,if (isTickLabelsVisible()) {,0.0,10206,11201
996,S1737,CategoryAxis.java,902,"List ticks = refreshTicks(g2, state, plotArea, edge);",0.0,10206,11201
996,S1738,CategoryAxis.java,903,state.setTicks(ticks);,0.0,10206,11201
996,S1739,CategoryAxis.java,905,int categoryIndex = 0;,0.0,10206,11201
996,S1740,CategoryAxis.java,906,Iterator iterator = ticks.iterator();,0.0,10206,11201
996,S1741,CategoryAxis.java,907,while (iterator.hasNext()) {,0.0,10206,11201
996,S1742,CategoryAxis.java,909,CategoryTick tick = (CategoryTick) iterator.next();,0.0,10206,11201
996,S1743,CategoryAxis.java,910,g2.setFont(getTickLabelFont(tick.getCategory()));,0.0,10206,11201
996,S1744,CategoryAxis.java,911,g2.setPaint(getTickLabelPaint(tick.getCategory()));,0.0,10206,11201
996,S1745,CategoryAxis.java,913,CategoryLabelPosition position,0.0,10206,11201
996,S1746,CategoryAxis.java,915,double x0 = 0.0;,0.0,10206,11201
996,S1747,CategoryAxis.java,916,double x1 = 0.0;,0.0,10206,11201
996,S1748,CategoryAxis.java,917,double y0 = 0.0;,0.0,10206,11201
996,S1749,CategoryAxis.java,918,double y1 = 0.0;,0.0,10206,11201
996,S1750,CategoryAxis.java,919,if (edge == RectangleEdge.TOP) {,0.0,10206,11201
996,S1751,CategoryAxis.java,927,else if (edge == RectangleEdge.BOTTOM) {,0.0,10206,11201
996,S1752,CategoryAxis.java,935,else if (edge == RectangleEdge.LEFT) {,0.0,10206,11201
996,S1753,CategoryAxis.java,936,"y0 = getCategoryStart(categoryIndex, ticks.size(),",0.0,10206,11201
996,S1754,CategoryAxis.java,938,"y1 = getCategoryEnd(categoryIndex, ticks.size(), dataArea,",0.0,10206,11201
996,S1755,CategoryAxis.java,940,x1 = state.getCursor() - this.categoryLabelPositionOffset;,0.0,10206,11201
996,S1756,CategoryAxis.java,941,x0 = x1 - state.getMax();,0.0,10206,11201
996,S1757,CategoryAxis.java,951,"Rectangle2D area = new Rectangle2D.Double(x0, y0, (x1 - x0),",0.0,10206,11201
996,S1758,CategoryAxis.java,953,"Point2D anchorPoint = RectangleAnchor.coordinates(area,",0.0,10206,11201
996,S1759,CategoryAxis.java,955,TextBlock block = tick.getLabel();,0.0,10206,11201
996,S1760,CategoryAxis.java,956,"block.draw(g2, (float) anchorPoint.getX(),",0.0,10206,11201
996,S1761,CategoryAxis.java,960,"Shape bounds = block.calculateBounds(g2,",0.0,10206,11201
996,S1762,CategoryAxis.java,964,if (plotState != null && plotState.getOwner() != null) {,0.0,10206,11201
996,S1763,CategoryAxis.java,974,categoryIndex++;,0.0,10206,11201
996,S1764,CategoryAxis.java,977,if (edge.equals(RectangleEdge.TOP)) {,0.0,10206,11201
996,S1765,CategoryAxis.java,981,else if (edge.equals(RectangleEdge.BOTTOM)) {,0.0,10206,11201
996,S1766,CategoryAxis.java,982,double h = state.getMax() + this.categoryLabelPositionOffset;,0.0,10206,11201
996,S1767,CategoryAxis.java,983,state.cursorDown(h);,0.0,10206,11201
996,S1768,CategoryAxis.java,985,else if (edge == RectangleEdge.LEFT) {,0.0,10206,11201
996,S1769,CategoryAxis.java,986,double w = state.getMax() + this.categoryLabelPositionOffset;,0.0,10206,11201
996,S1770,CategoryAxis.java,987,state.cursorLeft(w);,0.0,10206,11201
996,S1771,CategoryAxis.java,994,return state;,0.0,10206,11201
996,S1772,CategoryAxis.java,1012,List ticks = new java.util.ArrayList();,0.0,10206,11201
996,S1773,CategoryAxis.java,1015,if (dataArea.getHeight() <= 0.0 || dataArea.getWidth() < 0.0) {,0.0,10206,11201
996,S1774,CategoryAxis.java,1019,CategoryPlot plot = (CategoryPlot) getPlot();,0.0,10206,11201
996,S1775,CategoryAxis.java,1020,List categories = plot.getCategoriesForAxis(this);,0.0,10206,11201
996,S1776,CategoryAxis.java,1021,double max = 0.0;,0.0,10206,11201
996,S1777,CategoryAxis.java,1023,if (categories != null) {,0.0,10206,11201
996,S1778,CategoryAxis.java,1024,CategoryLabelPosition position,0.0,10206,11201
996,S1779,CategoryAxis.java,1026,float r = this.maximumCategoryLabelWidthRatio;,0.0,10206,11201
996,S1780,CategoryAxis.java,1027,if (r <= 0.0) {,0.0,10206,11201
996,S1781,CategoryAxis.java,1028,r = position.getWidthRatio();,0.0,10206,11201
996,S1782,CategoryAxis.java,1031,float l = 0.0f;,0.0,10206,11201
996,S1783,CategoryAxis.java,1032,if (position.getWidthType() == CategoryLabelWidthType.CATEGORY) {,0.0,10206,11201
996,S1784,CategoryAxis.java,1033,"l = (float) calculateCategorySize(categories.size(), dataArea,",0.0,10206,11201
996,S1785,CategoryAxis.java,1037,if (RectangleEdge.isLeftOrRight(edge)) {,0.0,10206,11201
996,S1786,CategoryAxis.java,1038,l = (float) dataArea.getWidth();,0.0,10206,11201
996,S1787,CategoryAxis.java,1044,int categoryIndex = 0;,0.0,10206,11201
996,S1788,CategoryAxis.java,1045,Iterator iterator = categories.iterator();,0.0,10206,11201
996,S1789,CategoryAxis.java,1046,while (iterator.hasNext()) {,0.0,10206,11201
996,S1790,CategoryAxis.java,1047,Comparable category = (Comparable) iterator.next();,0.0,10206,11201
996,S1791,CategoryAxis.java,1048,"TextBlock label = createLabel(category, l * r, edge, g2);",0.0,10206,11201
996,S1792,CategoryAxis.java,1049,if (edge == RectangleEdge.TOP || edge == RectangleEdge.BOTTOM) {,0.0,10206,11201
996,S1793,CategoryAxis.java,1053,else if (edge == RectangleEdge.LEFT,0.0,10206,11201
996,S1794,CategoryAxis.java,1055,"max = Math.max(max, calculateTextBlockWidth(label,",0.0,10206,11201
996,S1795,CategoryAxis.java,1058,"Tick tick = new CategoryTick(category, label,",0.0,10206,11201
996,S1796,CategoryAxis.java,1061,ticks.add(tick);,0.0,10206,11201
996,S1797,CategoryAxis.java,1062,categoryIndex = categoryIndex + 1;,0.0,10206,11201
996,S1798,CategoryAxis.java,1065,state.setMax(max);,0.0,10206,11201
996,S1799,CategoryAxis.java,1066,return ticks;,0.0,10206,11201
996,S1800,CategoryAxis.java,1082,"TextBlock label = TextUtilities.createTextBlock(category.toString(),",0.0,10206,11201
996,S1801,CategoryAxis.java,1085,return label;,0.0,10206,11201
996,S1802,CategoryAxis.java,1101,RectangleInsets insets = getTickLabelInsets();,0.0,10206,11201
996,S1803,CategoryAxis.java,1102,Size2D size = block.calculateDimensions(g2);,0.0,10206,11201
996,S1804,CategoryAxis.java,1103,"Rectangle2D box = new Rectangle2D.Double(0.0, 0.0, size.getWidth(),",0.0,10206,11201
996,S1805,CategoryAxis.java,1105,"Shape rotatedBox = ShapeUtilities.rotateShape(box, position.getAngle(),",0.0,10206,11201
996,S1806,CategoryAxis.java,1107,double w = rotatedBox.getBounds2D().getWidth() + insets.getTop(),0.0,10206,11201
996,S1807,CategoryAxis.java,1109,return w;,0.0,10206,11201
996,S1808,CategoryAxis.java,1162,if (obj == this) {,0.0,10206,11201
996,S1809,CategoryAxis.java,1165,if (!(obj instanceof CategoryAxis)) {,0.0,10206,11201
996,S1810,CategoryAxis.java,1166,return false;,0.0,10206,11201
996,S1811,CategoryAxis.java,1168,if (!super.equals(obj)) {,0.0,10206,11201
996,S1812,CategoryAxis.java,1171,CategoryAxis that = (CategoryAxis) obj;,0.0,10206,11201
996,S1813,CategoryAxis.java,1172,if (that.lowerMargin != this.lowerMargin) {,0.0,10206,11201
996,S1814,CategoryAxis.java,1175,if (that.upperMargin != this.upperMargin) {,0.0,10206,11201
996,S1815,CategoryAxis.java,1178,if (that.categoryMargin != this.categoryMargin) {,0.0,10206,11201
996,S1816,CategoryAxis.java,1181,if (that.maximumCategoryLabelWidthRatio,0.0,10206,11201
996,S1817,CategoryAxis.java,1185,if (that.categoryLabelPositionOffset,0.0,10206,11201
996,S1818,CategoryAxis.java,1189,"if (!ObjectUtilities.equal(that.categoryLabelPositions,",0.0,10206,11201
996,S1819,CategoryAxis.java,1193,"if (!ObjectUtilities.equal(that.categoryLabelToolTips,",0.0,10206,11201
996,S1820,CategoryAxis.java,1197,"if (!ObjectUtilities.equal(this.tickLabelFontMap,",0.0,10206,11201
996,S1821,CategoryAxis.java,1201,"if (!equalPaintMaps(this.tickLabelPaintMap, that.tickLabelPaintMap)) {",0.0,10206,11201
996,S1822,CategoryAxis.java,1204,return true;,0.0,10206,11201
996,S1823,CategoryAxis.java,1213,if (getLabel() != null) {,0.0,10206,11201
996,S1824,CategoryAxis.java,1214,return getLabel().hashCode();,0.0,10206,11201
996,S1825,CategoryAxis.java,1229,stream.defaultWriteObject();,0.0,10206,11201
996,S1826,CategoryAxis.java,1230,"writePaintMap(this.tickLabelPaintMap, stream);",0.0,10206,11201
996,S1827,CategoryAxis.java,1243,stream.defaultReadObject();,0.0,10206,11201
996,S1828,CategoryAxis.java,1244,this.tickLabelPaintMap = readPaintMap(stream);,0.0,10206,11201
996,S1829,CategoryAxis.java,1262,boolean isNull = in.readBoolean();,0.0,10206,11201
996,S1830,CategoryAxis.java,1263,if (isNull) {,0.0,10206,11201
996,S1831,CategoryAxis.java,1266,Map result = new HashMap();,0.0,10206,11201
996,S1832,CategoryAxis.java,1267,int count = in.readInt();,0.0,10206,11201
996,S1833,CategoryAxis.java,1268,for (int i = 0; i < count; i++) {,0.0,10206,11201
996,S1834,CategoryAxis.java,1273,return result;,0.0,10206,11201
996,S1835,CategoryAxis.java,1289,if (map == null) {,0.0,10206,11201
996,S1836,CategoryAxis.java,1293,out.writeBoolean(false);,0.0,10206,11201
996,S1837,CategoryAxis.java,1294,Set keys = map.keySet();,0.0,10206,11201
996,S1838,CategoryAxis.java,1295,int count = keys.size();,0.0,10206,11201
996,S1839,CategoryAxis.java,1296,out.writeInt(count);,0.0,10206,11201
996,S1840,CategoryAxis.java,1297,Iterator iterator = keys.iterator();,0.0,10206,11201
996,S1841,CategoryAxis.java,1298,while (iterator.hasNext()) {,0.0,10206,11201
996,S1842,CategoryAxis.java,1316,if (map1.size() != map2.size()) {,0.0,10206,11201
996,S1843,CategoryAxis.java,1319,Set entries = map1.entrySet();,0.0,10206,11201
996,S1844,CategoryAxis.java,1320,Iterator iterator = entries.iterator();,0.0,10206,11201
996,S1845,CategoryAxis.java,1321,while (iterator.hasNext()) {,0.0,10206,11201
996,S1846,CategoryAxis.java,1329,return true;,0.0,10206,11201
996,S1847,CategoryAxis3D.java,92,super(label);,0.0,10206,11201
996,S1848,CategoryAxis3D.java,119,if (!isVisible()) {,0.0,10206,11201
996,S1849,CategoryAxis3D.java,126,CategoryPlot plot = (CategoryPlot) getPlot();,0.0,10206,11201
996,S1850,CategoryAxis3D.java,128,Rectangle2D adjustedDataArea = new Rectangle2D.Double();,0.0,10206,11201
996,S1851,CategoryAxis3D.java,129,if (plot.getRenderer() instanceof Effect3D) {,0.0,10206,11201
996,S1852,CategoryAxis3D.java,130,Effect3D e3D = (Effect3D) plot.getRenderer();,0.0,10206,11201
996,S1853,CategoryAxis3D.java,131,double adjustedX = dataArea.getMinX();,0.0,10206,11201
996,S1854,CategoryAxis3D.java,132,double adjustedY = dataArea.getMinY();,0.0,10206,11201
996,S1855,CategoryAxis3D.java,133,double adjustedW = dataArea.getWidth() - e3D.getXOffset();,0.0,10206,11201
996,S1856,CategoryAxis3D.java,134,double adjustedH = dataArea.getHeight() - e3D.getYOffset();,0.0,10206,11201
996,S1857,CategoryAxis3D.java,136,if (edge == RectangleEdge.LEFT || edge == RectangleEdge.BOTTOM) {,0.0,10206,11201
996,S1858,CategoryAxis3D.java,137,adjustedY += e3D.getYOffset();,0.0,10206,11201
996,S1859,CategoryAxis3D.java,142,"adjustedDataArea.setRect(adjustedX, adjustedY, adjustedW,",0.0,10206,11201
996,S1860,CategoryAxis3D.java,150,AxisState state = new AxisState(cursor);,0.0,10206,11201
996,S1861,CategoryAxis3D.java,151,"state = drawCategoryLabels(g2, plotArea, adjustedDataArea, edge,",0.0,10206,11201
996,S1862,CategoryAxis3D.java,153,"state = drawLabel(getLabel(), g2, plotArea, dataArea, edge, state,",0.0,10206,11201
996,S1863,CategoryAxis3D.java,156,return state;,0.0,10206,11201
996,S1864,CategoryItemRendererState.java,67,super(info);,0.0,10206,11201
996,S1865,CategoryItemRendererState.java,68,this.barWidth = 0.0;,0.0,10206,11201
996,S1866,CategoryItemRendererState.java,69,this.seriesRunningTotal = 0.0;,0.0,10206,11201
996,S1867,CategoryItemRendererState.java,80,return this.barWidth;,0.0,10206,11201
996,S1868,CategoryItemRendererState.java,92,this.barWidth = width;,0.0,10206,11201
996,S1869,CategoryItemRendererState.java,103,return this.seriesRunningTotal;,0.0,10206,11201
996,S1870,CategoryItemRendererState.java,115,this.seriesRunningTotal = total;,0.0,10206,11201
996,S1871,CategoryLabelPosition.java,104,"this(categoryAnchor, labelAnchor, TextAnchor.CENTER, 0.0,",0.0,10206,11201
996,S1872,CategoryLabelPosition.java,123,"this(categoryAnchor, labelAnchor, TextAnchor.CENTER, 0.0, widthType,",0.0,10206,11201
996,S1873,CategoryLabelPosition.java,148,float widthRatio) {,0.0,10206,11201
996,S1874,CategoryLabelPosition.java,150,if (categoryAnchor == null) {,0.0,10206,11201
996,S1875,CategoryLabelPosition.java,154,if (labelAnchor == null) {,0.0,10206,11201
996,S1876,CategoryLabelPosition.java,158,if (rotationAnchor == null) {,0.0,10206,11201
996,S1877,CategoryLabelPosition.java,162,if (widthType == null) {,0.0,10206,11201
996,S1878,CategoryLabelPosition.java,166,this.categoryAnchor = categoryAnchor;,0.0,10206,11201
996,S1879,CategoryLabelPosition.java,167,this.labelAnchor = labelAnchor;,0.0,10206,11201
996,S1880,CategoryLabelPosition.java,168,this.rotationAnchor = rotationAnchor;,0.0,10206,11201
996,S1881,CategoryLabelPosition.java,169,this.angle = angle;,0.0,10206,11201
996,S1882,CategoryLabelPosition.java,170,this.widthType = widthType;,0.0,10206,11201
996,S1883,CategoryLabelPosition.java,171,this.widthRatio = widthRatio;,0.0,10206,11201
996,S1884,CategoryLabelPosition.java,181,return this.categoryAnchor;,0.0,10206,11201
996,S1885,CategoryLabelPosition.java,190,return this.labelAnchor;,0.0,10206,11201
996,S1886,CategoryLabelPosition.java,199,return this.rotationAnchor;,0.0,10206,11201
996,S1887,CategoryLabelPosition.java,208,return this.angle;,0.0,10206,11201
996,S1888,CategoryLabelPosition.java,217,return this.widthType;,0.0,10206,11201
996,S1889,CategoryLabelPosition.java,226,return this.widthRatio;,0.0,10206,11201
996,S1890,CategoryLabelPosition.java,237,if (obj == this) {,0.0,10206,11201
996,S1891,CategoryLabelPosition.java,240,if (!(obj instanceof CategoryLabelPosition)) {,0.0,10206,11201
996,S1892,CategoryLabelPosition.java,243,CategoryLabelPosition that = (CategoryLabelPosition) obj;,0.0,10206,11201
996,S1893,CategoryLabelPosition.java,244,if (!this.categoryAnchor.equals(that.categoryAnchor)) {,0.0,10206,11201
996,S1894,CategoryLabelPosition.java,247,if (!this.labelAnchor.equals(that.labelAnchor)) {,0.0,10206,11201
996,S1895,CategoryLabelPosition.java,250,if (!this.rotationAnchor.equals(that.rotationAnchor)) {,0.0,10206,11201
996,S1896,CategoryLabelPosition.java,253,if (this.angle != that.angle) {,0.0,10206,11201
996,S1897,CategoryLabelPosition.java,256,if (this.widthType != that.widthType) {,0.0,10206,11201
996,S1898,CategoryLabelPosition.java,259,if (this.widthRatio != that.widthRatio) {,0.0,10206,11201
996,S1899,CategoryLabelPosition.java,262,return true;,0.0,10206,11201
996,S1900,CategoryLabelPositions.java,64,STANDARD = new CategoryLabelPositions(,0.0,10206,11201
996,S1901,CategoryLabelPositions.java,83,UP_90 = new CategoryLabelPositions(,0.0,10206,11201
996,S1902,CategoryLabelPositions.java,108,DOWN_90 = new CategoryLabelPositions(,0.0,10206,11201
996,S1903,CategoryLabelPositions.java,132,public static final CategoryLabelPositions UP_45,0.0,10206,11201
996,S1904,CategoryLabelPositions.java,136,public static final CategoryLabelPositions DOWN_45,0.0,10206,11201
996,S1905,CategoryLabelPositions.java,149,return new CategoryLabelPositions(,0.0,10206,11201
996,S1906,CategoryLabelPositions.java,183,return new CategoryLabelPositions(,0.0,10206,11201
996,S1907,CategoryLabelPositions.java,256,CategoryLabelPosition right) {,0.0,10206,11201
996,S1908,CategoryLabelPositions.java,258,if (top == null) {,0.0,10206,11201
996,S1909,CategoryLabelPositions.java,261,if (bottom == null) {,0.0,10206,11201
996,S1910,CategoryLabelPositions.java,264,if (left == null) {,0.0,10206,11201
996,S1911,CategoryLabelPositions.java,267,if (right == null) {,0.0,10206,11201
996,S1912,CategoryLabelPositions.java,271,this.positionForAxisAtTop = top;,0.0,10206,11201
996,S1913,CategoryLabelPositions.java,272,this.positionForAxisAtBottom = bottom;,0.0,10206,11201
996,S1914,CategoryLabelPositions.java,273,this.positionForAxisAtLeft = left;,0.0,10206,11201
996,S1915,CategoryLabelPositions.java,274,this.positionForAxisAtRight = right;,0.0,10206,11201
996,S1916,CategoryLabelPositions.java,287,CategoryLabelPosition result = null;,0.0,10206,11201
996,S1917,CategoryLabelPositions.java,288,if (edge == RectangleEdge.TOP) {,0.0,10206,11201
996,S1918,CategoryLabelPositions.java,291,else if (edge == RectangleEdge.BOTTOM) {,0.0,10206,11201
996,S1919,CategoryLabelPositions.java,292,result = this.positionForAxisAtBottom;,0.0,10206,11201
996,S1920,CategoryLabelPositions.java,294,else if (edge == RectangleEdge.LEFT) {,0.0,10206,11201
996,S1921,CategoryLabelPositions.java,295,result = this.positionForAxisAtLeft;,0.0,10206,11201
996,S1922,CategoryLabelPositions.java,300,return result;,0.0,10206,11201
996,S1923,CategoryLabelPositions.java,421,if (this == obj) {,0.0,10206,11201
996,S1924,CategoryLabelPositions.java,424,if (!(obj instanceof CategoryLabelPositions)) {,0.0,10206,11201
996,S1925,CategoryLabelPositions.java,428,CategoryLabelPositions that = (CategoryLabelPositions) obj;,0.0,10206,11201
996,S1926,CategoryLabelPositions.java,429,if (!this.positionForAxisAtTop.equals(that.positionForAxisAtTop)) {,0.0,10206,11201
996,S1927,CategoryLabelPositions.java,432,if (!this.positionForAxisAtBottom.equals(,0.0,10206,11201
996,S1928,CategoryLabelPositions.java,436,if (!this.positionForAxisAtLeft.equals(that.positionForAxisAtLeft)) {,0.0,10206,11201
996,S1929,CategoryLabelPositions.java,439,if (!this.positionForAxisAtRight.equals(that.positionForAxisAtRight)) {,0.0,10206,11201
996,S1930,CategoryLabelPositions.java,443,return true;,0.0,10206,11201
996,S1931,CategoryLabelWidthType.java,56,CATEGORY = new CategoryLabelWidthType(,0.0,10206,11201
996,S1932,CategoryLabelWidthType.java,62,"RANGE = new CategoryLabelWidthType(""CategoryLabelWidthType.RANGE"");",0.0,10206,11201
996,S1933,CategoryLabelWidthType.java,72,private CategoryLabelWidthType(String name) {,0.0,10206,11201
996,S1934,CategoryLabelWidthType.java,73,if (name == null) {,0.0,10206,11201
996,S1935,CategoryLabelWidthType.java,76,this.name = name;,0.0,10206,11201
996,S1936,CategoryLabelWidthType.java,85,return this.name;,0.0,10206,11201
996,S1937,CategoryLabelWidthType.java,98,if (this == obj) {,0.0,10206,11201
996,S1938,CategoryLabelWidthType.java,101,if (!(obj instanceof CategoryLabelWidthType)) {,0.0,10206,11201
996,S1939,CategoryLabelWidthType.java,104,CategoryLabelWidthType t = (CategoryLabelWidthType) obj;,0.0,10206,11201
996,S1940,CategoryLabelWidthType.java,105,if (!this.name.equals(t.toString())) {,0.0,10206,11201
996,S1941,CategoryLabelWidthType.java,106,return false;,0.0,10206,11201
996,S1942,CategoryLabelWidthType.java,108,return true;,0.0,10206,11201
996,S1943,CategoryLabelWidthType.java,120,if (this.equals(CategoryLabelWidthType.CATEGORY)) {,0.0,10206,11201
996,S1944,CategoryLabelWidthType.java,121,return CategoryLabelWidthType.CATEGORY;,0.0,10206,11201
996,S1945,CategoryLabelWidthType.java,123,else if (this.equals(CategoryLabelWidthType.RANGE)) {,0.0,10206,11201
996,S1946,CategoryLabelWidthType.java,124,return CategoryLabelWidthType.RANGE;,0.0,10206,11201
996,S1947,CategoryMarker.java,72,private boolean drawAsLine = false;,0.0,10206,11201
996,S1948,CategoryMarker.java,80,"this(key, Color.gray, new BasicStroke(1.0f));",0.0,10206,11201
996,S1949,CategoryMarker.java,91,"this(key, paint, stroke, paint, stroke, 1.0f);",0.0,10206,11201
996,S1950,CategoryMarker.java,107,"super(paint, stroke, outlinePaint, outlineStroke, alpha);",0.0,10206,11201
996,S1951,CategoryMarker.java,108,this.key = key;,0.0,10206,11201
996,S1952,CategoryMarker.java,109,setLabelOffsetType(LengthAdjustmentType.EXPAND);,0.0,10206,11201
996,S1953,CategoryPlot.java,245,"public static final Stroke DEFAULT_GRIDLINE_STROKE = new BasicStroke(0.5f,",0.0,10206,11201
996,S1954,CategoryPlot.java,250,public static final Paint DEFAULT_GRIDLINE_PAINT = Color.WHITE;,0.0,10206,11201
996,S1955,CategoryPlot.java,253,"public static final Font DEFAULT_VALUE_LABEL_FONT = new Font(""SansSerif"",",0.0,10206,11201
996,S1956,CategoryPlot.java,268,public static final Stroke DEFAULT_CROSSHAIR_STROKE,0.0,10206,11201
996,S1957,CategoryPlot.java,276,public static final Paint DEFAULT_CROSSHAIR_PAINT = Color.blue;,0.0,10206,11201
996,S1958,CategoryPlot.java,279,protected static ResourceBundle localizationResources,0.0,10206,11201
996,S1959,CategoryPlot.java,320,private DatasetRenderingOrder renderingOrder,0.0,10206,11201
996,S1960,CategoryPlot.java,327,private SortOrder columnRenderingOrder = SortOrder.ASCENDING;,0.0,10206,11201
996,S1961,CategoryPlot.java,333,private SortOrder rowRenderingOrder = SortOrder.ASCENDING;,0.0,10206,11201
996,S1962,CategoryPlot.java,381,private boolean rangeCrosshairLockedOnData = true;,0.0,10206,11201
996,S1963,CategoryPlot.java,424,"this(null, null, null, null);",0.0,10206,11201
996,S1964,CategoryPlot.java,441,super();,0.0,10206,11201
996,S1965,CategoryPlot.java,443,this.orientation = PlotOrientation.VERTICAL;,0.0,10206,11201
996,S1966,CategoryPlot.java,446,this.domainAxes = new ObjectList();,0.0,10206,11201
996,S1967,CategoryPlot.java,447,this.domainAxisLocations = new ObjectList();,0.0,10206,11201
996,S1968,CategoryPlot.java,448,this.rangeAxes = new ObjectList();,0.0,10206,11201
996,S1969,CategoryPlot.java,449,this.rangeAxisLocations = new ObjectList();,0.0,10206,11201
996,S1970,CategoryPlot.java,451,this.datasetToDomainAxisMap = new ObjectList();,0.0,10206,11201
996,S1971,CategoryPlot.java,452,this.datasetToRangeAxisMap = new ObjectList();,0.0,10206,11201
996,S1972,CategoryPlot.java,454,this.renderers = new ObjectList();,0.0,10206,11201
996,S1973,CategoryPlot.java,456,this.datasets = new ObjectList();,0.0,10206,11201
996,S1974,CategoryPlot.java,457,"this.datasets.set(0, dataset);",0.0,10206,11201
996,S1975,CategoryPlot.java,458,if (dataset != null) {,0.0,10206,11201
996,S1976,CategoryPlot.java,459,dataset.addChangeListener(this);,0.0,10206,11201
996,S1977,CategoryPlot.java,462,"this.axisOffset = new RectangleInsets(4.0, 4.0, 4.0, 4.0);",0.0,10206,11201
996,S1978,CategoryPlot.java,464,"setDomainAxisLocation(AxisLocation.BOTTOM_OR_LEFT, false);",0.0,10206,11201
996,S1979,CategoryPlot.java,465,"setRangeAxisLocation(AxisLocation.TOP_OR_LEFT, false);",0.0,10206,11201
996,S1980,CategoryPlot.java,467,"this.renderers.set(0, renderer);",0.0,10206,11201
996,S1981,CategoryPlot.java,468,if (renderer != null) {,0.0,10206,11201
996,S1982,CategoryPlot.java,469,renderer.setPlot(this);,0.0,10206,11201
996,S1983,CategoryPlot.java,470,renderer.addChangeListener(this);,0.0,10206,11201
996,S1984,CategoryPlot.java,473,"this.domainAxes.set(0, domainAxis);",0.0,10206,11201
996,S1985,CategoryPlot.java,474,"this.mapDatasetToDomainAxis(0, 0);",0.0,10206,11201
996,S1986,CategoryPlot.java,475,if (domainAxis != null) {,0.0,10206,11201
996,S1987,CategoryPlot.java,476,domainAxis.setPlot(this);,0.0,10206,11201
996,S1988,CategoryPlot.java,477,domainAxis.addChangeListener(this);,0.0,10206,11201
996,S1989,CategoryPlot.java,479,this.drawSharedDomainAxis = false;,0.0,10206,11201
996,S1990,CategoryPlot.java,481,"this.rangeAxes.set(0, rangeAxis);",0.0,10206,11201
996,S1991,CategoryPlot.java,482,"this.mapDatasetToRangeAxis(0, 0);",0.0,10206,11201
996,S1992,CategoryPlot.java,483,if (rangeAxis != null) {,0.0,10206,11201
996,S1993,CategoryPlot.java,484,rangeAxis.setPlot(this);,0.0,10206,11201
996,S1994,CategoryPlot.java,485,rangeAxis.addChangeListener(this);,0.0,10206,11201
996,S1995,CategoryPlot.java,488,configureDomainAxes();,0.0,10206,11201
996,S1996,CategoryPlot.java,489,configureRangeAxes();,0.0,10206,11201
996,S1997,CategoryPlot.java,491,this.domainGridlinesVisible = DEFAULT_DOMAIN_GRIDLINES_VISIBLE;,0.0,10206,11201
996,S1998,CategoryPlot.java,492,this.domainGridlinePosition = CategoryAnchor.MIDDLE;,0.0,10206,11201
996,S1999,CategoryPlot.java,493,this.domainGridlineStroke = DEFAULT_GRIDLINE_STROKE;,0.0,10206,11201
996,S2000,CategoryPlot.java,494,this.domainGridlinePaint = DEFAULT_GRIDLINE_PAINT;,0.0,10206,11201
996,S2001,CategoryPlot.java,496,this.rangeGridlinesVisible = DEFAULT_RANGE_GRIDLINES_VISIBLE;,0.0,10206,11201
996,S2002,CategoryPlot.java,497,this.rangeGridlineStroke = DEFAULT_GRIDLINE_STROKE;,0.0,10206,11201
996,S2003,CategoryPlot.java,498,this.rangeGridlinePaint = DEFAULT_GRIDLINE_PAINT;,0.0,10206,11201
996,S2004,CategoryPlot.java,500,this.foregroundDomainMarkers = new HashMap();,0.0,10206,11201
996,S2005,CategoryPlot.java,501,this.backgroundDomainMarkers = new HashMap();,0.0,10206,11201
996,S2006,CategoryPlot.java,502,this.foregroundRangeMarkers = new HashMap();,0.0,10206,11201
996,S2007,CategoryPlot.java,503,this.backgroundRangeMarkers = new HashMap();,0.0,10206,11201
996,S2008,CategoryPlot.java,505,"Marker baseline = new ValueMarker(0.0, new Color(0.8f, 0.8f, 0.8f,",0.0,10206,11201
996,S2009,CategoryPlot.java,508,"addRangeMarker(baseline, Layer.BACKGROUND);",0.0,10206,11201
996,S2010,CategoryPlot.java,510,this.anchorValue = 0.0;,0.0,10206,11201
996,S2011,CategoryPlot.java,512,this.rangeCrosshairVisible = DEFAULT_CROSSHAIR_VISIBLE;,0.0,10206,11201
996,S2012,CategoryPlot.java,513,this.rangeCrosshairValue = 0.0;,0.0,10206,11201
996,S2013,CategoryPlot.java,514,this.rangeCrosshairStroke = DEFAULT_CROSSHAIR_STROKE;,0.0,10206,11201
996,S2014,CategoryPlot.java,515,this.rangeCrosshairPaint = DEFAULT_CROSSHAIR_PAINT;,0.0,10206,11201
996,S2015,CategoryPlot.java,517,this.annotations = new java.util.ArrayList();,0.0,10206,11201
996,S2016,CategoryPlot.java,538,return this.orientation;,0.0,10206,11201
996,S2017,CategoryPlot.java,550,if (orientation == null) {,0.0,10206,11201
996,S2018,CategoryPlot.java,553,this.orientation = orientation;,0.0,10206,11201
996,S2019,CategoryPlot.java,554,notifyListeners(new PlotChangeEvent(this));,0.0,10206,11201
996,S2020,CategoryPlot.java,577,if (offset == null) {,0.0,10206,11201
996,S2021,CategoryPlot.java,580,this.axisOffset = offset;,0.0,10206,11201
996,S2022,CategoryPlot.java,581,notifyListeners(new PlotChangeEvent(this));,0.0,10206,11201
996,S2023,CategoryPlot.java,594,return getDomainAxis(0);,0.0,10206,11201
996,S2024,CategoryPlot.java,607,CategoryAxis result = null;,0.0,10206,11201
996,S2025,CategoryPlot.java,608,if (index < this.domainAxes.size()) {,0.0,10206,11201
996,S2026,CategoryPlot.java,609,result = (CategoryAxis) this.domainAxes.get(index);,0.0,10206,11201
996,S2027,CategoryPlot.java,611,if (result == null) {,0.0,10206,11201
996,S2028,CategoryPlot.java,618,return result;,0.0,10206,11201
996,S2029,CategoryPlot.java,630,"setDomainAxis(0, axis);",0.0,10206,11201
996,S2030,CategoryPlot.java,643,"setDomainAxis(index, axis, true);",0.0,10206,11201
996,S2031,CategoryPlot.java,655,CategoryAxis existing = (CategoryAxis) this.domainAxes.get(index);,0.0,10206,11201
996,S2032,CategoryPlot.java,656,if (existing != null) {,0.0,10206,11201
996,S2033,CategoryPlot.java,659,if (axis != null) {,0.0,10206,11201
996,S2034,CategoryPlot.java,660,axis.setPlot(this);,0.0,10206,11201
996,S2035,CategoryPlot.java,662,"this.domainAxes.set(index, axis);",0.0,10206,11201
996,S2036,CategoryPlot.java,663,if (axis != null) {,0.0,10206,11201
996,S2037,CategoryPlot.java,664,axis.configure();,0.0,10206,11201
996,S2038,CategoryPlot.java,665,axis.addChangeListener(this);,0.0,10206,11201
996,S2039,CategoryPlot.java,667,if (notify) {,0.0,10206,11201
996,S2040,CategoryPlot.java,668,notifyListeners(new PlotChangeEvent(this));,0.0,10206,11201
996,S2041,CategoryPlot.java,701,if (axis == null) {,0.0,10206,11201
996,S2042,CategoryPlot.java,702,"throw new IllegalArgumentException(""Null 'axis' argument."");",0.0,10206,11201
996,S2043,CategoryPlot.java,704,return this.domainAxes.indexOf(axis);,0.0,10206,11201
996,S2044,CategoryPlot.java,715,return getDomainAxisLocation(0);,0.0,10206,11201
996,S2045,CategoryPlot.java,728,AxisLocation result = null;,0.0,10206,11201
996,S2046,CategoryPlot.java,729,if (index < this.domainAxisLocations.size()) {,0.0,10206,11201
996,S2047,CategoryPlot.java,730,result = (AxisLocation) this.domainAxisLocations.get(index);,0.0,10206,11201
996,S2048,CategoryPlot.java,732,if (result == null) {,0.0,10206,11201
996,S2049,CategoryPlot.java,735,return result;,0.0,10206,11201
996,S2050,CategoryPlot.java,749,"setDomainAxisLocation(0, location, true);",0.0,10206,11201
996,S2051,CategoryPlot.java,761,"setDomainAxisLocation(0, location, notify);",0.0,10206,11201
996,S2052,CategoryPlot.java,776,"setDomainAxisLocation(index, location, true);",0.0,10206,11201
996,S2053,CategoryPlot.java,794,if (index == 0 && location == null) {,0.0,10206,11201
996,S2054,CategoryPlot.java,798,"this.domainAxisLocations.set(index, location);",0.0,10206,11201
996,S2055,CategoryPlot.java,799,if (notify) {,0.0,10206,11201
996,S2056,CategoryPlot.java,800,notifyListeners(new PlotChangeEvent(this));,0.0,10206,11201
996,S2057,CategoryPlot.java,811,return getDomainAxisEdge(0);,0.0,10206,11201
996,S2058,CategoryPlot.java,822,RectangleEdge result = null;,0.0,10206,11201
996,S2059,CategoryPlot.java,823,AxisLocation location = getDomainAxisLocation(index);,0.0,10206,11201
996,S2060,CategoryPlot.java,824,if (location != null) {,0.0,10206,11201
996,S2061,CategoryPlot.java,825,"result = Plot.resolveDomainAxisLocation(location, this.orientation);",0.0,10206,11201
996,S2062,CategoryPlot.java,830,return result;,0.0,10206,11201
996,S2063,CategoryPlot.java,861,for (int i = 0; i < this.domainAxes.size(); i++) {,0.0,10206,11201
996,S2064,CategoryPlot.java,862,CategoryAxis axis = (CategoryAxis) this.domainAxes.get(i);,0.0,10206,11201
996,S2065,CategoryPlot.java,863,if (axis != null) {,0.0,10206,11201
996,S2066,CategoryPlot.java,864,axis.configure();,0.0,10206,11201
996,S2067,CategoryPlot.java,877,return getRangeAxis(0);,0.0,10206,11201
996,S2068,CategoryPlot.java,888,ValueAxis result = null;,0.0,10206,11201
996,S2069,CategoryPlot.java,889,if (index < this.rangeAxes.size()) {,0.0,10206,11201
996,S2070,CategoryPlot.java,890,result = (ValueAxis) this.rangeAxes.get(index);,0.0,10206,11201
996,S2071,CategoryPlot.java,892,if (result == null) {,0.0,10206,11201
996,S2072,CategoryPlot.java,893,Plot parent = getParent();,0.0,10206,11201
996,S2073,CategoryPlot.java,894,if (parent instanceof CategoryPlot) {,0.0,10206,11201
996,S2074,CategoryPlot.java,899,return result;,0.0,10206,11201
996,S2075,CategoryPlot.java,909,"setRangeAxis(0, axis);",0.0,10206,11201
996,S2076,CategoryPlot.java,920,"setRangeAxis(index, axis, true);",0.0,10206,11201
996,S2077,CategoryPlot.java,932,ValueAxis existing = (ValueAxis) this.rangeAxes.get(index);,0.0,10206,11201
996,S2078,CategoryPlot.java,933,if (existing != null) {,0.0,10206,11201
996,S2079,CategoryPlot.java,934,existing.removeChangeListener(this);,0.0,10206,11201
996,S2080,CategoryPlot.java,936,if (axis != null) {,0.0,10206,11201
996,S2081,CategoryPlot.java,937,axis.setPlot(this);,0.0,10206,11201
996,S2082,CategoryPlot.java,939,"this.rangeAxes.set(index, axis);",0.0,10206,11201
996,S2083,CategoryPlot.java,940,if (axis != null) {,0.0,10206,11201
996,S2084,CategoryPlot.java,941,axis.configure();,0.0,10206,11201
996,S2085,CategoryPlot.java,942,axis.addChangeListener(this);,0.0,10206,11201
996,S2086,CategoryPlot.java,944,if (notify) {,0.0,10206,11201
996,S2087,CategoryPlot.java,945,notifyListeners(new PlotChangeEvent(this));,0.0,10206,11201
996,S2088,CategoryPlot.java,978,if (axis == null) {,0.0,10206,11201
996,S2089,CategoryPlot.java,979,"throw new IllegalArgumentException(""Null 'axis' argument."");",0.0,10206,11201
996,S2090,CategoryPlot.java,981,int result = this.rangeAxes.indexOf(axis);,0.0,10206,11201
996,S2091,CategoryPlot.java,982,if (result < 0) { // try the parent plot,0.0,10206,11201
996,S2092,CategoryPlot.java,983,Plot parent = getParent();,0.0,10206,11201
996,S2093,CategoryPlot.java,984,if (parent instanceof CategoryPlot) {,0.0,10206,11201
996,S2094,CategoryPlot.java,989,return result;,0.0,10206,11201
996,S2095,CategoryPlot.java,1011,AxisLocation result = null;,0.0,10206,11201
996,S2096,CategoryPlot.java,1012,if (index < this.rangeAxisLocations.size()) {,0.0,10206,11201
996,S2097,CategoryPlot.java,1013,result = (AxisLocation) this.rangeAxisLocations.get(index);,0.0,10206,11201
996,S2098,CategoryPlot.java,1015,if (result == null) {,0.0,10206,11201
996,S2099,CategoryPlot.java,1018,return result;,0.0,10206,11201
996,S2100,CategoryPlot.java,1032,"setRangeAxisLocation(location, true);",0.0,10206,11201
996,S2101,CategoryPlot.java,1045,"setRangeAxisLocation(0, location, notify);",0.0,10206,11201
996,S2102,CategoryPlot.java,1059,"setRangeAxisLocation(index, location, true);",0.0,10206,11201
996,S2103,CategoryPlot.java,1075,if (index == 0 && location == null) {,0.0,10206,11201
996,S2104,CategoryPlot.java,1079,"this.rangeAxisLocations.set(index, location);",0.0,10206,11201
996,S2105,CategoryPlot.java,1080,if (notify) {,0.0,10206,11201
996,S2106,CategoryPlot.java,1081,notifyListeners(new PlotChangeEvent(this));,0.0,10206,11201
996,S2107,CategoryPlot.java,1091,return getRangeAxisEdge(0);,0.0,10206,11201
996,S2108,CategoryPlot.java,1102,AxisLocation location = getRangeAxisLocation(index);,0.0,10206,11201
996,S2109,CategoryPlot.java,1103,"RectangleEdge result = Plot.resolveRangeAxisLocation(location,",0.0,10206,11201
996,S2110,CategoryPlot.java,1105,if (result == null) {,0.0,10206,11201
996,S2111,CategoryPlot.java,1108,return result;,0.0,10206,11201
996,S2112,CategoryPlot.java,1139,for (int i = 0; i < this.rangeAxes.size(); i++) {,0.0,10206,11201
996,S2113,CategoryPlot.java,1140,ValueAxis axis = (ValueAxis) this.rangeAxes.get(i);,0.0,10206,11201
996,S2114,CategoryPlot.java,1141,if (axis != null) {,0.0,10206,11201
996,S2115,CategoryPlot.java,1142,axis.configure();,0.0,10206,11201
996,S2116,CategoryPlot.java,1168,CategoryDataset result = null;,0.0,10206,11201
996,S2117,CategoryPlot.java,1169,if (this.datasets.size() > index) {,0.0,10206,11201
996,S2118,CategoryPlot.java,1170,result = (CategoryDataset) this.datasets.get(index);,0.0,10206,11201
996,S2119,CategoryPlot.java,1172,return result;,0.0,10206,11201
996,S2120,CategoryPlot.java,1187,"setDataset(0, dataset);",0.0,10206,11201
996,S2121,CategoryPlot.java,1200,CategoryDataset existing = (CategoryDataset) this.datasets.get(index);,0.0,10206,11201
996,S2122,CategoryPlot.java,1201,if (existing != null) {,0.0,10206,11201
996,S2123,CategoryPlot.java,1202,existing.removeChangeListener(this);,0.0,10206,11201
996,S2124,CategoryPlot.java,1204,"this.datasets.set(index, dataset);",0.0,10206,11201
996,S2125,CategoryPlot.java,1205,if (dataset != null) {,0.0,10206,11201
996,S2126,CategoryPlot.java,1206,dataset.addChangeListener(this);,0.0,10206,11201
996,S2127,CategoryPlot.java,1210,"DatasetChangeEvent event = new DatasetChangeEvent(this, dataset);",0.0,10206,11201
996,S2128,CategoryPlot.java,1211,datasetChanged(event);,0.0,10206,11201
996,S2129,CategoryPlot.java,1235,"this.datasetToDomainAxisMap.set(index, new Integer(axisIndex));",0.0,10206,11201
996,S2130,CategoryPlot.java,1237,"datasetChanged(new DatasetChangeEvent(this, getDataset(index)));",0.0,10206,11201
996,S2131,CategoryPlot.java,1251,CategoryAxis result = getDomainAxis();,0.0,10206,11201
996,S2132,CategoryPlot.java,1252,Integer axisIndex = (Integer) this.datasetToDomainAxisMap.get(index);,0.0,10206,11201
996,S2133,CategoryPlot.java,1253,if (axisIndex != null) {,0.0,10206,11201
996,S2134,CategoryPlot.java,1254,result = getDomainAxis(axisIndex.intValue());,0.0,10206,11201
996,S2135,CategoryPlot.java,1256,return result;,0.0,10206,11201
996,S2136,CategoryPlot.java,1268,"this.datasetToRangeAxisMap.set(index, new Integer(axisIndex));",0.0,10206,11201
996,S2137,CategoryPlot.java,1270,"datasetChanged(new DatasetChangeEvent(this, getDataset(index)));",0.0,10206,11201
996,S2138,CategoryPlot.java,1284,ValueAxis result = getRangeAxis();,0.0,10206,11201
996,S2139,CategoryPlot.java,1285,Integer axisIndex = (Integer) this.datasetToRangeAxisMap.get(index);,0.0,10206,11201
996,S2140,CategoryPlot.java,1286,if (axisIndex != null) {,0.0,10206,11201
996,S2141,CategoryPlot.java,1287,result = getRangeAxis(axisIndex.intValue());,0.0,10206,11201
996,S2142,CategoryPlot.java,1289,return result;,0.0,10206,11201
996,S2143,CategoryPlot.java,1300,return getRenderer(0);,0.0,10206,11201
996,S2144,CategoryPlot.java,1313,CategoryItemRenderer result = null;,0.0,10206,11201
996,S2145,CategoryPlot.java,1314,if (this.renderers.size() > index) {,0.0,10206,11201
996,S2146,CategoryPlot.java,1315,result = (CategoryItemRenderer) this.renderers.get(index);,0.0,10206,11201
996,S2147,CategoryPlot.java,1317,return result;,0.0,10206,11201
996,S2148,CategoryPlot.java,1330,"setRenderer(0, renderer, true);",0.0,10206,11201
996,S2149,CategoryPlot.java,1365,"setRenderer(index, renderer, true);",0.0,10206,11201
996,S2150,CategoryPlot.java,1382,CategoryItemRenderer existing,0.0,10206,11201
996,S2151,CategoryPlot.java,1384,if (existing != null) {,0.0,10206,11201
996,S2152,CategoryPlot.java,1389,"this.renderers.set(index, renderer);",0.0,10206,11201
996,S2153,CategoryPlot.java,1390,if (renderer != null) {,0.0,10206,11201
996,S2154,CategoryPlot.java,1391,renderer.setPlot(this);,0.0,10206,11201
996,S2155,CategoryPlot.java,1392,renderer.addChangeListener(this);,0.0,10206,11201
996,S2156,CategoryPlot.java,1395,configureDomainAxes();,0.0,10206,11201
996,S2157,CategoryPlot.java,1396,configureRangeAxes();,0.0,10206,11201
996,S2158,CategoryPlot.java,1398,if (notify) {,0.0,10206,11201
996,S2159,CategoryPlot.java,1399,notifyListeners(new PlotChangeEvent(this));,0.0,10206,11201
996,S2160,CategoryPlot.java,1425,CategoryItemRenderer result = null;,0.0,10206,11201
996,S2161,CategoryPlot.java,1426,for (int i = 0; i < this.datasets.size(); i++) {,0.0,10206,11201
996,S2162,CategoryPlot.java,1427,if (this.datasets.get(i) == dataset) {,0.0,10206,11201
996,S2163,CategoryPlot.java,1428,result = (CategoryItemRenderer) this.renderers.get(i);,0.0,10206,11201
996,S2164,CategoryPlot.java,1429,break;,0.0,10206,11201
996,S2165,CategoryPlot.java,1432,return result;,0.0,10206,11201
996,S2166,CategoryPlot.java,1455,return this.renderingOrder;,0.0,10206,11201
996,S2167,CategoryPlot.java,1469,if (order == null) {,0.0,10206,11201
996,S2168,CategoryPlot.java,1472,this.renderingOrder = order;,0.0,10206,11201
996,S2169,CategoryPlot.java,1473,notifyListeners(new PlotChangeEvent(this));,0.0,10206,11201
996,S2170,CategoryPlot.java,1500,if (order == null) {,0.0,10206,11201
996,S2171,CategoryPlot.java,1503,this.columnRenderingOrder = order;,0.0,10206,11201
996,S2172,CategoryPlot.java,1504,notifyListeners(new PlotChangeEvent(this));,0.0,10206,11201
996,S2173,CategoryPlot.java,1531,if (order == null) {,0.0,10206,11201
996,S2174,CategoryPlot.java,1534,this.rowRenderingOrder = order;,0.0,10206,11201
996,S2175,CategoryPlot.java,1535,notifyListeners(new PlotChangeEvent(this));,0.0,10206,11201
996,S2176,CategoryPlot.java,1546,return this.domainGridlinesVisible;,0.0,10206,11201
996,S2177,CategoryPlot.java,1561,if (this.domainGridlinesVisible != visible) {,0.0,10206,11201
996,S2178,CategoryPlot.java,1562,this.domainGridlinesVisible = visible;,0.0,10206,11201
996,S2179,CategoryPlot.java,1563,notifyListeners(new PlotChangeEvent(this));,0.0,10206,11201
996,S2180,CategoryPlot.java,1587,if (position == null) {,0.0,10206,11201
996,S2181,CategoryPlot.java,1590,this.domainGridlinePosition = position;,0.0,10206,11201
996,S2182,CategoryPlot.java,1591,notifyListeners(new PlotChangeEvent(this));,0.0,10206,11201
996,S2183,CategoryPlot.java,1614,if (stroke == null) {,0.0,10206,11201
996,S2184,CategoryPlot.java,1617,this.domainGridlineStroke = stroke;,0.0,10206,11201
996,S2185,CategoryPlot.java,1618,notifyListeners(new PlotChangeEvent(this));,0.0,10206,11201
996,S2186,CategoryPlot.java,1641,if (paint == null) {,0.0,10206,11201
996,S2187,CategoryPlot.java,1644,this.domainGridlinePaint = paint;,0.0,10206,11201
996,S2188,CategoryPlot.java,1645,notifyListeners(new PlotChangeEvent(this));,0.0,10206,11201
996,S2189,CategoryPlot.java,1656,return this.rangeGridlinesVisible;,0.0,10206,11201
996,S2190,CategoryPlot.java,1669,if (this.rangeGridlinesVisible != visible) {,0.0,10206,11201
996,S2191,CategoryPlot.java,1670,this.rangeGridlinesVisible = visible;,0.0,10206,11201
996,S2192,CategoryPlot.java,1671,notifyListeners(new PlotChangeEvent(this));,0.0,10206,11201
996,S2193,CategoryPlot.java,1683,return this.rangeGridlineStroke;,0.0,10206,11201
996,S2194,CategoryPlot.java,1695,if (stroke == null) {,0.0,10206,11201
996,S2195,CategoryPlot.java,1698,this.rangeGridlineStroke = stroke;,0.0,10206,11201
996,S2196,CategoryPlot.java,1699,notifyListeners(new PlotChangeEvent(this));,0.0,10206,11201
996,S2197,CategoryPlot.java,1710,return this.rangeGridlinePaint;,0.0,10206,11201
996,S2198,CategoryPlot.java,1722,if (paint == null) {,0.0,10206,11201
996,S2199,CategoryPlot.java,1725,this.rangeGridlinePaint = paint;,0.0,10206,11201
996,S2200,CategoryPlot.java,1726,notifyListeners(new PlotChangeEvent(this));,0.0,10206,11201
996,S2201,CategoryPlot.java,1762,LegendItemCollection result = this.fixedLegendItems;,0.0,10206,11201
996,S2202,CategoryPlot.java,1763,if (result == null) {,0.0,10206,11201
996,S2203,CategoryPlot.java,1764,result = new LegendItemCollection();,0.0,10206,11201
996,S2204,CategoryPlot.java,1766,int count = this.datasets.size();,0.0,10206,11201
996,S2205,CategoryPlot.java,1767,for (int datasetIndex = 0; datasetIndex < count; datasetIndex++) {,0.0,10206,11201
996,S2206,CategoryPlot.java,1768,CategoryDataset dataset = getDataset(datasetIndex);,0.0,10206,11201
996,S2207,CategoryPlot.java,1769,if (dataset != null) {,0.0,10206,11201
996,S2208,CategoryPlot.java,1770,CategoryItemRenderer renderer = getRenderer(datasetIndex);,0.0,10206,11201
996,S2209,CategoryPlot.java,1771,if (renderer != null) {,0.0,10206,11201
996,S2210,CategoryPlot.java,1772,int seriesCount = dataset.getRowCount();,0.0,10206,11201
996,S2211,CategoryPlot.java,1773,for (int i = 0; i < seriesCount; i++) {,0.0,10206,11201
996,S2212,CategoryPlot.java,1774,LegendItem item = renderer.getLegendItem(,0.0,10206,11201
996,S2213,CategoryPlot.java,1776,if (item != null) {,0.0,10206,11201
996,S2214,CategoryPlot.java,1777,result.add(item);,0.0,10206,11201
996,S2215,CategoryPlot.java,1784,return result;,0.0,10206,11201
996,S2216,CategoryPlot.java,1849,int count = this.rangeAxes.size();,0.0,10206,11201
996,S2217,CategoryPlot.java,1850,for (int axisIndex = 0; axisIndex < count; axisIndex++) {,0.0,10206,11201
996,S2218,CategoryPlot.java,1851,ValueAxis yAxis = getRangeAxis(axisIndex);,0.0,10206,11201
996,S2219,CategoryPlot.java,1852,if (yAxis != null) {,0.0,10206,11201
996,S2220,CategoryPlot.java,1853,yAxis.configure();,0.0,10206,11201
996,S2221,CategoryPlot.java,1856,if (getParent() != null) {,0.0,10206,11201
996,S2222,CategoryPlot.java,1860,PlotChangeEvent e = new PlotChangeEvent(this);,0.0,10206,11201
996,S2223,CategoryPlot.java,1861,e.setType(ChartChangeEventType.DATASET_UPDATED);,0.0,10206,11201
996,S2224,CategoryPlot.java,1862,notifyListeners(e);,0.0,10206,11201
996,S2225,CategoryPlot.java,1873,Plot parent = getParent();,0.0,10206,11201
996,S2226,CategoryPlot.java,1874,if (parent != null) {,0.0,10206,11201
996,S2227,CategoryPlot.java,1887,configureRangeAxes();,0.0,10206,11201
996,S2228,CategoryPlot.java,1888,PlotChangeEvent e = new PlotChangeEvent(this);,0.0,10206,11201
996,S2229,CategoryPlot.java,1889,notifyListeners(e);,0.0,10206,11201
996,S2230,CategoryPlot.java,1902,"addDomainMarker(marker, Layer.FOREGROUND);",0.0,10206,11201
996,S2231,CategoryPlot.java,1916,"addDomainMarker(0, marker, layer);",0.0,10206,11201
996,S2232,CategoryPlot.java,1930,if (marker == null) {,0.0,10206,11201
996,S2233,CategoryPlot.java,1933,if (layer == null) {,0.0,10206,11201
996,S2234,CategoryPlot.java,1937,if (layer == Layer.FOREGROUND) {,0.0,10206,11201
996,S2235,CategoryPlot.java,1938,markers = (Collection) this.foregroundDomainMarkers.get(,0.0,10206,11201
996,S2236,CategoryPlot.java,1940,if (markers == null) {,0.0,10206,11201
996,S2237,CategoryPlot.java,1941,markers = new java.util.ArrayList();,0.0,10206,11201
996,S2238,CategoryPlot.java,1942,"this.foregroundDomainMarkers.put(new Integer(index), markers);",0.0,10206,11201
996,S2239,CategoryPlot.java,1944,markers.add(marker);,0.0,10206,11201
996,S2240,CategoryPlot.java,1955,marker.addChangeListener(this);,0.0,10206,11201
996,S2241,CategoryPlot.java,1956,notifyListeners(new PlotChangeEvent(this));,0.0,10206,11201
996,S2242,CategoryPlot.java,1966,if (this.backgroundDomainMarkers != null) {,0.0,10206,11201
996,S2243,CategoryPlot.java,1967,Set keys = this.backgroundDomainMarkers.keySet();,0.0,10206,11201
996,S2244,CategoryPlot.java,1968,Iterator iterator = keys.iterator();,0.0,10206,11201
996,S2245,CategoryPlot.java,1969,while (iterator.hasNext()) {,0.0,10206,11201
996,S2246,CategoryPlot.java,1973,this.backgroundDomainMarkers.clear();,0.0,10206,11201
996,S2247,CategoryPlot.java,1975,if (this.foregroundDomainMarkers != null) {,0.0,10206,11201
996,S2248,CategoryPlot.java,1976,Set keys = this.foregroundDomainMarkers.keySet();,0.0,10206,11201
996,S2249,CategoryPlot.java,1977,Iterator iterator = keys.iterator();,0.0,10206,11201
996,S2250,CategoryPlot.java,1978,while (iterator.hasNext()) {,0.0,10206,11201
996,S2251,CategoryPlot.java,1979,Integer key = (Integer) iterator.next();,0.0,10206,11201
996,S2252,CategoryPlot.java,1980,clearDomainMarkers(key.intValue());,0.0,10206,11201
996,S2253,CategoryPlot.java,1982,this.foregroundDomainMarkers.clear();,0.0,10206,11201
996,S2254,CategoryPlot.java,1984,notifyListeners(new PlotChangeEvent(this));,0.0,10206,11201
996,S2255,CategoryPlot.java,2008,Collection result = null;,0.0,10206,11201
996,S2256,CategoryPlot.java,2009,Integer key = new Integer(index);,0.0,10206,11201
996,S2257,CategoryPlot.java,2010,if (layer == Layer.FOREGROUND) {,0.0,10206,11201
996,S2258,CategoryPlot.java,2011,result = (Collection) this.foregroundDomainMarkers.get(key);,0.0,10206,11201
996,S2259,CategoryPlot.java,2013,else if (layer == Layer.BACKGROUND) {,0.0,10206,11201
996,S2260,CategoryPlot.java,2014,result = (Collection) this.backgroundDomainMarkers.get(key);,0.0,10206,11201
996,S2261,CategoryPlot.java,2016,if (result != null) {,0.0,10206,11201
996,S2262,CategoryPlot.java,2019,return result;,0.0,10206,11201
996,S2263,CategoryPlot.java,2030,Integer key = new Integer(index);,0.0,10206,11201
996,S2264,CategoryPlot.java,2031,if (this.backgroundDomainMarkers != null) {,0.0,10206,11201
996,S2265,CategoryPlot.java,2032,Collection markers,0.0,10206,11201
996,S2266,CategoryPlot.java,2034,if (markers != null) {,0.0,10206,11201
996,S2267,CategoryPlot.java,2043,if (this.foregroundDomainMarkers != null) {,0.0,10206,11201
996,S2268,CategoryPlot.java,2044,Collection markers,0.0,10206,11201
996,S2269,CategoryPlot.java,2046,if (markers != null) {,0.0,10206,11201
996,S2270,CategoryPlot.java,2047,Iterator iterator = markers.iterator();,0.0,10206,11201
996,S2271,CategoryPlot.java,2048,while (iterator.hasNext()) {,0.0,10206,11201
996,S2272,CategoryPlot.java,2049,Marker m = (Marker) iterator.next();,0.0,10206,11201
996,S2273,CategoryPlot.java,2050,m.removeChangeListener(this);,0.0,10206,11201
996,S2274,CategoryPlot.java,2052,markers.clear();,0.0,10206,11201
996,S2275,CategoryPlot.java,2055,notifyListeners(new PlotChangeEvent(this));,0.0,10206,11201
996,S2276,CategoryPlot.java,2128,"addRangeMarker(marker, Layer.FOREGROUND);",0.0,10206,11201
996,S2277,CategoryPlot.java,2142,"addRangeMarker(0, marker, layer);",0.0,10206,11201
996,S2278,CategoryPlot.java,2157,if (layer == Layer.FOREGROUND) {,0.0,10206,11201
996,S2279,CategoryPlot.java,2158,markers = (Collection) this.foregroundRangeMarkers.get(,0.0,10206,11201
996,S2280,CategoryPlot.java,2160,if (markers == null) {,0.0,10206,11201
996,S2281,CategoryPlot.java,2161,markers = new java.util.ArrayList();,0.0,10206,11201
996,S2282,CategoryPlot.java,2162,"this.foregroundRangeMarkers.put(new Integer(index), markers);",0.0,10206,11201
996,S2283,CategoryPlot.java,2164,markers.add(marker);,0.0,10206,11201
996,S2284,CategoryPlot.java,2166,else if (layer == Layer.BACKGROUND) {,0.0,10206,11201
996,S2285,CategoryPlot.java,2167,markers = (Collection) this.backgroundRangeMarkers.get(,0.0,10206,11201
996,S2286,CategoryPlot.java,2169,if (markers == null) {,0.0,10206,11201
996,S2287,CategoryPlot.java,2170,markers = new java.util.ArrayList();,0.0,10206,11201
996,S2288,CategoryPlot.java,2171,"this.backgroundRangeMarkers.put(new Integer(index), markers);",0.0,10206,11201
996,S2289,CategoryPlot.java,2173,markers.add(marker);,0.0,10206,11201
996,S2290,CategoryPlot.java,2175,marker.addChangeListener(this);,0.0,10206,11201
996,S2291,CategoryPlot.java,2176,notifyListeners(new PlotChangeEvent(this));,0.0,10206,11201
996,S2292,CategoryPlot.java,2186,if (this.backgroundRangeMarkers != null) {,0.0,10206,11201
996,S2293,CategoryPlot.java,2187,Set keys = this.backgroundRangeMarkers.keySet();,0.0,10206,11201
996,S2294,CategoryPlot.java,2188,Iterator iterator = keys.iterator();,0.0,10206,11201
996,S2295,CategoryPlot.java,2189,while (iterator.hasNext()) {,0.0,10206,11201
996,S2296,CategoryPlot.java,2190,Integer key = (Integer) iterator.next();,0.0,10206,11201
996,S2297,CategoryPlot.java,2191,clearRangeMarkers(key.intValue());,0.0,10206,11201
996,S2298,CategoryPlot.java,2193,this.backgroundRangeMarkers.clear();,0.0,10206,11201
996,S2299,CategoryPlot.java,2195,if (this.foregroundRangeMarkers != null) {,0.0,10206,11201
996,S2300,CategoryPlot.java,2196,Set keys = this.foregroundRangeMarkers.keySet();,0.0,10206,11201
996,S2301,CategoryPlot.java,2197,Iterator iterator = keys.iterator();,0.0,10206,11201
996,S2302,CategoryPlot.java,2198,while (iterator.hasNext()) {,0.0,10206,11201
996,S2303,CategoryPlot.java,2199,Integer key = (Integer) iterator.next();,0.0,10206,11201
996,S2304,CategoryPlot.java,2200,clearRangeMarkers(key.intValue());,0.0,10206,11201
996,S2305,CategoryPlot.java,2202,this.foregroundRangeMarkers.clear();,0.0,10206,11201
996,S2306,CategoryPlot.java,2204,notifyListeners(new PlotChangeEvent(this));,0.0,10206,11201
996,S2307,CategoryPlot.java,2230,Collection result = null;,0.0,10206,11201
996,S2308,CategoryPlot.java,2231,Integer key = new Integer(index);,0.0,10206,11201
996,S2309,CategoryPlot.java,2232,if (layer == Layer.FOREGROUND) {,0.0,10206,11201
996,S2310,CategoryPlot.java,2233,result = (Collection) this.foregroundRangeMarkers.get(key);,0.0,10206,11201
996,S2311,CategoryPlot.java,2235,else if (layer == Layer.BACKGROUND) {,0.0,10206,11201
996,S2312,CategoryPlot.java,2236,result = (Collection) this.backgroundRangeMarkers.get(key);,0.0,10206,11201
996,S2313,CategoryPlot.java,2238,if (result != null) {,0.0,10206,11201
996,S2314,CategoryPlot.java,2239,result = Collections.unmodifiableCollection(result);,0.0,10206,11201
996,S2315,CategoryPlot.java,2241,return result;,0.0,10206,11201
996,S2316,CategoryPlot.java,2252,Integer key = new Integer(index);,0.0,10206,11201
996,S2317,CategoryPlot.java,2253,if (this.backgroundRangeMarkers != null) {,0.0,10206,11201
996,S2318,CategoryPlot.java,2254,Collection markers,0.0,10206,11201
996,S2319,CategoryPlot.java,2256,if (markers != null) {,0.0,10206,11201
996,S2320,CategoryPlot.java,2257,Iterator iterator = markers.iterator();,0.0,10206,11201
996,S2321,CategoryPlot.java,2258,while (iterator.hasNext()) {,0.0,10206,11201
996,S2322,CategoryPlot.java,2259,Marker m = (Marker) iterator.next();,0.0,10206,11201
996,S2323,CategoryPlot.java,2260,m.removeChangeListener(this);,0.0,10206,11201
996,S2324,CategoryPlot.java,2262,markers.clear();,0.0,10206,11201
996,S2325,CategoryPlot.java,2265,if (this.foregroundRangeMarkers != null) {,0.0,10206,11201
996,S2326,CategoryPlot.java,2266,Collection markers,0.0,10206,11201
996,S2327,CategoryPlot.java,2268,if (markers != null) {,0.0,10206,11201
996,S2328,CategoryPlot.java,2269,Iterator iterator = markers.iterator();,0.0,10206,11201
996,S2329,CategoryPlot.java,2270,while (iterator.hasNext()) {,0.0,10206,11201
996,S2330,CategoryPlot.java,2271,Marker m = (Marker) iterator.next();,0.0,10206,11201
996,S2331,CategoryPlot.java,2272,m.removeChangeListener(this);,0.0,10206,11201
996,S2332,CategoryPlot.java,2274,markers.clear();,0.0,10206,11201
996,S2333,CategoryPlot.java,2277,notifyListeners(new PlotChangeEvent(this));,0.0,10206,11201
996,S2334,CategoryPlot.java,2353,return this.rangeCrosshairVisible;,0.0,10206,11201
996,S2335,CategoryPlot.java,2364,if (this.rangeCrosshairVisible != flag) {,0.0,10206,11201
996,S2336,CategoryPlot.java,2365,this.rangeCrosshairVisible = flag;,0.0,10206,11201
996,S2337,CategoryPlot.java,2366,notifyListeners(new PlotChangeEvent(this));,0.0,10206,11201
996,S2338,CategoryPlot.java,2392,if (this.rangeCrosshairLockedOnData != flag) {,0.0,10206,11201
996,S2339,CategoryPlot.java,2393,this.rangeCrosshairLockedOnData = flag;,0.0,10206,11201
996,S2340,CategoryPlot.java,2394,notifyListeners(new PlotChangeEvent(this));,0.0,10206,11201
996,S2341,CategoryPlot.java,2421,"setRangeCrosshairValue(value, true);",0.0,10206,11201
996,S2342,CategoryPlot.java,2436,this.rangeCrosshairValue = value;,0.0,10206,11201
996,S2343,CategoryPlot.java,2437,if (isRangeCrosshairVisible() && notify) {,0.0,10206,11201
996,S2344,CategoryPlot.java,2438,notifyListeners(new PlotChangeEvent(this));,0.0,10206,11201
996,S2345,CategoryPlot.java,2467,if (stroke == null) {,0.0,10206,11201
996,S2346,CategoryPlot.java,2470,this.rangeCrosshairStroke = stroke;,0.0,10206,11201
996,S2347,CategoryPlot.java,2471,notifyListeners(new PlotChangeEvent(this));,0.0,10206,11201
996,S2348,CategoryPlot.java,2496,if (paint == null) {,0.0,10206,11201
996,S2349,CategoryPlot.java,2499,this.rangeCrosshairPaint = paint;,0.0,10206,11201
996,S2350,CategoryPlot.java,2500,notifyListeners(new PlotChangeEvent(this));,0.0,10206,11201
996,S2351,CategoryPlot.java,2509,return this.annotations;,0.0,10206,11201
996,S2352,CategoryPlot.java,2521,if (annotation == null) {,0.0,10206,11201
996,S2353,CategoryPlot.java,2524,this.annotations.add(annotation);,0.0,10206,11201
996,S2354,CategoryPlot.java,2525,notifyListeners(new PlotChangeEvent(this));,0.0,10206,11201
996,S2355,CategoryPlot.java,2571,if (space == null) {,0.0,10206,11201
996,S2356,CategoryPlot.java,2576,if (this.fixedDomainAxisSpace != null) {,0.0,10206,11201
996,S2357,CategoryPlot.java,2592,RectangleEdge domainEdge = Plot.resolveDomainAxisLocation(,0.0,10206,11201
996,S2358,CategoryPlot.java,2594,if (this.drawSharedDomainAxis) {,0.0,10206,11201
996,S2359,CategoryPlot.java,2600,for (int i = 0; i < this.domainAxes.size(); i++) {,0.0,10206,11201
996,S2360,CategoryPlot.java,2601,Axis xAxis = (Axis) this.domainAxes.get(i);,0.0,10206,11201
996,S2361,CategoryPlot.java,2602,if (xAxis != null) {,0.0,10206,11201
996,S2362,CategoryPlot.java,2603,RectangleEdge edge = getDomainAxisEdge(i);,0.0,10206,11201
996,S2363,CategoryPlot.java,2604,"space = xAxis.reserveSpace(g2, this, plotArea, edge, space);",0.0,10206,11201
996,S2364,CategoryPlot.java,2609,return space;,0.0,10206,11201
996,S2365,CategoryPlot.java,2626,if (space == null) {,0.0,10206,11201
996,S2366,CategoryPlot.java,2631,if (this.fixedRangeAxisSpace != null) {,0.0,10206,11201
996,S2367,CategoryPlot.java,2647,for (int i = 0; i < this.rangeAxes.size(); i++) {,0.0,10206,11201
996,S2368,CategoryPlot.java,2648,Axis yAxis = (Axis) this.rangeAxes.get(i);,0.0,10206,11201
996,S2369,CategoryPlot.java,2649,if (yAxis != null) {,0.0,10206,11201
996,S2370,CategoryPlot.java,2650,RectangleEdge edge = getRangeAxisEdge(i);,0.0,10206,11201
996,S2371,CategoryPlot.java,2651,"space = yAxis.reserveSpace(g2, this, plotArea, edge, space);",0.0,10206,11201
996,S2372,CategoryPlot.java,2655,return space;,0.0,10206,11201
996,S2373,CategoryPlot.java,2669,AxisSpace space = new AxisSpace();,0.0,10206,11201
996,S2374,CategoryPlot.java,2670,"space = calculateRangeAxisSpace(g2, plotArea, space);",0.0,10206,11201
996,S2375,CategoryPlot.java,2671,"space = calculateDomainAxisSpace(g2, plotArea, space);",0.0,10206,11201
996,S2376,CategoryPlot.java,2672,return space;,0.0,10206,11201
996,S2377,CategoryPlot.java,2697,boolean b1 = (area.getWidth() <= MINIMUM_WIDTH_TO_DRAW);,0.0,10206,11201
996,S2378,CategoryPlot.java,2698,boolean b2 = (area.getHeight() <= MINIMUM_HEIGHT_TO_DRAW);,0.0,10206,11201
996,S2379,CategoryPlot.java,2699,if (b1 || b2) {,0.0,10206,11201
996,S2380,CategoryPlot.java,2704,if (state == null) {,0.0,10206,11201
996,S2381,CategoryPlot.java,2708,state = new PlotRenderingInfo(null);,0.0,10206,11201
996,S2382,CategoryPlot.java,2710,state.setPlotArea(area);,0.0,10206,11201
996,S2383,CategoryPlot.java,2713,RectangleInsets insets = getInsets();,0.0,10206,11201
996,S2384,CategoryPlot.java,2714,insets.trim(area);,0.0,10206,11201
996,S2385,CategoryPlot.java,2717,"AxisSpace space = calculateAxisSpace(g2, area);",0.0,10206,11201
996,S2386,CategoryPlot.java,2718,"Rectangle2D dataArea = space.shrink(area, null);",0.0,10206,11201
996,S2387,CategoryPlot.java,2719,this.axisOffset.trim(dataArea);,0.0,10206,11201
996,S2388,CategoryPlot.java,2721,state.setDataArea(dataArea);,0.0,10206,11201
996,S2389,CategoryPlot.java,2725,if (getRenderer() != null) {,0.0,10206,11201
996,S2390,CategoryPlot.java,2726,"getRenderer().drawBackground(g2, this, dataArea);",0.0,10206,11201
996,S2391,CategoryPlot.java,2732,"Map axisStateMap = drawAxes(g2, area, dataArea, state);",0.0,10206,11201
996,S2392,CategoryPlot.java,2735,Shape savedClip = g2.getClip();,0.0,10206,11201
996,S2393,CategoryPlot.java,2736,g2.clip(dataArea);,0.0,10206,11201
996,S2394,CategoryPlot.java,2738,"drawDomainGridlines(g2, dataArea);",0.0,10206,11201
996,S2395,CategoryPlot.java,2740,AxisState rangeAxisState = (AxisState) axisStateMap.get(getRangeAxis());,0.0,10206,11201
996,S2396,CategoryPlot.java,2741,if (rangeAxisState == null) {,0.0,10206,11201
996,S2397,CategoryPlot.java,2747,if (rangeAxisState != null) {,0.0,10206,11201
996,S2398,CategoryPlot.java,2748,"drawRangeGridlines(g2, dataArea, rangeAxisState.getTicks());",0.0,10206,11201
996,S2399,CategoryPlot.java,2752,for (int i = 0; i < this.renderers.size(); i++) {,0.0,10206,11201
996,S2400,CategoryPlot.java,2753,"drawDomainMarkers(g2, dataArea, i, Layer.BACKGROUND);",0.0,10206,11201
996,S2401,CategoryPlot.java,2755,for (int i = 0; i < this.renderers.size(); i++) {,0.0,10206,11201
996,S2402,CategoryPlot.java,2756,"drawRangeMarkers(g2, dataArea, i, Layer.BACKGROUND);",0.0,10206,11201
996,S2403,CategoryPlot.java,2760,boolean foundData = false;,0.0,10206,11201
996,S2404,CategoryPlot.java,2763,Composite originalComposite = g2.getComposite();,0.0,10206,11201
996,S2405,CategoryPlot.java,2764,g2.setComposite(AlphaComposite.getInstance(,0.0,10206,11201
996,S2406,CategoryPlot.java,2767,DatasetRenderingOrder order = getDatasetRenderingOrder();,0.0,10206,11201
996,S2407,CategoryPlot.java,2768,if (order == DatasetRenderingOrder.FORWARD) {,0.0,10206,11201
996,S2408,CategoryPlot.java,2800,int datasetCount = this.datasets.size();,0.0,10206,11201
996,S2409,CategoryPlot.java,2801,for (int i = datasetCount - 1; i >= 0; i--) {,0.0,10206,11201
996,S2410,CategoryPlot.java,2802,CategoryItemRenderer r = getRenderer(i);,0.0,10206,11201
996,S2411,CategoryPlot.java,2803,if (r != null) {,0.0,10206,11201
996,S2412,CategoryPlot.java,2804,CategoryAxis domainAxis = getDomainAxisForDataset(i);,0.0,10206,11201
996,S2413,CategoryPlot.java,2805,ValueAxis rangeAxis = getRangeAxisForDataset(i);,0.0,10206,11201
996,S2414,CategoryPlot.java,2806,"r.drawAnnotations(g2, dataArea, domainAxis, rangeAxis,",0.0,10206,11201
996,S2415,CategoryPlot.java,2811,for (int i = this.datasets.size() - 1; i >= 0; i--) {,0.0,10206,11201
996,S2416,CategoryPlot.java,2812,"foundData = render(g2, dataArea, i, state) || foundData;",0.0,10206,11201
996,S2417,CategoryPlot.java,2816,for (int i = datasetCount - 1; i >= 0; i--) {,0.0,10206,11201
996,S2418,CategoryPlot.java,2817,CategoryItemRenderer r = getRenderer(i);,0.0,10206,11201
996,S2419,CategoryPlot.java,2818,if (r != null) {,0.0,10206,11201
996,S2420,CategoryPlot.java,2819,CategoryAxis domainAxis = getDomainAxisForDataset(i);,0.0,10206,11201
996,S2421,CategoryPlot.java,2820,ValueAxis rangeAxis = getRangeAxisForDataset(i);,0.0,10206,11201
996,S2422,CategoryPlot.java,2821,"r.drawAnnotations(g2, dataArea, domainAxis, rangeAxis,",0.0,10206,11201
996,S2423,CategoryPlot.java,2828,for (int i = 0; i < this.renderers.size(); i++) {,0.0,10206,11201
996,S2424,CategoryPlot.java,2829,"drawDomainMarkers(g2, dataArea, i, Layer.FOREGROUND);",0.0,10206,11201
996,S2425,CategoryPlot.java,2831,for (int i = 0; i < this.renderers.size(); i++) {,0.0,10206,11201
996,S2426,CategoryPlot.java,2832,"drawRangeMarkers(g2, dataArea, i, Layer.FOREGROUND);",0.0,10206,11201
996,S2427,CategoryPlot.java,2836,"drawAnnotations(g2, dataArea, state);",0.0,10206,11201
996,S2428,CategoryPlot.java,2838,g2.setClip(savedClip);,0.0,10206,11201
996,S2429,CategoryPlot.java,2839,g2.setComposite(originalComposite);,0.0,10206,11201
996,S2430,CategoryPlot.java,2841,if (!foundData) {,0.0,10206,11201
996,S2431,CategoryPlot.java,2842,"drawNoDataMessage(g2, dataArea);",0.0,10206,11201
996,S2432,CategoryPlot.java,2846,if (isRangeCrosshairVisible()) {,0.0,10206,11201
996,S2433,CategoryPlot.java,2854,if (getRenderer() != null) {,0.0,10206,11201
996,S2434,CategoryPlot.java,2855,"getRenderer().drawOutline(g2, this, dataArea);",0.0,10206,11201
996,S2435,CategoryPlot.java,2874,"fillBackground(g2, area, this.orientation);",0.0,10206,11201
996,S2436,CategoryPlot.java,2875,"drawBackgroundImage(g2, area);",0.0,10206,11201
996,S2437,CategoryPlot.java,2894,AxisCollection axisCollection = new AxisCollection();,0.0,10206,11201
996,S2438,CategoryPlot.java,2897,for (int index = 0; index < this.domainAxes.size(); index++) {,0.0,10206,11201
996,S2439,CategoryPlot.java,2898,CategoryAxis xAxis = (CategoryAxis) this.domainAxes.get(index);,0.0,10206,11201
996,S2440,CategoryPlot.java,2899,if (xAxis != null) {,0.0,10206,11201
996,S2441,CategoryPlot.java,2900,"axisCollection.add(xAxis, getDomainAxisEdge(index));",0.0,10206,11201
996,S2442,CategoryPlot.java,2905,for (int index = 0; index < this.rangeAxes.size(); index++) {,0.0,10206,11201
996,S2443,CategoryPlot.java,2906,ValueAxis yAxis = (ValueAxis) this.rangeAxes.get(index);,0.0,10206,11201
996,S2444,CategoryPlot.java,2907,if (yAxis != null) {,0.0,10206,11201
996,S2445,CategoryPlot.java,2908,"axisCollection.add(yAxis, getRangeAxisEdge(index));",0.0,10206,11201
996,S2446,CategoryPlot.java,2912,Map axisStateMap = new HashMap();,0.0,10206,11201
996,S2447,CategoryPlot.java,2915,double cursor = dataArea.getMinY() - this.axisOffset.calculateTopOutset(,0.0,10206,11201
996,S2448,CategoryPlot.java,2917,Iterator iterator = axisCollection.getAxesAtTop().iterator();,0.0,10206,11201
996,S2449,CategoryPlot.java,2918,while (iterator.hasNext()) {,0.0,10206,11201
996,S2450,CategoryPlot.java,2919,Axis axis = (Axis) iterator.next();,0.0,10206,11201
996,S2451,CategoryPlot.java,2920,if (axis != null) {,0.0,10206,11201
996,S2452,CategoryPlot.java,2921,"AxisState axisState = axis.draw(g2, cursor, plotArea, dataArea,",0.0,10206,11201
996,S2453,CategoryPlot.java,2923,cursor = axisState.getCursor();,0.0,10206,11201
996,S2454,CategoryPlot.java,2924,"axisStateMap.put(axis, axisState);",0.0,10206,11201
996,S2455,CategoryPlot.java,2929,cursor = dataArea.getMaxY(),0.0,10206,11201
996,S2456,CategoryPlot.java,2931,iterator = axisCollection.getAxesAtBottom().iterator();,0.0,10206,11201
996,S2457,CategoryPlot.java,2932,while (iterator.hasNext()) {,0.0,10206,11201
996,S2458,CategoryPlot.java,2933,Axis axis = (Axis) iterator.next();,0.0,10206,11201
996,S2459,CategoryPlot.java,2934,if (axis != null) {,0.0,10206,11201
996,S2460,CategoryPlot.java,2935,"AxisState axisState = axis.draw(g2, cursor, plotArea, dataArea,",0.0,10206,11201
996,S2461,CategoryPlot.java,2937,cursor = axisState.getCursor();,0.0,10206,11201
996,S2462,CategoryPlot.java,2938,"axisStateMap.put(axis, axisState);",0.0,10206,11201
996,S2463,CategoryPlot.java,2943,cursor = dataArea.getMinX(),0.0,10206,11201
996,S2464,CategoryPlot.java,2945,iterator = axisCollection.getAxesAtLeft().iterator();,0.0,10206,11201
996,S2465,CategoryPlot.java,2946,while (iterator.hasNext()) {,0.0,10206,11201
996,S2466,CategoryPlot.java,2947,Axis axis = (Axis) iterator.next();,0.0,10206,11201
996,S2467,CategoryPlot.java,2948,if (axis != null) {,0.0,10206,11201
996,S2468,CategoryPlot.java,2949,"AxisState axisState = axis.draw(g2, cursor, plotArea, dataArea,",0.0,10206,11201
996,S2469,CategoryPlot.java,2951,cursor = axisState.getCursor();,0.0,10206,11201
996,S2470,CategoryPlot.java,2952,"axisStateMap.put(axis, axisState);",0.0,10206,11201
996,S2471,CategoryPlot.java,2957,cursor = dataArea.getMaxX(),0.0,10206,11201
996,S2472,CategoryPlot.java,2959,iterator = axisCollection.getAxesAtRight().iterator();,0.0,10206,11201
996,S2473,CategoryPlot.java,2960,while (iterator.hasNext()) {,0.0,10206,11201
996,S2474,CategoryPlot.java,2970,return axisStateMap;,0.0,10206,11201
996,S2475,CategoryPlot.java,2988,boolean foundData = false;,0.0,10206,11201
996,S2476,CategoryPlot.java,2989,CategoryDataset currentDataset = getDataset(index);,0.0,10206,11201
996,S2477,CategoryPlot.java,2990,CategoryItemRenderer renderer = getRenderer(index);,0.0,10206,11201
996,S2478,CategoryPlot.java,2991,CategoryAxis domainAxis = getDomainAxisForDataset(index);,0.0,10206,11201
996,S2479,CategoryPlot.java,2992,ValueAxis rangeAxis = getRangeAxisForDataset(index);,0.0,10206,11201
996,S2480,CategoryPlot.java,2993,boolean hasData = !DatasetUtilities.isEmptyOrNull(currentDataset);,0.0,10206,11201
996,S2481,CategoryPlot.java,2994,if (hasData && renderer != null) {,0.0,10206,11201
996,S2482,CategoryPlot.java,2996,foundData = true;,0.0,10206,11201
996,S2483,CategoryPlot.java,2997,"CategoryItemRendererState state = renderer.initialise(g2, dataArea,",0.0,10206,11201
996,S2484,CategoryPlot.java,2999,int columnCount = currentDataset.getColumnCount();,0.0,10206,11201
996,S2485,CategoryPlot.java,3000,int rowCount = currentDataset.getRowCount();,0.0,10206,11201
996,S2486,CategoryPlot.java,3001,int passCount = renderer.getPassCount();,0.0,10206,11201
996,S2487,CategoryPlot.java,3002,for (int pass = 0; pass < passCount; pass++) {,0.0,10206,11201
996,S2488,CategoryPlot.java,3003,if (this.columnRenderingOrder == SortOrder.ASCENDING) {,0.0,10206,11201
996,S2489,CategoryPlot.java,3004,for (int column = 0; column < columnCount; column++) {,0.0,10206,11201
996,S2490,CategoryPlot.java,3005,if (this.rowRenderingOrder == SortOrder.ASCENDING) {,0.0,10206,11201
996,S2491,CategoryPlot.java,3006,for (int row = 0; row < rowCount; row++) {,0.0,10206,11201
996,S2492,CategoryPlot.java,3007,"renderer.drawItem(g2, state, dataArea, this,",0.0,10206,11201
996,S2493,CategoryPlot.java,3022,for (int column = columnCount - 1; column >= 0; column--) {,0.0,10206,11201
996,S2494,CategoryPlot.java,3023,if (this.rowRenderingOrder == SortOrder.ASCENDING) {,0.0,10206,11201
996,S2495,CategoryPlot.java,3024,for (int row = 0; row < rowCount; row++) {,0.0,10206,11201
996,S2496,CategoryPlot.java,3025,"renderer.drawItem(g2, state, dataArea, this,",0.0,10206,11201
996,S2497,CategoryPlot.java,3031,for (int row = rowCount - 1; row >= 0; row--) {,0.0,10206,11201
996,S2498,CategoryPlot.java,3032,"renderer.drawItem(g2, state, dataArea, this,",0.0,10206,11201
996,S2499,CategoryPlot.java,3041,return foundData;,0.0,10206,11201
996,S2500,CategoryPlot.java,3056,if (isDomainGridlinesVisible()) {,0.0,10206,11201
996,S2501,CategoryPlot.java,3096,if (isRangeGridlinesVisible()) {,0.0,10206,11201
996,S2502,CategoryPlot.java,3097,Stroke gridStroke = getRangeGridlineStroke();,0.0,10206,11201
996,S2503,CategoryPlot.java,3098,Paint gridPaint = getRangeGridlinePaint();,0.0,10206,11201
996,S2504,CategoryPlot.java,3099,if ((gridStroke != null) && (gridPaint != null)) {,0.0,10206,11201
996,S2505,CategoryPlot.java,3100,ValueAxis axis = getRangeAxis();,0.0,10206,11201
996,S2506,CategoryPlot.java,3101,if (axis != null) {,0.0,10206,11201
996,S2507,CategoryPlot.java,3102,Iterator iterator = ticks.iterator();,0.0,10206,11201
996,S2508,CategoryPlot.java,3103,while (iterator.hasNext()) {,0.0,10206,11201
996,S2509,CategoryPlot.java,3104,ValueTick tick = (ValueTick) iterator.next();,0.0,10206,11201
996,S2510,CategoryPlot.java,3105,CategoryItemRenderer renderer1 = getRenderer();,0.0,10206,11201
996,S2511,CategoryPlot.java,3106,if (renderer1 != null) {,0.0,10206,11201
996,S2512,CategoryPlot.java,3107,"renderer1.drawRangeGridline(g2, this,",0.0,10206,11201
996,S2513,CategoryPlot.java,3126,Iterator iterator = getAnnotations().iterator();,0.0,10206,11201
996,S2514,CategoryPlot.java,3127,while (iterator.hasNext()) {,0.0,10206,11201
996,S2515,CategoryPlot.java,3150,CategoryItemRenderer r = getRenderer(index);,0.0,10206,11201
996,S2516,CategoryPlot.java,3151,if (r == null) {,0.0,10206,11201
996,S2517,CategoryPlot.java,3155,"Collection markers = getDomainMarkers(index, layer);",0.0,10206,11201
996,S2518,CategoryPlot.java,3156,CategoryAxis axis = getDomainAxisForDataset(index);,0.0,10206,11201
996,S2519,CategoryPlot.java,3157,if (markers != null && axis != null) {,0.0,10206,11201
996,S2520,CategoryPlot.java,3181,CategoryItemRenderer r = getRenderer(index);,0.0,10206,11201
996,S2521,CategoryPlot.java,3182,if (r == null) {,0.0,10206,11201
996,S2522,CategoryPlot.java,3186,"Collection markers = getRangeMarkers(index, layer);",0.0,10206,11201
996,S2523,CategoryPlot.java,3187,ValueAxis axis = getRangeAxisForDataset(index);,0.0,10206,11201
996,S2524,CategoryPlot.java,3188,if (markers != null && axis != null) {,0.0,10206,11201
996,S2525,CategoryPlot.java,3189,Iterator iterator = markers.iterator();,0.0,10206,11201
996,S2526,CategoryPlot.java,3190,while (iterator.hasNext()) {,0.0,10206,11201
996,S2527,CategoryPlot.java,3191,Marker marker = (Marker) iterator.next();,0.0,10206,11201
996,S2528,CategoryPlot.java,3192,"r.drawRangeMarker(g2, this, axis, marker, dataArea);",0.0,10206,11201
996,S2529,CategoryPlot.java,3278,Range result = null;,0.0,10206,11201
996,S2530,CategoryPlot.java,3279,List mappedDatasets = new ArrayList();,0.0,10206,11201
996,S2531,CategoryPlot.java,3281,int rangeIndex = this.rangeAxes.indexOf(axis);,0.0,10206,11201
996,S2532,CategoryPlot.java,3282,if (rangeIndex >= 0) {,0.0,10206,11201
996,S2533,CategoryPlot.java,3283,mappedDatasets.addAll(datasetsMappedToRangeAxis(rangeIndex));,0.0,10206,11201
996,S2534,CategoryPlot.java,3285,else if (axis == getRangeAxis()) {,0.0,10206,11201
996,S2535,CategoryPlot.java,3291,Iterator iterator = mappedDatasets.iterator();,0.0,10206,11201
996,S2536,CategoryPlot.java,3292,while (iterator.hasNext()) {,0.0,10206,11201
996,S2537,CategoryPlot.java,3293,CategoryDataset d = (CategoryDataset) iterator.next();,0.0,10206,11201
996,S2538,CategoryPlot.java,3294,CategoryItemRenderer r = getRendererForDataset(d);,0.0,10206,11201
996,S2539,CategoryPlot.java,3295,if (r != null) {,0.0,10206,11201
996,S2540,CategoryPlot.java,3296,"result = Range.combine(result, r.findRangeBounds(d));",0.0,10206,11201
996,S2541,CategoryPlot.java,3299,return result;,0.0,10206,11201
996,S2542,CategoryPlot.java,3314,List result = new ArrayList();,0.0,10206,11201
996,S2543,CategoryPlot.java,3315,for (int datasetIndex = 0; datasetIndex < this.datasets.size();,0.0,10206,11201
996,S2544,CategoryPlot.java,3316,datasetIndex++) {,0.0,10206,11201
996,S2545,CategoryPlot.java,3317,Object dataset = this.datasets.get(datasetIndex);,0.0,10206,11201
996,S2546,CategoryPlot.java,3318,if (dataset != null) {,0.0,10206,11201
996,S2547,CategoryPlot.java,3319,Integer m = (Integer) this.datasetToDomainAxisMap.get(,0.0,10206,11201
996,S2548,CategoryPlot.java,3321,if (m == null) {  // a dataset with no mapping is assigned to,0.0,10206,11201
996,S2549,CategoryPlot.java,3328,if (m.intValue() == axisIndex) {,0.0,10206,11201
996,S2550,CategoryPlot.java,3329,result.add(dataset);,0.0,10206,11201
996,S2551,CategoryPlot.java,3334,return result;,0.0,10206,11201
996,S2552,CategoryPlot.java,3346,List result = new ArrayList();,0.0,10206,11201
996,S2553,CategoryPlot.java,3347,for (int i = 0; i < this.datasets.size(); i++) {,0.0,10206,11201
996,S2554,CategoryPlot.java,3348,Object dataset = this.datasets.get(i);,0.0,10206,11201
996,S2555,CategoryPlot.java,3349,if (dataset != null) {,0.0,10206,11201
996,S2556,CategoryPlot.java,3350,Integer m = (Integer) this.datasetToRangeAxisMap.get(i);,0.0,10206,11201
996,S2557,CategoryPlot.java,3351,if (m == null) {  // a dataset with no mapping is assigned to,0.0,10206,11201
996,S2558,CategoryPlot.java,3353,if (index == 0) {,0.0,10206,11201
996,S2559,CategoryPlot.java,3354,result.add(dataset);,0.0,10206,11201
996,S2560,CategoryPlot.java,3358,if (m.intValue() == index) {,0.0,10206,11201
996,S2561,CategoryPlot.java,3359,result.add(dataset);,0.0,10206,11201
996,S2562,CategoryPlot.java,3364,return result;,0.0,10206,11201
996,S2563,CategoryPlot.java,3387,this.weight = weight;,0.0,10206,11201
996,S2564,CategoryPlot.java,3410,this.fixedDomainAxisSpace = space;,0.0,10206,11201
996,S2565,CategoryPlot.java,3433,this.fixedRangeAxisSpace = space;,0.0,10206,11201
996,S2566,CategoryPlot.java,3463,List result = new ArrayList();,0.0,10206,11201
996,S2567,CategoryPlot.java,3464,int axisIndex = this.domainAxes.indexOf(axis);,0.0,10206,11201
996,S2568,CategoryPlot.java,3465,List datasets = datasetsMappedToDomainAxis(axisIndex);,0.0,10206,11201
996,S2569,CategoryPlot.java,3466,Iterator iterator = datasets.iterator();,0.0,10206,11201
996,S2570,CategoryPlot.java,3467,while (iterator.hasNext()) {,0.0,10206,11201
996,S2571,CategoryPlot.java,3468,CategoryDataset dataset = (CategoryDataset) iterator.next();,0.0,10206,11201
996,S2572,CategoryPlot.java,3470,for (int i = 0; i < dataset.getColumnCount(); i++) {,0.0,10206,11201
996,S2573,CategoryPlot.java,3471,Comparable category = dataset.getColumnKey(i);,0.0,10206,11201
996,S2574,CategoryPlot.java,3472,if (!result.contains(category)) {,0.0,10206,11201
996,S2575,CategoryPlot.java,3473,result.add(category);,0.0,10206,11201
996,S2576,CategoryPlot.java,3477,return result;,0.0,10206,11201
996,S2577,CategoryPlot.java,3489,return this.drawSharedDomainAxis;,0.0,10206,11201
996,S2578,CategoryPlot.java,3501,this.drawSharedDomainAxis = draw;,0.0,10206,11201
996,S2579,CategoryPlot.java,3502,notifyListeners(new PlotChangeEvent(this));,0.0,10206,11201
996,S2580,CategoryPlot.java,3662,"setAnchorValue(value, true);",0.0,10206,11201
996,S2581,CategoryPlot.java,3675,this.anchorValue = value;,0.0,10206,11201
996,S2582,CategoryPlot.java,3676,if (notify) {,0.0,10206,11201
996,S2583,CategoryPlot.java,3677,notifyListeners(new PlotChangeEvent(this));,0.0,10206,11201
996,S2584,CategoryPlot.java,3690,if (obj == this) {,0.0,10206,11201
996,S2585,CategoryPlot.java,3691,return true;,0.0,10206,11201
996,S2586,CategoryPlot.java,3693,if (!(obj instanceof CategoryPlot)) {,0.0,10206,11201
996,S2587,CategoryPlot.java,3694,return false;,0.0,10206,11201
996,S2588,CategoryPlot.java,3696,if (!super.equals(obj)) {,0.0,10206,11201
996,S2589,CategoryPlot.java,3700,CategoryPlot that = (CategoryPlot) obj;,0.0,10206,11201
996,S2590,CategoryPlot.java,3702,if (this.orientation != that.orientation) {,0.0,10206,11201
996,S2591,CategoryPlot.java,3703,return false;,0.0,10206,11201
996,S2592,CategoryPlot.java,3705,"if (!ObjectUtilities.equal(this.axisOffset, that.axisOffset)) {",0.0,10206,11201
996,S2593,CategoryPlot.java,3706,return false;,0.0,10206,11201
996,S2594,CategoryPlot.java,3708,if (!this.domainAxes.equals(that.domainAxes)) {,0.0,10206,11201
996,S2595,CategoryPlot.java,3709,return false;,0.0,10206,11201
996,S2596,CategoryPlot.java,3711,if (!this.domainAxisLocations.equals(that.domainAxisLocations)) {,0.0,10206,11201
996,S2597,CategoryPlot.java,3712,return false;,0.0,10206,11201
996,S2598,CategoryPlot.java,3714,if (this.drawSharedDomainAxis != that.drawSharedDomainAxis) {,0.0,10206,11201
996,S2599,CategoryPlot.java,3715,return false;,0.0,10206,11201
996,S2600,CategoryPlot.java,3717,if (!this.rangeAxes.equals(that.rangeAxes)) {,0.0,10206,11201
996,S2601,CategoryPlot.java,3718,return false;,0.0,10206,11201
996,S2602,CategoryPlot.java,3720,if (!this.rangeAxisLocations.equals(that.rangeAxisLocations)) {,0.0,10206,11201
996,S2603,CategoryPlot.java,3721,return false;,0.0,10206,11201
996,S2604,CategoryPlot.java,3723,"if (!ObjectUtilities.equal(this.datasetToDomainAxisMap,",0.0,10206,11201
996,S2605,CategoryPlot.java,3725,return false;,0.0,10206,11201
996,S2606,CategoryPlot.java,3727,"if (!ObjectUtilities.equal(this.datasetToRangeAxisMap,",0.0,10206,11201
996,S2607,CategoryPlot.java,3729,return false;,0.0,10206,11201
996,S2608,CategoryPlot.java,3731,"if (!ObjectUtilities.equal(this.renderers, that.renderers)) {",0.0,10206,11201
996,S2609,CategoryPlot.java,3732,return false;,0.0,10206,11201
996,S2610,CategoryPlot.java,3734,if (this.renderingOrder != that.renderingOrder) {,0.0,10206,11201
996,S2611,CategoryPlot.java,3735,return false;,0.0,10206,11201
996,S2612,CategoryPlot.java,3737,if (this.columnRenderingOrder != that.columnRenderingOrder) {,0.0,10206,11201
996,S2613,CategoryPlot.java,3738,return false;,0.0,10206,11201
996,S2614,CategoryPlot.java,3740,if (this.rowRenderingOrder != that.rowRenderingOrder) {,0.0,10206,11201
996,S2615,CategoryPlot.java,3741,return false;,0.0,10206,11201
996,S2616,CategoryPlot.java,3743,if (this.domainGridlinesVisible != that.domainGridlinesVisible) {,0.0,10206,11201
996,S2617,CategoryPlot.java,3744,return false;,0.0,10206,11201
996,S2618,CategoryPlot.java,3746,if (this.domainGridlinePosition != that.domainGridlinePosition) {,0.0,10206,11201
996,S2619,CategoryPlot.java,3747,return false;,0.0,10206,11201
996,S2620,CategoryPlot.java,3749,"if (!ObjectUtilities.equal(this.domainGridlineStroke,",0.0,10206,11201
996,S2621,CategoryPlot.java,3751,return false;,0.0,10206,11201
996,S2622,CategoryPlot.java,3753,"if (!PaintUtilities.equal(this.domainGridlinePaint,",0.0,10206,11201
996,S2623,CategoryPlot.java,3755,return false;,0.0,10206,11201
996,S2624,CategoryPlot.java,3757,if (this.rangeGridlinesVisible != that.rangeGridlinesVisible) {,0.0,10206,11201
996,S2625,CategoryPlot.java,3758,return false;,0.0,10206,11201
996,S2626,CategoryPlot.java,3760,"if (!ObjectUtilities.equal(this.rangeGridlineStroke,",0.0,10206,11201
996,S2627,CategoryPlot.java,3762,return false;,0.0,10206,11201
996,S2628,CategoryPlot.java,3764,"if (!PaintUtilities.equal(this.rangeGridlinePaint,",0.0,10206,11201
996,S2629,CategoryPlot.java,3766,return false;,0.0,10206,11201
996,S2630,CategoryPlot.java,3768,if (this.anchorValue != that.anchorValue) {,0.0,10206,11201
996,S2631,CategoryPlot.java,3769,return false;,0.0,10206,11201
996,S2632,CategoryPlot.java,3771,if (this.rangeCrosshairVisible != that.rangeCrosshairVisible) {,0.0,10206,11201
996,S2633,CategoryPlot.java,3772,return false;,0.0,10206,11201
996,S2634,CategoryPlot.java,3774,if (this.rangeCrosshairValue != that.rangeCrosshairValue) {,0.0,10206,11201
996,S2635,CategoryPlot.java,3775,return false;,0.0,10206,11201
996,S2636,CategoryPlot.java,3777,"if (!ObjectUtilities.equal(this.rangeCrosshairStroke,",0.0,10206,11201
996,S2637,CategoryPlot.java,3779,return false;,0.0,10206,11201
996,S2638,CategoryPlot.java,3781,"if (!PaintUtilities.equal(this.rangeCrosshairPaint,",0.0,10206,11201
996,S2639,CategoryPlot.java,3783,return false;,0.0,10206,11201
996,S2640,CategoryPlot.java,3785,if (this.rangeCrosshairLockedOnData,0.0,10206,11201
996,S2641,CategoryPlot.java,3787,return false;,0.0,10206,11201
996,S2642,CategoryPlot.java,3789,"if (!ObjectUtilities.equal(this.foregroundRangeMarkers,",0.0,10206,11201
996,S2643,CategoryPlot.java,3791,return false;,0.0,10206,11201
996,S2644,CategoryPlot.java,3793,"if (!ObjectUtilities.equal(this.backgroundRangeMarkers,",0.0,10206,11201
996,S2645,CategoryPlot.java,3795,return false;,0.0,10206,11201
996,S2646,CategoryPlot.java,3797,"if (!ObjectUtilities.equal(this.annotations, that.annotations)) {",0.0,10206,11201
996,S2647,CategoryPlot.java,3798,return false;,0.0,10206,11201
996,S2648,CategoryPlot.java,3800,if (this.weight != that.weight) {,0.0,10206,11201
996,S2649,CategoryPlot.java,3801,return false;,0.0,10206,11201
996,S2650,CategoryPlot.java,3803,"if (!ObjectUtilities.equal(this.fixedDomainAxisSpace,",0.0,10206,11201
996,S2651,CategoryPlot.java,3805,return false;,0.0,10206,11201
996,S2652,CategoryPlot.java,3807,"if (!ObjectUtilities.equal(this.fixedRangeAxisSpace,",0.0,10206,11201
996,S2653,CategoryPlot.java,3809,return false;,0.0,10206,11201
996,S2654,CategoryPlot.java,3812,return true;,0.0,10206,11201
996,S2655,CategoryPlot.java,3825,CategoryPlot clone = (CategoryPlot) super.clone();,0.0,10206,11201
996,S2656,CategoryPlot.java,3827,clone.domainAxes = new ObjectList();,0.0,10206,11201
996,S2657,CategoryPlot.java,3828,for (int i = 0; i < this.domainAxes.size(); i++) {,0.0,10206,11201
996,S2658,CategoryPlot.java,3829,CategoryAxis xAxis = (CategoryAxis) this.domainAxes.get(i);,0.0,10206,11201
996,S2659,CategoryPlot.java,3830,if (xAxis != null) {,0.0,10206,11201
996,S2660,CategoryPlot.java,3835,clone.domainAxisLocations,0.0,10206,11201
996,S2661,CategoryPlot.java,3838,clone.rangeAxes = new ObjectList();,0.0,10206,11201
996,S2662,CategoryPlot.java,3839,for (int i = 0; i < this.rangeAxes.size(); i++) {,0.0,10206,11201
996,S2663,CategoryPlot.java,3840,ValueAxis yAxis = (ValueAxis) this.rangeAxes.get(i);,0.0,10206,11201
996,S2664,CategoryPlot.java,3841,if (yAxis != null) {,0.0,10206,11201
996,S2665,CategoryPlot.java,3846,clone.rangeAxisLocations = (ObjectList) this.rangeAxisLocations.clone();,0.0,10206,11201
996,S2666,CategoryPlot.java,3848,clone.datasets = (ObjectList) this.datasets.clone();,0.0,10206,11201
996,S2667,CategoryPlot.java,3849,for (int i = 0; i < clone.datasets.size(); i++) {,0.0,10206,11201
996,S2668,CategoryPlot.java,3850,CategoryDataset dataset = clone.getDataset(i);,0.0,10206,11201
996,S2669,CategoryPlot.java,3851,if (dataset != null) {,0.0,10206,11201
996,S2670,CategoryPlot.java,3855,clone.datasetToDomainAxisMap,0.0,10206,11201
996,S2671,CategoryPlot.java,3857,clone.datasetToRangeAxisMap,0.0,10206,11201
996,S2672,CategoryPlot.java,3859,clone.renderers = (ObjectList) this.renderers.clone();,0.0,10206,11201
996,S2673,CategoryPlot.java,3860,if (this.fixedDomainAxisSpace != null) {,0.0,10206,11201
996,S2674,CategoryPlot.java,3864,if (this.fixedRangeAxisSpace != null) {,0.0,10206,11201
996,S2675,CategoryPlot.java,3869,return clone;,0.0,10206,11201
996,S2676,CategoryPlot.java,3881,stream.defaultWriteObject();,0.0,10206,11201
996,S2677,CategoryPlot.java,3882,"SerialUtilities.writeStroke(this.domainGridlineStroke, stream);",0.0,10206,11201
996,S2678,CategoryPlot.java,3883,"SerialUtilities.writePaint(this.domainGridlinePaint, stream);",0.0,10206,11201
996,S2679,CategoryPlot.java,3884,"SerialUtilities.writeStroke(this.rangeGridlineStroke, stream);",0.0,10206,11201
996,S2680,CategoryPlot.java,3885,"SerialUtilities.writePaint(this.rangeGridlinePaint, stream);",0.0,10206,11201
996,S2681,CategoryPlot.java,3886,"SerialUtilities.writeStroke(this.rangeCrosshairStroke, stream);",0.0,10206,11201
996,S2682,CategoryPlot.java,3887,"SerialUtilities.writePaint(this.rangeCrosshairPaint, stream);",0.0,10206,11201
996,S2683,CategoryPlot.java,3901,stream.defaultReadObject();,0.0,10206,11201
996,S2684,CategoryPlot.java,3902,this.domainGridlineStroke = SerialUtilities.readStroke(stream);,0.0,10206,11201
996,S2685,CategoryPlot.java,3903,this.domainGridlinePaint = SerialUtilities.readPaint(stream);,0.0,10206,11201
996,S2686,CategoryPlot.java,3904,this.rangeGridlineStroke = SerialUtilities.readStroke(stream);,0.0,10206,11201
996,S2687,CategoryPlot.java,3905,this.rangeGridlinePaint = SerialUtilities.readPaint(stream);,0.0,10206,11201
996,S2688,CategoryPlot.java,3906,this.rangeCrosshairStroke = SerialUtilities.readStroke(stream);,0.0,10206,11201
996,S2689,CategoryPlot.java,3907,this.rangeCrosshairPaint = SerialUtilities.readPaint(stream);,0.0,10206,11201
996,S2690,CategoryPlot.java,3909,for (int i = 0; i < this.domainAxes.size(); i++) {,0.0,10206,11201
996,S2691,CategoryPlot.java,3910,CategoryAxis xAxis = (CategoryAxis) this.domainAxes.get(i);,0.0,10206,11201
996,S2692,CategoryPlot.java,3911,if (xAxis != null) {,0.0,10206,11201
996,S2693,CategoryPlot.java,3912,xAxis.setPlot(this);,0.0,10206,11201
996,S2694,CategoryPlot.java,3913,xAxis.addChangeListener(this);,0.0,10206,11201
996,S2695,CategoryPlot.java,3916,for (int i = 0; i < this.rangeAxes.size(); i++) {,0.0,10206,11201
996,S2696,CategoryPlot.java,3917,ValueAxis yAxis = (ValueAxis) this.rangeAxes.get(i);,0.0,10206,11201
996,S2697,CategoryPlot.java,3918,if (yAxis != null) {,0.0,10206,11201
996,S2698,CategoryPlot.java,3919,yAxis.setPlot(this);,0.0,10206,11201
996,S2699,CategoryPlot.java,3920,yAxis.addChangeListener(this);,0.0,10206,11201
996,S2700,CategoryPlot.java,3923,int datasetCount = this.datasets.size();,0.0,10206,11201
996,S2701,CategoryPlot.java,3924,for (int i = 0; i < datasetCount; i++) {,0.0,10206,11201
996,S2702,CategoryPlot.java,3925,Dataset dataset = (Dataset) this.datasets.get(i);,0.0,10206,11201
996,S2703,CategoryPlot.java,3926,if (dataset != null) {,0.0,10206,11201
996,S2704,CategoryPlot.java,3927,dataset.addChangeListener(this);,0.0,10206,11201
996,S2705,CategoryPlot.java,3930,int rendererCount = this.renderers.size();,0.0,10206,11201
996,S2706,CategoryPlot.java,3931,for (int i = 0; i < rendererCount; i++) {,0.0,10206,11201
996,S2707,CategoryPlot.java,3932,CategoryItemRenderer renderer,0.0,10206,11201
996,S2708,CategoryPlot.java,3934,if (renderer != null) {,0.0,10206,11201
996,S2709,CategoryPlot.java,3935,renderer.addChangeListener(this);,0.0,10206,11201
996,S2710,CategoryTextAnnotation.java,96,super(text);,0.0,10206,11201
996,S2711,CategoryTextAnnotation.java,97,if (category == null) {,0.0,10206,11201
996,S2712,CategoryTextAnnotation.java,100,this.category = category;,0.0,10206,11201
996,S2713,CategoryTextAnnotation.java,101,this.value = value;,0.0,10206,11201
996,S2714,CategoryTextAnnotation.java,102,this.categoryAnchor = CategoryAnchor.MIDDLE;,0.0,10206,11201
996,S2715,CategoryTextAnnotation.java,113,return this.category;,0.0,10206,11201
996,S2716,CategoryTextAnnotation.java,138,return this.categoryAnchor;,0.0,10206,11201
996,S2717,CategoryTextAnnotation.java,163,return this.value;,0.0,10206,11201
996,S2718,CategoryTextAnnotation.java,233,if (obj == this) {,0.0,10206,11201
996,S2719,CategoryTextAnnotation.java,236,if (!(obj instanceof CategoryTextAnnotation)) {,0.0,10206,11201
996,S2720,CategoryTextAnnotation.java,239,CategoryTextAnnotation that = (CategoryTextAnnotation) obj;,0.0,10206,11201
996,S2721,CategoryTextAnnotation.java,240,if (!super.equals(obj)) {,0.0,10206,11201
996,S2722,CategoryTextAnnotation.java,243,if (!this.category.equals(that.getCategory())) {,0.0,10206,11201
996,S2723,CategoryTextAnnotation.java,246,if (!this.categoryAnchor.equals(that.getCategoryAnchor())) {,0.0,10206,11201
996,S2724,CategoryTextAnnotation.java,249,if (this.value != that.getValue()) {,0.0,10206,11201
996,S2725,CategoryTextAnnotation.java,252,return true;,0.0,10206,11201
996,S2726,CategoryTick.java,79,"super("""", TextAnchor.CENTER, rotationAnchor, angle);",0.0,10206,11201
996,S2727,CategoryTick.java,80,this.category = category;,0.0,10206,11201
996,S2728,CategoryTick.java,81,this.label = label;,0.0,10206,11201
996,S2729,CategoryTick.java,82,this.labelAnchor = labelAnchor;,0.0,10206,11201
996,S2730,CategoryTick.java,92,return this.category;,0.0,10206,11201
996,S2731,CategoryTick.java,101,return this.label;,0.0,10206,11201
996,S2732,CenterArrangement.java,64,public CenterArrangement() {,0.0,10206,11201
996,S2733,CenterArrangement.java,95,LengthConstraintType w = constraint.getWidthConstraintType();,0.0,10206,11201
996,S2734,CenterArrangement.java,96,LengthConstraintType h = constraint.getHeightConstraintType();,0.0,10206,11201
996,S2735,CenterArrangement.java,97,if (w == LengthConstraintType.NONE) {,0.0,10206,11201
996,S2736,CenterArrangement.java,98,if (h == LengthConstraintType.NONE) {,0.0,10206,11201
996,S2737,CenterArrangement.java,99,"return arrangeNN(container, g2);",0.0,10206,11201
996,S2738,CenterArrangement.java,283,List blocks = container.getBlocks();,0.0,10206,11201
996,S2739,CenterArrangement.java,284,Block b = (Block) blocks.get(0);,0.0,10206,11201
996,S2740,CenterArrangement.java,285,"Size2D s = b.arrange(g2, RectangleConstraint.NONE);",0.0,10206,11201
996,S2741,CenterArrangement.java,286,"b.setBounds(new Rectangle2D.Double(0.0, 0.0, s.width, s.height));",0.0,10206,11201
996,S2742,CenterArrangement.java,287,"return new Size2D(s.width, s.height);",0.0,10206,11201
996,S2747,ChartChangeEvent.java,113,this.chart = chart;,0.0,10206,11201
996,S2748,ChartChangeEvent.java,131,this.type = type;,0.0,10206,11201
996,S2779,ChartEntity.java,138,"public ChartEntity(Shape area, String toolTipText, String urlText) {",0.0,10206,11201
996,S2780,ChartEntity.java,139,if (area == null) {,0.0,10206,11201
996,S2781,ChartEntity.java,142,this.area = area;,0.0,10206,11201
996,S2782,ChartEntity.java,143,this.toolTipText = toolTipText;,0.0,10206,11201
996,S2783,ChartEntity.java,144,this.urlText = urlText;,0.0,10206,11201
996,S2784,ChartFactory.java,274,PiePlot plot = new PiePlot(dataset);,0.0,10206,11201
996,S2785,ChartFactory.java,275,plot.setLabelGenerator(new StandardPieSectionLabelGenerator());,0.0,10206,11201
996,S2786,ChartFactory.java,276,"plot.setInsets(new RectangleInsets(0.0, 5.0, 5.0, 5.0));",0.0,10206,11201
996,S2787,ChartFactory.java,277,if (tooltips) {,0.0,10206,11201
996,S2788,ChartFactory.java,278,plot.setToolTipGenerator(new StandardPieToolTipGenerator());,0.0,10206,11201
996,S2789,ChartFactory.java,280,if (urls) {,0.0,10206,11201
996,S2790,ChartFactory.java,281,plot.setURLGenerator(new StandardPieURLGenerator());,0.0,10206,11201
996,S2791,ChartFactory.java,283,"return new JFreeChart(title, JFreeChart.DEFAULT_TITLE_FONT, plot,",0.0,10206,11201
996,S2795,ChartFactory.java,697,plot.setToolTipGenerator(new StandardPieToolTipGenerator());,0.0,10206,11201
996,S2797,ChartFactory.java,700,plot.setURLGenerator(new StandardPieURLGenerator());,0.0,10206,11201
996,S2799,ChartFactory.java,795,if (orientation == null) {,0.0,10206,11201
996,S2800,ChartFactory.java,798,CategoryAxis categoryAxis = new CategoryAxis(categoryAxisLabel);,0.0,10206,11201
996,S2801,ChartFactory.java,799,ValueAxis valueAxis = new NumberAxis(valueAxisLabel);,0.0,10206,11201
996,S2802,ChartFactory.java,801,BarRenderer renderer = new BarRenderer();,0.0,10206,11201
996,S2803,ChartFactory.java,802,if (orientation == PlotOrientation.HORIZONTAL) {,0.0,10206,11201
996,S2804,ChartFactory.java,803,ItemLabelPosition position1 = new ItemLabelPosition(,0.0,10206,11201
996,S2805,ChartFactory.java,805,renderer.setBasePositiveItemLabelPosition(position1);,0.0,10206,11201
996,S2806,ChartFactory.java,806,ItemLabelPosition position2 = new ItemLabelPosition(,0.0,10206,11201
996,S2807,ChartFactory.java,808,renderer.setBaseNegativeItemLabelPosition(position2);,0.0,10206,11201
996,S2808,ChartFactory.java,810,else if (orientation == PlotOrientation.VERTICAL) {,0.0,10206,11201
996,S2809,ChartFactory.java,811,ItemLabelPosition position1 = new ItemLabelPosition(,0.0,10206,11201
996,S2810,ChartFactory.java,813,renderer.setBasePositiveItemLabelPosition(position1);,0.0,10206,11201
996,S2811,ChartFactory.java,814,ItemLabelPosition position2 = new ItemLabelPosition(,0.0,10206,11201
996,S2812,ChartFactory.java,816,renderer.setBaseNegativeItemLabelPosition(position2);,0.0,10206,11201
996,S2813,ChartFactory.java,818,if (tooltips) {,0.0,10206,11201
996,S2814,ChartFactory.java,819,renderer.setBaseToolTipGenerator(,0.0,10206,11201
996,S2815,ChartFactory.java,822,if (urls) {,0.0,10206,11201
996,S2816,ChartFactory.java,823,renderer.setBaseURLGenerator(new StandardCategoryURLGenerator());,0.0,10206,11201
996,S2817,ChartFactory.java,826,"CategoryPlot plot = new CategoryPlot(dataset, categoryAxis, valueAxis,",0.0,10206,11201
996,S2818,ChartFactory.java,828,plot.setOrientation(orientation);,0.0,10206,11201
996,S2819,ChartFactory.java,829,"JFreeChart chart = new JFreeChart(title, JFreeChart.DEFAULT_TITLE_FONT,",0.0,10206,11201
996,S2820,ChartFactory.java,832,return chart;,0.0,10206,11201
996,S2821,ChartFactory.java,866,if (orientation == null) {,0.0,10206,11201
996,S2822,ChartFactory.java,870,CategoryAxis categoryAxis = new CategoryAxis(domainAxisLabel);,0.0,10206,11201
996,S2823,ChartFactory.java,871,ValueAxis valueAxis = new NumberAxis(rangeAxisLabel);,0.0,10206,11201
996,S2824,ChartFactory.java,873,StackedBarRenderer renderer = new StackedBarRenderer();,0.0,10206,11201
996,S2825,ChartFactory.java,874,if (tooltips) {,0.0,10206,11201
996,S2826,ChartFactory.java,875,renderer.setBaseToolTipGenerator(,0.0,10206,11201
996,S2827,ChartFactory.java,878,if (urls) {,0.0,10206,11201
996,S2828,ChartFactory.java,879,renderer.setBaseURLGenerator(new StandardCategoryURLGenerator());,0.0,10206,11201
996,S2829,ChartFactory.java,882,"CategoryPlot plot = new CategoryPlot(dataset, categoryAxis, valueAxis,",0.0,10206,11201
996,S2830,ChartFactory.java,884,plot.setOrientation(orientation);,0.0,10206,11201
996,S2831,ChartFactory.java,885,"JFreeChart chart = new JFreeChart(title, JFreeChart.DEFAULT_TITLE_FONT,",0.0,10206,11201
996,S2832,ChartFactory.java,888,return chart;,0.0,10206,11201
996,S2833,ChartFactory.java,921,if (orientation == null) {,0.0,10206,11201
996,S2834,ChartFactory.java,924,CategoryAxis categoryAxis = new CategoryAxis3D(categoryAxisLabel);,0.0,10206,11201
996,S2835,ChartFactory.java,925,ValueAxis valueAxis = new NumberAxis3D(valueAxisLabel);,0.0,10206,11201
996,S2836,ChartFactory.java,927,BarRenderer3D renderer = new BarRenderer3D();,0.0,10206,11201
996,S2837,ChartFactory.java,928,if (tooltips) {,0.0,10206,11201
996,S2838,ChartFactory.java,929,renderer.setBaseToolTipGenerator(,0.0,10206,11201
996,S2839,ChartFactory.java,932,if (urls) {,0.0,10206,11201
996,S2840,ChartFactory.java,933,renderer.setBaseURLGenerator(new StandardCategoryURLGenerator());,0.0,10206,11201
996,S2841,ChartFactory.java,936,"CategoryPlot plot = new CategoryPlot(dataset, categoryAxis, valueAxis,",0.0,10206,11201
996,S2842,ChartFactory.java,938,plot.setOrientation(orientation);,0.0,10206,11201
996,S2843,ChartFactory.java,939,if (orientation == PlotOrientation.HORIZONTAL) {,0.0,10206,11201
996,S2844,ChartFactory.java,942,plot.setRowRenderingOrder(SortOrder.DESCENDING);,0.0,10206,11201
996,S2845,ChartFactory.java,943,plot.setColumnRenderingOrder(SortOrder.DESCENDING);,0.0,10206,11201
996,S2846,ChartFactory.java,945,plot.setForegroundAlpha(0.75f);,0.0,10206,11201
996,S2847,ChartFactory.java,947,"JFreeChart chart = new JFreeChart(title, JFreeChart.DEFAULT_TITLE_FONT,",0.0,10206,11201
996,S2848,ChartFactory.java,950,return chart;,0.0,10206,11201
996,S2849,ChartFactory.java,984,if (orientation == null) {,0.0,10206,11201
996,S2850,ChartFactory.java,987,CategoryAxis categoryAxis = new CategoryAxis3D(categoryAxisLabel);,0.0,10206,11201
996,S2851,ChartFactory.java,988,ValueAxis valueAxis = new NumberAxis3D(valueAxisLabel);,0.0,10206,11201
996,S2852,ChartFactory.java,991,CategoryItemRenderer renderer = new StackedBarRenderer3D();,0.0,10206,11201
996,S2853,ChartFactory.java,992,if (tooltips) {,0.0,10206,11201
996,S2854,ChartFactory.java,993,renderer.setBaseToolTipGenerator(,0.0,10206,11201
996,S2855,ChartFactory.java,996,if (urls) {,0.0,10206,11201
996,S2856,ChartFactory.java,997,renderer.setBaseURLGenerator(new StandardCategoryURLGenerator());,0.0,10206,11201
996,S2857,ChartFactory.java,1001,"CategoryPlot plot = new CategoryPlot(dataset, categoryAxis, valueAxis,",0.0,10206,11201
996,S2858,ChartFactory.java,1003,plot.setOrientation(orientation);,0.0,10206,11201
996,S2859,ChartFactory.java,1004,if (orientation == PlotOrientation.HORIZONTAL) {,0.0,10206,11201
996,S2860,ChartFactory.java,1007,plot.setColumnRenderingOrder(SortOrder.DESCENDING);,0.0,10206,11201
996,S2861,ChartFactory.java,1011,"JFreeChart chart = new JFreeChart(title, JFreeChart.DEFAULT_TITLE_FONT,",0.0,10206,11201
996,S2862,ChartFactory.java,1014,return chart;,0.0,10206,11201
996,S2863,ChartFactory.java,1047,if (orientation == null) {,0.0,10206,11201
996,S2864,ChartFactory.java,1050,CategoryAxis categoryAxis = new CategoryAxis(categoryAxisLabel);,0.0,10206,11201
996,S2865,ChartFactory.java,1051,categoryAxis.setCategoryMargin(0.0);,0.0,10206,11201
996,S2866,ChartFactory.java,1053,ValueAxis valueAxis = new NumberAxis(valueAxisLabel);,0.0,10206,11201
996,S2867,ChartFactory.java,1055,AreaRenderer renderer = new AreaRenderer();,0.0,10206,11201
996,S2868,ChartFactory.java,1056,if (tooltips) {,0.0,10206,11201
996,S2869,ChartFactory.java,1057,renderer.setBaseToolTipGenerator(,0.0,10206,11201
996,S2870,ChartFactory.java,1060,if (urls) {,0.0,10206,11201
996,S2871,ChartFactory.java,1061,renderer.setBaseURLGenerator(new StandardCategoryURLGenerator());,0.0,10206,11201
996,S2872,ChartFactory.java,1064,"CategoryPlot plot = new CategoryPlot(dataset, categoryAxis, valueAxis,",0.0,10206,11201
996,S2873,ChartFactory.java,1066,plot.setOrientation(orientation);,0.0,10206,11201
996,S2874,ChartFactory.java,1067,"JFreeChart chart = new JFreeChart(title, JFreeChart.DEFAULT_TITLE_FONT,",0.0,10206,11201
996,S2875,ChartFactory.java,1070,return chart;,0.0,10206,11201
996,S2876,ChartFactory.java,1104,if (orientation == null) {,0.0,10206,11201
996,S2877,ChartFactory.java,1107,CategoryAxis categoryAxis = new CategoryAxis(categoryAxisLabel);,0.0,10206,11201
996,S2878,ChartFactory.java,1108,ValueAxis valueAxis = new NumberAxis(valueAxisLabel);,0.0,10206,11201
996,S2879,ChartFactory.java,1110,StackedAreaRenderer renderer = new StackedAreaRenderer();,0.0,10206,11201
996,S2880,ChartFactory.java,1111,if (tooltips) {,0.0,10206,11201
996,S2881,ChartFactory.java,1112,renderer.setBaseToolTipGenerator(,0.0,10206,11201
996,S2882,ChartFactory.java,1115,if (urls) {,0.0,10206,11201
996,S2883,ChartFactory.java,1116,renderer.setBaseURLGenerator(new StandardCategoryURLGenerator());,0.0,10206,11201
996,S2884,ChartFactory.java,1119,"CategoryPlot plot = new CategoryPlot(dataset, categoryAxis, valueAxis,",0.0,10206,11201
996,S2885,ChartFactory.java,1121,plot.setOrientation(orientation);,0.0,10206,11201
996,S2886,ChartFactory.java,1122,"JFreeChart chart = new JFreeChart(title, JFreeChart.DEFAULT_TITLE_FONT,",0.0,10206,11201
996,S2887,ChartFactory.java,1125,return chart;,0.0,10206,11201
996,S2888,ChartFactory.java,1158,if (orientation == null) {,0.0,10206,11201
996,S2889,ChartFactory.java,1161,CategoryAxis categoryAxis = new CategoryAxis(categoryAxisLabel);,0.0,10206,11201
996,S2890,ChartFactory.java,1162,ValueAxis valueAxis = new NumberAxis(valueAxisLabel);,0.0,10206,11201
996,S2891,ChartFactory.java,1164,"LineAndShapeRenderer renderer = new LineAndShapeRenderer(true, false);",0.0,10206,11201
996,S2892,ChartFactory.java,1165,if (tooltips) {,0.0,10206,11201
996,S2893,ChartFactory.java,1166,renderer.setBaseToolTipGenerator(,0.0,10206,11201
996,S2894,ChartFactory.java,1169,if (urls) {,0.0,10206,11201
996,S2895,ChartFactory.java,1170,renderer.setBaseURLGenerator(new StandardCategoryURLGenerator());,0.0,10206,11201
996,S2896,ChartFactory.java,1172,"CategoryPlot plot = new CategoryPlot(dataset, categoryAxis, valueAxis,",0.0,10206,11201
996,S2897,ChartFactory.java,1174,plot.setOrientation(orientation);,0.0,10206,11201
996,S2898,ChartFactory.java,1175,"JFreeChart chart = new JFreeChart(title, JFreeChart.DEFAULT_TITLE_FONT,",0.0,10206,11201
996,S2899,ChartFactory.java,1178,return chart;,0.0,10206,11201
996,S2900,ChartFactory.java,1211,if (orientation == null) {,0.0,10206,11201
996,S2901,ChartFactory.java,1214,CategoryAxis categoryAxis = new CategoryAxis3D(categoryAxisLabel);,0.0,10206,11201
996,S2902,ChartFactory.java,1215,ValueAxis valueAxis = new NumberAxis3D(valueAxisLabel);,0.0,10206,11201
996,S2903,ChartFactory.java,1217,LineRenderer3D renderer = new LineRenderer3D();,0.0,10206,11201
996,S2904,ChartFactory.java,1218,if (tooltips) {,0.0,10206,11201
996,S2905,ChartFactory.java,1219,renderer.setBaseToolTipGenerator(,0.0,10206,11201
996,S2906,ChartFactory.java,1222,if (urls) {,0.0,10206,11201
996,S2907,ChartFactory.java,1223,renderer.setBaseURLGenerator(new StandardCategoryURLGenerator());,0.0,10206,11201
996,S2908,ChartFactory.java,1225,"CategoryPlot plot = new CategoryPlot(dataset, categoryAxis, valueAxis,",0.0,10206,11201
996,S2909,ChartFactory.java,1227,plot.setOrientation(orientation);,0.0,10206,11201
996,S2910,ChartFactory.java,1228,"JFreeChart chart = new JFreeChart(title, JFreeChart.DEFAULT_TITLE_FONT,",0.0,10206,11201
996,S2911,ChartFactory.java,1231,return chart;,0.0,10206,11201
996,S2912,ChartFactory.java,1262,CategoryAxis categoryAxis = new CategoryAxis(categoryAxisLabel);,0.0,10206,11201
996,S2913,ChartFactory.java,1263,DateAxis dateAxis = new DateAxis(dateAxisLabel);,0.0,10206,11201
996,S2914,ChartFactory.java,1265,CategoryItemRenderer renderer = new GanttRenderer();,0.0,10206,11201
996,S2915,ChartFactory.java,1266,if (tooltips) {,0.0,10206,11201
996,S2916,ChartFactory.java,1267,renderer.setBaseToolTipGenerator(,0.0,10206,11201
996,S2917,ChartFactory.java,1271,if (urls) {,0.0,10206,11201
996,S2918,ChartFactory.java,1272,renderer.setBaseURLGenerator(new StandardCategoryURLGenerator());,0.0,10206,11201
996,S2919,ChartFactory.java,1275,"CategoryPlot plot = new CategoryPlot(dataset, categoryAxis, dateAxis,",0.0,10206,11201
996,S2920,ChartFactory.java,1277,plot.setOrientation(PlotOrientation.HORIZONTAL);,0.0,10206,11201
996,S2921,ChartFactory.java,1278,"JFreeChart chart = new JFreeChart(title, JFreeChart.DEFAULT_TITLE_FONT,",0.0,10206,11201
996,S2922,ChartFactory.java,1281,return chart;,0.0,10206,11201
996,S2923,ChartFactory.java,1314,if (orientation == null) {,0.0,10206,11201
996,S2924,ChartFactory.java,1317,CategoryAxis categoryAxis = new CategoryAxis(categoryAxisLabel);,0.0,10206,11201
996,S2925,ChartFactory.java,1318,categoryAxis.setCategoryMargin(0.0);,0.0,10206,11201
996,S2926,ChartFactory.java,1320,ValueAxis valueAxis = new NumberAxis(valueAxisLabel);,0.0,10206,11201
996,S2927,ChartFactory.java,1322,WaterfallBarRenderer renderer = new WaterfallBarRenderer();,0.0,10206,11201
996,S2928,ChartFactory.java,1323,if (orientation == PlotOrientation.HORIZONTAL) {,0.0,10206,11201
996,S2929,ChartFactory.java,1324,ItemLabelPosition position = new ItemLabelPosition(,0.0,10206,11201
996,S2930,ChartFactory.java,1327,renderer.setBasePositiveItemLabelPosition(position);,0.0,10206,11201
996,S2931,ChartFactory.java,1328,renderer.setBaseNegativeItemLabelPosition(position);,0.0,10206,11201
996,S2932,ChartFactory.java,1337,if (tooltips) {,0.0,10206,11201
996,S2933,ChartFactory.java,1338,StandardCategoryToolTipGenerator generator,0.0,10206,11201
996,S2934,ChartFactory.java,1340,renderer.setBaseToolTipGenerator(generator);,0.0,10206,11201
996,S2935,ChartFactory.java,1342,if (urls) {,0.0,10206,11201
996,S2936,ChartFactory.java,1343,renderer.setBaseURLGenerator(new StandardCategoryURLGenerator());,0.0,10206,11201
996,S2937,ChartFactory.java,1346,"CategoryPlot plot = new CategoryPlot(dataset, categoryAxis, valueAxis,",0.0,10206,11201
996,S2938,ChartFactory.java,1348,plot.clearRangeMarkers();,0.0,10206,11201
996,S2939,ChartFactory.java,1349,Marker baseline = new ValueMarker(0.0);,0.0,10206,11201
996,S2940,ChartFactory.java,1350,baseline.setPaint(Color.black);,0.0,10206,11201
996,S2941,ChartFactory.java,1351,"plot.addRangeMarker(baseline, Layer.FOREGROUND);",0.0,10206,11201
996,S2942,ChartFactory.java,1352,plot.setOrientation(orientation);,0.0,10206,11201
996,S2943,ChartFactory.java,1353,"JFreeChart chart = new JFreeChart(title, JFreeChart.DEFAULT_TITLE_FONT,",0.0,10206,11201
996,S2944,ChartFactory.java,1356,return chart;,0.0,10206,11201
996,S2945,ChartFactory.java,1417,if (orientation == null) {,0.0,10206,11201
996,S2946,ChartFactory.java,1420,NumberAxis xAxis = new NumberAxis(xAxisLabel);,0.0,10206,11201
996,S2947,ChartFactory.java,1421,xAxis.setAutoRangeIncludesZero(false);,0.0,10206,11201
996,S2948,ChartFactory.java,1422,NumberAxis yAxis = new NumberAxis(yAxisLabel);,0.0,10206,11201
996,S2949,ChartFactory.java,1423,yAxis.setAutoRangeIncludesZero(false);,0.0,10206,11201
996,S2950,ChartFactory.java,1425,"XYPlot plot = new XYPlot(dataset, xAxis, yAxis, null);",0.0,10206,11201
996,S2951,ChartFactory.java,1427,XYToolTipGenerator toolTipGenerator = null;,0.0,10206,11201
996,S2952,ChartFactory.java,1428,if (tooltips) {,0.0,10206,11201
996,S2953,ChartFactory.java,1429,toolTipGenerator = new StandardXYToolTipGenerator();,0.0,10206,11201
996,S2954,ChartFactory.java,1432,XYURLGenerator urlGenerator = null;,0.0,10206,11201
996,S2955,ChartFactory.java,1433,if (urls) {,0.0,10206,11201
996,S2956,ChartFactory.java,1436,"XYItemRenderer renderer = new XYLineAndShapeRenderer(false, true);",0.0,10206,11201
996,S2957,ChartFactory.java,1437,renderer.setBaseToolTipGenerator(toolTipGenerator);,0.0,10206,11201
996,S2958,ChartFactory.java,1438,renderer.setBaseURLGenerator(urlGenerator);,0.0,10206,11201
996,S2959,ChartFactory.java,1439,plot.setRenderer(renderer);,0.0,10206,11201
996,S2960,ChartFactory.java,1440,plot.setOrientation(orientation);,0.0,10206,11201
996,S2961,ChartFactory.java,1442,"JFreeChart chart = new JFreeChart(title, JFreeChart.DEFAULT_TITLE_FONT,",0.0,10206,11201
996,S2962,ChartFactory.java,1444,return chart;,0.0,10206,11201
996,S2963,ChartFactory.java,1479,if (orientation == null) {,0.0,10206,11201
996,S2964,ChartFactory.java,1482,ValueAxis domainAxis = null;,0.0,10206,11201
996,S2965,ChartFactory.java,1483,if (dateAxis) {,0.0,10206,11201
996,S2966,ChartFactory.java,1487,NumberAxis axis = new NumberAxis(xAxisLabel);,0.0,10206,11201
996,S2967,ChartFactory.java,1488,axis.setAutoRangeIncludesZero(false);,0.0,10206,11201
996,S2968,ChartFactory.java,1489,domainAxis = axis;,0.0,10206,11201
996,S2969,ChartFactory.java,1491,ValueAxis valueAxis = new NumberAxis(yAxisLabel);,0.0,10206,11201
996,S2970,ChartFactory.java,1493,XYBarRenderer renderer = new XYBarRenderer();,0.0,10206,11201
996,S2971,ChartFactory.java,1494,if (tooltips) {,0.0,10206,11201
996,S2972,ChartFactory.java,1496,if (dateAxis) {,0.0,10206,11201
996,S2973,ChartFactory.java,1500,tt = new StandardXYToolTipGenerator();,0.0,10206,11201
996,S2974,ChartFactory.java,1502,renderer.setBaseToolTipGenerator(tt);,0.0,10206,11201
996,S2975,ChartFactory.java,1504,if (urls) {,0.0,10206,11201
996,S2976,ChartFactory.java,1505,renderer.setBaseURLGenerator(new StandardXYURLGenerator());,0.0,10206,11201
996,S2977,ChartFactory.java,1508,"XYPlot plot = new XYPlot(dataset, domainAxis, valueAxis, renderer);",0.0,10206,11201
996,S2978,ChartFactory.java,1509,plot.setOrientation(orientation);,0.0,10206,11201
996,S2979,ChartFactory.java,1511,"JFreeChart chart = new JFreeChart(title, JFreeChart.DEFAULT_TITLE_FONT,",0.0,10206,11201
996,S2980,ChartFactory.java,1514,return chart;,0.0,10206,11201
996,S2981,ChartFactory.java,1547,if (orientation == null) {,0.0,10206,11201
996,S2982,ChartFactory.java,1550,NumberAxis xAxis = new NumberAxis(xAxisLabel);,0.0,10206,11201
996,S2983,ChartFactory.java,1551,xAxis.setAutoRangeIncludesZero(false);,0.0,10206,11201
996,S2984,ChartFactory.java,1552,NumberAxis yAxis = new NumberAxis(yAxisLabel);,0.0,10206,11201
996,S2985,ChartFactory.java,1553,"XYPlot plot = new XYPlot(dataset, xAxis, yAxis, null);",0.0,10206,11201
996,S2986,ChartFactory.java,1554,plot.setOrientation(orientation);,0.0,10206,11201
996,S2987,ChartFactory.java,1555,plot.setForegroundAlpha(0.5f);,0.0,10206,11201
996,S2988,ChartFactory.java,1557,XYToolTipGenerator tipGenerator = null;,0.0,10206,11201
996,S2989,ChartFactory.java,1558,if (tooltips) {,0.0,10206,11201
996,S2990,ChartFactory.java,1559,tipGenerator = new StandardXYToolTipGenerator();,0.0,10206,11201
996,S2991,ChartFactory.java,1562,XYURLGenerator urlGenerator = null;,0.0,10206,11201
996,S2992,ChartFactory.java,1563,if (urls) {,0.0,10206,11201
996,S2993,ChartFactory.java,1564,urlGenerator = new StandardXYURLGenerator();,0.0,10206,11201
996,S2994,ChartFactory.java,1567,plot.setRenderer(,0.0,10206,11201
996,S2995,ChartFactory.java,1570,"JFreeChart chart = new JFreeChart(title, JFreeChart.DEFAULT_TITLE_FONT,",0.0,10206,11201
996,S2996,ChartFactory.java,1573,return chart;,0.0,10206,11201
996,S2997,ChartFactory.java,1604,if (orientation == null) {,0.0,10206,11201
996,S2998,ChartFactory.java,1607,NumberAxis xAxis = new NumberAxis(xAxisLabel);,0.0,10206,11201
996,S2999,ChartFactory.java,1608,xAxis.setAutoRangeIncludesZero(false);,0.0,10206,11201
996,S3000,ChartFactory.java,1609,xAxis.setLowerMargin(0.0);,0.0,10206,11201
996,S3001,ChartFactory.java,1610,xAxis.setUpperMargin(0.0);,0.0,10206,11201
996,S3002,ChartFactory.java,1611,NumberAxis yAxis = new NumberAxis(yAxisLabel);,0.0,10206,11201
996,S3003,ChartFactory.java,1612,XYToolTipGenerator toolTipGenerator = null;,0.0,10206,11201
996,S3004,ChartFactory.java,1613,if (tooltips) {,0.0,10206,11201
996,S3005,ChartFactory.java,1617,XYURLGenerator urlGenerator = null;,0.0,10206,11201
996,S3006,ChartFactory.java,1618,if (urls) {,0.0,10206,11201
996,S3007,ChartFactory.java,1621,StackedXYAreaRenderer2 renderer = new StackedXYAreaRenderer2(,0.0,10206,11201
996,S3008,ChartFactory.java,1623,renderer.setOutline(true);,0.0,10206,11201
996,S3009,ChartFactory.java,1624,"XYPlot plot = new XYPlot(dataset, xAxis, yAxis, renderer);",0.0,10206,11201
996,S3010,ChartFactory.java,1625,plot.setOrientation(orientation);,0.0,10206,11201
996,S3011,ChartFactory.java,1627,plot.setRangeAxis(yAxis);  // forces recalculation of the axis range,0.0,10206,11201
996,S3012,ChartFactory.java,1629,"JFreeChart chart = new JFreeChart(title, JFreeChart.DEFAULT_TITLE_FONT,",0.0,10206,11201
996,S3013,ChartFactory.java,1631,return chart;,0.0,10206,11201
996,S3014,ChartFactory.java,1660,if (orientation == null) {,0.0,10206,11201
996,S3015,ChartFactory.java,1663,NumberAxis xAxis = new NumberAxis(xAxisLabel);,0.0,10206,11201
996,S3016,ChartFactory.java,1664,xAxis.setAutoRangeIncludesZero(false);,0.0,10206,11201
996,S3017,ChartFactory.java,1665,NumberAxis yAxis = new NumberAxis(yAxisLabel);,0.0,10206,11201
996,S3018,ChartFactory.java,1666,"XYItemRenderer renderer = new XYLineAndShapeRenderer(true, false);",0.0,10206,11201
996,S3019,ChartFactory.java,1667,"XYPlot plot = new XYPlot(dataset, xAxis, yAxis, renderer);",0.0,10206,11201
996,S3020,ChartFactory.java,1668,plot.setOrientation(orientation);,0.0,10206,11201
996,S3021,ChartFactory.java,1669,if (tooltips) {,0.0,10206,11201
996,S3022,ChartFactory.java,1670,renderer.setBaseToolTipGenerator(new StandardXYToolTipGenerator());,0.0,10206,11201
996,S3023,ChartFactory.java,1672,if (urls) {,0.0,10206,11201
996,S3024,ChartFactory.java,1673,renderer.setBaseURLGenerator(new StandardXYURLGenerator());,0.0,10206,11201
996,S3025,ChartFactory.java,1676,"JFreeChart chart = new JFreeChart(title, JFreeChart.DEFAULT_TITLE_FONT,",0.0,10206,11201
996,S3026,ChartFactory.java,1679,return chart;,0.0,10206,11201
996,S3027,ChartFactory.java,1707,if (orientation == null) {,0.0,10206,11201
996,S3028,ChartFactory.java,1710,DateAxis xAxis = new DateAxis(xAxisLabel);,0.0,10206,11201
996,S3029,ChartFactory.java,1711,NumberAxis yAxis = new NumberAxis(yAxisLabel);,0.0,10206,11201
996,S3030,ChartFactory.java,1712,yAxis.setStandardTickUnits(NumberAxis.createIntegerTickUnits());,0.0,10206,11201
996,S3031,ChartFactory.java,1714,XYToolTipGenerator toolTipGenerator = null;,0.0,10206,11201
996,S3032,ChartFactory.java,1715,if (tooltips) {,0.0,10206,11201
996,S3033,ChartFactory.java,1716,toolTipGenerator = new StandardXYToolTipGenerator();,0.0,10206,11201
996,S3034,ChartFactory.java,1719,XYURLGenerator urlGenerator = null;,0.0,10206,11201
996,S3035,ChartFactory.java,1720,if (urls) {,0.0,10206,11201
996,S3036,ChartFactory.java,1721,urlGenerator = new StandardXYURLGenerator();,0.0,10206,11201
996,S3037,ChartFactory.java,1723,XYItemRenderer renderer,0.0,10206,11201
996,S3038,ChartFactory.java,1726,"XYPlot plot = new XYPlot(dataset, xAxis, yAxis, null);",0.0,10206,11201
996,S3039,ChartFactory.java,1727,plot.setRenderer(renderer);,0.0,10206,11201
996,S3040,ChartFactory.java,1728,plot.setOrientation(orientation);,0.0,10206,11201
996,S3041,ChartFactory.java,1729,plot.setDomainCrosshairVisible(false);,0.0,10206,11201
996,S3042,ChartFactory.java,1730,plot.setRangeCrosshairVisible(false);,0.0,10206,11201
996,S3043,ChartFactory.java,1731,"JFreeChart chart = new JFreeChart(title, JFreeChart.DEFAULT_TITLE_FONT,",0.0,10206,11201
996,S3044,ChartFactory.java,1733,return chart;,0.0,10206,11201
996,S3045,ChartFactory.java,1761,if (orientation == null) {,0.0,10206,11201
996,S3046,ChartFactory.java,1764,NumberAxis xAxis = new NumberAxis(xAxisLabel);,0.0,10206,11201
996,S3047,ChartFactory.java,1765,xAxis.setAutoRangeIncludesZero(false);,0.0,10206,11201
996,S3048,ChartFactory.java,1766,NumberAxis yAxis = new NumberAxis(yAxisLabel);,0.0,10206,11201
996,S3049,ChartFactory.java,1768,XYToolTipGenerator toolTipGenerator = null;,0.0,10206,11201
996,S3050,ChartFactory.java,1769,if (tooltips) {,0.0,10206,11201
996,S3051,ChartFactory.java,1770,toolTipGenerator = new StandardXYToolTipGenerator();,0.0,10206,11201
996,S3052,ChartFactory.java,1773,XYURLGenerator urlGenerator = null;,0.0,10206,11201
996,S3053,ChartFactory.java,1774,if (urls) {,0.0,10206,11201
996,S3054,ChartFactory.java,1775,urlGenerator = new StandardXYURLGenerator();,0.0,10206,11201
996,S3055,ChartFactory.java,1777,XYItemRenderer renderer = new XYStepAreaRenderer(,0.0,10206,11201
996,S3056,ChartFactory.java,1781,"XYPlot plot = new XYPlot(dataset, xAxis, yAxis, null);",0.0,10206,11201
996,S3057,ChartFactory.java,1782,plot.setRenderer(renderer);,0.0,10206,11201
996,S3058,ChartFactory.java,1783,plot.setOrientation(orientation);,0.0,10206,11201
996,S3059,ChartFactory.java,1784,plot.setDomainCrosshairVisible(false);,0.0,10206,11201
996,S3060,ChartFactory.java,1785,plot.setRangeCrosshairVisible(false);,0.0,10206,11201
996,S3061,ChartFactory.java,1786,"JFreeChart chart = new JFreeChart(title, JFreeChart.DEFAULT_TITLE_FONT,",0.0,10206,11201
996,S3062,ChartFactory.java,1788,return chart;,0.0,10206,11201
996,S3063,ChartFactory.java,1820,ValueAxis timeAxis = new DateAxis(timeAxisLabel);,0.0,10206,11201
996,S3064,ChartFactory.java,1821,timeAxis.setLowerMargin(0.02);  // reduce the default margins,0.0,10206,11201
996,S3065,ChartFactory.java,1822,timeAxis.setUpperMargin(0.02);,0.0,10206,11201
996,S3066,ChartFactory.java,1823,NumberAxis valueAxis = new NumberAxis(valueAxisLabel);,0.0,10206,11201
996,S3067,ChartFactory.java,1824,valueAxis.setAutoRangeIncludesZero(false);  // override default,0.0,10206,11201
996,S3068,ChartFactory.java,1825,"XYPlot plot = new XYPlot(dataset, timeAxis, valueAxis, null);",0.0,10206,11201
996,S3069,ChartFactory.java,1827,XYToolTipGenerator toolTipGenerator = null;,0.0,10206,11201
996,S3070,ChartFactory.java,1828,if (tooltips) {,0.0,10206,11201
996,S3071,ChartFactory.java,1829,toolTipGenerator,0.0,10206,11201
996,S3072,ChartFactory.java,1833,XYURLGenerator urlGenerator = null;,0.0,10206,11201
996,S3073,ChartFactory.java,1834,if (urls) {,0.0,10206,11201
996,S3074,ChartFactory.java,1835,urlGenerator = new StandardXYURLGenerator();,0.0,10206,11201
996,S3075,ChartFactory.java,1838,"XYLineAndShapeRenderer renderer = new XYLineAndShapeRenderer(true,",0.0,10206,11201
996,S3076,ChartFactory.java,1840,renderer.setBaseToolTipGenerator(toolTipGenerator);,0.0,10206,11201
996,S3077,ChartFactory.java,1841,renderer.setBaseURLGenerator(urlGenerator);,0.0,10206,11201
996,S3078,ChartFactory.java,1842,plot.setRenderer(renderer);,0.0,10206,11201
996,S3079,ChartFactory.java,1844,"JFreeChart chart = new JFreeChart(title, JFreeChart.DEFAULT_TITLE_FONT,",0.0,10206,11201
996,S3080,ChartFactory.java,1846,return chart;,0.0,10206,11201
996,S3084,ChartRenderingInfo.java,103,this(new StandardEntityCollection());,0.0,10206,11201
996,S3085,ChartRenderingInfo.java,114,public ChartRenderingInfo(EntityCollection entities) {,0.0,10206,11201
996,S3086,ChartRenderingInfo.java,115,this.chartArea = new Rectangle2D.Double();,0.0,10206,11201
996,S3087,ChartRenderingInfo.java,116,this.plotInfo = new PlotRenderingInfo(this);,0.0,10206,11201
996,S3088,ChartRenderingInfo.java,117,this.entities = entities;,0.0,10206,11201
996,S3089,ChartRenderingInfo.java,139,this.chartArea.setRect(area);,0.0,10206,11201
996,S3090,ChartRenderingInfo.java,150,return this.entities;,0.0,10206,11201
996,S3091,ChartRenderingInfo.java,168,"this.chartArea.setRect(0.0, 0.0, 0.0, 0.0);",0.0,10206,11201
996,S3092,ChartRenderingInfo.java,169,this.plotInfo = new PlotRenderingInfo(this);,0.0,10206,11201
996,S3093,ChartRenderingInfo.java,170,if (this.entities != null) {,0.0,10206,11201
996,S3094,ChartRenderingInfo.java,171,this.entities.clear();,0.0,10206,11201
996,S3095,ChartRenderingInfo.java,181,return this.plotInfo;,0.0,10206,11201
996,S3097,ColumnArrangement.java,356,if (obj == this) {,0.0,10206,11201
996,S3098,ColumnArrangement.java,359,if (!(obj instanceof ColumnArrangement)) {,0.0,10206,11201
996,S3099,ColumnArrangement.java,362,ColumnArrangement that = (ColumnArrangement) obj;,0.0,10206,11201
996,S3100,ColumnArrangement.java,363,if (this.horizontalAlignment != that.horizontalAlignment) {,0.0,10206,11201
996,S3101,ColumnArrangement.java,366,if (this.verticalAlignment != that.verticalAlignment) {,0.0,10206,11201
996,S3102,ColumnArrangement.java,369,if (this.horizontalGap != that.horizontalGap) {,0.0,10206,11201
996,S3103,ColumnArrangement.java,372,if (this.verticalGap != that.verticalGap) {,0.0,10206,11201
996,S3104,ColumnArrangement.java,375,return true;,0.0,10206,11201
996,S3108,CrosshairState.java,67,private boolean calculateDistanceInDataSpace = false;,0.0,10206,11201
996,S3109,CrosshairState.java,110,this(false);,0.0,10206,11201
996,S3110,CrosshairState.java,120,public CrosshairState(boolean calculateDistanceInDataSpace) {,0.0,10206,11201
996,S3111,CrosshairState.java,121,this.calculateDistanceInDataSpace = calculateDistanceInDataSpace;,0.0,10206,11201
996,S3112,CrosshairState.java,148,this.distance = distance;,0.0,10206,11201
996,S3113,CrosshairState.java,175,if (this.anchor != null) {,0.0,10206,11201
996,S3114,CrosshairState.java,275,this.anchor = anchor;,0.0,10206,11201
996,S3115,CrosshairState.java,299,this.anchorX = x;,0.0,10206,11201
996,S3116,CrosshairState.java,323,this.anchorY = y;,0.0,10206,11201
996,S3117,CrosshairState.java,334,return this.crosshairX;,0.0,10206,11201
996,S3118,CrosshairState.java,349,this.crosshairX = x;,0.0,10206,11201
996,S3119,CrosshairState.java,361,return this.crosshairY;,0.0,10206,11201
996,S3120,CrosshairState.java,375,this.crosshairY = y;,0.0,10206,11201
996,S3121,CrosshairState.java,386,return this.domainAxisIndex;,0.0,10206,11201
996,S3122,CrosshairState.java,397,return this.rangeAxisIndex;,0.0,10206,11201
996,S3123,CustomPieURLGenerator.java,75,public CustomPieURLGenerator() {,0.0,10206,11201
996,S3124,CustomPieURLGenerator.java,76,this.urls = new ArrayList();,0.0,10206,11201
996,S3125,CustomPieURLGenerator.java,103,return this.urls.size();,0.0,10206,11201
996,S3126,CustomPieURLGenerator.java,168,if (o == this) {,0.0,10206,11201
996,S3127,CustomPieURLGenerator.java,172,if (o instanceof CustomPieURLGenerator) {,0.0,10206,11201
996,S3128,CustomPieURLGenerator.java,173,CustomPieURLGenerator generator = (CustomPieURLGenerator) o;,0.0,10206,11201
996,S3129,CustomPieURLGenerator.java,174,if (getListCount() != generator.getListCount()) {,0.0,10206,11201
996,S3130,CustomPieURLGenerator.java,178,for (int pieItem = 0; pieItem < getListCount(); pieItem++) {,0.0,10206,11201
996,S3131,CustomPieURLGenerator.java,192,return true;,0.0,10206,11201
996,S3132,CustomPieURLGenerator.java,205,CustomPieURLGenerator urlGen = new CustomPieURLGenerator();,0.0,10206,11201
996,S3133,CustomPieURLGenerator.java,210,for (Iterator i = this.urls.iterator(); i.hasNext();) {,0.0,10206,11201
996,S3134,CustomPieURLGenerator.java,223,return urlGen;,0.0,10206,11201
996,S3135,DatasetChangeEvent.java,71,super(source);,0.0,10206,11201
996,S3136,DatasetChangeEvent.java,72,this.dataset = dataset;,0.0,10206,11201
996,S3137,DatasetGroup.java,63,super();,0.0,10206,11201
996,S3138,DatasetGroup.java,64,"this.id = ""NOID"";",0.0,10206,11201
996,S3139,DatasetRenderingOrder.java,62,public static final DatasetRenderingOrder FORWARD,0.0,10206,11201
996,S3140,DatasetRenderingOrder.java,69,public static final DatasetRenderingOrder REVERSE,0.0,10206,11201
996,S3141,DatasetRenderingOrder.java,80,private DatasetRenderingOrder(String name) {,0.0,10206,11201
996,S3142,DatasetRenderingOrder.java,81,this.name = name;,0.0,10206,11201
996,S3143,DatasetRenderingOrder.java,90,return this.name;,0.0,10206,11201
996,S3144,DatasetRenderingOrder.java,102,if (this == obj) {,0.0,10206,11201
996,S3145,DatasetRenderingOrder.java,105,if (!(obj instanceof DatasetRenderingOrder)) {,0.0,10206,11201
996,S3146,DatasetRenderingOrder.java,108,DatasetRenderingOrder order = (DatasetRenderingOrder) obj;,0.0,10206,11201
996,S3147,DatasetRenderingOrder.java,109,if (!this.name.equals(order.toString())) {,0.0,10206,11201
996,S3148,DatasetRenderingOrder.java,110,return false;,0.0,10206,11201
996,S3149,DatasetRenderingOrder.java,112,return true;,0.0,10206,11201
996,S3150,DatasetRenderingOrder.java,132,if (this.equals(DatasetRenderingOrder.FORWARD)) {,0.0,10206,11201
996,S3151,DatasetRenderingOrder.java,135,else if (this.equals(DatasetRenderingOrder.REVERSE)) {,0.0,10206,11201
996,S3152,DatasetRenderingOrder.java,136,return DatasetRenderingOrder.REVERSE;,0.0,10206,11201
996,S3155,DatasetUtilities.java,155,List keys = dataset.getKeys();,0.0,10206,11201
996,S3156,DatasetUtilities.java,156,double totalValue = 0;,0.0,10206,11201
996,S3157,DatasetUtilities.java,157,Iterator iterator = keys.iterator();,0.0,10206,11201
996,S3158,DatasetUtilities.java,158,while (iterator.hasNext()) {,0.0,10206,11201
996,S3159,DatasetUtilities.java,159,Comparable current = (Comparable) iterator.next();,0.0,10206,11201
996,S3160,DatasetUtilities.java,160,if (current != null) {,0.0,10206,11201
996,S3161,DatasetUtilities.java,161,Number value = dataset.getValue(current);,0.0,10206,11201
996,S3162,DatasetUtilities.java,162,double v = 0.0;,0.0,10206,11201
996,S3163,DatasetUtilities.java,163,if (value != null) {,0.0,10206,11201
996,S3164,DatasetUtilities.java,164,v = value.doubleValue();,0.0,10206,11201
996,S3165,DatasetUtilities.java,166,if (v > 0) {,0.0,10206,11201
996,S3166,DatasetUtilities.java,167,totalValue = totalValue + v;,0.0,10206,11201
996,S3167,DatasetUtilities.java,171,return totalValue;,0.0,10206,11201
996,S3168,DatasetUtilities.java,376,DefaultCategoryDataset result = new DefaultCategoryDataset();,0.0,10206,11201
996,S3169,DatasetUtilities.java,377,for (int r = 0; r < data.length; r++) {,0.0,10206,11201
996,S3170,DatasetUtilities.java,378,String rowKey = rowKeyPrefix + (r + 1);,0.0,10206,11201
996,S3171,DatasetUtilities.java,379,for (int c = 0; c < data[r].length; c++) {,0.0,10206,11201
996,S3172,DatasetUtilities.java,380,String columnKey = columnKeyPrefix + (c + 1);,0.0,10206,11201
996,S3173,DatasetUtilities.java,381,"result.addValue(data[r][c], rowKey, columnKey);",0.0,10206,11201
996,S3174,DatasetUtilities.java,384,return result;,0.0,10206,11201
996,S3175,DatasetUtilities.java,529,if (dataset == null) {,0.0,10206,11201
996,S3176,DatasetUtilities.java,533,int itemCount = dataset.getItemCount();,0.0,10206,11201
996,S3177,DatasetUtilities.java,534,if (itemCount == 0) {,0.0,10206,11201
996,S3178,DatasetUtilities.java,538,for (int item = 0; item < itemCount; item++) {,0.0,10206,11201
996,S3179,DatasetUtilities.java,539,Number y = dataset.getValue(item);,0.0,10206,11201
996,S3180,DatasetUtilities.java,540,if (y != null) {,0.0,10206,11201
996,S3181,DatasetUtilities.java,541,double yy = y.doubleValue();,0.0,10206,11201
996,S3182,DatasetUtilities.java,542,if (yy > 0.0) {,0.0,10206,11201
996,S3183,DatasetUtilities.java,543,return false;,0.0,10206,11201
996,S3184,DatasetUtilities.java,562,if (dataset == null) {,0.0,10206,11201
996,S3185,DatasetUtilities.java,563,return true;,0.0,10206,11201
996,S3186,DatasetUtilities.java,566,int rowCount = dataset.getRowCount();,0.0,10206,11201
996,S3187,DatasetUtilities.java,567,int columnCount = dataset.getColumnCount();,0.0,10206,11201
996,S3188,DatasetUtilities.java,568,if (rowCount == 0 || columnCount == 0) {,0.0,10206,11201
996,S3189,DatasetUtilities.java,569,return true;,0.0,10206,11201
996,S3190,DatasetUtilities.java,572,for (int r = 0; r < rowCount; r++) {,0.0,10206,11201
996,S3191,DatasetUtilities.java,573,for (int c = 0; c < columnCount; c++) {,0.0,10206,11201
996,S3192,DatasetUtilities.java,574,"if (dataset.getValue(r, c) != null) {",0.0,10206,11201
996,S3193,DatasetUtilities.java,575,return false;,0.0,10206,11201
996,S3194,DatasetUtilities.java,594,if (dataset != null) {,0.0,10206,11201
996,S3195,DatasetUtilities.java,595,for (int s = 0; s < dataset.getSeriesCount(); s++) {,0.0,10206,11201
996,S3196,DatasetUtilities.java,596,if (dataset.getItemCount(s) > 0) {,0.0,10206,11201
996,S3197,DatasetUtilities.java,597,return false;,0.0,10206,11201
996,S3198,DatasetUtilities.java,601,return true;,0.0,10206,11201
996,S3199,DatasetUtilities.java,612,"return findDomainBounds(dataset, true);",0.0,10206,11201
996,S3200,DatasetUtilities.java,628,if (dataset == null) {,0.0,10206,11201
996,S3201,DatasetUtilities.java,632,Range result = null;,0.0,10206,11201
996,S3202,DatasetUtilities.java,634,if (dataset instanceof DomainInfo) {,0.0,10206,11201
996,S3203,DatasetUtilities.java,635,DomainInfo info = (DomainInfo) dataset;,0.0,10206,11201
996,S3204,DatasetUtilities.java,636,result = info.getDomainBounds(includeInterval);,0.0,10206,11201
996,S3205,DatasetUtilities.java,639,"result = iterateDomainBounds(dataset, includeInterval);",0.0,10206,11201
996,S3206,DatasetUtilities.java,641,return result;,0.0,10206,11201
996,S3207,DatasetUtilities.java,670,if (dataset == null) {,0.0,10206,11201
996,S3208,DatasetUtilities.java,673,double minimum = Double.POSITIVE_INFINITY;,0.0,10206,11201
996,S3209,DatasetUtilities.java,674,double maximum = Double.NEGATIVE_INFINITY;,0.0,10206,11201
996,S3210,DatasetUtilities.java,675,int seriesCount = dataset.getSeriesCount();,0.0,10206,11201
996,S3211,DatasetUtilities.java,678,if (includeInterval && dataset instanceof IntervalXYDataset) {,0.0,10206,11201
996,S3212,DatasetUtilities.java,679,IntervalXYDataset intervalXYData = (IntervalXYDataset) dataset;,0.0,10206,11201
996,S3213,DatasetUtilities.java,680,for (int series = 0; series < seriesCount; series++) {,0.0,10206,11201
996,S3214,DatasetUtilities.java,681,int itemCount = dataset.getItemCount(series);,0.0,10206,11201
996,S3215,DatasetUtilities.java,682,for (int item = 0; item < itemCount; item++) {,0.0,10206,11201
996,S3216,DatasetUtilities.java,683,"lvalue = intervalXYData.getStartXValue(series, item);",0.0,10206,11201
996,S3217,DatasetUtilities.java,684,"uvalue = intervalXYData.getEndXValue(series, item);",0.0,10206,11201
996,S3218,DatasetUtilities.java,685,"minimum = Math.min(minimum, lvalue);",0.0,10206,11201
996,S3219,DatasetUtilities.java,686,"maximum = Math.max(maximum, uvalue);",0.0,10206,11201
996,S3220,DatasetUtilities.java,691,for (int series = 0; series < seriesCount; series++) {,0.0,10206,11201
996,S3221,DatasetUtilities.java,692,int itemCount = dataset.getItemCount(series);,0.0,10206,11201
996,S3222,DatasetUtilities.java,693,for (int item = 0; item < itemCount; item++) {,0.0,10206,11201
996,S3223,DatasetUtilities.java,694,"lvalue = dataset.getXValue(series, item);",0.0,10206,11201
996,S3224,DatasetUtilities.java,695,uvalue = lvalue;,0.0,10206,11201
996,S3225,DatasetUtilities.java,696,"minimum = Math.min(minimum, lvalue);",0.0,10206,11201
996,S3226,DatasetUtilities.java,697,"maximum = Math.max(maximum, uvalue);",0.0,10206,11201
996,S3227,DatasetUtilities.java,701,if (minimum > maximum) {,0.0,10206,11201
996,S3228,DatasetUtilities.java,702,return null;,0.0,10206,11201
996,S3229,DatasetUtilities.java,705,"return new Range(minimum, maximum);",0.0,10206,11201
996,S3230,DatasetUtilities.java,717,"return findRangeBounds(dataset, true);",0.0,10206,11201
996,S3231,DatasetUtilities.java,731,if (dataset == null) {,0.0,10206,11201
996,S3232,DatasetUtilities.java,734,Range result = null;,0.0,10206,11201
996,S3233,DatasetUtilities.java,735,if (dataset instanceof RangeInfo) {,0.0,10206,11201
996,S3234,DatasetUtilities.java,740,"result = iterateCategoryRangeBounds(dataset, includeInterval);",0.0,10206,11201
996,S3235,DatasetUtilities.java,742,return result;,0.0,10206,11201
996,S3236,DatasetUtilities.java,754,"return findRangeBounds(dataset, true);",0.0,10206,11201
996,S3237,DatasetUtilities.java,770,if (dataset == null) {,0.0,10206,11201
996,S3238,DatasetUtilities.java,773,Range result = null;,0.0,10206,11201
996,S3239,DatasetUtilities.java,774,if (dataset instanceof RangeInfo) {,0.0,10206,11201
996,S3240,DatasetUtilities.java,779,result = iterateXYRangeBounds(dataset);,0.0,10206,11201
996,S3241,DatasetUtilities.java,781,return result;,0.0,10206,11201
996,S3242,DatasetUtilities.java,796,double minimum = Double.POSITIVE_INFINITY;,0.0,10206,11201
996,S3243,DatasetUtilities.java,797,double maximum = Double.NEGATIVE_INFINITY;,0.0,10206,11201
996,S3244,DatasetUtilities.java,798,boolean interval = includeInterval,0.0,10206,11201
996,S3245,DatasetUtilities.java,800,int rowCount = dataset.getRowCount();,0.0,10206,11201
996,S3246,DatasetUtilities.java,801,int columnCount = dataset.getColumnCount();,0.0,10206,11201
996,S3247,DatasetUtilities.java,802,for (int row = 0; row < rowCount; row++) {,0.0,10206,11201
996,S3248,DatasetUtilities.java,803,for (int column = 0; column < columnCount; column++) {,0.0,10206,11201
996,S3249,DatasetUtilities.java,806,if (interval) {,0.0,10206,11201
996,S3250,DatasetUtilities.java,807,IntervalCategoryDataset icd,0.0,10206,11201
996,S3251,DatasetUtilities.java,809,"lvalue = icd.getStartValue(row, column);",0.0,10206,11201
996,S3252,DatasetUtilities.java,810,"uvalue = icd.getEndValue(row, column);",0.0,10206,11201
996,S3253,DatasetUtilities.java,813,"lvalue = dataset.getValue(row, column);",0.0,10206,11201
996,S3254,DatasetUtilities.java,814,uvalue = lvalue;,0.0,10206,11201
996,S3255,DatasetUtilities.java,816,if (lvalue != null) {,0.0,10206,11201
996,S3256,DatasetUtilities.java,817,"minimum = Math.min(minimum, lvalue.doubleValue());",0.0,10206,11201
996,S3257,DatasetUtilities.java,819,if (uvalue != null) {,0.0,10206,11201
996,S3258,DatasetUtilities.java,820,"maximum = Math.max(maximum, uvalue.doubleValue());",0.0,10206,11201
996,S3259,DatasetUtilities.java,824,if (minimum == Double.POSITIVE_INFINITY) {,0.0,10206,11201
996,S3260,DatasetUtilities.java,825,return null;,0.0,10206,11201
996,S3261,DatasetUtilities.java,828,"return new Range(minimum, maximum);",0.0,10206,11201
996,S3262,DatasetUtilities.java,841,double minimum = Double.POSITIVE_INFINITY;,0.0,10206,11201
996,S3263,DatasetUtilities.java,842,double maximum = Double.NEGATIVE_INFINITY;,0.0,10206,11201
996,S3264,DatasetUtilities.java,843,int seriesCount = dataset.getSeriesCount();,0.0,10206,11201
996,S3265,DatasetUtilities.java,844,for (int series = 0; series < seriesCount; series++) {,0.0,10206,11201
996,S3266,DatasetUtilities.java,845,int itemCount = dataset.getItemCount(series);,0.0,10206,11201
996,S3267,DatasetUtilities.java,846,for (int item = 0; item < itemCount; item++) {,0.0,10206,11201
996,S3268,DatasetUtilities.java,849,if (dataset instanceof IntervalXYDataset) {,0.0,10206,11201
996,S3269,DatasetUtilities.java,850,IntervalXYDataset intervalXYData,0.0,10206,11201
996,S3270,DatasetUtilities.java,852,"lvalue = intervalXYData.getStartYValue(series, item);",0.0,10206,11201
996,S3271,DatasetUtilities.java,853,"uvalue = intervalXYData.getEndYValue(series, item);",0.0,10206,11201
996,S3272,DatasetUtilities.java,855,else if (dataset instanceof OHLCDataset) {,0.0,10206,11201
996,S3273,DatasetUtilities.java,861,"lvalue = dataset.getYValue(series, item);",0.0,10206,11201
996,S3274,DatasetUtilities.java,862,uvalue = lvalue;,0.0,10206,11201
996,S3275,DatasetUtilities.java,864,if (!Double.isNaN(lvalue)) {,0.0,10206,11201
996,S3276,DatasetUtilities.java,865,"minimum = Math.min(minimum, lvalue);",0.0,10206,11201
996,S3277,DatasetUtilities.java,867,if (!Double.isNaN(uvalue)) {,0.0,10206,11201
996,S3278,DatasetUtilities.java,868,"maximum = Math.max(maximum, uvalue);",0.0,10206,11201
996,S3279,DatasetUtilities.java,872,if (minimum == Double.POSITIVE_INFINITY) {,0.0,10206,11201
996,S3280,DatasetUtilities.java,873,return null;,0.0,10206,11201
996,S3281,DatasetUtilities.java,876,"return new Range(minimum, maximum);",0.0,10206,11201
996,S3282,DatasetUtilities.java,1237,"return findStackedRangeBounds(dataset, 0.0);",0.0,10206,11201
996,S3283,DatasetUtilities.java,1251,if (dataset == null) {,0.0,10206,11201
996,S3284,DatasetUtilities.java,1254,Range result = null;,0.0,10206,11201
996,S3285,DatasetUtilities.java,1255,double minimum = Double.POSITIVE_INFINITY;,0.0,10206,11201
996,S3286,DatasetUtilities.java,1256,double maximum = Double.NEGATIVE_INFINITY;,0.0,10206,11201
996,S3287,DatasetUtilities.java,1257,int categoryCount = dataset.getColumnCount();,0.0,10206,11201
996,S3288,DatasetUtilities.java,1258,for (int item = 0; item < categoryCount; item++) {,0.0,10206,11201
996,S3289,DatasetUtilities.java,1259,double positive = base;,0.0,10206,11201
996,S3290,DatasetUtilities.java,1260,double negative = base;,0.0,10206,11201
996,S3291,DatasetUtilities.java,1261,int seriesCount = dataset.getRowCount();,0.0,10206,11201
996,S3292,DatasetUtilities.java,1262,for (int series = 0; series < seriesCount; series++) {,0.0,10206,11201
996,S3293,DatasetUtilities.java,1263,"Number number = dataset.getValue(series, item);",0.0,10206,11201
996,S3294,DatasetUtilities.java,1264,if (number != null) {,0.0,10206,11201
996,S3295,DatasetUtilities.java,1265,double value = number.doubleValue();,0.0,10206,11201
996,S3296,DatasetUtilities.java,1266,if (value > 0.0) {,0.0,10206,11201
996,S3297,DatasetUtilities.java,1267,positive = positive + value;,0.0,10206,11201
996,S3298,DatasetUtilities.java,1269,if (value < 0.0) {,0.0,10206,11201
996,S3299,DatasetUtilities.java,1270,negative = negative + value;,0.0,10206,11201
996,S3300,DatasetUtilities.java,1275,"minimum = Math.min(minimum, negative);",0.0,10206,11201
996,S3301,DatasetUtilities.java,1276,"maximum = Math.max(maximum, positive);",0.0,10206,11201
996,S3302,DatasetUtilities.java,1278,if (minimum <= maximum) {,0.0,10206,11201
996,S3303,DatasetUtilities.java,1279,"result = new Range(minimum, maximum);",0.0,10206,11201
996,S3304,DatasetUtilities.java,1281,return result;,0.0,10206,11201
996,S3305,DatasetUtilities.java,1431,"return findStackedRangeBounds(dataset, 0.0);",0.0,10206,11201
996,S3306,DatasetUtilities.java,1445,if (dataset == null) {,0.0,10206,11201
996,S3307,DatasetUtilities.java,1448,double minimum = base;,0.0,10206,11201
996,S3308,DatasetUtilities.java,1449,double maximum = base;,0.0,10206,11201
996,S3309,DatasetUtilities.java,1450,for (int itemNo = 0; itemNo < dataset.getItemCount(); itemNo++) {,0.0,10206,11201
996,S3310,DatasetUtilities.java,1451,double positive = base;,0.0,10206,11201
996,S3311,DatasetUtilities.java,1452,double negative = base;,0.0,10206,11201
996,S3312,DatasetUtilities.java,1453,int seriesCount = dataset.getSeriesCount();,0.0,10206,11201
996,S3313,DatasetUtilities.java,1454,for (int seriesNo = 0; seriesNo < seriesCount; seriesNo++) {,0.0,10206,11201
996,S3314,DatasetUtilities.java,1455,"double y = dataset.getYValue(seriesNo, itemNo);",0.0,10206,11201
996,S3315,DatasetUtilities.java,1456,if (!Double.isNaN(y)) {,0.0,10206,11201
996,S3316,DatasetUtilities.java,1457,if (y > 0.0) {,0.0,10206,11201
996,S3317,DatasetUtilities.java,1458,positive += y;,0.0,10206,11201
996,S3318,DatasetUtilities.java,1465,if (positive > maximum) {,0.0,10206,11201
996,S3319,DatasetUtilities.java,1466,maximum = positive;,0.0,10206,11201
996,S3320,DatasetUtilities.java,1468,if (negative < minimum) {,0.0,10206,11201
996,S3321,DatasetUtilities.java,1472,if (minimum <= maximum) {,0.0,10206,11201
996,S3322,DatasetUtilities.java,1473,"return new Range(minimum, maximum);",0.0,10206,11201
996,S3323,DatasetUtilities.java,1515,if (dataset == null) {,0.0,10206,11201
996,S3324,DatasetUtilities.java,1519,boolean allItemsNull = true; // we'll set this to false if there is at,0.0,10206,11201
996,S3325,DatasetUtilities.java,1521,double minimum = 0.0;,0.0,10206,11201
996,S3326,DatasetUtilities.java,1522,double maximum = 0.0;,0.0,10206,11201
996,S3327,DatasetUtilities.java,1523,for (int row = 0; row < dataset.getRowCount(); row++) {,0.0,10206,11201
996,S3328,DatasetUtilities.java,1524,double runningTotal = 0.0;,0.0,10206,11201
996,S3329,DatasetUtilities.java,1525,for (int column = 0; column < dataset.getColumnCount() - 1;,0.0,10206,11201
996,S3330,DatasetUtilities.java,1526,column++) {,0.0,10206,11201
996,S3331,DatasetUtilities.java,1527,"Number n = dataset.getValue(row, column);",0.0,10206,11201
996,S3332,DatasetUtilities.java,1528,if (n != null) {,0.0,10206,11201
996,S3333,DatasetUtilities.java,1529,allItemsNull = false;,0.0,10206,11201
996,S3334,DatasetUtilities.java,1530,double value = n.doubleValue();,0.0,10206,11201
996,S3335,DatasetUtilities.java,1531,runningTotal = runningTotal + value;,0.0,10206,11201
996,S3336,DatasetUtilities.java,1532,"minimum = Math.min(minimum, runningTotal);",0.0,10206,11201
996,S3337,DatasetUtilities.java,1533,"maximum = Math.max(maximum, runningTotal);",0.0,10206,11201
996,S3338,DatasetUtilities.java,1537,if (!allItemsNull) {,0.0,10206,11201
996,S3339,DatasetUtilities.java,1538,"return new Range(minimum, maximum);",0.0,10206,11201
996,S3340,DateAxis.java,173,public static final DateRange DEFAULT_DATE_RANGE = new DateRange();,0.0,10206,11201
996,S3341,DateAxis.java,180,public static final DateTickUnit DEFAULT_DATE_TICK_UNIT,0.0,10206,11201
996,S3342,DateAxis.java,184,public static final Date DEFAULT_ANCHOR_DATE = new Date();,0.0,10206,11201
996,S3343,DateAxis.java,196,private DateTickMarkPosition tickMarkPosition = DateTickMarkPosition.START;,0.0,10206,11201
996,S3344,DateAxis.java,202,"private static class DefaultTimeline implements Timeline, Serializable {",0.0,10206,11201
996,S3345,DateAxis.java,212,return millisecond;,0.0,10206,11201
996,S3346,DateAxis.java,223,return date.getTime();,0.0,10206,11201
996,S3347,DateAxis.java,235,return value;,0.0,10206,11201
996,S3348,DateAxis.java,259,return true;,0.0,10206,11201
996,S3349,DateAxis.java,296,if (object == null) {,0.0,10206,11201
996,S3350,DateAxis.java,299,if (object == this) {,0.0,10206,11201
996,S3351,DateAxis.java,302,if (object instanceof DefaultTimeline) {,0.0,10206,11201
996,S3352,DateAxis.java,303,return true;,0.0,10206,11201
996,S3353,DateAxis.java,310,private static final Timeline DEFAULT_TIMELINE = new DefaultTimeline();,0.0,10206,11201
996,S3354,DateAxis.java,331,"this(label, TimeZone.getDefault());",0.0,10206,11201
996,S3355,DateAxis.java,345,"super(label, DateAxis.createStandardDateTickUnits(zone));",0.0,10206,11201
996,S3356,DateAxis.java,346,"setTickUnit(DateAxis.DEFAULT_DATE_TICK_UNIT, false, false);",0.0,10206,11201
996,S3357,DateAxis.java,347,setAutoRangeMinimumSize(,0.0,10206,11201
996,S3358,DateAxis.java,349,"setRange(DEFAULT_DATE_RANGE, false, false);",0.0,10206,11201
996,S3359,DateAxis.java,350,this.dateFormatOverride = null;,0.0,10206,11201
996,S3360,DateAxis.java,351,this.timeZone = zone;,0.0,10206,11201
996,S3361,DateAxis.java,352,this.timeline = DEFAULT_TIMELINE;,0.0,10206,11201
996,S3362,DateAxis.java,422,return this.tickUnit;,0.0,10206,11201
996,S3363,DateAxis.java,451,this.tickUnit = unit;,0.0,10206,11201
996,S3364,DateAxis.java,452,if (turnOffAutoSelection) {,0.0,10206,11201
996,S3365,DateAxis.java,455,if (notify) {,0.0,10206,11201
996,S3366,DateAxis.java,468,return this.dateFormatOverride;,0.0,10206,11201
996,S3367,DateAxis.java,506,if (range == null) {,0.0,10206,11201
996,S3368,DateAxis.java,511,if (!(range instanceof DateRange)) {,0.0,10206,11201
996,S3369,DateAxis.java,514,"super.setRange(range, turnOffAutoRange, notify);",0.0,10206,11201
996,S3370,DateAxis.java,554,Date result = null;,0.0,10206,11201
996,S3371,DateAxis.java,555,Range range = getRange();,0.0,10206,11201
996,S3372,DateAxis.java,556,if (range instanceof DateRange) {,0.0,10206,11201
996,S3373,DateAxis.java,557,DateRange r = (DateRange) range;,0.0,10206,11201
996,S3374,DateAxis.java,558,result = r.getLowerDate();,0.0,10206,11201
996,S3375,DateAxis.java,563,return result;,0.0,10206,11201
996,S3376,DateAxis.java,604,Date result = null;,0.0,10206,11201
996,S3377,DateAxis.java,605,Range range = getRange();,0.0,10206,11201
996,S3378,DateAxis.java,606,if (range instanceof DateRange) {,0.0,10206,11201
996,S3379,DateAxis.java,607,DateRange r = (DateRange) range;,0.0,10206,11201
996,S3380,DateAxis.java,608,result = r.getUpperDate();,0.0,10206,11201
996,S3381,DateAxis.java,613,return result;,0.0,10206,11201
996,S3382,DateAxis.java,673,if (isAutoRange()) {,0.0,10206,11201
996,S3383,DateAxis.java,674,autoAdjustRange();,0.0,10206,11201
996,S3384,DateAxis.java,687,return (!this.timeline.containsDomainValue(new Date(millis)));,0.0,10206,11201
996,S3385,DateAxis.java,704,value = this.timeline.toTimelineValue((long) value);,0.0,10206,11201
996,S3386,DateAxis.java,706,DateRange range = (DateRange) getRange();,0.0,10206,11201
996,S3387,DateAxis.java,707,double axisMin = this.timeline.toTimelineValue(range.getLowerDate());,0.0,10206,11201
996,S3388,DateAxis.java,708,double axisMax = this.timeline.toTimelineValue(range.getUpperDate());,0.0,10206,11201
996,S3389,DateAxis.java,709,double result = 0.0;,0.0,10206,11201
996,S3390,DateAxis.java,710,if (RectangleEdge.isTopOrBottom(edge)) {,0.0,10206,11201
996,S3391,DateAxis.java,711,double minX = area.getX();,0.0,10206,11201
996,S3392,DateAxis.java,712,double maxX = area.getMaxX();,0.0,10206,11201
996,S3393,DateAxis.java,713,if (isInverted()) {,0.0,10206,11201
996,S3394,DateAxis.java,718,result = minX + ((value - axisMin) / (axisMax - axisMin)),0.0,10206,11201
996,S3395,DateAxis.java,734,return result;,0.0,10206,11201
996,S3396,DateAxis.java,806,"return nextStandardDate(getMinimumDate(), unit);",0.0,10206,11201
996,S3397,DateAxis.java,838,Calendar calendar = Calendar.getInstance(this.timeZone);,0.0,10206,11201
996,S3398,DateAxis.java,839,calendar.setTime(date);,0.0,10206,11201
996,S3399,DateAxis.java,840,int count = unit.getCount();,0.0,10206,11201
996,S3400,DateAxis.java,841,int current = calendar.get(unit.getCalendarField());,0.0,10206,11201
996,S3401,DateAxis.java,842,int value = count * (current / count);,0.0,10206,11201
996,S3402,DateAxis.java,844,switch (unit.getUnit()) {,0.0,10206,11201
996,S3403,DateAxis.java,847,years = calendar.get(Calendar.YEAR);,0.0,10206,11201
996,S3404,DateAxis.java,848,months = calendar.get(Calendar.MONTH);,0.0,10206,11201
996,S3405,DateAxis.java,849,days = calendar.get(Calendar.DATE);,0.0,10206,11201
996,S3406,DateAxis.java,850,hours = calendar.get(Calendar.HOUR_OF_DAY);,0.0,10206,11201
996,S3407,DateAxis.java,851,minutes = calendar.get(Calendar.MINUTE);,0.0,10206,11201
996,S3408,DateAxis.java,852,seconds = calendar.get(Calendar.SECOND);,0.0,10206,11201
996,S3409,DateAxis.java,853,"calendar.set(years, months, days, hours, minutes, seconds);",0.0,10206,11201
996,S3410,DateAxis.java,854,"calendar.set(Calendar.MILLISECOND, value);",0.0,10206,11201
996,S3411,DateAxis.java,855,Date mm = calendar.getTime();,0.0,10206,11201
996,S3412,DateAxis.java,856,if (mm.getTime() >= date.getTime()) {,0.0,10206,11201
996,S3413,DateAxis.java,857,"calendar.set(Calendar.MILLISECOND, value - 1);",0.0,10206,11201
996,S3414,DateAxis.java,858,mm = calendar.getTime();,0.0,10206,11201
996,S3415,DateAxis.java,860,return mm;,0.0,10206,11201
996,S3416,DateAxis.java,964,years = calendar.get(Calendar.YEAR);,0.0,10206,11201
996,S3417,DateAxis.java,965,calendar.clear(Calendar.MILLISECOND);,0.0,10206,11201
996,S3418,DateAxis.java,966,"calendar.set(years, value, 1, 0, 0, 0);",0.0,10206,11201
996,S3419,DateAxis.java,967,"Month month = new Month(calendar.getTime(), this.timeZone);",0.0,10206,11201
996,S3420,DateAxis.java,968,Date standardDate = calculateDateForPosition(,0.0,10206,11201
996,S3421,DateAxis.java,970,long millis = standardDate.getTime();,0.0,10206,11201
996,S3422,DateAxis.java,971,if (millis >= date.getTime()) {,0.0,10206,11201
996,S3423,DateAxis.java,976,return standardDate;,0.0,10206,11201
996,S3424,DateAxis.java,1018,if (position == null) {,0.0,10206,11201
996,S3425,DateAxis.java,1021,Date result = null;,0.0,10206,11201
996,S3426,DateAxis.java,1022,if (position == DateTickMarkPosition.START) {,0.0,10206,11201
996,S3427,DateAxis.java,1023,result = new Date(period.getFirstMillisecond());,0.0,10206,11201
996,S3428,DateAxis.java,1031,return result;,0.0,10206,11201
996,S3429,DateAxis.java,1045,"Date previous = previousStandardDate(date, unit);",0.0,10206,11201
996,S3430,DateAxis.java,1046,Calendar calendar = Calendar.getInstance(this.timeZone);,0.0,10206,11201
996,S3431,DateAxis.java,1047,calendar.setTime(previous);,0.0,10206,11201
996,S3432,DateAxis.java,1048,"calendar.add(unit.getCalendarField(), unit.getCount());",0.0,10206,11201
996,S3433,DateAxis.java,1049,return calendar.getTime();,0.0,10206,11201
996,S3434,DateAxis.java,1078,if (zone == null) {,0.0,10206,11201
996,S3435,DateAxis.java,1081,TickUnits units = new TickUnits();,0.0,10206,11201
996,S3436,DateAxis.java,1084,"DateFormat f1 = new SimpleDateFormat(""HH:mm:ss.SSS"");",0.0,10206,11201
996,S3437,DateAxis.java,1085,"DateFormat f2 = new SimpleDateFormat(""HH:mm:ss"");",0.0,10206,11201
996,S3438,DateAxis.java,1086,"DateFormat f3 = new SimpleDateFormat(""HH:mm"");",0.0,10206,11201
996,S3439,DateAxis.java,1087,"DateFormat f4 = new SimpleDateFormat(""d-MMM, HH:mm"");",0.0,10206,11201
996,S3440,DateAxis.java,1088,"DateFormat f5 = new SimpleDateFormat(""d-MMM"");",0.0,10206,11201
996,S3441,DateAxis.java,1089,"DateFormat f6 = new SimpleDateFormat(""MMM-yyyy"");",0.0,10206,11201
996,S3442,DateAxis.java,1090,"DateFormat f7 = new SimpleDateFormat(""yyyy"");",0.0,10206,11201
996,S3443,DateAxis.java,1092,f1.setTimeZone(zone);,0.0,10206,11201
996,S3444,DateAxis.java,1093,f2.setTimeZone(zone);,0.0,10206,11201
996,S3445,DateAxis.java,1094,f3.setTimeZone(zone);,0.0,10206,11201
996,S3446,DateAxis.java,1095,f4.setTimeZone(zone);,0.0,10206,11201
996,S3447,DateAxis.java,1096,f5.setTimeZone(zone);,0.0,10206,11201
996,S3448,DateAxis.java,1097,f6.setTimeZone(zone);,0.0,10206,11201
996,S3449,DateAxis.java,1098,f7.setTimeZone(zone);,0.0,10206,11201
996,S3450,DateAxis.java,1101,"units.add(new DateTickUnit(DateTickUnit.MILLISECOND, 1, f1));",0.0,10206,11201
996,S3451,DateAxis.java,1102,"units.add(new DateTickUnit(DateTickUnit.MILLISECOND, 5,",0.0,10206,11201
996,S3452,DateAxis.java,1104,"units.add(new DateTickUnit(DateTickUnit.MILLISECOND, 10,",0.0,10206,11201
996,S3453,DateAxis.java,1106,"units.add(new DateTickUnit(DateTickUnit.MILLISECOND, 25,",0.0,10206,11201
996,S3454,DateAxis.java,1108,"units.add(new DateTickUnit(DateTickUnit.MILLISECOND, 50,",0.0,10206,11201
996,S3455,DateAxis.java,1110,"units.add(new DateTickUnit(DateTickUnit.MILLISECOND, 100,",0.0,10206,11201
996,S3456,DateAxis.java,1112,"units.add(new DateTickUnit(DateTickUnit.MILLISECOND, 250,",0.0,10206,11201
996,S3457,DateAxis.java,1114,"units.add(new DateTickUnit(DateTickUnit.MILLISECOND, 500,",0.0,10206,11201
996,S3458,DateAxis.java,1118,"units.add(new DateTickUnit(DateTickUnit.SECOND, 1,",0.0,10206,11201
996,S3459,DateAxis.java,1120,"units.add(new DateTickUnit(DateTickUnit.SECOND, 5,",0.0,10206,11201
996,S3460,DateAxis.java,1122,"units.add(new DateTickUnit(DateTickUnit.SECOND, 10,",0.0,10206,11201
996,S3461,DateAxis.java,1124,"units.add(new DateTickUnit(DateTickUnit.SECOND, 30,",0.0,10206,11201
996,S3462,DateAxis.java,1128,"units.add(new DateTickUnit(DateTickUnit.MINUTE, 1,",0.0,10206,11201
996,S3463,DateAxis.java,1130,"units.add(new DateTickUnit(DateTickUnit.MINUTE, 2,",0.0,10206,11201
996,S3464,DateAxis.java,1132,"units.add(new DateTickUnit(DateTickUnit.MINUTE, 5,",0.0,10206,11201
996,S3465,DateAxis.java,1134,"units.add(new DateTickUnit(DateTickUnit.MINUTE, 10,",0.0,10206,11201
996,S3466,DateAxis.java,1136,"units.add(new DateTickUnit(DateTickUnit.MINUTE, 15,",0.0,10206,11201
996,S3467,DateAxis.java,1138,"units.add(new DateTickUnit(DateTickUnit.MINUTE, 20,",0.0,10206,11201
996,S3468,DateAxis.java,1140,"units.add(new DateTickUnit(DateTickUnit.MINUTE, 30,",0.0,10206,11201
996,S3469,DateAxis.java,1144,"units.add(new DateTickUnit(DateTickUnit.HOUR, 1,",0.0,10206,11201
996,S3470,DateAxis.java,1146,"units.add(new DateTickUnit(DateTickUnit.HOUR, 2,",0.0,10206,11201
996,S3471,DateAxis.java,1148,"units.add(new DateTickUnit(DateTickUnit.HOUR, 4,",0.0,10206,11201
996,S3472,DateAxis.java,1150,"units.add(new DateTickUnit(DateTickUnit.HOUR, 6,",0.0,10206,11201
996,S3473,DateAxis.java,1152,"units.add(new DateTickUnit(DateTickUnit.HOUR, 12,",0.0,10206,11201
996,S3474,DateAxis.java,1156,"units.add(new DateTickUnit(DateTickUnit.DAY, 1,",0.0,10206,11201
996,S3475,DateAxis.java,1158,"units.add(new DateTickUnit(DateTickUnit.DAY, 2,",0.0,10206,11201
996,S3476,DateAxis.java,1160,"units.add(new DateTickUnit(DateTickUnit.DAY, 7,",0.0,10206,11201
996,S3477,DateAxis.java,1162,"units.add(new DateTickUnit(DateTickUnit.DAY, 15,",0.0,10206,11201
996,S3478,DateAxis.java,1166,"units.add(new DateTickUnit(DateTickUnit.MONTH, 1,",0.0,10206,11201
996,S3479,DateAxis.java,1168,"units.add(new DateTickUnit(DateTickUnit.MONTH, 2,",0.0,10206,11201
996,S3480,DateAxis.java,1170,"units.add(new DateTickUnit(DateTickUnit.MONTH, 3,",0.0,10206,11201
996,S3481,DateAxis.java,1172,"units.add(new DateTickUnit(DateTickUnit.MONTH, 4,",0.0,10206,11201
996,S3482,DateAxis.java,1174,"units.add(new DateTickUnit(DateTickUnit.MONTH, 6,",0.0,10206,11201
996,S3483,DateAxis.java,1178,"units.add(new DateTickUnit(DateTickUnit.YEAR, 1,",0.0,10206,11201
996,S3484,DateAxis.java,1180,"units.add(new DateTickUnit(DateTickUnit.YEAR, 2,",0.0,10206,11201
996,S3485,DateAxis.java,1182,"units.add(new DateTickUnit(DateTickUnit.YEAR, 5,",0.0,10206,11201
996,S3486,DateAxis.java,1184,"units.add(new DateTickUnit(DateTickUnit.YEAR, 10,",0.0,10206,11201
996,S3487,DateAxis.java,1186,"units.add(new DateTickUnit(DateTickUnit.YEAR, 25,",0.0,10206,11201
996,S3488,DateAxis.java,1188,"units.add(new DateTickUnit(DateTickUnit.YEAR, 50,",0.0,10206,11201
996,S3489,DateAxis.java,1190,"units.add(new DateTickUnit(DateTickUnit.YEAR, 100,",0.0,10206,11201
996,S3490,DateAxis.java,1193,return units;,0.0,10206,11201
996,S3491,DateAxis.java,1202,Plot plot = getPlot();,0.0,10206,11201
996,S3492,DateAxis.java,1204,if (plot == null) {,0.0,10206,11201
996,S3493,DateAxis.java,1205,"return;  // no plot, no data",0.0,10206,11201
996,S3494,DateAxis.java,1208,if (plot instanceof ValueAxisPlot) {,0.0,10206,11201
996,S3495,DateAxis.java,1209,ValueAxisPlot vap = (ValueAxisPlot) plot;,0.0,10206,11201
996,S3496,DateAxis.java,1211,Range r = vap.getDataRange(this);,0.0,10206,11201
996,S3497,DateAxis.java,1212,if (r == null) {,0.0,10206,11201
996,S3498,DateAxis.java,1213,if (this.timeline instanceof SegmentedTimeline) {,0.0,10206,11201
996,S3499,DateAxis.java,1221,r = new DateRange();,0.0,10206,11201
996,S3500,DateAxis.java,1225,long upper = this.timeline.toTimelineValue(,0.0,10206,11201
996,S3501,DateAxis.java,1228,long fixedAutoRange = (long) getFixedAutoRange();,0.0,10206,11201
996,S3502,DateAxis.java,1229,if (fixedAutoRange > 0.0) {,0.0,10206,11201
996,S3503,DateAxis.java,1233,lower = this.timeline.toTimelineValue((long) r.getLowerBound());,0.0,10206,11201
996,S3504,DateAxis.java,1234,double range = upper - lower;,0.0,10206,11201
996,S3505,DateAxis.java,1235,long minRange = (long) getAutoRangeMinimumSize();,0.0,10206,11201
996,S3506,DateAxis.java,1236,if (range < minRange) {,0.0,10206,11201
996,S3507,DateAxis.java,1237,long expand = (long) (minRange - range) / 2;,0.0,10206,11201
996,S3508,DateAxis.java,1238,upper = upper + expand;,0.0,10206,11201
996,S3509,DateAxis.java,1239,lower = lower - expand;,0.0,10206,11201
996,S3510,DateAxis.java,1241,upper = upper + (long) (range * getUpperMargin());,0.0,10206,11201
996,S3511,DateAxis.java,1242,lower = lower - (long) (range * getLowerMargin());,0.0,10206,11201
996,S3512,DateAxis.java,1245,upper = this.timeline.toMillisecond(upper);,0.0,10206,11201
996,S3513,DateAxis.java,1246,lower = this.timeline.toMillisecond(lower);,0.0,10206,11201
996,S3514,DateAxis.java,1247,"DateRange dr = new DateRange(new Date(lower), new Date(upper));",0.0,10206,11201
996,S3515,DateAxis.java,1248,"setRange(dr, false, false);",0.0,10206,11201
996,S3516,DateAxis.java,1266,if (RectangleEdge.isTopOrBottom(edge)) {,0.0,10206,11201
996,S3517,DateAxis.java,1267,"selectHorizontalAutoTickUnit(g2, dataArea, edge);",0.0,10206,11201
996,S3518,DateAxis.java,1288,long shift = 0;,0.0,10206,11201
996,S3519,DateAxis.java,1289,if (this.timeline instanceof SegmentedTimeline) {,0.0,10206,11201
996,S3520,DateAxis.java,1292,"double zero = valueToJava2D(shift + 0.0, dataArea, edge);",0.0,10206,11201
996,S3521,DateAxis.java,1293,double tickLabelWidth,0.0,10206,11201
996,S3522,DateAxis.java,1297,TickUnitSource tickUnits = getStandardTickUnits();,0.0,10206,11201
996,S3523,DateAxis.java,1298,TickUnit unit1 = tickUnits.getCeilingTickUnit(getTickUnit());,0.0,10206,11201
996,S3524,DateAxis.java,1299,"double x1 = valueToJava2D(shift + unit1.getSize(), dataArea, edge);",0.0,10206,11201
996,S3525,DateAxis.java,1300,double unit1Width = Math.abs(x1 - zero);,0.0,10206,11201
996,S3526,DateAxis.java,1303,double guess = (tickLabelWidth / unit1Width) * unit1.getSize();,0.0,10206,11201
996,S3527,DateAxis.java,1304,DateTickUnit unit2 = (DateTickUnit) tickUnits.getCeilingTickUnit(guess);,0.0,10206,11201
996,S3528,DateAxis.java,1305,"double x2 = valueToJava2D(shift + unit2.getSize(), dataArea, edge);",0.0,10206,11201
996,S3529,DateAxis.java,1306,double unit2Width = Math.abs(x2 - zero);,0.0,10206,11201
996,S3530,DateAxis.java,1307,"tickLabelWidth = estimateMaximumTickLabelWidth(g2, unit2);",0.0,10206,11201
996,S3531,DateAxis.java,1308,if (tickLabelWidth > unit2Width) {,0.0,10206,11201
996,S3532,DateAxis.java,1311,"setTickUnit(unit2, false, false);",0.0,10206,11201
996,S3533,DateAxis.java,1376,RectangleInsets tickLabelInsets = getTickLabelInsets();,0.0,10206,11201
996,S3534,DateAxis.java,1377,double result = tickLabelInsets.getLeft() + tickLabelInsets.getRight();,0.0,10206,11201
996,S3535,DateAxis.java,1379,Font tickLabelFont = getTickLabelFont();,0.0,10206,11201
996,S3536,DateAxis.java,1380,FontRenderContext frc = g2.getFontRenderContext();,0.0,10206,11201
996,S3537,DateAxis.java,1381,"LineMetrics lm = tickLabelFont.getLineMetrics(""ABCxyz"", frc);",0.0,10206,11201
996,S3538,DateAxis.java,1382,if (isVerticalTickLabels()) {,0.0,10206,11201
996,S3539,DateAxis.java,1389,DateRange range = (DateRange) getRange();,0.0,10206,11201
996,S3540,DateAxis.java,1390,Date lower = range.getLowerDate();,0.0,10206,11201
996,S3541,DateAxis.java,1391,Date upper = range.getUpperDate();,0.0,10206,11201
996,S3542,DateAxis.java,1392,String lowerStr = null;,0.0,10206,11201
996,S3543,DateAxis.java,1393,String upperStr = null;,0.0,10206,11201
996,S3544,DateAxis.java,1394,DateFormat formatter = getDateFormatOverride();,0.0,10206,11201
996,S3545,DateAxis.java,1395,if (formatter != null) {,0.0,10206,11201
996,S3546,DateAxis.java,1400,lowerStr = unit.dateToString(lower);,0.0,10206,11201
996,S3547,DateAxis.java,1401,upperStr = unit.dateToString(upper);,0.0,10206,11201
996,S3548,DateAxis.java,1403,FontMetrics fm = g2.getFontMetrics(tickLabelFont);,0.0,10206,11201
996,S3549,DateAxis.java,1404,double w1 = fm.stringWidth(lowerStr);,0.0,10206,11201
996,S3550,DateAxis.java,1405,double w2 = fm.stringWidth(upperStr);,0.0,10206,11201
996,S3551,DateAxis.java,1406,"result += Math.max(w1, w2);",0.0,10206,11201
996,S3552,DateAxis.java,1409,return result;,0.0,10206,11201
996,S3553,DateAxis.java,1482,List result = null;,0.0,10206,11201
996,S3554,DateAxis.java,1483,if (RectangleEdge.isTopOrBottom(edge)) {,0.0,10206,11201
996,S3555,DateAxis.java,1484,"result = refreshTicksHorizontal(g2, dataArea, edge);",0.0,10206,11201
996,S3556,DateAxis.java,1489,return result;,0.0,10206,11201
996,S3557,DateAxis.java,1506,List result = new java.util.ArrayList();,0.0,10206,11201
996,S3558,DateAxis.java,1508,Font tickLabelFont = getTickLabelFont();,0.0,10206,11201
996,S3559,DateAxis.java,1509,g2.setFont(tickLabelFont);,0.0,10206,11201
996,S3560,DateAxis.java,1511,if (isAutoTickUnitSelection()) {,0.0,10206,11201
996,S3561,DateAxis.java,1512,"selectAutoTickUnit(g2, dataArea, edge);",0.0,10206,11201
996,S3562,DateAxis.java,1515,DateTickUnit unit = getTickUnit();,0.0,10206,11201
996,S3563,DateAxis.java,1516,Date tickDate = calculateLowestVisibleTickValue(unit);,0.0,10206,11201
996,S3564,DateAxis.java,1517,Date upperDate = getMaximumDate();,0.0,10206,11201
996,S3565,DateAxis.java,1519,while (tickDate.before(upperDate)) {,0.0,10206,11201
996,S3566,DateAxis.java,1521,if (!isHiddenValue(tickDate.getTime())) {,0.0,10206,11201
996,S3567,DateAxis.java,1524,DateFormat formatter = getDateFormatOverride();,0.0,10206,11201
996,S3568,DateAxis.java,1525,if (formatter != null) {,0.0,10206,11201
996,S3569,DateAxis.java,1529,tickLabel = this.tickUnit.dateToString(tickDate);,0.0,10206,11201
996,S3570,DateAxis.java,1531,TextAnchor anchor = null;,0.0,10206,11201
996,S3571,DateAxis.java,1532,TextAnchor rotationAnchor = null;,0.0,10206,11201
996,S3572,DateAxis.java,1533,double angle = 0.0;,0.0,10206,11201
996,S3573,DateAxis.java,1534,if (isVerticalTickLabels()) {,0.0,10206,11201
996,S3574,DateAxis.java,1545,if (edge == RectangleEdge.TOP) {,0.0,10206,11201
996,S3575,DateAxis.java,1546,anchor = TextAnchor.BOTTOM_CENTER;,0.0,10206,11201
996,S3576,DateAxis.java,1547,rotationAnchor = TextAnchor.BOTTOM_CENTER;,0.0,10206,11201
996,S3577,DateAxis.java,1550,anchor = TextAnchor.TOP_CENTER;,0.0,10206,11201
996,S3578,DateAxis.java,1551,rotationAnchor = TextAnchor.TOP_CENTER;,0.0,10206,11201
996,S3579,DateAxis.java,1555,"Tick tick = new DateTick(tickDate, tickLabel, anchor,",0.0,10206,11201
996,S3580,DateAxis.java,1557,result.add(tick);,0.0,10206,11201
996,S3581,DateAxis.java,1558,"tickDate = unit.addToDate(tickDate, this.timeZone);",0.0,10206,11201
996,S3582,DateAxis.java,1566,switch (unit.getUnit()) {,0.0,10206,11201
996,S3583,DateAxis.java,1573,break;,0.0,10206,11201
996,S3584,DateAxis.java,1575,"tickDate = calculateDateForPosition(new Month(tickDate,",0.0,10206,11201
996,S3585,DateAxis.java,1577,break;,0.0,10206,11201
996,S3586,DateAxis.java,1588,return result;,0.0,10206,11201
996,S3587,DateAxis.java,1689,if (!isVisible()) {,0.0,10206,11201
996,S3588,DateAxis.java,1699,"AxisState state = drawTickMarksAndLabels(g2, cursor, plotArea,",0.0,10206,11201
996,S3589,DateAxis.java,1704,"state = drawLabel(getLabel(), g2, plotArea, dataArea, edge, state,",0.0,10206,11201
996,S3590,DateAxis.java,1707,return state;,0.0,10206,11201
996,S3591,DateAxis.java,1749,if (obj == this) {,0.0,10206,11201
996,S3592,DateAxis.java,1752,if (!(obj instanceof DateAxis)) {,0.0,10206,11201
996,S3593,DateAxis.java,1755,DateAxis that = (DateAxis) obj;,0.0,10206,11201
996,S3594,DateAxis.java,1756,"if (!ObjectUtilities.equal(this.tickUnit, that.tickUnit)) {",0.0,10206,11201
996,S3595,DateAxis.java,1759,"if (!ObjectUtilities.equal(this.dateFormatOverride,",0.0,10206,11201
996,S3596,DateAxis.java,1763,"if (!ObjectUtilities.equal(this.tickMarkPosition,",0.0,10206,11201
996,S3597,DateAxis.java,1767,"if (!ObjectUtilities.equal(this.timeline, that.timeline)) {",0.0,10206,11201
996,S3598,DateAxis.java,1770,if (!super.equals(obj)) {,0.0,10206,11201
996,S3599,DateAxis.java,1773,return true;,0.0,10206,11201
996,S3600,DateAxis.java,1782,if (getLabel() != null) {,0.0,10206,11201
996,S3601,DateAxis.java,1783,return getLabel().hashCode();,0.0,10206,11201
996,S3602,DateRange.java,70,"this(new Date(0), new Date(1));",0.0,10206,11201
996,S3603,DateRange.java,81,"super(lower.getTime(), upper.getTime());",0.0,10206,11201
996,S3604,DateRange.java,82,this.lowerDate = lower;,0.0,10206,11201
996,S3605,DateRange.java,83,this.upperDate = upper;,0.0,10206,11201
996,S3606,DateRange.java,118,return this.lowerDate;,0.0,10206,11201
996,S3607,DateRange.java,127,return this.upperDate;,0.0,10206,11201
996,S3608,DateTick.java,72,"super(date.getTime(), label, textAnchor, rotationAnchor, angle);",0.0,10206,11201
996,S3609,DateTick.java,73,this.date = date;,0.0,10206,11201
996,S3610,DateTickMarkPosition.java,56,public static final DateTickMarkPosition START,0.0,10206,11201
996,S3611,DateTickMarkPosition.java,60,public static final DateTickMarkPosition MIDDLE,0.0,10206,11201
996,S3612,DateTickMarkPosition.java,64,public static final DateTickMarkPosition END,0.0,10206,11201
996,S3613,DateTickMarkPosition.java,75,private DateTickMarkPosition(String name) {,0.0,10206,11201
996,S3614,DateTickMarkPosition.java,76,this.name = name;,0.0,10206,11201
996,S3615,DateTickMarkPosition.java,85,return this.name;,0.0,10206,11201
996,S3616,DateTickMarkPosition.java,98,if (this == obj) {,0.0,10206,11201
996,S3617,DateTickMarkPosition.java,101,if (!(obj instanceof DateTickMarkPosition)) {,0.0,10206,11201
996,S3618,DateTickMarkPosition.java,104,DateTickMarkPosition position = (DateTickMarkPosition) obj;,0.0,10206,11201
996,S3619,DateTickMarkPosition.java,105,if (!this.name.equals(position.toString())) {,0.0,10206,11201
996,S3620,DateTickMarkPosition.java,108,return true;,0.0,10206,11201
996,S3621,DateTickMarkPosition.java,120,if (this.equals(DateTickMarkPosition.START)) {,0.0,10206,11201
996,S3622,DateTickMarkPosition.java,121,return DateTickMarkPosition.START;,0.0,10206,11201
996,S3623,DateTickUnit.java,131,"this(unit, count, unit, count, formatter);",0.0,10206,11201
996,S3624,DateTickUnit.java,146,"super(DateTickUnit.getMillisecondCount(unit, count));",0.0,10206,11201
996,S3625,DateTickUnit.java,147,this.unit = unit;,0.0,10206,11201
996,S3626,DateTickUnit.java,148,this.count = count;,0.0,10206,11201
996,S3627,DateTickUnit.java,149,this.rollUnit = rollUnit;,0.0,10206,11201
996,S3628,DateTickUnit.java,150,this.rollCount = rollCount;,0.0,10206,11201
996,S3629,DateTickUnit.java,151,this.formatter = formatter;,0.0,10206,11201
996,S3630,DateTickUnit.java,152,if (formatter == null) {,0.0,10206,11201
996,S3631,DateTickUnit.java,168,return this.unit;,0.0,10206,11201
996,S3632,DateTickUnit.java,177,return this.count;,0.0,10206,11201
996,S3633,DateTickUnit.java,220,return this.formatter.format(date);,0.0,10206,11201
996,S3634,DateTickUnit.java,251,Calendar calendar = Calendar.getInstance(zone);,0.0,10206,11201
996,S3635,DateTickUnit.java,252,calendar.setTime(base);,0.0,10206,11201
996,S3636,DateTickUnit.java,253,"calendar.add(getCalendarField(this.unit), this.count);",0.0,10206,11201
996,S3637,DateTickUnit.java,254,return calendar.getTime();,0.0,10206,11201
996,S3638,DateTickUnit.java,300,return getCalendarField(this.unit);,0.0,10206,11201
996,S3639,DateTickUnit.java,315,switch (tickUnit) {,0.0,10206,11201
996,S3640,DateTickUnit.java,319,return Calendar.MONTH;,0.0,10206,11201
996,S3641,DateTickUnit.java,329,return Calendar.MILLISECOND;,0.0,10206,11201
996,S3642,DateTickUnit.java,350,switch (unit) {,0.0,10206,11201
996,S3643,DateTickUnit.java,352,return (365L * 24L * 60L * 60L * 1000L) * count;,0.0,10206,11201
996,S3644,DateTickUnit.java,354,return (31L * 24L * 60L * 60L * 1000L) * count;,0.0,10206,11201
996,S3645,DateTickUnit.java,356,return (24L * 60L * 60L * 1000L) * count;,0.0,10206,11201
996,S3646,DateTickUnit.java,358,return (60L * 60L * 1000L) * count;,0.0,10206,11201
996,S3647,DateTickUnit.java,360,return (60L * 1000L) * count;,0.0,10206,11201
996,S3648,DateTickUnit.java,362,return 1000L * count;,0.0,10206,11201
996,S3649,DateTickUnit.java,364,return count;,0.0,10206,11201
996,S3650,DateTickUnit.java,385,if (obj == this) {,0.0,10206,11201
996,S3651,DateTickUnit.java,388,if (!(obj instanceof DateTickUnit)) {,0.0,10206,11201
996,S3652,DateTickUnit.java,391,if (!super.equals(obj)) {,0.0,10206,11201
996,S3653,DateTickUnit.java,394,DateTickUnit that = (DateTickUnit) obj;,0.0,10206,11201
996,S3654,DateTickUnit.java,395,if (this.unit != that.unit) {,0.0,10206,11201
996,S3655,DateTickUnit.java,398,if (this.count != that.count) {,0.0,10206,11201
996,S3656,DateTickUnit.java,401,"if (!ObjectUtilities.equal(this.formatter, that.formatter)) {",0.0,10206,11201
996,S3657,DateTickUnit.java,404,return true;,0.0,10206,11201
996,S3658,DateTickUnit.java,423,"private static final String[] units = {""YEAR"", ""MONTH"", ""DAY"", ""HOUR"",",0.0,10206,11201
996,S3659,Day.java,83,protected static final DateFormat DATE_FORMAT,0.0,10206,11201
996,S3660,Day.java,88,DATE_FORMAT_SHORT = DateFormat.getDateInstance(DateFormat.SHORT);,0.0,10206,11201
996,S3661,Day.java,92,DATE_FORMAT_MEDIUM = DateFormat.getDateInstance(DateFormat.MEDIUM);,0.0,10206,11201
996,S3662,Day.java,96,DATE_FORMAT_LONG = DateFormat.getDateInstance(DateFormat.LONG);,0.0,10206,11201
996,S3663,Day.java,112,this(new Date());,0.0,10206,11201
996,S3664,Day.java,122,"public Day(int day, int month, int year) {",0.0,10206,11201
996,S3665,Day.java,123,"this.serialDate = SerialDate.createInstance(day, month, year);",0.0,10206,11201
996,S3666,Day.java,124,peg(Calendar.getInstance());,0.0,10206,11201
996,S3667,Day.java,132,public Day(SerialDate serialDate) {,0.0,10206,11201
996,S3668,Day.java,133,if (serialDate == null) {,0.0,10206,11201
996,S3669,Day.java,136,this.serialDate = serialDate;,0.0,10206,11201
996,S3670,Day.java,137,peg(Calendar.getInstance());,0.0,10206,11201
996,S3671,Day.java,148,"this(time, RegularTimePeriod.DEFAULT_TIME_ZONE);",0.0,10206,11201
996,S3672,Day.java,157,"public Day(Date time, TimeZone zone) {",0.0,10206,11201
996,S3673,Day.java,158,if (time == null) {,0.0,10206,11201
996,S3674,Day.java,161,if (zone == null) {,0.0,10206,11201
996,S3675,Day.java,164,Calendar calendar = Calendar.getInstance(zone);,0.0,10206,11201
996,S3676,Day.java,165,calendar.setTime(time);,0.0,10206,11201
996,S3677,Day.java,166,int d = calendar.get(Calendar.DAY_OF_MONTH);,0.0,10206,11201
996,S3678,Day.java,167,int m = calendar.get(Calendar.MONTH) + 1;,0.0,10206,11201
996,S3679,Day.java,168,int y = calendar.get(Calendar.YEAR);,0.0,10206,11201
996,S3680,Day.java,169,"this.serialDate = SerialDate.createInstance(d, m, y);",0.0,10206,11201
996,S3681,Day.java,170,peg(calendar);,0.0,10206,11201
996,S3682,Day.java,183,return this.serialDate;,0.0,10206,11201
996,S3683,Day.java,250,this.firstMillisecond = getFirstMillisecond(calendar);,0.0,10206,11201
996,S3684,Day.java,251,this.lastMillisecond = getLastMillisecond(calendar);,0.0,10206,11201
996,S3685,Day.java,284,int serial = this.serialDate.toSerial();,0.0,10206,11201
996,S3686,Day.java,285,if (serial < SerialDate.SERIAL_UPPER_BOUND) {,0.0,10206,11201
996,S3687,Day.java,286,SerialDate tomorrow = SerialDate.createInstance(serial + 1);,0.0,10206,11201
996,S3688,Day.java,287,return new Day(tomorrow);,0.0,10206,11201
996,S3689,Day.java,302,return this.serialDate.toSerial();,0.0,10206,11201
996,S3690,Day.java,317,int year = this.serialDate.getYYYY();,0.0,10206,11201
996,S3691,Day.java,318,int month = this.serialDate.getMonth();,0.0,10206,11201
996,S3692,Day.java,319,int day = this.serialDate.getDayOfMonth();,0.0,10206,11201
996,S3693,Day.java,320,calendar.clear();,0.0,10206,11201
996,S3694,Day.java,321,"calendar.set(year, month - 1, day, 0, 0, 0);",0.0,10206,11201
996,S3695,Day.java,322,"calendar.set(Calendar.MILLISECOND, 0);",0.0,10206,11201
996,S3696,Day.java,324,return calendar.getTime().getTime();,0.0,10206,11201
996,S3697,Day.java,339,int year = this.serialDate.getYYYY();,0.0,10206,11201
996,S3698,Day.java,340,int month = this.serialDate.getMonth();,0.0,10206,11201
996,S3699,Day.java,341,int day = this.serialDate.getDayOfMonth();,0.0,10206,11201
996,S3700,Day.java,342,calendar.clear();,0.0,10206,11201
996,S3701,Day.java,343,"calendar.set(year, month - 1, day, 23, 59, 59);",0.0,10206,11201
996,S3702,Day.java,344,"calendar.set(Calendar.MILLISECOND, 999);",0.0,10206,11201
996,S3703,Day.java,346,return calendar.getTime().getTime();,0.0,10206,11201
996,S3704,Day.java,404,if (o1 instanceof Day) {,0.0,10206,11201
996,S3705,Day.java,405,Day d = (Day) o1;,0.0,10206,11201
996,S3706,Day.java,406,result = -d.getSerialDate().compare(this.serialDate);,0.0,10206,11201
996,S3707,Day.java,423,return result;,0.0,10206,11201
996,S3708,DefaultCategoryDataset.java,73,public DefaultCategoryDataset() {,0.0,10206,11201
996,S3709,DefaultCategoryDataset.java,74,this.data = new DefaultKeyedValues2D();,0.0,10206,11201
996,S3710,DefaultCategoryDataset.java,85,return this.data.getRowCount();,0.0,10206,11201
996,S3711,DefaultCategoryDataset.java,96,return this.data.getColumnCount();,0.0,10206,11201
996,S3712,DefaultCategoryDataset.java,111,"return this.data.getValue(row, column);",0.0,10206,11201
996,S3713,DefaultCategoryDataset.java,126,return this.data.getRowKey(row);,0.0,10206,11201
996,S3714,DefaultCategoryDataset.java,164,return this.data.getColumnKey(column);,0.0,10206,11201
996,S3715,DefaultCategoryDataset.java,178,return this.data.getColumnIndex(key);,0.0,10206,11201
996,S3716,DefaultCategoryDataset.java,205,"return this.data.getValue(rowKey, columnKey);",0.0,10206,11201
996,S3717,DefaultCategoryDataset.java,220,"this.data.addValue(value, rowKey, columnKey);",0.0,10206,11201
996,S3718,DefaultCategoryDataset.java,221,fireDatasetChanged();,0.0,10206,11201
996,S3719,DefaultCategoryDataset.java,235,"addValue(new Double(value), rowKey, columnKey);",0.0,10206,11201
996,S3720,DefaultCategoryDataset.java,250,"this.data.setValue(value, rowKey, columnKey);",0.0,10206,11201
996,S3721,DefaultCategoryDataset.java,251,fireDatasetChanged();,0.0,10206,11201
996,S3722,DefaultCategoryDataset.java,266,"setValue(new Double(value), rowKey, columnKey);",0.0,10206,11201
996,S3730,DefaultDrawingSupplier.java,171,Shape[] shapeSequence) {,0.0,10206,11201
996,S3731,DefaultDrawingSupplier.java,173,this.paintSequence = paintSequence;,0.0,10206,11201
996,S3732,DefaultDrawingSupplier.java,174,this.fillPaintSequence = DEFAULT_FILL_PAINT_SEQUENCE;,0.0,10206,11201
996,S3733,DefaultDrawingSupplier.java,175,this.outlinePaintSequence = outlinePaintSequence;,0.0,10206,11201
996,S3734,DefaultDrawingSupplier.java,176,this.strokeSequence = strokeSequence;,0.0,10206,11201
996,S3735,DefaultDrawingSupplier.java,177,this.outlineStrokeSequence = outlineStrokeSequence;,0.0,10206,11201
996,S3736,DefaultDrawingSupplier.java,178,this.shapeSequence = shapeSequence;,0.0,10206,11201
996,S3744,DefaultDrawingSupplier.java,213,Paint result,0.0,10206,11201
996,S3745,DefaultDrawingSupplier.java,215,this.paintIndex++;,0.0,10206,11201
996,S3746,DefaultDrawingSupplier.java,216,return result;,0.0,10206,11201
996,S3747,DefaultDrawingSupplier.java,275,Shape result = this.shapeSequence[,0.0,10206,11201
996,S3748,DefaultDrawingSupplier.java,277,this.shapeIndex++;,0.0,10206,11201
996,S3749,DefaultDrawingSupplier.java,278,return result;,0.0,10206,11201
996,S3776,DefaultDrawingSupplier.java,348,if (obj == this) {,0.0,10206,11201
996,S3777,DefaultDrawingSupplier.java,352,if (!(obj instanceof DefaultDrawingSupplier)) {,0.0,10206,11201
996,S3778,DefaultDrawingSupplier.java,356,DefaultDrawingSupplier that = (DefaultDrawingSupplier) obj;,0.0,10206,11201
996,S3779,DefaultDrawingSupplier.java,358,"if (!Arrays.equals(this.paintSequence, that.paintSequence)) {",0.0,10206,11201
996,S3780,DefaultDrawingSupplier.java,359,return false;,0.0,10206,11201
996,S3781,DefaultDrawingSupplier.java,361,if (this.paintIndex != that.paintIndex) {,0.0,10206,11201
996,S3782,DefaultDrawingSupplier.java,364,"if (!Arrays.equals(this.outlinePaintSequence,",0.0,10206,11201
996,S3783,DefaultDrawingSupplier.java,368,if (this.outlinePaintIndex != that.outlinePaintIndex) {,0.0,10206,11201
996,S3784,DefaultDrawingSupplier.java,371,"if (!Arrays.equals(this.strokeSequence, that.strokeSequence)) {",0.0,10206,11201
996,S3785,DefaultDrawingSupplier.java,374,if (this.strokeIndex != that.strokeIndex) {,0.0,10206,11201
996,S3786,DefaultDrawingSupplier.java,377,"if (!Arrays.equals(this.outlineStrokeSequence,",0.0,10206,11201
996,S3787,DefaultDrawingSupplier.java,381,if (this.outlineStrokeIndex != that.outlineStrokeIndex) {,0.0,10206,11201
996,S3788,DefaultDrawingSupplier.java,384,"if (!equalShapes(this.shapeSequence, that.shapeSequence)) {",0.0,10206,11201
996,S3789,DefaultDrawingSupplier.java,387,if (this.shapeIndex != that.shapeIndex) {,0.0,10206,11201
996,S3790,DefaultDrawingSupplier.java,390,return true;,0.0,10206,11201
996,S3791,DefaultDrawingSupplier.java,403,if (s1 == null) {,0.0,10206,11201
996,S3792,DefaultDrawingSupplier.java,406,if (s2 == null) {,0.0,10206,11201
996,S3793,DefaultDrawingSupplier.java,409,if (s1.length != s2.length) {,0.0,10206,11201
996,S3794,DefaultDrawingSupplier.java,412,for (int i = 0; i < s1.length; i++) {,0.0,10206,11201
996,S3795,DefaultDrawingSupplier.java,413,"if (!ShapeUtilities.equal(s1[i], s2[i])) {",0.0,10206,11201
996,S3796,DefaultDrawingSupplier.java,417,return true;,0.0,10206,11201
996,S3797,DefaultDrawingSupplier.java,428,stream.defaultWriteObject();,0.0,10206,11201
996,S3798,DefaultDrawingSupplier.java,430,int paintCount = this.paintSequence.length;,0.0,10206,11201
996,S3799,DefaultDrawingSupplier.java,431,stream.writeInt(paintCount);,0.0,10206,11201
996,S3800,DefaultDrawingSupplier.java,432,for (int i = 0; i < paintCount; i++) {,0.0,10206,11201
996,S3801,DefaultDrawingSupplier.java,433,"SerialUtilities.writePaint(this.paintSequence[i], stream);",0.0,10206,11201
996,S3802,DefaultDrawingSupplier.java,436,int outlinePaintCount = this.outlinePaintSequence.length;,0.0,10206,11201
996,S3803,DefaultDrawingSupplier.java,437,stream.writeInt(outlinePaintCount);,0.0,10206,11201
996,S3804,DefaultDrawingSupplier.java,438,for (int i = 0; i < outlinePaintCount; i++) {,0.0,10206,11201
996,S3805,DefaultDrawingSupplier.java,439,"SerialUtilities.writePaint(this.outlinePaintSequence[i], stream);",0.0,10206,11201
996,S3806,DefaultDrawingSupplier.java,442,int strokeCount = this.strokeSequence.length;,0.0,10206,11201
996,S3807,DefaultDrawingSupplier.java,443,stream.writeInt(strokeCount);,0.0,10206,11201
996,S3808,DefaultDrawingSupplier.java,444,for (int i = 0; i < strokeCount; i++) {,0.0,10206,11201
996,S3809,DefaultDrawingSupplier.java,445,"SerialUtilities.writeStroke(this.strokeSequence[i], stream);",0.0,10206,11201
996,S3810,DefaultDrawingSupplier.java,448,int outlineStrokeCount = this.outlineStrokeSequence.length;,0.0,10206,11201
996,S3811,DefaultDrawingSupplier.java,449,stream.writeInt(outlineStrokeCount);,0.0,10206,11201
996,S3812,DefaultDrawingSupplier.java,450,for (int i = 0; i < outlineStrokeCount; i++) {,0.0,10206,11201
996,S3813,DefaultDrawingSupplier.java,451,"SerialUtilities.writeStroke(this.outlineStrokeSequence[i], stream);",0.0,10206,11201
996,S3814,DefaultDrawingSupplier.java,454,int shapeCount = this.shapeSequence.length;,0.0,10206,11201
996,S3815,DefaultDrawingSupplier.java,455,stream.writeInt(shapeCount);,0.0,10206,11201
996,S3816,DefaultDrawingSupplier.java,456,for (int i = 0; i < shapeCount; i++) {,0.0,10206,11201
996,S3817,DefaultDrawingSupplier.java,457,"SerialUtilities.writeShape(this.shapeSequence[i], stream);",0.0,10206,11201
996,S3818,DefaultDrawingSupplier.java,472,stream.defaultReadObject();,0.0,10206,11201
996,S3819,DefaultDrawingSupplier.java,474,int paintCount = stream.readInt();,0.0,10206,11201
996,S3820,DefaultDrawingSupplier.java,475,this.paintSequence = new Paint[paintCount];,0.0,10206,11201
996,S3821,DefaultDrawingSupplier.java,476,for (int i = 0; i < paintCount; i++) {,0.0,10206,11201
996,S3822,DefaultDrawingSupplier.java,477,this.paintSequence[i] = SerialUtilities.readPaint(stream);,0.0,10206,11201
996,S3823,DefaultDrawingSupplier.java,480,int outlinePaintCount = stream.readInt();,0.0,10206,11201
996,S3824,DefaultDrawingSupplier.java,481,this.outlinePaintSequence = new Paint[outlinePaintCount];,0.0,10206,11201
996,S3825,DefaultDrawingSupplier.java,482,for (int i = 0; i < outlinePaintCount; i++) {,0.0,10206,11201
996,S3826,DefaultDrawingSupplier.java,483,this.outlinePaintSequence[i] = SerialUtilities.readPaint(stream);,0.0,10206,11201
996,S3827,DefaultDrawingSupplier.java,486,int strokeCount = stream.readInt();,0.0,10206,11201
996,S3828,DefaultDrawingSupplier.java,487,this.strokeSequence = new Stroke[strokeCount];,0.0,10206,11201
996,S3829,DefaultDrawingSupplier.java,488,for (int i = 0; i < strokeCount; i++) {,0.0,10206,11201
996,S3830,DefaultDrawingSupplier.java,489,this.strokeSequence[i] = SerialUtilities.readStroke(stream);,0.0,10206,11201
996,S3831,DefaultDrawingSupplier.java,492,int outlineStrokeCount = stream.readInt();,0.0,10206,11201
996,S3832,DefaultDrawingSupplier.java,493,this.outlineStrokeSequence = new Stroke[outlineStrokeCount];,0.0,10206,11201
996,S3833,DefaultDrawingSupplier.java,494,for (int i = 0; i < outlineStrokeCount; i++) {,0.0,10206,11201
996,S3834,DefaultDrawingSupplier.java,495,this.outlineStrokeSequence[i] = SerialUtilities.readStroke(stream);,0.0,10206,11201
996,S3835,DefaultDrawingSupplier.java,498,int shapeCount = stream.readInt();,0.0,10206,11201
996,S3836,DefaultDrawingSupplier.java,499,this.shapeSequence = new Shape[shapeCount];,0.0,10206,11201
996,S3837,DefaultDrawingSupplier.java,500,for (int i = 0; i < shapeCount; i++) {,0.0,10206,11201
996,S3838,DefaultDrawingSupplier.java,501,this.shapeSequence[i] = SerialUtilities.readShape(stream);,0.0,10206,11201
996,S3841,DefaultDrawingSupplier.java,544,DefaultDrawingSupplier clone = (DefaultDrawingSupplier) super.clone();,0.0,10206,11201
996,S3842,DefaultDrawingSupplier.java,545,return clone;,0.0,10206,11201
996,S3843,DefaultKeyedValues.java,98,public DefaultKeyedValues() {,0.0,10206,11201
996,S3844,DefaultKeyedValues.java,99,this.keys = new ArrayList();,0.0,10206,11201
996,S3845,DefaultKeyedValues.java,100,this.values = new ArrayList();,0.0,10206,11201
996,S3846,DefaultKeyedValues.java,101,this.indexMap = new HashMap();,0.0,10206,11201
996,S3847,DefaultKeyedValues.java,110,return this.indexMap.size();,0.0,10206,11201
996,S3848,DefaultKeyedValues.java,123,return (Number) this.values.get(item);,0.0,10206,11201
996,S3849,DefaultKeyedValues.java,136,return (Comparable) this.keys.get(index);,0.0,10206,11201
996,S3850,DefaultKeyedValues.java,150,if (key == null) {,0.0,10206,11201
996,S3851,DefaultKeyedValues.java,153,final Integer i = (Integer) this.indexMap.get(key);,0.0,10206,11201
996,S3852,DefaultKeyedValues.java,154,if (i == null) {,0.0,10206,11201
996,S3853,DefaultKeyedValues.java,155,return -1;  // key not found,0.0,10206,11201
996,S3854,DefaultKeyedValues.java,157,return i.intValue();,0.0,10206,11201
996,S3855,DefaultKeyedValues.java,166,return (List) this.keys.clone();,0.0,10206,11201
996,S3856,DefaultKeyedValues.java,181,int index = getIndex(key);,0.0,10206,11201
996,S3857,DefaultKeyedValues.java,182,if (index < 0) {,0.0,10206,11201
996,S3858,DefaultKeyedValues.java,185,return getValue(index);,0.0,10206,11201
996,S3859,DefaultKeyedValues.java,209,"setValue(key, value);",0.0,10206,11201
996,S3860,DefaultKeyedValues.java,229,if (key == null) {,0.0,10206,11201
996,S3861,DefaultKeyedValues.java,232,int keyIndex = getIndex(key);,0.0,10206,11201
996,S3862,DefaultKeyedValues.java,233,if (keyIndex >= 0) {,0.0,10206,11201
996,S3863,DefaultKeyedValues.java,234,"this.keys.set(keyIndex, key);",0.0,10206,11201
996,S3864,DefaultKeyedValues.java,235,"this.values.set(keyIndex, value);",0.0,10206,11201
996,S3865,DefaultKeyedValues.java,238,this.keys.add(key);,0.0,10206,11201
996,S3866,DefaultKeyedValues.java,239,this.values.add(value);,0.0,10206,11201
996,S3867,DefaultKeyedValues.java,240,"this.indexMap.put(key, new Integer(this.keys.size() - 1));",0.0,10206,11201
996,S3868,DefaultKeyedValues2D.java,95,this(false);,0.0,10206,11201
996,S3869,DefaultKeyedValues2D.java,103,public DefaultKeyedValues2D(boolean sortRowKeys) {,0.0,10206,11201
996,S3870,DefaultKeyedValues2D.java,104,this.rowKeys = new java.util.ArrayList();,0.0,10206,11201
996,S3871,DefaultKeyedValues2D.java,105,this.columnKeys = new java.util.ArrayList();,0.0,10206,11201
996,S3872,DefaultKeyedValues2D.java,106,this.rows = new java.util.ArrayList();,0.0,10206,11201
996,S3873,DefaultKeyedValues2D.java,107,this.sortRowKeys = sortRowKeys;,0.0,10206,11201
996,S3874,DefaultKeyedValues2D.java,118,return this.rowKeys.size();,0.0,10206,11201
996,S3875,DefaultKeyedValues2D.java,129,return this.columnKeys.size();,0.0,10206,11201
996,S3876,DefaultKeyedValues2D.java,143,Number result = null;,0.0,10206,11201
996,S3877,DefaultKeyedValues2D.java,144,DefaultKeyedValues rowData = (DefaultKeyedValues) this.rows.get(row);,0.0,10206,11201
996,S3878,DefaultKeyedValues2D.java,145,if (rowData != null) {,0.0,10206,11201
996,S3879,DefaultKeyedValues2D.java,146,Comparable columnKey = (Comparable) this.columnKeys.get(column);,0.0,10206,11201
996,S3880,DefaultKeyedValues2D.java,149,int index = rowData.getIndex(columnKey);,0.0,10206,11201
996,S3881,DefaultKeyedValues2D.java,150,if (index >= 0) {,0.0,10206,11201
996,S3882,DefaultKeyedValues2D.java,151,result = rowData.getValue(index);,0.0,10206,11201
996,S3883,DefaultKeyedValues2D.java,154,return result;,0.0,10206,11201
996,S3884,DefaultKeyedValues2D.java,168,return (Comparable) this.rowKeys.get(row);,0.0,10206,11201
996,S3885,DefaultKeyedValues2D.java,182,if (key == null) {,0.0,10206,11201
996,S3886,DefaultKeyedValues2D.java,185,if (this.sortRowKeys) {,0.0,10206,11201
996,S3887,DefaultKeyedValues2D.java,189,return this.rowKeys.indexOf(key);,0.0,10206,11201
996,S3888,DefaultKeyedValues2D.java,216,return (Comparable) this.columnKeys.get(column);,0.0,10206,11201
996,S3889,DefaultKeyedValues2D.java,230,if (key == null) {,0.0,10206,11201
996,S3890,DefaultKeyedValues2D.java,233,return this.columnKeys.indexOf(key);,0.0,10206,11201
996,S3891,DefaultKeyedValues2D.java,261,if (rowKey == null) {,0.0,10206,11201
996,S3892,DefaultKeyedValues2D.java,264,if (columnKey == null) {,0.0,10206,11201
996,S3893,DefaultKeyedValues2D.java,269,if (!(this.columnKeys.contains(columnKey))) {,0.0,10206,11201
996,S3894,DefaultKeyedValues2D.java,277,int row = getRowIndex(rowKey);,0.0,10206,11201
996,S3895,DefaultKeyedValues2D.java,278,if (row >= 0) {,0.0,10206,11201
996,S3896,DefaultKeyedValues2D.java,279,DefaultKeyedValues rowData,0.0,10206,11201
996,S3897,DefaultKeyedValues2D.java,281,int col = rowData.getIndex(columnKey);,0.0,10206,11201
996,S3898,DefaultKeyedValues2D.java,282,return (col >= 0 ? rowData.getValue(col) : null);,0.0,10206,11201
996,S3899,DefaultKeyedValues2D.java,303,"setValue(value, rowKey, columnKey);",0.0,10206,11201
996,S3900,DefaultKeyedValues2D.java,320,int rowIndex = getRowIndex(rowKey);,0.0,10206,11201
996,S3901,DefaultKeyedValues2D.java,322,if (rowIndex >= 0) {,0.0,10206,11201
996,S3902,DefaultKeyedValues2D.java,323,row = (DefaultKeyedValues) this.rows.get(rowIndex);,0.0,10206,11201
996,S3903,DefaultKeyedValues2D.java,326,row = new DefaultKeyedValues();,0.0,10206,11201
996,S3904,DefaultKeyedValues2D.java,327,if (this.sortRowKeys) {,0.0,10206,11201
996,S3905,DefaultKeyedValues2D.java,333,this.rowKeys.add(rowKey);,0.0,10206,11201
996,S3906,DefaultKeyedValues2D.java,334,this.rows.add(row);,0.0,10206,11201
996,S3907,DefaultKeyedValues2D.java,337,"row.setValue(columnKey, value);",0.0,10206,11201
996,S3908,DefaultKeyedValues2D.java,339,int columnIndex = this.columnKeys.indexOf(columnKey);,0.0,10206,11201
996,S3909,DefaultKeyedValues2D.java,340,if (columnIndex < 0) {,0.0,10206,11201
996,S3910,DefaultKeyedValues2D.java,341,this.columnKeys.add(columnKey);,0.0,10206,11201
996,S3911,DefaultPieDataset.java,87,public DefaultPieDataset() {,0.0,10206,11201
996,S3912,DefaultPieDataset.java,88,this.data = new DefaultKeyedValues();,0.0,10206,11201
996,S3913,DefaultPieDataset.java,113,return this.data.getItemCount();,0.0,10206,11201
996,S3914,DefaultPieDataset.java,123,return Collections.unmodifiableList(this.data.getKeys());,0.0,10206,11201
996,S3915,DefaultPieDataset.java,138,return this.data.getKey(item);,0.0,10206,11201
996,S3916,DefaultPieDataset.java,164,Number result = null;,0.0,10206,11201
996,S3917,DefaultPieDataset.java,165,if (getItemCount() > item) {,0.0,10206,11201
996,S3918,DefaultPieDataset.java,166,result = this.data.getValue(item);,0.0,10206,11201
996,S3919,DefaultPieDataset.java,168,return result;,0.0,10206,11201
996,S3920,DefaultPieDataset.java,182,if (key == null) {,0.0,10206,11201
996,S3921,DefaultPieDataset.java,185,return this.data.getValue(key);,0.0,10206,11201
996,S3922,DefaultPieDataset.java,199,"this.data.setValue(key, value);",0.0,10206,11201
996,S3923,DefaultPieDataset.java,200,fireDatasetChanged();,0.0,10206,11201
996,S3924,DefaultPieDataset.java,214,"setValue(key, new Double(value));",0.0,10206,11201
996,S3925,DefaultTableXYDataset.java,88,private List data = null;,0.0,10206,11201
996,S3926,DefaultTableXYDataset.java,91,private HashSet xPoints = null;,0.0,10206,11201
996,S3927,DefaultTableXYDataset.java,94,private boolean propagateEvents = true;,0.0,10206,11201
996,S3928,DefaultTableXYDataset.java,97,private boolean autoPrune = false;,0.0,10206,11201
996,S3929,DefaultTableXYDataset.java,106,this(false);,0.0,10206,11201
996,S3930,DefaultTableXYDataset.java,116,public DefaultTableXYDataset(boolean autoPrune) {,0.0,10206,11201
996,S3931,DefaultTableXYDataset.java,117,this.autoPrune = autoPrune;,0.0,10206,11201
996,S3932,DefaultTableXYDataset.java,118,this.data = new ArrayList();,0.0,10206,11201
996,S3933,DefaultTableXYDataset.java,119,this.xPoints = new HashSet();,0.0,10206,11201
996,S3934,DefaultTableXYDataset.java,120,"this.intervalDelegate = new IntervalXYDelegate(this, false);",0.0,10206,11201
996,S3935,DefaultTableXYDataset.java,121,addChangeListener(this.intervalDelegate);,0.0,10206,11201
996,S3936,DefaultTableXYDataset.java,142,if (series == null) {,0.0,10206,11201
996,S3937,DefaultTableXYDataset.java,145,if (series.getAllowDuplicateXValues()) {,0.0,10206,11201
996,S3938,DefaultTableXYDataset.java,151,updateXPoints(series);,0.0,10206,11201
996,S3939,DefaultTableXYDataset.java,152,this.data.add(series);,0.0,10206,11201
996,S3940,DefaultTableXYDataset.java,153,series.addChangeListener(this);,0.0,10206,11201
996,S3941,DefaultTableXYDataset.java,154,fireDatasetChanged();,0.0,10206,11201
996,S3942,DefaultTableXYDataset.java,164,if (series == null) {,0.0,10206,11201
996,S3943,DefaultTableXYDataset.java,167,HashSet seriesXPoints = new HashSet();,0.0,10206,11201
996,S3944,DefaultTableXYDataset.java,168,boolean savedState = this.propagateEvents;,0.0,10206,11201
996,S3945,DefaultTableXYDataset.java,169,this.propagateEvents = false;,0.0,10206,11201
996,S3946,DefaultTableXYDataset.java,170,for (int itemNo = 0; itemNo < series.getItemCount(); itemNo++) {,0.0,10206,11201
996,S3947,DefaultTableXYDataset.java,171,Number xValue = series.getX(itemNo);,0.0,10206,11201
996,S3948,DefaultTableXYDataset.java,172,seriesXPoints.add(xValue);,0.0,10206,11201
996,S3949,DefaultTableXYDataset.java,173,if (!this.xPoints.contains(xValue)) {,0.0,10206,11201
996,S3950,DefaultTableXYDataset.java,174,this.xPoints.add(xValue);,0.0,10206,11201
996,S3951,DefaultTableXYDataset.java,175,int seriesCount = this.data.size();,0.0,10206,11201
996,S3952,DefaultTableXYDataset.java,176,for (int seriesNo = 0; seriesNo < seriesCount; seriesNo++) {,0.0,10206,11201
996,S3953,DefaultTableXYDataset.java,184,Iterator iterator = this.xPoints.iterator();,0.0,10206,11201
996,S3954,DefaultTableXYDataset.java,185,while (iterator.hasNext()) {,0.0,10206,11201
996,S3955,DefaultTableXYDataset.java,186,Number xPoint = (Number) iterator.next();,0.0,10206,11201
996,S3956,DefaultTableXYDataset.java,187,if (!seriesXPoints.contains(xPoint)) {,0.0,10206,11201
996,S3957,DefaultTableXYDataset.java,191,this.propagateEvents = savedState;,0.0,10206,11201
996,S3958,DefaultTableXYDataset.java,214,return this.data.size();,0.0,10206,11201
996,S3959,DefaultTableXYDataset.java,223,if (this.xPoints == null) {,0.0,10206,11201
996,S3960,DefaultTableXYDataset.java,227,return this.xPoints.size();,0.0,10206,11201
996,S3961,DefaultTableXYDataset.java,239,if ((series < 0) || (series >= getSeriesCount())) {,0.0,10206,11201
996,S3962,DefaultTableXYDataset.java,242,return (XYSeries) this.data.get(series);,0.0,10206,11201
996,S3963,DefaultTableXYDataset.java,254,return getSeries(series).getKey();,0.0,10206,11201
996,S3964,DefaultTableXYDataset.java,266,return getSeries(series).getItemCount();,0.0,10206,11201
996,S3965,DefaultTableXYDataset.java,278,XYSeries s = (XYSeries) this.data.get(series);,0.0,10206,11201
996,S3966,DefaultTableXYDataset.java,279,XYDataItem dataItem = s.getDataItem(item);,0.0,10206,11201
996,S3967,DefaultTableXYDataset.java,280,return dataItem.getX();,0.0,10206,11201
996,S3968,DefaultTableXYDataset.java,317,XYSeries ts = (XYSeries) this.data.get(series);,0.0,10206,11201
996,S3969,DefaultTableXYDataset.java,318,XYDataItem dataItem = ts.getDataItem(index);,0.0,10206,11201
996,S3970,DefaultTableXYDataset.java,319,return dataItem.getY();,0.0,10206,11201
996,S3971,DefaultTableXYDataset.java,331,"return getY(series, item);",0.0,10206,11201
996,S3972,DefaultTableXYDataset.java,343,"return getY(series, item);",0.0,10206,11201
996,S3973,DefaultTableXYDataset.java,561,if (includeInterval) {,0.0,10206,11201
996,S3974,DefaultTableXYDataset.java,562,return this.intervalDelegate.getDomainBounds(includeInterval);,0.0,10206,11201
996,S3975,DefaultTableXYDataset.java,565,"return DatasetUtilities.iterateDomainBounds(this, includeInterval);",0.0,10206,11201
996,S3976,DefaultXYDataset.java,81,public DefaultXYDataset() {,0.0,10206,11201
996,S3977,DefaultXYDataset.java,82,this.seriesKeys = new java.util.ArrayList();,0.0,10206,11201
996,S3978,DefaultXYDataset.java,83,this.seriesList = new java.util.ArrayList();,0.0,10206,11201
996,S3979,DefaultXYDataset.java,92,return this.seriesList.size();,0.0,10206,11201
996,S3980,DefaultXYDataset.java,107,if ((series < 0) || (series >= getSeriesCount())) {,0.0,10206,11201
996,S3981,DefaultXYDataset.java,110,return (Comparable) this.seriesKeys.get(series);,0.0,10206,11201
996,S3982,DefaultXYDataset.java,122,return this.seriesKeys.indexOf(seriesKey);,0.0,10206,11201
996,S3983,DefaultXYDataset.java,133,return DomainOrder.NONE;,0.0,10206,11201
996,S3984,DefaultXYDataset.java,148,if ((series < 0) || (series >= getSeriesCount())) {,0.0,10206,11201
996,S3985,DefaultXYDataset.java,151,double[][] seriesArray = (double[][]) this.seriesList.get(series);,0.0,10206,11201
996,S3986,DefaultXYDataset.java,152,return seriesArray[0].length;,0.0,10206,11201
996,S3987,DefaultXYDataset.java,173,double[][] seriesData = (double[][]) this.seriesList.get(series);,0.0,10206,11201
996,S3988,DefaultXYDataset.java,174,return seriesData[0][item];,0.0,10206,11201
996,S3989,DefaultXYDataset.java,216,double[][] seriesData = (double[][]) this.seriesList.get(series);,0.0,10206,11201
996,S3990,DefaultXYDataset.java,217,return seriesData[1][item];,0.0,10206,11201
996,S3991,DefaultXYDataset.java,252,if (seriesKey == null) {,0.0,10206,11201
996,S3992,DefaultXYDataset.java,256,if (data == null) {,0.0,10206,11201
996,S3993,DefaultXYDataset.java,259,if (data.length != 2) {,0.0,10206,11201
996,S3994,DefaultXYDataset.java,263,if (data[0].length != data[1].length) {,0.0,10206,11201
996,S3995,DefaultXYDataset.java,267,int seriesIndex = indexOf(seriesKey);,0.0,10206,11201
996,S3996,DefaultXYDataset.java,268,if (seriesIndex == -1) {  // add a new series,0.0,10206,11201
996,S3997,DefaultXYDataset.java,269,this.seriesKeys.add(seriesKey);,0.0,10206,11201
996,S3998,DefaultXYDataset.java,270,this.seriesList.add(data);,0.0,10206,11201
996,S3999,DefaultXYDataset.java,276,"notifyListeners(new DatasetChangeEvent(this, this));",0.0,10206,11201
996,S4000,DefaultXYItemRenderer.java,50,public class DefaultXYItemRenderer extends XYLineAndShapeRenderer,0.0,10206,11201
996,S4001,DomainOrder.java,55,"public static final DomainOrder NONE = new DomainOrder(""DomainOrder.NONE"");",0.0,10206,11201
996,S4002,DomainOrder.java,58,public static final DomainOrder ASCENDING,0.0,10206,11201
996,S4003,DomainOrder.java,62,public static final DomainOrder DESCENDING,0.0,10206,11201
996,S4004,DomainOrder.java,73,private DomainOrder(String name) {,0.0,10206,11201
996,S4005,DomainOrder.java,74,this.name = name;,0.0,10206,11201
996,S4012,FlowArrangement.java,127,LengthConstraintType w = constraint.getWidthConstraintType();,0.0,10206,11201
996,S4013,FlowArrangement.java,128,LengthConstraintType h = constraint.getHeightConstraintType();,0.0,10206,11201
996,S4014,FlowArrangement.java,129,if (w == LengthConstraintType.NONE) {,0.0,10206,11201
996,S4015,FlowArrangement.java,140,else if (w == LengthConstraintType.FIXED) {,0.0,10206,11201
996,S4016,FlowArrangement.java,151,else if (w == LengthConstraintType.RANGE) {,0.0,10206,11201
996,S4017,FlowArrangement.java,152,if (h == LengthConstraintType.NONE) {,0.0,10206,11201
996,S4018,FlowArrangement.java,155,else if (h == LengthConstraintType.FIXED) {,0.0,10206,11201
996,S4019,FlowArrangement.java,158,else if (h == LengthConstraintType.RANGE) {,0.0,10206,11201
996,S4020,FlowArrangement.java,159,"return arrangeRR(container, g2, constraint);",0.0,10206,11201
996,S4021,FlowArrangement.java,179,List blocks = container.getBlocks();,0.0,10206,11201
996,S4022,FlowArrangement.java,180,double width = constraint.getWidth();,0.0,10206,11201
996,S4023,FlowArrangement.java,182,double x = 0.0;,0.0,10206,11201
996,S4024,FlowArrangement.java,183,double y = 0.0;,0.0,10206,11201
996,S4025,FlowArrangement.java,184,double maxHeight = 0.0;,0.0,10206,11201
996,S4026,FlowArrangement.java,185,List itemsInRow = new ArrayList();,0.0,10206,11201
996,S4027,FlowArrangement.java,186,for (int i = 0; i < blocks.size(); i++) {,0.0,10206,11201
996,S4028,FlowArrangement.java,187,Block block = (Block) blocks.get(i);,0.0,10206,11201
996,S4029,FlowArrangement.java,188,"Size2D size = block.arrange(g2, RectangleConstraint.NONE);",0.0,10206,11201
996,S4030,FlowArrangement.java,189,if (x + size.width <= width) {,0.0,10206,11201
996,S4031,FlowArrangement.java,190,itemsInRow.add(block);,0.0,10206,11201
996,S4032,FlowArrangement.java,191,block.setBounds(,0.0,10206,11201
996,S4033,FlowArrangement.java,194,x = x + size.width + this.horizontalGap;,0.0,10206,11201
996,S4034,FlowArrangement.java,195,"maxHeight = Math.max(maxHeight, size.height);",0.0,10206,11201
996,S4035,FlowArrangement.java,198,if (itemsInRow.isEmpty()) {,0.0,10206,11201
996,S4036,FlowArrangement.java,210,itemsInRow.clear();,0.0,10206,11201
996,S4037,FlowArrangement.java,211,x = 0.0;,0.0,10206,11201
996,S4038,FlowArrangement.java,212,y = y + maxHeight + this.verticalGap;,0.0,10206,11201
996,S4039,FlowArrangement.java,213,maxHeight = size.height;,0.0,10206,11201
996,S4040,FlowArrangement.java,214,block.setBounds(,0.0,10206,11201
996,S4041,FlowArrangement.java,219,x = size.width + this.horizontalGap;,0.0,10206,11201
996,S4042,FlowArrangement.java,220,itemsInRow.add(block);,0.0,10206,11201
996,S4043,FlowArrangement.java,224,"return new Size2D(constraint.getWidth(), y + maxHeight);",0.0,10206,11201
996,S4044,FlowArrangement.java,240,"Size2D s = arrangeFN(container, g2, constraint);",0.0,10206,11201
996,S4045,FlowArrangement.java,241,if (constraint.getHeightRange().contains(s.height)) {,0.0,10206,11201
996,S4046,FlowArrangement.java,242,return s;,0.0,10206,11201
996,S4047,FlowArrangement.java,284,"Size2D s1 = arrangeNN(container, g2);",0.0,10206,11201
996,S4048,FlowArrangement.java,285,if (constraint.getWidthRange().contains(s1.width)) {,0.0,10206,11201
996,S4049,FlowArrangement.java,286,return s1;  // TODO: we didn't check the height yet,0.0,10206,11201
996,S4050,FlowArrangement.java,289,RectangleConstraint c = constraint.toFixedWidth(,0.0,10206,11201
996,S4051,FlowArrangement.java,292,"return arrangeFR(container, g2, c);",0.0,10206,11201
996,S4052,FlowArrangement.java,357,double x = 0.0;,0.0,10206,11201
996,S4053,FlowArrangement.java,358,double width = 0.0;,0.0,10206,11201
996,S4054,FlowArrangement.java,359,double maxHeight = 0.0;,0.0,10206,11201
996,S4055,FlowArrangement.java,360,List blocks = container.getBlocks();,0.0,10206,11201
996,S4056,FlowArrangement.java,361,int blockCount = blocks.size();,0.0,10206,11201
996,S4057,FlowArrangement.java,362,if (blockCount > 0) {,0.0,10206,11201
996,S4058,FlowArrangement.java,363,Size2D[] sizes = new Size2D[blocks.size()];,0.0,10206,11201
996,S4059,FlowArrangement.java,364,for (int i = 0; i < blocks.size(); i++) {,0.0,10206,11201
996,S4060,FlowArrangement.java,365,Block block = (Block) blocks.get(i);,0.0,10206,11201
996,S4061,FlowArrangement.java,366,"sizes[i] = block.arrange(g2, RectangleConstraint.NONE);",0.0,10206,11201
996,S4062,FlowArrangement.java,367,width = width + sizes[i].getWidth();,0.0,10206,11201
996,S4063,FlowArrangement.java,368,"maxHeight = Math.max(sizes[i].height, maxHeight);",0.0,10206,11201
996,S4064,FlowArrangement.java,369,block.setBounds(,0.0,10206,11201
996,S4065,FlowArrangement.java,374,x = x + sizes[i].width + this.horizontalGap;,0.0,10206,11201
996,S4066,FlowArrangement.java,376,if (blockCount > 1) {,0.0,10206,11201
996,S4067,FlowArrangement.java,377,width = width + this.horizontalGap * (blockCount - 1);,0.0,10206,11201
996,S4068,FlowArrangement.java,379,if (this.verticalAlignment != VerticalAlignment.TOP) {,0.0,10206,11201
996,S4069,FlowArrangement.java,380,for (int i = 0; i < blocks.size(); i++) {,0.0,10206,11201
996,S4070,FlowArrangement.java,382,if (this.verticalAlignment == VerticalAlignment.CENTER) {,0.0,10206,11201
996,S4071,FlowArrangement.java,392,"return new Size2D(width, maxHeight);",0.0,10206,11201
996,S4072,FlowArrangement.java,426,if (obj == this) {,0.0,10206,11201
996,S4073,FlowArrangement.java,429,if (!(obj instanceof FlowArrangement)) {,0.0,10206,11201
996,S4074,FlowArrangement.java,432,FlowArrangement that = (FlowArrangement) obj;,0.0,10206,11201
996,S4075,FlowArrangement.java,433,if (this.horizontalAlignment != that.horizontalAlignment) {,0.0,10206,11201
996,S4076,FlowArrangement.java,436,if (this.verticalAlignment != that.verticalAlignment) {,0.0,10206,11201
996,S4077,FlowArrangement.java,439,if (this.horizontalGap != that.horizontalGap) {,0.0,10206,11201
996,S4078,FlowArrangement.java,442,if (this.verticalGap != that.verticalGap) {,0.0,10206,11201
996,S4079,FlowArrangement.java,445,return true;,0.0,10206,11201
996,S4086,GanttRenderer.java,110,super();,0.0,10206,11201
996,S4087,GanttRenderer.java,111,setIncludeBaseInRange(false);,0.0,10206,11201
996,S4088,GanttRenderer.java,112,this.completePaint = Color.green;,0.0,10206,11201
996,S4089,GanttRenderer.java,113,this.incompletePaint = Color.red;,0.0,10206,11201
996,S4090,GanttRenderer.java,114,this.startPercent = 0.35;,0.0,10206,11201
996,S4091,GanttRenderer.java,115,this.endPercent = 0.65;,0.0,10206,11201
996,S4092,GanttRenderer.java,181,return this.startPercent;,0.0,10206,11201
996,S4093,GanttRenderer.java,206,return this.endPercent;,0.0,10206,11201
996,S4094,GanttRenderer.java,247,if (dataset instanceof GanttCategoryDataset) {,0.0,10206,11201
996,S4095,GanttRenderer.java,248,GanttCategoryDataset gcd = (GanttCategoryDataset) dataset;,0.0,10206,11201
996,S4096,GanttRenderer.java,249,"drawTasks(g2, state, dataArea, plot, domainAxis, rangeAxis, gcd,",0.0,10206,11201
996,S4097,GanttRenderer.java,282,"int count = dataset.getSubIntervalCount(row, column);",0.0,10206,11201
996,S4098,GanttRenderer.java,283,if (count == 0) {,0.0,10206,11201
996,S4099,GanttRenderer.java,284,"drawTask(g2, state, dataArea, plot, domainAxis, rangeAxis,",0.0,10206,11201
996,S4100,GanttRenderer.java,288,for (int subinterval = 0; subinterval < count; subinterval++) {,0.0,10206,11201
996,S4101,GanttRenderer.java,410,PlotOrientation orientation = plot.getOrientation();,0.0,10206,11201
996,S4102,GanttRenderer.java,412,RectangleEdge rangeAxisLocation = plot.getRangeAxisEdge();,0.0,10206,11201
996,S4103,GanttRenderer.java,415,"Number value0 = dataset.getEndValue(row, column);",0.0,10206,11201
996,S4104,GanttRenderer.java,416,if (value0 == null) {,0.0,10206,11201
996,S4105,GanttRenderer.java,419,"double java2dValue0 = rangeAxis.valueToJava2D(value0.doubleValue(),",0.0,10206,11201
996,S4106,GanttRenderer.java,423,"Number value1 = dataset.getStartValue(row, column);",0.0,10206,11201
996,S4107,GanttRenderer.java,424,if (value1 == null) {,0.0,10206,11201
996,S4108,GanttRenderer.java,427,"double java2dValue1 = rangeAxis.valueToJava2D(value1.doubleValue(),",0.0,10206,11201
996,S4109,GanttRenderer.java,430,if (java2dValue1 < java2dValue0) {,0.0,10206,11201
996,S4110,GanttRenderer.java,431,double temp = java2dValue1;,0.0,10206,11201
996,S4111,GanttRenderer.java,432,java2dValue1 = java2dValue0;,0.0,10206,11201
996,S4112,GanttRenderer.java,433,java2dValue0 = temp;,0.0,10206,11201
996,S4113,GanttRenderer.java,434,Number tempNum = value1;,0.0,10206,11201
996,S4114,GanttRenderer.java,435,value1 = value0;,0.0,10206,11201
996,S4115,GanttRenderer.java,436,value0 = tempNum;,0.0,10206,11201
996,S4116,GanttRenderer.java,439,"double rectStart = calculateBarW0(plot, orientation, dataArea,",0.0,10206,11201
996,S4117,GanttRenderer.java,441,double rectBreadth = state.getBarWidth();,0.0,10206,11201
996,S4118,GanttRenderer.java,442,double rectLength = Math.abs(java2dValue1 - java2dValue0);,0.0,10206,11201
996,S4119,GanttRenderer.java,444,Rectangle2D bar = null;,0.0,10206,11201
996,S4120,GanttRenderer.java,445,if (orientation == PlotOrientation.HORIZONTAL) {,0.0,10206,11201
996,S4121,GanttRenderer.java,446,"bar = new Rectangle2D.Double(java2dValue0, rectStart, rectLength,",0.0,10206,11201
996,S4122,GanttRenderer.java,454,Rectangle2D completeBar = null;,0.0,10206,11201
996,S4123,GanttRenderer.java,455,Rectangle2D incompleteBar = null;,0.0,10206,11201
996,S4124,GanttRenderer.java,456,"Number percent = dataset.getPercentComplete(row, column);",0.0,10206,11201
996,S4125,GanttRenderer.java,457,double start = getStartPercent();,0.0,10206,11201
996,S4126,GanttRenderer.java,458,double end = getEndPercent();,0.0,10206,11201
996,S4127,GanttRenderer.java,459,if (percent != null) {,0.0,10206,11201
996,S4128,GanttRenderer.java,480,"Paint seriesPaint = getItemPaint(row, column);",0.0,10206,11201
996,S4129,GanttRenderer.java,481,g2.setPaint(seriesPaint);,0.0,10206,11201
996,S4130,GanttRenderer.java,482,g2.fill(bar);,0.0,10206,11201
996,S4131,GanttRenderer.java,484,if (completeBar != null) {,0.0,10206,11201
996,S4132,GanttRenderer.java,488,if (incompleteBar != null) {,0.0,10206,11201
996,S4133,GanttRenderer.java,494,if (isDrawBarOutline(),0.0,10206,11201
996,S4134,GanttRenderer.java,505,"CategoryItemLabelGenerator generator = getItemLabelGenerator(row,",0.0,10206,11201
996,S4135,GanttRenderer.java,507,"if (generator != null && isItemLabelVisible(row, column)) {",0.0,10206,11201
996,S4136,GanttRenderer.java,513,EntityCollection entities = state.getEntityCollection();,0.0,10206,11201
996,S4137,GanttRenderer.java,514,if (entities != null) {,0.0,10206,11201
996,S4138,GradientPaintTransformType.java,56,public static final GradientPaintTransformType VERTICAL,0.0,10206,11201
996,S4139,GradientPaintTransformType.java,60,public static final GradientPaintTransformType HORIZONTAL,0.0,10206,11201
996,S4140,GradientPaintTransformType.java,65,public static final GradientPaintTransformType CENTER_VERTICAL,0.0,10206,11201
996,S4141,GradientPaintTransformType.java,70,public static final GradientPaintTransformType CENTER_HORIZONTAL,0.0,10206,11201
996,S4142,GradientPaintTransformType.java,82,private GradientPaintTransformType(String name) {,0.0,10206,11201
996,S4143,GradientPaintTransformType.java,83,this.name = name;,0.0,10206,11201
996,S4144,GradientPaintTransformType.java,105,if (this == obj) {,0.0,10206,11201
996,S4145,GradientPaintTransformType.java,106,return true;,0.0,10206,11201
996,S4146,GradientPaintTransformType.java,108,if (!(obj instanceof GradientPaintTransformType)) {,0.0,10206,11201
996,S4147,GradientPaintTransformType.java,112,GradientPaintTransformType t = (GradientPaintTransformType) obj;,0.0,10206,11201
996,S4148,GradientPaintTransformType.java,113,if (!this.name.equals(t.name)) {,0.0,10206,11201
996,S4149,GradientPaintTransformType.java,114,return false;,0.0,10206,11201
996,S4150,GradientPaintTransformType.java,117,return true;,0.0,10206,11201
996,S4151,GradientPaintTransformType.java,137,GradientPaintTransformType result = null;,0.0,10206,11201
996,S4152,GradientPaintTransformType.java,138,if (this.equals(GradientPaintTransformType.HORIZONTAL)) {,0.0,10206,11201
996,S4153,GradientPaintTransformType.java,141,else if (this.equals(GradientPaintTransformType.VERTICAL)) {,0.0,10206,11201
996,S4154,GradientPaintTransformType.java,142,result = GradientPaintTransformType.VERTICAL;,0.0,10206,11201
996,S4155,GradientPaintTransformType.java,150,return result;,0.0,10206,11201
996,S4156,HashUtilities.java,66,if (p == null) {,0.0,10206,11201
996,S4157,HashUtilities.java,69,int result = 0;,0.0,10206,11201
996,S4158,HashUtilities.java,71,if (p instanceof GradientPaint) {,0.0,10206,11201
996,S4159,HashUtilities.java,83,result = p.hashCode();,0.0,10206,11201
996,S4160,HashUtilities.java,85,return result;,0.0,10206,11201
996,S4161,HashUtilities.java,121,return 37 * pre + (b ? 0 : 1);,0.0,10206,11201
996,S4162,HashUtilities.java,136,return 37 * pre + i;,0.0,10206,11201
996,S4163,HashUtilities.java,166,return 37 * pre + hashCodeForPaint(p);,0.0,10206,11201
996,S4164,HashUtilities.java,180,int h = (s != null ? s.hashCode() : 0);,0.0,10206,11201
996,S4165,HashUtilities.java,181,return 37 * pre + h;,0.0,10206,11201
996,S4166,HashUtilities.java,227,int h = (obj != null ? obj.hashCode() : 0);,0.0,10206,11201
996,S4167,HashUtilities.java,228,return 37 * pre + h;,0.0,10206,11201
996,S4173,HorizontalAlignment.java,98,if (this == obj) {,0.0,10206,11201
996,S4174,HorizontalAlignment.java,101,if (!(obj instanceof HorizontalAlignment)) {,0.0,10206,11201
996,S4175,HorizontalAlignment.java,104,HorizontalAlignment that = (HorizontalAlignment) obj;,0.0,10206,11201
996,S4176,HorizontalAlignment.java,105,if (!this.name.equals(that.name)) {,0.0,10206,11201
996,S4177,HorizontalAlignment.java,106,return false;,0.0,10206,11201
996,S4178,HorizontalAlignment.java,108,return true;,0.0,10206,11201
996,S4179,HorizontalAlignment.java,128,HorizontalAlignment result = null;,0.0,10206,11201
996,S4180,HorizontalAlignment.java,129,if (this.equals(HorizontalAlignment.LEFT)) {,0.0,10206,11201
996,S4181,HorizontalAlignment.java,132,else if (this.equals(HorizontalAlignment.RIGHT)) {,0.0,10206,11201
996,S4182,HorizontalAlignment.java,135,else if (this.equals(HorizontalAlignment.CENTER)) {,0.0,10206,11201
996,S4183,HorizontalAlignment.java,136,result = HorizontalAlignment.CENTER;,0.0,10206,11201
996,S4184,HorizontalAlignment.java,138,return result;,0.0,10206,11201
996,S4185,IntervalBarRenderer.java,102,super();,0.0,10206,11201
996,S4186,IntervalCategoryToolTipGenerator.java,96,"super(labelFormat, formatter);",0.0,10206,11201
996,S4187,IntervalMarker.java,83,"this(start, end, Color.gray, new BasicStroke(0.5f), Color.gray,",0.0,10206,11201
996,S4188,IntervalMarker.java,103,"super(paint, stroke, outlinePaint, outlineStroke, alpha);",0.0,10206,11201
996,S4189,IntervalMarker.java,104,this.startValue = start;,0.0,10206,11201
996,S4190,IntervalMarker.java,105,this.endValue = end;,0.0,10206,11201
996,S4191,IntervalMarker.java,106,this.gradientPaintTransformer = null;,0.0,10206,11201
996,S4192,IntervalMarker.java,107,setLabelOffsetType(LengthAdjustmentType.CONTRACT);,0.0,10206,11201
996,S4193,IntervalMarker.java,117,return this.startValue;,0.0,10206,11201
996,S4194,IntervalMarker.java,139,return this.endValue;,0.0,10206,11201
996,S4195,IntervalMarker.java,184,if (obj == this) {,0.0,10206,11201
996,S4196,IntervalMarker.java,187,if (!(obj instanceof IntervalMarker)) {,0.0,10206,11201
996,S4197,IntervalMarker.java,190,if (!super.equals(obj)) {,0.0,10206,11201
996,S4198,IntervalMarker.java,193,IntervalMarker that = (IntervalMarker) obj;,0.0,10206,11201
996,S4199,IntervalMarker.java,194,if (this.startValue != that.startValue) {,0.0,10206,11201
996,S4200,IntervalMarker.java,197,if (this.endValue != that.endValue) {,0.0,10206,11201
996,S4201,IntervalMarker.java,200,"if (!ObjectUtilities.equal(this.gradientPaintTransformer,",0.0,10206,11201
996,S4202,IntervalMarker.java,204,return true;,0.0,10206,11201
996,S4203,IntervalXYDelegate.java,131,"public IntervalXYDelegate(XYDataset dataset, boolean autoWidth) {",0.0,10206,11201
996,S4204,IntervalXYDelegate.java,132,if (dataset == null) {,0.0,10206,11201
996,S4205,IntervalXYDelegate.java,135,this.dataset = dataset;,0.0,10206,11201
996,S4206,IntervalXYDelegate.java,136,this.autoWidth = autoWidth;,0.0,10206,11201
996,S4207,IntervalXYDelegate.java,137,this.intervalPositionFactor = 0.5;,0.0,10206,11201
996,S4208,IntervalXYDelegate.java,138,this.autoIntervalWidth = Double.POSITIVE_INFINITY;,0.0,10206,11201
996,S4209,IntervalXYDelegate.java,139,this.fixedIntervalWidth = 1.0;,0.0,10206,11201
996,S4210,IntervalXYDelegate.java,149,return this.autoWidth;,0.0,10206,11201
996,S4211,IntervalXYDelegate.java,176,return this.intervalPositionFactor;,0.0,10206,11201
996,S4212,IntervalXYDelegate.java,224,if (w < 0.0) {,0.0,10206,11201
996,S4213,IntervalXYDelegate.java,227,this.fixedIntervalWidth = w;,0.0,10206,11201
996,S4214,IntervalXYDelegate.java,228,this.autoWidth = false;,0.0,10206,11201
996,S4215,IntervalXYDelegate.java,239,if (isAutoWidth() && !Double.isInfinite(this.autoIntervalWidth)) {,0.0,10206,11201
996,S4216,IntervalXYDelegate.java,246,return this.fixedIntervalWidth;,0.0,10206,11201
996,S4217,IntervalXYDelegate.java,366,"Range range = DatasetUtilities.findDomainBounds(this.dataset, false);",0.0,10206,11201
996,S4218,IntervalXYDelegate.java,367,if (includeInterval && range != null) {,0.0,10206,11201
996,S4219,IntervalXYDelegate.java,368,double lowerAdj = getIntervalWidth() * getIntervalPositionFactor();,0.0,10206,11201
996,S4220,IntervalXYDelegate.java,369,double upperAdj = getIntervalWidth() - lowerAdj;,0.0,10206,11201
996,S4221,IntervalXYDelegate.java,370,"range = new Range(range.getLowerBound() - lowerAdj,",0.0,10206,11201
996,S4222,IntervalXYDelegate.java,373,return range;,0.0,10206,11201
996,S4223,IntervalXYDelegate.java,386,if (this.autoWidth) {,0.0,10206,11201
996,S4224,ItemLabelAnchor.java,60,public static final ItemLabelAnchor CENTER,0.0,10206,11201
996,S4225,ItemLabelAnchor.java,64,public static final ItemLabelAnchor INSIDE1,0.0,10206,11201
996,S4226,ItemLabelAnchor.java,68,public static final ItemLabelAnchor INSIDE2,0.0,10206,11201
996,S4227,ItemLabelAnchor.java,72,public static final ItemLabelAnchor INSIDE3,0.0,10206,11201
996,S4228,ItemLabelAnchor.java,76,public static final ItemLabelAnchor INSIDE4,0.0,10206,11201
996,S4229,ItemLabelAnchor.java,80,public static final ItemLabelAnchor INSIDE5,0.0,10206,11201
996,S4230,ItemLabelAnchor.java,84,public static final ItemLabelAnchor INSIDE6,0.0,10206,11201
996,S4231,ItemLabelAnchor.java,88,public static final ItemLabelAnchor INSIDE7,0.0,10206,11201
996,S4232,ItemLabelAnchor.java,92,public static final ItemLabelAnchor INSIDE8,0.0,10206,11201
996,S4233,ItemLabelAnchor.java,96,public static final ItemLabelAnchor INSIDE9,0.0,10206,11201
996,S4234,ItemLabelAnchor.java,100,public static final ItemLabelAnchor INSIDE10,0.0,10206,11201
996,S4235,ItemLabelAnchor.java,104,public static final ItemLabelAnchor INSIDE11,0.0,10206,11201
996,S4236,ItemLabelAnchor.java,108,public static final ItemLabelAnchor INSIDE12,0.0,10206,11201
996,S4237,ItemLabelAnchor.java,112,public static final ItemLabelAnchor OUTSIDE1,0.0,10206,11201
996,S4238,ItemLabelAnchor.java,116,public static final ItemLabelAnchor OUTSIDE2,0.0,10206,11201
996,S4239,ItemLabelAnchor.java,120,public static final ItemLabelAnchor OUTSIDE3,0.0,10206,11201
996,S4240,ItemLabelAnchor.java,124,public static final ItemLabelAnchor OUTSIDE4,0.0,10206,11201
996,S4241,ItemLabelAnchor.java,128,public static final ItemLabelAnchor OUTSIDE5,0.0,10206,11201
996,S4242,ItemLabelAnchor.java,132,public static final ItemLabelAnchor OUTSIDE6,0.0,10206,11201
996,S4243,ItemLabelAnchor.java,136,public static final ItemLabelAnchor OUTSIDE7,0.0,10206,11201
996,S4244,ItemLabelAnchor.java,140,public static final ItemLabelAnchor OUTSIDE8,0.0,10206,11201
996,S4245,ItemLabelAnchor.java,144,public static final ItemLabelAnchor OUTSIDE9,0.0,10206,11201
996,S4246,ItemLabelAnchor.java,148,public static final ItemLabelAnchor OUTSIDE10,0.0,10206,11201
996,S4247,ItemLabelAnchor.java,152,public static final ItemLabelAnchor OUTSIDE11,0.0,10206,11201
996,S4248,ItemLabelAnchor.java,156,public static final ItemLabelAnchor OUTSIDE12,0.0,10206,11201
996,S4249,ItemLabelAnchor.java,167,private ItemLabelAnchor(String name) {,0.0,10206,11201
996,S4250,ItemLabelAnchor.java,168,this.name = name;,0.0,10206,11201
996,S4251,ItemLabelAnchor.java,177,return this.name;,0.0,10206,11201
996,S4252,ItemLabelAnchor.java,190,if (this == o) {,0.0,10206,11201
996,S4253,ItemLabelAnchor.java,191,return true;,0.0,10206,11201
996,S4254,ItemLabelAnchor.java,193,if (!(o instanceof ItemLabelAnchor)) {,0.0,10206,11201
996,S4255,ItemLabelAnchor.java,197,ItemLabelAnchor order = (ItemLabelAnchor) o;,0.0,10206,11201
996,S4256,ItemLabelAnchor.java,198,if (!this.name.equals(order.toString())) {,0.0,10206,11201
996,S4257,ItemLabelAnchor.java,199,return false;,0.0,10206,11201
996,S4258,ItemLabelAnchor.java,202,return true;,0.0,10206,11201
996,S4259,ItemLabelAnchor.java,214,ItemLabelAnchor result = null;,0.0,10206,11201
996,S4260,ItemLabelAnchor.java,215,if (this.equals(ItemLabelAnchor.CENTER)) {,0.0,10206,11201
996,S4261,ItemLabelAnchor.java,216,result = ItemLabelAnchor.CENTER;,0.0,10206,11201
996,S4262,ItemLabelAnchor.java,218,else if (this.equals(ItemLabelAnchor.INSIDE1)) {,0.0,10206,11201
996,S4263,ItemLabelAnchor.java,221,else if (this.equals(ItemLabelAnchor.INSIDE2)) {,0.0,10206,11201
996,S4264,ItemLabelAnchor.java,224,else if (this.equals(ItemLabelAnchor.INSIDE3)) {,0.0,10206,11201
996,S4265,ItemLabelAnchor.java,227,else if (this.equals(ItemLabelAnchor.INSIDE4)) {,0.0,10206,11201
996,S4266,ItemLabelAnchor.java,230,else if (this.equals(ItemLabelAnchor.INSIDE5)) {,0.0,10206,11201
996,S4267,ItemLabelAnchor.java,233,else if (this.equals(ItemLabelAnchor.INSIDE6)) {,0.0,10206,11201
996,S4268,ItemLabelAnchor.java,236,else if (this.equals(ItemLabelAnchor.INSIDE7)) {,0.0,10206,11201
996,S4269,ItemLabelAnchor.java,239,else if (this.equals(ItemLabelAnchor.INSIDE8)) {,0.0,10206,11201
996,S4270,ItemLabelAnchor.java,242,else if (this.equals(ItemLabelAnchor.INSIDE9)) {,0.0,10206,11201
996,S4271,ItemLabelAnchor.java,245,else if (this.equals(ItemLabelAnchor.INSIDE10)) {,0.0,10206,11201
996,S4272,ItemLabelAnchor.java,248,else if (this.equals(ItemLabelAnchor.INSIDE11)) {,0.0,10206,11201
996,S4273,ItemLabelAnchor.java,251,else if (this.equals(ItemLabelAnchor.INSIDE12)) {,0.0,10206,11201
996,S4274,ItemLabelAnchor.java,254,else if (this.equals(ItemLabelAnchor.OUTSIDE1)) {,0.0,10206,11201
996,S4275,ItemLabelAnchor.java,257,else if (this.equals(ItemLabelAnchor.OUTSIDE2)) {,0.0,10206,11201
996,S4276,ItemLabelAnchor.java,260,else if (this.equals(ItemLabelAnchor.OUTSIDE3)) {,0.0,10206,11201
996,S4277,ItemLabelAnchor.java,263,else if (this.equals(ItemLabelAnchor.OUTSIDE4)) {,0.0,10206,11201
996,S4278,ItemLabelAnchor.java,266,else if (this.equals(ItemLabelAnchor.OUTSIDE5)) {,0.0,10206,11201
996,S4279,ItemLabelAnchor.java,269,else if (this.equals(ItemLabelAnchor.OUTSIDE6)) {,0.0,10206,11201
996,S4280,ItemLabelAnchor.java,270,result = ItemLabelAnchor.OUTSIDE6;,0.0,10206,11201
996,S4281,ItemLabelAnchor.java,272,else if (this.equals(ItemLabelAnchor.OUTSIDE7)) {,0.0,10206,11201
996,S4282,ItemLabelAnchor.java,275,else if (this.equals(ItemLabelAnchor.OUTSIDE8)) {,0.0,10206,11201
996,S4283,ItemLabelAnchor.java,278,else if (this.equals(ItemLabelAnchor.OUTSIDE9)) {,0.0,10206,11201
996,S4284,ItemLabelAnchor.java,281,else if (this.equals(ItemLabelAnchor.OUTSIDE10)) {,0.0,10206,11201
996,S4285,ItemLabelAnchor.java,284,else if (this.equals(ItemLabelAnchor.OUTSIDE11)) {,0.0,10206,11201
996,S4286,ItemLabelAnchor.java,287,else if (this.equals(ItemLabelAnchor.OUTSIDE12)) {,0.0,10206,11201
996,S4287,ItemLabelAnchor.java,288,result = ItemLabelAnchor.OUTSIDE12;,0.0,10206,11201
996,S4288,ItemLabelAnchor.java,290,return result;,0.0,10206,11201
996,S4289,ItemLabelPosition.java,77,"this(ItemLabelAnchor.OUTSIDE12, TextAnchor.BOTTOM_CENTER,",0.0,10206,11201
996,S4290,ItemLabelPosition.java,90,"this(itemLabelAnchor, textAnchor, TextAnchor.CENTER, 0.0);",0.0,10206,11201
996,S4291,ItemLabelPosition.java,109,double angle) {,0.0,10206,11201
996,S4292,ItemLabelPosition.java,111,if (itemLabelAnchor == null) {,0.0,10206,11201
996,S4293,ItemLabelPosition.java,115,if (textAnchor == null) {,0.0,10206,11201
996,S4294,ItemLabelPosition.java,118,if (rotationAnchor == null) {,0.0,10206,11201
996,S4295,ItemLabelPosition.java,123,this.itemLabelAnchor = itemLabelAnchor;,0.0,10206,11201
996,S4296,ItemLabelPosition.java,124,this.textAnchor = textAnchor;,0.0,10206,11201
996,S4297,ItemLabelPosition.java,125,this.rotationAnchor = rotationAnchor;,0.0,10206,11201
996,S4298,ItemLabelPosition.java,126,this.angle = angle;,0.0,10206,11201
996,S4299,ItemLabelPosition.java,174,if (obj == this) {,0.0,10206,11201
996,S4300,ItemLabelPosition.java,177,if (!(obj instanceof ItemLabelPosition)) {,0.0,10206,11201
996,S4301,ItemLabelPosition.java,178,return false;,0.0,10206,11201
996,S4302,ItemLabelPosition.java,180,ItemLabelPosition that = (ItemLabelPosition) obj;,0.0,10206,11201
996,S4303,ItemLabelPosition.java,181,if (!this.itemLabelAnchor.equals(that.itemLabelAnchor)) {,0.0,10206,11201
996,S4304,ItemLabelPosition.java,184,if (!this.textAnchor.equals(that.textAnchor)) {,0.0,10206,11201
996,S4305,ItemLabelPosition.java,187,if (!this.rotationAnchor.equals(that.rotationAnchor)) {,0.0,10206,11201
996,S4306,ItemLabelPosition.java,190,if (this.angle != that.angle) {,0.0,10206,11201
996,S4307,ItemLabelPosition.java,193,return true;,0.0,10206,11201
996,S4314,JFreeChart.java,327,"this(null, null, plot, true);",0.0,10206,11201
996,S4344,JFreeChart.java,441,if (renderingHints == null) {,0.0,10206,11201
996,S4345,JFreeChart.java,444,this.renderingHints = renderingHints;,0.0,10206,11201
996,S4346,JFreeChart.java,445,fireChartChanged();,0.0,10206,11201
996,S4348,JFreeChart.java,469,this.borderVisible = visible;,0.0,10206,11201
996,S4349,JFreeChart.java,470,fireChartChanged();,0.0,10206,11201
996,S4350,JFreeChart.java,492,this.borderStroke = stroke;,0.0,10206,11201
996,S4351,JFreeChart.java,493,fireChartChanged();,0.0,10206,11201
996,S4352,JFreeChart.java,515,this.borderPaint = paint;,0.0,10206,11201
996,S4353,JFreeChart.java,516,fireChartChanged();,0.0,10206,11201
996,S4354,JFreeChart.java,539,if (padding == null) {,0.0,10206,11201
996,S4355,JFreeChart.java,542,this.padding = padding;,0.0,10206,11201
996,S4356,JFreeChart.java,543,notifyListeners(new ChartChangeEvent(this));,0.0,10206,11201
996,S4357,JFreeChart.java,557,return this.title;,0.0,10206,11201
996,S4358,JFreeChart.java,571,if (this.title != null) {,0.0,10206,11201
996,S4359,JFreeChart.java,572,this.title.removeChangeListener(this);,0.0,10206,11201
996,S4360,JFreeChart.java,574,this.title = title;,0.0,10206,11201
996,S4361,JFreeChart.java,575,if (title != null) {,0.0,10206,11201
996,S4362,JFreeChart.java,576,title.addChangeListener(this);,0.0,10206,11201
996,S4363,JFreeChart.java,578,fireChartChanged();,0.0,10206,11201
996,S4364,JFreeChart.java,594,if (text != null) {,0.0,10206,11201
996,S4365,JFreeChart.java,595,if (this.title == null) {,0.0,10206,11201
996,S4366,JFreeChart.java,599,this.title.setText(text);,0.0,10206,11201
996,S4367,JFreeChart.java,628,return getLegend(0);,0.0,10206,11201
996,S4368,JFreeChart.java,641,int seen = 0;,0.0,10206,11201
996,S4369,JFreeChart.java,642,Iterator iterator = this.subtitles.iterator();,0.0,10206,11201
996,S4370,JFreeChart.java,643,while (iterator.hasNext()) {,0.0,10206,11201
996,S4371,JFreeChart.java,644,Title subtitle = (Title) iterator.next();,0.0,10206,11201
996,S4372,JFreeChart.java,645,if (subtitle instanceof LegendTitle) {,0.0,10206,11201
996,S4373,JFreeChart.java,646,if (seen == index) {,0.0,10206,11201
996,S4374,JFreeChart.java,647,return (LegendTitle) subtitle;,0.0,10206,11201
996,S4375,JFreeChart.java,664,removeSubtitle(getLegend());,0.0,10206,11201
996,S4376,JFreeChart.java,675,return new ArrayList(this.subtitles);,0.0,10206,11201
996,S4377,JFreeChart.java,712,return this.subtitles.size();,0.0,10206,11201
996,S4378,JFreeChart.java,725,if ((index < 0) || (index >= getSubtitleCount())) {,0.0,10206,11201
996,S4379,JFreeChart.java,726,"throw new IllegalArgumentException(""Index out of range."");",0.0,10206,11201
996,S4380,JFreeChart.java,728,return (Title) this.subtitles.get(index);,0.0,10206,11201
996,S4381,JFreeChart.java,740,if (subtitle == null) {,0.0,10206,11201
996,S4382,JFreeChart.java,741,"throw new IllegalArgumentException(""Null 'subtitle' argument."");",0.0,10206,11201
996,S4383,JFreeChart.java,743,this.subtitles.add(subtitle);,0.0,10206,11201
996,S4384,JFreeChart.java,744,subtitle.addChangeListener(this);,0.0,10206,11201
996,S4385,JFreeChart.java,745,fireChartChanged();,0.0,10206,11201
996,S4386,JFreeChart.java,758,if (index < 0 || index > getSubtitleCount()) {,0.0,10206,11201
996,S4387,JFreeChart.java,759,throw new IllegalArgumentException(,0.0,10206,11201
996,S4388,JFreeChart.java,762,if (subtitle == null) {,0.0,10206,11201
996,S4389,JFreeChart.java,765,"this.subtitles.add(index, subtitle);",0.0,10206,11201
996,S4390,JFreeChart.java,766,subtitle.addChangeListener(this);,0.0,10206,11201
996,S4391,JFreeChart.java,767,fireChartChanged();,0.0,10206,11201
996,S4392,JFreeChart.java,795,this.subtitles.remove(title);,0.0,10206,11201
996,S4393,JFreeChart.java,796,fireChartChanged();,0.0,10206,11201
996,S4394,JFreeChart.java,807,return this.plot;,0.0,10206,11201
996,S4395,JFreeChart.java,959,if (this.backgroundPaint != null) {,0.0,10206,11201
996,S4396,JFreeChart.java,960,if (!this.backgroundPaint.equals(paint)) {,0.0,10206,11201
996,S4397,JFreeChart.java,961,this.backgroundPaint = paint;,0.0,10206,11201
996,S4398,JFreeChart.java,962,fireChartChanged();,0.0,10206,11201
996,S4399,JFreeChart.java,996,if (this.backgroundImage != null) {,0.0,10206,11201
996,S4400,JFreeChart.java,1003,if (image != null) {,0.0,10206,11201
996,S4401,JFreeChart.java,1004,this.backgroundImage = image;,0.0,10206,11201
996,S4402,JFreeChart.java,1005,fireChartChanged();,0.0,10206,11201
996,S4403,JFreeChart.java,1033,if (this.backgroundImageAlignment != alignment) {,0.0,10206,11201
996,S4404,JFreeChart.java,1034,this.backgroundImageAlignment = alignment;,0.0,10206,11201
996,S4405,JFreeChart.java,1035,fireChartChanged();,0.0,10206,11201
996,S4406,JFreeChart.java,1060,if (this.backgroundImageAlpha != alpha) {,0.0,10206,11201
996,S4407,JFreeChart.java,1061,this.backgroundImageAlpha = alpha;,0.0,10206,11201
996,S4408,JFreeChart.java,1062,fireChartChanged();,0.0,10206,11201
996,S4411,JFreeChart.java,1141,info.clear();,0.0,10206,11201
996,S4412,JFreeChart.java,1142,info.setChartArea(chartArea);,0.0,10206,11201
996,S4426,JFreeChart.java,1192,entities = info.getEntityCollection();,0.0,10206,11201
996,S4430,JFreeChart.java,1198,entities.addAll(e);,0.0,10206,11201
996,S4439,JFreeChart.java,1217,plotInfo = info.getPlotInfo();,0.0,10206,11201
996,S4441,JFreeChart.java,1221,g2.setClip(savedClip);,0.0,10206,11201
996,S4442,JFreeChart.java,1223,"notifyListeners(new ChartProgressEvent(this, this,",0.0,10206,11201
996,S4481,JFreeChart.java,1358,"return createBufferedImage(width, height, null);",0.0,10206,11201
996,S4482,JFreeChart.java,1373,"return createBufferedImage(width, height, BufferedImage.TYPE_INT_ARGB,",0.0,10206,11201
996,S4483,JFreeChart.java,1391,"BufferedImage image = new BufferedImage(width, height, imageType);",0.0,10206,11201
996,S4484,JFreeChart.java,1392,Graphics2D g2 = image.createGraphics();,0.0,10206,11201
996,S4485,JFreeChart.java,1393,"draw(g2, new Rectangle2D.Double(0, 0, width, height), null, info);",0.0,10206,11201
996,S4486,JFreeChart.java,1394,g2.dispose();,0.0,10206,11201
996,S4487,JFreeChart.java,1395,return image;,0.0,10206,11201
996,S4488,JFreeChart.java,1460,if (listener == null) {,0.0,10206,11201
996,S4489,JFreeChart.java,1463,"this.changeListeners.add(ChartChangeListener.class, listener);",0.0,10206,11201
996,S4490,JFreeChart.java,1486,ChartChangeEvent event = new ChartChangeEvent(this);,0.0,10206,11201
996,S4491,JFreeChart.java,1487,notifyListeners(event);,0.0,10206,11201
996,S4492,JFreeChart.java,1497,if (this.notify) {,0.0,10206,11201
996,S4493,JFreeChart.java,1498,Object[] listeners = this.changeListeners.getListenerList();,0.0,10206,11201
996,S4494,JFreeChart.java,1499,for (int i = listeners.length - 2; i >= 0; i -= 2) {,0.0,10206,11201
996,S4495,JFreeChart.java,1500,if (listeners[i] == ChartChangeListener.class) {,0.0,10206,11201
996,S4496,JFreeChart.java,1501,((ChartChangeListener) listeners[i + 1]).chartChanged(,0.0,10206,11201
996,S4499,JFreeChart.java,1555,event.setChart(this);,0.0,10206,11201
996,S4500,JFreeChart.java,1556,notifyListeners(event);,0.0,10206,11201
996,S4501,JFreeChart.java,1566,event.setChart(this);,0.0,10206,11201
996,S4502,JFreeChart.java,1567,notifyListeners(event);,0.0,10206,11201
996,S4503,JFreeChart.java,1578,if (obj == this) {,0.0,10206,11201
996,S4504,JFreeChart.java,1579,return true;,0.0,10206,11201
996,S4505,JFreeChart.java,1581,if (!(obj instanceof JFreeChart)) {,0.0,10206,11201
996,S4506,JFreeChart.java,1584,JFreeChart that = (JFreeChart) obj;,0.0,10206,11201
996,S4507,JFreeChart.java,1585,if (!this.renderingHints.equals(that.renderingHints)) {,0.0,10206,11201
996,S4508,JFreeChart.java,1586,return false;,0.0,10206,11201
996,S4509,JFreeChart.java,1588,if (this.borderVisible != that.borderVisible) {,0.0,10206,11201
996,S4510,JFreeChart.java,1589,return false;,0.0,10206,11201
996,S4511,JFreeChart.java,1591,"if (!ObjectUtilities.equal(this.borderStroke, that.borderStroke)) {",0.0,10206,11201
996,S4512,JFreeChart.java,1592,return false;,0.0,10206,11201
996,S4513,JFreeChart.java,1594,"if (!PaintUtilities.equal(this.borderPaint, that.borderPaint)) {",0.0,10206,11201
996,S4514,JFreeChart.java,1595,return false;,0.0,10206,11201
996,S4515,JFreeChart.java,1597,if (!this.padding.equals(that.padding)) {,0.0,10206,11201
996,S4516,JFreeChart.java,1598,return false;,0.0,10206,11201
996,S4517,JFreeChart.java,1600,"if (!ObjectUtilities.equal(this.title, that.title)) {",0.0,10206,11201
996,S4518,JFreeChart.java,1601,return false;,0.0,10206,11201
996,S4519,JFreeChart.java,1603,"if (!ObjectUtilities.equal(this.subtitles, that.subtitles)) {",0.0,10206,11201
996,S4520,JFreeChart.java,1604,return false;,0.0,10206,11201
996,S4521,JFreeChart.java,1606,"if (!ObjectUtilities.equal(this.plot, that.plot)) {",0.0,10206,11201
996,S4522,JFreeChart.java,1607,return false;,0.0,10206,11201
996,S4523,JFreeChart.java,1609,if (!PaintUtilities.equal(,0.0,10206,11201
996,S4524,JFreeChart.java,1612,return false;,0.0,10206,11201
996,S4525,JFreeChart.java,1614,"if (!ObjectUtilities.equal(this.backgroundImage,",0.0,10206,11201
996,S4526,JFreeChart.java,1616,return false;,0.0,10206,11201
996,S4527,JFreeChart.java,1618,if (this.backgroundImageAlignment != that.backgroundImageAlignment) {,0.0,10206,11201
996,S4528,JFreeChart.java,1619,return false;,0.0,10206,11201
996,S4529,JFreeChart.java,1621,if (this.backgroundImageAlpha != that.backgroundImageAlpha) {,0.0,10206,11201
996,S4530,JFreeChart.java,1622,return false;,0.0,10206,11201
996,S4531,JFreeChart.java,1624,if (this.notify != that.notify) {,0.0,10206,11201
996,S4532,JFreeChart.java,1627,return true;,0.0,10206,11201
996,S4533,JFreeChart.java,1638,stream.defaultWriteObject();,0.0,10206,11201
996,S4534,JFreeChart.java,1639,"SerialUtilities.writeStroke(this.borderStroke, stream);",0.0,10206,11201
996,S4535,JFreeChart.java,1640,"SerialUtilities.writePaint(this.borderPaint, stream);",0.0,10206,11201
996,S4536,JFreeChart.java,1641,"SerialUtilities.writePaint(this.backgroundPaint, stream);",0.0,10206,11201
996,S4537,JFreeChart.java,1654,stream.defaultReadObject();,0.0,10206,11201
996,S4538,JFreeChart.java,1655,this.borderStroke = SerialUtilities.readStroke(stream);,0.0,10206,11201
996,S4539,JFreeChart.java,1656,this.borderPaint = SerialUtilities.readPaint(stream);,0.0,10206,11201
996,S4540,JFreeChart.java,1657,this.backgroundPaint = SerialUtilities.readPaint(stream);,0.0,10206,11201
996,S4541,JFreeChart.java,1658,this.progressListeners = new EventListenerList();,0.0,10206,11201
996,S4542,JFreeChart.java,1659,this.changeListeners = new EventListenerList();,0.0,10206,11201
996,S4543,JFreeChart.java,1660,this.renderingHints = new RenderingHints(,0.0,10206,11201
996,S4544,JFreeChart.java,1665,if (this.title != null) {,0.0,10206,11201
996,S4545,JFreeChart.java,1666,this.title.addChangeListener(this);,0.0,10206,11201
996,S4546,JFreeChart.java,1669,for (int i = 0; i < getSubtitleCount(); i++) {,0.0,10206,11201
996,S4547,JFreeChart.java,1670,getSubtitle(i).addChangeListener(this);,0.0,10206,11201
996,S4548,JFreeChart.java,1672,this.plot.addChangeListener(this);,0.0,10206,11201
996,S4552,LabelBlock.java,99,public static final Paint DEFAULT_PAINT = Color.black;,0.0,10206,11201
996,S4553,LabelBlock.java,130,"public LabelBlock(String text, Font font, Paint paint) {",0.0,10206,11201
996,S4554,LabelBlock.java,131,this.text = text;,0.0,10206,11201
996,S4555,LabelBlock.java,132,this.paint = paint;,0.0,10206,11201
996,S4556,LabelBlock.java,133,"this.label = TextUtilities.createTextBlock(text, font, this.paint);",0.0,10206,11201
996,S4557,LabelBlock.java,134,this.font = font;,0.0,10206,11201
996,S4558,LabelBlock.java,135,this.toolTipText = null;,0.0,10206,11201
996,S4559,LabelBlock.java,136,this.urlText = null;,0.0,10206,11201
996,S4560,LabelBlock.java,246,g2.setFont(this.font);,0.0,10206,11201
996,S4561,LabelBlock.java,247,Size2D s = this.label.calculateDimensions(g2);,0.0,10206,11201
996,S4562,LabelBlock.java,248,"return new Size2D(calculateTotalWidth(s.getWidth()),",0.0,10206,11201
996,S4563,LabelBlock.java,272,area = trimMargin(area);,0.0,10206,11201
996,S4564,LabelBlock.java,273,"drawBorder(g2, area);",0.0,10206,11201
996,S4565,LabelBlock.java,274,area = trimBorder(area);,0.0,10206,11201
996,S4566,LabelBlock.java,275,area = trimPadding(area);,0.0,10206,11201
996,S4567,LabelBlock.java,278,EntityBlockParams ebp = null;,0.0,10206,11201
996,S4568,LabelBlock.java,279,StandardEntityCollection sec = null;,0.0,10206,11201
996,S4569,LabelBlock.java,280,Shape entityArea = null;,0.0,10206,11201
996,S4570,LabelBlock.java,281,if (params instanceof EntityBlockParams) {,0.0,10206,11201
996,S4571,LabelBlock.java,288,g2.setPaint(this.paint);,0.0,10206,11201
996,S4572,LabelBlock.java,289,g2.setFont(this.font);,0.0,10206,11201
996,S4573,LabelBlock.java,290,"this.label.draw(g2, (float) area.getX(), (float) area.getY(),",0.0,10206,11201
996,S4574,LabelBlock.java,292,BlockResult result = null;,0.0,10206,11201
996,S4575,LabelBlock.java,293,if (ebp != null && sec != null) {,0.0,10206,11201
996,S4576,LabelBlock.java,302,return result;,0.0,10206,11201
996,S4577,Layer.java,56,"public static final Layer FOREGROUND = new Layer(""Layer.FOREGROUND"");",0.0,10206,11201
996,S4578,Layer.java,59,"public static final Layer BACKGROUND = new Layer(""Layer.BACKGROUND"");",0.0,10206,11201
996,S4579,Layer.java,69,private Layer(String name) {,0.0,10206,11201
996,S4580,Layer.java,70,this.name = name;,0.0,10206,11201
996,S4581,Layer.java,92,if (this == obj) {,0.0,10206,11201
996,S4582,Layer.java,93,return true;,0.0,10206,11201
996,S4583,Layer.java,95,if (!(obj instanceof Layer)) {,0.0,10206,11201
996,S4584,Layer.java,99,Layer layer = (Layer) obj;,0.0,10206,11201
996,S4585,Layer.java,100,if (!this.name.equals(layer.name)) {,0.0,10206,11201
996,S4586,Layer.java,101,return false;,0.0,10206,11201
996,S4587,LegendGraphic.java,152,"public LegendGraphic(Shape shape, Paint fillPaint) {",0.0,10206,11201
996,S4588,LegendGraphic.java,153,if (shape == null) {,0.0,10206,11201
996,S4589,LegendGraphic.java,156,if (fillPaint == null) {,0.0,10206,11201
996,S4590,LegendGraphic.java,159,this.shapeVisible = true;,0.0,10206,11201
996,S4591,LegendGraphic.java,160,this.shape = shape;,0.0,10206,11201
996,S4592,LegendGraphic.java,161,this.shapeAnchor = RectangleAnchor.CENTER;,0.0,10206,11201
996,S4593,LegendGraphic.java,162,this.shapeLocation = RectangleAnchor.CENTER;,0.0,10206,11201
996,S4594,LegendGraphic.java,163,this.shapeFilled = true;,0.0,10206,11201
996,S4595,LegendGraphic.java,164,this.fillPaint = fillPaint;,0.0,10206,11201
996,S4596,LegendGraphic.java,165,this.fillPaintTransformer = new StandardGradientPaintTransformer();,0.0,10206,11201
996,S4597,LegendGraphic.java,166,"setPadding(2.0, 2.0, 2.0, 2.0);",0.0,10206,11201
996,S4598,LegendGraphic.java,190,this.shapeVisible = visible;,0.0,10206,11201
996,S4599,LegendGraphic.java,236,this.shapeFilled = filled;,0.0,10206,11201
996,S4600,LegendGraphic.java,286,if (transformer == null) {,0.0,10206,11201
996,S4601,LegendGraphic.java,289,this.fillPaintTransformer = transformer;,0.0,10206,11201
996,S4602,LegendGraphic.java,312,this.shapeOutlineVisible = visible;,0.0,10206,11201
996,S4603,LegendGraphic.java,334,this.outlinePaint = paint;,0.0,10206,11201
996,S4604,LegendGraphic.java,356,this.outlineStroke = stroke;,0.0,10206,11201
996,S4605,LegendGraphic.java,379,if (anchor == null) {,0.0,10206,11201
996,S4606,LegendGraphic.java,382,this.shapeAnchor = anchor;,0.0,10206,11201
996,S4607,LegendGraphic.java,405,if (location == null) {,0.0,10206,11201
996,S4608,LegendGraphic.java,408,this.shapeLocation = location;,0.0,10206,11201
996,S4609,LegendGraphic.java,430,this.lineVisible = visible;,0.0,10206,11201
996,S4610,LegendGraphic.java,441,return this.line;,0.0,10206,11201
996,S4611,LegendGraphic.java,453,this.line = line;,0.0,10206,11201
996,S4612,LegendGraphic.java,475,this.linePaint = paint;,0.0,10206,11201
996,S4613,LegendGraphic.java,497,this.lineStroke = stroke;,0.0,10206,11201
996,S4614,LegendGraphic.java,510,RectangleConstraint contentConstraint = toContentConstraint(constraint);,0.0,10206,11201
996,S4615,LegendGraphic.java,511,LengthConstraintType w = contentConstraint.getWidthConstraintType();,0.0,10206,11201
996,S4616,LegendGraphic.java,512,LengthConstraintType h = contentConstraint.getHeightConstraintType();,0.0,10206,11201
996,S4617,LegendGraphic.java,513,Size2D contentSize = null;,0.0,10206,11201
996,S4618,LegendGraphic.java,514,if (w == LengthConstraintType.NONE) {,0.0,10206,11201
996,S4619,LegendGraphic.java,515,if (h == LengthConstraintType.NONE) {,0.0,10206,11201
996,S4620,LegendGraphic.java,516,contentSize = arrangeNN(g2);,0.0,10206,11201
996,S4621,LegendGraphic.java,550,return new Size2D(,0.0,10206,11201
996,S4622,LegendGraphic.java,566,Rectangle2D contentSize = new Rectangle2D.Double();,0.0,10206,11201
996,S4623,LegendGraphic.java,567,if (this.line != null) {,0.0,10206,11201
996,S4624,LegendGraphic.java,568,contentSize.setRect(this.line.getBounds2D());,0.0,10206,11201
996,S4625,LegendGraphic.java,570,if (this.shape != null) {,0.0,10206,11201
996,S4626,LegendGraphic.java,571,contentSize = contentSize.createUnion(this.shape.getBounds2D());,0.0,10206,11201
996,S4627,LegendGraphic.java,573,"return new Size2D(contentSize.getWidth(), contentSize.getHeight());",0.0,10206,11201
996,S4628,LegendGraphic.java,584,area = trimMargin(area);,0.0,10206,11201
996,S4629,LegendGraphic.java,585,"drawBorder(g2, area);",0.0,10206,11201
996,S4630,LegendGraphic.java,586,area = trimBorder(area);,0.0,10206,11201
996,S4631,LegendGraphic.java,587,area = trimPadding(area);,0.0,10206,11201
996,S4632,LegendGraphic.java,589,if (this.lineVisible) {,0.0,10206,11201
996,S4633,LegendGraphic.java,590,"Point2D location = RectangleAnchor.coordinates(area,",0.0,10206,11201
996,S4634,LegendGraphic.java,592,"Shape aLine = ShapeUtilities.createTranslatedShape(getLine(),",0.0,10206,11201
996,S4635,LegendGraphic.java,594,g2.setPaint(this.linePaint);,0.0,10206,11201
996,S4636,LegendGraphic.java,595,g2.setStroke(this.lineStroke);,0.0,10206,11201
996,S4637,LegendGraphic.java,596,g2.draw(aLine);,0.0,10206,11201
996,S4638,LegendGraphic.java,599,if (this.shapeVisible) {,0.0,10206,11201
996,S4639,LegendGraphic.java,600,"Point2D location = RectangleAnchor.coordinates(area,",0.0,10206,11201
996,S4640,LegendGraphic.java,603,"Shape s = ShapeUtilities.createTranslatedShape(this.shape,",0.0,10206,11201
996,S4641,LegendGraphic.java,605,if (this.shapeFilled) {,0.0,10206,11201
996,S4642,LegendGraphic.java,606,Paint p = this.fillPaint;,0.0,10206,11201
996,S4643,LegendGraphic.java,607,if (p instanceof GradientPaint) {,0.0,10206,11201
996,S4644,LegendGraphic.java,611,g2.setPaint(p);,0.0,10206,11201
996,S4645,LegendGraphic.java,612,g2.fill(s);,0.0,10206,11201
996,S4646,LegendGraphic.java,614,if (this.shapeOutlineVisible) {,0.0,10206,11201
996,S4647,LegendGraphic.java,615,g2.setPaint(this.outlinePaint);,0.0,10206,11201
996,S4648,LegendGraphic.java,616,g2.setStroke(this.outlineStroke);,0.0,10206,11201
996,S4649,LegendGraphic.java,617,g2.draw(s);,0.0,10206,11201
996,S4650,LegendGraphic.java,633,"draw(g2, area);",0.0,10206,11201
996,S4651,LegendGraphic.java,634,return null;,0.0,10206,11201
996,S4652,LegendItem.java,174,private static final Shape UNUSED_SHAPE = new Line2D.Float();,0.0,10206,11201
996,S4653,LegendItem.java,180,private static final Stroke UNUSED_STROKE = new BasicStroke(0.0f);,0.0,10206,11201
996,S4654,LegendItem.java,198,"this(label, description, toolTipText, urlText,",0.0,10206,11201
996,S4655,LegendItem.java,227,"this(label, description, toolTipText, urlText,",0.0,10206,11201
996,S4656,LegendItem.java,290,"Stroke lineStroke, Paint linePaint) {",0.0,10206,11201
996,S4657,LegendItem.java,292,if (label == null) {,0.0,10206,11201
996,S4658,LegendItem.java,295,if (fillPaint == null) {,0.0,10206,11201
996,S4659,LegendItem.java,298,if (lineStroke == null) {,0.0,10206,11201
996,S4660,LegendItem.java,301,if (outlinePaint == null) {,0.0,10206,11201
996,S4661,LegendItem.java,304,if (outlineStroke == null) {,0.0,10206,11201
996,S4662,LegendItem.java,308,this.label = label;,0.0,10206,11201
996,S4663,LegendItem.java,309,this.attributedLabel = null;,0.0,10206,11201
996,S4664,LegendItem.java,310,this.description = description;,0.0,10206,11201
996,S4665,LegendItem.java,311,this.shapeVisible = shapeVisible;,0.0,10206,11201
996,S4666,LegendItem.java,312,this.shape = shape;,0.0,10206,11201
996,S4667,LegendItem.java,313,this.shapeFilled = shapeFilled;,0.0,10206,11201
996,S4668,LegendItem.java,314,this.fillPaint = fillPaint;,0.0,10206,11201
996,S4669,LegendItem.java,315,this.fillPaintTransformer = new StandardGradientPaintTransformer();,0.0,10206,11201
996,S4670,LegendItem.java,316,this.shapeOutlineVisible = shapeOutlineVisible;,0.0,10206,11201
996,S4671,LegendItem.java,317,this.outlinePaint = outlinePaint;,0.0,10206,11201
996,S4672,LegendItem.java,318,this.outlineStroke = outlineStroke;,0.0,10206,11201
996,S4673,LegendItem.java,319,this.lineVisible = lineVisible;,0.0,10206,11201
996,S4674,LegendItem.java,320,this.line = line;,0.0,10206,11201
996,S4675,LegendItem.java,321,this.lineStroke = lineStroke;,0.0,10206,11201
996,S4676,LegendItem.java,322,this.linePaint = linePaint;,0.0,10206,11201
996,S4677,LegendItem.java,323,this.toolTipText = toolTipText;,0.0,10206,11201
996,S4678,LegendItem.java,324,this.urlText = urlText;,0.0,10206,11201
996,S4679,LegendItem.java,507,return this.dataset;,0.0,10206,11201
996,S4680,LegendItem.java,518,this.dataset = dataset;,0.0,10206,11201
996,S4681,LegendItem.java,532,return this.datasetIndex;,0.0,10206,11201
996,S4682,LegendItem.java,545,this.datasetIndex = index;,0.0,10206,11201
996,S4683,LegendItem.java,558,return this.seriesKey;,0.0,10206,11201
996,S4684,LegendItem.java,569,this.seriesKey = key;,0.0,10206,11201
996,S4685,LegendItem.java,580,return this.series;,0.0,10206,11201
996,S4686,LegendItem.java,591,this.series = index;,0.0,10206,11201
996,S4687,LegendItem.java,600,return this.label;,0.0,10206,11201
996,S4688,LegendItem.java,627,return this.toolTipText;,0.0,10206,11201
996,S4689,LegendItem.java,636,return this.urlText;,0.0,10206,11201
996,S4690,LegendItem.java,645,return this.shapeVisible;,0.0,10206,11201
996,S4691,LegendItem.java,655,return this.shape;,0.0,10206,11201
996,S4692,LegendItem.java,664,return this.shapeFilled;,0.0,10206,11201
996,S4693,LegendItem.java,673,return this.fillPaint;,0.0,10206,11201
996,S4694,LegendItem.java,683,return this.shapeOutlineVisible;,0.0,10206,11201
996,S4695,LegendItem.java,692,return this.lineStroke;,0.0,10206,11201
996,S4696,LegendItem.java,701,return this.linePaint;,0.0,10206,11201
996,S4697,LegendItem.java,710,return this.outlinePaint;,0.0,10206,11201
996,S4698,LegendItem.java,719,return this.outlineStroke;,0.0,10206,11201
996,S4699,LegendItem.java,728,return this.lineVisible;,0.0,10206,11201
996,S4700,LegendItem.java,737,return this.line;,0.0,10206,11201
996,S4701,LegendItem.java,751,return this.fillPaintTransformer;,0.0,10206,11201
996,S4702,LegendItem.java,765,if (transformer == null) {,0.0,10206,11201
996,S4703,LegendItem.java,768,this.fillPaintTransformer = transformer;,0.0,10206,11201
996,S4704,LegendItemBlockContainer.java,98,super(arrangement);,0.0,10206,11201
996,S4705,LegendItemBlockContainer.java,99,this.dataset = dataset;,0.0,10206,11201
996,S4706,LegendItemBlockContainer.java,100,this.seriesKey = seriesKey;,0.0,10206,11201
996,S4707,LegendItemBlockContainer.java,144,this.toolTipText = text;,0.0,10206,11201
996,S4708,LegendItemBlockContainer.java,166,this.urlText = text;,0.0,10206,11201
996,S4709,LegendItemBlockContainer.java,181,"super.draw(g2, area, null);",0.0,10206,11201
996,S4710,LegendItemBlockContainer.java,182,EntityBlockParams ebp = null;,0.0,10206,11201
996,S4711,LegendItemBlockContainer.java,183,BlockResult r = new BlockResult();,0.0,10206,11201
996,S4712,LegendItemBlockContainer.java,184,if (params instanceof EntityBlockParams) {,0.0,10206,11201
996,S4713,LegendItemBlockContainer.java,185,ebp = (EntityBlockParams) params;,0.0,10206,11201
996,S4714,LegendItemBlockContainer.java,186,if (ebp.getGenerateEntities()) {,0.0,10206,11201
996,S4715,LegendItemBlockContainer.java,198,return r;,0.0,10206,11201
996,S4718,LegendItemCollection.java,75,this.items.add(item);,0.0,10206,11201
996,S4719,LegendItemCollection.java,95,return (LegendItem) this.items.get(index);,0.0,10206,11201
996,S4737,LegendTitle.java,196,return this.sources;,0.0,10206,11201
996,S4740,LegendTitle.java,261,return this.legendItemGraphicAnchor;,0.0,10206,11201
996,S4741,LegendTitle.java,282,return this.legendItemGraphicLocation;,0.0,10206,11201
996,S4750,LegendTitle.java,400,LegendItem item = legendItems.get(i);,0.0,10206,11201
996,S4751,LegendTitle.java,401,Block block = createLegendItemBlock(item);,0.0,10206,11201
996,S4752,LegendTitle.java,402,this.items.add(block);,0.0,10206,11201
996,S4753,LegendTitle.java,416,BlockContainer result = null;,0.0,10206,11201
996,S4754,LegendTitle.java,417,"LegendGraphic lg = new LegendGraphic(item.getShape(),",0.0,10206,11201
996,S4755,LegendTitle.java,419,lg.setFillPaintTransformer(item.getFillPaintTransformer());,0.0,10206,11201
996,S4756,LegendTitle.java,420,lg.setShapeFilled(item.isShapeFilled());,0.0,10206,11201
996,S4757,LegendTitle.java,421,lg.setLine(item.getLine());,0.0,10206,11201
996,S4758,LegendTitle.java,422,lg.setLineStroke(item.getLineStroke());,0.0,10206,11201
996,S4759,LegendTitle.java,423,lg.setLinePaint(item.getLinePaint());,0.0,10206,11201
996,S4760,LegendTitle.java,424,lg.setLineVisible(item.isLineVisible());,0.0,10206,11201
996,S4761,LegendTitle.java,425,lg.setShapeVisible(item.isShapeVisible());,0.0,10206,11201
996,S4762,LegendTitle.java,426,lg.setShapeOutlineVisible(item.isShapeOutlineVisible());,0.0,10206,11201
996,S4763,LegendTitle.java,427,lg.setOutlinePaint(item.getOutlinePaint());,0.0,10206,11201
996,S4764,LegendTitle.java,428,lg.setOutlineStroke(item.getOutlineStroke());,0.0,10206,11201
996,S4765,LegendTitle.java,429,lg.setPadding(this.legendItemGraphicPadding);,0.0,10206,11201
996,S4766,LegendTitle.java,431,LegendItemBlockContainer legendItem = new LegendItemBlockContainer(,0.0,10206,11201
996,S4767,LegendTitle.java,434,lg.setShapeAnchor(getLegendItemGraphicAnchor());,0.0,10206,11201
996,S4768,LegendTitle.java,435,lg.setShapeLocation(getLegendItemGraphicLocation());,0.0,10206,11201
996,S4769,LegendTitle.java,436,"legendItem.add(lg, this.legendItemGraphicEdge);",0.0,10206,11201
996,S4770,LegendTitle.java,437,"LabelBlock labelBlock = new LabelBlock(item.getLabel(), this.itemFont,",0.0,10206,11201
996,S4771,LegendTitle.java,439,labelBlock.setPadding(this.itemLabelPadding);,0.0,10206,11201
996,S4772,LegendTitle.java,440,legendItem.add(labelBlock);,0.0,10206,11201
996,S4773,LegendTitle.java,441,legendItem.setToolTipText(item.getToolTipText());,0.0,10206,11201
996,S4774,LegendTitle.java,442,legendItem.setURLText(item.getURLText());,0.0,10206,11201
996,S4775,LegendTitle.java,444,result = new BlockContainer(new CenterArrangement());,0.0,10206,11201
996,S4776,LegendTitle.java,445,result.add(legendItem);,0.0,10206,11201
996,S4777,LegendTitle.java,447,return result;,0.0,10206,11201
996,S4782,LegendTitle.java,474,BlockContainer container = this.wrapper;,0.0,10206,11201
996,S4783,LegendTitle.java,475,if (container == null) {,0.0,10206,11201
996,S4784,LegendTitle.java,476,container = this.items;,0.0,10206,11201
996,S4785,LegendTitle.java,478,RectangleConstraint c = toContentConstraint(constraint);,0.0,10206,11201
996,S4786,LegendTitle.java,479,"Size2D size = container.arrange(g2, c);",0.0,10206,11201
996,S4787,LegendTitle.java,480,result.height = calculateTotalHeight(size.height);,0.0,10206,11201
996,S4788,LegendTitle.java,481,result.width = calculateTotalWidth(size.width);,0.0,10206,11201
996,S4789,LegendTitle.java,482,return result;,0.0,10206,11201
996,S4803,LegendTitle.java,541,if (obj == this) {,0.0,10206,11201
996,S4804,LegendTitle.java,542,return true;,0.0,10206,11201
996,S4805,LegendTitle.java,544,if (!(obj instanceof LegendTitle)) {,0.0,10206,11201
996,S4806,LegendTitle.java,547,if (!super.equals(obj)) {,0.0,10206,11201
996,S4807,LegendTitle.java,550,LegendTitle that = (LegendTitle) obj;,0.0,10206,11201
996,S4808,LegendTitle.java,551,"if (!PaintUtilities.equal(this.backgroundPaint, that.backgroundPaint)) {",0.0,10206,11201
996,S4809,LegendTitle.java,554,if (this.legendItemGraphicEdge != that.legendItemGraphicEdge) {,0.0,10206,11201
996,S4810,LegendTitle.java,557,if (this.legendItemGraphicAnchor != that.legendItemGraphicAnchor) {,0.0,10206,11201
996,S4811,LegendTitle.java,560,if (this.legendItemGraphicLocation != that.legendItemGraphicLocation) {,0.0,10206,11201
996,S4812,LegendTitle.java,563,if (!this.itemFont.equals(that.itemFont)) {,0.0,10206,11201
996,S4813,LegendTitle.java,566,if (!this.itemPaint.equals(that.itemPaint)) {,0.0,10206,11201
996,S4814,LegendTitle.java,569,if (!this.hLayout.equals(that.hLayout)) {,0.0,10206,11201
996,S4815,LegendTitle.java,572,if (!this.vLayout.equals(that.vLayout)) {,0.0,10206,11201
996,S4816,LegendTitle.java,575,return true;,0.0,10206,11201
996,S4817,LegendTitle.java,586,stream.defaultWriteObject();,0.0,10206,11201
996,S4818,LegendTitle.java,587,"SerialUtilities.writePaint(this.backgroundPaint, stream);",0.0,10206,11201
996,S4819,LegendTitle.java,588,"SerialUtilities.writePaint(this.itemPaint, stream);",0.0,10206,11201
996,S4820,LegendTitle.java,601,stream.defaultReadObject();,0.0,10206,11201
996,S4821,LegendTitle.java,602,this.backgroundPaint = SerialUtilities.readPaint(stream);,0.0,10206,11201
996,S4822,LegendTitle.java,603,this.itemPaint = SerialUtilities.readPaint(stream);,0.0,10206,11201
996,S4823,LengthAdjustmentType.java,57,public static final LengthAdjustmentType NO_CHANGE,0.0,10206,11201
996,S4824,LengthAdjustmentType.java,61,public static final LengthAdjustmentType EXPAND,0.0,10206,11201
996,S4825,LengthAdjustmentType.java,65,public static final LengthAdjustmentType CONTRACT,0.0,10206,11201
996,S4826,LengthAdjustmentType.java,76,private LengthAdjustmentType(String name) {,0.0,10206,11201
996,S4827,LengthAdjustmentType.java,77,this.name = name;,0.0,10206,11201
996,S4828,LengthAdjustmentType.java,98,if (obj == this) {,0.0,10206,11201
996,S4829,LengthAdjustmentType.java,99,return true;,0.0,10206,11201
996,S4830,LengthAdjustmentType.java,101,if (!(obj instanceof LengthAdjustmentType)) {,0.0,10206,11201
996,S4831,LengthAdjustmentType.java,104,final LengthAdjustmentType that = (LengthAdjustmentType) obj;,0.0,10206,11201
996,S4832,LengthAdjustmentType.java,105,if (!this.name.equals(that.name)) {,0.0,10206,11201
996,S4833,LengthAdjustmentType.java,106,return false;,0.0,10206,11201
996,S4834,LengthAdjustmentType.java,108,return true;,0.0,10206,11201
996,S4835,LengthAdjustmentType.java,128,if (this.equals(LengthAdjustmentType.NO_CHANGE)) {,0.0,10206,11201
996,S4836,LengthAdjustmentType.java,131,else if (this.equals(LengthAdjustmentType.EXPAND)) {,0.0,10206,11201
996,S4837,LengthAdjustmentType.java,134,else if (this.equals(LengthAdjustmentType.CONTRACT)) {,0.0,10206,11201
996,S4838,LengthAdjustmentType.java,135,return LengthAdjustmentType.CONTRACT;,0.0,10206,11201
996,S4854,LineAndShapeRenderer.java,193,"this(true, true);",0.0,10206,11201
996,S4855,LineAndShapeRenderer.java,203,super();,0.0,10206,11201
996,S4856,LineAndShapeRenderer.java,204,this.seriesLinesVisible = new BooleanList();,0.0,10206,11201
996,S4857,LineAndShapeRenderer.java,205,this.baseLinesVisible = lines;,0.0,10206,11201
996,S4858,LineAndShapeRenderer.java,206,this.seriesShapesVisible = new BooleanList();,0.0,10206,11201
996,S4859,LineAndShapeRenderer.java,207,this.baseShapesVisible = shapes;,0.0,10206,11201
996,S4860,LineAndShapeRenderer.java,208,this.seriesShapesFilled = new BooleanList();,0.0,10206,11201
996,S4861,LineAndShapeRenderer.java,209,this.baseShapesFilled = true;,0.0,10206,11201
996,S4862,LineAndShapeRenderer.java,210,this.useFillPaint = false;,0.0,10206,11201
996,S4863,LineAndShapeRenderer.java,211,this.drawOutlines = true;,0.0,10206,11201
996,S4864,LineAndShapeRenderer.java,212,this.useOutlinePaint = false;,0.0,10206,11201
996,S4865,LineAndShapeRenderer.java,213,this.useSeriesOffset = false;  // preserves old behaviour,0.0,10206,11201
996,S4866,LineAndShapeRenderer.java,214,this.itemMargin = 0.0;,0.0,10206,11201
996,S4867,LineAndShapeRenderer.java,229,Boolean flag = getSeriesLinesVisible(series);,0.0,10206,11201
996,S4868,LineAndShapeRenderer.java,230,if (flag != null) {,0.0,10206,11201
996,S4869,LineAndShapeRenderer.java,234,return this.baseLinesVisible;,0.0,10206,11201
996,S4870,LineAndShapeRenderer.java,249,return this.seriesLinesVisible.getBoolean(series);,0.0,10206,11201
996,S4871,LineAndShapeRenderer.java,315,Boolean flag = getSeriesShapesVisible(series);,0.0,10206,11201
996,S4872,LineAndShapeRenderer.java,316,if (flag != null) {,0.0,10206,11201
996,S4873,LineAndShapeRenderer.java,320,return this.baseShapesVisible;,0.0,10206,11201
996,S4874,LineAndShapeRenderer.java,335,return this.seriesShapesVisible.getBoolean(series);,0.0,10206,11201
996,S4875,LineAndShapeRenderer.java,458,Boolean flag = getSeriesShapesFilled(series);,0.0,10206,11201
996,S4876,LineAndShapeRenderer.java,459,if (flag != null) {,0.0,10206,11201
996,S4877,LineAndShapeRenderer.java,463,return this.baseShapesFilled;,0.0,10206,11201
996,S4878,LineAndShapeRenderer.java,478,return this.seriesShapesFilled.getBoolean(series);,0.0,10206,11201
996,S4879,LineAndShapeRenderer.java,637,CategoryPlot cp = getPlot();,0.0,10206,11201
996,S4880,LineAndShapeRenderer.java,638,if (cp == null) {,0.0,10206,11201
996,S4881,LineAndShapeRenderer.java,642,if (isSeriesVisible(series) && isSeriesVisibleInLegend(series)) {,0.0,10206,11201
996,S4882,LineAndShapeRenderer.java,643,CategoryDataset dataset = cp.getDataset(datasetIndex);,0.0,10206,11201
996,S4883,LineAndShapeRenderer.java,644,String label = getLegendItemLabelGenerator().generateLabel(,0.0,10206,11201
996,S4884,LineAndShapeRenderer.java,646,String description = label;,0.0,10206,11201
996,S4885,LineAndShapeRenderer.java,647,String toolTipText = null;,0.0,10206,11201
996,S4886,LineAndShapeRenderer.java,648,if (getLegendItemToolTipGenerator() != null) {,0.0,10206,11201
996,S4887,LineAndShapeRenderer.java,652,String urlText = null;,0.0,10206,11201
996,S4888,LineAndShapeRenderer.java,653,if (getLegendItemURLGenerator() != null) {,0.0,10206,11201
996,S4889,LineAndShapeRenderer.java,657,Shape shape = lookupSeriesShape(series);,0.0,10206,11201
996,S4890,LineAndShapeRenderer.java,658,Paint paint = lookupSeriesPaint(series);,0.0,10206,11201
996,S4891,LineAndShapeRenderer.java,659,Paint fillPaint = (this.useFillPaint,0.0,10206,11201
996,S4892,LineAndShapeRenderer.java,661,boolean shapeOutlineVisible = this.drawOutlines;,0.0,10206,11201
996,S4893,LineAndShapeRenderer.java,662,Paint outlinePaint = (this.useOutlinePaint,0.0,10206,11201
996,S4894,LineAndShapeRenderer.java,664,Stroke outlineStroke = lookupSeriesOutlineStroke(series);,0.0,10206,11201
996,S4895,LineAndShapeRenderer.java,665,"boolean lineVisible = getItemLineVisible(series, 0);",0.0,10206,11201
996,S4896,LineAndShapeRenderer.java,666,"boolean shapeVisible = getItemShapeVisible(series, 0);",0.0,10206,11201
996,S4897,LineAndShapeRenderer.java,667,"LegendItem result = new LegendItem(label, description, toolTipText,",0.0,10206,11201
996,S4898,LineAndShapeRenderer.java,672,result.setDataset(dataset);,0.0,10206,11201
996,S4899,LineAndShapeRenderer.java,673,result.setDatasetIndex(datasetIndex);,0.0,10206,11201
996,S4900,LineAndShapeRenderer.java,674,result.setSeriesKey(dataset.getRowKey(series));,0.0,10206,11201
996,S4901,LineAndShapeRenderer.java,675,result.setSeriesIndex(series);,0.0,10206,11201
996,S4902,LineAndShapeRenderer.java,676,return result;,0.0,10206,11201
996,S4903,LineAndShapeRenderer.java,688,return 2;,0.0,10206,11201
996,S4904,LineAndShapeRenderer.java,711,"if (!getItemVisible(row, column)) {",0.0,10206,11201
996,S4905,LineAndShapeRenderer.java,716,"if (!getItemLineVisible(row, column)",0.0,10206,11201
996,S4906,LineAndShapeRenderer.java,722,"Number v = dataset.getValue(row, column);",0.0,10206,11201
996,S4907,LineAndShapeRenderer.java,723,if (v == null) {,0.0,10206,11201
996,S4908,LineAndShapeRenderer.java,727,PlotOrientation orientation = plot.getOrientation();,0.0,10206,11201
996,S4909,LineAndShapeRenderer.java,731,if (this.useSeriesOffset) {,0.0,10206,11201
996,S4910,LineAndShapeRenderer.java,737,"x1 = domainAxis.getCategoryMiddle(column, getColumnCount(),",0.0,10206,11201
996,S4911,LineAndShapeRenderer.java,740,double value = v.doubleValue();,0.0,10206,11201
996,S4912,LineAndShapeRenderer.java,741,"double y1 = rangeAxis.valueToJava2D(value, dataArea,",0.0,10206,11201
996,S4913,LineAndShapeRenderer.java,744,"if (pass == 0 && getItemLineVisible(row, column)) {",0.0,10206,11201
996,S4914,LineAndShapeRenderer.java,745,if (column != 0) {,0.0,10206,11201
996,S4915,LineAndShapeRenderer.java,746,"Number previousValue = dataset.getValue(row, column - 1);",0.0,10206,11201
996,S4916,LineAndShapeRenderer.java,747,if (previousValue != null) {,0.0,10206,11201
996,S4917,LineAndShapeRenderer.java,749,double previous = previousValue.doubleValue();,0.0,10206,11201
996,S4918,LineAndShapeRenderer.java,751,if (this.useSeriesOffset) {,0.0,10206,11201
996,S4919,LineAndShapeRenderer.java,759,"x0 = domainAxis.getCategoryMiddle(column - 1,",0.0,10206,11201
996,S4920,LineAndShapeRenderer.java,763,"double y0 = rangeAxis.valueToJava2D(previous, dataArea,",0.0,10206,11201
996,S4921,LineAndShapeRenderer.java,766,Line2D line = null;,0.0,10206,11201
996,S4922,LineAndShapeRenderer.java,767,if (orientation == PlotOrientation.HORIZONTAL) {,0.0,10206,11201
996,S4923,LineAndShapeRenderer.java,768,"line = new Line2D.Double(y0, x0, y1, x1);",0.0,10206,11201
996,S4924,LineAndShapeRenderer.java,773,"g2.setPaint(getItemPaint(row, column));",0.0,10206,11201
996,S4925,LineAndShapeRenderer.java,774,"g2.setStroke(getItemStroke(row, column));",0.0,10206,11201
996,S4926,LineAndShapeRenderer.java,775,g2.draw(line);,0.0,10206,11201
996,S4927,LineAndShapeRenderer.java,780,if (pass == 1) {,0.0,10206,11201
996,S4928,LineAndShapeRenderer.java,781,"Shape shape = getItemShape(row, column);",0.0,10206,11201
996,S4929,LineAndShapeRenderer.java,782,if (orientation == PlotOrientation.HORIZONTAL) {,0.0,10206,11201
996,S4930,LineAndShapeRenderer.java,783,"shape = ShapeUtilities.createTranslatedShape(shape, y1, x1);",0.0,10206,11201
996,S4931,LineAndShapeRenderer.java,789,"if (getItemShapeVisible(row, column)) {",0.0,10206,11201
996,S4932,LineAndShapeRenderer.java,812,"if (isItemLabelVisible(row, column)) {",0.0,10206,11201
996,S4933,LineAndShapeRenderer.java,824,EntityCollection entities = state.getEntityCollection();,0.0,10206,11201
996,S4934,LineAndShapeRenderer.java,825,if (entities != null) {,0.0,10206,11201
996,S4943,LineBorder.java,114,return this.paint;,0.0,10206,11201
996,S4945,LineBorder.java,132,return this.stroke;,0.0,10206,11201
996,S4950,LineBorder.java,148,double t = this.insets.calculateTopInset(h);,0.0,10206,11201
996,S4951,LineBorder.java,149,double b = this.insets.calculateBottomInset(h);,0.0,10206,11201
996,S4952,LineBorder.java,150,double l = this.insets.calculateLeftInset(w);,0.0,10206,11201
996,S4953,LineBorder.java,151,double r = this.insets.calculateRightInset(w);,0.0,10206,11201
996,S4954,LineBorder.java,152,double x = area.getX();,0.0,10206,11201
996,S4955,LineBorder.java,153,double y = area.getY();,0.0,10206,11201
996,S4956,LineBorder.java,154,double x0 = x + l / 2.0;,0.0,10206,11201
996,S4957,LineBorder.java,155,double x1 = x + w - r / 2.0;,0.0,10206,11201
996,S4958,LineBorder.java,156,double y0 = y + h - b / 2.0;,0.0,10206,11201
996,S4959,LineBorder.java,157,double y1 = y + t / 2.0;,0.0,10206,11201
996,S4960,LineBorder.java,158,g2.setPaint(getPaint());,0.0,10206,11201
996,S4961,LineBorder.java,159,g2.setStroke(getStroke());,0.0,10206,11201
996,S4962,LineBorder.java,160,Line2D line = new Line2D.Double();,0.0,10206,11201
996,S4963,LineBorder.java,161,if (t > 0.0) {,0.0,10206,11201
996,S4964,LineBorder.java,162,"line.setLine(x0, y1, x1, y1);",0.0,10206,11201
996,S4965,LineBorder.java,163,g2.draw(line);,0.0,10206,11201
996,S4966,LineBorder.java,165,if (b > 0.0) {,0.0,10206,11201
996,S4967,LineBorder.java,166,"line.setLine(x0, y0, x1, y0);",0.0,10206,11201
996,S4968,LineBorder.java,167,g2.draw(line);,0.0,10206,11201
996,S4969,LineBorder.java,169,if (l > 0.0) {,0.0,10206,11201
996,S4970,LineBorder.java,170,"line.setLine(x0, y0, x0, y1);",0.0,10206,11201
996,S4971,LineBorder.java,171,g2.draw(line);,0.0,10206,11201
996,S4972,LineBorder.java,173,if (r > 0.0) {,0.0,10206,11201
996,S4973,LineBorder.java,174,"line.setLine(x1, y0, x1, y1);",0.0,10206,11201
996,S4974,LineBorder.java,175,g2.draw(line);,0.0,10206,11201
996,S4975,LineBorder.java,187,if (obj == this) {,0.0,10206,11201
996,S4976,LineBorder.java,190,if (!(obj instanceof LineBorder)) {,0.0,10206,11201
996,S4977,LineBorder.java,193,LineBorder that = (LineBorder) obj;,0.0,10206,11201
996,S4978,LineBorder.java,194,"if (!PaintUtilities.equal(this.paint, that.paint)) {",0.0,10206,11201
996,S4979,LineBorder.java,197,"if (!ObjectUtilities.equal(this.stroke, that.stroke)){",0.0,10206,11201
996,S4980,LineBorder.java,200,if (!this.insets.equals(that.insets)) {,0.0,10206,11201
996,S4981,LineBorder.java,203,return true;,0.0,10206,11201
996,S4982,LineBorder.java,214,stream.defaultWriteObject();,0.0,10206,11201
996,S4983,LineBorder.java,215,"SerialUtilities.writePaint(this.paint, stream);",0.0,10206,11201
996,S4984,LineBorder.java,216,"SerialUtilities.writeStroke(this.stroke, stream);",0.0,10206,11201
996,S4985,LineBorder.java,229,stream.defaultReadObject();,0.0,10206,11201
996,S4986,LineBorder.java,230,this.paint = SerialUtilities.readPaint(stream);,0.0,10206,11201
996,S4987,LineBorder.java,231,this.stroke = SerialUtilities.readStroke(stream);,0.0,10206,11201
996,S4988,LineRenderer3D.java,103,"public static final Paint DEFAULT_WALL_PAINT = new Color(0xDD, 0xDD, 0xDD);",0.0,10206,11201
996,S4989,LineRenderer3D.java,118,"super(true, false);  //Create a line renderer only",0.0,10206,11201
996,S4990,LineRenderer3D.java,119,this.xOffset = DEFAULT_X_OFFSET;,0.0,10206,11201
996,S4991,LineRenderer3D.java,120,this.yOffset = DEFAULT_Y_OFFSET;,0.0,10206,11201
996,S4992,LineRenderer3D.java,121,this.wallPaint = DEFAULT_WALL_PAINT;,0.0,10206,11201
996,S4993,LineRenderer3D.java,133,return this.xOffset;,0.0,10206,11201
996,S4994,LineRenderer3D.java,145,return this.yOffset;,0.0,10206,11201
996,S4995,LineRenderer3D.java,183,return this.wallPaint;,0.0,10206,11201
996,S4996,LineRenderer3D.java,213,float x0 = (float) dataArea.getX();,0.0,10206,11201
996,S4997,LineRenderer3D.java,214,float x1 = x0 + (float) Math.abs(this.xOffset);,0.0,10206,11201
996,S4998,LineRenderer3D.java,215,float x3 = (float) dataArea.getMaxX();,0.0,10206,11201
996,S4999,LineRenderer3D.java,216,float x2 = x3 - (float) Math.abs(this.xOffset);,0.0,10206,11201
996,S5000,LineRenderer3D.java,218,float y0 = (float) dataArea.getMaxY();,0.0,10206,11201
996,S5001,LineRenderer3D.java,219,float y1 = y0 - (float) Math.abs(this.yOffset);,0.0,10206,11201
996,S5002,LineRenderer3D.java,220,float y3 = (float) dataArea.getMinY();,0.0,10206,11201
996,S5003,LineRenderer3D.java,221,float y2 = y3 + (float) Math.abs(this.yOffset);,0.0,10206,11201
996,S5004,LineRenderer3D.java,223,GeneralPath clip = new GeneralPath();,0.0,10206,11201
996,S5005,LineRenderer3D.java,224,"clip.moveTo(x0, y0);",0.0,10206,11201
996,S5006,LineRenderer3D.java,225,"clip.lineTo(x0, y2);",0.0,10206,11201
996,S5007,LineRenderer3D.java,226,"clip.lineTo(x1, y3);",0.0,10206,11201
996,S5008,LineRenderer3D.java,227,"clip.lineTo(x3, y3);",0.0,10206,11201
996,S5009,LineRenderer3D.java,228,"clip.lineTo(x3, y1);",0.0,10206,11201
996,S5010,LineRenderer3D.java,229,"clip.lineTo(x2, y0);",0.0,10206,11201
996,S5011,LineRenderer3D.java,230,clip.closePath();,0.0,10206,11201
996,S5012,LineRenderer3D.java,232,Composite originalComposite = g2.getComposite();,0.0,10206,11201
996,S5013,LineRenderer3D.java,233,"g2.setComposite(AlphaComposite.getInstance(AlphaComposite.SRC_OVER,",0.0,10206,11201
996,S5014,LineRenderer3D.java,237,Paint backgroundPaint = plot.getBackgroundPaint();,0.0,10206,11201
996,S5015,LineRenderer3D.java,238,if (backgroundPaint != null) {,0.0,10206,11201
996,S5016,LineRenderer3D.java,239,g2.setPaint(backgroundPaint);,0.0,10206,11201
996,S5017,LineRenderer3D.java,240,g2.fill(clip);,0.0,10206,11201
996,S5018,LineRenderer3D.java,243,GeneralPath leftWall = new GeneralPath();,0.0,10206,11201
996,S5019,LineRenderer3D.java,244,"leftWall.moveTo(x0, y0);",0.0,10206,11201
996,S5020,LineRenderer3D.java,245,"leftWall.lineTo(x0, y2);",0.0,10206,11201
996,S5021,LineRenderer3D.java,246,"leftWall.lineTo(x1, y3);",0.0,10206,11201
996,S5022,LineRenderer3D.java,247,"leftWall.lineTo(x1, y1);",0.0,10206,11201
996,S5023,LineRenderer3D.java,248,leftWall.closePath();,0.0,10206,11201
996,S5024,LineRenderer3D.java,249,g2.setPaint(getWallPaint());,0.0,10206,11201
996,S5025,LineRenderer3D.java,250,g2.fill(leftWall);,0.0,10206,11201
996,S5026,LineRenderer3D.java,252,GeneralPath bottomWall = new GeneralPath();,0.0,10206,11201
996,S5027,LineRenderer3D.java,253,"bottomWall.moveTo(x0, y0);",0.0,10206,11201
996,S5028,LineRenderer3D.java,254,"bottomWall.lineTo(x1, y1);",0.0,10206,11201
996,S5029,LineRenderer3D.java,255,"bottomWall.lineTo(x3, y1);",0.0,10206,11201
996,S5030,LineRenderer3D.java,256,"bottomWall.lineTo(x2, y0);",0.0,10206,11201
996,S5031,LineRenderer3D.java,257,bottomWall.closePath();,0.0,10206,11201
996,S5032,LineRenderer3D.java,258,g2.setPaint(getWallPaint());,0.0,10206,11201
996,S5033,LineRenderer3D.java,259,g2.fill(bottomWall);,0.0,10206,11201
996,S5034,LineRenderer3D.java,262,g2.setPaint(Color.lightGray);,0.0,10206,11201
996,S5035,LineRenderer3D.java,263,"Line2D corner = new Line2D.Double(x0, y0, x1, y1);",0.0,10206,11201
996,S5036,LineRenderer3D.java,264,g2.draw(corner);,0.0,10206,11201
996,S5037,LineRenderer3D.java,265,"corner.setLine(x1, y1, x1, y3);",0.0,10206,11201
996,S5038,LineRenderer3D.java,266,g2.draw(corner);,0.0,10206,11201
996,S5039,LineRenderer3D.java,267,"corner.setLine(x1, y1, x3, y1);",0.0,10206,11201
996,S5040,LineRenderer3D.java,268,g2.draw(corner);,0.0,10206,11201
996,S5041,LineRenderer3D.java,271,Image backgroundImage = plot.getBackgroundImage();,0.0,10206,11201
996,S5042,LineRenderer3D.java,272,if (backgroundImage != null) {,0.0,10206,11201
996,S5043,LineRenderer3D.java,280,g2.setComposite(originalComposite);,0.0,10206,11201
996,S5044,LineRenderer3D.java,294,float x0 = (float) dataArea.getX();,0.0,10206,11201
996,S5045,LineRenderer3D.java,295,float x1 = x0 + (float) Math.abs(this.xOffset);,0.0,10206,11201
996,S5046,LineRenderer3D.java,296,float x3 = (float) dataArea.getMaxX();,0.0,10206,11201
996,S5047,LineRenderer3D.java,297,float x2 = x3 - (float) Math.abs(this.xOffset);,0.0,10206,11201
996,S5048,LineRenderer3D.java,299,float y0 = (float) dataArea.getMaxY();,0.0,10206,11201
996,S5049,LineRenderer3D.java,300,float y1 = y0 - (float) Math.abs(this.yOffset);,0.0,10206,11201
996,S5050,LineRenderer3D.java,301,float y3 = (float) dataArea.getMinY();,0.0,10206,11201
996,S5051,LineRenderer3D.java,302,float y2 = y3 + (float) Math.abs(this.yOffset);,0.0,10206,11201
996,S5052,LineRenderer3D.java,304,GeneralPath clip = new GeneralPath();,0.0,10206,11201
996,S5053,LineRenderer3D.java,305,"clip.moveTo(x0, y0);",0.0,10206,11201
996,S5054,LineRenderer3D.java,306,"clip.lineTo(x0, y2);",0.0,10206,11201
996,S5055,LineRenderer3D.java,307,"clip.lineTo(x1, y3);",0.0,10206,11201
996,S5056,LineRenderer3D.java,308,"clip.lineTo(x3, y3);",0.0,10206,11201
996,S5057,LineRenderer3D.java,309,"clip.lineTo(x3, y1);",0.0,10206,11201
996,S5058,LineRenderer3D.java,310,"clip.lineTo(x2, y0);",0.0,10206,11201
996,S5059,LineRenderer3D.java,311,clip.closePath();,0.0,10206,11201
996,S5060,LineRenderer3D.java,314,Stroke outlineStroke = plot.getOutlineStroke();,0.0,10206,11201
996,S5061,LineRenderer3D.java,315,Paint outlinePaint = plot.getOutlinePaint();,0.0,10206,11201
996,S5062,LineRenderer3D.java,316,if ((outlineStroke != null) && (outlinePaint != null)) {,0.0,10206,11201
996,S5063,LineRenderer3D.java,317,g2.setStroke(outlineStroke);,0.0,10206,11201
996,S5064,LineRenderer3D.java,318,g2.setPaint(outlinePaint);,0.0,10206,11201
996,S5065,LineRenderer3D.java,319,g2.draw(clip);,0.0,10206,11201
996,S5066,LineRenderer3D.java,384,Range range = axis.getRange();,0.0,10206,11201
996,S5067,LineRenderer3D.java,386,if (!range.contains(value)) {,0.0,10206,11201
996,S5068,LineRenderer3D.java,390,"Rectangle2D adjusted = new Rectangle2D.Double(dataArea.getX(),",0.0,10206,11201
996,S5069,LineRenderer3D.java,395,Line2D line1 = null;,0.0,10206,11201
996,S5070,LineRenderer3D.java,396,Line2D line2 = null;,0.0,10206,11201
996,S5071,LineRenderer3D.java,397,PlotOrientation orientation = plot.getOrientation();,0.0,10206,11201
996,S5072,LineRenderer3D.java,398,if (orientation == PlotOrientation.HORIZONTAL) {,0.0,10206,11201
996,S5073,LineRenderer3D.java,399,"double x0 = axis.valueToJava2D(value, adjusted,",0.0,10206,11201
996,S5074,LineRenderer3D.java,401,double x1 = x0 + getXOffset();,0.0,10206,11201
996,S5075,LineRenderer3D.java,402,double y0 = dataArea.getMaxY();,0.0,10206,11201
996,S5076,LineRenderer3D.java,403,double y1 = y0 - getYOffset();,0.0,10206,11201
996,S5077,LineRenderer3D.java,404,double y2 = dataArea.getMinY();,0.0,10206,11201
996,S5078,LineRenderer3D.java,405,"line1 = new Line2D.Double(x0, y0, x1, y1);",0.0,10206,11201
996,S5079,LineRenderer3D.java,406,"line2 = new Line2D.Double(x1, y1, x1, y2);",0.0,10206,11201
996,S5080,LineRenderer3D.java,418,g2.setPaint(plot.getRangeGridlinePaint());,0.0,10206,11201
996,S5081,LineRenderer3D.java,419,g2.setStroke(plot.getRangeGridlineStroke());,0.0,10206,11201
996,S5082,LineRenderer3D.java,420,g2.draw(line1);,0.0,10206,11201
996,S5083,LineRenderer3D.java,421,g2.draw(line2);,0.0,10206,11201
996,S5084,LineRenderer3D.java,440,"Rectangle2D adjusted = new Rectangle2D.Double(dataArea.getX(),",0.0,10206,11201
996,S5085,LineRenderer3D.java,445,if (marker instanceof ValueMarker) {,0.0,10206,11201
996,S5086,LineRenderer3D.java,446,ValueMarker vm = (ValueMarker) marker;,0.0,10206,11201
996,S5087,LineRenderer3D.java,447,double value = vm.getValue();,0.0,10206,11201
996,S5088,LineRenderer3D.java,448,Range range = axis.getRange();,0.0,10206,11201
996,S5089,LineRenderer3D.java,449,if (!range.contains(value)) {,0.0,10206,11201
996,S5090,LineRenderer3D.java,453,GeneralPath path = null;,0.0,10206,11201
996,S5091,LineRenderer3D.java,454,PlotOrientation orientation = plot.getOrientation();,0.0,10206,11201
996,S5092,LineRenderer3D.java,455,if (orientation == PlotOrientation.HORIZONTAL) {,0.0,10206,11201
996,S5093,LineRenderer3D.java,456,"float x = (float) axis.valueToJava2D(value, adjusted,",0.0,10206,11201
996,S5094,LineRenderer3D.java,458,float y = (float) adjusted.getMaxY();,0.0,10206,11201
996,S5095,LineRenderer3D.java,459,path = new GeneralPath();,0.0,10206,11201
996,S5096,LineRenderer3D.java,460,"path.moveTo(x, y);",0.0,10206,11201
996,S5097,LineRenderer3D.java,461,"path.lineTo((float) (x + getXOffset()),",0.0,10206,11201
996,S5098,LineRenderer3D.java,463,"path.lineTo((float) (x + getXOffset()),",0.0,10206,11201
996,S5099,LineRenderer3D.java,465,"path.lineTo(x, (float) adjusted.getMinY());",0.0,10206,11201
996,S5100,LineRenderer3D.java,466,path.closePath();,0.0,10206,11201
996,S5101,LineRenderer3D.java,480,g2.setPaint(marker.getPaint());,0.0,10206,11201
996,S5102,LineRenderer3D.java,481,g2.fill(path);,0.0,10206,11201
996,S5103,LineRenderer3D.java,482,g2.setPaint(marker.getOutlinePaint());,0.0,10206,11201
996,S5104,LineRenderer3D.java,483,g2.draw(path);,0.0,10206,11201
996,S5105,LineRenderer3D.java,516,"if (!getItemVisible(row, column)) {",0.0,10206,11201
996,S5106,LineRenderer3D.java,521,"Number v = dataset.getValue(row, column);",0.0,10206,11201
996,S5107,LineRenderer3D.java,522,if (v == null) {,0.0,10206,11201
996,S5108,LineRenderer3D.java,526,"Rectangle2D adjusted = new Rectangle2D.Double(dataArea.getX(),",0.0,10206,11201
996,S5109,LineRenderer3D.java,531,PlotOrientation orientation = plot.getOrientation();,0.0,10206,11201
996,S5110,LineRenderer3D.java,534,"double x1 = domainAxis.getCategoryMiddle(column, getColumnCount(),",0.0,10206,11201
996,S5111,LineRenderer3D.java,536,double value = v.doubleValue();,0.0,10206,11201
996,S5112,LineRenderer3D.java,537,"double y1 = rangeAxis.valueToJava2D(value, adjusted,",0.0,10206,11201
996,S5113,LineRenderer3D.java,540,"Shape shape = getItemShape(row, column);",0.0,10206,11201
996,S5114,LineRenderer3D.java,541,if (orientation == PlotOrientation.HORIZONTAL) {,0.0,10206,11201
996,S5115,LineRenderer3D.java,542,"shape = ShapeUtilities.createTranslatedShape(shape, y1, x1);",0.0,10206,11201
996,S5116,LineRenderer3D.java,548,"if (getItemLineVisible(row, column)) {",0.0,10206,11201
996,S5117,LineRenderer3D.java,549,if (column != 0) {,0.0,10206,11201
996,S5118,LineRenderer3D.java,551,"Number previousValue = dataset.getValue(row, column - 1);",0.0,10206,11201
996,S5119,LineRenderer3D.java,552,if (previousValue != null) {,0.0,10206,11201
996,S5120,LineRenderer3D.java,555,double previous = previousValue.doubleValue();,0.0,10206,11201
996,S5121,LineRenderer3D.java,556,"double x0 = domainAxis.getCategoryMiddle(column - 1,",0.0,10206,11201
996,S5122,LineRenderer3D.java,559,"double y0 = rangeAxis.valueToJava2D(previous, adjusted,",0.0,10206,11201
996,S5123,LineRenderer3D.java,562,double x2 = x0 + getXOffset();,0.0,10206,11201
996,S5124,LineRenderer3D.java,563,double y2 = y0 - getYOffset();,0.0,10206,11201
996,S5125,LineRenderer3D.java,564,double x3 = x1 + getXOffset();,0.0,10206,11201
996,S5126,LineRenderer3D.java,565,double y3 = y1 - getYOffset();,0.0,10206,11201
996,S5127,LineRenderer3D.java,567,GeneralPath clip = new GeneralPath();,0.0,10206,11201
996,S5128,LineRenderer3D.java,569,if (orientation == PlotOrientation.HORIZONTAL) {,0.0,10206,11201
996,S5129,LineRenderer3D.java,570,"clip.moveTo((float) y0, (float) x0);",0.0,10206,11201
996,S5130,LineRenderer3D.java,571,"clip.lineTo((float) y1, (float) x1);",0.0,10206,11201
996,S5131,LineRenderer3D.java,572,"clip.lineTo((float) y3, (float) x3);",0.0,10206,11201
996,S5132,LineRenderer3D.java,573,"clip.lineTo((float) y2, (float) x2);",0.0,10206,11201
996,S5133,LineRenderer3D.java,574,"clip.lineTo((float) y0, (float) x0);",0.0,10206,11201
996,S5134,LineRenderer3D.java,575,clip.closePath();,0.0,10206,11201
996,S5135,LineRenderer3D.java,586,"g2.setPaint(getItemPaint(row, column));",0.0,10206,11201
996,S5136,LineRenderer3D.java,587,g2.fill(clip);,0.0,10206,11201
996,S5137,LineRenderer3D.java,588,"g2.setStroke(getItemOutlineStroke(row, column));",0.0,10206,11201
996,S5138,LineRenderer3D.java,589,"g2.setPaint(getItemOutlinePaint(row, column));",0.0,10206,11201
996,S5139,LineRenderer3D.java,590,g2.draw(clip);,0.0,10206,11201
996,S5140,LineRenderer3D.java,596,"if (isItemLabelVisible(row, column)) {",0.0,10206,11201
996,S5141,LineRenderer3D.java,602,EntityCollection entities = state.getEntityCollection();,0.0,10206,11201
996,S5142,LineRenderer3D.java,603,if (entities != null) {,0.0,10206,11201
996,S5143,LogAxis.java,83,private double base = 10.0;,0.0,10206,11201
996,S5144,LogAxis.java,86,private double baseLog = Math.log(10.0);,0.0,10206,11201
996,S5145,LogAxis.java,89,private double smallestValue = 1E-100;,0.0,10206,11201
996,S5146,LogAxis.java,104,this(null);,0.0,10206,11201
996,S5147,LogAxis.java,113,"super(label,  createLogTickUnits(Locale.getDefault()));",0.0,10206,11201
996,S5148,LogAxis.java,114,"setDefaultAutoRange(new Range(0.01, 1.0));",0.0,10206,11201
996,S5149,LogAxis.java,115,"this.tickUnit = new NumberTickUnit(1.0, new DecimalFormat(""0.#""));",0.0,10206,11201
996,S5150,LogAxis.java,116,this.minorTickCount = 9;,0.0,10206,11201
996,S5151,LogAxis.java,293,return Math.log(value) / this.baseLog;,0.0,10206,11201
996,S5152,LogAxis.java,307,"return Math.pow(this.base, log);",0.0,10206,11201
996,S5153,LogAxis.java,323,Range range = getRange();,0.0,10206,11201
996,S5154,LogAxis.java,324,double axisMin = calculateLog(range.getLowerBound());,0.0,10206,11201
996,S5155,LogAxis.java,325,double axisMax = calculateLog(range.getUpperBound());,0.0,10206,11201
996,S5156,LogAxis.java,327,double min = 0.0;,0.0,10206,11201
996,S5157,LogAxis.java,328,double max = 0.0;,0.0,10206,11201
996,S5158,LogAxis.java,329,if (RectangleEdge.isTopOrBottom(edge)) {,0.0,10206,11201
996,S5159,LogAxis.java,330,min = area.getX();,0.0,10206,11201
996,S5160,LogAxis.java,331,max = area.getMaxX();,0.0,10206,11201
996,S5161,LogAxis.java,333,else if (RectangleEdge.isLeftOrRight(edge)) {,0.0,10206,11201
996,S5162,LogAxis.java,334,min = area.getMaxY();,0.0,10206,11201
996,S5163,LogAxis.java,335,max = area.getY();,0.0,10206,11201
996,S5164,LogAxis.java,337,double log = 0.0;,0.0,10206,11201
996,S5165,LogAxis.java,338,if (isInverted()) {,0.0,10206,11201
996,S5166,LogAxis.java,339,log = axisMax - (java2DValue - min) / (max - min),0.0,10206,11201
996,S5167,LogAxis.java,343,log = axisMin + (java2DValue - min) / (max - min),0.0,10206,11201
996,S5168,LogAxis.java,346,return calculateValue(log);,0.0,10206,11201
996,S5169,LogAxis.java,393,if (isAutoRange()) {,0.0,10206,11201
996,S5170,LogAxis.java,394,autoAdjustRange();,0.0,10206,11201
996,S5171,LogAxis.java,403,Plot plot = getPlot();,0.0,10206,11201
996,S5172,LogAxis.java,404,if (plot == null) {,0.0,10206,11201
996,S5173,LogAxis.java,408,if (plot instanceof ValueAxisPlot) {,0.0,10206,11201
996,S5174,LogAxis.java,409,ValueAxisPlot vap = (ValueAxisPlot) plot;,0.0,10206,11201
996,S5175,LogAxis.java,411,Range r = vap.getDataRange(this);,0.0,10206,11201
996,S5176,LogAxis.java,412,if (r == null) {,0.0,10206,11201
996,S5177,LogAxis.java,413,r = getDefaultAutoRange();,0.0,10206,11201
996,S5178,LogAxis.java,416,double upper = r.getUpperBound();,0.0,10206,11201
996,S5179,LogAxis.java,417,"double lower = Math.max(r.getLowerBound(), this.smallestValue);",0.0,10206,11201
996,S5180,LogAxis.java,418,double range = upper - lower;,0.0,10206,11201
996,S5181,LogAxis.java,421,double fixedAutoRange = getFixedAutoRange();,0.0,10206,11201
996,S5182,LogAxis.java,422,if (fixedAutoRange > 0.0) {,0.0,10206,11201
996,S5183,LogAxis.java,427,double minRange = getAutoRangeMinimumSize();,0.0,10206,11201
996,S5184,LogAxis.java,428,if (range < minRange) {,0.0,10206,11201
996,S5185,LogAxis.java,435,double logUpper = calculateLog(upper);,0.0,10206,11201
996,S5186,LogAxis.java,436,double logLower = calculateLog(lower);,0.0,10206,11201
996,S5187,LogAxis.java,437,double logRange = logUpper - logLower;,0.0,10206,11201
996,S5188,LogAxis.java,438,logUpper = logUpper + getUpperMargin() * logRange;,0.0,10206,11201
996,S5189,LogAxis.java,439,logLower = logLower - getLowerMargin() * logRange;,0.0,10206,11201
996,S5190,LogAxis.java,440,upper = calculateValue(logUpper);,0.0,10206,11201
996,S5191,LogAxis.java,441,lower = calculateValue(logLower);,0.0,10206,11201
996,S5192,LogAxis.java,444,"setRange(new Range(lower, upper), false, false);",0.0,10206,11201
996,S5193,LogAxis.java,860,if (obj == this) {,0.0,10206,11201
996,S5194,LogAxis.java,863,if (!(obj instanceof LogAxis)) {,0.0,10206,11201
996,S5195,LogAxis.java,866,LogAxis that = (LogAxis) obj;,0.0,10206,11201
996,S5196,LogAxis.java,867,if (this.base != that.base) {,0.0,10206,11201
996,S5197,LogAxis.java,870,if (this.smallestValue != that.smallestValue) {,0.0,10206,11201
996,S5198,LogAxis.java,873,if (this.minorTickCount != that.minorTickCount) {,0.0,10206,11201
996,S5199,LogAxis.java,876,return super.equals(obj);,0.0,10206,11201
996,S5200,LogAxis.java,885,int result = 193;,0.0,10206,11201
996,S5201,LogAxis.java,886,long temp = Double.doubleToLongBits(this.base);,0.0,10206,11201
996,S5202,LogAxis.java,887,result = 37 * result + (int) (temp ^ (temp >>> 32));,0.0,10206,11201
996,S5203,LogAxis.java,888,result = 37 * result + this.minorTickCount;,0.0,10206,11201
996,S5204,LogAxis.java,889,temp = Double.doubleToLongBits(this.smallestValue);,0.0,10206,11201
996,S5205,LogAxis.java,890,result = 37 * result + (int) (temp ^ (temp >>> 32));,0.0,10206,11201
996,S5206,LogAxis.java,891,if (this.numberFormatOverride != null) {,0.0,10206,11201
996,S5207,LogAxis.java,894,result = 37 * result + this.tickUnit.hashCode();,0.0,10206,11201
996,S5208,LogAxis.java,895,return result;,0.0,10206,11201
996,S5209,LogAxis.java,910,TickUnits units = new TickUnits();,0.0,10206,11201
996,S5210,LogAxis.java,912,NumberFormat numberFormat = NumberFormat.getNumberInstance(locale);,0.0,10206,11201
996,S5211,LogAxis.java,914,"units.add(new NumberTickUnit(1, numberFormat));",0.0,10206,11201
996,S5212,LogAxis.java,915,"units.add(new NumberTickUnit(2, numberFormat));",0.0,10206,11201
996,S5213,LogAxis.java,916,"units.add(new NumberTickUnit(5, numberFormat));",0.0,10206,11201
996,S5214,LogAxis.java,917,"units.add(new NumberTickUnit(10, numberFormat));",0.0,10206,11201
996,S5215,LogAxis.java,918,"units.add(new NumberTickUnit(20, numberFormat));",0.0,10206,11201
996,S5216,LogAxis.java,919,"units.add(new NumberTickUnit(50, numberFormat));",0.0,10206,11201
996,S5217,LogAxis.java,920,"units.add(new NumberTickUnit(100, numberFormat));",0.0,10206,11201
996,S5218,LogAxis.java,921,"units.add(new NumberTickUnit(200, numberFormat));",0.0,10206,11201
996,S5219,LogAxis.java,922,"units.add(new NumberTickUnit(500, numberFormat));",0.0,10206,11201
996,S5220,LogAxis.java,923,"units.add(new NumberTickUnit(1000, numberFormat));",0.0,10206,11201
996,S5221,LogAxis.java,924,"units.add(new NumberTickUnit(2000, numberFormat));",0.0,10206,11201
996,S5222,LogAxis.java,925,"units.add(new NumberTickUnit(5000, numberFormat));",0.0,10206,11201
996,S5223,LogAxis.java,926,"units.add(new NumberTickUnit(10000, numberFormat));",0.0,10206,11201
996,S5224,LogAxis.java,927,"units.add(new NumberTickUnit(20000, numberFormat));",0.0,10206,11201
996,S5225,LogAxis.java,928,"units.add(new NumberTickUnit(50000, numberFormat));",0.0,10206,11201
996,S5226,LogAxis.java,929,"units.add(new NumberTickUnit(100000, numberFormat));",0.0,10206,11201
996,S5227,LogAxis.java,930,"units.add(new NumberTickUnit(200000,         numberFormat));",0.0,10206,11201
996,S5228,LogAxis.java,931,"units.add(new NumberTickUnit(500000,         numberFormat));",0.0,10206,11201
996,S5229,LogAxis.java,932,"units.add(new NumberTickUnit(1000000,        numberFormat));",0.0,10206,11201
996,S5230,LogAxis.java,933,"units.add(new NumberTickUnit(2000000,        numberFormat));",0.0,10206,11201
996,S5231,LogAxis.java,934,"units.add(new NumberTickUnit(5000000,        numberFormat));",0.0,10206,11201
996,S5232,LogAxis.java,935,"units.add(new NumberTickUnit(10000000,       numberFormat));",0.0,10206,11201
996,S5233,LogAxis.java,936,"units.add(new NumberTickUnit(20000000,       numberFormat));",0.0,10206,11201
996,S5234,LogAxis.java,937,"units.add(new NumberTickUnit(50000000,       numberFormat));",0.0,10206,11201
996,S5235,LogAxis.java,938,"units.add(new NumberTickUnit(100000000,      numberFormat));",0.0,10206,11201
996,S5236,LogAxis.java,939,"units.add(new NumberTickUnit(200000000,      numberFormat));",0.0,10206,11201
996,S5237,LogAxis.java,940,"units.add(new NumberTickUnit(500000000,      numberFormat));",0.0,10206,11201
996,S5238,LogAxis.java,941,"units.add(new NumberTickUnit(1000000000,     numberFormat));",0.0,10206,11201
996,S5239,LogAxis.java,942,"units.add(new NumberTickUnit(2000000000,     numberFormat));",0.0,10206,11201
996,S5240,LogAxis.java,943,"units.add(new NumberTickUnit(5000000000.0,   numberFormat));",0.0,10206,11201
996,S5241,LogAxis.java,944,"units.add(new NumberTickUnit(10000000000.0,  numberFormat));",0.0,10206,11201
996,S5242,LogAxis.java,946,return units;,0.0,10206,11201
996,S5243,Marker.java,115,private String label = null;,0.0,10206,11201
996,S5244,Marker.java,144,this(Color.gray);,0.0,10206,11201
996,S5245,Marker.java,153,"this(paint, new BasicStroke(0.5f), Color.gray, new BasicStroke(0.5f),",0.0,10206,11201
996,S5246,Marker.java,173,float alpha) {,0.0,10206,11201
996,S5247,Marker.java,175,if (paint == null) {,0.0,10206,11201
996,S5248,Marker.java,178,if (stroke == null) {,0.0,10206,11201
996,S5249,Marker.java,181,if (alpha < 0.0f || alpha > 1.0f),0.0,10206,11201
996,S5250,Marker.java,185,this.paint = paint;,0.0,10206,11201
996,S5251,Marker.java,186,this.stroke = stroke;,0.0,10206,11201
996,S5252,Marker.java,187,this.outlinePaint = outlinePaint;,0.0,10206,11201
996,S5253,Marker.java,188,this.outlineStroke = outlineStroke;,0.0,10206,11201
996,S5254,Marker.java,189,this.alpha = alpha;,0.0,10206,11201
996,S5255,Marker.java,191,"this.labelFont = new Font(""SansSerif"", Font.PLAIN, 9);",0.0,10206,11201
996,S5256,Marker.java,192,this.labelPaint = Color.black;,0.0,10206,11201
996,S5257,Marker.java,193,this.labelAnchor = RectangleAnchor.TOP_LEFT;,0.0,10206,11201
996,S5258,Marker.java,194,"this.labelOffset = new RectangleInsets(3.0, 3.0, 3.0, 3.0);",0.0,10206,11201
996,S5259,Marker.java,195,this.labelOffsetType = LengthAdjustmentType.CONTRACT;,0.0,10206,11201
996,S5260,Marker.java,196,this.labelTextAnchor = TextAnchor.CENTER;,0.0,10206,11201
996,S5261,Marker.java,198,this.listenerList = new EventListenerList();,0.0,10206,11201
996,S5262,Marker.java,209,return this.paint;,0.0,10206,11201
996,S5263,Marker.java,221,if (paint == null) {,0.0,10206,11201
996,S5264,Marker.java,224,this.paint = paint;,0.0,10206,11201
996,S5265,Marker.java,225,notifyListeners(new MarkerChangeEvent(this));,0.0,10206,11201
996,S5266,Marker.java,236,return this.stroke;,0.0,10206,11201
996,S5267,Marker.java,263,return this.outlinePaint;,0.0,10206,11201
996,S5268,Marker.java,311,return this.alpha;,0.0,10206,11201
996,S5269,Marker.java,344,return this.label;,0.0,10206,11201
996,S5270,Marker.java,423,return this.labelAnchor;,0.0,10206,11201
996,S5271,Marker.java,490,if (adj == null) {,0.0,10206,11201
996,S5272,Marker.java,493,this.labelOffsetType = adj;,0.0,10206,11201
996,S5273,Marker.java,494,notifyListeners(new MarkerChangeEvent(this));,0.0,10206,11201
996,S5274,Marker.java,534,"this.listenerList.add(MarkerChangeListener.class, listener);",0.0,10206,11201
996,S5275,Marker.java,547,"this.listenerList.remove(MarkerChangeListener.class, listener);",0.0,10206,11201
996,S5276,Marker.java,559,Object[] listeners = this.listenerList.getListenerList();,0.0,10206,11201
996,S5277,Marker.java,560,for (int i = listeners.length - 2; i >= 0; i -= 2) {,0.0,10206,11201
996,S5278,Marker.java,578,return this.listenerList.getListeners(listenerType);,0.0,10206,11201
996,S5279,Marker.java,589,if (obj == this) {,0.0,10206,11201
996,S5280,Marker.java,592,if (!(obj instanceof Marker)) {,0.0,10206,11201
996,S5281,Marker.java,595,Marker that = (Marker) obj;,0.0,10206,11201
996,S5282,Marker.java,596,"if (!PaintUtilities.equal(this.paint, that.paint)) {",0.0,10206,11201
996,S5283,Marker.java,599,"if (!ObjectUtilities.equal(this.stroke, that.stroke)) {",0.0,10206,11201
996,S5284,Marker.java,602,"if (!PaintUtilities.equal(this.outlinePaint, that.outlinePaint)) {",0.0,10206,11201
996,S5285,Marker.java,605,"if (!ObjectUtilities.equal(this.outlineStroke, that.outlineStroke)) {",0.0,10206,11201
996,S5286,Marker.java,608,if (this.alpha != that.alpha) {,0.0,10206,11201
996,S5287,Marker.java,611,"if (!ObjectUtilities.equal(this.label, that.label)) {",0.0,10206,11201
996,S5288,Marker.java,614,"if (!ObjectUtilities.equal(this.labelFont, that.labelFont)) {",0.0,10206,11201
996,S5289,Marker.java,617,"if (!PaintUtilities.equal(this.labelPaint, that.labelPaint)) {",0.0,10206,11201
996,S5290,Marker.java,620,if (this.labelAnchor != that.labelAnchor) {,0.0,10206,11201
996,S5291,Marker.java,623,if (this.labelTextAnchor != that.labelTextAnchor) {,0.0,10206,11201
996,S5292,Marker.java,626,"if (!ObjectUtilities.equal(this.labelOffset, that.labelOffset)) {",0.0,10206,11201
996,S5293,Marker.java,629,if (!this.labelOffsetType.equals(that.labelOffsetType)) {,0.0,10206,11201
996,S5294,Marker.java,632,return true;,0.0,10206,11201
996,S5295,Marker.java,654,stream.defaultWriteObject();,0.0,10206,11201
996,S5296,Marker.java,655,"SerialUtilities.writePaint(this.paint, stream);",0.0,10206,11201
996,S5297,Marker.java,656,"SerialUtilities.writeStroke(this.stroke, stream);",0.0,10206,11201
996,S5298,Marker.java,657,"SerialUtilities.writePaint(this.outlinePaint, stream);",0.0,10206,11201
996,S5299,Marker.java,658,"SerialUtilities.writeStroke(this.outlineStroke, stream);",0.0,10206,11201
996,S5300,Marker.java,659,"SerialUtilities.writePaint(this.labelPaint, stream);",0.0,10206,11201
996,S5301,Marker.java,672,stream.defaultReadObject();,0.0,10206,11201
996,S5302,Marker.java,673,this.paint = SerialUtilities.readPaint(stream);,0.0,10206,11201
996,S5303,Marker.java,674,this.stroke = SerialUtilities.readStroke(stream);,0.0,10206,11201
996,S5304,Marker.java,675,this.outlinePaint = SerialUtilities.readPaint(stream);,0.0,10206,11201
996,S5305,Marker.java,676,this.outlineStroke = SerialUtilities.readStroke(stream);,0.0,10206,11201
996,S5306,Marker.java,677,this.labelPaint = SerialUtilities.readPaint(stream);,0.0,10206,11201
996,S5307,Marker.java,678,this.listenerList = new EventListenerList();,0.0,10206,11201
996,S5308,MarkerChangeEvent.java,65,super(marker);,0.0,10206,11201
996,S5309,MarkerChangeEvent.java,66,this.marker = marker;,0.0,10206,11201
996,S5310,Month.java,145,"public Month(Date time, TimeZone zone) {",0.0,10206,11201
996,S5311,Month.java,146,Calendar calendar = Calendar.getInstance(zone);,0.0,10206,11201
996,S5312,Month.java,147,calendar.setTime(time);,0.0,10206,11201
996,S5313,Month.java,148,this.month = calendar.get(Calendar.MONTH) + 1;,0.0,10206,11201
996,S5314,Month.java,149,this.year = calendar.get(Calendar.YEAR);,0.0,10206,11201
996,S5315,Month.java,150,peg(calendar);,0.0,10206,11201
996,S5316,Month.java,191,return this.firstMillisecond;,0.0,10206,11201
996,S5317,Month.java,217,this.firstMillisecond = getFirstMillisecond(calendar);,0.0,10206,11201
996,S5318,Month.java,218,this.lastMillisecond = getLastMillisecond(calendar);,0.0,10206,11201
996,S5319,Month.java,380,"calendar.set(this.year, this.month - 1, 1, 0, 0, 0);",0.0,10206,11201
996,S5320,Month.java,381,"calendar.set(Calendar.MILLISECOND, 0);",0.0,10206,11201
996,S5321,Month.java,384,return calendar.getTime().getTime();,0.0,10206,11201
996,S5322,Month.java,399,"int eom = SerialDate.lastDayOfMonth(this.month, this.year);",0.0,10206,11201
996,S5323,Month.java,400,"calendar.set(this.year, this.month - 1, eom, 23, 59, 59);",0.0,10206,11201
996,S5324,Month.java,401,"calendar.set(Calendar.MILLISECOND, 999);",0.0,10206,11201
996,S5325,Month.java,404,return calendar.getTime().getTime();,0.0,10206,11201
996,S5326,MultiplePiePlot.java,109,private double limit = 0.0;,0.0,10206,11201
996,S5327,MultiplePiePlot.java,133,this(null);,0.0,10206,11201
996,S5328,MultiplePiePlot.java,142,super();,0.0,10206,11201
996,S5329,MultiplePiePlot.java,143,this.dataset = dataset;,0.0,10206,11201
996,S5330,MultiplePiePlot.java,144,PiePlot piePlot = new PiePlot(null);,0.0,10206,11201
996,S5331,MultiplePiePlot.java,145,this.pieChart = new JFreeChart(piePlot);,0.0,10206,11201
996,S5332,MultiplePiePlot.java,146,this.pieChart.removeLegend();,0.0,10206,11201
996,S5333,MultiplePiePlot.java,147,this.dataExtractOrder = TableOrder.BY_COLUMN;,0.0,10206,11201
996,S5334,MultiplePiePlot.java,148,this.pieChart.setBackgroundPaint(null);,0.0,10206,11201
996,S5335,MultiplePiePlot.java,149,"TextTitle seriesTitle = new TextTitle(""Series Title"",",0.0,10206,11201
996,S5336,MultiplePiePlot.java,151,seriesTitle.setPosition(RectangleEdge.BOTTOM);,0.0,10206,11201
996,S5337,MultiplePiePlot.java,152,this.pieChart.setTitle(seriesTitle);,0.0,10206,11201
996,S5338,MultiplePiePlot.java,153,"this.aggregatedItemsKey = ""Other"";",0.0,10206,11201
996,S5339,MultiplePiePlot.java,154,this.aggregatedItemsPaint = Color.lightGray;,0.0,10206,11201
996,S5340,MultiplePiePlot.java,155,this.sectionPaints = new HashMap();,0.0,10206,11201
996,S5341,MultiplePiePlot.java,211,if (pieChart == null) {,0.0,10206,11201
996,S5342,MultiplePiePlot.java,214,if (!(pieChart.getPlot() instanceof PiePlot)) {,0.0,10206,11201
996,S5343,MultiplePiePlot.java,218,this.pieChart = pieChart;,0.0,10206,11201
996,S5344,MultiplePiePlot.java,219,notifyListeners(new PlotChangeEvent(this));,0.0,10206,11201
996,S5345,MultiplePiePlot.java,238,if (order == null) {,0.0,10206,11201
996,S5346,MultiplePiePlot.java,241,this.dataExtractOrder = order;,0.0,10206,11201
996,S5347,MultiplePiePlot.java,242,notifyListeners(new PlotChangeEvent(this));,0.0,10206,11201
996,S5348,MultiplePiePlot.java,262,this.limit = limit;,0.0,10206,11201
996,S5349,MultiplePiePlot.java,263,notifyListeners(new PlotChangeEvent(this));,0.0,10206,11201
996,S5350,MultiplePiePlot.java,287,if (key == null) {,0.0,10206,11201
996,S5351,MultiplePiePlot.java,290,this.aggregatedItemsKey = key;,0.0,10206,11201
996,S5352,MultiplePiePlot.java,291,notifyListeners(new PlotChangeEvent(this));,0.0,10206,11201
996,S5353,MultiplePiePlot.java,315,if (paint == null) {,0.0,10206,11201
996,S5354,MultiplePiePlot.java,318,this.aggregatedItemsPaint = paint;,0.0,10206,11201
996,S5355,MultiplePiePlot.java,319,notifyListeners(new PlotChangeEvent(this));,0.0,10206,11201
996,S5356,MultiplePiePlot.java,560,if (obj == this) {,0.0,10206,11201
996,S5357,MultiplePiePlot.java,563,if (!(obj instanceof MultiplePiePlot)) {,0.0,10206,11201
996,S5358,MultiplePiePlot.java,566,MultiplePiePlot that = (MultiplePiePlot) obj;,0.0,10206,11201
996,S5359,MultiplePiePlot.java,567,if (this.dataExtractOrder != that.dataExtractOrder) {,0.0,10206,11201
996,S5360,MultiplePiePlot.java,568,return false;,0.0,10206,11201
996,S5361,MultiplePiePlot.java,570,if (this.limit != that.limit) {,0.0,10206,11201
996,S5362,MultiplePiePlot.java,571,return false;,0.0,10206,11201
996,S5363,MultiplePiePlot.java,573,if (!this.aggregatedItemsKey.equals(that.aggregatedItemsKey)) {,0.0,10206,11201
996,S5364,MultiplePiePlot.java,574,return false;,0.0,10206,11201
996,S5365,MultiplePiePlot.java,576,"if (!PaintUtilities.equal(this.aggregatedItemsPaint,",0.0,10206,11201
996,S5366,MultiplePiePlot.java,578,return false;,0.0,10206,11201
996,S5367,MultiplePiePlot.java,580,"if (!ObjectUtilities.equal(this.pieChart, that.pieChart)) {",0.0,10206,11201
996,S5368,MultiplePiePlot.java,581,return false;,0.0,10206,11201
996,S5369,MultiplePiePlot.java,583,if (!super.equals(obj)) {,0.0,10206,11201
996,S5370,MultiplePiePlot.java,586,return true;,0.0,10206,11201
996,S5371,MultiplePiePlot.java,597,stream.defaultWriteObject();,0.0,10206,11201
996,S5372,MultiplePiePlot.java,598,"SerialUtilities.writePaint(this.aggregatedItemsPaint, stream);",0.0,10206,11201
996,S5373,MultiplePiePlot.java,611,stream.defaultReadObject();,0.0,10206,11201
996,S5374,MultiplePiePlot.java,612,this.aggregatedItemsPaint = SerialUtilities.readPaint(stream);,0.0,10206,11201
996,S5375,MultiplePiePlot.java,613,this.sectionPaints = new HashMap();,0.0,10206,11201
996,S5376,NumberAxis.java,148,public static final NumberTickUnit DEFAULT_TICK_UNIT = new NumberTickUnit(,0.0,10206,11201
996,S5377,NumberAxis.java,187,this(null);,0.0,10206,11201
996,S5378,NumberAxis.java,196,"super(label, NumberAxis.createStandardTickUnits());",0.0,10206,11201
996,S5379,NumberAxis.java,197,this.rangeType = RangeType.FULL;,0.0,10206,11201
996,S5380,NumberAxis.java,198,this.autoRangeIncludesZero = DEFAULT_AUTO_RANGE_INCLUDES_ZERO;,0.0,10206,11201
996,S5381,NumberAxis.java,199,this.autoRangeStickyZero = DEFAULT_AUTO_RANGE_STICKY_ZERO;,0.0,10206,11201
996,S5382,NumberAxis.java,200,this.tickUnit = DEFAULT_TICK_UNIT;,0.0,10206,11201
996,S5383,NumberAxis.java,201,this.numberFormatOverride = null;,0.0,10206,11201
996,S5384,NumberAxis.java,202,this.markerBand = null;,0.0,10206,11201
996,S5385,NumberAxis.java,224,if (rangeType == null) {,0.0,10206,11201
996,S5386,NumberAxis.java,227,this.rangeType = rangeType;,0.0,10206,11201
996,S5387,NumberAxis.java,228,notifyListeners(new AxisChangeEvent(this));,0.0,10206,11201
996,S5388,NumberAxis.java,238,return this.autoRangeIncludesZero;,0.0,10206,11201
996,S5389,NumberAxis.java,255,if (this.autoRangeIncludesZero != flag) {,0.0,10206,11201
996,S5390,NumberAxis.java,256,this.autoRangeIncludesZero = flag;,0.0,10206,11201
996,S5391,NumberAxis.java,257,if (isAutoRange()) {,0.0,10206,11201
996,S5392,NumberAxis.java,258,autoAdjustRange();,0.0,10206,11201
996,S5393,NumberAxis.java,260,notifyListeners(new AxisChangeEvent(this));,0.0,10206,11201
996,S5394,NumberAxis.java,273,return this.autoRangeStickyZero;,0.0,10206,11201
996,S5395,NumberAxis.java,285,if (this.autoRangeStickyZero != flag) {,0.0,10206,11201
996,S5396,NumberAxis.java,286,this.autoRangeStickyZero = flag;,0.0,10206,11201
996,S5397,NumberAxis.java,287,if (isAutoRange()) {,0.0,10206,11201
996,S5398,NumberAxis.java,288,autoAdjustRange();,0.0,10206,11201
996,S5399,NumberAxis.java,290,notifyListeners(new AxisChangeEvent(this));,0.0,10206,11201
996,S5400,NumberAxis.java,308,return this.tickUnit;,0.0,10206,11201
996,S5401,NumberAxis.java,325,"setTickUnit(unit, true, true);",0.0,10206,11201
996,S5402,NumberAxis.java,342,if (unit == null) {,0.0,10206,11201
996,S5403,NumberAxis.java,345,this.tickUnit = unit;,0.0,10206,11201
996,S5404,NumberAxis.java,346,if (turnOffAutoSelect) {,0.0,10206,11201
996,S5405,NumberAxis.java,347,"setAutoTickUnitSelection(false, false);",0.0,10206,11201
996,S5406,NumberAxis.java,349,if (notify) {,0.0,10206,11201
996,S5407,NumberAxis.java,350,notifyListeners(new AxisChangeEvent(this));,0.0,10206,11201
996,S5408,NumberAxis.java,364,return this.numberFormatOverride;,0.0,10206,11201
996,S5409,NumberAxis.java,376,this.numberFormatOverride = formatter;,0.0,10206,11201
996,S5410,NumberAxis.java,377,notifyListeners(new AxisChangeEvent(this));,0.0,10206,11201
996,S5411,NumberAxis.java,411,if (isAutoRange()) {,0.0,10206,11201
996,S5412,NumberAxis.java,412,autoAdjustRange();,0.0,10206,11201
996,S5413,NumberAxis.java,421,Plot plot = getPlot();,0.0,10206,11201
996,S5414,NumberAxis.java,422,if (plot == null) {,0.0,10206,11201
996,S5415,NumberAxis.java,423,"return;  // no plot, no data",0.0,10206,11201
996,S5416,NumberAxis.java,426,if (plot instanceof ValueAxisPlot) {,0.0,10206,11201
996,S5417,NumberAxis.java,427,ValueAxisPlot vap = (ValueAxisPlot) plot;,0.0,10206,11201
996,S5418,NumberAxis.java,429,Range r = vap.getDataRange(this);,0.0,10206,11201
996,S5419,NumberAxis.java,430,if (r == null) {,0.0,10206,11201
996,S5420,NumberAxis.java,431,r = getDefaultAutoRange();,0.0,10206,11201
996,S5421,NumberAxis.java,434,double upper = r.getUpperBound();,0.0,10206,11201
996,S5422,NumberAxis.java,435,double lower = r.getLowerBound();,0.0,10206,11201
996,S5423,NumberAxis.java,436,if (this.rangeType == RangeType.POSITIVE) {,0.0,10206,11201
996,S5424,NumberAxis.java,440,else if (this.rangeType == RangeType.NEGATIVE) {,0.0,10206,11201
996,S5425,NumberAxis.java,445,if (getAutoRangeIncludesZero()) {,0.0,10206,11201
996,S5426,NumberAxis.java,446,"lower = Math.min(lower, 0.0);",0.0,10206,11201
996,S5427,NumberAxis.java,447,"upper = Math.max(upper, 0.0);",0.0,10206,11201
996,S5428,NumberAxis.java,449,double range = upper - lower;,0.0,10206,11201
996,S5429,NumberAxis.java,452,double fixedAutoRange = getFixedAutoRange();,0.0,10206,11201
996,S5430,NumberAxis.java,453,if (fixedAutoRange > 0.0) {,0.0,10206,11201
996,S5431,NumberAxis.java,458,double minRange = getAutoRangeMinimumSize();,0.0,10206,11201
996,S5432,NumberAxis.java,459,if (range < minRange) {,0.0,10206,11201
996,S5433,NumberAxis.java,460,double expand = (minRange - range) / 2;,0.0,10206,11201
996,S5434,NumberAxis.java,461,upper = upper + expand;,0.0,10206,11201
996,S5435,NumberAxis.java,462,lower = lower - expand;,0.0,10206,11201
996,S5436,NumberAxis.java,463,if (lower == upper) { // see bug report 1549218,0.0,10206,11201
996,S5437,NumberAxis.java,468,if (this.rangeType == RangeType.POSITIVE) {,0.0,10206,11201
996,S5438,NumberAxis.java,474,else if (this.rangeType == RangeType.NEGATIVE) {,0.0,10206,11201
996,S5439,NumberAxis.java,482,if (getAutoRangeStickyZero()) {,0.0,10206,11201
996,S5440,NumberAxis.java,483,if (upper <= 0.0) {,0.0,10206,11201
996,S5441,NumberAxis.java,487,upper = upper + getUpperMargin() * range;,0.0,10206,11201
996,S5442,NumberAxis.java,489,if (lower >= 0.0) {,0.0,10206,11201
996,S5443,NumberAxis.java,490,"lower = Math.max(0.0, lower - getLowerMargin() * range);",0.0,10206,11201
996,S5444,NumberAxis.java,493,lower = lower - getLowerMargin() * range;,0.0,10206,11201
996,S5445,NumberAxis.java,502,"setRange(new Range(lower, upper), false, false);",0.0,10206,11201
996,S5446,NumberAxis.java,524,Range range = getRange();,0.0,10206,11201
996,S5447,NumberAxis.java,525,double axisMin = range.getLowerBound();,0.0,10206,11201
996,S5448,NumberAxis.java,526,double axisMax = range.getUpperBound();,0.0,10206,11201
996,S5449,NumberAxis.java,528,double min = 0.0;,0.0,10206,11201
996,S5450,NumberAxis.java,529,double max = 0.0;,0.0,10206,11201
996,S5451,NumberAxis.java,530,if (RectangleEdge.isTopOrBottom(edge)) {,0.0,10206,11201
996,S5452,NumberAxis.java,531,min = area.getX();,0.0,10206,11201
996,S5453,NumberAxis.java,532,max = area.getMaxX();,0.0,10206,11201
996,S5454,NumberAxis.java,534,else if (RectangleEdge.isLeftOrRight(edge)) {,0.0,10206,11201
996,S5455,NumberAxis.java,535,max = area.getMinY();,0.0,10206,11201
996,S5456,NumberAxis.java,536,min = area.getMaxY();,0.0,10206,11201
996,S5457,NumberAxis.java,538,if (isInverted()) {,0.0,10206,11201
996,S5458,NumberAxis.java,543,return min,0.0,10206,11201
996,S5459,NumberAxis.java,564,Range range = getRange();,0.0,10206,11201
996,S5460,NumberAxis.java,565,double axisMin = range.getLowerBound();,0.0,10206,11201
996,S5461,NumberAxis.java,566,double axisMax = range.getUpperBound();,0.0,10206,11201
996,S5462,NumberAxis.java,568,double min = 0.0;,0.0,10206,11201
996,S5463,NumberAxis.java,569,double max = 0.0;,0.0,10206,11201
996,S5464,NumberAxis.java,570,if (RectangleEdge.isTopOrBottom(edge)) {,0.0,10206,11201
996,S5465,NumberAxis.java,571,min = area.getX();,0.0,10206,11201
996,S5466,NumberAxis.java,572,max = area.getMaxX();,0.0,10206,11201
996,S5467,NumberAxis.java,574,else if (RectangleEdge.isLeftOrRight(edge)) {,0.0,10206,11201
996,S5468,NumberAxis.java,575,min = area.getMaxY();,0.0,10206,11201
996,S5469,NumberAxis.java,576,max = area.getY();,0.0,10206,11201
996,S5470,NumberAxis.java,578,if (isInverted()) {,0.0,10206,11201
996,S5471,NumberAxis.java,579,return axisMax,0.0,10206,11201
996,S5472,NumberAxis.java,583,return axisMin,0.0,10206,11201
996,S5473,NumberAxis.java,598,double unit = getTickUnit().getSize();,0.0,10206,11201
996,S5474,NumberAxis.java,599,double index = Math.ceil(getRange().getLowerBound() / unit);,0.0,10206,11201
996,S5475,NumberAxis.java,600,return index * unit;,0.0,10206,11201
996,S5476,NumberAxis.java,626,double unit = getTickUnit().getSize();,0.0,10206,11201
996,S5477,NumberAxis.java,627,Range range = getRange();,0.0,10206,11201
996,S5478,NumberAxis.java,628,return (int) (Math.floor(range.getUpperBound() / unit),0.0,10206,11201
996,S5479,NumberAxis.java,656,AxisState state = null;,0.0,10206,11201
996,S5480,NumberAxis.java,658,if (!isVisible()) {,0.0,10206,11201
996,S5481,NumberAxis.java,668,"state = drawTickMarksAndLabels(g2, cursor, plotArea, dataArea, edge,",0.0,10206,11201
996,S5482,NumberAxis.java,680,"state = drawLabel(getLabel(), g2, plotArea, dataArea, edge, state,",0.0,10206,11201
996,S5483,NumberAxis.java,683,return state;,0.0,10206,11201
996,S5484,NumberAxis.java,701,TickUnits units = new TickUnits();,0.0,10206,11201
996,S5485,NumberAxis.java,702,"DecimalFormat df0 = new DecimalFormat(""0.00000000"");",0.0,10206,11201
996,S5486,NumberAxis.java,703,"DecimalFormat df1 = new DecimalFormat(""0.0000000"");",0.0,10206,11201
996,S5487,NumberAxis.java,704,"DecimalFormat df2 = new DecimalFormat(""0.000000"");",0.0,10206,11201
996,S5488,NumberAxis.java,705,"DecimalFormat df3 = new DecimalFormat(""0.00000"");",0.0,10206,11201
996,S5489,NumberAxis.java,706,"DecimalFormat df4 = new DecimalFormat(""0.0000"");",0.0,10206,11201
996,S5490,NumberAxis.java,707,"DecimalFormat df5 = new DecimalFormat(""0.000"");",0.0,10206,11201
996,S5491,NumberAxis.java,708,"DecimalFormat df6 = new DecimalFormat(""0.00"");",0.0,10206,11201
996,S5492,NumberAxis.java,709,"DecimalFormat df7 = new DecimalFormat(""0.0"");",0.0,10206,11201
996,S5493,NumberAxis.java,710,"DecimalFormat df8 = new DecimalFormat(""#,##0"");",0.0,10206,11201
996,S5494,NumberAxis.java,711,"DecimalFormat df9 = new DecimalFormat(""#,###,##0"");",0.0,10206,11201
996,S5495,NumberAxis.java,712,"DecimalFormat df10 = new DecimalFormat(""#,###,###,##0"");",0.0,10206,11201
996,S5496,NumberAxis.java,716,"units.add(new NumberTickUnit(0.0000001, df1));",0.0,10206,11201
996,S5497,NumberAxis.java,717,"units.add(new NumberTickUnit(0.000001, df2));",0.0,10206,11201
996,S5498,NumberAxis.java,718,"units.add(new NumberTickUnit(0.00001, df3));",0.0,10206,11201
996,S5499,NumberAxis.java,719,"units.add(new NumberTickUnit(0.0001, df4));",0.0,10206,11201
996,S5500,NumberAxis.java,720,"units.add(new NumberTickUnit(0.001, df5));",0.0,10206,11201
996,S5501,NumberAxis.java,721,"units.add(new NumberTickUnit(0.01, df6));",0.0,10206,11201
996,S5502,NumberAxis.java,722,"units.add(new NumberTickUnit(0.1, df7));",0.0,10206,11201
996,S5503,NumberAxis.java,723,"units.add(new NumberTickUnit(1, df8));",0.0,10206,11201
996,S5504,NumberAxis.java,724,"units.add(new NumberTickUnit(10, df8));",0.0,10206,11201
996,S5505,NumberAxis.java,725,"units.add(new NumberTickUnit(100, df8));",0.0,10206,11201
996,S5506,NumberAxis.java,726,"units.add(new NumberTickUnit(1000, df8));",0.0,10206,11201
996,S5507,NumberAxis.java,727,"units.add(new NumberTickUnit(10000, df8));",0.0,10206,11201
996,S5508,NumberAxis.java,728,"units.add(new NumberTickUnit(100000, df8));",0.0,10206,11201
996,S5509,NumberAxis.java,729,"units.add(new NumberTickUnit(1000000, df9));",0.0,10206,11201
996,S5510,NumberAxis.java,730,"units.add(new NumberTickUnit(10000000, df9));",0.0,10206,11201
996,S5511,NumberAxis.java,731,"units.add(new NumberTickUnit(100000000, df9));",0.0,10206,11201
996,S5512,NumberAxis.java,732,"units.add(new NumberTickUnit(1000000000, df10));",0.0,10206,11201
996,S5513,NumberAxis.java,733,"units.add(new NumberTickUnit(10000000000.0, df10));",0.0,10206,11201
996,S5514,NumberAxis.java,734,"units.add(new NumberTickUnit(100000000000.0, df10));",0.0,10206,11201
996,S5515,NumberAxis.java,736,"units.add(new NumberTickUnit(0.00000025, df0));",0.0,10206,11201
996,S5516,NumberAxis.java,737,"units.add(new NumberTickUnit(0.0000025, df1));",0.0,10206,11201
996,S5517,NumberAxis.java,738,"units.add(new NumberTickUnit(0.000025, df2));",0.0,10206,11201
996,S5518,NumberAxis.java,739,"units.add(new NumberTickUnit(0.00025, df3));",0.0,10206,11201
996,S5519,NumberAxis.java,740,"units.add(new NumberTickUnit(0.0025, df4));",0.0,10206,11201
996,S5520,NumberAxis.java,741,"units.add(new NumberTickUnit(0.025, df5));",0.0,10206,11201
996,S5521,NumberAxis.java,742,"units.add(new NumberTickUnit(0.25, df6));",0.0,10206,11201
996,S5522,NumberAxis.java,743,"units.add(new NumberTickUnit(2.5, df7));",0.0,10206,11201
996,S5523,NumberAxis.java,744,"units.add(new NumberTickUnit(25, df8));",0.0,10206,11201
996,S5524,NumberAxis.java,745,"units.add(new NumberTickUnit(250, df8));",0.0,10206,11201
996,S5525,NumberAxis.java,746,"units.add(new NumberTickUnit(2500, df8));",0.0,10206,11201
996,S5526,NumberAxis.java,747,"units.add(new NumberTickUnit(25000, df8));",0.0,10206,11201
996,S5527,NumberAxis.java,748,"units.add(new NumberTickUnit(250000, df8));",0.0,10206,11201
996,S5528,NumberAxis.java,749,"units.add(new NumberTickUnit(2500000, df9));",0.0,10206,11201
996,S5529,NumberAxis.java,750,"units.add(new NumberTickUnit(25000000, df9));",0.0,10206,11201
996,S5530,NumberAxis.java,751,"units.add(new NumberTickUnit(250000000, df9));",0.0,10206,11201
996,S5531,NumberAxis.java,752,"units.add(new NumberTickUnit(2500000000.0, df10));",0.0,10206,11201
996,S5532,NumberAxis.java,753,"units.add(new NumberTickUnit(25000000000.0, df10));",0.0,10206,11201
996,S5533,NumberAxis.java,754,"units.add(new NumberTickUnit(250000000000.0, df10));",0.0,10206,11201
996,S5534,NumberAxis.java,756,"units.add(new NumberTickUnit(0.0000005, df1));",0.0,10206,11201
996,S5535,NumberAxis.java,757,"units.add(new NumberTickUnit(0.000005, df2));",0.0,10206,11201
996,S5536,NumberAxis.java,758,"units.add(new NumberTickUnit(0.00005, df3));",0.0,10206,11201
996,S5537,NumberAxis.java,759,"units.add(new NumberTickUnit(0.0005, df4));",0.0,10206,11201
996,S5538,NumberAxis.java,760,"units.add(new NumberTickUnit(0.005, df5));",0.0,10206,11201
996,S5539,NumberAxis.java,761,"units.add(new NumberTickUnit(0.05, df6));",0.0,10206,11201
996,S5540,NumberAxis.java,762,"units.add(new NumberTickUnit(0.5, df7));",0.0,10206,11201
996,S5541,NumberAxis.java,763,"units.add(new NumberTickUnit(5L, df8));",0.0,10206,11201
996,S5542,NumberAxis.java,764,"units.add(new NumberTickUnit(50L, df8));",0.0,10206,11201
996,S5543,NumberAxis.java,765,"units.add(new NumberTickUnit(500L, df8));",0.0,10206,11201
996,S5544,NumberAxis.java,766,"units.add(new NumberTickUnit(5000L, df8));",0.0,10206,11201
996,S5545,NumberAxis.java,767,"units.add(new NumberTickUnit(50000L, df8));",0.0,10206,11201
996,S5546,NumberAxis.java,768,"units.add(new NumberTickUnit(500000L, df8));",0.0,10206,11201
996,S5547,NumberAxis.java,769,"units.add(new NumberTickUnit(5000000L, df9));",0.0,10206,11201
996,S5548,NumberAxis.java,770,"units.add(new NumberTickUnit(50000000L, df9));",0.0,10206,11201
996,S5549,NumberAxis.java,771,"units.add(new NumberTickUnit(500000000L, df9));",0.0,10206,11201
996,S5550,NumberAxis.java,772,"units.add(new NumberTickUnit(5000000000L, df10));",0.0,10206,11201
996,S5551,NumberAxis.java,773,"units.add(new NumberTickUnit(50000000000L, df10));",0.0,10206,11201
996,S5552,NumberAxis.java,774,"units.add(new NumberTickUnit(500000000000L, df10));",0.0,10206,11201
996,S5553,NumberAxis.java,776,return units;,0.0,10206,11201
996,S5554,NumberAxis.java,790,TickUnits units = new TickUnits();,0.0,10206,11201
996,S5555,NumberAxis.java,791,"DecimalFormat df0 = new DecimalFormat(""0"");",0.0,10206,11201
996,S5556,NumberAxis.java,792,"DecimalFormat df1 = new DecimalFormat(""#,##0"");",0.0,10206,11201
996,S5557,NumberAxis.java,793,"units.add(new NumberTickUnit(1, df0));",0.0,10206,11201
996,S5558,NumberAxis.java,794,"units.add(new NumberTickUnit(2, df0));",0.0,10206,11201
996,S5559,NumberAxis.java,795,"units.add(new NumberTickUnit(5, df0));",0.0,10206,11201
996,S5560,NumberAxis.java,796,"units.add(new NumberTickUnit(10, df0));",0.0,10206,11201
996,S5561,NumberAxis.java,797,"units.add(new NumberTickUnit(20, df0));",0.0,10206,11201
996,S5562,NumberAxis.java,798,"units.add(new NumberTickUnit(50, df0));",0.0,10206,11201
996,S5563,NumberAxis.java,799,"units.add(new NumberTickUnit(100, df0));",0.0,10206,11201
996,S5564,NumberAxis.java,800,"units.add(new NumberTickUnit(200, df0));",0.0,10206,11201
996,S5565,NumberAxis.java,801,"units.add(new NumberTickUnit(500, df0));",0.0,10206,11201
996,S5566,NumberAxis.java,802,"units.add(new NumberTickUnit(1000, df1));",0.0,10206,11201
996,S5567,NumberAxis.java,803,"units.add(new NumberTickUnit(2000, df1));",0.0,10206,11201
996,S5568,NumberAxis.java,804,"units.add(new NumberTickUnit(5000, df1));",0.0,10206,11201
996,S5569,NumberAxis.java,805,"units.add(new NumberTickUnit(10000, df1));",0.0,10206,11201
996,S5570,NumberAxis.java,806,"units.add(new NumberTickUnit(20000, df1));",0.0,10206,11201
996,S5571,NumberAxis.java,807,"units.add(new NumberTickUnit(50000, df1));",0.0,10206,11201
996,S5572,NumberAxis.java,808,"units.add(new NumberTickUnit(100000, df1));",0.0,10206,11201
996,S5573,NumberAxis.java,809,"units.add(new NumberTickUnit(200000, df1));",0.0,10206,11201
996,S5574,NumberAxis.java,810,"units.add(new NumberTickUnit(500000, df1));",0.0,10206,11201
996,S5575,NumberAxis.java,811,"units.add(new NumberTickUnit(1000000, df1));",0.0,10206,11201
996,S5576,NumberAxis.java,812,"units.add(new NumberTickUnit(2000000, df1));",0.0,10206,11201
996,S5577,NumberAxis.java,813,"units.add(new NumberTickUnit(5000000, df1));",0.0,10206,11201
996,S5578,NumberAxis.java,814,"units.add(new NumberTickUnit(10000000, df1));",0.0,10206,11201
996,S5579,NumberAxis.java,815,"units.add(new NumberTickUnit(20000000, df1));",0.0,10206,11201
996,S5580,NumberAxis.java,816,"units.add(new NumberTickUnit(50000000, df1));",0.0,10206,11201
996,S5581,NumberAxis.java,817,"units.add(new NumberTickUnit(100000000, df1));",0.0,10206,11201
996,S5582,NumberAxis.java,818,"units.add(new NumberTickUnit(200000000, df1));",0.0,10206,11201
996,S5583,NumberAxis.java,819,"units.add(new NumberTickUnit(500000000, df1));",0.0,10206,11201
996,S5584,NumberAxis.java,820,"units.add(new NumberTickUnit(1000000000, df1));",0.0,10206,11201
996,S5585,NumberAxis.java,821,"units.add(new NumberTickUnit(2000000000, df1));",0.0,10206,11201
996,S5586,NumberAxis.java,822,"units.add(new NumberTickUnit(5000000000.0, df1));",0.0,10206,11201
996,S5587,NumberAxis.java,823,"units.add(new NumberTickUnit(10000000000.0, df1));",0.0,10206,11201
996,S5588,NumberAxis.java,825,return units;,0.0,10206,11201
996,S5589,NumberAxis.java,974,RectangleInsets tickLabelInsets = getTickLabelInsets();,0.0,10206,11201
996,S5590,NumberAxis.java,975,double result = tickLabelInsets.getTop() + tickLabelInsets.getBottom();,0.0,10206,11201
996,S5591,NumberAxis.java,977,Font tickLabelFont = getTickLabelFont();,0.0,10206,11201
996,S5592,NumberAxis.java,978,FontRenderContext frc = g2.getFontRenderContext();,0.0,10206,11201
996,S5593,NumberAxis.java,979,"result += tickLabelFont.getLineMetrics(""123"", frc).getHeight();",0.0,10206,11201
996,S5594,NumberAxis.java,980,return result;,0.0,10206,11201
996,S5595,NumberAxis.java,1000,RectangleInsets tickLabelInsets = getTickLabelInsets();,0.0,10206,11201
996,S5596,NumberAxis.java,1001,double result = tickLabelInsets.getLeft() + tickLabelInsets.getRight();,0.0,10206,11201
996,S5597,NumberAxis.java,1003,if (isVerticalTickLabels()) {,0.0,10206,11201
996,S5598,NumberAxis.java,1012,FontMetrics fm = g2.getFontMetrics(getTickLabelFont());,0.0,10206,11201
996,S5599,NumberAxis.java,1013,Range range = getRange();,0.0,10206,11201
996,S5600,NumberAxis.java,1014,double lower = range.getLowerBound();,0.0,10206,11201
996,S5601,NumberAxis.java,1015,double upper = range.getUpperBound();,0.0,10206,11201
996,S5602,NumberAxis.java,1016,"String lowerStr = """";",0.0,10206,11201
996,S5603,NumberAxis.java,1017,"String upperStr = """";",0.0,10206,11201
996,S5604,NumberAxis.java,1018,NumberFormat formatter = getNumberFormatOverride();,0.0,10206,11201
996,S5605,NumberAxis.java,1019,if (formatter != null) {,0.0,10206,11201
996,S5606,NumberAxis.java,1024,lowerStr = unit.valueToString(lower);,0.0,10206,11201
996,S5607,NumberAxis.java,1025,upperStr = unit.valueToString(upper);,0.0,10206,11201
996,S5608,NumberAxis.java,1027,double w1 = fm.stringWidth(lowerStr);,0.0,10206,11201
996,S5609,NumberAxis.java,1028,double w2 = fm.stringWidth(upperStr);,0.0,10206,11201
996,S5610,NumberAxis.java,1029,"result += Math.max(w1, w2);",0.0,10206,11201
996,S5611,NumberAxis.java,1032,return result;,0.0,10206,11201
996,S5612,NumberAxis.java,1049,if (RectangleEdge.isTopOrBottom(edge)) {,0.0,10206,11201
996,S5613,NumberAxis.java,1050,"selectHorizontalAutoTickUnit(g2, dataArea, edge);",0.0,10206,11201
996,S5614,NumberAxis.java,1052,else if (RectangleEdge.isLeftOrRight(edge)) {,0.0,10206,11201
996,S5615,NumberAxis.java,1053,"selectVerticalAutoTickUnit(g2, dataArea, edge);",0.0,10206,11201
996,S5616,NumberAxis.java,1071,double tickLabelWidth = estimateMaximumTickLabelWidth(,0.0,10206,11201
996,S5617,NumberAxis.java,1076,TickUnitSource tickUnits = getStandardTickUnits();,0.0,10206,11201
996,S5618,NumberAxis.java,1077,TickUnit unit1 = tickUnits.getCeilingTickUnit(getTickUnit());,0.0,10206,11201
996,S5619,NumberAxis.java,1078,"double unit1Width = lengthToJava2D(unit1.getSize(), dataArea, edge);",0.0,10206,11201
996,S5620,NumberAxis.java,1081,double guess = (tickLabelWidth / unit1Width) * unit1.getSize();,0.0,10206,11201
996,S5621,NumberAxis.java,1083,NumberTickUnit unit2,0.0,10206,11201
996,S5622,NumberAxis.java,1085,"double unit2Width = lengthToJava2D(unit2.getSize(), dataArea, edge);",0.0,10206,11201
996,S5623,NumberAxis.java,1087,"tickLabelWidth = estimateMaximumTickLabelWidth(g2, unit2);",0.0,10206,11201
996,S5624,NumberAxis.java,1088,if (tickLabelWidth > unit2Width) {,0.0,10206,11201
996,S5625,NumberAxis.java,1089,unit2 = (NumberTickUnit) tickUnits.getLargerTickUnit(unit2);,0.0,10206,11201
996,S5626,NumberAxis.java,1092,"setTickUnit(unit2, false, false);",0.0,10206,11201
996,S5627,NumberAxis.java,1109,double tickLabelHeight = estimateMaximumTickLabelHeight(g2);,0.0,10206,11201
996,S5628,NumberAxis.java,1112,TickUnitSource tickUnits = getStandardTickUnits();,0.0,10206,11201
996,S5629,NumberAxis.java,1113,TickUnit unit1 = tickUnits.getCeilingTickUnit(getTickUnit());,0.0,10206,11201
996,S5630,NumberAxis.java,1114,"double unitHeight = lengthToJava2D(unit1.getSize(), dataArea, edge);",0.0,10206,11201
996,S5631,NumberAxis.java,1117,double guess = (tickLabelHeight / unitHeight) * unit1.getSize();,0.0,10206,11201
996,S5632,NumberAxis.java,1119,NumberTickUnit unit2,0.0,10206,11201
996,S5633,NumberAxis.java,1121,"double unit2Height = lengthToJava2D(unit2.getSize(), dataArea, edge);",0.0,10206,11201
996,S5634,NumberAxis.java,1123,tickLabelHeight = estimateMaximumTickLabelHeight(g2);,0.0,10206,11201
996,S5635,NumberAxis.java,1124,if (tickLabelHeight > unit2Height) {,0.0,10206,11201
996,S5636,NumberAxis.java,1128,"setTickUnit(unit2, false, false);",0.0,10206,11201
996,S5637,NumberAxis.java,1149,List result = new java.util.ArrayList();,0.0,10206,11201
996,S5638,NumberAxis.java,1150,if (RectangleEdge.isTopOrBottom(edge)) {,0.0,10206,11201
996,S5639,NumberAxis.java,1151,"result = refreshTicksHorizontal(g2, dataArea, edge);",0.0,10206,11201
996,S5640,NumberAxis.java,1153,else if (RectangleEdge.isLeftOrRight(edge)) {,0.0,10206,11201
996,S5641,NumberAxis.java,1154,"result = refreshTicksVertical(g2, dataArea, edge);",0.0,10206,11201
996,S5642,NumberAxis.java,1156,return result;,0.0,10206,11201
996,S5643,NumberAxis.java,1174,List result = new java.util.ArrayList();,0.0,10206,11201
996,S5644,NumberAxis.java,1176,Font tickLabelFont = getTickLabelFont();,0.0,10206,11201
996,S5645,NumberAxis.java,1177,g2.setFont(tickLabelFont);,0.0,10206,11201
996,S5646,NumberAxis.java,1179,if (isAutoTickUnitSelection()) {,0.0,10206,11201
996,S5647,NumberAxis.java,1180,"selectAutoTickUnit(g2, dataArea, edge);",0.0,10206,11201
996,S5648,NumberAxis.java,1183,double size = getTickUnit().getSize();,0.0,10206,11201
996,S5649,NumberAxis.java,1184,int count = calculateVisibleTickCount();,0.0,10206,11201
996,S5650,NumberAxis.java,1185,double lowestTickValue = calculateLowestVisibleTickValue();,0.0,10206,11201
996,S5651,NumberAxis.java,1187,if (count <= ValueAxis.MAXIMUM_TICK_COUNT) {,0.0,10206,11201
996,S5652,NumberAxis.java,1188,for (int i = 0; i < count; i++) {,0.0,10206,11201
996,S5653,NumberAxis.java,1189,double currentTickValue = lowestTickValue + (i * size);,0.0,10206,11201
996,S5654,NumberAxis.java,1191,NumberFormat formatter = getNumberFormatOverride();,0.0,10206,11201
996,S5655,NumberAxis.java,1192,if (formatter != null) {,0.0,10206,11201
996,S5656,NumberAxis.java,1196,tickLabel = getTickUnit().valueToString(currentTickValue);,0.0,10206,11201
996,S5657,NumberAxis.java,1198,TextAnchor anchor = null;,0.0,10206,11201
996,S5658,NumberAxis.java,1199,TextAnchor rotationAnchor = null;,0.0,10206,11201
996,S5659,NumberAxis.java,1200,double angle = 0.0;,0.0,10206,11201
996,S5660,NumberAxis.java,1201,if (isVerticalTickLabels()) {,0.0,10206,11201
996,S5661,NumberAxis.java,1212,if (edge == RectangleEdge.TOP) {,0.0,10206,11201
996,S5662,NumberAxis.java,1213,anchor = TextAnchor.BOTTOM_CENTER;,0.0,10206,11201
996,S5663,NumberAxis.java,1214,rotationAnchor = TextAnchor.BOTTOM_CENTER;,0.0,10206,11201
996,S5664,NumberAxis.java,1217,anchor = TextAnchor.TOP_CENTER;,0.0,10206,11201
996,S5665,NumberAxis.java,1218,rotationAnchor = TextAnchor.TOP_CENTER;,0.0,10206,11201
996,S5666,NumberAxis.java,1222,"Tick tick = new NumberTick(new Double(currentTickValue),",0.0,10206,11201
996,S5667,NumberAxis.java,1224,result.add(tick);,0.0,10206,11201
996,S5668,NumberAxis.java,1227,return result;,0.0,10206,11201
996,S5669,NumberAxis.java,1246,List result = new java.util.ArrayList();,0.0,10206,11201
996,S5670,NumberAxis.java,1247,result.clear();,0.0,10206,11201
996,S5671,NumberAxis.java,1249,Font tickLabelFont = getTickLabelFont();,0.0,10206,11201
996,S5672,NumberAxis.java,1250,g2.setFont(tickLabelFont);,0.0,10206,11201
996,S5673,NumberAxis.java,1251,if (isAutoTickUnitSelection()) {,0.0,10206,11201
996,S5674,NumberAxis.java,1252,"selectAutoTickUnit(g2, dataArea, edge);",0.0,10206,11201
996,S5675,NumberAxis.java,1255,double size = getTickUnit().getSize();,0.0,10206,11201
996,S5676,NumberAxis.java,1256,int count = calculateVisibleTickCount();,0.0,10206,11201
996,S5677,NumberAxis.java,1257,double lowestTickValue = calculateLowestVisibleTickValue();,0.0,10206,11201
996,S5678,NumberAxis.java,1259,if (count <= ValueAxis.MAXIMUM_TICK_COUNT) {,0.0,10206,11201
996,S5679,NumberAxis.java,1260,for (int i = 0; i < count; i++) {,0.0,10206,11201
996,S5680,NumberAxis.java,1261,double currentTickValue = lowestTickValue + (i * size);,0.0,10206,11201
996,S5681,NumberAxis.java,1263,NumberFormat formatter = getNumberFormatOverride();,0.0,10206,11201
996,S5682,NumberAxis.java,1264,if (formatter != null) {,0.0,10206,11201
996,S5683,NumberAxis.java,1268,tickLabel = getTickUnit().valueToString(currentTickValue);,0.0,10206,11201
996,S5684,NumberAxis.java,1271,TextAnchor anchor = null;,0.0,10206,11201
996,S5685,NumberAxis.java,1272,TextAnchor rotationAnchor = null;,0.0,10206,11201
996,S5686,NumberAxis.java,1273,double angle = 0.0;,0.0,10206,11201
996,S5687,NumberAxis.java,1274,if (isVerticalTickLabels()) {,0.0,10206,11201
996,S5688,NumberAxis.java,1287,if (edge == RectangleEdge.LEFT) {,0.0,10206,11201
996,S5689,NumberAxis.java,1288,anchor = TextAnchor.CENTER_RIGHT;,0.0,10206,11201
996,S5690,NumberAxis.java,1289,rotationAnchor = TextAnchor.CENTER_RIGHT;,0.0,10206,11201
996,S5691,NumberAxis.java,1297,Tick tick = new NumberTick(,0.0,10206,11201
996,S5692,NumberAxis.java,1301,result.add(tick);,0.0,10206,11201
996,S5693,NumberAxis.java,1304,return result;,0.0,10206,11201
996,S5694,NumberAxis.java,1317,NumberAxis clone = (NumberAxis) super.clone();,0.0,10206,11201
996,S5695,NumberAxis.java,1318,if (this.numberFormatOverride != null) {,0.0,10206,11201
996,S5696,NumberAxis.java,1322,return clone;,0.0,10206,11201
996,S5697,NumberAxis.java,1333,if (obj == this) {,0.0,10206,11201
996,S5698,NumberAxis.java,1336,if (!(obj instanceof NumberAxis)) {,0.0,10206,11201
996,S5699,NumberAxis.java,1337,return false;,0.0,10206,11201
996,S5700,NumberAxis.java,1339,if (!super.equals(obj)) {,0.0,10206,11201
996,S5701,NumberAxis.java,1340,return false;,0.0,10206,11201
996,S5702,NumberAxis.java,1342,NumberAxis that = (NumberAxis) obj;,0.0,10206,11201
996,S5703,NumberAxis.java,1343,if (this.autoRangeIncludesZero != that.autoRangeIncludesZero) {,0.0,10206,11201
996,S5704,NumberAxis.java,1344,return false;,0.0,10206,11201
996,S5705,NumberAxis.java,1346,if (this.autoRangeStickyZero != that.autoRangeStickyZero) {,0.0,10206,11201
996,S5706,NumberAxis.java,1347,return false;,0.0,10206,11201
996,S5707,NumberAxis.java,1349,"if (!ObjectUtilities.equal(this.tickUnit, that.tickUnit)) {",0.0,10206,11201
996,S5708,NumberAxis.java,1352,"if (!ObjectUtilities.equal(this.numberFormatOverride,",0.0,10206,11201
996,S5709,NumberAxis.java,1354,return false;,0.0,10206,11201
996,S5710,NumberAxis.java,1356,if (!this.rangeType.equals(that.rangeType)) {,0.0,10206,11201
996,S5711,NumberAxis.java,1357,return false;,0.0,10206,11201
996,S5712,NumberAxis.java,1359,return true;,0.0,10206,11201
996,S5713,NumberAxis.java,1368,if (getLabel() != null) {,0.0,10206,11201
996,S5714,NumberAxis.java,1369,return getLabel().hashCode();,0.0,10206,11201
996,S5715,NumberAxis3D.java,108,super(label);,0.0,10206,11201
996,S5716,NumberAxis3D.java,109,setAxisLineVisible(false);,0.0,10206,11201
996,S5717,NumberAxis3D.java,132,if (!isVisible()) {,0.0,10206,11201
996,S5718,NumberAxis3D.java,142,double xOffset = 0.0;,0.0,10206,11201
996,S5719,NumberAxis3D.java,143,double yOffset = 0.0;,0.0,10206,11201
996,S5720,NumberAxis3D.java,144,Plot plot = getPlot();,0.0,10206,11201
996,S5721,NumberAxis3D.java,145,if (plot instanceof CategoryPlot) {,0.0,10206,11201
996,S5722,NumberAxis3D.java,146,CategoryPlot cp = (CategoryPlot) plot;,0.0,10206,11201
996,S5723,NumberAxis3D.java,147,CategoryItemRenderer r = cp.getRenderer();,0.0,10206,11201
996,S5724,NumberAxis3D.java,148,if (r instanceof Effect3D) {,0.0,10206,11201
996,S5725,NumberAxis3D.java,149,Effect3D e3D = (Effect3D) r;,0.0,10206,11201
996,S5726,NumberAxis3D.java,150,xOffset = e3D.getXOffset();,0.0,10206,11201
996,S5727,NumberAxis3D.java,151,yOffset = e3D.getYOffset();,0.0,10206,11201
996,S5728,NumberAxis3D.java,155,double adjustedX = dataArea.getMinX();,0.0,10206,11201
996,S5729,NumberAxis3D.java,156,double adjustedY = dataArea.getMinY();,0.0,10206,11201
996,S5730,NumberAxis3D.java,157,double adjustedW = dataArea.getWidth() - xOffset;,0.0,10206,11201
996,S5731,NumberAxis3D.java,158,double adjustedH = dataArea.getHeight() - yOffset;,0.0,10206,11201
996,S5732,NumberAxis3D.java,160,if (edge == RectangleEdge.LEFT || edge == RectangleEdge.BOTTOM) {,0.0,10206,11201
996,S5733,NumberAxis3D.java,163,else if (edge == RectangleEdge.RIGHT || edge == RectangleEdge.TOP) {,0.0,10206,11201
996,S5734,NumberAxis3D.java,164,adjustedX += xOffset;,0.0,10206,11201
996,S5735,NumberAxis3D.java,166,"Rectangle2D adjustedDataArea = new Rectangle2D.Double(adjustedX,",0.0,10206,11201
996,S5736,NumberAxis3D.java,170,"AxisState info = drawTickMarksAndLabels(g2, cursor, plotArea,",0.0,10206,11201
996,S5737,NumberAxis3D.java,174,"info = drawLabel(getLabel(), g2, plotArea, dataArea, edge, info,",0.0,10206,11201
996,S5738,NumberAxis3D.java,177,return info;,0.0,10206,11201
996,S5739,NumberTick.java,69,"super(number.doubleValue(), label, textAnchor, rotationAnchor, angle);",0.0,10206,11201
996,S5740,NumberTick.java,70,this.number = number;,0.0,10206,11201
996,S5741,NumberTickUnit.java,71,"this(size, NumberFormat.getNumberInstance());",0.0,10206,11201
996,S5742,NumberTickUnit.java,82,super(size);,0.0,10206,11201
996,S5743,NumberTickUnit.java,83,if (formatter == null) {,0.0,10206,11201
996,S5744,NumberTickUnit.java,86,this.formatter = formatter;,0.0,10206,11201
996,S5745,NumberTickUnit.java,116,return this.formatter.format(value);,0.0,10206,11201
996,S5746,NumberTickUnit.java,127,if (obj == this) {,0.0,10206,11201
996,S5747,NumberTickUnit.java,130,if (!(obj instanceof NumberTickUnit)) {,0.0,10206,11201
996,S5748,NumberTickUnit.java,133,if (!super.equals(obj)) {,0.0,10206,11201
996,S5749,NumberTickUnit.java,134,return false;,0.0,10206,11201
996,S5750,NumberTickUnit.java,136,NumberTickUnit that = (NumberTickUnit) obj;,0.0,10206,11201
996,S5751,NumberTickUnit.java,137,if (!this.formatter.equals(that.formatter)) {,0.0,10206,11201
996,S5752,NumberTickUnit.java,140,return true;,0.0,10206,11201
996,S5753,NumberTickUnit.java,158,int result = super.hashCode();,0.0,10206,11201
996,S5754,NumberTickUnit.java,159,result = 29 * result + (this.formatter != null,0.0,10206,11201
996,S5755,NumberTickUnit.java,161,return result;,0.0,10206,11201
996,S5757,ObjectList.java,85,return super.get(index);,0.0,10206,11201
996,S5758,ObjectList.java,95,"super.set(index, object);",0.0,10206,11201
996,S5759,ObjectList.java,107,return super.indexOf(object);,0.0,10206,11201
996,S5761,ObjectUtilities.java,125,if (o1 == o2) {,0.0,10206,11201
996,S5762,ObjectUtilities.java,126,return true;,0.0,10206,11201
996,S5763,ObjectUtilities.java,128,if (o1 != null) {,0.0,10206,11201
996,S5764,ObjectUtilities.java,129,return o1.equals(o2);,0.0,10206,11201
996,S5765,ObjectUtilities.java,162,if (object == null) {,0.0,10206,11201
996,S5766,ObjectUtilities.java,165,if (object instanceof PublicCloneable) {,0.0,10206,11201
996,S5767,ObjectUtilities.java,166,final PublicCloneable pc = (PublicCloneable) object;,0.0,10206,11201
996,S5768,ObjectUtilities.java,167,return pc.clone();,0.0,10206,11201
996,S5769,ObjectUtilities.java,171,"final Method method = object.getClass().getMethod(""clone"",",0.0,10206,11201
996,S5770,ObjectUtilities.java,173,if (Modifier.isPublic(method.getModifiers())) {,0.0,10206,11201
996,S5771,ObjectUtilities.java,174,"return method.invoke(object, (Object[]) null);",0.0,10206,11201
996,S5772,ObjectUtilities.java,203,if (collection == null) {,0.0,10206,11201
996,S5773,ObjectUtilities.java,209,final Collection result,0.0,10206,11201
996,S5774,ObjectUtilities.java,211,result.clear();,0.0,10206,11201
996,S5775,ObjectUtilities.java,212,final Iterator iterator = collection.iterator();,0.0,10206,11201
996,S5776,ObjectUtilities.java,213,while (iterator.hasNext()) {,0.0,10206,11201
996,S5777,ObjectUtilities.java,222,return result;,0.0,10206,11201
996,S5787,PaintList.java,59,super();,0.0,10206,11201
996,S5788,PaintList.java,70,return (Paint) get(index);,0.0,10206,11201
996,S5789,PaintList.java,81,"set(index, paint);",0.0,10206,11201
996,S5790,PaintList.java,92,if (obj == null) {,0.0,10206,11201
996,S5791,PaintList.java,95,if (obj == this) {,0.0,10206,11201
996,S5792,PaintList.java,98,if (obj instanceof PaintList) {,0.0,10206,11201
996,S5793,PaintList.java,99,PaintList that = (PaintList) obj;,0.0,10206,11201
996,S5794,PaintList.java,100,int listSize = size();,0.0,10206,11201
996,S5795,PaintList.java,101,for (int i = 0; i < listSize; i++) {,0.0,10206,11201
996,S5796,PaintList.java,102,"if (!PaintUtilities.equal(getPaint(i), that.getPaint(i))) {",0.0,10206,11201
996,S5797,PaintList.java,107,return true;,0.0,10206,11201
996,S5798,PaintList.java,116,return super.hashCode();,0.0,10206,11201
996,S5799,PaintList.java,128,stream.defaultWriteObject();,0.0,10206,11201
996,S5800,PaintList.java,129,int count = size();,0.0,10206,11201
996,S5801,PaintList.java,130,stream.writeInt(count);,0.0,10206,11201
996,S5802,PaintList.java,131,for (int i = 0; i < count; i++) {,0.0,10206,11201
996,S5803,PaintList.java,132,Paint paint = getPaint(i);,0.0,10206,11201
996,S5804,PaintList.java,133,if (paint != null) {,0.0,10206,11201
996,S5805,PaintList.java,134,stream.writeInt(i);,0.0,10206,11201
996,S5806,PaintList.java,135,"SerialUtilities.writePaint(paint, stream);",0.0,10206,11201
996,S5807,PaintList.java,155,stream.defaultReadObject();,0.0,10206,11201
996,S5808,PaintList.java,156,int count = stream.readInt();,0.0,10206,11201
996,S5809,PaintList.java,157,for (int i = 0; i < count; i++) {,0.0,10206,11201
996,S5810,PaintList.java,158,final int index = stream.readInt();,0.0,10206,11201
996,S5811,PaintList.java,159,if (index != -1) {,0.0,10206,11201
996,S5812,PaintList.java,160,"setPaint(index, SerialUtilities.readPaint(stream));",0.0,10206,11201
996,S5815,PaintMap.java,93,if (key == null) {,0.0,10206,11201
996,S5816,PaintMap.java,96,return (Paint) this.store.get(key);,0.0,10206,11201
996,S5817,PaintMap.java,123,if (key == null) {,0.0,10206,11201
996,S5818,PaintMap.java,126,"this.store.put(key, paint);",0.0,10206,11201
996,S5819,PaintMap.java,144,if (obj == this) {,0.0,10206,11201
996,S5820,PaintMap.java,147,if (!(obj instanceof PaintMap)) {,0.0,10206,11201
996,S5821,PaintMap.java,150,PaintMap that = (PaintMap) obj;,0.0,10206,11201
996,S5822,PaintMap.java,151,if (this.store.size() != that.store.size()) {,0.0,10206,11201
996,S5823,PaintMap.java,152,return false;,0.0,10206,11201
996,S5824,PaintMap.java,154,Set keys = this.store.keySet();,0.0,10206,11201
996,S5825,PaintMap.java,155,Iterator iterator = keys.iterator();,0.0,10206,11201
996,S5826,PaintMap.java,156,while (iterator.hasNext()) {,0.0,10206,11201
996,S5827,PaintMap.java,157,Comparable key = (Comparable) iterator.next();,0.0,10206,11201
996,S5828,PaintMap.java,158,Paint p1 = getPaint(key);,0.0,10206,11201
996,S5829,PaintMap.java,159,Paint p2 = that.getPaint(key);,0.0,10206,11201
996,S5830,PaintMap.java,160,"if (!PaintUtilities.equal(p1, p2)) {",0.0,10206,11201
996,S5831,PaintMap.java,164,return true;,0.0,10206,11201
996,S5832,PaintMap.java,188,stream.defaultWriteObject();,0.0,10206,11201
996,S5833,PaintMap.java,189,stream.writeInt(this.store.size());,0.0,10206,11201
996,S5834,PaintMap.java,190,Set keys = this.store.keySet();,0.0,10206,11201
996,S5835,PaintMap.java,191,Iterator iterator = keys.iterator();,0.0,10206,11201
996,S5836,PaintMap.java,192,while (iterator.hasNext()) {,0.0,10206,11201
996,S5837,PaintMap.java,210,stream.defaultReadObject();,0.0,10206,11201
996,S5838,PaintMap.java,211,this.store = new HashMap();,0.0,10206,11201
996,S5839,PaintMap.java,212,int keyCount = stream.readInt();,0.0,10206,11201
996,S5840,PaintMap.java,213,for (int i = 0; i < keyCount; i++) {,0.0,10206,11201
996,S5841,PaintUtilities.java,76,if (p1 == null) {,0.0,10206,11201
996,S5842,PaintUtilities.java,77,return (p2 == null);,0.0,10206,11201
996,S5843,PaintUtilities.java,79,if (p2 == null) {,0.0,10206,11201
996,S5844,PaintUtilities.java,80,return false;,0.0,10206,11201
996,S5845,PaintUtilities.java,83,boolean result = false;,0.0,10206,11201
996,S5846,PaintUtilities.java,85,if (p1 instanceof GradientPaint && p2 instanceof GradientPaint) {,0.0,10206,11201
996,S5847,PaintUtilities.java,86,GradientPaint gp1 = (GradientPaint) p1;,0.0,10206,11201
996,S5848,PaintUtilities.java,87,GradientPaint gp2 = (GradientPaint) p2;,0.0,10206,11201
996,S5849,PaintUtilities.java,88,result = gp1.getColor1().equals(gp2.getColor1()),0.0,10206,11201
996,S5850,PaintUtilities.java,96,result = p1.equals(p2);,0.0,10206,11201
996,S5851,PaintUtilities.java,98,return result;,0.0,10206,11201
996,S5854,PieLabelDistributor.java,72,sort();  // sorts the label records into ascending order by baseY,0.0,10206,11201
996,S5855,PieLabelDistributor.java,73,if (isOverlap()) {,0.0,10206,11201
996,S5856,PieLabelDistributor.java,74,adjustInwards();,0.0,10206,11201
996,S5857,PieLabelDistributor.java,78,if (isOverlap()) {,0.0,10206,11201
996,S5858,PieLabelDistributor.java,82,if (isOverlap()) {,0.0,10206,11201
996,S5859,PieLabelDistributor.java,86,if (isOverlap()) {,0.0,10206,11201
996,S5860,PieLabelDistributor.java,99,double y = 0.0;,0.0,10206,11201
996,S5861,PieLabelDistributor.java,100,for (int i = 0; i < this.labels.size(); i++) {,0.0,10206,11201
996,S5862,PieLabelDistributor.java,101,PieLabelRecord plr = getPieLabelRecord(i);,0.0,10206,11201
996,S5863,PieLabelDistributor.java,102,if (y > plr.getLowerY()) {,0.0,10206,11201
996,S5864,PieLabelDistributor.java,103,return true;,0.0,10206,11201
996,S5865,PieLabelDistributor.java,105,y = plr.getUpperY();,0.0,10206,11201
996,S5866,PieLabelDistributor.java,107,return false;,0.0,10206,11201
996,S5867,PieLabelDistributor.java,115,int lower = 0;,0.0,10206,11201
996,S5868,PieLabelDistributor.java,116,int upper = this.labels.size() - 1;,0.0,10206,11201
996,S5869,PieLabelDistributor.java,117,while (upper > lower) {,0.0,10206,11201
996,S5870,PieLabelDistributor.java,118,if (lower < upper - 1) {,0.0,10206,11201
996,S5871,PieLabelDistributor.java,127,PieLabelRecord r2 = getPieLabelRecord(upper - 1);,0.0,10206,11201
996,S5872,PieLabelDistributor.java,128,PieLabelRecord r3 = getPieLabelRecord(upper);,0.0,10206,11201
996,S5873,PieLabelDistributor.java,129,if (r2.getUpperY() > r3.getLowerY()) {,0.0,10206,11201
996,S5874,PieLabelDistributor.java,130,double adjust = (r2.getUpperY() - r3.getLowerY()) + this.minGap;,0.0,10206,11201
996,S5875,PieLabelDistributor.java,131,r3.setAllocatedY(r3.getAllocatedY() + adjust);,0.0,10206,11201
996,S5876,PieLabelDistributor.java,133,lower++;,0.0,10206,11201
996,S5877,PieLabelDistributor.java,134,upper--;,0.0,10206,11201
996,S5878,PieLabelDistributor.java,204,Collections.sort(this.labels);,0.0,10206,11201
996,S5879,PieLabelRecord.java,93,double linkPercent) {,0.0,10206,11201
996,S5880,PieLabelRecord.java,94,this.key = key;,0.0,10206,11201
996,S5881,PieLabelRecord.java,95,this.angle = angle;,0.0,10206,11201
996,S5882,PieLabelRecord.java,96,this.baseY = baseY;,0.0,10206,11201
996,S5883,PieLabelRecord.java,97,this.allocatedY = baseY;,0.0,10206,11201
996,S5884,PieLabelRecord.java,98,this.label = label;,0.0,10206,11201
996,S5885,PieLabelRecord.java,99,this.labelHeight = labelHeight;,0.0,10206,11201
996,S5886,PieLabelRecord.java,100,this.gap = gap;,0.0,10206,11201
996,S5887,PieLabelRecord.java,101,this.linkPercent = linkPercent;,0.0,10206,11201
996,S5888,PieLabelRecord.java,129,return this.allocatedY - this.labelHeight / 2.0;,0.0,10206,11201
996,S5889,PieLabelRecord.java,138,return this.allocatedY + this.labelHeight / 2.0;,0.0,10206,11201
996,S5890,PieLabelRecord.java,147,return this.angle;,0.0,10206,11201
996,S5891,PieLabelRecord.java,165,return this.label;,0.0,10206,11201
996,S5892,PieLabelRecord.java,184,return this.allocatedY;,0.0,10206,11201
996,S5893,PieLabelRecord.java,193,this.allocatedY = y;,0.0,10206,11201
996,S5894,PieLabelRecord.java,202,return this.gap;,0.0,10206,11201
996,S5895,PieLabelRecord.java,211,return this.linkPercent;,0.0,10206,11201
996,S5896,PieLabelRecord.java,222,int result = 0;,0.0,10206,11201
996,S5897,PieLabelRecord.java,223,if (obj instanceof PieLabelRecord) {,0.0,10206,11201
996,S5898,PieLabelRecord.java,224,PieLabelRecord plr = (PieLabelRecord) obj;,0.0,10206,11201
996,S5899,PieLabelRecord.java,225,if (this.baseY < plr.baseY) {,0.0,10206,11201
996,S5900,PieLabelRecord.java,226,result = -1;,0.0,10206,11201
996,S5901,PieLabelRecord.java,232,return result;,0.0,10206,11201
996,S5918,PiePlot.java,483,this(null);,0.0,10206,11201
996,S5922,PiePlot.java,495,dataset.addChangeListener(this);,0.0,10206,11201
996,S5958,PiePlot.java,564,PieDataset existing = this.dataset;,0.0,10206,11201
996,S5959,PiePlot.java,565,if (existing != null) {,0.0,10206,11201
996,S5960,PiePlot.java,566,existing.removeChangeListener(this);,0.0,10206,11201
996,S5961,PiePlot.java,570,this.dataset = dataset;,0.0,10206,11201
996,S5962,PiePlot.java,571,if (dataset != null) {,0.0,10206,11201
996,S5963,PiePlot.java,577,"DatasetChangeEvent event = new DatasetChangeEvent(this, dataset);",0.0,10206,11201
996,S5964,PiePlot.java,578,datasetChanged(event);,0.0,10206,11201
996,S5965,PiePlot.java,602,this.pieIndex = index;,0.0,10206,11201
996,S5966,PiePlot.java,614,return this.startAngle;,0.0,10206,11201
996,S5967,PiePlot.java,628,this.startAngle = angle;,0.0,10206,11201
996,S5968,PiePlot.java,629,notifyListeners(new PlotChangeEvent(this));,0.0,10206,11201
996,S5969,PiePlot.java,641,return this.direction;,0.0,10206,11201
996,S5970,PiePlot.java,653,if (direction == null) {,0.0,10206,11201
996,S5971,PiePlot.java,656,this.direction = direction;,0.0,10206,11201
996,S5972,PiePlot.java,657,notifyListeners(new PlotChangeEvent(this));,0.0,10206,11201
996,S5974,PiePlot.java,685,if ((percent < 0.0) || (percent > MAX_INTERIOR_GAP)) {,0.0,10206,11201
996,S5975,PiePlot.java,690,if (this.interiorGap != percent) {,0.0,10206,11201
996,S5976,PiePlot.java,691,this.interiorGap = percent;,0.0,10206,11201
996,S5977,PiePlot.java,692,notifyListeners(new PlotChangeEvent(this));,0.0,10206,11201
996,S5979,PiePlot.java,718,"setCircular(flag, true);",0.0,10206,11201
996,S5982,PiePlot.java,733,notifyListeners(new PlotChangeEvent(this));,0.0,10206,11201
996,S5983,PiePlot.java,761,this.ignoreNullValues = flag;,0.0,10206,11201
996,S5984,PiePlot.java,762,notifyListeners(new PlotChangeEvent(this));,0.0,10206,11201
996,S5985,PiePlot.java,789,this.ignoreZeroValues = flag;,0.0,10206,11201
996,S5986,PiePlot.java,790,notifyListeners(new PlotChangeEvent(this));,0.0,10206,11201
996,S5987,PiePlot.java,808,"return lookupSectionPaint(key, false);",0.0,10206,11201
996,S5988,PiePlot.java,833,Paint result = null;,0.0,10206,11201
996,S5989,PiePlot.java,836,result = this.sectionPaintMap.getPaint(key);,0.0,10206,11201
996,S5990,PiePlot.java,837,if (result != null) {,0.0,10206,11201
996,S5991,PiePlot.java,838,return result;,0.0,10206,11201
996,S5992,PiePlot.java,842,if (autoPopulate) {,0.0,10206,11201
996,S5993,PiePlot.java,843,DrawingSupplier ds = getDrawingSupplier();,0.0,10206,11201
996,S5994,PiePlot.java,844,if (ds != null) {,0.0,10206,11201
996,S5995,PiePlot.java,845,result = ds.getNextPaint();,0.0,10206,11201
996,S5996,PiePlot.java,846,"this.sectionPaintMap.put(key, result);",0.0,10206,11201
996,S5997,PiePlot.java,855,return result;,0.0,10206,11201
996,S5998,PiePlot.java,873,Comparable key = null;,0.0,10206,11201
996,S5999,PiePlot.java,874,if (this.dataset != null) {,0.0,10206,11201
996,S6000,PiePlot.java,875,if (section >= 0 && section < this.dataset.getItemCount()) {,0.0,10206,11201
996,S6001,PiePlot.java,876,key = this.dataset.getKey(section);,0.0,10206,11201
996,S6002,PiePlot.java,879,if (key == null) {,0.0,10206,11201
996,S6003,PiePlot.java,882,return key;,0.0,10206,11201
996,S6004,PiePlot.java,922,"this.sectionPaintMap.put(key, paint);",0.0,10206,11201
996,S6005,PiePlot.java,923,notifyListeners(new PlotChangeEvent(this));,0.0,10206,11201
996,S6006,PiePlot.java,935,return this.baseSectionPaint;,0.0,10206,11201
996,S6007,PiePlot.java,947,if (paint == null) {,0.0,10206,11201
996,S6008,PiePlot.java,948,"throw new IllegalArgumentException(""Null 'paint' argument."");",0.0,10206,11201
996,S6009,PiePlot.java,950,this.baseSectionPaint = paint;,0.0,10206,11201
996,S6010,PiePlot.java,951,notifyListeners(new PlotChangeEvent(this));,0.0,10206,11201
996,S6011,PiePlot.java,979,this.sectionOutlinesVisible = visible;,0.0,10206,11201
996,S6012,PiePlot.java,980,notifyListeners(new PlotChangeEvent(this));,0.0,10206,11201
996,S6013,PiePlot.java,996,"return lookupSectionOutlinePaint(key, false);",0.0,10206,11201
996,S6014,PiePlot.java,1023,Paint result = null;,0.0,10206,11201
996,S6015,PiePlot.java,1026,result = this.sectionOutlinePaintMap.getPaint(key);,0.0,10206,11201
996,S6016,PiePlot.java,1027,if (result != null) {,0.0,10206,11201
996,S6017,PiePlot.java,1032,if (autoPopulate) {,0.0,10206,11201
996,S6018,PiePlot.java,1043,result = this.baseSectionOutlinePaint;,0.0,10206,11201
996,S6019,PiePlot.java,1045,return result;,0.0,10206,11201
996,S6020,PiePlot.java,1085,"this.sectionOutlinePaintMap.put(key, paint);",0.0,10206,11201
996,S6021,PiePlot.java,1086,notifyListeners(new PlotChangeEvent(this));,0.0,10206,11201
996,S6022,PiePlot.java,1109,if (paint == null) {,0.0,10206,11201
996,S6023,PiePlot.java,1112,this.baseSectionOutlinePaint = paint;,0.0,10206,11201
996,S6024,PiePlot.java,1113,notifyListeners(new PlotChangeEvent(this));,0.0,10206,11201
996,S6025,PiePlot.java,1131,"return lookupSectionOutlineStroke(key, false);",0.0,10206,11201
996,S6026,PiePlot.java,1158,Stroke result = null;,0.0,10206,11201
996,S6027,PiePlot.java,1161,result = this.sectionOutlineStrokeMap.getStroke(key);,0.0,10206,11201
996,S6028,PiePlot.java,1162,if (result != null) {,0.0,10206,11201
996,S6029,PiePlot.java,1167,if (autoPopulate) {,0.0,10206,11201
996,S6030,PiePlot.java,1178,result = this.baseSectionOutlineStroke;,0.0,10206,11201
996,S6031,PiePlot.java,1180,return result;,0.0,10206,11201
996,S6032,PiePlot.java,1220,"this.sectionOutlineStrokeMap.put(key, stroke);",0.0,10206,11201
996,S6033,PiePlot.java,1221,notifyListeners(new PlotChangeEvent(this));,0.0,10206,11201
996,S6034,PiePlot.java,1244,if (stroke == null) {,0.0,10206,11201
996,S6035,PiePlot.java,1247,this.baseSectionOutlineStroke = stroke;,0.0,10206,11201
996,S6036,PiePlot.java,1248,notifyListeners(new PlotChangeEvent(this));,0.0,10206,11201
996,S6037,PiePlot.java,1271,this.shadowPaint = paint;,0.0,10206,11201
996,S6038,PiePlot.java,1272,notifyListeners(new PlotChangeEvent(this));,0.0,10206,11201
996,S6039,PiePlot.java,1295,this.shadowXOffset = offset;,0.0,10206,11201
996,S6040,PiePlot.java,1296,notifyListeners(new PlotChangeEvent(this));,0.0,10206,11201
996,S6041,PiePlot.java,1319,this.shadowYOffset = offset;,0.0,10206,11201
996,S6042,PiePlot.java,1320,notifyListeners(new PlotChangeEvent(this));,0.0,10206,11201
996,S6043,PiePlot.java,1340,double result = 0.0;,0.0,10206,11201
996,S6044,PiePlot.java,1341,if (this.explodePercentages != null) {,0.0,10206,11201
996,S6045,PiePlot.java,1342,Number percent = (Number) this.explodePercentages.get(key);,0.0,10206,11201
996,S6046,PiePlot.java,1343,if (percent != null) {,0.0,10206,11201
996,S6047,PiePlot.java,1347,return result;,0.0,10206,11201
996,S6048,PiePlot.java,1362,if (key == null) {,0.0,10206,11201
996,S6049,PiePlot.java,1365,if (this.explodePercentages == null) {,0.0,10206,11201
996,S6050,PiePlot.java,1368,"this.explodePercentages.put(key, new Double(percent));",0.0,10206,11201
996,S6051,PiePlot.java,1369,notifyListeners(new PlotChangeEvent(this));,0.0,10206,11201
996,S6052,PiePlot.java,1378,double result = 0.0;,0.0,10206,11201
996,S6053,PiePlot.java,1379,Iterator iterator = this.dataset.getKeys().iterator();,0.0,10206,11201
996,S6054,PiePlot.java,1380,while (iterator.hasNext()) {,0.0,10206,11201
996,S6055,PiePlot.java,1381,Comparable key = (Comparable) iterator.next();,0.0,10206,11201
996,S6056,PiePlot.java,1382,Number explode = (Number) this.explodePercentages.get(key);,0.0,10206,11201
996,S6057,PiePlot.java,1383,if (explode != null) {,0.0,10206,11201
996,S6058,PiePlot.java,1387,return result;,0.0,10206,11201
996,S6060,PiePlot.java,1410,this.labelGenerator = generator;,0.0,10206,11201
996,S6061,PiePlot.java,1411,notifyListeners(new PlotChangeEvent(this));,0.0,10206,11201
996,S6063,PiePlot.java,1436,this.labelGap = gap;,0.0,10206,11201
996,S6064,PiePlot.java,1437,notifyListeners(new PlotChangeEvent(this));,0.0,10206,11201
996,S6066,PiePlot.java,1460,this.maximumLabelWidth = width;,0.0,10206,11201
996,S6067,PiePlot.java,1461,notifyListeners(new PlotChangeEvent(this));,0.0,10206,11201
996,S6068,PiePlot.java,1488,this.labelLinksVisible = visible;,0.0,10206,11201
996,S6069,PiePlot.java,1489,notifyListeners(new PlotChangeEvent(this));,0.0,10206,11201
996,S6070,PiePlot.java,1501,return this.labelLinkMargin;,0.0,10206,11201
996,S6071,PiePlot.java,1513,this.labelLinkMargin = margin;,0.0,10206,11201
996,S6072,PiePlot.java,1514,notifyListeners(new PlotChangeEvent(this));,0.0,10206,11201
996,S6073,PiePlot.java,1539,if (paint == null) {,0.0,10206,11201
996,S6074,PiePlot.java,1542,this.labelLinkPaint = paint;,0.0,10206,11201
996,S6075,PiePlot.java,1543,notifyListeners(new PlotChangeEvent(this));,0.0,10206,11201
996,S6076,PiePlot.java,1566,if (stroke == null) {,0.0,10206,11201
996,S6077,PiePlot.java,1569,this.labelLinkStroke = stroke;,0.0,10206,11201
996,S6078,PiePlot.java,1570,notifyListeners(new PlotChangeEvent(this));,0.0,10206,11201
996,S6079,PiePlot.java,1581,return this.labelFont;,0.0,10206,11201
996,S6080,PiePlot.java,1593,if (font == null) {,0.0,10206,11201
996,S6081,PiePlot.java,1596,this.labelFont = font;,0.0,10206,11201
996,S6082,PiePlot.java,1597,notifyListeners(new PlotChangeEvent(this));,0.0,10206,11201
996,S6083,PiePlot.java,1620,if (paint == null) {,0.0,10206,11201
996,S6084,PiePlot.java,1623,this.labelPaint = paint;,0.0,10206,11201
996,S6085,PiePlot.java,1624,notifyListeners(new PlotChangeEvent(this));,0.0,10206,11201
996,S6086,PiePlot.java,1647,this.labelBackgroundPaint = paint;,0.0,10206,11201
996,S6087,PiePlot.java,1648,notifyListeners(new PlotChangeEvent(this));,0.0,10206,11201
996,S6088,PiePlot.java,1671,this.labelOutlinePaint = paint;,0.0,10206,11201
996,S6089,PiePlot.java,1672,notifyListeners(new PlotChangeEvent(this));,0.0,10206,11201
996,S6090,PiePlot.java,1695,this.labelOutlineStroke = stroke;,0.0,10206,11201
996,S6091,PiePlot.java,1696,notifyListeners(new PlotChangeEvent(this));,0.0,10206,11201
996,S6092,PiePlot.java,1719,this.labelShadowPaint = paint;,0.0,10206,11201
996,S6093,PiePlot.java,1720,notifyListeners(new PlotChangeEvent(this));,0.0,10206,11201
996,S6094,PiePlot.java,1763,return this.simpleLabels;,0.0,10206,11201
996,S6095,PiePlot.java,1862,this.toolTipGenerator = generator;,0.0,10206,11201
996,S6096,PiePlot.java,1863,notifyListeners(new PlotChangeEvent(this));,0.0,10206,11201
996,S6097,PiePlot.java,1874,return this.urlGenerator;,0.0,10206,11201
996,S6098,PiePlot.java,1886,this.urlGenerator = generator;,0.0,10206,11201
996,S6099,PiePlot.java,1887,notifyListeners(new PlotChangeEvent(this));,0.0,10206,11201
996,S6100,PiePlot.java,1899,return this.minimumArcAngleToDraw;,0.0,10206,11201
996,S6101,PiePlot.java,1921,this.minimumArcAngleToDraw = angle;,0.0,10206,11201
996,S6102,PiePlot.java,1932,return this.legendItemShape;,0.0,10206,11201
996,S6103,PiePlot.java,1944,if (shape == null) {,0.0,10206,11201
996,S6104,PiePlot.java,1947,this.legendItemShape = shape;,0.0,10206,11201
996,S6105,PiePlot.java,1948,notifyListeners(new PlotChangeEvent(this));,0.0,10206,11201
996,S6106,PiePlot.java,1971,if (generator == null) {,0.0,10206,11201
996,S6107,PiePlot.java,1974,this.legendLabelGenerator = generator;,0.0,10206,11201
996,S6108,PiePlot.java,1975,notifyListeners(new PlotChangeEvent(this));,0.0,10206,11201
996,S6109,PiePlot.java,1999,this.legendLabelToolTipGenerator = generator;,0.0,10206,11201
996,S6110,PiePlot.java,2000,notifyListeners(new PlotChangeEvent(this));,0.0,10206,11201
996,S6111,PiePlot.java,2013,return this.legendLabelURLGenerator;,0.0,10206,11201
996,S6112,PiePlot.java,2027,this.legendLabelURLGenerator = generator;,0.0,10206,11201
996,S6113,PiePlot.java,2028,notifyListeners(new PlotChangeEvent(this));,0.0,10206,11201
996,S6117,PiePlot.java,2053,state.setLatestAngle(plot.getStartAngle());,0.0,10206,11201
996,S6118,PiePlot.java,2054,return state;,0.0,10206,11201
996,S6119,PiePlot.java,2073,RectangleInsets insets = getInsets();,0.0,10206,11201
996,S6120,PiePlot.java,2074,insets.trim(area);,0.0,10206,11201
996,S6121,PiePlot.java,2076,if (info != null) {,0.0,10206,11201
996,S6122,PiePlot.java,2081,"drawBackground(g2, area);",0.0,10206,11201
996,S6123,PiePlot.java,2082,"drawOutline(g2, area);",0.0,10206,11201
996,S6124,PiePlot.java,2084,Shape savedClip = g2.getClip();,0.0,10206,11201
996,S6125,PiePlot.java,2085,g2.clip(area);,0.0,10206,11201
996,S6126,PiePlot.java,2087,Composite originalComposite = g2.getComposite();,0.0,10206,11201
996,S6127,PiePlot.java,2088,"g2.setComposite(AlphaComposite.getInstance(AlphaComposite.SRC_OVER,",0.0,10206,11201
996,S6128,PiePlot.java,2091,if (!DatasetUtilities.isEmptyOrNull(this.dataset)) {,0.0,10206,11201
996,S6129,PiePlot.java,2092,"drawPie(g2, area, info);",0.0,10206,11201
996,S6130,PiePlot.java,2098,g2.setClip(savedClip);,0.0,10206,11201
996,S6131,PiePlot.java,2099,g2.setComposite(originalComposite);,0.0,10206,11201
996,S6132,PiePlot.java,2101,"drawOutline(g2, area);",0.0,10206,11201
996,S6133,PiePlot.java,2115,"PiePlotState state = initialise(g2, plotArea, this, null, info);",0.0,10206,11201
996,S6134,PiePlot.java,2118,double labelReserve = 0.0;,0.0,10206,11201
996,S6135,PiePlot.java,2119,if (this.labelGenerator != null && !this.simpleLabels) {,0.0,10206,11201
996,S6136,PiePlot.java,2120,labelReserve = this.labelGap + this.maximumLabelWidth;,0.0,10206,11201
996,S6137,PiePlot.java,2122,double gapHorizontal = plotArea.getWidth() * (this.interiorGap,0.0,10206,11201
996,S6138,PiePlot.java,2124,double gapVertical = plotArea.getHeight() * this.interiorGap * 2.0;,0.0,10206,11201
996,S6139,PiePlot.java,2140,double linkX = plotArea.getX() + gapHorizontal / 2;,0.0,10206,11201
996,S6140,PiePlot.java,2141,double linkY = plotArea.getY() + gapVertical / 2;,0.0,10206,11201
996,S6141,PiePlot.java,2142,double linkW = plotArea.getWidth() - gapHorizontal;,0.0,10206,11201
996,S6142,PiePlot.java,2143,double linkH = plotArea.getHeight() - gapVertical;,0.0,10206,11201
996,S6143,PiePlot.java,2146,if (this.circular) {,0.0,10206,11201
996,S6144,PiePlot.java,2147,"double min = Math.min(linkW, linkH) / 2;",0.0,10206,11201
996,S6145,PiePlot.java,2148,linkX = (linkX + linkX + linkW) / 2 - min;,0.0,10206,11201
996,S6146,PiePlot.java,2149,linkY = (linkY + linkY + linkH) / 2 - min;,0.0,10206,11201
996,S6147,PiePlot.java,2150,linkW = 2 * min;,0.0,10206,11201
996,S6148,PiePlot.java,2151,linkH = 2 * min;,0.0,10206,11201
996,S6149,PiePlot.java,2156,"Rectangle2D linkArea = new Rectangle2D.Double(linkX, linkY, linkW,",0.0,10206,11201
996,S6150,PiePlot.java,2158,state.setLinkArea(linkArea);,0.0,10206,11201
996,S6151,PiePlot.java,2171,double lm = 0.0;,0.0,10206,11201
996,S6152,PiePlot.java,2172,if (!this.simpleLabels) {,0.0,10206,11201
996,S6153,PiePlot.java,2173,lm = this.labelLinkMargin;,0.0,10206,11201
996,S6154,PiePlot.java,2175,double hh = linkArea.getWidth() * lm * 2.0;,0.0,10206,11201
996,S6155,PiePlot.java,2176,double vv = linkArea.getHeight() * lm * 2.0;,0.0,10206,11201
996,S6156,PiePlot.java,2177,"Rectangle2D explodeArea = new Rectangle2D.Double(linkX + hh / 2.0,",0.0,10206,11201
996,S6157,PiePlot.java,2180,state.setExplodedPieArea(explodeArea);,0.0,10206,11201
996,S6158,PiePlot.java,2185,double maximumExplodePercent = getMaximumExplodePercent();,0.0,10206,11201
996,S6159,PiePlot.java,2186,double percent = maximumExplodePercent / (1.0 + maximumExplodePercent);,0.0,10206,11201
996,S6160,PiePlot.java,2188,double h1 = explodeArea.getWidth() * percent;,0.0,10206,11201
996,S6161,PiePlot.java,2189,double v1 = explodeArea.getHeight() * percent;,0.0,10206,11201
996,S6162,PiePlot.java,2190,Rectangle2D pieArea = new Rectangle2D.Double(explodeArea.getX(),0.0,10206,11201
996,S6163,PiePlot.java,2198,state.setPieArea(pieArea);,0.0,10206,11201
996,S6164,PiePlot.java,2199,state.setPieCenterX(pieArea.getCenterX());,0.0,10206,11201
996,S6165,PiePlot.java,2200,state.setPieCenterY(pieArea.getCenterY());,0.0,10206,11201
996,S6166,PiePlot.java,2201,state.setPieWRadius(pieArea.getWidth() / 2.0);,0.0,10206,11201
996,S6167,PiePlot.java,2202,state.setPieHRadius(pieArea.getHeight() / 2.0);,0.0,10206,11201
996,S6168,PiePlot.java,2205,if ((this.dataset != null) && (this.dataset.getKeys().size() > 0)) {,0.0,10206,11201
996,S6169,PiePlot.java,2207,List keys = this.dataset.getKeys();,0.0,10206,11201
996,S6170,PiePlot.java,2208,double totalValue = DatasetUtilities.calculatePieDatasetTotal(,0.0,10206,11201
996,S6171,PiePlot.java,2211,int passesRequired = state.getPassesRequired();,0.0,10206,11201
996,S6172,PiePlot.java,2212,for (int pass = 0; pass < passesRequired; pass++) {,0.0,10206,11201
996,S6173,PiePlot.java,2213,double runningTotal = 0.0;,0.0,10206,11201
996,S6174,PiePlot.java,2214,for (int section = 0; section < keys.size(); section++) {,0.0,10206,11201
996,S6175,PiePlot.java,2215,Number n = this.dataset.getValue(section);,0.0,10206,11201
996,S6176,PiePlot.java,2216,if (n != null) {,0.0,10206,11201
996,S6177,PiePlot.java,2217,double value = n.doubleValue();,0.0,10206,11201
996,S6178,PiePlot.java,2218,if (value > 0.0) {,0.0,10206,11201
996,S6179,PiePlot.java,2219,runningTotal += value;,0.0,10206,11201
996,S6180,PiePlot.java,2220,"drawItem(g2, section, explodeArea, state, pass);",0.0,10206,11201
996,S6181,PiePlot.java,2225,if (this.simpleLabels) {,0.0,10206,11201
996,S6182,PiePlot.java,2230,"drawLabels(g2, keys, totalValue, plotArea, linkArea, state);",0.0,10206,11201
996,S6183,PiePlot.java,2251,Number n = this.dataset.getValue(section);,0.0,10206,11201
996,S6184,PiePlot.java,2252,if (n == null) {,0.0,10206,11201
996,S6185,PiePlot.java,2255,double value = n.doubleValue();,0.0,10206,11201
996,S6186,PiePlot.java,2256,double angle1 = 0.0;,0.0,10206,11201
996,S6187,PiePlot.java,2257,double angle2 = 0.0;,0.0,10206,11201
996,S6188,PiePlot.java,2259,if (this.direction == Rotation.CLOCKWISE) {,0.0,10206,11201
996,S6189,PiePlot.java,2260,angle1 = state.getLatestAngle();,0.0,10206,11201
996,S6190,PiePlot.java,2261,angle2 = angle1 - value / state.getTotal() * 360.0;,0.0,10206,11201
996,S6191,PiePlot.java,2271,double angle = (angle2 - angle1);,0.0,10206,11201
996,S6192,PiePlot.java,2272,if (Math.abs(angle) > getMinimumArcAngleToDraw()) {,0.0,10206,11201
996,S6193,PiePlot.java,2273,double ep = 0.0;,0.0,10206,11201
996,S6194,PiePlot.java,2274,double mep = getMaximumExplodePercent();,0.0,10206,11201
996,S6195,PiePlot.java,2275,if (mep > 0.0) {,0.0,10206,11201
996,S6196,PiePlot.java,2278,"Rectangle2D arcBounds = getArcBounds(state.getPieArea(),",0.0,10206,11201
996,S6197,PiePlot.java,2280,"Arc2D.Double arc = new Arc2D.Double(arcBounds, angle1, angle,",0.0,10206,11201
996,S6198,PiePlot.java,2283,if (currentPass == 0) {,0.0,10206,11201
996,S6199,PiePlot.java,2284,if (this.shadowPaint != null) {,0.0,10206,11201
996,S6200,PiePlot.java,2285,Shape shadowArc = ShapeUtilities.createTranslatedShape(,0.0,10206,11201
996,S6201,PiePlot.java,2288,g2.setPaint(this.shadowPaint);,0.0,10206,11201
996,S6202,PiePlot.java,2289,g2.fill(shadowArc);,0.0,10206,11201
996,S6203,PiePlot.java,2292,else if (currentPass == 1) {,0.0,10206,11201
996,S6204,PiePlot.java,2293,Comparable key = getSectionKey(section);,0.0,10206,11201
996,S6205,PiePlot.java,2294,"Paint paint = lookupSectionPaint(key, true);",0.0,10206,11201
996,S6206,PiePlot.java,2295,g2.setPaint(paint);,0.0,10206,11201
996,S6207,PiePlot.java,2296,g2.fill(arc);,0.0,10206,11201
996,S6208,PiePlot.java,2298,Paint outlinePaint = lookupSectionOutlinePaint(key);,0.0,10206,11201
996,S6209,PiePlot.java,2299,Stroke outlineStroke = lookupSectionOutlineStroke(key);,0.0,10206,11201
996,S6210,PiePlot.java,2300,if (this.sectionOutlinesVisible) {,0.0,10206,11201
996,S6211,PiePlot.java,2301,g2.setPaint(outlinePaint);,0.0,10206,11201
996,S6212,PiePlot.java,2302,g2.setStroke(outlineStroke);,0.0,10206,11201
996,S6213,PiePlot.java,2303,g2.draw(arc);,0.0,10206,11201
996,S6214,PiePlot.java,2308,if (state.getInfo() != null) {,0.0,10206,11201
996,S6215,PiePlot.java,2329,state.setLatestAngle(angle2);,0.0,10206,11201
996,S6216,PiePlot.java,2442,Composite originalComposite = g2.getComposite();,0.0,10206,11201
996,S6217,PiePlot.java,2443,"g2.setComposite(AlphaComposite.getInstance(AlphaComposite.SRC_OVER,",0.0,10206,11201
996,S6218,PiePlot.java,2447,DefaultKeyedValues leftKeys = new DefaultKeyedValues();,0.0,10206,11201
996,S6219,PiePlot.java,2448,DefaultKeyedValues rightKeys = new DefaultKeyedValues();,0.0,10206,11201
996,S6220,PiePlot.java,2450,double runningTotal = 0.0;,0.0,10206,11201
996,S6221,PiePlot.java,2451,Iterator iterator = keys.iterator();,0.0,10206,11201
996,S6222,PiePlot.java,2452,while (iterator.hasNext()) {,0.0,10206,11201
996,S6223,PiePlot.java,2453,Comparable key = (Comparable) iterator.next();,0.0,10206,11201
996,S6224,PiePlot.java,2454,boolean include = true;,0.0,10206,11201
996,S6225,PiePlot.java,2455,double v = 0.0;,0.0,10206,11201
996,S6226,PiePlot.java,2456,Number n = this.dataset.getValue(key);,0.0,10206,11201
996,S6227,PiePlot.java,2457,if (n == null) {,0.0,10206,11201
996,S6228,PiePlot.java,2458,include = !this.ignoreNullValues;,0.0,10206,11201
996,S6229,PiePlot.java,2461,v = n.doubleValue();,0.0,10206,11201
996,S6230,PiePlot.java,2462,include = this.ignoreZeroValues ? v > 0.0 : v >= 0.0;,0.0,10206,11201
996,S6231,PiePlot.java,2465,if (include) {,0.0,10206,11201
996,S6232,PiePlot.java,2466,runningTotal = runningTotal + v;,0.0,10206,11201
996,S6233,PiePlot.java,2469,double mid = this.startAngle + (this.direction.getFactor(),0.0,10206,11201
996,S6234,PiePlot.java,2471,if (Math.cos(Math.toRadians(mid)) < 0.0) {,0.0,10206,11201
996,S6235,PiePlot.java,2472,"leftKeys.addValue(key, new Double(mid));",0.0,10206,11201
996,S6236,PiePlot.java,2475,"rightKeys.addValue(key, new Double(mid));",0.0,10206,11201
996,S6237,PiePlot.java,2480,g2.setFont(getLabelFont());,0.0,10206,11201
996,S6238,PiePlot.java,2484,double marginX = plotArea.getX() + this.interiorGap * plotArea.getWidth();,0.0,10206,11201
996,S6239,PiePlot.java,2485,double gap = plotArea.getWidth() * this.labelGap;,0.0,10206,11201
996,S6240,PiePlot.java,2486,double ww = linkArea.getX() - gap - marginX;,0.0,10206,11201
996,S6241,PiePlot.java,2487,float labelWidth = (float) this.labelPadding.trimWidth(ww);,0.0,10206,11201
996,S6242,PiePlot.java,2490,if (this.labelGenerator != null) {,0.0,10206,11201
996,S6243,PiePlot.java,2491,"drawLeftLabels(leftKeys, g2, plotArea, linkArea, labelWidth,",0.0,10206,11201
996,S6244,PiePlot.java,2493,"drawRightLabels(rightKeys, g2, plotArea, linkArea, labelWidth,",0.0,10206,11201
996,S6245,PiePlot.java,2496,g2.setComposite(originalComposite);,0.0,10206,11201
996,S6246,PiePlot.java,2516,this.labelDistributor.clear();,0.0,10206,11201
996,S6247,PiePlot.java,2517,double lGap = plotArea.getWidth() * this.labelGap;,0.0,10206,11201
996,S6248,PiePlot.java,2518,double verticalLinkRadius = state.getLinkArea().getHeight() / 2.0;,0.0,10206,11201
996,S6249,PiePlot.java,2519,for (int i = 0; i < leftKeys.getItemCount(); i++) {,0.0,10206,11201
996,S6250,PiePlot.java,2520,String label = this.labelGenerator.generateSectionLabel(,0.0,10206,11201
996,S6251,PiePlot.java,2522,if (label != null) {,0.0,10206,11201
996,S6252,PiePlot.java,2523,"TextBlock block = TextUtilities.createTextBlock(label,",0.0,10206,11201
996,S6253,PiePlot.java,2526,TextBox labelBox = new TextBox(block);,0.0,10206,11201
996,S6254,PiePlot.java,2527,labelBox.setBackgroundPaint(this.labelBackgroundPaint);,0.0,10206,11201
996,S6255,PiePlot.java,2528,labelBox.setOutlinePaint(this.labelOutlinePaint);,0.0,10206,11201
996,S6256,PiePlot.java,2529,labelBox.setOutlineStroke(this.labelOutlineStroke);,0.0,10206,11201
996,S6257,PiePlot.java,2530,labelBox.setShadowPaint(this.labelShadowPaint);,0.0,10206,11201
996,S6258,PiePlot.java,2531,labelBox.setInteriorGap(this.labelPadding);,0.0,10206,11201
996,S6259,PiePlot.java,2532,double theta = Math.toRadians(,0.0,10206,11201
996,S6260,PiePlot.java,2534,double baseY = state.getPieCenterY() - Math.sin(theta),0.0,10206,11201
996,S6261,PiePlot.java,2536,double hh = labelBox.getHeight(g2);,0.0,10206,11201
996,S6262,PiePlot.java,2538,this.labelDistributor.addPieLabelRecord(new PieLabelRecord(,0.0,10206,11201
996,S6263,PiePlot.java,2544,"this.labelDistributor.distributeLabels(plotArea.getMinY(),",0.0,10206,11201
996,S6264,PiePlot.java,2546,for (int i = 0; i < this.labelDistributor.getItemCount(); i++) {,0.0,10206,11201
996,S6265,PiePlot.java,2547,"drawLeftLabel(g2, state,",0.0,10206,11201
996,S6266,PiePlot.java,2567,this.labelDistributor.clear();,0.0,10206,11201
996,S6267,PiePlot.java,2568,double lGap = plotArea.getWidth() * this.labelGap;,0.0,10206,11201
996,S6268,PiePlot.java,2569,double verticalLinkRadius = state.getLinkArea().getHeight() / 2.0;,0.0,10206,11201
996,S6269,PiePlot.java,2571,for (int i = 0; i < keys.getItemCount(); i++) {,0.0,10206,11201
996,S6270,PiePlot.java,2572,String label = this.labelGenerator.generateSectionLabel(,0.0,10206,11201
996,S6271,PiePlot.java,2575,if (label != null) {,0.0,10206,11201
996,S6272,PiePlot.java,2576,"TextBlock block = TextUtilities.createTextBlock(label,",0.0,10206,11201
996,S6273,PiePlot.java,2579,TextBox labelBox = new TextBox(block);,0.0,10206,11201
996,S6274,PiePlot.java,2580,labelBox.setBackgroundPaint(this.labelBackgroundPaint);,0.0,10206,11201
996,S6275,PiePlot.java,2581,labelBox.setOutlinePaint(this.labelOutlinePaint);,0.0,10206,11201
996,S6276,PiePlot.java,2582,labelBox.setOutlineStroke(this.labelOutlineStroke);,0.0,10206,11201
996,S6277,PiePlot.java,2583,labelBox.setShadowPaint(this.labelShadowPaint);,0.0,10206,11201
996,S6278,PiePlot.java,2584,labelBox.setInteriorGap(this.labelPadding);,0.0,10206,11201
996,S6279,PiePlot.java,2585,double theta = Math.toRadians(keys.getValue(i).doubleValue());,0.0,10206,11201
996,S6280,PiePlot.java,2586,double baseY = state.getPieCenterY(),0.0,10206,11201
996,S6281,PiePlot.java,2588,double hh = labelBox.getHeight(g2);,0.0,10206,11201
996,S6282,PiePlot.java,2589,this.labelDistributor.addPieLabelRecord(new PieLabelRecord(,0.0,10206,11201
996,S6283,PiePlot.java,2595,"this.labelDistributor.distributeLabels(plotArea.getMinY(),",0.0,10206,11201
996,S6284,PiePlot.java,2597,for (int i = 0; i < this.labelDistributor.getItemCount(); i++) {,0.0,10206,11201
996,S6285,PiePlot.java,2598,"drawRightLabel(g2, state,",0.0,10206,11201
996,S6289,PiePlot.java,2615,List keys = this.dataset.getKeys();,0.0,10206,11201
996,S6290,PiePlot.java,2616,int section = 0;,0.0,10206,11201
996,S6291,PiePlot.java,2617,Shape shape = getLegendItemShape();,0.0,10206,11201
996,S6292,PiePlot.java,2618,Iterator iterator = keys.iterator();,0.0,10206,11201
996,S6293,PiePlot.java,2619,while (iterator.hasNext()) {,0.0,10206,11201
996,S6294,PiePlot.java,2620,Comparable key = (Comparable) iterator.next();,0.0,10206,11201
996,S6295,PiePlot.java,2621,Number n = this.dataset.getValue(key);,0.0,10206,11201
996,S6296,PiePlot.java,2622,boolean include = true;,0.0,10206,11201
996,S6297,PiePlot.java,2623,if (n == null) {,0.0,10206,11201
996,S6298,PiePlot.java,2624,include = !this.ignoreNullValues;,0.0,10206,11201
996,S6299,PiePlot.java,2627,double v = n.doubleValue();,0.0,10206,11201
996,S6300,PiePlot.java,2628,if (v == 0.0) {,0.0,10206,11201
996,S6301,PiePlot.java,2629,include = !this.ignoreZeroValues;,0.0,10206,11201
996,S6302,PiePlot.java,2632,include = v > 0.0;,0.0,10206,11201
996,S6303,PiePlot.java,2635,if (include) {,0.0,10206,11201
996,S6304,PiePlot.java,2636,String label = this.legendLabelGenerator.generateSectionLabel(,0.0,10206,11201
996,S6305,PiePlot.java,2638,if (label != null) {,0.0,10206,11201
996,S6306,PiePlot.java,2639,String description = label;,0.0,10206,11201
996,S6307,PiePlot.java,2640,String toolTipText = null;,0.0,10206,11201
996,S6308,PiePlot.java,2641,if (this.legendLabelToolTipGenerator != null) {,0.0,10206,11201
996,S6309,PiePlot.java,2645,String urlText = null;,0.0,10206,11201
996,S6310,PiePlot.java,2646,if (this.legendLabelURLGenerator != null) {,0.0,10206,11201
996,S6311,PiePlot.java,2650,"Paint paint = lookupSectionPaint(key, true);",0.0,10206,11201
996,S6312,PiePlot.java,2651,Paint outlinePaint = lookupSectionOutlinePaint(key);,0.0,10206,11201
996,S6313,PiePlot.java,2652,Stroke outlineStroke = lookupSectionOutlineStroke(key);,0.0,10206,11201
996,S6314,PiePlot.java,2653,"LegendItem item = new LegendItem(label, description,",0.0,10206,11201
996,S6315,PiePlot.java,2658,item.setDataset(getDataset());,0.0,10206,11201
996,S6316,PiePlot.java,2659,result.add(item);,0.0,10206,11201
996,S6317,PiePlot.java,2661,section++;,0.0,10206,11201
996,S6318,PiePlot.java,2664,section++;,0.0,10206,11201
996,S6319,PiePlot.java,2667,return result;,0.0,10206,11201
996,S6320,PiePlot.java,2698,if (explodePercent == 0.0) {,0.0,10206,11201
996,S6321,PiePlot.java,2699,return unexploded;,0.0,10206,11201
996,S6322,PiePlot.java,2726,double anchorX = state.getLinkArea().getMinX();,0.0,10206,11201
996,S6323,PiePlot.java,2727,double targetX = anchorX - record.getGap();,0.0,10206,11201
996,S6324,PiePlot.java,2728,double targetY = record.getAllocatedY();,0.0,10206,11201
996,S6325,PiePlot.java,2730,if (this.labelLinksVisible) {,0.0,10206,11201
996,S6326,PiePlot.java,2731,double theta = record.getAngle();,0.0,10206,11201
996,S6327,PiePlot.java,2732,double linkX = state.getPieCenterX() + Math.cos(theta),0.0,10206,11201
996,S6328,PiePlot.java,2734,double linkY = state.getPieCenterY() - Math.sin(theta),0.0,10206,11201
996,S6329,PiePlot.java,2736,double elbowX = state.getPieCenterX() + Math.cos(theta),0.0,10206,11201
996,S6330,PiePlot.java,2738,double elbowY = state.getPieCenterY() - Math.sin(theta),0.0,10206,11201
996,S6331,PiePlot.java,2740,double anchorY = elbowY;,0.0,10206,11201
996,S6332,PiePlot.java,2741,g2.setPaint(this.labelLinkPaint);,0.0,10206,11201
996,S6333,PiePlot.java,2742,g2.setStroke(this.labelLinkStroke);,0.0,10206,11201
996,S6334,PiePlot.java,2743,"g2.draw(new Line2D.Double(linkX, linkY, elbowX, elbowY));",0.0,10206,11201
996,S6335,PiePlot.java,2744,"g2.draw(new Line2D.Double(anchorX, anchorY, elbowX, elbowY));",0.0,10206,11201
996,S6336,PiePlot.java,2745,"g2.draw(new Line2D.Double(anchorX, anchorY, targetX, targetY));",0.0,10206,11201
996,S6337,PiePlot.java,2747,TextBox tb = record.getLabel();,0.0,10206,11201
996,S6338,PiePlot.java,2748,"tb.draw(g2, (float) targetX, (float) targetY, RectangleAnchor.RIGHT);",0.0,10206,11201
996,S6339,PiePlot.java,2762,double anchorX = state.getLinkArea().getMaxX();,0.0,10206,11201
996,S6340,PiePlot.java,2763,double targetX = anchorX + record.getGap();,0.0,10206,11201
996,S6341,PiePlot.java,2764,double targetY = record.getAllocatedY();,0.0,10206,11201
996,S6342,PiePlot.java,2766,if (this.labelLinksVisible) {,0.0,10206,11201
996,S6343,PiePlot.java,2767,double theta = record.getAngle();,0.0,10206,11201
996,S6344,PiePlot.java,2768,double linkX = state.getPieCenterX() + Math.cos(theta),0.0,10206,11201
996,S6345,PiePlot.java,2770,double linkY = state.getPieCenterY() - Math.sin(theta),0.0,10206,11201
996,S6346,PiePlot.java,2772,double elbowX = state.getPieCenterX() + Math.cos(theta),0.0,10206,11201
996,S6347,PiePlot.java,2774,double elbowY = state.getPieCenterY() - Math.sin(theta),0.0,10206,11201
996,S6348,PiePlot.java,2776,double anchorY = elbowY;,0.0,10206,11201
996,S6349,PiePlot.java,2777,g2.setPaint(this.labelLinkPaint);,0.0,10206,11201
996,S6350,PiePlot.java,2778,g2.setStroke(this.labelLinkStroke);,0.0,10206,11201
996,S6351,PiePlot.java,2779,"g2.draw(new Line2D.Double(linkX, linkY, elbowX, elbowY));",0.0,10206,11201
996,S6352,PiePlot.java,2780,"g2.draw(new Line2D.Double(anchorX, anchorY, elbowX, elbowY));",0.0,10206,11201
996,S6353,PiePlot.java,2781,"g2.draw(new Line2D.Double(anchorX, anchorY, targetX, targetY));",0.0,10206,11201
996,S6354,PiePlot.java,2784,TextBox tb = record.getLabel();,0.0,10206,11201
996,S6355,PiePlot.java,2785,"tb.draw(g2, (float) targetX, (float) targetY, RectangleAnchor.LEFT);",0.0,10206,11201
996,S6356,PiePlot.java,2798,if (obj == this) {,0.0,10206,11201
996,S6357,PiePlot.java,2799,return true;,0.0,10206,11201
996,S6358,PiePlot.java,2801,if (!(obj instanceof PiePlot)) {,0.0,10206,11201
996,S6359,PiePlot.java,2804,if (!super.equals(obj)) {,0.0,10206,11201
996,S6360,PiePlot.java,2805,return false;,0.0,10206,11201
996,S6361,PiePlot.java,2807,PiePlot that = (PiePlot) obj;,0.0,10206,11201
996,S6362,PiePlot.java,2808,if (this.pieIndex != that.pieIndex) {,0.0,10206,11201
996,S6363,PiePlot.java,2809,return false;,0.0,10206,11201
996,S6364,PiePlot.java,2811,if (this.interiorGap != that.interiorGap) {,0.0,10206,11201
996,S6365,PiePlot.java,2812,return false;,0.0,10206,11201
996,S6366,PiePlot.java,2814,if (this.circular != that.circular) {,0.0,10206,11201
996,S6367,PiePlot.java,2815,return false;,0.0,10206,11201
996,S6368,PiePlot.java,2817,if (this.startAngle != that.startAngle) {,0.0,10206,11201
996,S6369,PiePlot.java,2818,return false;,0.0,10206,11201
996,S6370,PiePlot.java,2820,if (this.direction != that.direction) {,0.0,10206,11201
996,S6371,PiePlot.java,2821,return false;,0.0,10206,11201
996,S6372,PiePlot.java,2823,if (this.ignoreZeroValues != that.ignoreZeroValues) {,0.0,10206,11201
996,S6373,PiePlot.java,2824,return false;,0.0,10206,11201
996,S6374,PiePlot.java,2826,if (this.ignoreNullValues != that.ignoreNullValues) {,0.0,10206,11201
996,S6375,PiePlot.java,2827,return false;,0.0,10206,11201
996,S6376,PiePlot.java,2829,"if (!ObjectUtilities.equal(this.sectionPaintMap,",0.0,10206,11201
996,S6377,PiePlot.java,2831,return false;,0.0,10206,11201
996,S6378,PiePlot.java,2833,"if (!PaintUtilities.equal(this.baseSectionPaint,",0.0,10206,11201
996,S6379,PiePlot.java,2835,return false;,0.0,10206,11201
996,S6380,PiePlot.java,2837,if (this.sectionOutlinesVisible != that.sectionOutlinesVisible) {,0.0,10206,11201
996,S6381,PiePlot.java,2838,return false;,0.0,10206,11201
996,S6382,PiePlot.java,2840,"if (!ObjectUtilities.equal(this.sectionOutlinePaintMap,",0.0,10206,11201
996,S6383,PiePlot.java,2842,return false;,0.0,10206,11201
996,S6384,PiePlot.java,2844,if (!PaintUtilities.equal(,0.0,10206,11201
996,S6385,PiePlot.java,2847,return false;,0.0,10206,11201
996,S6386,PiePlot.java,2849,"if (!ObjectUtilities.equal(this.sectionOutlineStrokeMap,",0.0,10206,11201
996,S6387,PiePlot.java,2851,return false;,0.0,10206,11201
996,S6388,PiePlot.java,2853,if (!ObjectUtilities.equal(,0.0,10206,11201
996,S6389,PiePlot.java,2856,return false;,0.0,10206,11201
996,S6390,PiePlot.java,2858,"if (!PaintUtilities.equal(this.shadowPaint, that.shadowPaint)) {",0.0,10206,11201
996,S6391,PiePlot.java,2859,return false;,0.0,10206,11201
996,S6392,PiePlot.java,2861,if (!(this.shadowXOffset == that.shadowXOffset)) {,0.0,10206,11201
996,S6393,PiePlot.java,2862,return false;,0.0,10206,11201
996,S6394,PiePlot.java,2864,if (!(this.shadowYOffset == that.shadowYOffset)) {,0.0,10206,11201
996,S6395,PiePlot.java,2865,return false;,0.0,10206,11201
996,S6396,PiePlot.java,2867,"if (!ObjectUtilities.equal(this.explodePercentages,",0.0,10206,11201
996,S6397,PiePlot.java,2869,return false;,0.0,10206,11201
996,S6398,PiePlot.java,2871,"if (!ObjectUtilities.equal(this.labelGenerator,",0.0,10206,11201
996,S6399,PiePlot.java,2873,return false;,0.0,10206,11201
996,S6400,PiePlot.java,2875,"if (!ObjectUtilities.equal(this.labelFont, that.labelFont)) {",0.0,10206,11201
996,S6401,PiePlot.java,2876,return false;,0.0,10206,11201
996,S6402,PiePlot.java,2878,"if (!PaintUtilities.equal(this.labelPaint, that.labelPaint)) {",0.0,10206,11201
996,S6403,PiePlot.java,2879,return false;,0.0,10206,11201
996,S6404,PiePlot.java,2881,"if (!PaintUtilities.equal(this.labelBackgroundPaint,",0.0,10206,11201
996,S6405,PiePlot.java,2883,return false;,0.0,10206,11201
996,S6406,PiePlot.java,2885,"if (!PaintUtilities.equal(this.labelOutlinePaint,",0.0,10206,11201
996,S6407,PiePlot.java,2887,return false;,0.0,10206,11201
996,S6408,PiePlot.java,2889,"if (!ObjectUtilities.equal(this.labelOutlineStroke,",0.0,10206,11201
996,S6409,PiePlot.java,2891,return false;,0.0,10206,11201
996,S6410,PiePlot.java,2893,"if (!PaintUtilities.equal(this.labelShadowPaint,",0.0,10206,11201
996,S6411,PiePlot.java,2895,return false;,0.0,10206,11201
996,S6412,PiePlot.java,2897,if (this.simpleLabels != that.simpleLabels) {,0.0,10206,11201
996,S6413,PiePlot.java,2900,if (!this.simpleLabelOffset.equals(that.simpleLabelOffset)) {,0.0,10206,11201
996,S6414,PiePlot.java,2903,if (!this.labelPadding.equals(that.labelPadding)) {,0.0,10206,11201
996,S6415,PiePlot.java,2906,if (!(this.maximumLabelWidth == that.maximumLabelWidth)) {,0.0,10206,11201
996,S6416,PiePlot.java,2907,return false;,0.0,10206,11201
996,S6417,PiePlot.java,2909,if (!(this.labelGap == that.labelGap)) {,0.0,10206,11201
996,S6418,PiePlot.java,2910,return false;,0.0,10206,11201
996,S6419,PiePlot.java,2912,if (!(this.labelLinkMargin == that.labelLinkMargin)) {,0.0,10206,11201
996,S6420,PiePlot.java,2913,return false;,0.0,10206,11201
996,S6421,PiePlot.java,2915,if (this.labelLinksVisible != that.labelLinksVisible) {,0.0,10206,11201
996,S6422,PiePlot.java,2916,return false;,0.0,10206,11201
996,S6423,PiePlot.java,2918,"if (!PaintUtilities.equal(this.labelLinkPaint, that.labelLinkPaint)) {",0.0,10206,11201
996,S6424,PiePlot.java,2919,return false;,0.0,10206,11201
996,S6425,PiePlot.java,2921,"if (!ObjectUtilities.equal(this.labelLinkStroke,",0.0,10206,11201
996,S6426,PiePlot.java,2923,return false;,0.0,10206,11201
996,S6427,PiePlot.java,2925,"if (!ObjectUtilities.equal(this.toolTipGenerator,",0.0,10206,11201
996,S6428,PiePlot.java,2927,return false;,0.0,10206,11201
996,S6429,PiePlot.java,2929,"if (!ObjectUtilities.equal(this.urlGenerator, that.urlGenerator)) {",0.0,10206,11201
996,S6430,PiePlot.java,2930,return false;,0.0,10206,11201
996,S6431,PiePlot.java,2932,if (!(this.minimumArcAngleToDraw == that.minimumArcAngleToDraw)) {,0.0,10206,11201
996,S6432,PiePlot.java,2933,return false;,0.0,10206,11201
996,S6433,PiePlot.java,2935,"if (!ShapeUtilities.equal(this.legendItemShape, that.legendItemShape)) {",0.0,10206,11201
996,S6434,PiePlot.java,2936,return false;,0.0,10206,11201
996,S6435,PiePlot.java,2938,"if (!ObjectUtilities.equal(this.legendLabelGenerator,",0.0,10206,11201
996,S6436,PiePlot.java,2940,return false;,0.0,10206,11201
996,S6437,PiePlot.java,2942,"if (!ObjectUtilities.equal(this.legendLabelToolTipGenerator,",0.0,10206,11201
996,S6438,PiePlot.java,2944,return false;,0.0,10206,11201
996,S6439,PiePlot.java,2946,"if (!ObjectUtilities.equal(this.legendLabelURLGenerator,",0.0,10206,11201
996,S6440,PiePlot.java,2948,return false;,0.0,10206,11201
996,S6441,PiePlot.java,2951,return true;,0.0,10206,11201
996,S6442,PiePlot.java,2963,PiePlot clone = (PiePlot) super.clone();,0.0,10206,11201
996,S6443,PiePlot.java,2964,if (clone.dataset != null) {,0.0,10206,11201
996,S6444,PiePlot.java,2967,if (this.urlGenerator instanceof PublicCloneable) {,0.0,10206,11201
996,S6445,PiePlot.java,2968,clone.urlGenerator = (PieURLGenerator) ObjectUtilities.clone(,0.0,10206,11201
996,S6446,PiePlot.java,2971,clone.legendItemShape = ShapeUtilities.clone(this.legendItemShape);,0.0,10206,11201
996,S6447,PiePlot.java,2972,if (this.legendLabelGenerator != null) {,0.0,10206,11201
996,S6448,PiePlot.java,2973,clone.legendLabelGenerator = (PieSectionLabelGenerator),0.0,10206,11201
996,S6449,PiePlot.java,2976,if (this.legendLabelToolTipGenerator != null) {,0.0,10206,11201
996,S6450,PiePlot.java,2977,clone.legendLabelToolTipGenerator = (PieSectionLabelGenerator),0.0,10206,11201
996,S6451,PiePlot.java,2980,if (this.legendLabelURLGenerator instanceof PublicCloneable) {,0.0,10206,11201
996,S6452,PiePlot.java,2981,clone.legendLabelURLGenerator = (PieURLGenerator),0.0,10206,11201
996,S6453,PiePlot.java,2984,return clone;,0.0,10206,11201
996,S6454,PiePlot.java,2995,stream.defaultWriteObject();,0.0,10206,11201
996,S6455,PiePlot.java,2996,"SerialUtilities.writePaint(this.baseSectionPaint, stream);",0.0,10206,11201
996,S6456,PiePlot.java,2997,"SerialUtilities.writePaint(this.baseSectionOutlinePaint, stream);",0.0,10206,11201
996,S6457,PiePlot.java,2998,"SerialUtilities.writeStroke(this.baseSectionOutlineStroke, stream);",0.0,10206,11201
996,S6458,PiePlot.java,2999,"SerialUtilities.writePaint(this.shadowPaint, stream);",0.0,10206,11201
996,S6459,PiePlot.java,3000,"SerialUtilities.writePaint(this.labelPaint, stream);",0.0,10206,11201
996,S6460,PiePlot.java,3001,"SerialUtilities.writePaint(this.labelBackgroundPaint, stream);",0.0,10206,11201
996,S6461,PiePlot.java,3002,"SerialUtilities.writePaint(this.labelOutlinePaint, stream);",0.0,10206,11201
996,S6462,PiePlot.java,3003,"SerialUtilities.writeStroke(this.labelOutlineStroke, stream);",0.0,10206,11201
996,S6463,PiePlot.java,3004,"SerialUtilities.writePaint(this.labelShadowPaint, stream);",0.0,10206,11201
996,S6464,PiePlot.java,3005,"SerialUtilities.writePaint(this.labelLinkPaint, stream);",0.0,10206,11201
996,S6465,PiePlot.java,3006,"SerialUtilities.writeStroke(this.labelLinkStroke, stream);",0.0,10206,11201
996,S6466,PiePlot.java,3007,"SerialUtilities.writeShape(this.legendItemShape, stream);",0.0,10206,11201
996,S6467,PiePlot.java,3020,stream.defaultReadObject();,0.0,10206,11201
996,S6468,PiePlot.java,3021,this.baseSectionPaint = SerialUtilities.readPaint(stream);,0.0,10206,11201
996,S6469,PiePlot.java,3022,this.baseSectionOutlinePaint = SerialUtilities.readPaint(stream);,0.0,10206,11201
996,S6470,PiePlot.java,3023,this.baseSectionOutlineStroke = SerialUtilities.readStroke(stream);,0.0,10206,11201
996,S6471,PiePlot.java,3024,this.shadowPaint = SerialUtilities.readPaint(stream);,0.0,10206,11201
996,S6472,PiePlot.java,3025,this.labelPaint = SerialUtilities.readPaint(stream);,0.0,10206,11201
996,S6473,PiePlot.java,3026,this.labelBackgroundPaint = SerialUtilities.readPaint(stream);,0.0,10206,11201
996,S6474,PiePlot.java,3027,this.labelOutlinePaint = SerialUtilities.readPaint(stream);,0.0,10206,11201
996,S6475,PiePlot.java,3028,this.labelOutlineStroke = SerialUtilities.readStroke(stream);,0.0,10206,11201
996,S6476,PiePlot.java,3029,this.labelShadowPaint = SerialUtilities.readPaint(stream);,0.0,10206,11201
996,S6477,PiePlot.java,3030,this.labelLinkPaint = SerialUtilities.readPaint(stream);,0.0,10206,11201
996,S6478,PiePlot.java,3031,this.labelLinkStroke = SerialUtilities.readStroke(stream);,0.0,10206,11201
996,S6479,PiePlot.java,3032,this.legendItemShape = SerialUtilities.readShape(stream);,0.0,10206,11201
996,S6482,PiePlot3D.java,141,this(null);,0.0,10206,11201
996,S6485,PiePlot3D.java,175,this.depthFactor = factor;,0.0,10206,11201
996,S6486,PiePlot3D.java,176,notifyListeners(new PlotChangeEvent(this));,0.0,10206,11201
996,S6487,PiePlot3D.java,191,return this.darkerSides;,0.0,10206,11201
996,S6488,PiePlot3D.java,208,this.darkerSides = darker;,0.0,10206,11201
996,S6489,PiePlot3D.java,209,notifyListeners(new PlotChangeEvent(this));,0.0,10206,11201
996,S6509,PiePlot3D.java,284,"Rectangle2D linkAreaXX = new Rectangle2D.Double(linkX, linkY, linkW,",0.0,10206,11201
996,S6510,PiePlot3D.java,286,state.setLinkArea(linkAreaXX);,0.0,10206,11201
996,S6511,PiePlot3D.java,299,double hh = linkW * getLabelLinkMargin();,0.0,10206,11201
996,S6512,PiePlot3D.java,300,double vv = linkH * getLabelLinkMargin();,0.0,10206,11201
996,S6513,PiePlot3D.java,301,"Rectangle2D explodeArea = new Rectangle2D.Double(linkX + hh / 2.0,",0.0,10206,11201
996,S6514,PiePlot3D.java,304,state.setExplodedPieArea(explodeArea);,0.0,10206,11201
996,S6515,PiePlot3D.java,309,double maximumExplodePercent = getMaximumExplodePercent();,0.0,10206,11201
996,S6516,PiePlot3D.java,310,double percent = maximumExplodePercent / (1.0 + maximumExplodePercent);,0.0,10206,11201
996,S6517,PiePlot3D.java,312,double h1 = explodeArea.getWidth() * percent;,0.0,10206,11201
996,S6518,PiePlot3D.java,313,double v1 = explodeArea.getHeight() * percent;,0.0,10206,11201
996,S6519,PiePlot3D.java,314,Rectangle2D pieArea = new Rectangle2D.Double(explodeArea.getX(),0.0,10206,11201
996,S6520,PiePlot3D.java,320,int depth = (int) (pieArea.getHeight() * this.depthFactor);,0.0,10206,11201
996,S6521,PiePlot3D.java,321,"Rectangle2D linkArea = new Rectangle2D.Double(linkX, linkY, linkW,",0.0,10206,11201
996,S6522,PiePlot3D.java,323,state.setLinkArea(linkArea);,0.0,10206,11201
996,S6523,PiePlot3D.java,325,state.setPieArea(pieArea);,0.0,10206,11201
996,S6524,PiePlot3D.java,326,state.setPieCenterX(pieArea.getCenterX());,0.0,10206,11201
996,S6525,PiePlot3D.java,327,state.setPieCenterY(pieArea.getCenterY() - depth / 2.0);,0.0,10206,11201
996,S6526,PiePlot3D.java,328,state.setPieWRadius(pieArea.getWidth() / 2.0);,0.0,10206,11201
996,S6527,PiePlot3D.java,329,state.setPieHRadius((pieArea.getHeight() - depth) / 2.0);,0.0,10206,11201
996,S6528,PiePlot3D.java,332,PieDataset dataset = getDataset();,0.0,10206,11201
996,S6529,PiePlot3D.java,333,if (DatasetUtilities.isEmptyOrNull(getDataset())) {,0.0,10206,11201
996,S6530,PiePlot3D.java,341,if (dataset.getKeys().size() > plotArea.getWidth()) {,0.0,10206,11201
996,S6531,PiePlot3D.java,356,if (isCircular()) {,0.0,10206,11201
996,S6532,PiePlot3D.java,363,List sectionKeys = dataset.getKeys();,0.0,10206,11201
996,S6533,PiePlot3D.java,365,if (sectionKeys.size() == 0) {,0.0,10206,11201
996,S6534,PiePlot3D.java,370,double arcX = pieArea.getX();,0.0,10206,11201
996,S6535,PiePlot3D.java,371,double arcY = pieArea.getY();,0.0,10206,11201
996,S6536,PiePlot3D.java,374,Composite originalComposite = g2.getComposite();,0.0,10206,11201
996,S6537,PiePlot3D.java,375,"g2.setComposite(AlphaComposite.getInstance(AlphaComposite.SRC_OVER,",0.0,10206,11201
996,S6538,PiePlot3D.java,378,double totalValue = DatasetUtilities.calculatePieDatasetTotal(dataset);,0.0,10206,11201
996,S6539,PiePlot3D.java,379,double runningTotal = 0;,0.0,10206,11201
996,S6540,PiePlot3D.java,380,if (depth < 0) {,0.0,10206,11201
996,S6541,PiePlot3D.java,384,ArrayList arcList = new ArrayList();,0.0,10206,11201
996,S6542,PiePlot3D.java,390,Iterator iterator = sectionKeys.iterator();,0.0,10206,11201
996,S6543,PiePlot3D.java,391,while (iterator.hasNext()) {,0.0,10206,11201
996,S6544,PiePlot3D.java,393,Comparable currentKey = (Comparable) iterator.next();,0.0,10206,11201
996,S6545,PiePlot3D.java,394,Number dataValue = dataset.getValue(currentKey);,0.0,10206,11201
996,S6546,PiePlot3D.java,395,if (dataValue == null) {,0.0,10206,11201
996,S6547,PiePlot3D.java,396,arcList.add(null);,0.0,10206,11201
996,S6548,PiePlot3D.java,397,continue;,0.0,10206,11201
996,S6549,PiePlot3D.java,399,double value = dataValue.doubleValue();,0.0,10206,11201
996,S6550,PiePlot3D.java,400,if (value <= 0) {,0.0,10206,11201
996,S6551,PiePlot3D.java,404,double startAngle = getStartAngle();,0.0,10206,11201
996,S6552,PiePlot3D.java,405,double direction = getDirection().getFactor();,0.0,10206,11201
996,S6553,PiePlot3D.java,406,double angle1 = startAngle + (direction * (runningTotal * 360)),0.0,10206,11201
996,S6554,PiePlot3D.java,408,double angle2 = startAngle + (direction * (runningTotal + value),0.0,10206,11201
996,S6555,PiePlot3D.java,410,if (Math.abs(angle2 - angle1) > getMinimumArcAngleToDraw()) {,0.0,10206,11201
996,S6556,PiePlot3D.java,411,"arcList.add(new Arc2D.Double(arcX, arcY + depth,",0.0,10206,11201
996,S6557,PiePlot3D.java,418,runningTotal += value;,0.0,10206,11201
996,S6558,PiePlot3D.java,421,Shape oldClip = g2.getClip();,0.0,10206,11201
996,S6559,PiePlot3D.java,423,"Ellipse2D top = new Ellipse2D.Double(pieArea.getX(), pieArea.getY(),",0.0,10206,11201
996,S6560,PiePlot3D.java,426,"Ellipse2D bottom = new Ellipse2D.Double(pieArea.getX(), pieArea.getY()",0.0,10206,11201
996,S6561,PiePlot3D.java,429,"Rectangle2D lower = new Rectangle2D.Double(top.getX(),",0.0,10206,11201
996,S6562,PiePlot3D.java,433,"Rectangle2D upper = new Rectangle2D.Double(pieArea.getX(), top.getY(),",0.0,10206,11201
996,S6563,PiePlot3D.java,436,Area a = new Area(top);,0.0,10206,11201
996,S6564,PiePlot3D.java,437,a.add(new Area(lower));,0.0,10206,11201
996,S6565,PiePlot3D.java,438,Area b = new Area(bottom);,0.0,10206,11201
996,S6566,PiePlot3D.java,439,b.add(new Area(upper));,0.0,10206,11201
996,S6567,PiePlot3D.java,440,Area pie = new Area(a);,0.0,10206,11201
996,S6568,PiePlot3D.java,441,pie.intersect(b);,0.0,10206,11201
996,S6569,PiePlot3D.java,443,Area front = new Area(pie);,0.0,10206,11201
996,S6570,PiePlot3D.java,444,front.subtract(new Area(top));,0.0,10206,11201
996,S6571,PiePlot3D.java,446,Area back = new Area(pie);,0.0,10206,11201
996,S6572,PiePlot3D.java,447,back.subtract(new Area(bottom));,0.0,10206,11201
996,S6573,PiePlot3D.java,452,"arc = new Arc2D.Double(arcX, arcY + depth, pieArea.getWidth(),",0.0,10206,11201
996,S6574,PiePlot3D.java,455,int categoryCount = arcList.size();,0.0,10206,11201
996,S6575,PiePlot3D.java,456,for (int categoryIndex = 0; categoryIndex < categoryCount;,0.0,10206,11201
996,S6576,PiePlot3D.java,457,categoryIndex++) {,0.0,10206,11201
996,S6577,PiePlot3D.java,458,arc = (Arc2D.Double) arcList.get(categoryIndex);,0.0,10206,11201
996,S6578,PiePlot3D.java,459,if (arc == null) {,0.0,10206,11201
996,S6579,PiePlot3D.java,460,continue;,0.0,10206,11201
996,S6580,PiePlot3D.java,462,Comparable key = getSectionKey(categoryIndex);,0.0,10206,11201
996,S6581,PiePlot3D.java,463,"paint = lookupSectionPaint(key, true);",0.0,10206,11201
996,S6582,PiePlot3D.java,464,outlinePaint = lookupSectionOutlinePaint(key);,0.0,10206,11201
996,S6583,PiePlot3D.java,465,outlineStroke = lookupSectionOutlineStroke(key);,0.0,10206,11201
996,S6584,PiePlot3D.java,466,g2.setPaint(paint);,0.0,10206,11201
996,S6585,PiePlot3D.java,467,g2.fill(arc);,0.0,10206,11201
996,S6586,PiePlot3D.java,468,g2.setPaint(outlinePaint);,0.0,10206,11201
996,S6587,PiePlot3D.java,469,g2.setStroke(outlineStroke);,0.0,10206,11201
996,S6588,PiePlot3D.java,470,g2.draw(arc);,0.0,10206,11201
996,S6589,PiePlot3D.java,471,g2.setPaint(paint);,0.0,10206,11201
996,S6590,PiePlot3D.java,473,Point2D p1 = arc.getStartPoint();,0.0,10206,11201
996,S6591,PiePlot3D.java,476,"xs = new int[] {(int) arc.getCenterX(), (int) arc.getCenterX(),",0.0,10206,11201
996,S6592,PiePlot3D.java,478,"ys = new int[] {(int) arc.getCenterY(), (int) arc.getCenterY()",0.0,10206,11201
996,S6593,PiePlot3D.java,480,"Polygon polygon = new Polygon(xs, ys, 4);",0.0,10206,11201
996,S6594,PiePlot3D.java,481,g2.setPaint(java.awt.Color.lightGray);,0.0,10206,11201
996,S6595,PiePlot3D.java,482,g2.fill(polygon);,0.0,10206,11201
996,S6596,PiePlot3D.java,483,g2.setPaint(outlinePaint);,0.0,10206,11201
996,S6597,PiePlot3D.java,484,g2.setStroke(outlineStroke);,0.0,10206,11201
996,S6598,PiePlot3D.java,485,g2.draw(polygon);,0.0,10206,11201
996,S6599,PiePlot3D.java,486,g2.setPaint(paint);,0.0,10206,11201
996,S6600,PiePlot3D.java,490,g2.setPaint(Color.gray);,0.0,10206,11201
996,S6601,PiePlot3D.java,491,g2.fill(back);,0.0,10206,11201
996,S6602,PiePlot3D.java,492,g2.fill(front);,0.0,10206,11201
996,S6603,PiePlot3D.java,495,int cat = 0;,0.0,10206,11201
996,S6604,PiePlot3D.java,496,iterator = arcList.iterator();,0.0,10206,11201
996,S6605,PiePlot3D.java,497,while (iterator.hasNext()) {,0.0,10206,11201
996,S6606,PiePlot3D.java,498,Arc2D segment = (Arc2D) iterator.next();,0.0,10206,11201
996,S6607,PiePlot3D.java,499,if (segment != null) {,0.0,10206,11201
996,S6608,PiePlot3D.java,500,Comparable key = getSectionKey(cat);,0.0,10206,11201
996,S6609,PiePlot3D.java,501,"paint = lookupSectionPaint(key, true);",0.0,10206,11201
996,S6610,PiePlot3D.java,502,outlinePaint = lookupSectionOutlinePaint(key);,0.0,10206,11201
996,S6611,PiePlot3D.java,503,outlineStroke = lookupSectionOutlineStroke(key);,0.0,10206,11201
996,S6612,PiePlot3D.java,504,"drawSide(g2, pieArea, segment, front, back, paint,",0.0,10206,11201
996,S6613,PiePlot3D.java,507,cat++;,0.0,10206,11201
996,S6614,PiePlot3D.java,511,cat = 0;,0.0,10206,11201
996,S6615,PiePlot3D.java,512,iterator = arcList.iterator();,0.0,10206,11201
996,S6616,PiePlot3D.java,513,while (iterator.hasNext()) {,0.0,10206,11201
996,S6617,PiePlot3D.java,514,Arc2D segment = (Arc2D) iterator.next();,0.0,10206,11201
996,S6618,PiePlot3D.java,515,if (segment != null) {,0.0,10206,11201
996,S6619,PiePlot3D.java,516,Comparable key = getSectionKey(cat);,0.0,10206,11201
996,S6620,PiePlot3D.java,517,paint = lookupSectionPaint(key);,0.0,10206,11201
996,S6621,PiePlot3D.java,518,outlinePaint = lookupSectionOutlinePaint(key);,0.0,10206,11201
996,S6622,PiePlot3D.java,519,outlineStroke = lookupSectionOutlineStroke(key);,0.0,10206,11201
996,S6623,PiePlot3D.java,520,"drawSide(g2, pieArea, segment, front, back, paint,",0.0,10206,11201
996,S6624,PiePlot3D.java,523,cat++;,0.0,10206,11201
996,S6625,PiePlot3D.java,526,g2.setClip(oldClip);,0.0,10206,11201
996,S6626,PiePlot3D.java,530,for (int sectionIndex = 0; sectionIndex < categoryCount;,0.0,10206,11201
996,S6627,PiePlot3D.java,531,sectionIndex++) {,0.0,10206,11201
996,S6628,PiePlot3D.java,532,arc = (Arc2D.Double) arcList.get(sectionIndex);,0.0,10206,11201
996,S6629,PiePlot3D.java,533,if (arc == null) {,0.0,10206,11201
996,S6630,PiePlot3D.java,534,continue;,0.0,10206,11201
996,S6631,PiePlot3D.java,536,"upperArc = new Arc2D.Double(arcX, arcY, pieArea.getWidth(),",0.0,10206,11201
996,S6632,PiePlot3D.java,540,Comparable currentKey = (Comparable) sectionKeys.get(sectionIndex);,0.0,10206,11201
996,S6633,PiePlot3D.java,541,"paint = lookupSectionPaint(currentKey, true);",0.0,10206,11201
996,S6634,PiePlot3D.java,542,outlinePaint = lookupSectionOutlinePaint(currentKey);,0.0,10206,11201
996,S6635,PiePlot3D.java,543,outlineStroke = lookupSectionOutlineStroke(currentKey);,0.0,10206,11201
996,S6636,PiePlot3D.java,544,g2.setPaint(paint);,0.0,10206,11201
996,S6637,PiePlot3D.java,545,g2.fill(upperArc);,0.0,10206,11201
996,S6638,PiePlot3D.java,546,g2.setStroke(outlineStroke);,0.0,10206,11201
996,S6639,PiePlot3D.java,547,g2.setPaint(outlinePaint);,0.0,10206,11201
996,S6640,PiePlot3D.java,548,g2.draw(upperArc);,0.0,10206,11201
996,S6641,PiePlot3D.java,551,if (info != null) {,0.0,10206,11201
996,S6642,PiePlot3D.java,572,List keys = dataset.getKeys();,0.0,10206,11201
996,S6643,PiePlot3D.java,573,Rectangle2D adjustedPlotArea = new Rectangle2D.Double(,0.0,10206,11201
996,S6644,PiePlot3D.java,577,if (getSimpleLabels()) {,0.0,10206,11201
996,S6645,PiePlot3D.java,582,"drawLabels(g2, keys, totalValue, adjustedPlotArea, linkArea,",0.0,10206,11201
996,S6646,PiePlot3D.java,587,g2.setClip(savedClip);,0.0,10206,11201
996,S6647,PiePlot3D.java,588,g2.setComposite(originalComposite);,0.0,10206,11201
996,S6648,PiePlot3D.java,589,"drawOutline(g2, originalPlotArea);",0.0,10206,11201
996,S6649,PiePlot3D.java,618,if (getDarkerSides()) {,0.0,10206,11201
996,S6650,PiePlot3D.java,626,double start = arc.getAngleStart();,0.0,10206,11201
996,S6651,PiePlot3D.java,627,double extent = arc.getAngleExtent();,0.0,10206,11201
996,S6652,PiePlot3D.java,628,double end = start + extent;,0.0,10206,11201
996,S6653,PiePlot3D.java,630,g2.setStroke(outlineStroke);,0.0,10206,11201
996,S6654,PiePlot3D.java,633,if (extent < 0.0) {,0.0,10206,11201
996,S6655,PiePlot3D.java,635,if (isAngleAtFront(start)) {  // start at front,0.0,10206,11201
996,S6656,PiePlot3D.java,637,if (!isAngleAtBack(end)) {,0.0,10206,11201
996,S6657,PiePlot3D.java,694,if (drawBack) {,0.0,10206,11201
996,S6658,PiePlot3D.java,695,Area side2 = new Area(new Rectangle2D.Double(,0.0,10206,11201
996,S6659,PiePlot3D.java,699,side2.intersect(back);,0.0,10206,11201
996,S6660,PiePlot3D.java,700,g2.setPaint(paint);,0.0,10206,11201
996,S6661,PiePlot3D.java,701,g2.fill(side2);,0.0,10206,11201
996,S6662,PiePlot3D.java,702,g2.setPaint(outlinePaint);,0.0,10206,11201
996,S6663,PiePlot3D.java,703,g2.draw(side2);,0.0,10206,11201
996,S6664,PiePlot3D.java,706,if (drawFront) {,0.0,10206,11201
996,S6665,PiePlot3D.java,707,Area side1 = new Area(new Rectangle2D.Double(,0.0,10206,11201
996,S6666,PiePlot3D.java,711,side1.intersect(front);,0.0,10206,11201
996,S6667,PiePlot3D.java,712,g2.setPaint(paint);,0.0,10206,11201
996,S6668,PiePlot3D.java,713,g2.fill(side1);,0.0,10206,11201
996,S6669,PiePlot3D.java,714,g2.setPaint(outlinePaint);,0.0,10206,11201
996,S6670,PiePlot3D.java,715,g2.draw(side1);,0.0,10206,11201
996,S6671,PiePlot3D.java,722,if (!isAngleAtFront(end)) {,0.0,10206,11201
996,S6672,PiePlot3D.java,776,if (drawBack) {,0.0,10206,11201
996,S6673,PiePlot3D.java,777,Area side1 = new Area(new Rectangle2D.Double(,0.0,10206,11201
996,S6674,PiePlot3D.java,781,side1.intersect(back);,0.0,10206,11201
996,S6675,PiePlot3D.java,782,g2.setPaint(paint);,0.0,10206,11201
996,S6676,PiePlot3D.java,783,g2.fill(side1);,0.0,10206,11201
996,S6677,PiePlot3D.java,784,g2.setPaint(outlinePaint);,0.0,10206,11201
996,S6678,PiePlot3D.java,785,g2.draw(side1);,0.0,10206,11201
996,S6679,PiePlot3D.java,788,if (drawFront) {,0.0,10206,11201
996,S6680,PiePlot3D.java,789,Area side2 = new Area(new Rectangle2D.Double(,0.0,10206,11201
996,S6681,PiePlot3D.java,793,side2.intersect(front);,0.0,10206,11201
996,S6682,PiePlot3D.java,794,g2.setPaint(paint);,0.0,10206,11201
996,S6683,PiePlot3D.java,795,g2.fill(side2);,0.0,10206,11201
996,S6684,PiePlot3D.java,796,g2.setPaint(outlinePaint);,0.0,10206,11201
996,S6685,PiePlot3D.java,797,g2.draw(side2);,0.0,10206,11201
996,S6686,PiePlot3D.java,988,return (Math.sin(Math.toRadians(angle)) < 0.0);,0.0,10206,11201
996,S6687,PiePlot3D.java,1001,return (Math.sin(Math.toRadians(angle)) > 0.0);,0.0,10206,11201
996,S6688,PiePlot3D.java,1012,if (obj == this) {,0.0,10206,11201
996,S6689,PiePlot3D.java,1013,return true;,0.0,10206,11201
996,S6690,PiePlot3D.java,1015,if (!(obj instanceof PiePlot3D)) {,0.0,10206,11201
996,S6691,PiePlot3D.java,1018,PiePlot3D that = (PiePlot3D) obj;,0.0,10206,11201
996,S6692,PiePlot3D.java,1019,if (this.depthFactor != that.depthFactor) {,0.0,10206,11201
996,S6693,PiePlot3D.java,1020,return false;,0.0,10206,11201
996,S6694,PiePlot3D.java,1022,if (this.darkerSides != that.darkerSides) {,0.0,10206,11201
996,S6695,PiePlot3D.java,1023,return false;,0.0,10206,11201
996,S6696,PiePlot3D.java,1025,return super.equals(obj);,0.0,10206,11201
996,S6700,PiePlotState.java,100,return this.passesRequired;,0.0,10206,11201
996,S6702,PiePlotState.java,118,return this.total;,0.0,10206,11201
996,S6703,PiePlotState.java,127,this.total = total;,0.0,10206,11201
996,S6704,PiePlotState.java,136,return this.latestAngle;,0.0,10206,11201
996,S6705,PiePlotState.java,145,this.latestAngle = angle;,0.0,10206,11201
996,S6706,PiePlotState.java,154,return this.pieArea;,0.0,10206,11201
996,S6707,PiePlotState.java,163,this.pieArea = area;,0.0,10206,11201
996,S6708,PiePlotState.java,172,return this.explodedPieArea;,0.0,10206,11201
996,S6709,PiePlotState.java,181,this.explodedPieArea = area;,0.0,10206,11201
996,S6710,PiePlotState.java,190,return this.pieCenterX;,0.0,10206,11201
996,S6711,PiePlotState.java,199,this.pieCenterX = x;,0.0,10206,11201
996,S6712,PiePlotState.java,210,return this.pieCenterY;,0.0,10206,11201
996,S6713,PiePlotState.java,220,this.pieCenterY = y;,0.0,10206,11201
996,S6714,PiePlotState.java,230,return this.linkArea;,0.0,10206,11201
996,S6715,PiePlotState.java,240,this.linkArea = area;,0.0,10206,11201
996,S6716,PiePlotState.java,249,return this.pieHRadius;,0.0,10206,11201
996,S6717,PiePlotState.java,258,this.pieHRadius = radius;,0.0,10206,11201
996,S6718,PiePlotState.java,267,return this.pieWRadius;,0.0,10206,11201
996,S6719,PiePlotState.java,276,this.pieWRadius = radius;,0.0,10206,11201
996,S6744,Plot.java,354,this.noDataMessage = message;,0.0,10206,11201
996,S6745,Plot.java,355,notifyListeners(new PlotChangeEvent(this));,0.0,10206,11201
996,S6746,Plot.java,379,if (font == null) {,0.0,10206,11201
996,S6747,Plot.java,382,this.noDataMessageFont = font;,0.0,10206,11201
996,S6748,Plot.java,383,notifyListeners(new PlotChangeEvent(this));,0.0,10206,11201
996,S6749,Plot.java,407,if (paint == null) {,0.0,10206,11201
996,S6750,Plot.java,410,this.noDataMessagePaint = paint;,0.0,10206,11201
996,S6751,Plot.java,411,notifyListeners(new PlotChangeEvent(this));,0.0,10206,11201
996,S6752,Plot.java,435,return this.parent;,0.0,10206,11201
996,S6760,Plot.java,539,return this.backgroundPaint;,0.0,10206,11201
996,S6761,Plot.java,552,if (paint == null) {,0.0,10206,11201
996,S6762,Plot.java,559,if (this.backgroundPaint != null) {,0.0,10206,11201
996,S6763,Plot.java,560,if (this.backgroundPaint.equals(paint)) {,0.0,10206,11201
996,S6764,Plot.java,564,this.backgroundPaint = paint;,0.0,10206,11201
996,S6765,Plot.java,565,notifyListeners(new PlotChangeEvent(this));,0.0,10206,11201
996,S6766,Plot.java,578,return this.backgroundAlpha;,0.0,10206,11201
996,S6767,Plot.java,590,if (this.backgroundAlpha != alpha) {,0.0,10206,11201
996,S6768,Plot.java,591,this.backgroundAlpha = alpha;,0.0,10206,11201
996,S6769,Plot.java,592,notifyListeners(new PlotChangeEvent(this));,0.0,10206,11201
996,S6770,Plot.java,604,DrawingSupplier result = null;,0.0,10206,11201
996,S6771,Plot.java,605,Plot p = getParent();,0.0,10206,11201
996,S6772,Plot.java,606,if (p != null) {,0.0,10206,11201
996,S6773,Plot.java,610,result = this.drawingSupplier;,0.0,10206,11201
996,S6774,Plot.java,612,return result;,0.0,10206,11201
996,S6775,Plot.java,626,this.drawingSupplier = supplier;,0.0,10206,11201
996,S6776,Plot.java,627,notifyListeners(new PlotChangeEvent(this));,0.0,10206,11201
996,S6777,Plot.java,639,return this.backgroundImage;,0.0,10206,11201
996,S6778,Plot.java,651,this.backgroundImage = image;,0.0,10206,11201
996,S6779,Plot.java,652,notifyListeners(new PlotChangeEvent(this));,0.0,10206,11201
996,S6780,Plot.java,677,if (this.backgroundImageAlignment != alignment) {,0.0,10206,11201
996,S6781,Plot.java,678,this.backgroundImageAlignment = alignment;,0.0,10206,11201
996,S6782,Plot.java,679,notifyListeners(new PlotChangeEvent(this));,0.0,10206,11201
996,S6783,Plot.java,708,if (alpha < 0.0f || alpha > 1.0f),0.0,10206,11201
996,S6784,Plot.java,711,if (this.backgroundImageAlpha != alpha) {,0.0,10206,11201
996,S6785,Plot.java,712,this.backgroundImageAlpha = alpha;,0.0,10206,11201
996,S6786,Plot.java,713,this.notifyListeners(new PlotChangeEvent(this));,0.0,10206,11201
996,S6787,Plot.java,745,this.outlineVisible = visible;,0.0,10206,11201
996,S6788,Plot.java,746,notifyListeners(new PlotChangeEvent(this));,0.0,10206,11201
996,S6789,Plot.java,757,return this.outlineStroke;,0.0,10206,11201
996,S6790,Plot.java,770,if (stroke == null) {,0.0,10206,11201
996,S6791,Plot.java,777,if (this.outlineStroke != null) {,0.0,10206,11201
996,S6792,Plot.java,778,if (this.outlineStroke.equals(stroke)) {,0.0,10206,11201
996,S6793,Plot.java,782,this.outlineStroke = stroke;,0.0,10206,11201
996,S6794,Plot.java,783,notifyListeners(new PlotChangeEvent(this));,0.0,10206,11201
996,S6795,Plot.java,795,return this.outlinePaint;,0.0,10206,11201
996,S6796,Plot.java,808,if (paint == null) {,0.0,10206,11201
996,S6797,Plot.java,815,if (this.outlinePaint != null) {,0.0,10206,11201
996,S6798,Plot.java,816,if (this.outlinePaint.equals(paint)) {,0.0,10206,11201
996,S6799,Plot.java,820,this.outlinePaint = paint;,0.0,10206,11201
996,S6800,Plot.java,821,notifyListeners(new PlotChangeEvent(this));,0.0,10206,11201
996,S6801,Plot.java,833,return this.foregroundAlpha;,0.0,10206,11201
996,S6802,Plot.java,845,if (this.foregroundAlpha != alpha) {,0.0,10206,11201
996,S6803,Plot.java,846,this.foregroundAlpha = alpha;,0.0,10206,11201
996,S6804,Plot.java,847,notifyListeners(new PlotChangeEvent(this));,0.0,10206,11201
996,S6808,Plot.java,892,if (listeners[i] == PlotChangeListener.class) {,0.0,10206,11201
996,S6809,Plot.java,893,((PlotChangeListener) listeners[i + 1]).plotChanged(event);,0.0,10206,11201
996,S6823,Plot.java,1030,if (!this.outlineVisible) {,0.0,10206,11201
996,S6824,Plot.java,1033,if ((this.outlineStroke != null) && (this.outlinePaint != null)) {,0.0,10206,11201
996,S6825,Plot.java,1034,g2.setStroke(this.outlineStroke);,0.0,10206,11201
996,S6826,Plot.java,1035,g2.setPaint(this.outlinePaint);,0.0,10206,11201
996,S6827,Plot.java,1036,g2.draw(area);,0.0,10206,11201
996,S6828,Plot.java,1047,Shape savedClip = g2.getClip();,0.0,10206,11201
996,S6829,Plot.java,1048,g2.clip(area);,0.0,10206,11201
996,S6830,Plot.java,1049,String message = this.noDataMessage;,0.0,10206,11201
996,S6831,Plot.java,1050,if (message != null) {,0.0,10206,11201
996,S6832,Plot.java,1060,g2.setClip(savedClip);,0.0,10206,11201
996,S6833,Plot.java,1093,notifyListeners(new PlotChangeEvent(this));,0.0,10206,11201
996,S6834,Plot.java,1105,PlotChangeEvent newEvent = new PlotChangeEvent(this);,0.0,10206,11201
996,S6835,Plot.java,1106,newEvent.setType(ChartChangeEventType.DATASET_UPDATED);,0.0,10206,11201
996,S6836,Plot.java,1107,notifyListeners(newEvent);,0.0,10206,11201
996,S6837,Plot.java,1178,if (obj == this) {,0.0,10206,11201
996,S6838,Plot.java,1181,if (!(obj instanceof Plot)) {,0.0,10206,11201
996,S6839,Plot.java,1184,Plot that = (Plot) obj;,0.0,10206,11201
996,S6840,Plot.java,1185,"if (!ObjectUtilities.equal(this.noDataMessage, that.noDataMessage)) {",0.0,10206,11201
996,S6841,Plot.java,1186,return false;,0.0,10206,11201
996,S6842,Plot.java,1188,if (!ObjectUtilities.equal(,0.0,10206,11201
996,S6843,Plot.java,1191,return false;,0.0,10206,11201
996,S6844,Plot.java,1193,"if (!PaintUtilities.equal(this.noDataMessagePaint,",0.0,10206,11201
996,S6845,Plot.java,1195,return false;,0.0,10206,11201
996,S6846,Plot.java,1197,"if (!ObjectUtilities.equal(this.insets, that.insets)) {",0.0,10206,11201
996,S6847,Plot.java,1198,return false;,0.0,10206,11201
996,S6848,Plot.java,1200,if (this.outlineVisible != that.outlineVisible) {,0.0,10206,11201
996,S6849,Plot.java,1201,return false;,0.0,10206,11201
996,S6850,Plot.java,1203,"if (!ObjectUtilities.equal(this.outlineStroke, that.outlineStroke)) {",0.0,10206,11201
996,S6851,Plot.java,1204,return false;,0.0,10206,11201
996,S6852,Plot.java,1206,"if (!PaintUtilities.equal(this.outlinePaint, that.outlinePaint)) {",0.0,10206,11201
996,S6853,Plot.java,1207,return false;,0.0,10206,11201
996,S6854,Plot.java,1209,"if (!PaintUtilities.equal(this.backgroundPaint, that.backgroundPaint)) {",0.0,10206,11201
996,S6855,Plot.java,1210,return false;,0.0,10206,11201
996,S6856,Plot.java,1212,"if (!ObjectUtilities.equal(this.backgroundImage,",0.0,10206,11201
996,S6857,Plot.java,1214,return false;,0.0,10206,11201
996,S6858,Plot.java,1216,if (this.backgroundImageAlignment != that.backgroundImageAlignment) {,0.0,10206,11201
996,S6859,Plot.java,1217,return false;,0.0,10206,11201
996,S6860,Plot.java,1219,if (this.backgroundImageAlpha != that.backgroundImageAlpha) {,0.0,10206,11201
996,S6861,Plot.java,1220,return false;,0.0,10206,11201
996,S6862,Plot.java,1222,if (this.foregroundAlpha != that.foregroundAlpha) {,0.0,10206,11201
996,S6863,Plot.java,1223,return false;,0.0,10206,11201
996,S6864,Plot.java,1225,if (this.backgroundAlpha != that.backgroundAlpha) {,0.0,10206,11201
996,S6865,Plot.java,1226,return false;,0.0,10206,11201
996,S6866,Plot.java,1228,if (!this.drawingSupplier.equals(that.drawingSupplier)) {,0.0,10206,11201
996,S6867,Plot.java,1229,return false;,0.0,10206,11201
996,S6868,Plot.java,1231,return true;,0.0,10206,11201
996,S6869,Plot.java,1244,Plot clone = (Plot) super.clone();,0.0,10206,11201
996,S6870,Plot.java,1247,if (this.datasetGroup != null) {,0.0,10206,11201
996,S6871,Plot.java,1251,clone.drawingSupplier,0.0,10206,11201
996,S6872,Plot.java,1253,clone.listenerList = new EventListenerList();,0.0,10206,11201
996,S6873,Plot.java,1254,return clone;,0.0,10206,11201
996,S6874,Plot.java,1266,stream.defaultWriteObject();,0.0,10206,11201
996,S6875,Plot.java,1267,"SerialUtilities.writePaint(this.noDataMessagePaint, stream);",0.0,10206,11201
996,S6876,Plot.java,1268,"SerialUtilities.writeStroke(this.outlineStroke, stream);",0.0,10206,11201
996,S6877,Plot.java,1269,"SerialUtilities.writePaint(this.outlinePaint, stream);",0.0,10206,11201
996,S6878,Plot.java,1271,"SerialUtilities.writePaint(this.backgroundPaint, stream);",0.0,10206,11201
996,S6879,Plot.java,1284,stream.defaultReadObject();,0.0,10206,11201
996,S6880,Plot.java,1285,this.noDataMessagePaint = SerialUtilities.readPaint(stream);,0.0,10206,11201
996,S6881,Plot.java,1286,this.outlineStroke = SerialUtilities.readStroke(stream);,0.0,10206,11201
996,S6882,Plot.java,1287,this.outlinePaint = SerialUtilities.readPaint(stream);,0.0,10206,11201
996,S6883,Plot.java,1289,this.backgroundPaint = SerialUtilities.readPaint(stream);,0.0,10206,11201
996,S6884,Plot.java,1291,this.listenerList = new EventListenerList();,0.0,10206,11201
996,S6885,Plot.java,1306,if (location == null) {,0.0,10206,11201
996,S6886,Plot.java,1309,if (orientation == null) {,0.0,10206,11201
996,S6887,Plot.java,1313,RectangleEdge result = null;,0.0,10206,11201
996,S6888,Plot.java,1315,if (location == AxisLocation.TOP_OR_RIGHT) {,0.0,10206,11201
996,S6889,Plot.java,1323,else if (location == AxisLocation.TOP_OR_LEFT) {,0.0,10206,11201
996,S6890,Plot.java,1331,else if (location == AxisLocation.BOTTOM_OR_RIGHT) {,0.0,10206,11201
996,S6891,Plot.java,1339,else if (location == AxisLocation.BOTTOM_OR_LEFT) {,0.0,10206,11201
996,S6892,Plot.java,1340,if (orientation == PlotOrientation.HORIZONTAL) {,0.0,10206,11201
996,S6893,Plot.java,1341,result = RectangleEdge.LEFT;,0.0,10206,11201
996,S6894,Plot.java,1343,else if (orientation == PlotOrientation.VERTICAL) {,0.0,10206,11201
996,S6895,Plot.java,1344,result = RectangleEdge.BOTTOM;,0.0,10206,11201
996,S6896,Plot.java,1348,if (result == null) {,0.0,10206,11201
996,S6897,Plot.java,1351,return result;,0.0,10206,11201
996,S6898,Plot.java,1366,if (location == null) {,0.0,10206,11201
996,S6899,Plot.java,1369,if (orientation == null) {,0.0,10206,11201
996,S6900,Plot.java,1373,RectangleEdge result = null;,0.0,10206,11201
996,S6901,Plot.java,1375,if (location == AxisLocation.TOP_OR_RIGHT) {,0.0,10206,11201
996,S6902,Plot.java,1383,else if (location == AxisLocation.TOP_OR_LEFT) {,0.0,10206,11201
996,S6903,Plot.java,1384,if (orientation == PlotOrientation.HORIZONTAL) {,0.0,10206,11201
996,S6904,Plot.java,1385,result = RectangleEdge.TOP;,0.0,10206,11201
996,S6905,Plot.java,1387,else if (orientation == PlotOrientation.VERTICAL) {,0.0,10206,11201
996,S6906,Plot.java,1388,result = RectangleEdge.LEFT;,0.0,10206,11201
996,S6907,Plot.java,1391,else if (location == AxisLocation.BOTTOM_OR_RIGHT) {,0.0,10206,11201
996,S6908,Plot.java,1399,else if (location == AxisLocation.BOTTOM_OR_LEFT) {,0.0,10206,11201
996,S6909,Plot.java,1400,if (orientation == PlotOrientation.HORIZONTAL) {,0.0,10206,11201
996,S6910,Plot.java,1403,else if (orientation == PlotOrientation.VERTICAL) {,0.0,10206,11201
996,S6911,Plot.java,1404,result = RectangleEdge.LEFT;,0.0,10206,11201
996,S6912,Plot.java,1409,if (result == null) {,0.0,10206,11201
996,S6913,Plot.java,1412,return result;,0.0,10206,11201
996,S6920,PlotOrientation.java,82,return this.name;,0.0,10206,11201
996,S6921,PlotOrientation.java,94,if (this == obj) {,0.0,10206,11201
996,S6922,PlotOrientation.java,97,if (!(obj instanceof PlotOrientation)) {,0.0,10206,11201
996,S6923,PlotOrientation.java,100,PlotOrientation orientation = (PlotOrientation) obj;,0.0,10206,11201
996,S6924,PlotOrientation.java,101,if (!this.name.equals(orientation.toString())) {,0.0,10206,11201
996,S6925,PlotOrientation.java,102,return false;,0.0,10206,11201
996,S6926,PlotOrientation.java,104,return true;,0.0,10206,11201
996,S6927,PlotOrientation.java,124,Object result = null;,0.0,10206,11201
996,S6928,PlotOrientation.java,125,if (this.equals(PlotOrientation.HORIZONTAL)) {,0.0,10206,11201
996,S6929,PlotOrientation.java,126,result = PlotOrientation.HORIZONTAL;,0.0,10206,11201
996,S6930,PlotOrientation.java,128,else if (this.equals(PlotOrientation.VERTICAL)) {,0.0,10206,11201
996,S6931,PlotOrientation.java,129,result = PlotOrientation.VERTICAL;,0.0,10206,11201
996,S6932,PlotOrientation.java,131,return result;,0.0,10206,11201
996,S6933,PlotRenderingInfo.java,89,public PlotRenderingInfo(ChartRenderingInfo owner) {,0.0,10206,11201
996,S6934,PlotRenderingInfo.java,90,this.owner = owner;,0.0,10206,11201
996,S6935,PlotRenderingInfo.java,91,this.dataArea = new Rectangle2D.Double();,0.0,10206,11201
996,S6936,PlotRenderingInfo.java,92,this.subplotInfo = new java.util.ArrayList();,0.0,10206,11201
996,S6937,PlotRenderingInfo.java,101,return this.owner;,0.0,10206,11201
996,S6938,PlotRenderingInfo.java,124,this.plotArea = area;,0.0,10206,11201
996,S6939,PlotRenderingInfo.java,147,this.dataArea = area;,0.0,10206,11201
996,S6941,ProjectInfo.java,102,return this.logo;,0.0,10206,11201
996,S6951,Range.java,117,return this.upper - this.lower;,0.0,10206,11201
996,S6952,Range.java,138,return (value >= this.lower && value <= this.upper);,0.0,10206,11201
996,S6953,Range.java,151,if (b0 <= this.lower) {,0.0,10206,11201
996,S6954,Range.java,152,return (b1 > this.lower);,0.0,10206,11201
996,S6955,Range.java,155,return (b0 < this.upper && b1 >= b0);,0.0,10206,11201
996,S6956,Range.java,197,if (range1 == null) {,0.0,10206,11201
996,S6957,Range.java,198,return range2;,0.0,10206,11201
996,S6958,Range.java,201,if (range2 == null) {,0.0,10206,11201
996,S6959,Range.java,205,"double l = Math.min(range1.getLowerBound(),",0.0,10206,11201
996,S6960,Range.java,207,"double u = Math.max(range1.getUpperBound(),",0.0,10206,11201
996,S6961,Range.java,209,"return new Range(l, u);",0.0,10206,11201
996,S6962,Range.java,226,if (range == null) {,0.0,10206,11201
996,S6963,Range.java,229,if (value < range.getLowerBound()) {,0.0,10206,11201
996,S6964,Range.java,230,"return new Range(value, range.getUpperBound());",0.0,10206,11201
996,S6965,Range.java,232,else if (value > range.getUpperBound()) {,0.0,10206,11201
996,S6966,Range.java,236,return range;,0.0,10206,11201
996,S6967,Range.java,328,if (!(obj instanceof Range)) {,0.0,10206,11201
996,S6968,Range.java,331,Range range = (Range) obj;,0.0,10206,11201
996,S6969,Range.java,332,if (!(this.lower == range.lower)) {,0.0,10206,11201
996,S6970,Range.java,333,return false;,0.0,10206,11201
996,S6971,Range.java,335,if (!(this.upper == range.upper)) {,0.0,10206,11201
996,S6972,Range.java,338,return true;,0.0,10206,11201
996,S6973,RangeType.java,56,"public static final RangeType FULL = new RangeType(""RangeType.FULL"");",0.0,10206,11201
996,S6974,RangeType.java,59,public static final RangeType POSITIVE,0.0,10206,11201
996,S6975,RangeType.java,63,public static final RangeType NEGATIVE,0.0,10206,11201
996,S6976,RangeType.java,74,private RangeType(String name) {,0.0,10206,11201
996,S6977,RangeType.java,75,this.name = name;,0.0,10206,11201
996,S6978,RangeType.java,84,return this.name;,0.0,10206,11201
996,S6979,RangeType.java,97,if (this == obj) {,0.0,10206,11201
996,S6980,RangeType.java,98,return true;,0.0,10206,11201
996,S6981,RangeType.java,100,if (!(obj instanceof RangeType)) {,0.0,10206,11201
996,S6982,RangeType.java,103,RangeType that = (RangeType) obj;,0.0,10206,11201
996,S6983,RangeType.java,104,if (!this.name.equals(that.toString())) {,0.0,10206,11201
996,S6984,RangeType.java,105,return false;,0.0,10206,11201
996,S6985,RangeType.java,107,return true;,0.0,10206,11201
996,S6986,RangeType.java,127,if (this.equals(RangeType.FULL)) {,0.0,10206,11201
996,S6987,RangeType.java,128,return RangeType.FULL;,0.0,10206,11201
996,S6999,RectangleAnchor.java,129,if (this == obj) {,0.0,10206,11201
996,S7000,RectangleAnchor.java,130,return true;,0.0,10206,11201
996,S7001,RectangleAnchor.java,132,if (!(obj instanceof RectangleAnchor)) {,0.0,10206,11201
996,S7002,RectangleAnchor.java,136,final RectangleAnchor order = (RectangleAnchor) obj;,0.0,10206,11201
996,S7003,RectangleAnchor.java,137,if (!this.name.equals(order.name)) {,0.0,10206,11201
996,S7004,RectangleAnchor.java,138,return false;,0.0,10206,11201
996,S7005,RectangleAnchor.java,141,return true;,0.0,10206,11201
996,S7006,RectangleAnchor.java,163,Point2D result = new Point2D.Double();,0.0,10206,11201
996,S7007,RectangleAnchor.java,164,if (anchor == RectangleAnchor.CENTER) {,0.0,10206,11201
996,S7008,RectangleAnchor.java,165,"result.setLocation(rectangle.getCenterX(), rectangle.getCenterY());",0.0,10206,11201
996,S7009,RectangleAnchor.java,167,else if (anchor == RectangleAnchor.TOP) {,0.0,10206,11201
996,S7010,RectangleAnchor.java,170,else if (anchor == RectangleAnchor.BOTTOM) {,0.0,10206,11201
996,S7011,RectangleAnchor.java,173,else if (anchor == RectangleAnchor.LEFT) {,0.0,10206,11201
996,S7012,RectangleAnchor.java,176,else if (anchor == RectangleAnchor.RIGHT) {,0.0,10206,11201
996,S7013,RectangleAnchor.java,177,"result.setLocation(rectangle.getMaxX(), rectangle.getCenterY());",0.0,10206,11201
996,S7014,RectangleAnchor.java,191,return result;,0.0,10206,11201
996,S7015,RectangleAnchor.java,209,Rectangle2D result = null;,0.0,10206,11201
996,S7016,RectangleAnchor.java,210,final double w = dimensions.getWidth();,0.0,10206,11201
996,S7017,RectangleAnchor.java,211,final double h = dimensions.getHeight();,0.0,10206,11201
996,S7018,RectangleAnchor.java,212,if (anchor == RectangleAnchor.CENTER) {,0.0,10206,11201
996,S7019,RectangleAnchor.java,217,else if (anchor == RectangleAnchor.TOP) {,0.0,10206,11201
996,S7020,RectangleAnchor.java,222,else if (anchor == RectangleAnchor.BOTTOM) {,0.0,10206,11201
996,S7021,RectangleAnchor.java,227,else if (anchor == RectangleAnchor.LEFT) {,0.0,10206,11201
996,S7022,RectangleAnchor.java,228,result = new Rectangle2D.Double(,0.0,10206,11201
996,S7023,RectangleAnchor.java,232,else if (anchor == RectangleAnchor.RIGHT) {,0.0,10206,11201
996,S7024,RectangleAnchor.java,233,result = new Rectangle2D.Double(,0.0,10206,11201
996,S7025,RectangleAnchor.java,257,return result;,0.0,10206,11201
996,S7026,RectangleAnchor.java,268,RectangleAnchor result = null;,0.0,10206,11201
996,S7027,RectangleAnchor.java,269,if (this.equals(RectangleAnchor.CENTER)) {,0.0,10206,11201
996,S7028,RectangleAnchor.java,270,result = RectangleAnchor.CENTER;,0.0,10206,11201
996,S7029,RectangleAnchor.java,272,else if (this.equals(RectangleAnchor.TOP)) {,0.0,10206,11201
996,S7030,RectangleAnchor.java,273,result = RectangleAnchor.TOP;,0.0,10206,11201
996,S7031,RectangleAnchor.java,275,else if (this.equals(RectangleAnchor.BOTTOM)) {,0.0,10206,11201
996,S7032,RectangleAnchor.java,276,result = RectangleAnchor.BOTTOM;,0.0,10206,11201
996,S7033,RectangleAnchor.java,278,else if (this.equals(RectangleAnchor.LEFT)) {,0.0,10206,11201
996,S7034,RectangleAnchor.java,279,result = RectangleAnchor.LEFT;,0.0,10206,11201
996,S7035,RectangleAnchor.java,281,else if (this.equals(RectangleAnchor.RIGHT)) {,0.0,10206,11201
996,S7036,RectangleAnchor.java,282,result = RectangleAnchor.RIGHT;,0.0,10206,11201
996,S7037,RectangleAnchor.java,284,else if (this.equals(RectangleAnchor.TOP_LEFT)) {,0.0,10206,11201
996,S7038,RectangleAnchor.java,285,result = RectangleAnchor.TOP_LEFT;,0.0,10206,11201
996,S7039,RectangleAnchor.java,296,return result;,0.0,10206,11201
996,S7056,RectangleConstraint.java,263,return new RectangleConstraint(,0.0,10206,11201
996,S7063,RectangleEdge.java,103,if (this == obj) {,0.0,10206,11201
996,S7064,RectangleEdge.java,104,return true;,0.0,10206,11201
996,S7065,RectangleEdge.java,106,if (!(obj instanceof RectangleEdge)) {,0.0,10206,11201
996,S7066,RectangleEdge.java,110,RectangleEdge order = (RectangleEdge) obj;,0.0,10206,11201
996,S7067,RectangleEdge.java,111,if (!this.name.equals(order.name)) {,0.0,10206,11201
996,S7068,RectangleEdge.java,112,return false;,0.0,10206,11201
996,S7069,RectangleEdge.java,115,return true;,0.0,10206,11201
996,S7071,RectangleEdge.java,149,return (edge == RectangleEdge.LEFT || edge == RectangleEdge.RIGHT);,0.0,10206,11201
996,S7072,RectangleEdge.java,210,RectangleEdge result = null;,0.0,10206,11201
996,S7073,RectangleEdge.java,211,if (this.equals(RectangleEdge.TOP)) {,0.0,10206,11201
996,S7074,RectangleEdge.java,212,result = RectangleEdge.TOP;,0.0,10206,11201
996,S7075,RectangleEdge.java,214,else if (this.equals(RectangleEdge.BOTTOM)) {,0.0,10206,11201
996,S7076,RectangleEdge.java,215,result = RectangleEdge.BOTTOM;,0.0,10206,11201
996,S7077,RectangleEdge.java,217,else if (this.equals(RectangleEdge.LEFT)) {,0.0,10206,11201
996,S7078,RectangleEdge.java,218,result = RectangleEdge.LEFT;,0.0,10206,11201
996,S7079,RectangleEdge.java,223,return result;,0.0,10206,11201
996,S7089,RectangleInsets.java,143,return this.top;,0.0,10206,11201
996,S7090,RectangleInsets.java,152,return this.bottom;,0.0,10206,11201
996,S7091,RectangleInsets.java,161,return this.left;,0.0,10206,11201
996,S7092,RectangleInsets.java,170,return this.right;,0.0,10206,11201
996,S7094,RectangleInsets.java,182,return true;,0.0,10206,11201
996,S7100,RectangleInsets.java,194,if (this.right != that.right) {,0.0,10206,11201
996,S7101,RectangleInsets.java,197,if (this.top != that.top) {,0.0,10206,11201
996,S7102,RectangleInsets.java,200,if (this.bottom != that.bottom) {,0.0,10206,11201
996,S7103,RectangleInsets.java,203,return true;,0.0,10206,11201
996,S7104,RectangleInsets.java,335,"return createOutsetRectangle(base, true, true);",0.0,10206,11201
996,S7105,RectangleInsets.java,350,if (base == null) {,0.0,10206,11201
996,S7106,RectangleInsets.java,353,double topMargin = 0.0;,0.0,10206,11201
996,S7107,RectangleInsets.java,354,double bottomMargin = 0.0;,0.0,10206,11201
996,S7108,RectangleInsets.java,355,if (vertical) {,0.0,10206,11201
996,S7109,RectangleInsets.java,356,topMargin = calculateTopOutset(base.getHeight());,0.0,10206,11201
996,S7110,RectangleInsets.java,357,bottomMargin = calculateBottomOutset(base.getHeight());,0.0,10206,11201
996,S7111,RectangleInsets.java,359,double leftMargin = 0.0;,0.0,10206,11201
996,S7112,RectangleInsets.java,360,double rightMargin = 0.0;,0.0,10206,11201
996,S7113,RectangleInsets.java,361,if (horizontal) {,0.0,10206,11201
996,S7114,RectangleInsets.java,362,leftMargin = calculateLeftOutset(base.getWidth());,0.0,10206,11201
996,S7115,RectangleInsets.java,363,rightMargin = calculateRightOutset(base.getWidth());,0.0,10206,11201
996,S7116,RectangleInsets.java,365,return new Rectangle2D.Double(,0.0,10206,11201
996,S7152,RegularTimePeriod.java,70,"public abstract class RegularTimePeriod implements TimePeriod, Comparable,",0.0,10206,11201
996,S7153,RegularTimePeriod.java,161,public static final TimeZone DEFAULT_TIME_ZONE = TimeZone.getDefault();,0.0,10206,11201
996,S7154,RendererChangeEvent.java,61,super(renderer);,0.0,10206,11201
996,S7155,RendererChangeEvent.java,62,this.renderer = renderer;,0.0,10206,11201
996,S7158,RendererState.java,72,return this.info;,0.0,10206,11201
996,S7159,RendererState.java,83,EntityCollection result = null;,0.0,10206,11201
996,S7160,RendererState.java,84,if (this.info != null) {,0.0,10206,11201
996,S7161,RendererState.java,85,ChartRenderingInfo owner = this.info.getOwner();,0.0,10206,11201
996,S7162,RendererState.java,86,if (owner != null) {,0.0,10206,11201
996,S7163,RendererState.java,90,return result;,0.0,10206,11201
996,S7164,RendererUtilities.java,70,int itemCount = dataset.getItemCount(series);,0.0,10206,11201
996,S7165,RendererUtilities.java,71,if (itemCount <= 1) {,0.0,10206,11201
996,S7166,RendererUtilities.java,72,return 0;,0.0,10206,11201
996,S7167,RendererUtilities.java,74,if (dataset.getDomainOrder() == DomainOrder.ASCENDING) {,0.0,10206,11201
996,S7168,RendererUtilities.java,102,else if (dataset.getDomainOrder() == DomainOrder.DESCENDING) {,0.0,10206,11201
996,S7169,RendererUtilities.java,132,int index = 0;,0.0,10206,11201
996,S7170,RendererUtilities.java,134,"while (index < itemCount && dataset.getXValue(series, index)",0.0,10206,11201
996,S7171,RendererUtilities.java,138,"return Math.max(0, index - 1);",0.0,10206,11201
996,S7172,RendererUtilities.java,158,int itemCount = dataset.getItemCount(series);,0.0,10206,11201
996,S7173,RendererUtilities.java,159,if (itemCount <= 1) {,0.0,10206,11201
996,S7174,RendererUtilities.java,160,return 0;,0.0,10206,11201
996,S7175,RendererUtilities.java,162,if (dataset.getDomainOrder() == DomainOrder.ASCENDING) {,0.0,10206,11201
996,S7176,RendererUtilities.java,186,else if (dataset.getDomainOrder() == DomainOrder.DESCENDING) {,0.0,10206,11201
996,S7177,RendererUtilities.java,216,int index = itemCount - 1;,0.0,10206,11201
996,S7178,RendererUtilities.java,218,"while (index >= 0 && dataset.getXValue(series, index)",0.0,10206,11201
996,S7179,RendererUtilities.java,222,"return Math.min(itemCount - 1, index + 1);",0.0,10206,11201
996,S7180,RendererUtilities.java,242,"int i0 = findLiveItemsLowerBound(dataset, series, xLow, xHigh);",0.0,10206,11201
996,S7181,RendererUtilities.java,243,"int i1 = findLiveItemsUpperBound(dataset, series, xLow, xHigh);",0.0,10206,11201
996,S7182,RendererUtilities.java,244,"return new int[] {i0, i1};",0.0,10206,11201
996,S7183,RingPlot.java,122,this(null);,0.0,10206,11201
996,S7184,RingPlot.java,131,super(dataset);,0.0,10206,11201
996,S7185,RingPlot.java,132,this.separatorsVisible = true;,0.0,10206,11201
996,S7186,RingPlot.java,133,this.separatorStroke = new BasicStroke(0.5f);,0.0,10206,11201
996,S7187,RingPlot.java,134,this.separatorPaint = Color.gray;,0.0,10206,11201
996,S7188,RingPlot.java,135,this.innerSeparatorExtension = 0.20;  // twenty percent,0.0,10206,11201
996,S7189,RingPlot.java,136,this.outerSeparatorExtension = 0.20;  // twenty percent,0.0,10206,11201
996,S7190,RingPlot.java,137,this.sectionDepth = 0.20; // 20%,0.0,10206,11201
996,S7191,RingPlot.java,162,this.separatorsVisible = visible;,0.0,10206,11201
996,S7192,RingPlot.java,163,notifyListeners(new PlotChangeEvent(this));,0.0,10206,11201
996,S7193,RingPlot.java,186,if (stroke == null) {,0.0,10206,11201
996,S7194,RingPlot.java,189,this.separatorStroke = stroke;,0.0,10206,11201
996,S7195,RingPlot.java,190,notifyListeners(new PlotChangeEvent(this));,0.0,10206,11201
996,S7196,RingPlot.java,213,if (paint == null) {,0.0,10206,11201
996,S7197,RingPlot.java,216,this.separatorPaint = paint;,0.0,10206,11201
996,S7198,RingPlot.java,217,notifyListeners(new PlotChangeEvent(this));,0.0,10206,11201
996,S7199,RingPlot.java,245,this.innerSeparatorExtension = percent;,0.0,10206,11201
996,S7200,RingPlot.java,246,notifyListeners(new PlotChangeEvent(this));,0.0,10206,11201
996,S7201,RingPlot.java,273,this.outerSeparatorExtension = percent;,0.0,10206,11201
996,S7202,RingPlot.java,274,notifyListeners(new PlotChangeEvent(this));,0.0,10206,11201
996,S7203,RingPlot.java,300,this.sectionDepth = sectionDepth;,0.0,10206,11201
996,S7204,RingPlot.java,301,notifyListeners(new PlotChangeEvent(this));,0.0,10206,11201
996,S7205,RingPlot.java,468,if (this == obj) {,0.0,10206,11201
996,S7206,RingPlot.java,471,if (!(obj instanceof RingPlot)) {,0.0,10206,11201
996,S7207,RingPlot.java,472,return false;,0.0,10206,11201
996,S7208,RingPlot.java,474,RingPlot that = (RingPlot) obj;,0.0,10206,11201
996,S7209,RingPlot.java,475,if (this.separatorsVisible != that.separatorsVisible) {,0.0,10206,11201
996,S7210,RingPlot.java,476,return false;,0.0,10206,11201
996,S7211,RingPlot.java,478,"if (!ObjectUtilities.equal(this.separatorStroke,",0.0,10206,11201
996,S7212,RingPlot.java,480,return false;,0.0,10206,11201
996,S7213,RingPlot.java,482,"if (!PaintUtilities.equal(this.separatorPaint, that.separatorPaint)) {",0.0,10206,11201
996,S7214,RingPlot.java,483,return false;,0.0,10206,11201
996,S7215,RingPlot.java,485,if (this.innerSeparatorExtension != that.innerSeparatorExtension) {,0.0,10206,11201
996,S7216,RingPlot.java,486,return false;,0.0,10206,11201
996,S7217,RingPlot.java,488,if (this.outerSeparatorExtension != that.outerSeparatorExtension) {,0.0,10206,11201
996,S7218,RingPlot.java,489,return false;,0.0,10206,11201
996,S7219,RingPlot.java,491,if (this.sectionDepth != that.sectionDepth) {,0.0,10206,11201
996,S7220,RingPlot.java,492,return false;,0.0,10206,11201
996,S7221,RingPlot.java,494,return super.equals(obj);,0.0,10206,11201
996,S7222,RingPlot.java,533,stream.defaultWriteObject();,0.0,10206,11201
996,S7223,RingPlot.java,534,"SerialUtilities.writeStroke(this.separatorStroke, stream);",0.0,10206,11201
996,S7224,RingPlot.java,535,"SerialUtilities.writePaint(this.separatorPaint, stream);",0.0,10206,11201
996,S7225,RingPlot.java,548,stream.defaultReadObject();,0.0,10206,11201
996,S7226,RingPlot.java,549,this.separatorStroke = SerialUtilities.readStroke(stream);,0.0,10206,11201
996,S7227,RingPlot.java,550,this.separatorPaint = SerialUtilities.readPaint(stream);,0.0,10206,11201
996,S7233,Rotation.java,102,return this.factor;,0.0,10206,11201
996,S7234,Rotation.java,114,if (this == o) {,0.0,10206,11201
996,S7235,Rotation.java,117,if (!(o instanceof Rotation)) {,0.0,10206,11201
996,S7236,Rotation.java,121,final Rotation rotation = (Rotation) o;,0.0,10206,11201
996,S7237,Rotation.java,123,if (this.factor != rotation.factor) {,0.0,10206,11201
996,S7238,Rotation.java,127,return true;,0.0,10206,11201
996,S7239,Rotation.java,148,if (this.equals(Rotation.CLOCKWISE)) {,0.0,10206,11201
996,S7240,Rotation.java,149,return Rotation.CLOCKWISE;,0.0,10206,11201
996,S7241,SerialDate.java,92,DATE_FORMAT_SYMBOLS = new SimpleDateFormat().getDateFormatSymbols();,0.0,10206,11201
996,S7242,SerialDate.java,137,static final int[] LAST_DAY_OF_MONTH =,0.0,10206,11201
996,S7243,SerialDate.java,141,static final int[] AGGREGATE_DAYS_TO_END_OF_MONTH =,0.0,10206,11201
996,S7244,SerialDate.java,145,static final int[] AGGREGATE_DAYS_TO_END_OF_PRECEDING_MONTH =,0.0,10206,11201
996,S7245,SerialDate.java,149,static final int[] LEAP_YEAR_AGGREGATE_DAYS_TO_END_OF_MONTH =,0.0,10206,11201
996,S7246,SerialDate.java,156,LEAP_YEAR_AGGREGATE_DAYS_TO_END_OF_PRECEDING_MONTH =,0.0,10206,11201
996,S7247,SerialDate.java,210,protected SerialDate() {,0.0,10206,11201
996,S7248,SerialDate.java,499,if ((yyyy % 4) != 0) {,0.0,10206,11201
996,S7249,SerialDate.java,500,return false;,0.0,10206,11201
996,S7250,SerialDate.java,526,final int leap4 = (yyyy - 1896) / 4;,0.0,10206,11201
996,S7251,SerialDate.java,527,final int leap100 = (yyyy - 1800) / 100;,0.0,10206,11201
996,S7252,SerialDate.java,528,final int leap400 = (yyyy - 1600) / 400;,0.0,10206,11201
996,S7253,SerialDate.java,529,return leap4 - leap100 + leap400;,0.0,10206,11201
996,S7254,SerialDate.java,544,final int result = LAST_DAY_OF_MONTH[month];,0.0,10206,11201
996,S7255,SerialDate.java,545,if (month != FEBRUARY) {,0.0,10206,11201
996,S7256,SerialDate.java,546,return result;,0.0,10206,11201
996,S7257,SerialDate.java,792,"return new SpreadsheetDate(day, month, yyyy);",0.0,10206,11201
996,S7258,SerialDate.java,804,return new SpreadsheetDate(serial);,0.0,10206,11201
996,S7259,SerialUtilities.java,91,return Serializable.class.isAssignableFrom(c);,0.0,10206,11201
996,S7260,SerialUtilities.java,108,if (stream == null) {,0.0,10206,11201
996,S7261,SerialUtilities.java,111,Paint result = null;,0.0,10206,11201
996,S7262,SerialUtilities.java,112,boolean isNull = stream.readBoolean();,0.0,10206,11201
996,S7263,SerialUtilities.java,113,if (!isNull) {,0.0,10206,11201
996,S7264,SerialUtilities.java,114,Class c = (Class) stream.readObject();,0.0,10206,11201
996,S7265,SerialUtilities.java,115,if (isSerializable(c)) {,0.0,10206,11201
996,S7266,SerialUtilities.java,116,result = (Paint) stream.readObject();,0.0,10206,11201
996,S7267,SerialUtilities.java,118,else if (c.equals(GradientPaint.class)) {,0.0,10206,11201
996,S7268,SerialUtilities.java,119,float x1 = stream.readFloat();,0.0,10206,11201
996,S7269,SerialUtilities.java,120,float y1 = stream.readFloat();,0.0,10206,11201
996,S7270,SerialUtilities.java,121,Color c1 = (Color) stream.readObject();,0.0,10206,11201
996,S7271,SerialUtilities.java,122,float x2 = stream.readFloat();,0.0,10206,11201
996,S7272,SerialUtilities.java,123,float y2 = stream.readFloat();,0.0,10206,11201
996,S7273,SerialUtilities.java,124,Color c2 = (Color) stream.readObject();,0.0,10206,11201
996,S7274,SerialUtilities.java,125,boolean isCyclic = stream.readBoolean();,0.0,10206,11201
996,S7275,SerialUtilities.java,126,"result = new GradientPaint(x1, y1, c1, x2, y2, c2, isCyclic);",0.0,10206,11201
996,S7276,SerialUtilities.java,129,return result;,0.0,10206,11201
996,S7277,SerialUtilities.java,144,if (stream == null) {,0.0,10206,11201
996,S7278,SerialUtilities.java,147,if (paint != null) {,0.0,10206,11201
996,S7279,SerialUtilities.java,148,stream.writeBoolean(false);,0.0,10206,11201
996,S7280,SerialUtilities.java,149,stream.writeObject(paint.getClass());,0.0,10206,11201
996,S7281,SerialUtilities.java,150,if (paint instanceof Serializable) {,0.0,10206,11201
996,S7282,SerialUtilities.java,151,stream.writeObject(paint);,0.0,10206,11201
996,S7283,SerialUtilities.java,153,else if (paint instanceof GradientPaint) {,0.0,10206,11201
996,S7284,SerialUtilities.java,154,GradientPaint gp = (GradientPaint) paint;,0.0,10206,11201
996,S7285,SerialUtilities.java,155,stream.writeFloat((float) gp.getPoint1().getX());,0.0,10206,11201
996,S7286,SerialUtilities.java,156,stream.writeFloat((float) gp.getPoint1().getY());,0.0,10206,11201
996,S7287,SerialUtilities.java,157,stream.writeObject(gp.getColor1());,0.0,10206,11201
996,S7288,SerialUtilities.java,158,stream.writeFloat((float) gp.getPoint2().getX());,0.0,10206,11201
996,S7289,SerialUtilities.java,159,stream.writeFloat((float) gp.getPoint2().getY());,0.0,10206,11201
996,S7290,SerialUtilities.java,160,stream.writeObject(gp.getColor2());,0.0,10206,11201
996,S7291,SerialUtilities.java,161,stream.writeBoolean(gp.isCyclic());,0.0,10206,11201
996,S7292,SerialUtilities.java,165,stream.writeBoolean(true);,0.0,10206,11201
996,S7293,SerialUtilities.java,184,if (stream == null) {,0.0,10206,11201
996,S7294,SerialUtilities.java,187,Stroke result = null;,0.0,10206,11201
996,S7295,SerialUtilities.java,188,boolean isNull = stream.readBoolean();,0.0,10206,11201
996,S7296,SerialUtilities.java,189,if (!isNull) {,0.0,10206,11201
996,S7297,SerialUtilities.java,190,Class c = (Class) stream.readObject();,0.0,10206,11201
996,S7298,SerialUtilities.java,191,if (c.equals(BasicStroke.class)) {,0.0,10206,11201
996,S7299,SerialUtilities.java,192,float width = stream.readFloat();,0.0,10206,11201
996,S7300,SerialUtilities.java,193,int cap = stream.readInt();,0.0,10206,11201
996,S7301,SerialUtilities.java,194,int join = stream.readInt();,0.0,10206,11201
996,S7302,SerialUtilities.java,195,float miterLimit = stream.readFloat();,0.0,10206,11201
996,S7303,SerialUtilities.java,196,float[] dash = (float[]) stream.readObject();,0.0,10206,11201
996,S7304,SerialUtilities.java,197,float dashPhase = stream.readFloat();,0.0,10206,11201
996,S7305,SerialUtilities.java,198,"result = new BasicStroke(width, cap, join, miterLimit, dash,",0.0,10206,11201
996,S7306,SerialUtilities.java,205,return result;,0.0,10206,11201
996,S7307,SerialUtilities.java,223,if (stream == null) {,0.0,10206,11201
996,S7308,SerialUtilities.java,226,if (stroke != null) {,0.0,10206,11201
996,S7309,SerialUtilities.java,227,stream.writeBoolean(false);,0.0,10206,11201
996,S7310,SerialUtilities.java,228,if (stroke instanceof BasicStroke) {,0.0,10206,11201
996,S7311,SerialUtilities.java,229,BasicStroke s = (BasicStroke) stroke;,0.0,10206,11201
996,S7312,SerialUtilities.java,230,stream.writeObject(BasicStroke.class);,0.0,10206,11201
996,S7313,SerialUtilities.java,231,stream.writeFloat(s.getLineWidth());,0.0,10206,11201
996,S7314,SerialUtilities.java,232,stream.writeInt(s.getEndCap());,0.0,10206,11201
996,S7315,SerialUtilities.java,233,stream.writeInt(s.getLineJoin());,0.0,10206,11201
996,S7316,SerialUtilities.java,234,stream.writeFloat(s.getMiterLimit());,0.0,10206,11201
996,S7317,SerialUtilities.java,235,stream.writeObject(s.getDashArray());,0.0,10206,11201
996,S7318,SerialUtilities.java,236,stream.writeFloat(s.getDashPhase());,0.0,10206,11201
996,S7319,SerialUtilities.java,262,if (stream == null) {,0.0,10206,11201
996,S7320,SerialUtilities.java,265,Shape result = null;,0.0,10206,11201
996,S7321,SerialUtilities.java,266,boolean isNull = stream.readBoolean();,0.0,10206,11201
996,S7322,SerialUtilities.java,267,if (!isNull) {,0.0,10206,11201
996,S7323,SerialUtilities.java,268,Class c = (Class) stream.readObject();,0.0,10206,11201
996,S7324,SerialUtilities.java,269,if (c.equals(Line2D.class)) {,0.0,10206,11201
996,S7325,SerialUtilities.java,270,double x1 = stream.readDouble();,0.0,10206,11201
996,S7326,SerialUtilities.java,271,double y1 = stream.readDouble();,0.0,10206,11201
996,S7327,SerialUtilities.java,272,double x2 = stream.readDouble();,0.0,10206,11201
996,S7328,SerialUtilities.java,273,double y2 = stream.readDouble();,0.0,10206,11201
996,S7329,SerialUtilities.java,274,"result = new Line2D.Double(x1, y1, x2, y2);",0.0,10206,11201
996,S7330,SerialUtilities.java,276,else if (c.equals(Rectangle2D.class)) {,0.0,10206,11201
996,S7331,SerialUtilities.java,277,double x = stream.readDouble();,0.0,10206,11201
996,S7332,SerialUtilities.java,278,double y = stream.readDouble();,0.0,10206,11201
996,S7333,SerialUtilities.java,279,double w = stream.readDouble();,0.0,10206,11201
996,S7334,SerialUtilities.java,280,double h = stream.readDouble();,0.0,10206,11201
996,S7335,SerialUtilities.java,281,"result = new Rectangle2D.Double(x, y, w, h);",0.0,10206,11201
996,S7336,SerialUtilities.java,283,else if (c.equals(Ellipse2D.class)) {,0.0,10206,11201
996,S7337,SerialUtilities.java,284,double x = stream.readDouble();,0.0,10206,11201
996,S7338,SerialUtilities.java,285,double y = stream.readDouble();,0.0,10206,11201
996,S7339,SerialUtilities.java,286,double w = stream.readDouble();,0.0,10206,11201
996,S7340,SerialUtilities.java,287,double h = stream.readDouble();,0.0,10206,11201
996,S7341,SerialUtilities.java,288,"result = new Ellipse2D.Double(x, y, w, h);",0.0,10206,11201
996,S7342,SerialUtilities.java,290,else if (c.equals(Arc2D.class)) {,0.0,10206,11201
996,S7343,SerialUtilities.java,300,else if (c.equals(GeneralPath.class)) {,0.0,10206,11201
996,S7344,SerialUtilities.java,301,GeneralPath gp = new GeneralPath();,0.0,10206,11201
996,S7345,SerialUtilities.java,302,float[] args = new float[6];,0.0,10206,11201
996,S7346,SerialUtilities.java,303,boolean hasNext = stream.readBoolean();,0.0,10206,11201
996,S7347,SerialUtilities.java,304,while (!hasNext) {,0.0,10206,11201
996,S7348,SerialUtilities.java,305,int type = stream.readInt();,0.0,10206,11201
996,S7349,SerialUtilities.java,306,for (int i = 0; i < 6; i++) {,0.0,10206,11201
996,S7350,SerialUtilities.java,307,args[i] = stream.readFloat();,0.0,10206,11201
996,S7351,SerialUtilities.java,309,switch (type) {,0.0,10206,11201
996,S7352,SerialUtilities.java,311,"gp.moveTo(args[0], args[1]);",0.0,10206,11201
996,S7353,SerialUtilities.java,312,break;,0.0,10206,11201
996,S7354,SerialUtilities.java,314,"gp.lineTo(args[0], args[1]);",0.0,10206,11201
996,S7355,SerialUtilities.java,315,break;,0.0,10206,11201
996,S7356,SerialUtilities.java,327,break;,0.0,10206,11201
996,S7357,SerialUtilities.java,333,gp.setWindingRule(stream.readInt());,0.0,10206,11201
996,S7358,SerialUtilities.java,334,hasNext = stream.readBoolean();,0.0,10206,11201
996,S7359,SerialUtilities.java,336,result = gp;,0.0,10206,11201
996,S7360,SerialUtilities.java,339,result = (Shape) stream.readObject();,0.0,10206,11201
996,S7361,SerialUtilities.java,342,return result;,0.0,10206,11201
996,S7362,SerialUtilities.java,357,if (stream == null) {,0.0,10206,11201
996,S7363,SerialUtilities.java,360,if (shape != null) {,0.0,10206,11201
996,S7364,SerialUtilities.java,361,stream.writeBoolean(false);,0.0,10206,11201
996,S7365,SerialUtilities.java,362,if (shape instanceof Line2D) {,0.0,10206,11201
996,S7366,SerialUtilities.java,363,Line2D line = (Line2D) shape;,0.0,10206,11201
996,S7367,SerialUtilities.java,364,stream.writeObject(Line2D.class);,0.0,10206,11201
996,S7368,SerialUtilities.java,365,stream.writeDouble(line.getX1());,0.0,10206,11201
996,S7369,SerialUtilities.java,366,stream.writeDouble(line.getY1());,0.0,10206,11201
996,S7370,SerialUtilities.java,367,stream.writeDouble(line.getX2());,0.0,10206,11201
996,S7371,SerialUtilities.java,368,stream.writeDouble(line.getY2());,0.0,10206,11201
996,S7372,SerialUtilities.java,370,else if (shape instanceof Rectangle2D) {,0.0,10206,11201
996,S7373,SerialUtilities.java,371,Rectangle2D rectangle = (Rectangle2D) shape;,0.0,10206,11201
996,S7374,SerialUtilities.java,372,stream.writeObject(Rectangle2D.class);,0.0,10206,11201
996,S7375,SerialUtilities.java,373,stream.writeDouble(rectangle.getX());,0.0,10206,11201
996,S7376,SerialUtilities.java,374,stream.writeDouble(rectangle.getY());,0.0,10206,11201
996,S7377,SerialUtilities.java,375,stream.writeDouble(rectangle.getWidth());,0.0,10206,11201
996,S7378,SerialUtilities.java,376,stream.writeDouble(rectangle.getHeight());,0.0,10206,11201
996,S7379,SerialUtilities.java,378,else if (shape instanceof Ellipse2D) {,0.0,10206,11201
996,S7380,SerialUtilities.java,379,Ellipse2D ellipse = (Ellipse2D) shape;,0.0,10206,11201
996,S7381,SerialUtilities.java,380,stream.writeObject(Ellipse2D.class);,0.0,10206,11201
996,S7382,SerialUtilities.java,381,stream.writeDouble(ellipse.getX());,0.0,10206,11201
996,S7383,SerialUtilities.java,382,stream.writeDouble(ellipse.getY());,0.0,10206,11201
996,S7384,SerialUtilities.java,383,stream.writeDouble(ellipse.getWidth());,0.0,10206,11201
996,S7385,SerialUtilities.java,384,stream.writeDouble(ellipse.getHeight());,0.0,10206,11201
996,S7386,SerialUtilities.java,386,else if (shape instanceof Arc2D) {,0.0,10206,11201
996,S7387,SerialUtilities.java,397,else if (shape instanceof GeneralPath) {,0.0,10206,11201
996,S7388,SerialUtilities.java,398,stream.writeObject(GeneralPath.class);,0.0,10206,11201
996,S7389,SerialUtilities.java,399,PathIterator pi = shape.getPathIterator(null);,0.0,10206,11201
996,S7390,SerialUtilities.java,400,float[] args = new float[6];,0.0,10206,11201
996,S7391,SerialUtilities.java,401,stream.writeBoolean(pi.isDone());,0.0,10206,11201
996,S7392,SerialUtilities.java,402,while (!pi.isDone()) {,0.0,10206,11201
996,S7393,SerialUtilities.java,403,int type = pi.currentSegment(args);,0.0,10206,11201
996,S7394,SerialUtilities.java,404,stream.writeInt(type);,0.0,10206,11201
996,S7395,SerialUtilities.java,407,for (int i = 0; i < 6; i++) {,0.0,10206,11201
996,S7396,SerialUtilities.java,408,stream.writeFloat(args[i]);,0.0,10206,11201
996,S7397,SerialUtilities.java,410,stream.writeInt(pi.getWindingRule());,0.0,10206,11201
996,S7398,SerialUtilities.java,411,pi.next();,0.0,10206,11201
996,S7399,SerialUtilities.java,412,stream.writeBoolean(pi.isDone());,0.0,10206,11201
996,S7400,SerialUtilities.java,416,stream.writeObject(shape.getClass());,0.0,10206,11201
996,S7401,SerialUtilities.java,417,stream.writeObject(shape);,0.0,10206,11201
996,S7402,SerialUtilities.java,438,if (stream == null) {,0.0,10206,11201
996,S7403,SerialUtilities.java,441,Point2D result = null;,0.0,10206,11201
996,S7404,SerialUtilities.java,442,boolean isNull = stream.readBoolean();,0.0,10206,11201
996,S7405,SerialUtilities.java,443,if (!isNull) {,0.0,10206,11201
996,S7406,SerialUtilities.java,444,double x = stream.readDouble();,0.0,10206,11201
996,S7407,SerialUtilities.java,445,double y = stream.readDouble();,0.0,10206,11201
996,S7408,SerialUtilities.java,446,"result = new Point2D.Double(x, y);",0.0,10206,11201
996,S7409,SerialUtilities.java,448,return result;,0.0,10206,11201
996,S7410,SerialUtilities.java,463,if (stream == null) {,0.0,10206,11201
996,S7411,SerialUtilities.java,466,if (p != null) {,0.0,10206,11201
996,S7412,SerialUtilities.java,467,stream.writeBoolean(false);,0.0,10206,11201
996,S7413,SerialUtilities.java,468,stream.writeDouble(p.getX());,0.0,10206,11201
996,S7414,SerialUtilities.java,469,stream.writeDouble(p.getY());,0.0,10206,11201
996,S7415,Series.java,102,"this(key, null);",0.0,10206,11201
996,S7416,Series.java,111,"protected Series(Comparable key, String description) {",0.0,10206,11201
996,S7417,Series.java,112,if (key == null) {,0.0,10206,11201
996,S7418,Series.java,115,this.key = key;,0.0,10206,11201
996,S7419,Series.java,116,this.description = description;,0.0,10206,11201
996,S7420,Series.java,117,this.listeners = new EventListenerList();,0.0,10206,11201
996,S7421,Series.java,118,this.propertyChangeSupport = new PropertyChangeSupport(this);,0.0,10206,11201
996,S7422,Series.java,119,this.notify = true;,0.0,10206,11201
996,S7423,Series.java,130,return this.key;,0.0,10206,11201
996,S7424,Series.java,295,"this.listeners.add(SeriesChangeListener.class, listener);",0.0,10206,11201
996,S7425,Series.java,313,if (this.notify) {,0.0,10206,11201
996,S7426,Series.java,314,notifyListeners(new SeriesChangeEvent(this));,0.0,10206,11201
996,S7427,Series.java,326,Object[] listenerList = this.listeners.getListenerList();,0.0,10206,11201
996,S7428,Series.java,327,for (int i = listenerList.length - 2; i >= 0; i -= 2) {,0.0,10206,11201
996,S7429,SeriesChangeEvent.java,61,super(source);,0.0,10206,11201
996,S7430,SeriesRenderingOrder.java,60,public static final SeriesRenderingOrder FORWARD,0.0,10206,11201
996,S7431,SeriesRenderingOrder.java,67,public static final SeriesRenderingOrder REVERSE,0.0,10206,11201
996,S7432,SeriesRenderingOrder.java,78,private SeriesRenderingOrder(String name) {,0.0,10206,11201
996,S7433,SeriesRenderingOrder.java,79,this.name = name;,0.0,10206,11201
996,S7434,SeriesRenderingOrder.java,88,return this.name;,0.0,10206,11201
996,S7435,SeriesRenderingOrder.java,100,if (this == obj) {,0.0,10206,11201
996,S7436,SeriesRenderingOrder.java,103,if (!(obj instanceof SeriesRenderingOrder)) {,0.0,10206,11201
996,S7437,SeriesRenderingOrder.java,106,SeriesRenderingOrder order = (SeriesRenderingOrder) obj;,0.0,10206,11201
996,S7438,SeriesRenderingOrder.java,107,if (!this.name.equals(order.toString())) {,0.0,10206,11201
996,S7439,SeriesRenderingOrder.java,108,return false;,0.0,10206,11201
996,S7440,SeriesRenderingOrder.java,110,return true;,0.0,10206,11201
996,S7441,SeriesRenderingOrder.java,130,if (this.equals(SeriesRenderingOrder.FORWARD)) {,0.0,10206,11201
996,S7442,SeriesRenderingOrder.java,133,else if (this.equals(SeriesRenderingOrder.REVERSE)) {,0.0,10206,11201
996,S7443,SeriesRenderingOrder.java,134,return SeriesRenderingOrder.REVERSE;,0.0,10206,11201
996,S7444,ShapeList.java,58,super();,0.0,10206,11201
996,S7445,ShapeList.java,69,return (Shape) get(index);,0.0,10206,11201
996,S7446,ShapeList.java,79,"set(index, shape);",0.0,10206,11201
996,S7447,ShapeList.java,90,return super.clone();,0.0,10206,11201
996,S7448,ShapeList.java,102,if (obj == null) {,0.0,10206,11201
996,S7449,ShapeList.java,106,if (obj == this) {,0.0,10206,11201
996,S7450,ShapeList.java,110,if (obj instanceof ShapeList) {,0.0,10206,11201
996,S7451,ShapeList.java,111,return super.equals(obj);,0.0,10206,11201
996,S7452,ShapeList.java,136,stream.defaultWriteObject();,0.0,10206,11201
996,S7453,ShapeList.java,137,int count = size();,0.0,10206,11201
996,S7454,ShapeList.java,138,stream.writeInt(count);,0.0,10206,11201
996,S7455,ShapeList.java,139,for (int i = 0; i < count; i++) {,0.0,10206,11201
996,S7456,ShapeList.java,163,stream.defaultReadObject();,0.0,10206,11201
996,S7457,ShapeList.java,164,int count = stream.readInt();,0.0,10206,11201
996,S7458,ShapeList.java,165,for (int i = 0; i < count; i++) {,0.0,10206,11201
996,S7459,ShapeUtilities.java,103,if (shape instanceof Cloneable) {,0.0,10206,11201
996,S7460,ShapeUtilities.java,105,return (Shape) ObjectUtilities.clone(shape);,0.0,10206,11201
996,S7461,ShapeUtilities.java,128,if (s1 instanceof Line2D && s2 instanceof Line2D) {,0.0,10206,11201
996,S7462,ShapeUtilities.java,129,"return equal((Line2D) s1, (Line2D) s2);",0.0,10206,11201
996,S7463,ShapeUtilities.java,131,else if (s1 instanceof Ellipse2D && s2 instanceof Ellipse2D) {,0.0,10206,11201
996,S7464,ShapeUtilities.java,132,"return equal((Ellipse2D) s1, (Ellipse2D) s2);",0.0,10206,11201
996,S7465,ShapeUtilities.java,134,else if (s1 instanceof Arc2D && s2 instanceof Arc2D) {,0.0,10206,11201
996,S7466,ShapeUtilities.java,137,else if (s1 instanceof Polygon && s2 instanceof Polygon) {,0.0,10206,11201
996,S7467,ShapeUtilities.java,138,"return equal((Polygon) s1, (Polygon) s2);",0.0,10206,11201
996,S7468,ShapeUtilities.java,140,else if (s1 instanceof GeneralPath && s2 instanceof GeneralPath) {,0.0,10206,11201
996,S7469,ShapeUtilities.java,141,"return equal((GeneralPath) s1, (GeneralPath) s2);",0.0,10206,11201
996,S7470,ShapeUtilities.java,145,"return ObjectUtilities.equal(s1, s2);",0.0,10206,11201
996,S7471,ShapeUtilities.java,159,if (l1 == null) {,0.0,10206,11201
996,S7472,ShapeUtilities.java,162,if (l2 == null) {,0.0,10206,11201
996,S7473,ShapeUtilities.java,165,if (!l1.getP1().equals(l2.getP1())) {,0.0,10206,11201
996,S7474,ShapeUtilities.java,166,return false;,0.0,10206,11201
996,S7475,ShapeUtilities.java,168,if (!l1.getP2().equals(l2.getP2())) {,0.0,10206,11201
996,S7476,ShapeUtilities.java,171,return true;,0.0,10206,11201
996,S7477,ShapeUtilities.java,184,if (e1 == null) {,0.0,10206,11201
996,S7478,ShapeUtilities.java,187,if (e2 == null) {,0.0,10206,11201
996,S7479,ShapeUtilities.java,190,if (!e1.getFrame().equals(e2.getFrame())) {,0.0,10206,11201
996,S7480,ShapeUtilities.java,193,return true;,0.0,10206,11201
996,S7481,ShapeUtilities.java,237,if (p1 == null) {,0.0,10206,11201
996,S7482,ShapeUtilities.java,240,if (p2 == null) {,0.0,10206,11201
996,S7483,ShapeUtilities.java,243,if (p1.npoints != p2.npoints) {,0.0,10206,11201
996,S7484,ShapeUtilities.java,246,"if (!Arrays.equals(p1.xpoints, p2.xpoints)) {",0.0,10206,11201
996,S7485,ShapeUtilities.java,249,"if (!Arrays.equals(p1.ypoints, p2.ypoints)) {",0.0,10206,11201
996,S7486,ShapeUtilities.java,252,return true;,0.0,10206,11201
996,S7487,ShapeUtilities.java,265,if (p1 == null) {,0.0,10206,11201
996,S7488,ShapeUtilities.java,268,if (p2 == null) {,0.0,10206,11201
996,S7489,ShapeUtilities.java,271,if (p1.getWindingRule() != p2.getWindingRule()) {,0.0,10206,11201
996,S7490,ShapeUtilities.java,274,PathIterator iterator1 = p1.getPathIterator(null);,0.0,10206,11201
996,S7491,ShapeUtilities.java,275,PathIterator iterator2 = p1.getPathIterator(null);,0.0,10206,11201
996,S7492,ShapeUtilities.java,276,double[] d1 = new double[6];,0.0,10206,11201
996,S7493,ShapeUtilities.java,277,double[] d2 = new double[6];,0.0,10206,11201
996,S7494,ShapeUtilities.java,278,boolean done = iterator1.isDone() && iterator2.isDone();,0.0,10206,11201
996,S7495,ShapeUtilities.java,279,while (!done) {,0.0,10206,11201
996,S7496,ShapeUtilities.java,280,if (iterator1.isDone() != iterator2.isDone()) {,0.0,10206,11201
996,S7497,ShapeUtilities.java,283,int seg1 = iterator1.currentSegment(d1);,0.0,10206,11201
996,S7498,ShapeUtilities.java,284,int seg2 = iterator2.currentSegment(d2);,0.0,10206,11201
996,S7499,ShapeUtilities.java,285,if (seg1 != seg2) {,0.0,10206,11201
996,S7500,ShapeUtilities.java,288,"if (!Arrays.equals(d1, d2)) {",0.0,10206,11201
996,S7501,ShapeUtilities.java,291,iterator1.next();,0.0,10206,11201
996,S7502,ShapeUtilities.java,292,iterator2.next();,0.0,10206,11201
996,S7503,ShapeUtilities.java,293,done = iterator1.isDone() && iterator2.isDone();,0.0,10206,11201
996,S7504,ShapeUtilities.java,295,return true;,0.0,10206,11201
996,S7505,ShapeUtilities.java,310,if (shape == null) {,0.0,10206,11201
996,S7506,ShapeUtilities.java,313,AffineTransform transform = AffineTransform.getTranslateInstance(,0.0,10206,11201
996,S7507,ShapeUtilities.java,315,return transform.createTransformedShape(shape);,0.0,10206,11201
996,S7508,ShapeUtilities.java,334,if (shape == null) {,0.0,10206,11201
996,S7509,ShapeUtilities.java,337,if (anchor == null) {,0.0,10206,11201
996,S7510,ShapeUtilities.java,340,"Point2D anchorPoint = RectangleAnchor.coordinates(shape.getBounds2D(),",0.0,10206,11201
996,S7511,ShapeUtilities.java,342,AffineTransform transform = AffineTransform.getTranslateInstance(,0.0,10206,11201
996,S7512,ShapeUtilities.java,344,return transform.createTransformedShape(shape);,0.0,10206,11201
996,S7513,ShapeUtilities.java,360,if (base == null) {,0.0,10206,11201
996,S7514,ShapeUtilities.java,363,"AffineTransform rotate = AffineTransform.getRotateInstance(angle, x, y);",0.0,10206,11201
996,S7515,ShapeUtilities.java,364,Shape result = rotate.createTransformedShape(base);,0.0,10206,11201
996,S7516,ShapeUtilities.java,365,return result;,0.0,10206,11201
996,S7517,ShapeUtilities.java,389,"private static final float SQRT2 = (float) Math.pow(2.0, 0.5);",0.0,10206,11201
996,S7518,SimpleTimePeriod.java,85,"public SimpleTimePeriod(Date start, Date end) {",0.0,10206,11201
996,S7519,SimpleTimePeriod.java,86,if (start.getTime() > end.getTime()) {,0.0,10206,11201
996,S7520,SimpleTimePeriod.java,89,this.start = start;,0.0,10206,11201
996,S7521,SimpleTimePeriod.java,90,this.end = end;,0.0,10206,11201
996,S7522,SimpleTimePeriod.java,99,return this.start;,0.0,10206,11201
996,S7523,SimpleTimePeriod.java,108,return this.end;,0.0,10206,11201
996,S7530,SortOrder.java,59,public static final SortOrder ASCENDING = new SortOrder(,0.0,10206,11201
996,S7531,SortOrder.java,63,public static final SortOrder DESCENDING = new SortOrder(,0.0,10206,11201
996,S7532,SortOrder.java,74,private SortOrder(String name) {,0.0,10206,11201
996,S7533,SortOrder.java,75,this.name = name;,0.0,10206,11201
996,S7534,SortOrder.java,84,return this.name;,0.0,10206,11201
996,S7535,SortOrder.java,97,if (this == obj) {,0.0,10206,11201
996,S7536,SortOrder.java,100,if (!(obj instanceof SortOrder)) {,0.0,10206,11201
996,S7537,SortOrder.java,104,final SortOrder that = (SortOrder) obj;,0.0,10206,11201
996,S7538,SortOrder.java,105,if (!this.name.equals(that.toString())) {,0.0,10206,11201
996,S7539,SortOrder.java,109,return true;,0.0,10206,11201
996,S7540,SortOrder.java,129,if (this.equals(SortOrder.ASCENDING)) {,0.0,10206,11201
996,S7541,SortOrder.java,130,return SortOrder.ASCENDING;,0.0,10206,11201
996,S7542,SpreadsheetDate.java,107,"public SpreadsheetDate(final int day, final int month, final int year) {",0.0,10206,11201
996,S7543,SpreadsheetDate.java,109,if ((year >= 1900) && (year <= 9999)) {,0.0,10206,11201
996,S7544,SpreadsheetDate.java,110,this.year = year;,0.0,10206,11201
996,S7545,SpreadsheetDate.java,118,if ((month >= MonthConstants.JANUARY),0.0,10206,11201
996,S7546,SpreadsheetDate.java,120,this.month = month;,0.0,10206,11201
996,S7547,SpreadsheetDate.java,128,"if ((day >= 1) && (day <= SerialDate.lastDayOfMonth(month, year))) {",0.0,10206,11201
996,S7548,SpreadsheetDate.java,129,this.day = day;,0.0,10206,11201
996,S7549,SpreadsheetDate.java,136,"this.serial = calcSerial(day, month, year);",0.0,10206,11201
996,S7550,SpreadsheetDate.java,146,public SpreadsheetDate(final int serial) {,0.0,10206,11201
996,S7551,SpreadsheetDate.java,148,if ((serial >= SERIAL_LOWER_BOUND) && (serial <= SERIAL_UPPER_BOUND)) {,0.0,10206,11201
996,S7552,SpreadsheetDate.java,149,this.serial = serial;,0.0,10206,11201
996,S7553,SpreadsheetDate.java,158,final int days = this.serial - SERIAL_LOWER_BOUND;,0.0,10206,11201
996,S7554,SpreadsheetDate.java,160,final int overestimatedYYYY = 1900 + (days / 365);,0.0,10206,11201
996,S7555,SpreadsheetDate.java,161,final int leaps = SerialDate.leapYearCount(overestimatedYYYY);,0.0,10206,11201
996,S7556,SpreadsheetDate.java,162,final int nonleapdays = days - leaps;,0.0,10206,11201
996,S7557,SpreadsheetDate.java,164,int underestimatedYYYY = 1900 + (nonleapdays / 365);,0.0,10206,11201
996,S7558,SpreadsheetDate.java,166,if (underestimatedYYYY == overestimatedYYYY) {,0.0,10206,11201
996,S7559,SpreadsheetDate.java,167,this.year = underestimatedYYYY;,0.0,10206,11201
996,S7560,SpreadsheetDate.java,178,"final int ss2 = calcSerial(1, 1, this.year);",0.0,10206,11201
996,S7561,SpreadsheetDate.java,180,int[] daysToEndOfPrecedingMonth,0.0,10206,11201
996,S7562,SpreadsheetDate.java,183,if (isLeapYear(this.year)) {,0.0,10206,11201
996,S7563,SpreadsheetDate.java,189,int mm = 1;,0.0,10206,11201
996,S7564,SpreadsheetDate.java,190,int sss = ss2 + daysToEndOfPrecedingMonth[mm] - 1;,0.0,10206,11201
996,S7565,SpreadsheetDate.java,191,while (sss < this.serial) {,0.0,10206,11201
996,S7566,SpreadsheetDate.java,192,mm = mm + 1;,0.0,10206,11201
996,S7567,SpreadsheetDate.java,193,sss = ss2 + daysToEndOfPrecedingMonth[mm] - 1;,0.0,10206,11201
996,S7568,SpreadsheetDate.java,195,this.month = mm - 1;,0.0,10206,11201
996,S7569,SpreadsheetDate.java,198,this.day = this.serial - ss2,0.0,10206,11201
996,S7570,SpreadsheetDate.java,211,return this.serial;,0.0,10206,11201
996,S7571,SpreadsheetDate.java,231,return this.year;,0.0,10206,11201
996,S7572,SpreadsheetDate.java,240,return this.month;,0.0,10206,11201
996,S7573,SpreadsheetDate.java,249,return this.day;,0.0,10206,11201
996,S7574,SpreadsheetDate.java,308,return this.serial - other.toSerial();,0.0,10206,11201
996,S7575,SpreadsheetDate.java,449,final int yy = ((y - 1900) * 365) + SerialDate.leapYearCount(y - 1);,0.0,10206,11201
996,S7576,SpreadsheetDate.java,450,int mm = SerialDate.AGGREGATE_DAYS_TO_END_OF_PRECEDING_MONTH[m];,0.0,10206,11201
996,S7577,SpreadsheetDate.java,451,if (m > MonthConstants.FEBRUARY) {,0.0,10206,11201
996,S7578,SpreadsheetDate.java,452,if (SerialDate.isLeapYear(y)) {,0.0,10206,11201
996,S7579,SpreadsheetDate.java,456,final int dd = d;,0.0,10206,11201
996,S7580,SpreadsheetDate.java,457,return yy + mm + dd + 1;,0.0,10206,11201
996,S7581,StackedAreaRenderer.java,103,this(false);,0.0,10206,11201
996,S7582,StackedAreaRenderer.java,113,super();,0.0,10206,11201
996,S7583,StackedAreaRenderer.java,114,this.renderAsPercentages = renderAsPercentages;,0.0,10206,11201
996,S7584,StackedAreaRenderer.java,152,return 2;,0.0,10206,11201
996,S7585,StackedAreaRenderer.java,164,if (this.renderAsPercentages) {,0.0,10206,11201
996,S7586,StackedAreaRenderer.java,168,return DatasetUtilities.findStackedRangeBounds(dataset);,0.0,10206,11201
996,S7587,StackedAreaRenderer.java,198,Shape entityArea = null;,0.0,10206,11201
996,S7588,StackedAreaRenderer.java,199,EntityCollection entities = state.getEntityCollection();,0.0,10206,11201
996,S7589,StackedAreaRenderer.java,201,double y1 = 0.0;,0.0,10206,11201
996,S7590,StackedAreaRenderer.java,202,"Number n = dataset.getValue(row, column);",0.0,10206,11201
996,S7591,StackedAreaRenderer.java,203,if (n != null) {,0.0,10206,11201
996,S7592,StackedAreaRenderer.java,204,y1 = n.doubleValue();,0.0,10206,11201
996,S7593,StackedAreaRenderer.java,206,"double[] stack1 = getStackValues(dataset, row, column);",0.0,10206,11201
996,S7594,StackedAreaRenderer.java,212,"double xx1 = domainAxis.getCategoryMiddle(column, getColumnCount(),",0.0,10206,11201
996,S7595,StackedAreaRenderer.java,218,double y0 = 0.0;,0.0,10206,11201
996,S7596,StackedAreaRenderer.java,219,"n = dataset.getValue(row, Math.max(column - 1, 0));",0.0,10206,11201
996,S7597,StackedAreaRenderer.java,220,if (n != null) {,0.0,10206,11201
996,S7598,StackedAreaRenderer.java,221,y0 = n.doubleValue();,0.0,10206,11201
996,S7599,StackedAreaRenderer.java,223,"double[] stack0 = getStackValues(dataset, row, Math.max(column - 1, 0));",0.0,10206,11201
996,S7600,StackedAreaRenderer.java,226,"double xx0 = domainAxis.getCategoryStart(column, getColumnCount(),",0.0,10206,11201
996,S7601,StackedAreaRenderer.java,229,int itemCount = dataset.getColumnCount();,0.0,10206,11201
996,S7602,StackedAreaRenderer.java,230,double y2 = 0.0;,0.0,10206,11201
996,S7603,StackedAreaRenderer.java,231,"n = dataset.getValue(row, Math.min(column + 1, itemCount - 1));",0.0,10206,11201
996,S7604,StackedAreaRenderer.java,232,if (n != null) {,0.0,10206,11201
996,S7605,StackedAreaRenderer.java,233,y2 = n.doubleValue();,0.0,10206,11201
996,S7606,StackedAreaRenderer.java,235,"double[] stack2 = getStackValues(dataset, row, Math.min(column + 1,",0.0,10206,11201
996,S7607,StackedAreaRenderer.java,238,"double xx2 = domainAxis.getCategoryEnd(column, getColumnCount(),",0.0,10206,11201
996,S7608,StackedAreaRenderer.java,242,double xxLeft = xx0;,0.0,10206,11201
996,S7609,StackedAreaRenderer.java,243,double xxRight = xx2;,0.0,10206,11201
996,S7610,StackedAreaRenderer.java,245,"double[] stackLeft = averageStackValues(stack0, stack1);",0.0,10206,11201
996,S7611,StackedAreaRenderer.java,246,"double[] stackRight = averageStackValues(stack1, stack2);",0.0,10206,11201
996,S7612,StackedAreaRenderer.java,247,"double[] adjStackLeft = adjustedStackValues(stack0, stack1);",0.0,10206,11201
996,S7613,StackedAreaRenderer.java,248,"double[] adjStackRight = adjustedStackValues(stack1, stack2);",0.0,10206,11201
996,S7614,StackedAreaRenderer.java,252,RectangleEdge edge1 = plot.getRangeAxisEdge();,0.0,10206,11201
996,S7615,StackedAreaRenderer.java,254,GeneralPath left = new GeneralPath();,0.0,10206,11201
996,S7616,StackedAreaRenderer.java,255,GeneralPath right = new GeneralPath();,0.0,10206,11201
996,S7617,StackedAreaRenderer.java,256,if (y1 >= 0.0) {  // handle positive value,0.0,10206,11201
996,S7618,StackedAreaRenderer.java,257,"transY1 = (float) rangeAxis.valueToJava2D(y1 + stack1[1], dataArea,",0.0,10206,11201
996,S7619,StackedAreaRenderer.java,259,"float transStack1 = (float) rangeAxis.valueToJava2D(stack1[1],",0.0,10206,11201
996,S7620,StackedAreaRenderer.java,261,float transStackLeft = (float) rangeAxis.valueToJava2D(,0.0,10206,11201
996,S7621,StackedAreaRenderer.java,265,if (y0 >= 0.0) {,0.0,10206,11201
996,S7622,StackedAreaRenderer.java,266,double yleft = (y0 + y1) / 2.0 + stackLeft[1];,0.0,10206,11201
996,S7623,StackedAreaRenderer.java,267,float transYLeft,0.0,10206,11201
996,S7624,StackedAreaRenderer.java,269,"left.moveTo((float) xx1, transY1);",0.0,10206,11201
996,S7625,StackedAreaRenderer.java,270,"left.lineTo((float) xx1, transStack1);",0.0,10206,11201
996,S7626,StackedAreaRenderer.java,271,"left.lineTo((float) xxLeft, transStackLeft);",0.0,10206,11201
996,S7627,StackedAreaRenderer.java,272,"left.lineTo((float) xxLeft, transYLeft);",0.0,10206,11201
996,S7628,StackedAreaRenderer.java,273,left.closePath();,0.0,10206,11201
996,S7629,StackedAreaRenderer.java,276,"left.moveTo((float) xx1, transStack1);",0.0,10206,11201
996,S7630,StackedAreaRenderer.java,277,"left.lineTo((float) xx1, transY1);",0.0,10206,11201
996,S7631,StackedAreaRenderer.java,278,"left.lineTo((float) xxLeft, transStackLeft);",0.0,10206,11201
996,S7632,StackedAreaRenderer.java,279,left.closePath();,0.0,10206,11201
996,S7633,StackedAreaRenderer.java,282,float transStackRight = (float) rangeAxis.valueToJava2D(,0.0,10206,11201
996,S7634,StackedAreaRenderer.java,285,if (y2 >= 0.0) {,0.0,10206,11201
996,S7635,StackedAreaRenderer.java,286,double yright = (y1 + y2) / 2.0 + stackRight[1];,0.0,10206,11201
996,S7636,StackedAreaRenderer.java,287,float transYRight,0.0,10206,11201
996,S7637,StackedAreaRenderer.java,289,"right.moveTo((float) xx1, transStack1);",0.0,10206,11201
996,S7638,StackedAreaRenderer.java,290,"right.lineTo((float) xx1, transY1);",0.0,10206,11201
996,S7639,StackedAreaRenderer.java,291,"right.lineTo((float) xxRight, transYRight);",0.0,10206,11201
996,S7640,StackedAreaRenderer.java,292,"right.lineTo((float) xxRight, transStackRight);",0.0,10206,11201
996,S7641,StackedAreaRenderer.java,293,right.closePath();,0.0,10206,11201
996,S7642,StackedAreaRenderer.java,303,"transY1 = (float) rangeAxis.valueToJava2D(y1 + stack1[0], dataArea,",0.0,10206,11201
996,S7643,StackedAreaRenderer.java,305,"float transStack1 = (float) rangeAxis.valueToJava2D(stack1[0],",0.0,10206,11201
996,S7644,StackedAreaRenderer.java,307,float transStackLeft = (float) rangeAxis.valueToJava2D(,0.0,10206,11201
996,S7645,StackedAreaRenderer.java,311,if (y0 >= 0.0) {,0.0,10206,11201
996,S7646,StackedAreaRenderer.java,318,double yleft = (y0 + y1) / 2.0 + stackLeft[0];,0.0,10206,11201
996,S7647,StackedAreaRenderer.java,319,"float transYLeft = (float) rangeAxis.valueToJava2D(yleft,",0.0,10206,11201
996,S7648,StackedAreaRenderer.java,321,"left.moveTo((float) xx1, transY1);",0.0,10206,11201
996,S7649,StackedAreaRenderer.java,322,"left.lineTo((float) xx1, transStack1);",0.0,10206,11201
996,S7650,StackedAreaRenderer.java,323,"left.lineTo((float) xxLeft, transStackLeft);",0.0,10206,11201
996,S7651,StackedAreaRenderer.java,324,"left.lineTo((float) xxLeft, transYLeft);",0.0,10206,11201
996,S7652,StackedAreaRenderer.java,325,left.closePath();,0.0,10206,11201
996,S7653,StackedAreaRenderer.java,327,float transStackRight = (float) rangeAxis.valueToJava2D(,0.0,10206,11201
996,S7654,StackedAreaRenderer.java,331,if (y2 >= 0.0) {,0.0,10206,11201
996,S7655,StackedAreaRenderer.java,332,"right.moveTo((float) xx1, transStack1);",0.0,10206,11201
996,S7656,StackedAreaRenderer.java,333,"right.lineTo((float) xx1, transY1);",0.0,10206,11201
996,S7657,StackedAreaRenderer.java,334,"right.lineTo((float) xxRight, transStackRight);",0.0,10206,11201
996,S7658,StackedAreaRenderer.java,335,right.closePath();,0.0,10206,11201
996,S7659,StackedAreaRenderer.java,338,double yright = (y1 + y2) / 2.0 + stackRight[0];,0.0,10206,11201
996,S7660,StackedAreaRenderer.java,339,"float transYRight = (float) rangeAxis.valueToJava2D(yright,",0.0,10206,11201
996,S7661,StackedAreaRenderer.java,341,"right.moveTo((float) xx1, transStack1);",0.0,10206,11201
996,S7662,StackedAreaRenderer.java,342,"right.lineTo((float) xx1, transY1);",0.0,10206,11201
996,S7663,StackedAreaRenderer.java,343,"right.lineTo((float) xxRight, transYRight);",0.0,10206,11201
996,S7664,StackedAreaRenderer.java,344,"right.lineTo((float) xxRight, transStackRight);",0.0,10206,11201
996,S7665,StackedAreaRenderer.java,345,right.closePath();,0.0,10206,11201
996,S7666,StackedAreaRenderer.java,349,"g2.setPaint(getItemPaint(row, column));",0.0,10206,11201
996,S7667,StackedAreaRenderer.java,350,"g2.setStroke(getItemStroke(row, column));",0.0,10206,11201
996,S7668,StackedAreaRenderer.java,353,"Paint itemPaint = getItemPaint(row, column);",0.0,10206,11201
996,S7669,StackedAreaRenderer.java,354,if (pass == 0) {,0.0,10206,11201
996,S7670,StackedAreaRenderer.java,355,g2.setPaint(itemPaint);,0.0,10206,11201
996,S7671,StackedAreaRenderer.java,356,g2.fill(left);,0.0,10206,11201
996,S7672,StackedAreaRenderer.java,357,g2.fill(right);,0.0,10206,11201
996,S7673,StackedAreaRenderer.java,361,if (entities != null) {,0.0,10206,11201
996,S7674,StackedAreaRenderer.java,558,double[] result = new double[2];,0.0,10206,11201
996,S7675,StackedAreaRenderer.java,559,for (int i = 0; i < series; i++) {,0.0,10206,11201
996,S7676,StackedAreaRenderer.java,560,if (isSeriesVisible(i)) {,0.0,10206,11201
996,S7677,StackedAreaRenderer.java,561,double v = 0.0;,0.0,10206,11201
996,S7678,StackedAreaRenderer.java,562,"Number n = dataset.getValue(i, index);",0.0,10206,11201
996,S7679,StackedAreaRenderer.java,563,if (n != null) {,0.0,10206,11201
996,S7680,StackedAreaRenderer.java,564,v = n.doubleValue();,0.0,10206,11201
996,S7681,StackedAreaRenderer.java,566,if (!Double.isNaN(v)) {,0.0,10206,11201
996,S7682,StackedAreaRenderer.java,567,if (v >= 0.0) {,0.0,10206,11201
996,S7683,StackedAreaRenderer.java,568,result[1] += v;,0.0,10206,11201
996,S7684,StackedAreaRenderer.java,571,result[0] += v;,0.0,10206,11201
996,S7685,StackedAreaRenderer.java,576,return result;,0.0,10206,11201
996,S7686,StackedAreaRenderer.java,589,double[] result = new double[2];,0.0,10206,11201
996,S7687,StackedAreaRenderer.java,590,result[0] = (stack1[0] + stack2[0]) / 2.0;,0.0,10206,11201
996,S7688,StackedAreaRenderer.java,591,result[1] = (stack1[1] + stack2[1]) / 2.0;,0.0,10206,11201
996,S7689,StackedAreaRenderer.java,592,return result;,0.0,10206,11201
996,S7690,StackedAreaRenderer.java,606,double[] result = new double[2];,0.0,10206,11201
996,S7691,StackedAreaRenderer.java,607,if (stack1[0] == 0.0 || stack2[0] == 0.0) {,0.0,10206,11201
996,S7692,StackedAreaRenderer.java,608,result[0] = 0.0;,0.0,10206,11201
996,S7693,StackedAreaRenderer.java,611,result[0] = (stack1[0] + stack2[0]) / 2.0;,0.0,10206,11201
996,S7694,StackedAreaRenderer.java,613,if (stack1[1] == 0.0 || stack2[1] == 0.0) {,0.0,10206,11201
996,S7695,StackedAreaRenderer.java,614,result[1] = 0.0;,0.0,10206,11201
996,S7696,StackedAreaRenderer.java,617,result[1] = (stack1[1] + stack2[1]) / 2.0;,0.0,10206,11201
996,S7697,StackedAreaRenderer.java,619,return result;,0.0,10206,11201
996,S7698,StackedBarRenderer.java,141,this(false);,0.0,10206,11201
996,S7699,StackedBarRenderer.java,151,super();,0.0,10206,11201
996,S7700,StackedBarRenderer.java,152,this.renderAsPercentages = renderAsPercentages;,0.0,10206,11201
996,S7701,StackedBarRenderer.java,156,"ItemLabelPosition p = new ItemLabelPosition(ItemLabelAnchor.CENTER,",0.0,10206,11201
996,S7702,StackedBarRenderer.java,158,setBasePositiveItemLabelPosition(p);,0.0,10206,11201
996,S7703,StackedBarRenderer.java,159,setBaseNegativeItemLabelPosition(p);,0.0,10206,11201
996,S7704,StackedBarRenderer.java,160,setPositiveItemLabelPositionFallback(null);,0.0,10206,11201
996,S7705,StackedBarRenderer.java,161,setNegativeItemLabelPositionFallback(null);,0.0,10206,11201
996,S7706,StackedBarRenderer.java,199,return 2;,0.0,10206,11201
996,S7707,StackedBarRenderer.java,211,if (this.renderAsPercentages) {,0.0,10206,11201
996,S7708,StackedBarRenderer.java,215,"return DatasetUtilities.findStackedRangeBounds(dataset, getBase());",0.0,10206,11201
996,S7709,StackedBarRenderer.java,233,CategoryAxis xAxis = plot.getDomainAxisForDataset(rendererIndex);,0.0,10206,11201
996,S7710,StackedBarRenderer.java,234,CategoryDataset data = plot.getDataset(rendererIndex);,0.0,10206,11201
996,S7711,StackedBarRenderer.java,235,if (data != null) {,0.0,10206,11201
996,S7712,StackedBarRenderer.java,236,PlotOrientation orientation = plot.getOrientation();,0.0,10206,11201
996,S7713,StackedBarRenderer.java,237,double space = 0.0;,0.0,10206,11201
996,S7714,StackedBarRenderer.java,238,if (orientation == PlotOrientation.HORIZONTAL) {,0.0,10206,11201
996,S7715,StackedBarRenderer.java,239,space = dataArea.getHeight();,0.0,10206,11201
996,S7716,StackedBarRenderer.java,244,double maxWidth = space * getMaximumBarWidth();,0.0,10206,11201
996,S7717,StackedBarRenderer.java,245,int columns = data.getColumnCount();,0.0,10206,11201
996,S7718,StackedBarRenderer.java,246,double categoryMargin = 0.0;,0.0,10206,11201
996,S7719,StackedBarRenderer.java,247,if (columns > 1) {,0.0,10206,11201
996,S7720,StackedBarRenderer.java,248,categoryMargin = xAxis.getCategoryMargin();,0.0,10206,11201
996,S7721,StackedBarRenderer.java,251,double used = space * (1 - xAxis.getLowerMargin(),0.0,10206,11201
996,S7722,StackedBarRenderer.java,254,if (columns > 0) {,0.0,10206,11201
996,S7723,StackedBarRenderer.java,255,"state.setBarWidth(Math.min(used / columns, maxWidth));",0.0,10206,11201
996,S7724,StackedBarRenderer.java,290,"Number dataValue = dataset.getValue(row, column);",0.0,10206,11201
996,S7725,StackedBarRenderer.java,291,if (dataValue == null) {,0.0,10206,11201
996,S7726,StackedBarRenderer.java,295,double value = dataValue.doubleValue();,0.0,10206,11201
996,S7727,StackedBarRenderer.java,296,double total = 0.0;  // only needed if calculating percentages,0.0,10206,11201
996,S7728,StackedBarRenderer.java,297,if (this.renderAsPercentages) {,0.0,10206,11201
996,S7729,StackedBarRenderer.java,302,PlotOrientation orientation = plot.getOrientation();,0.0,10206,11201
996,S7730,StackedBarRenderer.java,303,"double barW0 = domainAxis.getCategoryMiddle(column, getColumnCount(),",0.0,10206,11201
996,S7731,StackedBarRenderer.java,307,double positiveBase = getBase();,0.0,10206,11201
996,S7732,StackedBarRenderer.java,308,double negativeBase = positiveBase;,0.0,10206,11201
996,S7733,StackedBarRenderer.java,310,for (int i = 0; i < row; i++) {,0.0,10206,11201
996,S7734,StackedBarRenderer.java,311,"Number v = dataset.getValue(i, column);",0.0,10206,11201
996,S7735,StackedBarRenderer.java,312,if (v != null) {,0.0,10206,11201
996,S7736,StackedBarRenderer.java,313,double d = v.doubleValue();,0.0,10206,11201
996,S7737,StackedBarRenderer.java,314,if (this.renderAsPercentages) {,0.0,10206,11201
996,S7738,StackedBarRenderer.java,317,if (d > 0) {,0.0,10206,11201
996,S7739,StackedBarRenderer.java,318,positiveBase = positiveBase + d;,0.0,10206,11201
996,S7740,StackedBarRenderer.java,321,negativeBase = negativeBase + d;,0.0,10206,11201
996,S7741,StackedBarRenderer.java,328,RectangleEdge location = plot.getRangeAxisEdge();,0.0,10206,11201
996,S7742,StackedBarRenderer.java,329,if (value >= 0.0) {,0.0,10206,11201
996,S7743,StackedBarRenderer.java,330,"translatedBase = rangeAxis.valueToJava2D(positiveBase, dataArea,",0.0,10206,11201
996,S7744,StackedBarRenderer.java,332,"translatedValue = rangeAxis.valueToJava2D(positiveBase + value,",0.0,10206,11201
996,S7745,StackedBarRenderer.java,336,"translatedBase = rangeAxis.valueToJava2D(negativeBase, dataArea,",0.0,10206,11201
996,S7746,StackedBarRenderer.java,338,"translatedValue = rangeAxis.valueToJava2D(negativeBase + value,",0.0,10206,11201
996,S7747,StackedBarRenderer.java,341,"double barL0 = Math.min(translatedBase, translatedValue);",0.0,10206,11201
996,S7748,StackedBarRenderer.java,342,"double barLength = Math.max(Math.abs(translatedValue - translatedBase),",0.0,10206,11201
996,S7749,StackedBarRenderer.java,345,Rectangle2D bar = null;,0.0,10206,11201
996,S7750,StackedBarRenderer.java,346,if (orientation == PlotOrientation.HORIZONTAL) {,0.0,10206,11201
996,S7751,StackedBarRenderer.java,347,"bar = new Rectangle2D.Double(barL0, barW0, barLength,",0.0,10206,11201
996,S7752,StackedBarRenderer.java,354,if (pass == 0) {,0.0,10206,11201
996,S7753,StackedBarRenderer.java,355,"Paint itemPaint = getItemPaint(row, column);",0.0,10206,11201
996,S7754,StackedBarRenderer.java,356,GradientPaintTransformer t = getGradientPaintTransformer();,0.0,10206,11201
996,S7755,StackedBarRenderer.java,357,if (t != null && itemPaint instanceof GradientPaint) {,0.0,10206,11201
996,S7756,StackedBarRenderer.java,360,g2.setPaint(itemPaint);,0.0,10206,11201
996,S7757,StackedBarRenderer.java,361,g2.fill(bar);,0.0,10206,11201
996,S7758,StackedBarRenderer.java,362,if (isDrawBarOutline(),0.0,10206,11201
996,S7759,StackedBarRenderer.java,370,EntityCollection entities = state.getEntityCollection();,0.0,10206,11201
996,S7760,StackedBarRenderer.java,371,if (entities != null) {,0.0,10206,11201
996,S7761,StackedBarRenderer.java,375,else if (pass == 1) {,0.0,10206,11201
996,S7762,StackedBarRenderer.java,376,"CategoryItemLabelGenerator generator = getItemLabelGenerator(row,",0.0,10206,11201
996,S7763,StackedBarRenderer.java,378,"if (generator != null && isItemLabelVisible(row, column)) {",0.0,10206,11201
996,S7764,StackedBarRenderer3D.java,145,this(false);,0.0,10206,11201
996,S7765,StackedBarRenderer3D.java,167,super();,0.0,10206,11201
996,S7766,StackedBarRenderer3D.java,168,this.renderAsPercentages = renderAsPercentages;,0.0,10206,11201
996,S7767,StackedBarRenderer3D.java,249,if (this.renderAsPercentages) {,0.0,10206,11201
996,S7768,StackedBarRenderer3D.java,253,return DatasetUtilities.findStackedRangeBounds(dataset);,0.0,10206,11201
996,S7769,StackedBarRenderer3D.java,271,"CategoryAxis domainAxis = getDomainAxis(plot, rendererIndex);",0.0,10206,11201
996,S7770,StackedBarRenderer3D.java,272,CategoryDataset data = plot.getDataset(rendererIndex);,0.0,10206,11201
996,S7771,StackedBarRenderer3D.java,273,if (data != null) {,0.0,10206,11201
996,S7772,StackedBarRenderer3D.java,274,PlotOrientation orientation = plot.getOrientation();,0.0,10206,11201
996,S7773,StackedBarRenderer3D.java,275,double space = 0.0;,0.0,10206,11201
996,S7774,StackedBarRenderer3D.java,276,if (orientation == PlotOrientation.HORIZONTAL) {,0.0,10206,11201
996,S7775,StackedBarRenderer3D.java,277,space = dataArea.getHeight();,0.0,10206,11201
996,S7776,StackedBarRenderer3D.java,282,double maxWidth = space * getMaximumBarWidth();,0.0,10206,11201
996,S7777,StackedBarRenderer3D.java,283,int columns = data.getColumnCount();,0.0,10206,11201
996,S7778,StackedBarRenderer3D.java,284,double categoryMargin = 0.0;,0.0,10206,11201
996,S7779,StackedBarRenderer3D.java,285,if (columns > 1) {,0.0,10206,11201
996,S7780,StackedBarRenderer3D.java,286,categoryMargin = domainAxis.getCategoryMargin();,0.0,10206,11201
996,S7781,StackedBarRenderer3D.java,289,double used = space * (1 - domainAxis.getLowerMargin(),0.0,10206,11201
996,S7782,StackedBarRenderer3D.java,292,if (columns > 0) {,0.0,10206,11201
996,S7783,StackedBarRenderer3D.java,293,"state.setBarWidth(Math.min(used / columns, maxWidth));",0.0,10206,11201
996,S7784,StackedBarRenderer3D.java,319,List result = new ArrayList();,0.0,10206,11201
996,S7785,StackedBarRenderer3D.java,320,double posBase = base;,0.0,10206,11201
996,S7786,StackedBarRenderer3D.java,321,double negBase = base;,0.0,10206,11201
996,S7787,StackedBarRenderer3D.java,322,double total = 0.0;,0.0,10206,11201
996,S7788,StackedBarRenderer3D.java,323,if (asPercentages) {,0.0,10206,11201
996,S7789,StackedBarRenderer3D.java,328,int baseIndex = -1;,0.0,10206,11201
996,S7790,StackedBarRenderer3D.java,329,int seriesCount = dataset.getRowCount();,0.0,10206,11201
996,S7791,StackedBarRenderer3D.java,330,for (int s = 0; s < seriesCount; s++) {,0.0,10206,11201
996,S7792,StackedBarRenderer3D.java,331,"Number n = dataset.getValue(dataset.getRowKey(s), category);",0.0,10206,11201
996,S7793,StackedBarRenderer3D.java,332,if (n == null) {,0.0,10206,11201
996,S7794,StackedBarRenderer3D.java,335,double v = n.doubleValue();,0.0,10206,11201
996,S7795,StackedBarRenderer3D.java,336,if (asPercentages) {,0.0,10206,11201
996,S7796,StackedBarRenderer3D.java,339,if ((v > 0.0) || (!this.ignoreZeroValues && v >= 0.0)) {,0.0,10206,11201
996,S7797,StackedBarRenderer3D.java,340,if (baseIndex < 0) {,0.0,10206,11201
996,S7798,StackedBarRenderer3D.java,344,posBase = posBase + v;,0.0,10206,11201
996,S7799,StackedBarRenderer3D.java,345,"result.add(new Object[] {new Integer(s), new Double(posBase)});",0.0,10206,11201
996,S7800,StackedBarRenderer3D.java,347,else if (v < 0.0) {,0.0,10206,11201
996,S7801,StackedBarRenderer3D.java,348,if (baseIndex < 0) {,0.0,10206,11201
996,S7802,StackedBarRenderer3D.java,349,"result.add(new Object[] {null, new Double(base)});",0.0,10206,11201
996,S7803,StackedBarRenderer3D.java,350,baseIndex = 0;,0.0,10206,11201
996,S7804,StackedBarRenderer3D.java,352,negBase = negBase + v; // '+' because v is negative,0.0,10206,11201
996,S7805,StackedBarRenderer3D.java,353,"result.add(0, new Object[] {new Integer(-s),",0.0,10206,11201
996,S7806,StackedBarRenderer3D.java,355,baseIndex++;,0.0,10206,11201
996,S7807,StackedBarRenderer3D.java,358,return result;,0.0,10206,11201
996,S7808,StackedBarRenderer3D.java,391,if (row < dataset.getRowCount() - 1) {,0.0,10206,11201
996,S7809,StackedBarRenderer3D.java,392,return;,0.0,10206,11201
996,S7810,StackedBarRenderer3D.java,394,Comparable category = dataset.getColumnKey(column);,0.0,10206,11201
996,S7811,StackedBarRenderer3D.java,396,"List values = createStackedValueList(dataset,",0.0,10206,11201
996,S7812,StackedBarRenderer3D.java,400,"Rectangle2D adjusted = new Rectangle2D.Double(dataArea.getX(),",0.0,10206,11201
996,S7813,StackedBarRenderer3D.java,406,PlotOrientation orientation = plot.getOrientation();,0.0,10206,11201
996,S7814,StackedBarRenderer3D.java,409,if (orientation == PlotOrientation.HORIZONTAL) {,0.0,10206,11201
996,S7815,StackedBarRenderer3D.java,410,"drawStackHorizontal(values, category, g2, state, adjusted, plot,",0.0,10206,11201
996,S7816,StackedBarRenderer3D.java,441,int column = dataset.getColumnIndex(category);,0.0,10206,11201
996,S7817,StackedBarRenderer3D.java,442,"double barX0 = domainAxis.getCategoryMiddle(column,",0.0,10206,11201
996,S7818,StackedBarRenderer3D.java,445,double barW = state.getBarWidth();,0.0,10206,11201
996,S7819,StackedBarRenderer3D.java,449,List itemLabelList = new ArrayList();,0.0,10206,11201
996,S7820,StackedBarRenderer3D.java,452,boolean inverted = rangeAxis.isInverted();,0.0,10206,11201
996,S7821,StackedBarRenderer3D.java,453,int blockCount = values.size() - 1;,0.0,10206,11201
996,S7822,StackedBarRenderer3D.java,454,for (int k = 0; k < blockCount; k++) {,0.0,10206,11201
996,S7823,StackedBarRenderer3D.java,455,int index = (inverted ? blockCount - k - 1 : k);,0.0,10206,11201
996,S7824,StackedBarRenderer3D.java,456,Object[] prev = (Object[]) values.get(index);,0.0,10206,11201
996,S7825,StackedBarRenderer3D.java,457,Object[] curr = (Object[]) values.get(index + 1);,0.0,10206,11201
996,S7826,StackedBarRenderer3D.java,458,int series = 0;,0.0,10206,11201
996,S7827,StackedBarRenderer3D.java,459,if (curr[0] == null) {,0.0,10206,11201
996,S7828,StackedBarRenderer3D.java,460,series = -((Integer) prev[0]).intValue();,0.0,10206,11201
996,S7829,StackedBarRenderer3D.java,463,series = ((Integer) curr[0]).intValue();,0.0,10206,11201
996,S7830,StackedBarRenderer3D.java,464,if (series < 0) {,0.0,10206,11201
996,S7831,StackedBarRenderer3D.java,468,double v0 = ((Double) prev[1]).doubleValue();,0.0,10206,11201
996,S7832,StackedBarRenderer3D.java,469,"double vv0 = rangeAxis.valueToJava2D(v0, dataArea,",0.0,10206,11201
996,S7833,StackedBarRenderer3D.java,472,double v1 = ((Double) curr[1]).doubleValue();,0.0,10206,11201
996,S7834,StackedBarRenderer3D.java,473,"double vv1 = rangeAxis.valueToJava2D(v1, dataArea,",0.0,10206,11201
996,S7835,StackedBarRenderer3D.java,476,"Shape[] faces = createHorizontalBlock(barX0, barW, vv0, vv1,",0.0,10206,11201
996,S7836,StackedBarRenderer3D.java,478,"Paint fillPaint = getItemPaint(series, column);",0.0,10206,11201
996,S7837,StackedBarRenderer3D.java,479,Paint fillPaintDark = fillPaint;,0.0,10206,11201
996,S7838,StackedBarRenderer3D.java,480,if (fillPaintDark instanceof Color) {,0.0,10206,11201
996,S7839,StackedBarRenderer3D.java,481,fillPaintDark = ((Color) fillPaint).darker();,0.0,10206,11201
996,S7840,StackedBarRenderer3D.java,483,boolean drawOutlines = isDrawBarOutline();,0.0,10206,11201
996,S7841,StackedBarRenderer3D.java,484,Paint outlinePaint = fillPaint;,0.0,10206,11201
996,S7842,StackedBarRenderer3D.java,485,if (drawOutlines) {,0.0,10206,11201
996,S7843,StackedBarRenderer3D.java,489,for (int f = 0; f < 6; f++) {,0.0,10206,11201
996,S7844,StackedBarRenderer3D.java,490,if (f == 5) {,0.0,10206,11201
996,S7845,StackedBarRenderer3D.java,491,g2.setPaint(fillPaint);,0.0,10206,11201
996,S7846,StackedBarRenderer3D.java,494,g2.setPaint(fillPaintDark);,0.0,10206,11201
996,S7847,StackedBarRenderer3D.java,496,g2.fill(faces[f]);,0.0,10206,11201
996,S7848,StackedBarRenderer3D.java,497,if (drawOutlines) {,0.0,10206,11201
996,S7849,StackedBarRenderer3D.java,503,"itemLabelList.add(new Object[] {new Integer(series),",0.0,10206,11201
996,S7850,StackedBarRenderer3D.java,508,EntityCollection entities = state.getEntityCollection();,0.0,10206,11201
996,S7851,StackedBarRenderer3D.java,509,if (entities != null) {,0.0,10206,11201
996,S7852,StackedBarRenderer3D.java,515,for (int i = 0; i < itemLabelList.size(); i++) {,0.0,10206,11201
996,S7853,StackedBarRenderer3D.java,516,Object[] record = (Object[]) itemLabelList.get(i);,0.0,10206,11201
996,S7854,StackedBarRenderer3D.java,517,int series = ((Integer) record[0]).intValue();,0.0,10206,11201
996,S7855,StackedBarRenderer3D.java,518,Rectangle2D bar = (Rectangle2D) record[1];,0.0,10206,11201
996,S7856,StackedBarRenderer3D.java,519,boolean neg = ((Boolean) record[2]).booleanValue();,0.0,10206,11201
996,S7857,StackedBarRenderer3D.java,520,CategoryItemLabelGenerator generator,0.0,10206,11201
996,S7858,StackedBarRenderer3D.java,522,"if (generator != null && isItemLabelVisible(series, column)) {",0.0,10206,11201
996,S7859,StackedBarRenderer3D.java,545,Shape[] result = new Shape[6];,0.0,10206,11201
996,S7860,StackedBarRenderer3D.java,546,"Point2D p00 = new Point2D.Double(y0, x0);",0.0,10206,11201
996,S7861,StackedBarRenderer3D.java,547,"Point2D p01 = new Point2D.Double(y0, x0 + width);",0.0,10206,11201
996,S7862,StackedBarRenderer3D.java,548,"Point2D p02 = new Point2D.Double(p01.getX() + getXOffset(),",0.0,10206,11201
996,S7863,StackedBarRenderer3D.java,550,"Point2D p03 = new Point2D.Double(p00.getX() + getXOffset(),",0.0,10206,11201
996,S7864,StackedBarRenderer3D.java,553,"Point2D p0 = new Point2D.Double(y1, x0);",0.0,10206,11201
996,S7865,StackedBarRenderer3D.java,554,"Point2D p1 = new Point2D.Double(y1, x0 + width);",0.0,10206,11201
996,S7866,StackedBarRenderer3D.java,555,"Point2D p2 = new Point2D.Double(p1.getX() + getXOffset(),",0.0,10206,11201
996,S7867,StackedBarRenderer3D.java,557,"Point2D p3 = new Point2D.Double(p0.getX() + getXOffset(),",0.0,10206,11201
996,S7868,StackedBarRenderer3D.java,560,GeneralPath bottom = new GeneralPath();,0.0,10206,11201
996,S7869,StackedBarRenderer3D.java,561,"bottom.moveTo((float) p1.getX(), (float) p1.getY());",0.0,10206,11201
996,S7870,StackedBarRenderer3D.java,562,"bottom.lineTo((float) p01.getX(), (float) p01.getY());",0.0,10206,11201
996,S7871,StackedBarRenderer3D.java,563,"bottom.lineTo((float) p02.getX(), (float) p02.getY());",0.0,10206,11201
996,S7872,StackedBarRenderer3D.java,564,"bottom.lineTo((float) p2.getX(), (float) p2.getY());",0.0,10206,11201
996,S7873,StackedBarRenderer3D.java,565,bottom.closePath();,0.0,10206,11201
996,S7874,StackedBarRenderer3D.java,567,GeneralPath top = new GeneralPath();,0.0,10206,11201
996,S7875,StackedBarRenderer3D.java,568,"top.moveTo((float) p0.getX(), (float) p0.getY());",0.0,10206,11201
996,S7876,StackedBarRenderer3D.java,569,"top.lineTo((float) p00.getX(), (float) p00.getY());",0.0,10206,11201
996,S7877,StackedBarRenderer3D.java,570,"top.lineTo((float) p03.getX(), (float) p03.getY());",0.0,10206,11201
996,S7878,StackedBarRenderer3D.java,571,"top.lineTo((float) p3.getX(), (float) p3.getY());",0.0,10206,11201
996,S7879,StackedBarRenderer3D.java,572,top.closePath();,0.0,10206,11201
996,S7880,StackedBarRenderer3D.java,574,GeneralPath back = new GeneralPath();,0.0,10206,11201
996,S7881,StackedBarRenderer3D.java,575,"back.moveTo((float) p2.getX(), (float) p2.getY());",0.0,10206,11201
996,S7882,StackedBarRenderer3D.java,576,"back.lineTo((float) p02.getX(), (float) p02.getY());",0.0,10206,11201
996,S7883,StackedBarRenderer3D.java,577,"back.lineTo((float) p03.getX(), (float) p03.getY());",0.0,10206,11201
996,S7884,StackedBarRenderer3D.java,578,"back.lineTo((float) p3.getX(), (float) p3.getY());",0.0,10206,11201
996,S7885,StackedBarRenderer3D.java,579,back.closePath();,0.0,10206,11201
996,S7886,StackedBarRenderer3D.java,581,GeneralPath front = new GeneralPath();,0.0,10206,11201
996,S7887,StackedBarRenderer3D.java,582,"front.moveTo((float) p0.getX(), (float) p0.getY());",0.0,10206,11201
996,S7888,StackedBarRenderer3D.java,583,"front.lineTo((float) p1.getX(), (float) p1.getY());",0.0,10206,11201
996,S7889,StackedBarRenderer3D.java,584,"front.lineTo((float) p01.getX(), (float) p01.getY());",0.0,10206,11201
996,S7890,StackedBarRenderer3D.java,585,"front.lineTo((float) p00.getX(), (float) p00.getY());",0.0,10206,11201
996,S7891,StackedBarRenderer3D.java,586,front.closePath();,0.0,10206,11201
996,S7892,StackedBarRenderer3D.java,588,GeneralPath left = new GeneralPath();,0.0,10206,11201
996,S7893,StackedBarRenderer3D.java,589,"left.moveTo((float) p0.getX(), (float) p0.getY());",0.0,10206,11201
996,S7894,StackedBarRenderer3D.java,590,"left.lineTo((float) p1.getX(), (float) p1.getY());",0.0,10206,11201
996,S7895,StackedBarRenderer3D.java,591,"left.lineTo((float) p2.getX(), (float) p2.getY());",0.0,10206,11201
996,S7896,StackedBarRenderer3D.java,592,"left.lineTo((float) p3.getX(), (float) p3.getY());",0.0,10206,11201
996,S7897,StackedBarRenderer3D.java,593,left.closePath();,0.0,10206,11201
996,S7898,StackedBarRenderer3D.java,595,GeneralPath right = new GeneralPath();,0.0,10206,11201
996,S7899,StackedBarRenderer3D.java,596,"right.moveTo((float) p00.getX(), (float) p00.getY());",0.0,10206,11201
996,S7900,StackedBarRenderer3D.java,597,"right.lineTo((float) p01.getX(), (float) p01.getY());",0.0,10206,11201
996,S7901,StackedBarRenderer3D.java,598,"right.lineTo((float) p02.getX(), (float) p02.getY());",0.0,10206,11201
996,S7902,StackedBarRenderer3D.java,599,"right.lineTo((float) p03.getX(), (float) p03.getY());",0.0,10206,11201
996,S7903,StackedBarRenderer3D.java,600,right.closePath();,0.0,10206,11201
996,S7904,StackedBarRenderer3D.java,601,result[0] = bottom;,0.0,10206,11201
996,S7905,StackedBarRenderer3D.java,602,result[1] = back;,0.0,10206,11201
996,S7906,StackedBarRenderer3D.java,603,if (inverted) {,0.0,10206,11201
996,S7907,StackedBarRenderer3D.java,608,result[2] = left;,0.0,10206,11201
996,S7908,StackedBarRenderer3D.java,609,result[3] = right;,0.0,10206,11201
996,S7909,StackedBarRenderer3D.java,611,result[4] = top;,0.0,10206,11201
996,S7910,StackedBarRenderer3D.java,612,result[5] = front;,0.0,10206,11201
996,S7911,StackedBarRenderer3D.java,613,return result;,0.0,10206,11201
996,S7912,StackedXYAreaRenderer.java,144,super(info);,0.0,10206,11201
996,S7913,StackedXYAreaRenderer.java,145,this.seriesArea = null;,0.0,10206,11201
996,S7914,StackedXYAreaRenderer.java,146,this.line = new Line2D.Double();,0.0,10206,11201
996,S7915,StackedXYAreaRenderer.java,147,this.lastSeriesPoints = new Stack();,0.0,10206,11201
996,S7916,StackedXYAreaRenderer.java,148,this.currentSeriesPoints = new Stack();,0.0,10206,11201
996,S7917,StackedXYAreaRenderer.java,157,return this.seriesArea;,0.0,10206,11201
996,S7918,StackedXYAreaRenderer.java,166,this.seriesArea = area;,0.0,10206,11201
996,S7919,StackedXYAreaRenderer.java,175,return this.line;,0.0,10206,11201
996,S7920,StackedXYAreaRenderer.java,184,return this.currentSeriesPoints;,0.0,10206,11201
996,S7921,StackedXYAreaRenderer.java,193,this.currentSeriesPoints = points;,0.0,10206,11201
996,S7922,StackedXYAreaRenderer.java,202,return this.lastSeriesPoints;,0.0,10206,11201
996,S7923,StackedXYAreaRenderer.java,211,this.lastSeriesPoints = points;,0.0,10206,11201
996,S7924,StackedXYAreaRenderer.java,219,private transient Paint shapePaint = null;,0.0,10206,11201
996,S7925,StackedXYAreaRenderer.java,225,private transient Stroke shapeStroke = null;,0.0,10206,11201
996,S7926,StackedXYAreaRenderer.java,231,this(AREA);,0.0,10206,11201
996,S7927,StackedXYAreaRenderer.java,240,"this(type, null, null);",0.0,10206,11201
996,S7928,StackedXYAreaRenderer.java,258,"super(type, labelGenerator, urlGenerator);",0.0,10206,11201
996,S7929,StackedXYAreaRenderer.java,282,this.shapePaint = shapePaint;,0.0,10206,11201
996,S7930,StackedXYAreaRenderer.java,283,fireChangeEvent();,0.0,10206,11201
996,S7931,StackedXYAreaRenderer.java,307,this.shapeStroke = shapeStroke;,0.0,10206,11201
996,S7932,StackedXYAreaRenderer.java,308,fireChangeEvent();,0.0,10206,11201
996,S7933,StackedXYAreaRenderer.java,332,XYItemRendererState state = new StackedXYAreaRendererState(info);,0.0,10206,11201
996,S7934,StackedXYAreaRenderer.java,335,state.setProcessVisibleItemsOnly(false);,0.0,10206,11201
996,S7935,StackedXYAreaRenderer.java,336,return state;,0.0,10206,11201
996,S7936,StackedXYAreaRenderer.java,345,return 2;,0.0,10206,11201
996,S7937,StackedXYAreaRenderer.java,361,if (dataset != null) {,0.0,10206,11201
996,S7938,StackedXYAreaRenderer.java,362,return DatasetUtilities.findStackedRangeBounds(,0.0,10206,11201
996,S7939,StackedXYAreaRenderer.java,404,PlotOrientation orientation = plot.getOrientation();,0.0,10206,11201
996,S7940,StackedXYAreaRenderer.java,405,StackedXYAreaRendererState areaState,0.0,10206,11201
996,S7941,StackedXYAreaRenderer.java,409,TableXYDataset tdataset = (TableXYDataset) dataset;,0.0,10206,11201
996,S7942,StackedXYAreaRenderer.java,410,int itemCount = tdataset.getItemCount();,0.0,10206,11201
996,S7943,StackedXYAreaRenderer.java,413,"double x1 = dataset.getXValue(series, item);",0.0,10206,11201
996,S7944,StackedXYAreaRenderer.java,414,"double y1 = dataset.getYValue(series, item);",0.0,10206,11201
996,S7945,StackedXYAreaRenderer.java,415,boolean nullPoint = false;,0.0,10206,11201
996,S7946,StackedXYAreaRenderer.java,416,if (Double.isNaN(y1)) {,0.0,10206,11201
996,S7947,StackedXYAreaRenderer.java,422,"double ph1 = getPreviousHeight(tdataset, series, item);",0.0,10206,11201
996,S7948,StackedXYAreaRenderer.java,423,"double transX1 = domainAxis.valueToJava2D(x1, dataArea,",0.0,10206,11201
996,S7949,StackedXYAreaRenderer.java,425,"double transY1 = rangeAxis.valueToJava2D(y1 + ph1, dataArea,",0.0,10206,11201
996,S7950,StackedXYAreaRenderer.java,429,"Paint seriesPaint = getItemPaint(series, item);",0.0,10206,11201
996,S7951,StackedXYAreaRenderer.java,430,"Stroke seriesStroke = getItemStroke(series, item);",0.0,10206,11201
996,S7952,StackedXYAreaRenderer.java,432,if (pass == 0) {,0.0,10206,11201
996,S7953,StackedXYAreaRenderer.java,435,if (item == 0) {,0.0,10206,11201
996,S7954,StackedXYAreaRenderer.java,437,areaState.setSeriesArea(new Polygon());,0.0,10206,11201
996,S7955,StackedXYAreaRenderer.java,438,areaState.setLastSeriesPoints(,0.0,10206,11201
996,S7956,StackedXYAreaRenderer.java,440,areaState.setCurrentSeriesPoints(new Stack());,0.0,10206,11201
996,S7957,StackedXYAreaRenderer.java,443,"double transY2 = rangeAxis.valueToJava2D(ph1, dataArea,",0.0,10206,11201
996,S7958,StackedXYAreaRenderer.java,447,if (orientation == PlotOrientation.VERTICAL) {,0.0,10206,11201
996,S7959,StackedXYAreaRenderer.java,448,"areaState.getSeriesArea().addPoint((int) transX1,",0.0,10206,11201
996,S7960,StackedXYAreaRenderer.java,458,if (orientation == PlotOrientation.VERTICAL) {,0.0,10206,11201
996,S7961,StackedXYAreaRenderer.java,459,"Point point = new Point((int) transX1, (int) transY1);",0.0,10206,11201
996,S7962,StackedXYAreaRenderer.java,460,"areaState.getSeriesArea().addPoint((int) point.getX(),",0.0,10206,11201
996,S7963,StackedXYAreaRenderer.java,462,areaState.getCurrentSeriesPoints().push(point);,0.0,10206,11201
996,S7964,StackedXYAreaRenderer.java,469,if (getPlotLines()) {,0.0,10206,11201
996,S7965,StackedXYAreaRenderer.java,470,if (item > 0) {,0.0,10206,11201
996,S7966,StackedXYAreaRenderer.java,472,"double x0 = dataset.getXValue(series, item - 1);",0.0,10206,11201
996,S7967,StackedXYAreaRenderer.java,473,"double y0 = dataset.getYValue(series, item - 1);",0.0,10206,11201
996,S7968,StackedXYAreaRenderer.java,474,"double ph0 = getPreviousHeight(tdataset, series, item - 1);",0.0,10206,11201
996,S7969,StackedXYAreaRenderer.java,475,"double transX0 = domainAxis.valueToJava2D(x0, dataArea,",0.0,10206,11201
996,S7970,StackedXYAreaRenderer.java,477,"double transY0 = rangeAxis.valueToJava2D(y0 + ph0,",0.0,10206,11201
996,S7971,StackedXYAreaRenderer.java,480,if (orientation == PlotOrientation.VERTICAL) {,0.0,10206,11201
996,S7972,StackedXYAreaRenderer.java,481,"areaState.getLine().setLine(transX0, transY0, transX1,",0.0,10206,11201
996,S7973,StackedXYAreaRenderer.java,488,g2.draw(areaState.getLine());,0.0,10206,11201
996,S7974,StackedXYAreaRenderer.java,494,if (getPlotArea() && item > 0 && item == (itemCount - 1)) {,0.0,10206,11201
996,S7975,StackedXYAreaRenderer.java,496,"double transY2 = rangeAxis.valueToJava2D(ph1, dataArea,",0.0,10206,11201
996,S7976,StackedXYAreaRenderer.java,499,if (orientation == PlotOrientation.VERTICAL) {,0.0,10206,11201
996,S7977,StackedXYAreaRenderer.java,501,"areaState.getSeriesArea().addPoint((int) transX1,",0.0,10206,11201
996,S7978,StackedXYAreaRenderer.java,512,if (series != 0) {,0.0,10206,11201
996,S7979,StackedXYAreaRenderer.java,513,Stack points = areaState.getLastSeriesPoints();,0.0,10206,11201
996,S7980,StackedXYAreaRenderer.java,514,while (!points.empty()) {,0.0,10206,11201
996,S7981,StackedXYAreaRenderer.java,522,g2.setPaint(seriesPaint);,0.0,10206,11201
996,S7982,StackedXYAreaRenderer.java,523,g2.setStroke(seriesStroke);,0.0,10206,11201
996,S7983,StackedXYAreaRenderer.java,524,g2.fill(areaState.getSeriesArea());,0.0,10206,11201
996,S7984,StackedXYAreaRenderer.java,527,if (isOutline()) {,0.0,10206,11201
996,S7985,StackedXYAreaRenderer.java,534,int domainAxisIndex = plot.getDomainAxisIndex(domainAxis);,0.0,10206,11201
996,S7986,StackedXYAreaRenderer.java,535,int rangeAxisIndex = plot.getRangeAxisIndex(rangeAxis);,0.0,10206,11201
996,S7987,StackedXYAreaRenderer.java,536,"updateCrosshairValues(crosshairState, x1, ph1 + y1, domainAxisIndex,",0.0,10206,11201
996,S7988,StackedXYAreaRenderer.java,540,else if (pass == 1) {,0.0,10206,11201
996,S7989,StackedXYAreaRenderer.java,544,Shape shape = null;,0.0,10206,11201
996,S7990,StackedXYAreaRenderer.java,545,if (getPlotShapes()) {,0.0,10206,11201
996,S7991,StackedXYAreaRenderer.java,572,if (plot.getOrientation() == PlotOrientation.VERTICAL) {,0.0,10206,11201
996,S7992,StackedXYAreaRenderer.java,573,"shape = new Rectangle2D.Double(transX1 - 3, transY1 - 3,",0.0,10206,11201
996,S7993,StackedXYAreaRenderer.java,581,EntityCollection entities = state.getEntityCollection();,0.0,10206,11201
996,S7994,StackedXYAreaRenderer.java,582,if (entities != null) {,0.0,10206,11201
996,S7995,StackedXYAreaRenderer.java,602,double result = 0.0;,0.0,10206,11201
996,S7996,StackedXYAreaRenderer.java,603,for (int i = 0; i < series; i++) {,0.0,10206,11201
996,S7997,StackedXYAreaRenderer.java,604,"double value = dataset.getYValue(i, index);",0.0,10206,11201
996,S7998,StackedXYAreaRenderer.java,605,if (!Double.isNaN(value)) {,0.0,10206,11201
996,S7999,StackedXYAreaRenderer.java,606,result += value;,0.0,10206,11201
996,S8000,StackedXYAreaRenderer.java,609,return result;,0.0,10206,11201
996,S8001,StackedXYAreaRenderer.java,620,if (obj == this) {,0.0,10206,11201
996,S8002,StackedXYAreaRenderer.java,623,if (!(obj instanceof StackedXYAreaRenderer) || !super.equals(obj)) {,0.0,10206,11201
996,S8003,StackedXYAreaRenderer.java,626,StackedXYAreaRenderer that = (StackedXYAreaRenderer) obj;,0.0,10206,11201
996,S8004,StackedXYAreaRenderer.java,627,"if (!PaintUtilities.equal(this.shapePaint, that.shapePaint)) {",0.0,10206,11201
996,S8005,StackedXYAreaRenderer.java,628,return false;,0.0,10206,11201
996,S8006,StackedXYAreaRenderer.java,630,"if (!ObjectUtilities.equal(this.shapeStroke, that.shapeStroke)) {",0.0,10206,11201
996,S8007,StackedXYAreaRenderer.java,631,return false;,0.0,10206,11201
996,S8008,StackedXYAreaRenderer.java,633,return true;,0.0,10206,11201
996,S8009,StackedXYAreaRenderer.java,644,return super.clone();,0.0,10206,11201
996,S8010,StackedXYAreaRenderer.java,657,stream.defaultReadObject();,0.0,10206,11201
996,S8011,StackedXYAreaRenderer.java,658,this.shapePaint = SerialUtilities.readPaint(stream);,0.0,10206,11201
996,S8012,StackedXYAreaRenderer.java,659,this.shapeStroke = SerialUtilities.readStroke(stream);,0.0,10206,11201
996,S8013,StackedXYAreaRenderer.java,670,stream.defaultWriteObject();,0.0,10206,11201
996,S8014,StackedXYAreaRenderer.java,671,"SerialUtilities.writePaint(this.shapePaint, stream);",0.0,10206,11201
996,S8015,StackedXYAreaRenderer.java,672,"SerialUtilities.writeStroke(this.shapeStroke, stream);",0.0,10206,11201
996,S8016,StackedXYAreaRenderer2.java,106,"this(null, null);",0.0,10206,11201
996,S8017,StackedXYAreaRenderer2.java,118,"super(labelGenerator, urlGenerator);",0.0,10206,11201
996,S8018,StackedXYAreaRenderer2.java,119,this.roundXCoordinates = true;,0.0,10206,11201
996,S8019,StackedXYAreaRenderer2.java,133,return this.roundXCoordinates;,0.0,10206,11201
996,S8020,StackedXYAreaRenderer2.java,148,this.roundXCoordinates = round;,0.0,10206,11201
996,S8021,StackedXYAreaRenderer2.java,149,notifyListeners(new RendererChangeEvent(this));,0.0,10206,11201
996,S8022,StackedXYAreaRenderer2.java,162,if (dataset == null) {,0.0,10206,11201
996,S8023,StackedXYAreaRenderer2.java,163,return null;,0.0,10206,11201
996,S8024,StackedXYAreaRenderer2.java,165,double min = Double.POSITIVE_INFINITY;,0.0,10206,11201
996,S8025,StackedXYAreaRenderer2.java,166,double max = Double.NEGATIVE_INFINITY;,0.0,10206,11201
996,S8026,StackedXYAreaRenderer2.java,167,TableXYDataset d = (TableXYDataset) dataset;,0.0,10206,11201
996,S8027,StackedXYAreaRenderer2.java,168,int itemCount = d.getItemCount();,0.0,10206,11201
996,S8028,StackedXYAreaRenderer2.java,169,for (int i = 0; i < itemCount; i++) {,0.0,10206,11201
996,S8029,StackedXYAreaRenderer2.java,170,"double[] stackValues = getStackValues((TableXYDataset) dataset,",0.0,10206,11201
996,S8030,StackedXYAreaRenderer2.java,172,"min = Math.min(min, stackValues[0]);",0.0,10206,11201
996,S8031,StackedXYAreaRenderer2.java,173,"max = Math.max(max, stackValues[1]);",0.0,10206,11201
996,S8032,StackedXYAreaRenderer2.java,175,if (min == Double.POSITIVE_INFINITY) {,0.0,10206,11201
996,S8033,StackedXYAreaRenderer2.java,176,return null;,0.0,10206,11201
996,S8034,StackedXYAreaRenderer2.java,178,"return new Range(min, max);",0.0,10206,11201
996,S8035,StackedXYAreaRenderer2.java,411,double[] result = new double[2];,0.0,10206,11201
996,S8036,StackedXYAreaRenderer2.java,412,for (int i = 0; i < series; i++) {,0.0,10206,11201
996,S8037,StackedXYAreaRenderer2.java,413,"double v = dataset.getYValue(i, index);",0.0,10206,11201
996,S8038,StackedXYAreaRenderer2.java,414,if (!Double.isNaN(v)) {,0.0,10206,11201
996,S8039,StackedXYAreaRenderer2.java,415,if (v >= 0.0) {,0.0,10206,11201
996,S8040,StackedXYAreaRenderer2.java,416,result[1] += v;,0.0,10206,11201
996,S8041,StackedXYAreaRenderer2.java,423,return result;,0.0,10206,11201
996,S8042,StackedXYAreaRenderer2.java,477,if (obj == this) {,0.0,10206,11201
996,S8043,StackedXYAreaRenderer2.java,480,if (!(obj instanceof StackedXYAreaRenderer2)) {,0.0,10206,11201
996,S8044,StackedXYAreaRenderer2.java,483,StackedXYAreaRenderer2 that = (StackedXYAreaRenderer2) obj;,0.0,10206,11201
996,S8045,StackedXYAreaRenderer2.java,484,if (this.roundXCoordinates != that.roundXCoordinates) {,0.0,10206,11201
996,S8046,StackedXYAreaRenderer2.java,485,return false;,0.0,10206,11201
996,S8047,StackedXYAreaRenderer2.java,487,return super.equals(obj);,0.0,10206,11201
996,S8048,StackedXYAreaRenderer2.java,498,return super.clone();,0.0,10206,11201
996,S8049,StackedXYBarRenderer.java,99,this(0.0);,0.0,10206,11201
996,S8050,StackedXYBarRenderer.java,108,super(margin);,0.0,10206,11201
996,S8051,StackedXYBarRenderer.java,109,this.renderAsPercentages = false;,0.0,10206,11201
996,S8052,StackedXYBarRenderer.java,113,"ItemLabelPosition p = new ItemLabelPosition(ItemLabelAnchor.CENTER,",0.0,10206,11201
996,S8053,StackedXYBarRenderer.java,115,setBasePositiveItemLabelPosition(p);,0.0,10206,11201
996,S8054,StackedXYBarRenderer.java,116,setBaseNegativeItemLabelPosition(p);,0.0,10206,11201
996,S8055,StackedXYBarRenderer.java,117,setPositiveItemLabelPositionFallback(null);,0.0,10206,11201
996,S8056,StackedXYBarRenderer.java,118,setNegativeItemLabelPositionFallback(null);,0.0,10206,11201
996,S8057,StackedXYBarRenderer.java,148,this.renderAsPercentages = asPercentages;,0.0,10206,11201
996,S8058,StackedXYBarRenderer.java,149,notifyListeners(new RendererChangeEvent(this));,0.0,10206,11201
996,S8059,StackedXYBarRenderer.java,195,if (dataset != null) {,0.0,10206,11201
996,S8060,StackedXYBarRenderer.java,196,if (this.renderAsPercentages) {,0.0,10206,11201
996,S8061,StackedXYBarRenderer.java,200,return DatasetUtilities.findStackedRangeBounds(,0.0,10206,11201
996,S8062,StackedXYBarRenderer.java,395,if (obj == this) {,0.0,10206,11201
996,S8063,StackedXYBarRenderer.java,398,if (!(obj instanceof StackedXYBarRenderer)) {,0.0,10206,11201
996,S8064,StackedXYBarRenderer.java,401,StackedXYBarRenderer that = (StackedXYBarRenderer) obj;,0.0,10206,11201
996,S8065,StackedXYBarRenderer.java,402,if (this.renderAsPercentages != that.renderAsPercentages) {,0.0,10206,11201
996,S8066,StackedXYBarRenderer.java,403,return false;,0.0,10206,11201
996,S8067,StackedXYBarRenderer.java,405,return super.equals(obj);,0.0,10206,11201
996,S8068,StackedXYBarRenderer.java,414,int result = super.hashCode();,0.0,10206,11201
996,S8069,StackedXYBarRenderer.java,415,result = result * 37 + (this.renderAsPercentages ? 1 : 0 );,0.0,10206,11201
996,S8070,StackedXYBarRenderer.java,416,return result;,0.0,10206,11201
996,S8071,StandardCategorySeriesLabelGenerator.java,73,this(DEFAULT_LABEL_FORMAT);,0.0,10206,11201
996,S8072,StandardCategorySeriesLabelGenerator.java,81,public StandardCategorySeriesLabelGenerator(String format) {,0.0,10206,11201
996,S8073,StandardCategorySeriesLabelGenerator.java,82,if (format == null) {,0.0,10206,11201
996,S8074,StandardCategorySeriesLabelGenerator.java,85,this.formatPattern = format;,0.0,10206,11201
996,S8075,StandardCategorySeriesLabelGenerator.java,97,if (dataset == null) {,0.0,10206,11201
996,S8076,StandardCategorySeriesLabelGenerator.java,100,"String label = MessageFormat.format(this.formatPattern,",0.0,10206,11201
996,S8077,StandardCategorySeriesLabelGenerator.java,102,return label;,0.0,10206,11201
996,S8078,StandardCategorySeriesLabelGenerator.java,115,Object[] result = new Object[1];,0.0,10206,11201
996,S8079,StandardCategorySeriesLabelGenerator.java,116,result[0] = dataset.getRowKey(series).toString();,0.0,10206,11201
996,S8080,StandardCategorySeriesLabelGenerator.java,117,return result;,0.0,10206,11201
996,S8081,StandardCategorySeriesLabelGenerator.java,139,if (obj == this) {,0.0,10206,11201
996,S8082,StandardCategorySeriesLabelGenerator.java,142,if (!(obj instanceof StandardCategorySeriesLabelGenerator)) {,0.0,10206,11201
996,S8083,StandardCategorySeriesLabelGenerator.java,145,StandardCategorySeriesLabelGenerator that,0.0,10206,11201
996,S8084,StandardCategorySeriesLabelGenerator.java,147,if (!this.formatPattern.equals(that.formatPattern)) {,0.0,10206,11201
996,S8085,StandardCategorySeriesLabelGenerator.java,150,return true;,0.0,10206,11201
996,S8086,StandardCategoryToolTipGenerator.java,70,"super(DEFAULT_TOOL_TIP_FORMAT_STRING, NumberFormat.getInstance());",0.0,10206,11201
996,S8087,StandardCategoryToolTipGenerator.java,94,"super(labelFormat, formatter);",0.0,10206,11201
996,S8088,StandardCategoryToolTipGenerator.java,121,if (obj == this) {,0.0,10206,11201
996,S8089,StandardCategoryToolTipGenerator.java,124,if (!(obj instanceof StandardCategoryToolTipGenerator)) {,0.0,10206,11201
996,S8090,StandardCategoryToolTipGenerator.java,127,return super.equals(obj);,0.0,10206,11201
996,S8091,StandardCategoryURLGenerator.java,77,"private String prefix = ""index.html"";",0.0,10206,11201
996,S8092,StandardCategoryURLGenerator.java,80,"private String seriesParameterName = ""series"";",0.0,10206,11201
996,S8093,StandardCategoryURLGenerator.java,83,"private String categoryParameterName = ""category"";",0.0,10206,11201
996,S8094,StandardCategoryURLGenerator.java,89,super();,0.0,10206,11201
996,S8095,StandardEntityCollection.java,77,public StandardEntityCollection() {,0.0,10206,11201
996,S8096,StandardEntityCollection.java,78,this.entities = new java.util.ArrayList();,0.0,10206,11201
996,S8097,StandardEntityCollection.java,107,this.entities.clear();,0.0,10206,11201
996,S8098,StandardEntityCollection.java,116,if (entity == null) {,0.0,10206,11201
996,S8099,StandardEntityCollection.java,119,this.entities.add(entity);,0.0,10206,11201
996,S8100,StandardEntityCollection.java,129,this.entities.addAll(collection.getEntities());,0.0,10206,11201
996,S8101,StandardEntityCollection.java,158,return Collections.unmodifiableCollection(this.entities);,0.0,10206,11201
996,S8102,StandardGradientPaintTransformer.java,69,this(GradientPaintTransformType.VERTICAL);,0.0,10206,11201
996,S8103,StandardGradientPaintTransformer.java,77,public StandardGradientPaintTransformer(GradientPaintTransformType type) {,0.0,10206,11201
996,S8104,StandardGradientPaintTransformer.java,78,if (type == null) {,0.0,10206,11201
996,S8105,StandardGradientPaintTransformer.java,81,this.type = type;,0.0,10206,11201
996,S8106,StandardGradientPaintTransformer.java,104,GradientPaint result = paint;,0.0,10206,11201
996,S8107,StandardGradientPaintTransformer.java,105,Rectangle2D bounds = target.getBounds2D();,0.0,10206,11201
996,S8108,StandardGradientPaintTransformer.java,107,if (this.type.equals(GradientPaintTransformType.VERTICAL)) {,0.0,10206,11201
996,S8109,StandardGradientPaintTransformer.java,113,else if (this.type.equals(GradientPaintTransformType.HORIZONTAL)) {,0.0,10206,11201
996,S8110,StandardGradientPaintTransformer.java,119,else if (this.type.equals(,0.0,10206,11201
996,S8111,StandardGradientPaintTransformer.java,126,else if (this.type.equals(GradientPaintTransformType.CENTER_VERTICAL)) {,0.0,10206,11201
996,S8112,StandardGradientPaintTransformer.java,127,"result = new GradientPaint((float) bounds.getCenterX(),",0.0,10206,11201
996,S8113,StandardGradientPaintTransformer.java,133,return result;,0.0,10206,11201
996,S8114,StandardGradientPaintTransformer.java,144,if (obj == this) {,0.0,10206,11201
996,S8115,StandardGradientPaintTransformer.java,147,if (!(obj instanceof StandardGradientPaintTransformer)) {,0.0,10206,11201
996,S8116,StandardGradientPaintTransformer.java,150,StandardGradientPaintTransformer that,0.0,10206,11201
996,S8117,StandardGradientPaintTransformer.java,152,if (this.type != that.type) {,0.0,10206,11201
996,S8118,StandardGradientPaintTransformer.java,153,return false;,0.0,10206,11201
996,S8119,StandardGradientPaintTransformer.java,155,return true;,0.0,10206,11201
996,S8120,StandardGradientPaintTransformer.java,168,return super.clone();,0.0,10206,11201
996,S8122,StandardPieSectionLabelGenerator.java,112,"this(labelFormat, NumberFormat.getNumberInstance(),",0.0,10206,11201
996,S8125,StandardPieSectionLabelGenerator.java,176,"return super.generateSectionLabel(dataset, key);",0.0,10206,11201
996,S8126,StandardPieSectionLabelGenerator.java,219,if (obj == this) {,0.0,10206,11201
996,S8127,StandardPieSectionLabelGenerator.java,222,if (!(obj instanceof StandardPieSectionLabelGenerator)) {,0.0,10206,11201
996,S8128,StandardPieSectionLabelGenerator.java,223,return false;,0.0,10206,11201
996,S8129,StandardPieSectionLabelGenerator.java,225,StandardPieSectionLabelGenerator that,0.0,10206,11201
996,S8130,StandardPieSectionLabelGenerator.java,227,if (!this.attributedLabels.equals(that.attributedLabels)) {,0.0,10206,11201
996,S8131,StandardPieSectionLabelGenerator.java,230,if (!super.equals(obj)) {,0.0,10206,11201
996,S8132,StandardPieSectionLabelGenerator.java,231,return false;,0.0,10206,11201
996,S8133,StandardPieSectionLabelGenerator.java,233,return true;,0.0,10206,11201
996,S8134,StandardPieSectionLabelGenerator.java,244,return super.clone();,0.0,10206,11201
996,S8135,StandardPieToolTipGenerator.java,93,this(DEFAULT_TOOLTIP_FORMAT);,0.0,10206,11201
996,S8136,StandardPieToolTipGenerator.java,114,"this(labelFormat, Locale.getDefault());",0.0,10206,11201
996,S8137,StandardPieToolTipGenerator.java,126,"this(labelFormat, NumberFormat.getNumberInstance(locale),",0.0,10206,11201
996,S8138,StandardPieToolTipGenerator.java,142,"super(labelFormat, numberFormat, percentFormat);",0.0,10206,11201
996,S8139,StandardPieURLGenerator.java,71,"private String prefix = ""index.html"";",0.0,10206,11201
996,S8140,StandardPieURLGenerator.java,74,"private String categoryParameterName = ""category"";",0.0,10206,11201
996,S8141,StandardPieURLGenerator.java,77,"private String indexParameterName = ""pieIndex"";",0.0,10206,11201
996,S8142,StandardPieURLGenerator.java,83,"this(""index.html"");",0.0,10206,11201
996,S8143,StandardPieURLGenerator.java,92,"this(prefix, ""category"");",0.0,10206,11201
996,S8144,StandardPieURLGenerator.java,104,"this(prefix, categoryParameterName, ""pieIndex"");",0.0,10206,11201
996,S8145,StandardPieURLGenerator.java,118,String indexParameterName) {,0.0,10206,11201
996,S8146,StandardPieURLGenerator.java,119,if (prefix == null) {,0.0,10206,11201
996,S8147,StandardPieURLGenerator.java,122,if (categoryParameterName == null) {,0.0,10206,11201
996,S8148,StandardPieURLGenerator.java,126,this.prefix = prefix;,0.0,10206,11201
996,S8149,StandardPieURLGenerator.java,127,this.categoryParameterName = categoryParameterName;,0.0,10206,11201
996,S8150,StandardPieURLGenerator.java,128,this.indexParameterName = indexParameterName;,0.0,10206,11201
996,S8151,StandardPieURLGenerator.java,170,if (obj == this) {,0.0,10206,11201
996,S8152,StandardPieURLGenerator.java,173,if (!(obj instanceof StandardPieURLGenerator)) {,0.0,10206,11201
996,S8153,StandardPieURLGenerator.java,174,return false;,0.0,10206,11201
996,S8154,StandardPieURLGenerator.java,176,StandardPieURLGenerator that = (StandardPieURLGenerator) obj;,0.0,10206,11201
996,S8155,StandardPieURLGenerator.java,177,if (!this.prefix.equals(that.prefix)) {,0.0,10206,11201
996,S8156,StandardPieURLGenerator.java,180,if (!this.categoryParameterName.equals(that.categoryParameterName)) {,0.0,10206,11201
996,S8157,StandardPieURLGenerator.java,183,"if (!ObjectUtilities.equal(this.indexParameterName,",0.0,10206,11201
996,S8158,StandardPieURLGenerator.java,187,return true;,0.0,10206,11201
996,S8159,StandardXYItemRenderer.java,190,private UnitType gapThresholdType = UnitType.RELATIVE;,0.0,10206,11201
996,S8160,StandardXYItemRenderer.java,193,private double gapThreshold = 1.0;,0.0,10206,11201
996,S8161,StandardXYItemRenderer.java,220,"this(LINES, null);",0.0,10206,11201
996,S8162,StandardXYItemRenderer.java,245,"this(type, toolTipGenerator, null);",0.0,10206,11201
996,S8163,StandardXYItemRenderer.java,262,super();,0.0,10206,11201
996,S8164,StandardXYItemRenderer.java,263,setBaseToolTipGenerator(toolTipGenerator);,0.0,10206,11201
996,S8165,StandardXYItemRenderer.java,264,setBaseURLGenerator(urlGenerator);,0.0,10206,11201
996,S8166,StandardXYItemRenderer.java,265,if ((type & SHAPES) != 0) {,0.0,10206,11201
996,S8167,StandardXYItemRenderer.java,268,if ((type & LINES) != 0) {,0.0,10206,11201
996,S8168,StandardXYItemRenderer.java,269,this.plotLines = true;,0.0,10206,11201
996,S8169,StandardXYItemRenderer.java,271,if ((type & IMAGES) != 0) {,0.0,10206,11201
996,S8170,StandardXYItemRenderer.java,274,if ((type & DISCONTINUOUS) != 0) {,0.0,10206,11201
996,S8171,StandardXYItemRenderer.java,278,this.seriesShapesFilled = new BooleanList();,0.0,10206,11201
996,S8172,StandardXYItemRenderer.java,279,this.baseShapesFilled = true;,0.0,10206,11201
996,S8173,StandardXYItemRenderer.java,280,"this.legendLine = new Line2D.Double(-7.0, 0.0, 7.0, 0.0);",0.0,10206,11201
996,S8174,StandardXYItemRenderer.java,281,this.drawSeriesLineAsPath = false;,0.0,10206,11201
996,S8175,StandardXYItemRenderer.java,292,return this.baseShapesVisible;,0.0,10206,11201
996,S8176,StandardXYItemRenderer.java,304,if (this.baseShapesVisible != flag) {,0.0,10206,11201
996,S8177,StandardXYItemRenderer.java,305,this.baseShapesVisible = flag;,0.0,10206,11201
996,S8178,StandardXYItemRenderer.java,306,fireChangeEvent();,0.0,10206,11201
996,S8179,StandardXYItemRenderer.java,328,Boolean flag = this.seriesShapesFilled.getBoolean(series);,0.0,10206,11201
996,S8180,StandardXYItemRenderer.java,329,if (flag != null) {,0.0,10206,11201
996,S8181,StandardXYItemRenderer.java,333,return this.baseShapesFilled;,0.0,10206,11201
996,S8182,StandardXYItemRenderer.java,359,"this.seriesShapesFilled.setBoolean(series, flag);",0.0,10206,11201
996,S8183,StandardXYItemRenderer.java,360,fireChangeEvent();,0.0,10206,11201
996,S8184,StandardXYItemRenderer.java,383,this.baseShapesFilled = flag;,0.0,10206,11201
996,S8185,StandardXYItemRenderer.java,394,return this.plotLines;,0.0,10206,11201
996,S8186,StandardXYItemRenderer.java,407,if (this.plotLines != flag) {,0.0,10206,11201
996,S8187,StandardXYItemRenderer.java,408,this.plotLines = flag;,0.0,10206,11201
996,S8188,StandardXYItemRenderer.java,409,fireChangeEvent();,0.0,10206,11201
996,S8189,StandardXYItemRenderer.java,433,if (thresholdType == null) {,0.0,10206,11201
996,S8190,StandardXYItemRenderer.java,437,this.gapThresholdType = thresholdType;,0.0,10206,11201
996,S8191,StandardXYItemRenderer.java,438,fireChangeEvent();,0.0,10206,11201
996,S8192,StandardXYItemRenderer.java,461,this.gapThreshold = t;,0.0,10206,11201
996,S8193,StandardXYItemRenderer.java,462,fireChangeEvent();,0.0,10206,11201
996,S8194,StandardXYItemRenderer.java,473,return this.plotImages;,0.0,10206,11201
996,S8195,StandardXYItemRenderer.java,486,if (this.plotImages != flag) {,0.0,10206,11201
996,S8196,StandardXYItemRenderer.java,487,this.plotImages = flag;,0.0,10206,11201
996,S8197,StandardXYItemRenderer.java,488,fireChangeEvent();,0.0,10206,11201
996,S8198,StandardXYItemRenderer.java,512,if (this.plotDiscontinuous != flag) {,0.0,10206,11201
996,S8199,StandardXYItemRenderer.java,513,this.plotDiscontinuous = flag;,0.0,10206,11201
996,S8200,StandardXYItemRenderer.java,514,fireChangeEvent();,0.0,10206,11201
996,S8201,StandardXYItemRenderer.java,539,this.drawSeriesLineAsPath = flag;,0.0,10206,11201
996,S8202,StandardXYItemRenderer.java,562,if (line == null) {,0.0,10206,11201
996,S8203,StandardXYItemRenderer.java,565,this.legendLine = line;,0.0,10206,11201
996,S8204,StandardXYItemRenderer.java,566,fireChangeEvent();,0.0,10206,11201
996,S8205,StandardXYItemRenderer.java,578,XYPlot plot = getPlot();,0.0,10206,11201
996,S8206,StandardXYItemRenderer.java,579,if (plot == null) {,0.0,10206,11201
996,S8207,StandardXYItemRenderer.java,582,LegendItem result = null;,0.0,10206,11201
996,S8208,StandardXYItemRenderer.java,583,XYDataset dataset = plot.getDataset(datasetIndex);,0.0,10206,11201
996,S8209,StandardXYItemRenderer.java,584,if (dataset != null) {,0.0,10206,11201
996,S8210,StandardXYItemRenderer.java,585,"if (getItemVisible(series, 0)) {",0.0,10206,11201
996,S8211,StandardXYItemRenderer.java,586,String label = getLegendItemLabelGenerator().generateLabel(,0.0,10206,11201
996,S8212,StandardXYItemRenderer.java,588,String description = label;,0.0,10206,11201
996,S8213,StandardXYItemRenderer.java,589,String toolTipText = null;,0.0,10206,11201
996,S8214,StandardXYItemRenderer.java,590,if (getLegendItemToolTipGenerator() != null) {,0.0,10206,11201
996,S8215,StandardXYItemRenderer.java,594,String urlText = null;,0.0,10206,11201
996,S8216,StandardXYItemRenderer.java,595,if (getLegendItemURLGenerator() != null) {,0.0,10206,11201
996,S8217,StandardXYItemRenderer.java,599,Shape shape = lookupSeriesShape(series);,0.0,10206,11201
996,S8218,StandardXYItemRenderer.java,600,"boolean shapeFilled = getItemShapeFilled(series, 0);",0.0,10206,11201
996,S8219,StandardXYItemRenderer.java,601,Paint paint = lookupSeriesPaint(series);,0.0,10206,11201
996,S8220,StandardXYItemRenderer.java,602,Paint linePaint = paint;,0.0,10206,11201
996,S8221,StandardXYItemRenderer.java,603,Stroke lineStroke = lookupSeriesStroke(series);,0.0,10206,11201
996,S8222,StandardXYItemRenderer.java,604,"result = new LegendItem(label, description, toolTipText,",0.0,10206,11201
996,S8223,StandardXYItemRenderer.java,608,result.setDataset(dataset);,0.0,10206,11201
996,S8224,StandardXYItemRenderer.java,609,result.setDatasetIndex(datasetIndex);,0.0,10206,11201
996,S8225,StandardXYItemRenderer.java,610,result.setSeriesKey(dataset.getSeriesKey(series));,0.0,10206,11201
996,S8226,StandardXYItemRenderer.java,611,result.setSeriesIndex(series);,0.0,10206,11201
996,S8227,StandardXYItemRenderer.java,614,return result;,0.0,10206,11201
996,S8228,StandardXYItemRenderer.java,622,public static class State extends XYItemRendererState {,0.0,10206,11201
996,S8229,StandardXYItemRenderer.java,642,super(info);,0.0,10206,11201
996,S8230,StandardXYItemRenderer.java,706,State state = new State(info);,0.0,10206,11201
996,S8231,StandardXYItemRenderer.java,707,state.seriesPath = new GeneralPath();,0.0,10206,11201
996,S8232,StandardXYItemRenderer.java,708,state.seriesIndex = -1;,0.0,10206,11201
996,S8233,StandardXYItemRenderer.java,709,return state;,0.0,10206,11201
996,S8234,StandardXYItemRenderer.java,744,"boolean itemVisible = getItemVisible(series, item);",0.0,10206,11201
996,S8235,StandardXYItemRenderer.java,747,Shape entityArea = null;,0.0,10206,11201
996,S8236,StandardXYItemRenderer.java,748,EntityCollection entities = null;,0.0,10206,11201
996,S8237,StandardXYItemRenderer.java,749,if (info != null) {,0.0,10206,11201
996,S8238,StandardXYItemRenderer.java,750,entities = info.getOwner().getEntityCollection();,0.0,10206,11201
996,S8239,StandardXYItemRenderer.java,753,PlotOrientation orientation = plot.getOrientation();,0.0,10206,11201
996,S8240,StandardXYItemRenderer.java,754,"Paint paint = getItemPaint(series, item);",0.0,10206,11201
996,S8241,StandardXYItemRenderer.java,755,"Stroke seriesStroke = getItemStroke(series, item);",0.0,10206,11201
996,S8242,StandardXYItemRenderer.java,756,g2.setPaint(paint);,0.0,10206,11201
996,S8243,StandardXYItemRenderer.java,757,g2.setStroke(seriesStroke);,0.0,10206,11201
996,S8244,StandardXYItemRenderer.java,760,"double x1 = dataset.getXValue(series, item);",0.0,10206,11201
996,S8245,StandardXYItemRenderer.java,761,"double y1 = dataset.getYValue(series, item);",0.0,10206,11201
996,S8246,StandardXYItemRenderer.java,762,if (Double.isNaN(x1) || Double.isNaN(y1)) {,0.0,10206,11201
996,S8247,StandardXYItemRenderer.java,766,RectangleEdge xAxisLocation = plot.getDomainAxisEdge();,0.0,10206,11201
996,S8248,StandardXYItemRenderer.java,767,RectangleEdge yAxisLocation = plot.getRangeAxisEdge();,0.0,10206,11201
996,S8249,StandardXYItemRenderer.java,768,"double transX1 = domainAxis.valueToJava2D(x1, dataArea, xAxisLocation);",0.0,10206,11201
996,S8250,StandardXYItemRenderer.java,769,"double transY1 = rangeAxis.valueToJava2D(y1, dataArea, yAxisLocation);",0.0,10206,11201
996,S8251,StandardXYItemRenderer.java,771,if (getPlotLines()) {,0.0,10206,11201
996,S8252,StandardXYItemRenderer.java,772,if (this.drawSeriesLineAsPath) {,0.0,10206,11201
996,S8253,StandardXYItemRenderer.java,812,else if (item != 0 && itemVisible) {,0.0,10206,11201
996,S8254,StandardXYItemRenderer.java,864,if (!itemVisible) {,0.0,10206,11201
996,S8255,StandardXYItemRenderer.java,868,if (getBaseShapesVisible()) {,0.0,10206,11201
996,S8256,StandardXYItemRenderer.java,891,if (getPlotImages()) {,0.0,10206,11201
996,S8257,StandardXYItemRenderer.java,905,double xx = transX1;,0.0,10206,11201
996,S8258,StandardXYItemRenderer.java,906,double yy = transY1;,0.0,10206,11201
996,S8259,StandardXYItemRenderer.java,907,if (orientation == PlotOrientation.HORIZONTAL) {,0.0,10206,11201
996,S8260,StandardXYItemRenderer.java,913,"if (isItemLabelVisible(series, item)) {",0.0,10206,11201
996,S8261,StandardXYItemRenderer.java,918,int domainAxisIndex = plot.getDomainAxisIndex(domainAxis);,0.0,10206,11201
996,S8262,StandardXYItemRenderer.java,919,int rangeAxisIndex = plot.getRangeAxisIndex(rangeAxis);,0.0,10206,11201
996,S8263,StandardXYItemRenderer.java,920,"updateCrosshairValues(crosshairState, x1, y1, domainAxisIndex,",0.0,10206,11201
996,S8264,StandardXYItemRenderer.java,924,"if (entities != null && dataArea.contains(xx, yy)) {",0.0,10206,11201
996,S8265,StandardXYItemRenderer.java,939,if (obj == this) {,0.0,10206,11201
996,S8266,StandardXYItemRenderer.java,942,if (!(obj instanceof StandardXYItemRenderer)) {,0.0,10206,11201
996,S8267,StandardXYItemRenderer.java,945,StandardXYItemRenderer that = (StandardXYItemRenderer) obj;,0.0,10206,11201
996,S8268,StandardXYItemRenderer.java,946,if (this.baseShapesVisible != that.baseShapesVisible) {,0.0,10206,11201
996,S8269,StandardXYItemRenderer.java,947,return false;,0.0,10206,11201
996,S8270,StandardXYItemRenderer.java,949,if (this.plotLines != that.plotLines) {,0.0,10206,11201
996,S8271,StandardXYItemRenderer.java,950,return false;,0.0,10206,11201
996,S8272,StandardXYItemRenderer.java,952,if (this.plotImages != that.plotImages) {,0.0,10206,11201
996,S8273,StandardXYItemRenderer.java,953,return false;,0.0,10206,11201
996,S8274,StandardXYItemRenderer.java,955,if (this.plotDiscontinuous != that.plotDiscontinuous) {,0.0,10206,11201
996,S8275,StandardXYItemRenderer.java,956,return false;,0.0,10206,11201
996,S8276,StandardXYItemRenderer.java,958,if (this.gapThresholdType != that.gapThresholdType) {,0.0,10206,11201
996,S8277,StandardXYItemRenderer.java,959,return false;,0.0,10206,11201
996,S8278,StandardXYItemRenderer.java,961,if (this.gapThreshold != that.gapThreshold) {,0.0,10206,11201
996,S8279,StandardXYItemRenderer.java,962,return false;,0.0,10206,11201
996,S8280,StandardXYItemRenderer.java,964,if (!this.seriesShapesFilled.equals(that.seriesShapesFilled)) {,0.0,10206,11201
996,S8281,StandardXYItemRenderer.java,965,return false;,0.0,10206,11201
996,S8282,StandardXYItemRenderer.java,967,if (this.baseShapesFilled != that.baseShapesFilled) {,0.0,10206,11201
996,S8283,StandardXYItemRenderer.java,968,return false;,0.0,10206,11201
996,S8284,StandardXYItemRenderer.java,970,if (this.drawSeriesLineAsPath != that.drawSeriesLineAsPath) {,0.0,10206,11201
996,S8285,StandardXYItemRenderer.java,971,return false;,0.0,10206,11201
996,S8286,StandardXYItemRenderer.java,973,"if (!ShapeUtilities.equal(this.legendLine, that.legendLine)) {",0.0,10206,11201
996,S8287,StandardXYItemRenderer.java,974,return false;,0.0,10206,11201
996,S8288,StandardXYItemRenderer.java,976,return super.equals(obj);,0.0,10206,11201
996,S8289,StandardXYItemRenderer.java,988,StandardXYItemRenderer clone = (StandardXYItemRenderer) super.clone();,0.0,10206,11201
996,S8290,StandardXYItemRenderer.java,989,clone.seriesShapesFilled,0.0,10206,11201
996,S8291,StandardXYItemRenderer.java,991,clone.legendLine = ShapeUtilities.clone(this.legendLine);,0.0,10206,11201
996,S8292,StandardXYItemRenderer.java,992,return clone;,0.0,10206,11201
996,S8293,StandardXYItemRenderer.java,1057,stream.defaultReadObject();,0.0,10206,11201
996,S8294,StandardXYItemRenderer.java,1058,this.legendLine = SerialUtilities.readShape(stream);,0.0,10206,11201
996,S8295,StandardXYItemRenderer.java,1069,stream.defaultWriteObject();,0.0,10206,11201
996,S8296,StandardXYItemRenderer.java,1070,"SerialUtilities.writeShape(this.legendLine, stream);",0.0,10206,11201
996,S8297,StandardXYSeriesLabelGenerator.java,86,public StandardXYSeriesLabelGenerator(String format) {,0.0,10206,11201
996,S8298,StandardXYSeriesLabelGenerator.java,87,if (format == null) {,0.0,10206,11201
996,S8299,StandardXYSeriesLabelGenerator.java,90,this.formatPattern = format;,0.0,10206,11201
996,S8300,StandardXYSeriesLabelGenerator.java,103,if (dataset == null) {,0.0,10206,11201
996,S8301,StandardXYSeriesLabelGenerator.java,106,String label = MessageFormat.format(,0.0,10206,11201
996,S8302,StandardXYSeriesLabelGenerator.java,109,return label;,0.0,10206,11201
996,S8303,StandardXYSeriesLabelGenerator.java,122,Object[] result = new Object[1];,0.0,10206,11201
996,S8304,StandardXYSeriesLabelGenerator.java,123,result[0] = dataset.getSeriesKey(series).toString();,0.0,10206,11201
996,S8305,StandardXYSeriesLabelGenerator.java,124,return result;,0.0,10206,11201
996,S8306,StandardXYSeriesLabelGenerator.java,137,return super.clone();,0.0,10206,11201
996,S8307,StandardXYSeriesLabelGenerator.java,148,if (obj == this) {,0.0,10206,11201
996,S8308,StandardXYSeriesLabelGenerator.java,151,if (!(obj instanceof StandardXYSeriesLabelGenerator)) {,0.0,10206,11201
996,S8309,StandardXYSeriesLabelGenerator.java,154,StandardXYSeriesLabelGenerator that,0.0,10206,11201
996,S8310,StandardXYSeriesLabelGenerator.java,156,if (!this.formatPattern.equals(that.formatPattern)) {,0.0,10206,11201
996,S8311,StandardXYSeriesLabelGenerator.java,159,return true;,0.0,10206,11201
996,S8312,StandardXYToolTipGenerator.java,76,"return new StandardXYToolTipGenerator(DEFAULT_TOOL_TIP_FORMAT,",0.0,10206,11201
996,S8313,StandardXYToolTipGenerator.java,84,"this(DEFAULT_TOOL_TIP_FORMAT, NumberFormat.getNumberInstance(),",0.0,10206,11201
996,S8314,StandardXYToolTipGenerator.java,101,"super(formatString, xFormat, yFormat);",0.0,10206,11201
996,S8315,StandardXYToolTipGenerator.java,118,"super(formatString, xFormat, yFormat);",0.0,10206,11201
996,S8316,StandardXYToolTipGenerator.java,179,if (obj == this) {,0.0,10206,11201
996,S8317,StandardXYToolTipGenerator.java,182,if (!(obj instanceof StandardXYToolTipGenerator)) {,0.0,10206,11201
996,S8318,StandardXYToolTipGenerator.java,185,return super.equals(obj);,0.0,10206,11201
996,S8319,StandardXYURLGenerator.java,89,"this(DEFAULT_PREFIX, DEFAULT_SERIES_PARAMETER, DEFAULT_ITEM_PARAMETER);",0.0,10206,11201
996,S8320,StandardXYURLGenerator.java,114,String itemParameterName) {,0.0,10206,11201
996,S8321,StandardXYURLGenerator.java,115,if (prefix == null) {,0.0,10206,11201
996,S8322,StandardXYURLGenerator.java,118,if (seriesParameterName == null) {,0.0,10206,11201
996,S8323,StandardXYURLGenerator.java,122,if (itemParameterName == null) {,0.0,10206,11201
996,S8324,StandardXYURLGenerator.java,126,this.prefix = prefix;,0.0,10206,11201
996,S8325,StandardXYURLGenerator.java,127,this.seriesParameterName = seriesParameterName;,0.0,10206,11201
996,S8326,StandardXYURLGenerator.java,128,this.itemParameterName = itemParameterName;,0.0,10206,11201
996,S8327,StandardXYURLGenerator.java,157,if (obj == this) {,0.0,10206,11201
996,S8328,StandardXYURLGenerator.java,160,if (!(obj instanceof StandardXYURLGenerator)) {,0.0,10206,11201
996,S8329,StandardXYURLGenerator.java,163,StandardXYURLGenerator that = (StandardXYURLGenerator) obj;,0.0,10206,11201
996,S8330,StandardXYURLGenerator.java,164,"if (!ObjectUtilities.equal(that.prefix, this.prefix)) {",0.0,10206,11201
996,S8331,StandardXYURLGenerator.java,167,"if (!ObjectUtilities.equal(that.seriesParameterName,",0.0,10206,11201
996,S8332,StandardXYURLGenerator.java,171,"if (!ObjectUtilities.equal(that.itemParameterName,",0.0,10206,11201
996,S8333,StandardXYURLGenerator.java,175,return true;,0.0,10206,11201
996,S8334,StrokeList.java,58,super();,0.0,10206,11201
996,S8335,StrokeList.java,69,return (Stroke) get(index);,0.0,10206,11201
996,S8336,StrokeList.java,91,return super.clone();,0.0,10206,11201
996,S8337,StrokeList.java,103,if (obj == null) {,0.0,10206,11201
996,S8338,StrokeList.java,107,if (obj == this) {,0.0,10206,11201
996,S8339,StrokeList.java,111,if (obj instanceof StrokeList) {,0.0,10206,11201
996,S8340,StrokeList.java,112,return super.equals(obj);,0.0,10206,11201
996,S8341,StrokeList.java,125,return super.hashCode();,0.0,10206,11201
996,S8342,StrokeList.java,137,stream.defaultWriteObject();,0.0,10206,11201
996,S8343,StrokeList.java,138,int count = size();,0.0,10206,11201
996,S8344,StrokeList.java,139,stream.writeInt(count);,0.0,10206,11201
996,S8345,StrokeList.java,140,for (int i = 0; i < count; i++) {,0.0,10206,11201
996,S8346,StrokeList.java,164,stream.defaultReadObject();,0.0,10206,11201
996,S8347,StrokeList.java,165,int count = stream.readInt();,0.0,10206,11201
996,S8348,StrokeList.java,166,for (int i = 0; i < count; i++) {,0.0,10206,11201
996,S8351,StrokeMap.java,91,if (key == null) {,0.0,10206,11201
996,S8352,StrokeMap.java,94,return (Stroke) this.store.get(key);,0.0,10206,11201
996,S8353,StrokeMap.java,118,if (key == null) {,0.0,10206,11201
996,S8354,StrokeMap.java,121,"this.store.put(key, stroke);",0.0,10206,11201
996,S8355,StrokeMap.java,139,if (obj == this) {,0.0,10206,11201
996,S8356,StrokeMap.java,142,if (!(obj instanceof StrokeMap)) {,0.0,10206,11201
996,S8357,StrokeMap.java,145,StrokeMap that = (StrokeMap) obj;,0.0,10206,11201
996,S8358,StrokeMap.java,146,if (this.store.size() != that.store.size()) {,0.0,10206,11201
996,S8359,StrokeMap.java,147,return false;,0.0,10206,11201
996,S8360,StrokeMap.java,149,Set keys = this.store.keySet();,0.0,10206,11201
996,S8361,StrokeMap.java,150,Iterator iterator = keys.iterator();,0.0,10206,11201
996,S8362,StrokeMap.java,151,while (iterator.hasNext()) {,0.0,10206,11201
996,S8363,StrokeMap.java,152,Comparable key = (Comparable) iterator.next();,0.0,10206,11201
996,S8364,StrokeMap.java,153,Stroke s1 = getStroke(key);,0.0,10206,11201
996,S8365,StrokeMap.java,154,Stroke s2 = that.getStroke(key);,0.0,10206,11201
996,S8366,StrokeMap.java,155,"if (!ObjectUtilities.equal(s1, s2)) {",0.0,10206,11201
996,S8367,StrokeMap.java,159,return true;,0.0,10206,11201
996,S8368,StrokeMap.java,183,stream.defaultWriteObject();,0.0,10206,11201
996,S8369,StrokeMap.java,184,stream.writeInt(this.store.size());,0.0,10206,11201
996,S8370,StrokeMap.java,185,Set keys = this.store.keySet();,0.0,10206,11201
996,S8371,StrokeMap.java,186,Iterator iterator = keys.iterator();,0.0,10206,11201
996,S8372,StrokeMap.java,187,while (iterator.hasNext()) {,0.0,10206,11201
996,S8373,StrokeMap.java,205,stream.defaultReadObject();,0.0,10206,11201
996,S8374,StrokeMap.java,206,this.store = new TreeMap();,0.0,10206,11201
996,S8375,StrokeMap.java,207,int keyCount = stream.readInt();,0.0,10206,11201
996,S8376,StrokeMap.java,208,for (int i = 0; i < keyCount; i++) {,0.0,10206,11201
996,S8377,TableOrder.java,55,"public static final TableOrder BY_ROW = new TableOrder(""TableOrder.BY_ROW"");",0.0,10206,11201
996,S8378,TableOrder.java,58,public static final TableOrder BY_COLUMN,0.0,10206,11201
996,S8379,TableOrder.java,69,private TableOrder(String name) {,0.0,10206,11201
996,S8380,TableOrder.java,70,this.name = name;,0.0,10206,11201
996,S8381,TableOrder.java,91,if (this == obj) {,0.0,10206,11201
996,S8382,TableOrder.java,94,if (!(obj instanceof TableOrder)) {,0.0,10206,11201
996,S8383,TableOrder.java,97,TableOrder that = (TableOrder) obj;,0.0,10206,11201
996,S8384,TableOrder.java,98,if (!this.name.equals(that.name)) {,0.0,10206,11201
996,S8385,TableOrder.java,99,return false;,0.0,10206,11201
996,S8386,TableOrder.java,101,return true;,0.0,10206,11201
996,S8387,TableOrder.java,121,if (this.equals(TableOrder.BY_ROW)) {,0.0,10206,11201
996,S8388,TableOrder.java,124,else if (this.equals(TableOrder.BY_COLUMN)) {,0.0,10206,11201
996,S8389,TableOrder.java,125,return TableOrder.BY_COLUMN;,0.0,10206,11201
996,S8390,Task.java,84,"public Task(String description, TimePeriod duration) {",0.0,10206,11201
996,S8391,Task.java,85,if (description == null) {,0.0,10206,11201
996,S8392,Task.java,88,this.description = description;,0.0,10206,11201
996,S8393,Task.java,89,this.duration = duration;,0.0,10206,11201
996,S8394,Task.java,90,this.percentComplete = null;,0.0,10206,11201
996,S8395,Task.java,91,this.subtasks = new java.util.ArrayList();,0.0,10206,11201
996,S8396,Task.java,112,return this.description;,0.0,10206,11201
996,S8397,Task.java,133,return this.duration;,0.0,10206,11201
996,S8398,Task.java,151,return this.percentComplete;,0.0,10206,11201
996,S8399,Task.java,199,return this.subtasks.size();,0.0,10206,11201
996,S8400,TaskSeries.java,69,super(name);,0.0,10206,11201
996,S8401,TaskSeries.java,70,this.tasks = new java.util.ArrayList();,0.0,10206,11201
996,S8402,TaskSeries.java,81,if (task == null) {,0.0,10206,11201
996,S8403,TaskSeries.java,84,this.tasks.add(task);,0.0,10206,11201
996,S8404,TaskSeries.java,85,fireSeriesChanged();,0.0,10206,11201
996,S8405,TaskSeries.java,138,Task result = null;,0.0,10206,11201
996,S8406,TaskSeries.java,139,int count = this.tasks.size();,0.0,10206,11201
996,S8407,TaskSeries.java,140,for (int i = 0; i < count; i++) {,0.0,10206,11201
996,S8408,TaskSeries.java,141,Task t = (Task) this.tasks.get(i);,0.0,10206,11201
996,S8409,TaskSeries.java,142,if (t.getDescription().equals(description)) {,0.0,10206,11201
996,S8410,TaskSeries.java,143,result = t;,0.0,10206,11201
996,S8411,TaskSeries.java,144,break;,0.0,10206,11201
996,S8412,TaskSeries.java,147,return result;,0.0,10206,11201
996,S8413,TaskSeries.java,156,return Collections.unmodifiableList(this.tasks);,0.0,10206,11201
996,S8414,TaskSeriesCollection.java,87,public TaskSeriesCollection() {,0.0,10206,11201
996,S8415,TaskSeriesCollection.java,88,this.keys = new java.util.ArrayList();,0.0,10206,11201
996,S8416,TaskSeriesCollection.java,89,this.data = new java.util.ArrayList();,0.0,10206,11201
996,S8417,TaskSeriesCollection.java,156,return this.data.size();,0.0,10206,11201
996,S8418,TaskSeriesCollection.java,174,return this.keys.size();,0.0,10206,11201
996,S8419,TaskSeriesCollection.java,194,return (Comparable) this.keys.get(index);,0.0,10206,11201
996,S8420,TaskSeriesCollection.java,216,int result = -1;,0.0,10206,11201
996,S8421,TaskSeriesCollection.java,217,int count = this.data.size();,0.0,10206,11201
996,S8422,TaskSeriesCollection.java,218,for (int i = 0; i < count; i++) {,0.0,10206,11201
996,S8423,TaskSeriesCollection.java,219,TaskSeries s = (TaskSeries) this.data.get(i);,0.0,10206,11201
996,S8424,TaskSeriesCollection.java,220,if (s.getKey().equals(rowKey)) {,0.0,10206,11201
996,S8425,TaskSeriesCollection.java,221,result = i;,0.0,10206,11201
996,S8426,TaskSeriesCollection.java,222,break;,0.0,10206,11201
996,S8427,TaskSeriesCollection.java,225,return result;,0.0,10206,11201
996,S8428,TaskSeriesCollection.java,236,TaskSeries series = (TaskSeries) this.data.get(index);,0.0,10206,11201
996,S8429,TaskSeriesCollection.java,237,return series.getKey();,0.0,10206,11201
996,S8430,TaskSeriesCollection.java,248,if (series == null) {,0.0,10206,11201
996,S8431,TaskSeriesCollection.java,251,this.data.add(series);,0.0,10206,11201
996,S8432,TaskSeriesCollection.java,252,series.addChangeListener(this);,0.0,10206,11201
996,S8433,TaskSeriesCollection.java,255,Iterator iterator = series.getTasks().iterator();,0.0,10206,11201
996,S8434,TaskSeriesCollection.java,256,while (iterator.hasNext()) {,0.0,10206,11201
996,S8435,TaskSeriesCollection.java,257,Task task = (Task) iterator.next();,0.0,10206,11201
996,S8436,TaskSeriesCollection.java,258,String key = task.getDescription();,0.0,10206,11201
996,S8437,TaskSeriesCollection.java,259,int index = this.keys.indexOf(key);,0.0,10206,11201
996,S8438,TaskSeriesCollection.java,260,if (index < 0) {,0.0,10206,11201
996,S8439,TaskSeriesCollection.java,261,this.keys.add(key);,0.0,10206,11201
996,S8440,TaskSeriesCollection.java,264,fireDatasetChanged();,0.0,10206,11201
996,S8441,TaskSeriesCollection.java,348,"return getStartValue(row, column);",0.0,10206,11201
996,S8442,TaskSeriesCollection.java,361,Number result = null;,0.0,10206,11201
996,S8443,TaskSeriesCollection.java,362,int row = getRowIndex(rowKey);,0.0,10206,11201
996,S8444,TaskSeriesCollection.java,363,TaskSeries series = (TaskSeries) this.data.get(row);,0.0,10206,11201
996,S8445,TaskSeriesCollection.java,364,Task task = series.get(columnKey.toString());,0.0,10206,11201
996,S8446,TaskSeriesCollection.java,365,if (task != null) {,0.0,10206,11201
996,S8447,TaskSeriesCollection.java,366,TimePeriod duration = task.getDuration();,0.0,10206,11201
996,S8448,TaskSeriesCollection.java,367,if (duration != null) {,0.0,10206,11201
996,S8449,TaskSeriesCollection.java,368,result = new Long(duration.getStart().getTime());,0.0,10206,11201
996,S8450,TaskSeriesCollection.java,371,return result;,0.0,10206,11201
996,S8451,TaskSeriesCollection.java,383,Comparable rowKey = getRowKey(row);,0.0,10206,11201
996,S8452,TaskSeriesCollection.java,384,Comparable columnKey = getColumnKey(column);,0.0,10206,11201
996,S8453,TaskSeriesCollection.java,385,"return getStartValue(rowKey, columnKey);",0.0,10206,11201
996,S8454,TaskSeriesCollection.java,398,Number result = null;,0.0,10206,11201
996,S8455,TaskSeriesCollection.java,399,int row = getRowIndex(rowKey);,0.0,10206,11201
996,S8456,TaskSeriesCollection.java,400,TaskSeries series = (TaskSeries) this.data.get(row);,0.0,10206,11201
996,S8457,TaskSeriesCollection.java,401,Task task = series.get(columnKey.toString());,0.0,10206,11201
996,S8458,TaskSeriesCollection.java,402,if (task != null) {,0.0,10206,11201
996,S8459,TaskSeriesCollection.java,403,TimePeriod duration = task.getDuration();,0.0,10206,11201
996,S8460,TaskSeriesCollection.java,404,if (duration != null) {,0.0,10206,11201
996,S8461,TaskSeriesCollection.java,405,result = new Long(duration.getEnd().getTime());,0.0,10206,11201
996,S8462,TaskSeriesCollection.java,408,return result;,0.0,10206,11201
996,S8463,TaskSeriesCollection.java,420,Comparable rowKey = getRowKey(row);,0.0,10206,11201
996,S8464,TaskSeriesCollection.java,421,Comparable columnKey = getColumnKey(column);,0.0,10206,11201
996,S8465,TaskSeriesCollection.java,422,"return getEndValue(rowKey, columnKey);",0.0,10206,11201
996,S8466,TaskSeriesCollection.java,434,Comparable rowKey = getRowKey(row);,0.0,10206,11201
996,S8467,TaskSeriesCollection.java,435,Comparable columnKey = getColumnKey(column);,0.0,10206,11201
996,S8468,TaskSeriesCollection.java,436,"return getPercentComplete(rowKey, columnKey);",0.0,10206,11201
996,S8469,TaskSeriesCollection.java,448,Number result = null;,0.0,10206,11201
996,S8470,TaskSeriesCollection.java,449,int row = getRowIndex(rowKey);,0.0,10206,11201
996,S8471,TaskSeriesCollection.java,450,TaskSeries series = (TaskSeries) this.data.get(row);,0.0,10206,11201
996,S8472,TaskSeriesCollection.java,451,Task task = series.get(columnKey.toString());,0.0,10206,11201
996,S8473,TaskSeriesCollection.java,452,if (task != null) {,0.0,10206,11201
996,S8474,TaskSeriesCollection.java,453,result = task.getPercentComplete();,0.0,10206,11201
996,S8475,TaskSeriesCollection.java,455,return result;,0.0,10206,11201
996,S8476,TaskSeriesCollection.java,467,Comparable rowKey = getRowKey(row);,0.0,10206,11201
996,S8477,TaskSeriesCollection.java,468,Comparable columnKey = getColumnKey(column);,0.0,10206,11201
996,S8478,TaskSeriesCollection.java,469,"return getSubIntervalCount(rowKey, columnKey);",0.0,10206,11201
996,S8479,TaskSeriesCollection.java,481,int result = 0;,0.0,10206,11201
996,S8480,TaskSeriesCollection.java,482,int row = getRowIndex(rowKey);,0.0,10206,11201
996,S8481,TaskSeriesCollection.java,483,TaskSeries series = (TaskSeries) this.data.get(row);,0.0,10206,11201
996,S8482,TaskSeriesCollection.java,484,Task task = series.get(columnKey.toString());,0.0,10206,11201
996,S8483,TaskSeriesCollection.java,485,if (task != null) {,0.0,10206,11201
996,S8484,TaskSeriesCollection.java,486,result = task.getSubtaskCount();,0.0,10206,11201
996,S8485,TaskSeriesCollection.java,488,return result;,0.0,10206,11201
996,S8503,TextAnchor.java,147,if (this == obj) {,0.0,10206,11201
996,S8504,TextAnchor.java,148,return true;,0.0,10206,11201
996,S8505,TextAnchor.java,150,if (!(obj instanceof TextAnchor)) {,0.0,10206,11201
996,S8506,TextAnchor.java,154,TextAnchor order = (TextAnchor) obj;,0.0,10206,11201
996,S8507,TextAnchor.java,155,if (!this.name.equals(order.name)) {,0.0,10206,11201
996,S8508,TextAnchor.java,156,return false;,0.0,10206,11201
996,S8509,TextAnchor.java,159,return true;,0.0,10206,11201
996,S8510,TextAnchor.java,179,TextAnchor result = null;,0.0,10206,11201
996,S8511,TextAnchor.java,180,if (this.equals(TextAnchor.TOP_LEFT)) {,0.0,10206,11201
996,S8512,TextAnchor.java,183,else if (this.equals(TextAnchor.TOP_CENTER)) {,0.0,10206,11201
996,S8513,TextAnchor.java,184,result = TextAnchor.TOP_CENTER;,0.0,10206,11201
996,S8514,TextAnchor.java,186,else if (this.equals(TextAnchor.TOP_RIGHT)) {,0.0,10206,11201
996,S8515,TextAnchor.java,189,else if (this.equals(TextAnchor.BOTTOM_LEFT)) {,0.0,10206,11201
996,S8516,TextAnchor.java,192,else if (this.equals(TextAnchor.BOTTOM_CENTER)) {,0.0,10206,11201
996,S8517,TextAnchor.java,193,result = TextAnchor.BOTTOM_CENTER;,0.0,10206,11201
996,S8518,TextAnchor.java,195,else if (this.equals(TextAnchor.BOTTOM_RIGHT)) {,0.0,10206,11201
996,S8519,TextAnchor.java,198,else if (this.equals(TextAnchor.BASELINE_LEFT)) {,0.0,10206,11201
996,S8520,TextAnchor.java,201,else if (this.equals(TextAnchor.BASELINE_CENTER)) {,0.0,10206,11201
996,S8521,TextAnchor.java,204,else if (this.equals(TextAnchor.BASELINE_RIGHT)) {,0.0,10206,11201
996,S8522,TextAnchor.java,207,else if (this.equals(TextAnchor.CENTER_LEFT)) {,0.0,10206,11201
996,S8523,TextAnchor.java,210,else if (this.equals(TextAnchor.CENTER)) {,0.0,10206,11201
996,S8524,TextAnchor.java,211,result = TextAnchor.CENTER;,0.0,10206,11201
996,S8525,TextAnchor.java,225,return result;,0.0,10206,11201
996,S8526,TextAnnotation.java,79,public static final Font DEFAULT_FONT,0.0,10206,11201
996,S8527,TextAnnotation.java,83,public static final Paint DEFAULT_PAINT = Color.black;,0.0,10206,11201
996,S8528,TextAnnotation.java,86,public static final TextAnchor DEFAULT_TEXT_ANCHOR = TextAnchor.CENTER;,0.0,10206,11201
996,S8529,TextAnnotation.java,89,public static final TextAnchor DEFAULT_ROTATION_ANCHOR = TextAnchor.CENTER;,0.0,10206,11201
996,S8530,TextAnnotation.java,117,protected TextAnnotation(String text) {,0.0,10206,11201
996,S8531,TextAnnotation.java,118,if (text == null) {,0.0,10206,11201
996,S8532,TextAnnotation.java,121,this.text = text;,0.0,10206,11201
996,S8533,TextAnnotation.java,122,this.font = DEFAULT_FONT;,0.0,10206,11201
996,S8534,TextAnnotation.java,123,this.paint = DEFAULT_PAINT;,0.0,10206,11201
996,S8535,TextAnnotation.java,124,this.textAnchor = DEFAULT_TEXT_ANCHOR;,0.0,10206,11201
996,S8536,TextAnnotation.java,125,this.rotationAnchor = DEFAULT_ROTATION_ANCHOR;,0.0,10206,11201
996,S8537,TextAnnotation.java,126,this.rotationAngle = DEFAULT_ROTATION_ANGLE;,0.0,10206,11201
996,S8538,TextAnnotation.java,137,return this.text;,0.0,10206,11201
996,S8539,TextAnnotation.java,162,return this.font;,0.0,10206,11201
996,S8540,TextAnnotation.java,187,return this.paint;,0.0,10206,11201
996,S8541,TextAnnotation.java,212,return this.textAnchor;,0.0,10206,11201
996,S8542,TextAnnotation.java,238,return this.rotationAnchor;,0.0,10206,11201
996,S8543,TextAnnotation.java,260,return this.rotationAngle;,0.0,10206,11201
996,S8544,TextAnnotation.java,282,if (obj == this) {,0.0,10206,11201
996,S8545,TextAnnotation.java,286,if (!(obj instanceof TextAnnotation)) {,0.0,10206,11201
996,S8546,TextAnnotation.java,289,TextAnnotation that = (TextAnnotation) obj;,0.0,10206,11201
996,S8547,TextAnnotation.java,290,"if (!ObjectUtilities.equal(this.text, that.getText())) {",0.0,10206,11201
996,S8548,TextAnnotation.java,293,"if (!ObjectUtilities.equal(this.font, that.getFont())) {",0.0,10206,11201
996,S8549,TextAnnotation.java,296,"if (!PaintUtilities.equal(this.paint, that.getPaint())) {",0.0,10206,11201
996,S8550,TextAnnotation.java,299,"if (!ObjectUtilities.equal(this.textAnchor, that.getTextAnchor())) {",0.0,10206,11201
996,S8551,TextAnnotation.java,302,"if (!ObjectUtilities.equal(this.rotationAnchor,",0.0,10206,11201
996,S8552,TextAnnotation.java,306,if (this.rotationAngle != that.getRotationAngle()) {,0.0,10206,11201
996,S8553,TextAnnotation.java,311,return true;,0.0,10206,11201
996,S8561,TextBlock.java,137,TextLine last = null;,0.0,10206,11201
996,S8562,TextBlock.java,138,final int index = this.lines.size() - 1;,0.0,10206,11201
996,S8563,TextBlock.java,139,if (index >= 0) {,0.0,10206,11201
996,S8564,TextBlock.java,140,last = (TextLine) this.lines.get(index);,0.0,10206,11201
996,S8565,TextBlock.java,142,return last;,0.0,10206,11201
996,S8575,TextBlock.java,191,Size2D d = calculateDimensions(g2);,0.0,10206,11201
996,S8576,TextBlock.java,192,"float[] offsets = calculateOffsets(anchor, d.getWidth(), d.getHeight());",0.0,10206,11201
996,S8577,TextBlock.java,193,"Rectangle2D bounds = new Rectangle2D.Double(anchorX + offsets[0],",0.0,10206,11201
996,S8578,TextBlock.java,195,"Shape rotatedBounds = ShapeUtilities.rotateShape(bounds, angle,",0.0,10206,11201
996,S8579,TextBlock.java,197,return rotatedBounds;,0.0,10206,11201
996,S8598,TextBlock.java,277,else if (anchor == TextBlockAnchor.TOP_RIGHT,0.0,10206,11201
996,S8599,TextBlock.java,281,xAdj = (float) -width;,0.0,10206,11201
996,S8602,TextBlock.java,292,else if (anchor == TextBlockAnchor.CENTER_LEFT,0.0,10206,11201
996,S8603,TextBlock.java,296,yAdj = (float) -height / 2.0f;,0.0,10206,11201
996,S8618,TextBlockAnchor.java,123,if (this == obj) {,0.0,10206,11201
996,S8619,TextBlockAnchor.java,124,return true;,0.0,10206,11201
996,S8620,TextBlockAnchor.java,126,if (!(obj instanceof TextBlockAnchor)) {,0.0,10206,11201
996,S8621,TextBlockAnchor.java,130,TextBlockAnchor other = (TextBlockAnchor) obj;,0.0,10206,11201
996,S8622,TextBlockAnchor.java,131,if (!this.name.equals(other.name)) {,0.0,10206,11201
996,S8623,TextBlockAnchor.java,132,return false;,0.0,10206,11201
996,S8624,TextBlockAnchor.java,135,return true;,0.0,10206,11201
996,S8625,TextBlockAnchor.java,155,if (this.equals(TextBlockAnchor.TOP_CENTER)) {,0.0,10206,11201
996,S8626,TextBlockAnchor.java,156,return TextBlockAnchor.TOP_CENTER;,0.0,10206,11201
996,S8627,TextBlockAnchor.java,158,else if (this.equals(TextBlockAnchor.TOP_LEFT)) {,0.0,10206,11201
996,S8628,TextBlockAnchor.java,161,else if (this.equals(TextBlockAnchor.TOP_RIGHT)) {,0.0,10206,11201
996,S8629,TextBlockAnchor.java,164,else if (this.equals(TextBlockAnchor.CENTER)) {,0.0,10206,11201
996,S8630,TextBlockAnchor.java,167,else if (this.equals(TextBlockAnchor.CENTER_LEFT)) {,0.0,10206,11201
996,S8631,TextBlockAnchor.java,168,return TextBlockAnchor.CENTER_LEFT;,0.0,10206,11201
996,S8632,TextBlockAnchor.java,170,else if (this.equals(TextBlockAnchor.CENTER_RIGHT)) {,0.0,10206,11201
996,S8633,TextBlockAnchor.java,171,return TextBlockAnchor.CENTER_RIGHT;,0.0,10206,11201
996,S8634,TextBlockAnchor.java,173,else if (this.equals(TextBlockAnchor.BOTTOM_CENTER)) {,0.0,10206,11201
996,S8635,TextBlockAnchor.java,174,return TextBlockAnchor.BOTTOM_CENTER;,0.0,10206,11201
996,S8636,TextBox.java,66,private double shadowXOffset = 2.0;,0.0,10206,11201
996,S8637,TextBox.java,69,private double shadowYOffset = 2.0;,0.0,10206,11201
996,S8638,TextBox.java,102,public TextBox(TextBlock block) {,0.0,10206,11201
996,S8639,TextBox.java,103,this.outlinePaint = Color.black;,0.0,10206,11201
996,S8640,TextBox.java,104,this.outlineStroke = new BasicStroke(1.0f);,0.0,10206,11201
996,S8641,TextBox.java,105,"this.interiorGap = new RectangleInsets(1.0, 3.0, 1.0, 3.0);",0.0,10206,11201
996,S8642,TextBox.java,106,"this.backgroundPaint = new Color(255, 255, 192);",0.0,10206,11201
996,S8643,TextBox.java,107,this.shadowPaint = Color.gray;,0.0,10206,11201
996,S8644,TextBox.java,108,this.shadowXOffset = 2.0;,0.0,10206,11201
996,S8645,TextBox.java,109,this.shadowYOffset = 2.0;,0.0,10206,11201
996,S8646,TextBox.java,110,this.textBlock = block;,0.0,10206,11201
996,S8647,TextBox.java,128,this.outlinePaint = paint;,0.0,10206,11201
996,S8648,TextBox.java,146,this.outlineStroke = stroke;,0.0,10206,11201
996,S8649,TextBox.java,164,this.interiorGap = gap;,0.0,10206,11201
996,S8650,TextBox.java,182,this.backgroundPaint = paint;,0.0,10206,11201
996,S8651,TextBox.java,200,this.shadowPaint = paint;,0.0,10206,11201
996,S8652,TextBox.java,266,Size2D d1 = this.textBlock.calculateDimensions(g2);,0.0,10206,11201
996,S8653,TextBox.java,267,double w = this.interiorGap.extendWidth(d1.getWidth());,0.0,10206,11201
996,S8654,TextBox.java,268,double h = this.interiorGap.extendHeight(d1.getHeight());,0.0,10206,11201
996,S8655,TextBox.java,269,"Size2D d2 = new Size2D(w, h);",0.0,10206,11201
996,S8656,TextBox.java,270,"Rectangle2D bounds = RectangleAnchor.createRectangle(d2, x, y, anchor);",0.0,10206,11201
996,S8657,TextBox.java,271,double xx = bounds.getX();,0.0,10206,11201
996,S8658,TextBox.java,272,double yy = bounds.getY();,0.0,10206,11201
996,S8659,TextBox.java,274,if (this.shadowPaint != null) {,0.0,10206,11201
996,S8660,TextBox.java,275,Rectangle2D shadow = new Rectangle2D.Double(,0.0,10206,11201
996,S8661,TextBox.java,278,g2.setPaint(this.shadowPaint);,0.0,10206,11201
996,S8662,TextBox.java,279,g2.fill(shadow);,0.0,10206,11201
996,S8663,TextBox.java,281,if (this.backgroundPaint != null) {,0.0,10206,11201
996,S8664,TextBox.java,282,g2.setPaint(this.backgroundPaint);,0.0,10206,11201
996,S8665,TextBox.java,283,g2.fill(bounds);,0.0,10206,11201
996,S8666,TextBox.java,286,if (this.outlinePaint != null && this.outlineStroke != null) {,0.0,10206,11201
996,S8667,TextBox.java,287,g2.setPaint(this.outlinePaint);,0.0,10206,11201
996,S8668,TextBox.java,288,g2.setStroke(this.outlineStroke);,0.0,10206,11201
996,S8669,TextBox.java,289,g2.draw(bounds);,0.0,10206,11201
996,S8670,TextBox.java,292,"this.textBlock.draw(g2,",0.0,10206,11201
996,S8671,TextBox.java,307,Size2D d = this.textBlock.calculateDimensions(g2);,0.0,10206,11201
996,S8672,TextBox.java,308,return this.interiorGap.extendHeight(d.getHeight());,0.0,10206,11201
996,S8684,TextFragment.java,159,return this.text;,0.0,10206,11201
996,S8685,TextFragment.java,168,return this.font;,0.0,10206,11201
996,S8686,TextFragment.java,177,return this.paint;,0.0,10206,11201
996,S8700,TextFragment.java,260,if (obj == null) {,0.0,10206,11201
996,S8701,TextFragment.java,263,if (obj == this) {,0.0,10206,11201
996,S8702,TextFragment.java,264,return true;,0.0,10206,11201
996,S8710,TextLine.java,128,this.fragments.add(fragment);,0.0,10206,11201
996,S8711,TextLine.java,137,this.fragments.remove(fragment);,0.0,10206,11201
996,S8729,TextLine.java,208,TextFragment result = null;,0.0,10206,11201
996,S8730,TextLine.java,209,if (this.fragments.size() > 0) {,0.0,10206,11201
996,S8731,TextLine.java,210,result = (TextFragment) this.fragments.get(this.fragments.size(),0.0,10206,11201
996,S8732,TextLine.java,213,return result;,0.0,10206,11201
996,S8742,TextTitle.java,175,"this(text, TextTitle.DEFAULT_FONT, TextTitle.DEFAULT_TEXT_PAINT,",0.0,10206,11201
996,S8756,TextTitle.java,254,if (text == null) {,0.0,10206,11201
996,S8757,TextTitle.java,257,if (!this.text.equals(text)) {,0.0,10206,11201
996,S8758,TextTitle.java,258,this.text = text;,0.0,10206,11201
996,S8759,TextTitle.java,259,notifyListeners(new TitleChangeEvent(this));,0.0,10206,11201
996,S8760,TextTitle.java,308,if (font == null) {,0.0,10206,11201
996,S8761,TextTitle.java,311,if (!this.font.equals(font)) {,0.0,10206,11201
996,S8762,TextTitle.java,312,this.font = font;,0.0,10206,11201
996,S8763,TextTitle.java,313,notifyListeners(new TitleChangeEvent(this));,0.0,10206,11201
996,S8791,TextTitle.java,567,"entity = new ChartEntity(area, this.toolTipText, this.urlText);",0.0,10206,11201
996,S8800,TextTitle.java,586,StandardEntityCollection sec = new StandardEntityCollection();,0.0,10206,11201
996,S8801,TextTitle.java,587,sec.add(entity);,0.0,10206,11201
996,S8802,TextTitle.java,588,result.setEntityCollection(sec);,0.0,10206,11201
996,S8820,TextTitle.java,695,if (obj == this) {,0.0,10206,11201
996,S8821,TextTitle.java,696,return true;,0.0,10206,11201
996,S8822,TextTitle.java,698,if (!(obj instanceof TextTitle)) {,0.0,10206,11201
996,S8823,TextTitle.java,701,if (!super.equals(obj)) {,0.0,10206,11201
996,S8824,TextTitle.java,702,return false;,0.0,10206,11201
996,S8825,TextTitle.java,704,TextTitle that = (TextTitle) obj;,0.0,10206,11201
996,S8826,TextTitle.java,705,"if (!ObjectUtilities.equal(this.text, that.text)) {",0.0,10206,11201
996,S8827,TextTitle.java,706,return false;,0.0,10206,11201
996,S8828,TextTitle.java,708,"if (!ObjectUtilities.equal(this.font, that.font)) {",0.0,10206,11201
996,S8829,TextTitle.java,711,"if (!PaintUtilities.equal(this.paint, that.paint)) {",0.0,10206,11201
996,S8830,TextTitle.java,714,if (this.textAlignment != that.textAlignment) {,0.0,10206,11201
996,S8831,TextTitle.java,717,"if (!PaintUtilities.equal(this.backgroundPaint, that.backgroundPaint)) {",0.0,10206,11201
996,S8832,TextTitle.java,720,return true;,0.0,10206,11201
996,S8833,TextTitle.java,757,stream.defaultWriteObject();,0.0,10206,11201
996,S8834,TextTitle.java,758,"SerialUtilities.writePaint(this.paint, stream);",0.0,10206,11201
996,S8835,TextTitle.java,759,"SerialUtilities.writePaint(this.backgroundPaint, stream);",0.0,10206,11201
996,S8836,TextTitle.java,773,stream.defaultReadObject();,0.0,10206,11201
996,S8837,TextTitle.java,774,this.paint = SerialUtilities.readPaint(stream);,0.0,10206,11201
996,S8838,TextTitle.java,775,this.backgroundPaint = SerialUtilities.readPaint(stream);,0.0,10206,11201
996,S8842,TextUtilities.java,114,if (text == null) {,0.0,10206,11201
996,S8843,TextUtilities.java,117,TextBlock result = new TextBlock();,0.0,10206,11201
996,S8844,TextUtilities.java,118,String input = text;,0.0,10206,11201
996,S8845,TextUtilities.java,119,boolean moreInputToProcess = (text.length() > 0);,0.0,10206,11201
996,S8846,TextUtilities.java,120,int start = 0;,0.0,10206,11201
996,S8847,TextUtilities.java,121,while (moreInputToProcess) {,0.0,10206,11201
996,S8848,TextUtilities.java,122,"int index = input.indexOf(""\n"");",0.0,10206,11201
996,S8849,TextUtilities.java,123,if (index > start) {,0.0,10206,11201
996,S8850,TextUtilities.java,133,else if (index == start) {,0.0,10206,11201
996,S8851,TextUtilities.java,142,"result.addLine(input, font, paint);",0.0,10206,11201
996,S8852,TextUtilities.java,143,moreInputToProcess = false;,0.0,10206,11201
996,S8853,TextUtilities.java,146,return result;,0.0,10206,11201
996,S8866,TextUtilities.java,199,"result.addLine(text.substring(current, next), font, paint);",0.0,10206,11201
996,S8867,TextUtilities.java,200,lines++;,0.0,10206,11201
996,S8868,TextUtilities.java,201,current = next;,0.0,10206,11201
996,S8869,TextUtilities.java,202,while (current < text.length()&& text.charAt(current) == '\n') {,0.0,10206,11201
996,S8870,TextUtilities.java,206,if (current < length) {,0.0,10206,11201
996,S8871,TextUtilities.java,207,TextLine lastLine = result.getLastLine();,0.0,10206,11201
996,S8872,TextUtilities.java,208,TextFragment lastFragment = lastLine.getLastTextFragment();,0.0,10206,11201
996,S8873,TextUtilities.java,209,String oldStr = lastFragment.getText();,0.0,10206,11201
996,S8874,TextUtilities.java,210,"String newStr = ""..."";",0.0,10206,11201
996,S8875,TextUtilities.java,211,if (oldStr.length() > 3) {,0.0,10206,11201
996,S8876,TextUtilities.java,212,"newStr = oldStr.substring(0, oldStr.length() - 3) + ""..."";",0.0,10206,11201
996,S8877,TextUtilities.java,215,lastLine.removeFragment(lastFragment);,0.0,10206,11201
996,S8878,TextUtilities.java,216,"TextFragment newFragment = new TextFragment(newStr,",0.0,10206,11201
996,S8879,TextUtilities.java,218,lastLine.addFragment(newFragment);,0.0,10206,11201
996,S8880,TextUtilities.java,220,return result;,0.0,10206,11201
996,S8891,TextUtilities.java,253,if (firstWord) {,0.0,10206,11201
996,S8892,TextUtilities.java,254,"while (measurer.getStringWidth(text, start, end) > width) {",0.0,10206,11201
996,S8893,TextUtilities.java,255,end--;,0.0,10206,11201
996,S8894,TextUtilities.java,256,if (end <= start) {,0.0,10206,11201
996,S8895,TextUtilities.java,260,return end;,0.0,10206,11201
996,S8896,TextUtilities.java,263,end = iterator.previous();,0.0,10206,11201
996,S8897,TextUtilities.java,264,return end;,0.0,10206,11201
996,S8916,TextUtilities.java,542,"if (text == null || text.equals("""")) {",0.0,10206,11201
996,S8917,TextUtilities.java,545,"float[] textAdj = deriveTextBoundsAnchorOffsets(g2, text, textAnchor);",0.0,10206,11201
996,S8918,TextUtilities.java,546,"float[] rotateAdj = deriveRotationAnchorOffsets(g2, text,",0.0,10206,11201
996,S8919,TextUtilities.java,548,"drawRotatedString(text, g2, x + textAdj[0], y + textAdj[1],",0.0,10206,11201
996,S8933,TextUtilities.java,621,xAdj = (float) -bounds.getWidth() / 2.0f;,0.0,10206,11201
996,S8935,TextUtilities.java,630,xAdj = (float) -bounds.getWidth();,0.0,10206,11201
996,S8937,TextUtilities.java,638,yAdj = -descent - leading + (float) bounds.getHeight();,0.0,10206,11201
996,S8940,TextUtilities.java,652,yAdj = -descent - leading + (float) (bounds.getHeight() / 2.0);,0.0,10206,11201
996,S8943,TextUtilities.java,662,else if (anchor == TextAnchor.BOTTOM_LEFT,0.0,10206,11201
996,S8944,TextUtilities.java,666,yAdj = -metrics.getDescent() - metrics.getLeading();,0.0,10206,11201
996,S8948,TextUtilities.java,689,float[] result = new float[2];,0.0,10206,11201
996,S8949,TextUtilities.java,690,FontRenderContext frc = g2.getFontRenderContext();,0.0,10206,11201
996,S8950,TextUtilities.java,691,"LineMetrics metrics = g2.getFont().getLineMetrics(text, frc);",0.0,10206,11201
996,S8951,TextUtilities.java,692,FontMetrics fm = g2.getFontMetrics();,0.0,10206,11201
996,S8952,TextUtilities.java,693,"Rectangle2D bounds = TextUtilities.getTextBounds(text, g2, fm);",0.0,10206,11201
996,S8953,TextUtilities.java,694,float ascent = metrics.getAscent();,0.0,10206,11201
996,S8954,TextUtilities.java,695,float halfAscent = ascent / 2.0f;,0.0,10206,11201
996,S8955,TextUtilities.java,696,float descent = metrics.getDescent();,0.0,10206,11201
996,S8956,TextUtilities.java,697,float leading = metrics.getLeading();,0.0,10206,11201
996,S8957,TextUtilities.java,698,float xAdj = 0.0f;,0.0,10206,11201
996,S8958,TextUtilities.java,699,float yAdj = 0.0f;,0.0,10206,11201
996,S8959,TextUtilities.java,701,if (anchor == TextAnchor.TOP_LEFT,0.0,10206,11201
996,S8960,TextUtilities.java,710,else if (anchor == TextAnchor.TOP_CENTER,0.0,10206,11201
996,S8961,TextUtilities.java,716,xAdj = (float) bounds.getWidth() / 2.0f;,0.0,10206,11201
996,S8962,TextUtilities.java,719,else if (anchor == TextAnchor.TOP_RIGHT,0.0,10206,11201
996,S8963,TextUtilities.java,725,xAdj = (float) bounds.getWidth();,0.0,10206,11201
996,S8964,TextUtilities.java,729,if (anchor == TextAnchor.TOP_LEFT,0.0,10206,11201
996,S8965,TextUtilities.java,733,yAdj = descent + leading - (float) bounds.getHeight();,0.0,10206,11201
996,S8966,TextUtilities.java,736,else if (anchor == TextAnchor.CENTER_LEFT,0.0,10206,11201
996,S8967,TextUtilities.java,740,yAdj = descent + leading - (float) (bounds.getHeight() / 2.0);,0.0,10206,11201
996,S8968,TextUtilities.java,743,else if (anchor == TextAnchor.HALF_ASCENT_LEFT,0.0,10206,11201
996,S8969,TextUtilities.java,750,else if (anchor == TextAnchor.BASELINE_LEFT,0.0,10206,11201
996,S8970,TextUtilities.java,757,else if (anchor == TextAnchor.BOTTOM_LEFT,0.0,10206,11201
996,S8971,TextUtilities.java,761,yAdj = metrics.getDescent() + metrics.getLeading();,0.0,10206,11201
996,S8972,TextUtilities.java,764,result[0] = xAdj;,0.0,10206,11201
996,S8973,TextUtilities.java,765,result[1] = yAdj;,0.0,10206,11201
996,S8974,TextUtilities.java,766,return result;,0.0,10206,11201
996,S8975,Tick.java,84,double angle) {,0.0,10206,11201
996,S8976,Tick.java,85,if (textAnchor == null) {,0.0,10206,11201
996,S8977,Tick.java,88,if (rotationAnchor == null) {,0.0,10206,11201
996,S8978,Tick.java,93,this.text = text;,0.0,10206,11201
996,S8979,Tick.java,94,this.textAnchor = textAnchor;,0.0,10206,11201
996,S8980,Tick.java,95,this.rotationAnchor = rotationAnchor;,0.0,10206,11201
996,S8981,Tick.java,96,this.angle = angle;,0.0,10206,11201
996,S8982,Tick.java,105,return this.text;,0.0,10206,11201
996,S8983,Tick.java,114,return this.textAnchor;,0.0,10206,11201
996,S8984,Tick.java,124,return this.rotationAnchor;,0.0,10206,11201
996,S8985,Tick.java,133,return this.angle;,0.0,10206,11201
996,S8986,TickType.java,54,"public static final TickType MAJOR = new TickType(""MAJOR"");",0.0,10206,11201
996,S8987,TickType.java,57,"public static final TickType MINOR = new TickType(""MINOR"");",0.0,10206,11201
996,S8988,TickType.java,67,private TickType(String name) {,0.0,10206,11201
996,S8989,TickType.java,68,this.name = name;,0.0,10206,11201
996,S8990,TickType.java,89,if (this == obj) {,0.0,10206,11201
996,S8991,TickType.java,90,return true;,0.0,10206,11201
996,S8992,TickUnit.java,83,public TickUnit(double size) {,0.0,10206,11201
996,S8993,TickUnit.java,84,this.size = size;,0.0,10206,11201
996,S8994,TickUnit.java,106,return this.size;,0.0,10206,11201
996,S8995,TickUnit.java,144,if (object instanceof TickUnit) {,0.0,10206,11201
996,S8996,TickUnit.java,145,TickUnit other = (TickUnit) object;,0.0,10206,11201
996,S8997,TickUnit.java,146,if (this.size > other.getSize()) {,0.0,10206,11201
996,S8998,TickUnit.java,147,return 1;,0.0,10206,11201
996,S8999,TickUnit.java,149,else if (this.size < other.getSize()) {,0.0,10206,11201
996,S9000,TickUnit.java,150,return -1;,0.0,10206,11201
996,S9001,TickUnit.java,153,return 0;,0.0,10206,11201
996,S9002,TickUnit.java,170,if (obj == this) {,0.0,10206,11201
996,S9003,TickUnit.java,173,if (!(obj instanceof TickUnit)) {,0.0,10206,11201
996,S9004,TickUnit.java,176,TickUnit that = (TickUnit) obj;,0.0,10206,11201
996,S9005,TickUnit.java,177,if (this.size != that.size) {,0.0,10206,11201
996,S9006,TickUnit.java,178,return false;,0.0,10206,11201
996,S9007,TickUnit.java,180,if (this.minorTickCount != that.minorTickCount) {,0.0,10206,11201
996,S9008,TickUnit.java,183,return true;,0.0,10206,11201
996,S9009,TickUnit.java,192,long temp = this.size != +0.0d ? Double.doubleToLongBits(this.size),0.0,10206,11201
996,S9010,TickUnit.java,194,return (int) (temp ^ (temp >>> 32));,0.0,10206,11201
996,S9011,TickUnits.java,79,public TickUnits() {,0.0,10206,11201
996,S9012,TickUnits.java,80,this.tickUnits = new ArrayList();,0.0,10206,11201
996,S9013,TickUnits.java,90,if (unit == null) {,0.0,10206,11201
996,S9014,TickUnits.java,93,this.tickUnits.add(unit);,0.0,10206,11201
996,S9015,TickUnits.java,94,Collections.sort(this.tickUnits);,0.0,10206,11201
996,S9016,TickUnits.java,130,"int index = Collections.binarySearch(this.tickUnits, unit);",0.0,10206,11201
996,S9017,TickUnits.java,131,if (index >= 0) {,0.0,10206,11201
996,S9018,TickUnits.java,132,index = index + 1;,0.0,10206,11201
996,S9019,TickUnits.java,138,"return (TickUnit) this.tickUnits.get(Math.min(index,",0.0,10206,11201
996,S9020,TickUnits.java,153,"int index = Collections.binarySearch(this.tickUnits, unit);",0.0,10206,11201
996,S9021,TickUnits.java,154,if (index >= 0) {,0.0,10206,11201
996,S9022,TickUnits.java,155,return (TickUnit) this.tickUnits.get(index);,0.0,10206,11201
996,S9023,TickUnits.java,158,index = -(index + 1);,0.0,10206,11201
996,S9024,TickUnits.java,159,"return (TickUnit) this.tickUnits.get(Math.min(index,",0.0,10206,11201
996,S9025,TickUnits.java,174,"return getCeilingTickUnit(new NumberTickUnit(size,",0.0,10206,11201
996,S9026,TickUnits.java,200,if (obj == this) {,0.0,10206,11201
996,S9027,TickUnits.java,203,if (!(obj instanceof TickUnits)) {,0.0,10206,11201
996,S9028,TickUnits.java,206,TickUnits that = (TickUnits) obj;,0.0,10206,11201
996,S9029,TickUnits.java,207,return that.tickUnits.equals(this.tickUnits);,0.0,10206,11201
996,S9030,TimePeriodAnchor.java,57,public static final TimePeriodAnchor START,0.0,10206,11201
996,S9031,TimePeriodAnchor.java,61,public static final TimePeriodAnchor MIDDLE,0.0,10206,11201
996,S9032,TimePeriodAnchor.java,65,public static final TimePeriodAnchor END,0.0,10206,11201
996,S9033,TimePeriodAnchor.java,76,private TimePeriodAnchor(String name) {,0.0,10206,11201
996,S9034,TimePeriodAnchor.java,77,this.name = name;,0.0,10206,11201
996,S9035,TimePeriodAnchor.java,99,if (this == obj) {,0.0,10206,11201
996,S9036,TimePeriodAnchor.java,102,if (!(obj instanceof TimePeriodAnchor)) {,0.0,10206,11201
996,S9037,TimePeriodAnchor.java,106,TimePeriodAnchor position = (TimePeriodAnchor) obj;,0.0,10206,11201
996,S9038,TimePeriodAnchor.java,107,if (!this.name.equals(position.name)) {,0.0,10206,11201
996,S9039,TimePeriodAnchor.java,111,return true;,0.0,10206,11201
996,S9040,TimePeriodAnchor.java,131,if (this.equals(TimePeriodAnchor.START)) {,0.0,10206,11201
996,S9041,TimePeriodAnchor.java,132,return TimePeriodAnchor.START;,0.0,10206,11201
996,S9042,TimeSeries.java,140,"this(name, DEFAULT_DOMAIN_DESCRIPTION, DEFAULT_RANGE_DESCRIPTION,",0.0,10206,11201
996,S9043,TimeSeries.java,141,Day.class);,0.0,10206,11201
996,S9044,TimeSeries.java,153,"this(name, DEFAULT_DOMAIN_DESCRIPTION, DEFAULT_RANGE_DESCRIPTION,",0.0,10206,11201
996,S9045,TimeSeries.java,172,super(name);,0.0,10206,11201
996,S9046,TimeSeries.java,173,this.domain = domain;,0.0,10206,11201
996,S9047,TimeSeries.java,174,this.range = range;,0.0,10206,11201
996,S9048,TimeSeries.java,175,this.timePeriodClass = timePeriodClass;,0.0,10206,11201
996,S9049,TimeSeries.java,176,this.data = new java.util.ArrayList();,0.0,10206,11201
996,S9050,TimeSeries.java,177,this.maximumItemCount = Integer.MAX_VALUE;,0.0,10206,11201
996,S9051,TimeSeries.java,178,this.maximumItemAge = Long.MAX_VALUE;,0.0,10206,11201
996,S9052,TimeSeries.java,238,return this.data.size();,0.0,10206,11201
996,S9053,TimeSeries.java,339,return (TimeSeriesDataItem) this.data.get(index);,0.0,10206,11201
996,S9054,TimeSeries.java,370,return getDataItem(index).getPeriod();,0.0,10206,11201
996,S9055,TimeSeries.java,489,if (item == null) {,0.0,10206,11201
996,S9056,TimeSeries.java,492,if (!item.getPeriod().getClass().equals(this.timePeriodClass)) {,0.0,10206,11201
996,S9057,TimeSeries.java,504,boolean added = false;,0.0,10206,11201
996,S9058,TimeSeries.java,505,int count = getItemCount();,0.0,10206,11201
996,S9059,TimeSeries.java,506,if (count == 0) {,0.0,10206,11201
996,S9060,TimeSeries.java,507,this.data.add(item);,0.0,10206,11201
996,S9061,TimeSeries.java,508,added = true;,0.0,10206,11201
996,S9062,TimeSeries.java,511,RegularTimePeriod last = getTimePeriod(getItemCount() - 1);,0.0,10206,11201
996,S9063,TimeSeries.java,512,if (item.getPeriod().compareTo(last) > 0) {,0.0,10206,11201
996,S9064,TimeSeries.java,513,this.data.add(item);,0.0,10206,11201
996,S9065,TimeSeries.java,514,added = true;,0.0,10206,11201
996,S9066,TimeSeries.java,534,if (added) {,0.0,10206,11201
996,S9067,TimeSeries.java,536,if (getItemCount() > this.maximumItemCount) {,0.0,10206,11201
996,S9068,TimeSeries.java,540,"removeAgedItems(false);  // remove old items if necessary, but",0.0,10206,11201
996,S9069,TimeSeries.java,543,if (notify) {,0.0,10206,11201
996,S9070,TimeSeries.java,544,fireSeriesChanged();,0.0,10206,11201
996,S9071,TimeSeries.java,559,"add(period, value, true);",0.0,10206,11201
996,S9072,TimeSeries.java,572,"TimeSeriesDataItem item = new TimeSeriesDataItem(period, value);",0.0,10206,11201
996,S9073,TimeSeries.java,573,"add(item, notify);",0.0,10206,11201
996,S9074,TimeSeries.java,738,if (getItemCount() > 1) {,0.0,10206,11201
996,S9075,TimeSeries.java,739,long latest = getTimePeriod(getItemCount() - 1).getSerialIndex();,0.0,10206,11201
996,S9076,TimeSeries.java,740,boolean removed = false;,0.0,10206,11201
996,S9077,TimeSeries.java,742,> this.maximumItemAge) {,0.0,10206,11201
996,S9078,TimeSeries.java,746,if (removed && notify) {,0.0,10206,11201
996,S9079,TimeSeriesCollection.java,135,"this(null, TimeZone.getDefault());",0.0,10206,11201
996,S9080,TimeSeriesCollection.java,155,"this(series, TimeZone.getDefault());",0.0,10206,11201
996,S9081,TimeSeriesCollection.java,167,"public TimeSeriesCollection(TimeSeries series, TimeZone zone) {",0.0,10206,11201
996,S9082,TimeSeriesCollection.java,169,if (zone == null) {,0.0,10206,11201
996,S9083,TimeSeriesCollection.java,172,this.workingCalendar = Calendar.getInstance(zone);,0.0,10206,11201
996,S9084,TimeSeriesCollection.java,173,this.data = new ArrayList();,0.0,10206,11201
996,S9085,TimeSeriesCollection.java,174,if (series != null) {,0.0,10206,11201
996,S9086,TimeSeriesCollection.java,175,this.data.add(series);,0.0,10206,11201
996,S9087,TimeSeriesCollection.java,176,series.addChangeListener(this);,0.0,10206,11201
996,S9088,TimeSeriesCollection.java,178,this.xPosition = TimePeriodAnchor.START;,0.0,10206,11201
996,S9089,TimeSeriesCollection.java,232,return this.data.size();,0.0,10206,11201
996,S9090,TimeSeriesCollection.java,260,if ((series < 0) || (series >= getSeriesCount())) {,0.0,10206,11201
996,S9091,TimeSeriesCollection.java,264,return (TimeSeries) this.data.get(series);,0.0,10206,11201
996,S9092,TimeSeriesCollection.java,298,return getSeries(series).getKey();,0.0,10206,11201
996,S9093,TimeSeriesCollection.java,308,if (series == null) {,0.0,10206,11201
996,S9094,TimeSeriesCollection.java,311,this.data.add(series);,0.0,10206,11201
996,S9095,TimeSeriesCollection.java,312,series.addChangeListener(this);,0.0,10206,11201
996,S9096,TimeSeriesCollection.java,313,fireDatasetChanged();,0.0,10206,11201
996,S9097,TimeSeriesCollection.java,371,return getSeries(series).getItemCount();,0.0,10206,11201
996,S9098,TimeSeriesCollection.java,412,long result = 0L;,0.0,10206,11201
996,S9099,TimeSeriesCollection.java,413,if (this.xPosition == TimePeriodAnchor.START) {,0.0,10206,11201
996,S9100,TimeSeriesCollection.java,414,result = period.getFirstMillisecond(this.workingCalendar);,0.0,10206,11201
996,S9101,TimeSeriesCollection.java,422,return result;,0.0,10206,11201
996,S9102,TimeSeriesCollection.java,464,TimeSeries ts = (TimeSeries) this.data.get(series);,0.0,10206,11201
996,S9103,TimeSeriesCollection.java,465,TimeSeriesDataItem dp = ts.getDataItem(item);,0.0,10206,11201
996,S9104,TimeSeriesCollection.java,466,return dp.getValue();,0.0,10206,11201
996,S9105,TimeSeriesCollection.java,478,"return getY(series, item);",0.0,10206,11201
996,S9106,TimeSeriesCollection.java,490,"return getY(series, item);",0.0,10206,11201
996,S9107,TimeSeriesCollection.java,564,Range result = null;,0.0,10206,11201
996,S9108,TimeSeriesCollection.java,565,Iterator iterator = this.data.iterator();,0.0,10206,11201
996,S9109,TimeSeriesCollection.java,566,while (iterator.hasNext()) {,0.0,10206,11201
996,S9110,TimeSeriesCollection.java,567,TimeSeries series = (TimeSeries) iterator.next();,0.0,10206,11201
996,S9111,TimeSeriesCollection.java,568,int count = series.getItemCount();,0.0,10206,11201
996,S9112,TimeSeriesCollection.java,569,if (count > 0) {,0.0,10206,11201
996,S9113,TimeSeriesCollection.java,570,RegularTimePeriod start = series.getTimePeriod(0);,0.0,10206,11201
996,S9114,TimeSeriesCollection.java,571,RegularTimePeriod end = series.getTimePeriod(count - 1);,0.0,10206,11201
996,S9115,TimeSeriesCollection.java,573,if (!includeInterval) {,0.0,10206,11201
996,S9116,TimeSeriesCollection.java,574,"temp = new Range(getX(start), getX(end));",0.0,10206,11201
996,S9117,TimeSeriesCollection.java,577,temp = new Range(,0.0,10206,11201
996,S9118,TimeSeriesCollection.java,581,"result = Range.combine(result, temp);",0.0,10206,11201
996,S9119,TimeSeriesCollection.java,584,return result;,0.0,10206,11201
996,S9120,TimeSeriesDataItem.java,92,"public TimeSeriesDataItem(RegularTimePeriod period, Number value) {",0.0,10206,11201
996,S9121,TimeSeriesDataItem.java,93,if (period == null) {,0.0,10206,11201
996,S9122,TimeSeriesDataItem.java,96,this.period = period;,0.0,10206,11201
996,S9123,TimeSeriesDataItem.java,97,this.value = value;,0.0,10206,11201
996,S9124,TimeSeriesDataItem.java,107,"this(period, new Double(value));",0.0,10206,11201
996,S9125,TimeSeriesDataItem.java,116,return this.period;,0.0,10206,11201
996,S9126,TimeSeriesDataItem.java,125,return this.value;,0.0,10206,11201
996,S9127,TimeSeriesURLGenerator.java,71,private DateFormat dateFormat = DateFormat.getInstance();,0.0,10206,11201
996,S9128,TimeSeriesURLGenerator.java,74,"private String prefix = ""index.html"";",0.0,10206,11201
996,S9129,TimeSeriesURLGenerator.java,77,"private String seriesParameterName = ""series"";",0.0,10206,11201
996,S9130,TimeSeriesURLGenerator.java,80,"private String itemParameterName = ""item"";",0.0,10206,11201
996,S9131,TimeSeriesURLGenerator.java,86,super();,0.0,10206,11201
996,S9132,TimeSeriesURLGenerator.java,217,if (obj == this) {,0.0,10206,11201
996,S9133,TimeSeriesURLGenerator.java,220,if (!(obj instanceof TimeSeriesURLGenerator)) {,0.0,10206,11201
996,S9134,TimeSeriesURLGenerator.java,221,return false;,0.0,10206,11201
996,S9135,TimeSeriesURLGenerator.java,223,TimeSeriesURLGenerator that = (TimeSeriesURLGenerator) obj;,0.0,10206,11201
996,S9136,TimeSeriesURLGenerator.java,224,if (!this.dateFormat.equals(that.dateFormat)) {,0.0,10206,11201
996,S9137,TimeSeriesURLGenerator.java,227,if (!this.itemParameterName.equals(that.itemParameterName)) {,0.0,10206,11201
996,S9138,TimeSeriesURLGenerator.java,230,if (!this.prefix.equals(that.prefix)) {,0.0,10206,11201
996,S9139,TimeSeriesURLGenerator.java,233,if (!this.seriesParameterName.equals(that.seriesParameterName)) {,0.0,10206,11201
996,S9140,TimeSeriesURLGenerator.java,236,return true;,0.0,10206,11201
996,S9164,Title.java,346,"this.listenerList.remove(TitleChangeListener.class, listener);",0.0,10206,11201
996,S9168,Title.java,360,if (listeners[i] == TitleChangeListener.class) {,0.0,10206,11201
996,S9169,Title.java,361,((TitleChangeListener) listeners[i + 1]).titleChanged(,0.0,10206,11201
996,S9170,Title.java,376,if (obj == this) {,0.0,10206,11201
996,S9171,Title.java,379,if (!(obj instanceof Title)) {,0.0,10206,11201
996,S9172,Title.java,382,if (!super.equals(obj)) {,0.0,10206,11201
996,S9173,Title.java,385,Title that = (Title) obj;,0.0,10206,11201
996,S9174,Title.java,386,if (this.position != that.position) {,0.0,10206,11201
996,S9175,Title.java,387,return false;,0.0,10206,11201
996,S9176,Title.java,389,if (this.horizontalAlignment != that.horizontalAlignment) {,0.0,10206,11201
996,S9177,Title.java,392,if (this.verticalAlignment != that.verticalAlignment) {,0.0,10206,11201
996,S9178,Title.java,395,if (this.notify != that.notify) {,0.0,10206,11201
996,S9179,Title.java,398,return true;,0.0,10206,11201
996,S9180,Title.java,423,stream.defaultWriteObject();,0.0,10206,11201
996,S9181,Title.java,436,stream.defaultReadObject();,0.0,10206,11201
996,S9182,Title.java,437,this.listenerList = new EventListenerList();,0.0,10206,11201
996,S9189,UnitType.java,91,if (obj == this) {,0.0,10206,11201
996,S9190,UnitType.java,94,if (!(obj instanceof UnitType)) {,0.0,10206,11201
996,S9191,UnitType.java,97,UnitType that = (UnitType) obj;,0.0,10206,11201
996,S9192,UnitType.java,98,if (!this.name.equals(that.name)) {,0.0,10206,11201
996,S9193,UnitType.java,99,return false;,0.0,10206,11201
996,S9194,UnitType.java,101,return true;,0.0,10206,11201
996,S9195,UnitType.java,121,if (this.equals(UnitType.ABSOLUTE)) {,0.0,10206,11201
996,S9196,UnitType.java,122,return UnitType.ABSOLUTE;,0.0,10206,11201
996,S9197,UnitType.java,124,else if (this.equals(UnitType.RELATIVE)) {,0.0,10206,11201
996,S9198,UnitType.java,125,return UnitType.RELATIVE;,0.0,10206,11201
996,S9199,ValueAxis.java,147,"public static final Range DEFAULT_RANGE = new Range(0.0, 1.0);",0.0,10206,11201
996,S9200,ValueAxis.java,262,super(label);,0.0,10206,11201
996,S9201,ValueAxis.java,264,this.positiveArrowVisible = false;,0.0,10206,11201
996,S9202,ValueAxis.java,265,this.negativeArrowVisible = false;,0.0,10206,11201
996,S9203,ValueAxis.java,267,this.range = DEFAULT_RANGE;,0.0,10206,11201
996,S9204,ValueAxis.java,268,this.autoRange = DEFAULT_AUTO_RANGE;,0.0,10206,11201
996,S9205,ValueAxis.java,269,this.defaultAutoRange = DEFAULT_RANGE;,0.0,10206,11201
996,S9206,ValueAxis.java,271,this.inverted = DEFAULT_INVERTED;,0.0,10206,11201
996,S9207,ValueAxis.java,272,this.autoRangeMinimumSize = DEFAULT_AUTO_RANGE_MINIMUM_SIZE;,0.0,10206,11201
996,S9208,ValueAxis.java,274,this.lowerMargin = DEFAULT_LOWER_MARGIN;,0.0,10206,11201
996,S9209,ValueAxis.java,275,this.upperMargin = DEFAULT_UPPER_MARGIN;,0.0,10206,11201
996,S9210,ValueAxis.java,277,this.fixedAutoRange = 0.0;,0.0,10206,11201
996,S9211,ValueAxis.java,279,this.autoTickUnitSelection = DEFAULT_AUTO_TICK_UNIT_SELECTION;,0.0,10206,11201
996,S9212,ValueAxis.java,280,this.standardTickUnits = standardTickUnits;,0.0,10206,11201
996,S9213,ValueAxis.java,282,Polygon p1 = new Polygon();,0.0,10206,11201
996,S9214,ValueAxis.java,283,"p1.addPoint(0, 0);",0.0,10206,11201
996,S9215,ValueAxis.java,284,"p1.addPoint(-2, 2);",0.0,10206,11201
996,S9216,ValueAxis.java,285,"p1.addPoint(2, 2);",0.0,10206,11201
996,S9217,ValueAxis.java,287,this.upArrow = p1;,0.0,10206,11201
996,S9218,ValueAxis.java,289,Polygon p2 = new Polygon();,0.0,10206,11201
996,S9219,ValueAxis.java,290,"p2.addPoint(0, 0);",0.0,10206,11201
996,S9220,ValueAxis.java,291,"p2.addPoint(-2, -2);",0.0,10206,11201
996,S9221,ValueAxis.java,292,"p2.addPoint(2, -2);",0.0,10206,11201
996,S9222,ValueAxis.java,294,this.downArrow = p2;,0.0,10206,11201
996,S9223,ValueAxis.java,296,Polygon p3 = new Polygon();,0.0,10206,11201
996,S9224,ValueAxis.java,297,"p3.addPoint(0, 0);",0.0,10206,11201
996,S9225,ValueAxis.java,298,"p3.addPoint(-2, -2);",0.0,10206,11201
996,S9226,ValueAxis.java,299,"p3.addPoint(-2, 2);",0.0,10206,11201
996,S9227,ValueAxis.java,301,this.rightArrow = p3;,0.0,10206,11201
996,S9228,ValueAxis.java,303,Polygon p4 = new Polygon();,0.0,10206,11201
996,S9229,ValueAxis.java,304,"p4.addPoint(0, 0);",0.0,10206,11201
996,S9230,ValueAxis.java,305,"p4.addPoint(2, -2);",0.0,10206,11201
996,S9231,ValueAxis.java,306,"p4.addPoint(2, 2);",0.0,10206,11201
996,S9232,ValueAxis.java,308,this.leftArrow = p4;,0.0,10206,11201
996,S9233,ValueAxis.java,310,this.verticalTickLabels = false;,0.0,10206,11201
996,S9234,ValueAxis.java,323,return this.verticalTickLabels;,0.0,10206,11201
996,S9235,ValueAxis.java,337,if (this.verticalTickLabels != flag) {,0.0,10206,11201
996,S9236,ValueAxis.java,338,this.verticalTickLabels = flag;,0.0,10206,11201
996,S9237,ValueAxis.java,339,notifyListeners(new AxisChangeEvent(this));,0.0,10206,11201
996,S9238,ValueAxis.java,365,this.positiveArrowVisible = visible;,0.0,10206,11201
996,S9239,ValueAxis.java,366,notifyListeners(new AxisChangeEvent(this));,0.0,10206,11201
996,S9240,ValueAxis.java,391,this.negativeArrowVisible = visible;,0.0,10206,11201
996,S9241,ValueAxis.java,392,notifyListeners(new AxisChangeEvent(this));,0.0,10206,11201
996,S9242,ValueAxis.java,521,Line2D axisLine = null;,0.0,10206,11201
996,S9243,ValueAxis.java,522,if (edge == RectangleEdge.TOP) {,0.0,10206,11201
996,S9244,ValueAxis.java,523,"axisLine = new Line2D.Double(dataArea.getX(), cursor,",0.0,10206,11201
996,S9245,ValueAxis.java,526,else if (edge == RectangleEdge.BOTTOM) {,0.0,10206,11201
996,S9246,ValueAxis.java,527,"axisLine = new Line2D.Double(dataArea.getX(), cursor,",0.0,10206,11201
996,S9247,ValueAxis.java,530,else if (edge == RectangleEdge.LEFT) {,0.0,10206,11201
996,S9248,ValueAxis.java,531,"axisLine = new Line2D.Double(cursor, dataArea.getY(), cursor,",0.0,10206,11201
996,S9249,ValueAxis.java,538,g2.setPaint(getAxisLinePaint());,0.0,10206,11201
996,S9250,ValueAxis.java,539,g2.setStroke(getAxisLineStroke());,0.0,10206,11201
996,S9251,ValueAxis.java,540,g2.draw(axisLine);,0.0,10206,11201
996,S9252,ValueAxis.java,542,boolean drawUpOrRight = false;,0.0,10206,11201
996,S9253,ValueAxis.java,543,boolean drawDownOrLeft = false;,0.0,10206,11201
996,S9254,ValueAxis.java,544,if (this.positiveArrowVisible) {,0.0,10206,11201
996,S9255,ValueAxis.java,552,if (this.negativeArrowVisible) {,0.0,10206,11201
996,S9256,ValueAxis.java,560,if (drawUpOrRight) {,0.0,10206,11201
996,S9257,ValueAxis.java,584,if (drawDownOrLeft) {,0.0,10206,11201
996,S9258,ValueAxis.java,625,RectangleInsets insets = getTickLabelInsets();,0.0,10206,11201
996,S9259,ValueAxis.java,626,float[] result = new float[2];,0.0,10206,11201
996,S9260,ValueAxis.java,627,if (edge == RectangleEdge.TOP) {,0.0,10206,11201
996,S9261,ValueAxis.java,628,"result[0] = (float) valueToJava2D(tick.getValue(), dataArea, edge);",0.0,10206,11201
996,S9262,ValueAxis.java,629,result[1] = (float) (cursor - insets.getBottom() - 2.0);,0.0,10206,11201
996,S9263,ValueAxis.java,631,else if (edge == RectangleEdge.BOTTOM) {,0.0,10206,11201
996,S9264,ValueAxis.java,632,"result[0] = (float) valueToJava2D(tick.getValue(), dataArea, edge);",0.0,10206,11201
996,S9265,ValueAxis.java,633,result[1] = (float) (cursor + insets.getTop() + 2.0);,0.0,10206,11201
996,S9266,ValueAxis.java,635,else if (edge == RectangleEdge.LEFT) {,0.0,10206,11201
996,S9267,ValueAxis.java,636,result[0] = (float) (cursor - insets.getLeft() - 2.0);,0.0,10206,11201
996,S9268,ValueAxis.java,637,"result[1] = (float) valueToJava2D(tick.getValue(), dataArea, edge);",0.0,10206,11201
996,S9269,ValueAxis.java,643,return result;,0.0,10206,11201
996,S9270,ValueAxis.java,662,AxisState state = new AxisState(cursor);,0.0,10206,11201
996,S9271,ValueAxis.java,664,if (isAxisLineVisible()) {,0.0,10206,11201
996,S9272,ValueAxis.java,665,"drawAxisLine(g2, cursor, dataArea, edge);",0.0,10206,11201
996,S9273,ValueAxis.java,668,double ol = getTickMarkOutsideLength();,0.0,10206,11201
996,S9274,ValueAxis.java,669,double il = getTickMarkInsideLength();,0.0,10206,11201
996,S9275,ValueAxis.java,671,"List ticks = refreshTicks(g2, state, dataArea, edge);",0.0,10206,11201
996,S9276,ValueAxis.java,672,state.setTicks(ticks);,0.0,10206,11201
996,S9277,ValueAxis.java,673,g2.setFont(getTickLabelFont());,0.0,10206,11201
996,S9278,ValueAxis.java,674,Iterator iterator = ticks.iterator();,0.0,10206,11201
996,S9279,ValueAxis.java,675,while (iterator.hasNext()) {,0.0,10206,11201
996,S9280,ValueAxis.java,676,ValueTick tick = (ValueTick) iterator.next();,0.0,10206,11201
996,S9281,ValueAxis.java,677,if (isTickLabelsVisible()) {,0.0,10206,11201
996,S9282,ValueAxis.java,678,g2.setPaint(getTickLabelPaint());,0.0,10206,11201
996,S9283,ValueAxis.java,679,"float[] anchorPoint = calculateAnchorPoint(tick, cursor,",0.0,10206,11201
996,S9284,ValueAxis.java,681,"TextUtilities.drawRotatedString(tick.getText(), g2,",0.0,10206,11201
996,S9285,ValueAxis.java,686,if (isTickMarksVisible() && tick.getTickType().equals(TickType.MAJOR)) {,0.0,10206,11201
996,S9286,ValueAxis.java,687,"float xx = (float) valueToJava2D(tick.getValue(), dataArea,",0.0,10206,11201
996,S9287,ValueAxis.java,689,Line2D mark = null;,0.0,10206,11201
996,S9288,ValueAxis.java,690,g2.setStroke(getTickMarkStroke());,0.0,10206,11201
996,S9289,ValueAxis.java,691,g2.setPaint(getTickMarkPaint());,0.0,10206,11201
996,S9290,ValueAxis.java,692,if (edge == RectangleEdge.LEFT) {,0.0,10206,11201
996,S9291,ValueAxis.java,693,"mark = new Line2D.Double(cursor - ol, xx, cursor + il, xx);",0.0,10206,11201
996,S9292,ValueAxis.java,695,else if (edge == RectangleEdge.RIGHT) {,0.0,10206,11201
996,S9293,ValueAxis.java,698,else if (edge == RectangleEdge.TOP) {,0.0,10206,11201
996,S9294,ValueAxis.java,699,"mark = new Line2D.Double(xx, cursor - ol, xx, cursor + il);",0.0,10206,11201
996,S9295,ValueAxis.java,701,else if (edge == RectangleEdge.BOTTOM) {,0.0,10206,11201
996,S9296,ValueAxis.java,702,"mark = new Line2D.Double(xx, cursor + ol, xx, cursor - il);",0.0,10206,11201
996,S9297,ValueAxis.java,704,g2.draw(mark);,0.0,10206,11201
996,S9298,ValueAxis.java,710,double used = 0.0;,0.0,10206,11201
996,S9299,ValueAxis.java,711,if (isTickLabelsVisible()) {,0.0,10206,11201
996,S9300,ValueAxis.java,712,if (edge == RectangleEdge.LEFT) {,0.0,10206,11201
996,S9301,ValueAxis.java,713,"used += findMaximumTickLabelWidth(ticks, g2, plotArea,",0.0,10206,11201
996,S9302,ValueAxis.java,715,state.cursorLeft(used);,0.0,10206,11201
996,S9303,ValueAxis.java,717,else if (edge == RectangleEdge.RIGHT) {,0.0,10206,11201
996,S9304,ValueAxis.java,722,else if (edge == RectangleEdge.TOP) {,0.0,10206,11201
996,S9305,ValueAxis.java,723,"used = findMaximumTickLabelHeight(ticks, g2, plotArea,",0.0,10206,11201
996,S9306,ValueAxis.java,725,state.cursorUp(used);,0.0,10206,11201
996,S9307,ValueAxis.java,727,else if (edge == RectangleEdge.BOTTOM) {,0.0,10206,11201
996,S9308,ValueAxis.java,728,"used = findMaximumTickLabelHeight(ticks, g2, plotArea,",0.0,10206,11201
996,S9309,ValueAxis.java,730,state.cursorDown(used);,0.0,10206,11201
996,S9310,ValueAxis.java,734,return state;,0.0,10206,11201
996,S9311,ValueAxis.java,754,if (space == null) {,0.0,10206,11201
996,S9312,ValueAxis.java,759,if (!isVisible()) {,0.0,10206,11201
996,S9313,ValueAxis.java,764,double dimension = getFixedDimension();,0.0,10206,11201
996,S9314,ValueAxis.java,765,if (dimension > 0.0) {,0.0,10206,11201
996,S9315,ValueAxis.java,770,double tickLabelHeight = 0.0;,0.0,10206,11201
996,S9316,ValueAxis.java,771,double tickLabelWidth = 0.0;,0.0,10206,11201
996,S9317,ValueAxis.java,772,if (isTickLabelsVisible()) {,0.0,10206,11201
996,S9318,ValueAxis.java,773,g2.setFont(getTickLabelFont());,0.0,10206,11201
996,S9319,ValueAxis.java,774,"List ticks = refreshTicks(g2, new AxisState(), plotArea, edge);",0.0,10206,11201
996,S9320,ValueAxis.java,775,if (RectangleEdge.isTopOrBottom(edge)) {,0.0,10206,11201
996,S9321,ValueAxis.java,776,"tickLabelHeight = findMaximumTickLabelHeight(ticks, g2,",0.0,10206,11201
996,S9322,ValueAxis.java,779,else if (RectangleEdge.isLeftOrRight(edge)) {,0.0,10206,11201
996,S9323,ValueAxis.java,780,"tickLabelWidth = findMaximumTickLabelWidth(ticks, g2, plotArea,",0.0,10206,11201
996,S9324,ValueAxis.java,786,"Rectangle2D labelEnclosure = getLabelEnclosure(g2, edge);",0.0,10206,11201
996,S9325,ValueAxis.java,787,double labelHeight = 0.0;,0.0,10206,11201
996,S9326,ValueAxis.java,788,double labelWidth = 0.0;,0.0,10206,11201
996,S9327,ValueAxis.java,789,if (RectangleEdge.isTopOrBottom(edge)) {,0.0,10206,11201
996,S9328,ValueAxis.java,790,labelHeight = labelEnclosure.getHeight();,0.0,10206,11201
996,S9329,ValueAxis.java,791,"space.add(labelHeight + tickLabelHeight, edge);",0.0,10206,11201
996,S9330,ValueAxis.java,793,else if (RectangleEdge.isLeftOrRight(edge)) {,0.0,10206,11201
996,S9331,ValueAxis.java,794,labelWidth = labelEnclosure.getWidth();,0.0,10206,11201
996,S9332,ValueAxis.java,795,"space.add(labelWidth + tickLabelWidth, edge);",0.0,10206,11201
996,S9333,ValueAxis.java,798,return space;,0.0,10206,11201
996,S9334,ValueAxis.java,818,RectangleInsets insets = getTickLabelInsets();,0.0,10206,11201
996,S9335,ValueAxis.java,819,Font font = getTickLabelFont();,0.0,10206,11201
996,S9336,ValueAxis.java,820,double maxHeight = 0.0;,0.0,10206,11201
996,S9337,ValueAxis.java,821,if (vertical) {,0.0,10206,11201
996,S9338,ValueAxis.java,836,"LineMetrics metrics = font.getLineMetrics(""ABCxyz"",",0.0,10206,11201
996,S9339,ValueAxis.java,838,maxHeight = metrics.getHeight(),0.0,10206,11201
996,S9340,ValueAxis.java,841,return maxHeight;,0.0,10206,11201
996,S9341,ValueAxis.java,861,RectangleInsets insets = getTickLabelInsets();,0.0,10206,11201
996,S9342,ValueAxis.java,862,Font font = getTickLabelFont();,0.0,10206,11201
996,S9343,ValueAxis.java,863,double maxWidth = 0.0;,0.0,10206,11201
996,S9344,ValueAxis.java,864,if (!vertical) {,0.0,10206,11201
996,S9345,ValueAxis.java,865,FontMetrics fm = g2.getFontMetrics(font);,0.0,10206,11201
996,S9346,ValueAxis.java,866,Iterator iterator = ticks.iterator();,0.0,10206,11201
996,S9347,ValueAxis.java,867,while (iterator.hasNext()) {,0.0,10206,11201
996,S9348,ValueAxis.java,868,Tick tick = (Tick) iterator.next();,0.0,10206,11201
996,S9349,ValueAxis.java,869,Rectangle2D labelBounds = TextUtilities.getTextBounds(,0.0,10206,11201
996,S9350,ValueAxis.java,871,if (labelBounds.getWidth() + insets.getLeft(),0.0,10206,11201
996,S9351,ValueAxis.java,873,maxWidth = labelBounds.getWidth(),0.0,10206,11201
996,S9352,ValueAxis.java,884,return maxWidth;,0.0,10206,11201
996,S9353,ValueAxis.java,900,return this.inverted;,0.0,10206,11201
996,S9354,ValueAxis.java,913,if (this.inverted != flag) {,0.0,10206,11201
996,S9355,ValueAxis.java,914,this.inverted = flag;,0.0,10206,11201
996,S9356,ValueAxis.java,915,notifyListeners(new AxisChangeEvent(this));,0.0,10206,11201
996,S9357,ValueAxis.java,929,return this.autoRange;,0.0,10206,11201
996,S9358,ValueAxis.java,942,"setAutoRange(auto, true);",0.0,10206,11201
996,S9359,ValueAxis.java,955,if (this.autoRange != auto) {,0.0,10206,11201
996,S9360,ValueAxis.java,956,this.autoRange = auto;,0.0,10206,11201
996,S9361,ValueAxis.java,957,if (this.autoRange) {,0.0,10206,11201
996,S9362,ValueAxis.java,958,autoAdjustRange();,0.0,10206,11201
996,S9363,ValueAxis.java,960,if (notify) {,0.0,10206,11201
996,S9364,ValueAxis.java,961,notifyListeners(new AxisChangeEvent(this));,0.0,10206,11201
996,S9365,ValueAxis.java,975,return this.autoRangeMinimumSize;,0.0,10206,11201
996,S9366,ValueAxis.java,987,"setAutoRangeMinimumSize(size, true);",0.0,10206,11201
996,S9367,ValueAxis.java,1001,if (size <= 0.0) {,0.0,10206,11201
996,S9368,ValueAxis.java,1005,if (this.autoRangeMinimumSize != size) {,0.0,10206,11201
996,S9369,ValueAxis.java,1006,this.autoRangeMinimumSize = size;,0.0,10206,11201
996,S9370,ValueAxis.java,1007,if (this.autoRange) {,0.0,10206,11201
996,S9371,ValueAxis.java,1008,autoAdjustRange();,0.0,10206,11201
996,S9372,ValueAxis.java,1010,if (notify) {,0.0,10206,11201
996,S9373,ValueAxis.java,1011,notifyListeners(new AxisChangeEvent(this));,0.0,10206,11201
996,S9374,ValueAxis.java,1027,return this.defaultAutoRange;,0.0,10206,11201
996,S9375,ValueAxis.java,1041,if (range == null) {,0.0,10206,11201
996,S9376,ValueAxis.java,1044,this.defaultAutoRange = range;,0.0,10206,11201
996,S9377,ValueAxis.java,1045,notifyListeners(new AxisChangeEvent(this));,0.0,10206,11201
996,S9378,ValueAxis.java,1059,return this.lowerMargin;,0.0,10206,11201
996,S9379,ValueAxis.java,1074,this.lowerMargin = margin;,0.0,10206,11201
996,S9380,ValueAxis.java,1075,if (isAutoRange()) {,0.0,10206,11201
996,S9381,ValueAxis.java,1076,autoAdjustRange();,0.0,10206,11201
996,S9382,ValueAxis.java,1078,notifyListeners(new AxisChangeEvent(this));,0.0,10206,11201
996,S9383,ValueAxis.java,1092,return this.upperMargin;,0.0,10206,11201
996,S9384,ValueAxis.java,1107,this.upperMargin = margin;,0.0,10206,11201
996,S9385,ValueAxis.java,1108,if (isAutoRange()) {,0.0,10206,11201
996,S9386,ValueAxis.java,1109,autoAdjustRange();,0.0,10206,11201
996,S9387,ValueAxis.java,1111,notifyListeners(new AxisChangeEvent(this));,0.0,10206,11201
996,S9388,ValueAxis.java,1122,return this.fixedAutoRange;,0.0,10206,11201
996,S9389,ValueAxis.java,1133,this.fixedAutoRange = length;,0.0,10206,11201
996,S9390,ValueAxis.java,1134,if (isAutoRange()) {,0.0,10206,11201
996,S9391,ValueAxis.java,1135,autoAdjustRange();,0.0,10206,11201
996,S9392,ValueAxis.java,1137,notifyListeners(new AxisChangeEvent(this));,0.0,10206,11201
996,S9393,ValueAxis.java,1148,return this.range.getLowerBound();,0.0,10206,11201
996,S9394,ValueAxis.java,1160,if (this.range.getUpperBound() > min) {,0.0,10206,11201
996,S9395,ValueAxis.java,1161,"setRange(new Range(min, this.range.getUpperBound()));",0.0,10206,11201
996,S9396,ValueAxis.java,1164,"setRange(new Range(min, min + 1.0));",0.0,10206,11201
996,S9397,ValueAxis.java,1176,return this.range.getUpperBound();,0.0,10206,11201
996,S9398,ValueAxis.java,1204,return this.range;,0.0,10206,11201
996,S9399,ValueAxis.java,1218,"setRange(range, true, true);",0.0,10206,11201
996,S9400,ValueAxis.java,1236,if (range == null) {,0.0,10206,11201
996,S9401,ValueAxis.java,1239,if (turnOffAutoRange) {,0.0,10206,11201
996,S9402,ValueAxis.java,1240,this.autoRange = false;,0.0,10206,11201
996,S9403,ValueAxis.java,1242,this.range = range;,0.0,10206,11201
996,S9404,ValueAxis.java,1243,if (notify) {,0.0,10206,11201
996,S9405,ValueAxis.java,1244,notifyListeners(new AxisChangeEvent(this));,0.0,10206,11201
996,S9406,ValueAxis.java,1260,"setRange(new Range(lower, upper));",0.0,10206,11201
996,S9407,ValueAxis.java,1329,return this.autoTickUnitSelection;,0.0,10206,11201
996,S9408,ValueAxis.java,1342,"setAutoTickUnitSelection(flag, true);",0.0,10206,11201
996,S9409,ValueAxis.java,1356,if (this.autoTickUnitSelection != flag) {,0.0,10206,11201
996,S9410,ValueAxis.java,1357,this.autoTickUnitSelection = flag;,0.0,10206,11201
996,S9411,ValueAxis.java,1358,if (notify) {,0.0,10206,11201
996,S9412,ValueAxis.java,1359,notifyListeners(new AxisChangeEvent(this));,0.0,10206,11201
996,S9413,ValueAxis.java,1372,return this.standardTickUnits;,0.0,10206,11201
996,S9414,ValueAxis.java,1388,this.standardTickUnits = source;,0.0,10206,11201
996,S9415,ValueAxis.java,1389,notifyListeners(new AxisChangeEvent(this));,0.0,10206,11201
996,S9416,ValueAxis.java,1421,"double zero = valueToJava2D(0.0, area, edge);",0.0,10206,11201
996,S9417,ValueAxis.java,1422,"double l = valueToJava2D(length, area, edge);",0.0,10206,11201
996,S9418,ValueAxis.java,1423,return Math.abs(l - zero);,0.0,10206,11201
996,S9419,ValueAxis.java,1558,if (obj == this) {,0.0,10206,11201
996,S9420,ValueAxis.java,1561,if (!(obj instanceof ValueAxis)) {,0.0,10206,11201
996,S9421,ValueAxis.java,1565,ValueAxis that = (ValueAxis) obj;,0.0,10206,11201
996,S9422,ValueAxis.java,1567,if (this.positiveArrowVisible != that.positiveArrowVisible) {,0.0,10206,11201
996,S9423,ValueAxis.java,1568,return false;,0.0,10206,11201
996,S9424,ValueAxis.java,1570,if (this.negativeArrowVisible != that.negativeArrowVisible) {,0.0,10206,11201
996,S9425,ValueAxis.java,1571,return false;,0.0,10206,11201
996,S9426,ValueAxis.java,1573,if (this.inverted != that.inverted) {,0.0,10206,11201
996,S9427,ValueAxis.java,1574,return false;,0.0,10206,11201
996,S9428,ValueAxis.java,1576,"if (!ObjectUtilities.equal(this.range, that.range)) {",0.0,10206,11201
996,S9429,ValueAxis.java,1577,return false;,0.0,10206,11201
996,S9430,ValueAxis.java,1579,if (this.autoRange != that.autoRange) {,0.0,10206,11201
996,S9431,ValueAxis.java,1580,return false;,0.0,10206,11201
996,S9432,ValueAxis.java,1582,if (this.autoRangeMinimumSize != that.autoRangeMinimumSize) {,0.0,10206,11201
996,S9433,ValueAxis.java,1583,return false;,0.0,10206,11201
996,S9434,ValueAxis.java,1585,if (!this.defaultAutoRange.equals(that.defaultAutoRange)) {,0.0,10206,11201
996,S9435,ValueAxis.java,1586,return false;,0.0,10206,11201
996,S9436,ValueAxis.java,1588,if (this.upperMargin != that.upperMargin) {,0.0,10206,11201
996,S9437,ValueAxis.java,1589,return false;,0.0,10206,11201
996,S9438,ValueAxis.java,1591,if (this.lowerMargin != that.lowerMargin) {,0.0,10206,11201
996,S9439,ValueAxis.java,1592,return false;,0.0,10206,11201
996,S9440,ValueAxis.java,1594,if (this.fixedAutoRange != that.fixedAutoRange) {,0.0,10206,11201
996,S9441,ValueAxis.java,1595,return false;,0.0,10206,11201
996,S9442,ValueAxis.java,1597,if (this.autoTickUnitSelection != that.autoTickUnitSelection) {,0.0,10206,11201
996,S9443,ValueAxis.java,1598,return false;,0.0,10206,11201
996,S9444,ValueAxis.java,1600,"if (!ObjectUtilities.equal(this.standardTickUnits,",0.0,10206,11201
996,S9445,ValueAxis.java,1602,return false;,0.0,10206,11201
996,S9446,ValueAxis.java,1604,if (this.verticalTickLabels != that.verticalTickLabels) {,0.0,10206,11201
996,S9447,ValueAxis.java,1605,return false;,0.0,10206,11201
996,S9448,ValueAxis.java,1608,return super.equals(obj);,0.0,10206,11201
996,S9449,ValueAxis.java,1621,ValueAxis clone = (ValueAxis) super.clone();,0.0,10206,11201
996,S9450,ValueAxis.java,1622,return clone;,0.0,10206,11201
996,S9451,ValueAxis.java,1633,stream.defaultWriteObject();,0.0,10206,11201
996,S9452,ValueAxis.java,1634,"SerialUtilities.writeShape(this.upArrow, stream);",0.0,10206,11201
996,S9453,ValueAxis.java,1635,"SerialUtilities.writeShape(this.downArrow, stream);",0.0,10206,11201
996,S9454,ValueAxis.java,1636,"SerialUtilities.writeShape(this.leftArrow, stream);",0.0,10206,11201
996,S9455,ValueAxis.java,1637,"SerialUtilities.writeShape(this.rightArrow, stream);",0.0,10206,11201
996,S9456,ValueAxis.java,1651,stream.defaultReadObject();,0.0,10206,11201
996,S9457,ValueAxis.java,1652,this.upArrow = SerialUtilities.readShape(stream);,0.0,10206,11201
996,S9458,ValueAxis.java,1653,this.downArrow = SerialUtilities.readShape(stream);,0.0,10206,11201
996,S9459,ValueAxis.java,1654,this.leftArrow = SerialUtilities.readShape(stream);,0.0,10206,11201
996,S9460,ValueAxis.java,1655,this.rightArrow = SerialUtilities.readShape(stream);,0.0,10206,11201
996,S9461,ValueMarker.java,68,super();,0.0,10206,11201
996,S9462,ValueMarker.java,69,this.value = value;,0.0,10206,11201
996,S9463,ValueMarker.java,95,"super(paint, stroke, outlinePaint, outlineStroke, alpha);",0.0,10206,11201
996,S9464,ValueMarker.java,96,this.value = value;,0.0,10206,11201
996,S9465,ValueMarker.java,107,return this.value;,0.0,10206,11201
996,S9466,ValueMarker.java,141,if (obj == this) {,0.0,10206,11201
996,S9467,ValueMarker.java,144,if (!super.equals(obj)) {,0.0,10206,11201
996,S9468,ValueMarker.java,147,if (!(obj instanceof ValueMarker)) {,0.0,10206,11201
996,S9469,ValueMarker.java,150,ValueMarker that = (ValueMarker) obj;,0.0,10206,11201
996,S9470,ValueMarker.java,151,if (this.value != that.value) {,0.0,10206,11201
996,S9471,ValueMarker.java,154,return true;,0.0,10206,11201
996,S9472,ValueTick.java,77,"this(TickType.MAJOR, value, label, textAnchor, rotationAnchor, angle);",0.0,10206,11201
996,S9473,ValueTick.java,78,this.value = value;,0.0,10206,11201
996,S9474,ValueTick.java,99,"super(label, textAnchor, rotationAnchor, angle);",0.0,10206,11201
996,S9475,ValueTick.java,100,this.value = value;,0.0,10206,11201
996,S9476,ValueTick.java,101,this.tickType = tickType;,0.0,10206,11201
996,S9477,ValueTick.java,110,return this.value;,0.0,10206,11201
996,S9478,ValueTick.java,121,return this.tickType;,0.0,10206,11201
996,S9484,VerticalAlignment.java,98,if (this == obj) {,0.0,10206,11201
996,S9485,VerticalAlignment.java,101,if (!(obj instanceof VerticalAlignment)) {,0.0,10206,11201
996,S9486,VerticalAlignment.java,105,VerticalAlignment alignment = (VerticalAlignment) obj;,0.0,10206,11201
996,S9487,VerticalAlignment.java,106,if (!this.name.equals(alignment.name)) {,0.0,10206,11201
996,S9488,VerticalAlignment.java,107,return false;,0.0,10206,11201
996,S9489,VerticalAlignment.java,109,return true;,0.0,10206,11201
996,S9490,VerticalAlignment.java,129,if (this.equals(VerticalAlignment.TOP)) {,0.0,10206,11201
996,S9491,VerticalAlignment.java,132,else if (this.equals(VerticalAlignment.BOTTOM)) {,0.0,10206,11201
996,S9492,VerticalAlignment.java,135,else if (this.equals(VerticalAlignment.CENTER)) {,0.0,10206,11201
996,S9493,VerticalAlignment.java,136,return VerticalAlignment.CENTER;,0.0,10206,11201
996,S9494,WaterfallBarRenderer.java,115,"this(new GradientPaint(0.0f, 0.0f, new Color(0x22, 0x22, 0xFF),",0.0,10206,11201
996,S9495,WaterfallBarRenderer.java,141,super();,0.0,10206,11201
996,S9496,WaterfallBarRenderer.java,142,if (firstBarPaint == null) {,0.0,10206,11201
996,S9497,WaterfallBarRenderer.java,145,if (positiveBarPaint == null) {,0.0,10206,11201
996,S9498,WaterfallBarRenderer.java,149,if (negativeBarPaint == null) {,0.0,10206,11201
996,S9499,WaterfallBarRenderer.java,153,if (lastBarPaint == null) {,0.0,10206,11201
996,S9500,WaterfallBarRenderer.java,156,this.firstBarPaint = firstBarPaint;,0.0,10206,11201
996,S9501,WaterfallBarRenderer.java,157,this.lastBarPaint = lastBarPaint;,0.0,10206,11201
996,S9502,WaterfallBarRenderer.java,158,this.positiveBarPaint = positiveBarPaint;,0.0,10206,11201
996,S9503,WaterfallBarRenderer.java,159,this.negativeBarPaint = negativeBarPaint;,0.0,10206,11201
996,S9504,WaterfallBarRenderer.java,160,setGradientPaintTransformer(new StandardGradientPaintTransformer(,0.0,10206,11201
996,S9505,WaterfallBarRenderer.java,162,setMinimumBarLength(1.0);,0.0,10206,11201
996,S9506,WaterfallBarRenderer.java,174,return DatasetUtilities.findCumulativeRangeBounds(dataset);,0.0,10206,11201
996,S9507,WaterfallBarRenderer.java,183,return this.firstBarPaint;,0.0,10206,11201
996,S9508,WaterfallBarRenderer.java,206,return this.lastBarPaint;,0.0,10206,11201
996,S9509,WaterfallBarRenderer.java,291,double previous = state.getSeriesRunningTotal();,0.0,10206,11201
996,S9510,WaterfallBarRenderer.java,292,if (column == dataset.getColumnCount() - 1) {,0.0,10206,11201
996,S9511,WaterfallBarRenderer.java,293,previous = 0.0;,0.0,10206,11201
996,S9512,WaterfallBarRenderer.java,295,double current = 0.0;,0.0,10206,11201
996,S9513,WaterfallBarRenderer.java,296,"Number n = dataset.getValue(row, column);",0.0,10206,11201
996,S9514,WaterfallBarRenderer.java,297,if (n != null) {,0.0,10206,11201
996,S9515,WaterfallBarRenderer.java,298,current = previous + n.doubleValue();,0.0,10206,11201
996,S9516,WaterfallBarRenderer.java,300,state.setSeriesRunningTotal(current);,0.0,10206,11201
996,S9517,WaterfallBarRenderer.java,302,int seriesCount = getRowCount();,0.0,10206,11201
996,S9518,WaterfallBarRenderer.java,303,int categoryCount = getColumnCount();,0.0,10206,11201
996,S9519,WaterfallBarRenderer.java,304,PlotOrientation orientation = plot.getOrientation();,0.0,10206,11201
996,S9520,WaterfallBarRenderer.java,306,double rectX = 0.0;,0.0,10206,11201
996,S9521,WaterfallBarRenderer.java,307,double rectY = 0.0;,0.0,10206,11201
996,S9522,WaterfallBarRenderer.java,309,RectangleEdge domainAxisLocation = plot.getDomainAxisEdge();,0.0,10206,11201
996,S9523,WaterfallBarRenderer.java,310,RectangleEdge rangeAxisLocation = plot.getRangeAxisEdge();,0.0,10206,11201
996,S9524,WaterfallBarRenderer.java,313,"double j2dy0 = rangeAxis.valueToJava2D(previous, dataArea,",0.0,10206,11201
996,S9525,WaterfallBarRenderer.java,317,"double j2dy1 = rangeAxis.valueToJava2D(current, dataArea,",0.0,10206,11201
996,S9526,WaterfallBarRenderer.java,320,double valDiff = current - previous;,0.0,10206,11201
996,S9527,WaterfallBarRenderer.java,321,if (j2dy1 < j2dy0) {,0.0,10206,11201
996,S9528,WaterfallBarRenderer.java,322,double temp = j2dy1;,0.0,10206,11201
996,S9529,WaterfallBarRenderer.java,323,j2dy1 = j2dy0;,0.0,10206,11201
996,S9530,WaterfallBarRenderer.java,324,j2dy0 = temp;,0.0,10206,11201
996,S9531,WaterfallBarRenderer.java,328,double rectWidth = state.getBarWidth();,0.0,10206,11201
996,S9532,WaterfallBarRenderer.java,331,"double rectHeight = Math.max(getMinimumBarLength(),",0.0,10206,11201
996,S9533,WaterfallBarRenderer.java,334,if (orientation == PlotOrientation.HORIZONTAL) {,0.0,10206,11201
996,S9534,WaterfallBarRenderer.java,336,"rectY = domainAxis.getCategoryStart(column, getColumnCount(),",0.0,10206,11201
996,S9535,WaterfallBarRenderer.java,338,if (seriesCount > 1) {,0.0,10206,11201
996,S9536,WaterfallBarRenderer.java,339,double seriesGap = dataArea.getHeight() * getItemMargin(),0.0,10206,11201
996,S9537,WaterfallBarRenderer.java,341,rectY = rectY + row * (state.getBarWidth() + seriesGap);,0.0,10206,11201
996,S9538,WaterfallBarRenderer.java,347,rectX = j2dy0;,0.0,10206,11201
996,S9539,WaterfallBarRenderer.java,348,rectHeight = state.getBarWidth();,0.0,10206,11201
996,S9540,WaterfallBarRenderer.java,349,"rectWidth = Math.max(getMinimumBarLength(),",0.0,10206,11201
996,S9541,WaterfallBarRenderer.java,369,"Rectangle2D bar = new Rectangle2D.Double(rectX, rectY, rectWidth,",0.0,10206,11201
996,S9542,WaterfallBarRenderer.java,371,Paint seriesPaint = getFirstBarPaint();,0.0,10206,11201
996,S9543,WaterfallBarRenderer.java,372,if (column == 0) {,0.0,10206,11201
996,S9544,WaterfallBarRenderer.java,373,seriesPaint = getFirstBarPaint();,0.0,10206,11201
996,S9545,WaterfallBarRenderer.java,375,else if (column == categoryCount - 1) {,0.0,10206,11201
996,S9546,WaterfallBarRenderer.java,376,seriesPaint = getLastBarPaint();,0.0,10206,11201
996,S9547,WaterfallBarRenderer.java,389,if (getGradientPaintTransformer() != null,0.0,10206,11201
996,S9548,WaterfallBarRenderer.java,391,GradientPaint gp = (GradientPaint) seriesPaint;,0.0,10206,11201
996,S9549,WaterfallBarRenderer.java,392,"seriesPaint = getGradientPaintTransformer().transform(gp, bar);",0.0,10206,11201
996,S9550,WaterfallBarRenderer.java,394,g2.setPaint(seriesPaint);,0.0,10206,11201
996,S9551,WaterfallBarRenderer.java,395,g2.fill(bar);,0.0,10206,11201
996,S9552,WaterfallBarRenderer.java,398,if (isDrawBarOutline(),0.0,10206,11201
996,S9553,WaterfallBarRenderer.java,409,CategoryItemLabelGenerator generator,0.0,10206,11201
996,S9554,WaterfallBarRenderer.java,411,"if (generator != null && isItemLabelVisible(row, column)) {",0.0,10206,11201
996,S9555,WaterfallBarRenderer.java,417,EntityCollection entities = state.getEntityCollection();,0.0,10206,11201
996,S9556,WaterfallBarRenderer.java,418,if (entities != null) {,0.0,10206,11201
996,S9557,XYAreaRenderer.java,143,super(info);,0.0,10206,11201
996,S9558,XYAreaRenderer.java,144,this.area = new Polygon();,0.0,10206,11201
996,S9559,XYAreaRenderer.java,145,this.line = new Line2D.Double();,0.0,10206,11201
996,S9560,XYAreaRenderer.java,217,super();,0.0,10206,11201
996,S9561,XYAreaRenderer.java,218,setBaseToolTipGenerator(toolTipGenerator);,0.0,10206,11201
996,S9562,XYAreaRenderer.java,219,setBaseURLGenerator(urlGenerator);,0.0,10206,11201
996,S9563,XYAreaRenderer.java,221,if (type == SHAPES) {,0.0,10206,11201
996,S9564,XYAreaRenderer.java,224,if (type == LINES) {,0.0,10206,11201
996,S9565,XYAreaRenderer.java,225,this.plotLines = true;,0.0,10206,11201
996,S9566,XYAreaRenderer.java,227,if (type == SHAPES_AND_LINES) {,0.0,10206,11201
996,S9567,XYAreaRenderer.java,231,if (type == AREA) {,0.0,10206,11201
996,S9568,XYAreaRenderer.java,232,this.plotArea = true;,0.0,10206,11201
996,S9569,XYAreaRenderer.java,234,if (type == AREA_AND_SHAPES) {,0.0,10206,11201
996,S9570,XYAreaRenderer.java,238,this.showOutline = false;,0.0,10206,11201
996,S9571,XYAreaRenderer.java,239,GeneralPath area = new GeneralPath();,0.0,10206,11201
996,S9572,XYAreaRenderer.java,240,"area.moveTo(0.0f, -4.0f);",0.0,10206,11201
996,S9573,XYAreaRenderer.java,241,"area.lineTo(3.0f, -2.0f);",0.0,10206,11201
996,S9574,XYAreaRenderer.java,242,"area.lineTo(4.0f, 4.0f);",0.0,10206,11201
996,S9575,XYAreaRenderer.java,243,"area.lineTo(-4.0f, 4.0f);",0.0,10206,11201
996,S9576,XYAreaRenderer.java,244,"area.lineTo(-3.0f, -2.0f);",0.0,10206,11201
996,S9577,XYAreaRenderer.java,245,area.closePath();,0.0,10206,11201
996,S9578,XYAreaRenderer.java,246,this.legendArea = area;,0.0,10206,11201
996,S9579,XYAreaRenderer.java,256,return this.plotShapes;,0.0,10206,11201
996,S9580,XYAreaRenderer.java,265,return this.plotLines;,0.0,10206,11201
996,S9581,XYAreaRenderer.java,274,return this.plotArea;,0.0,10206,11201
996,S9582,XYAreaRenderer.java,286,return this.showOutline;,0.0,10206,11201
996,S9583,XYAreaRenderer.java,340,XYAreaRendererState state = new XYAreaRendererState(info);,0.0,10206,11201
996,S9584,XYAreaRenderer.java,344,state.setProcessVisibleItemsOnly(false);,0.0,10206,11201
996,S9585,XYAreaRenderer.java,345,return state;,0.0,10206,11201
996,S9586,XYAreaRenderer.java,358,LegendItem result = null;,0.0,10206,11201
996,S9587,XYAreaRenderer.java,359,XYPlot xyplot = getPlot();,0.0,10206,11201
996,S9588,XYAreaRenderer.java,360,if (xyplot != null) {,0.0,10206,11201
996,S9589,XYAreaRenderer.java,361,XYDataset dataset = xyplot.getDataset(datasetIndex);,0.0,10206,11201
996,S9590,XYAreaRenderer.java,362,if (dataset != null) {,0.0,10206,11201
996,S9591,XYAreaRenderer.java,363,XYSeriesLabelGenerator lg = getLegendItemLabelGenerator();,0.0,10206,11201
996,S9592,XYAreaRenderer.java,364,"String label = lg.generateLabel(dataset, series);",0.0,10206,11201
996,S9593,XYAreaRenderer.java,365,String description = label;,0.0,10206,11201
996,S9594,XYAreaRenderer.java,366,String toolTipText = null;,0.0,10206,11201
996,S9595,XYAreaRenderer.java,367,if (getLegendItemToolTipGenerator() != null) {,0.0,10206,11201
996,S9596,XYAreaRenderer.java,371,String urlText = null;,0.0,10206,11201
996,S9597,XYAreaRenderer.java,372,if (getLegendItemURLGenerator() != null) {,0.0,10206,11201
996,S9598,XYAreaRenderer.java,376,Paint paint = lookupSeriesPaint(series);,0.0,10206,11201
996,S9599,XYAreaRenderer.java,377,"result = new LegendItem(label, description, toolTipText,",0.0,10206,11201
996,S9600,XYAreaRenderer.java,379,result.setDataset(dataset);,0.0,10206,11201
996,S9601,XYAreaRenderer.java,380,result.setDatasetIndex(datasetIndex);,0.0,10206,11201
996,S9602,XYAreaRenderer.java,381,result.setSeriesKey(dataset.getSeriesKey(series));,0.0,10206,11201
996,S9603,XYAreaRenderer.java,382,result.setSeriesIndex(series);,0.0,10206,11201
996,S9604,XYAreaRenderer.java,385,return result;,0.0,10206,11201
996,S9605,XYAreaRenderer.java,411,"if (!getItemVisible(series, item)) {",0.0,10206,11201
996,S9606,XYAreaRenderer.java,414,XYAreaRendererState areaState = (XYAreaRendererState) state;,0.0,10206,11201
996,S9607,XYAreaRenderer.java,417,"double x1 = dataset.getXValue(series, item);",0.0,10206,11201
996,S9608,XYAreaRenderer.java,418,"double y1 = dataset.getYValue(series, item);",0.0,10206,11201
996,S9609,XYAreaRenderer.java,419,if (Double.isNaN(y1)) {,0.0,10206,11201
996,S9610,XYAreaRenderer.java,422,"double transX1 = domainAxis.valueToJava2D(x1, dataArea,",0.0,10206,11201
996,S9611,XYAreaRenderer.java,424,"double transY1 = rangeAxis.valueToJava2D(y1, dataArea,",0.0,10206,11201
996,S9612,XYAreaRenderer.java,429,int itemCount = dataset.getItemCount(series);,0.0,10206,11201
996,S9613,XYAreaRenderer.java,430,"double x0 = dataset.getXValue(series, Math.max(item - 1, 0));",0.0,10206,11201
996,S9614,XYAreaRenderer.java,431,"double y0 = dataset.getYValue(series, Math.max(item - 1, 0));",0.0,10206,11201
996,S9615,XYAreaRenderer.java,432,if (Double.isNaN(y0)) {,0.0,10206,11201
996,S9616,XYAreaRenderer.java,435,"double transX0 = domainAxis.valueToJava2D(x0, dataArea,",0.0,10206,11201
996,S9617,XYAreaRenderer.java,437,"double transY0 = rangeAxis.valueToJava2D(y0, dataArea,",0.0,10206,11201
996,S9618,XYAreaRenderer.java,440,"double x2 = dataset.getXValue(series, Math.min(item + 1,",0.0,10206,11201
996,S9619,XYAreaRenderer.java,442,"double y2 = dataset.getYValue(series, Math.min(item + 1,",0.0,10206,11201
996,S9620,XYAreaRenderer.java,444,if (Double.isNaN(y2)) {,0.0,10206,11201
996,S9621,XYAreaRenderer.java,447,"double transX2 = domainAxis.valueToJava2D(x2, dataArea,",0.0,10206,11201
996,S9622,XYAreaRenderer.java,449,"double transY2 = rangeAxis.valueToJava2D(y2, dataArea,",0.0,10206,11201
996,S9623,XYAreaRenderer.java,452,"double transZero = rangeAxis.valueToJava2D(0.0, dataArea,",0.0,10206,11201
996,S9624,XYAreaRenderer.java,454,Polygon hotspot = null;,0.0,10206,11201
996,S9625,XYAreaRenderer.java,455,if (plot.getOrientation() == PlotOrientation.HORIZONTAL) {,0.0,10206,11201
996,S9626,XYAreaRenderer.java,468,hotspot = new Polygon();,0.0,10206,11201
996,S9627,XYAreaRenderer.java,469,"hotspot.addPoint((int) ((transX0 + transX1) / 2.0),",0.0,10206,11201
996,S9628,XYAreaRenderer.java,471,"hotspot.addPoint((int) ((transX0 + transX1) / 2.0),",0.0,10206,11201
996,S9629,XYAreaRenderer.java,473,"hotspot.addPoint((int) transX1, (int) transY1);",0.0,10206,11201
996,S9630,XYAreaRenderer.java,474,"hotspot.addPoint((int) ((transX1 + transX2) / 2.0),",0.0,10206,11201
996,S9631,XYAreaRenderer.java,476,"hotspot.addPoint((int) ((transX1 + transX2) / 2.0),",0.0,10206,11201
996,S9632,XYAreaRenderer.java,480,if (item == 0) {  // create a new area polygon for the series,0.0,10206,11201
996,S9633,XYAreaRenderer.java,481,areaState.area = new Polygon();,0.0,10206,11201
996,S9634,XYAreaRenderer.java,483,"double zero = rangeAxis.valueToJava2D(0.0, dataArea,",0.0,10206,11201
996,S9635,XYAreaRenderer.java,485,if (plot.getOrientation() == PlotOrientation.VERTICAL) {,0.0,10206,11201
996,S9636,XYAreaRenderer.java,486,"areaState.area.addPoint((int) transX1, (int) zero);",0.0,10206,11201
996,S9637,XYAreaRenderer.java,494,if (plot.getOrientation() == PlotOrientation.VERTICAL) {,0.0,10206,11201
996,S9638,XYAreaRenderer.java,495,"areaState.area.addPoint((int) transX1, (int) transY1);",0.0,10206,11201
996,S9639,XYAreaRenderer.java,501,PlotOrientation orientation = plot.getOrientation();,0.0,10206,11201
996,S9640,XYAreaRenderer.java,502,"Paint paint = getItemPaint(series, item);",0.0,10206,11201
996,S9641,XYAreaRenderer.java,503,"Stroke stroke = getItemStroke(series, item);",0.0,10206,11201
996,S9642,XYAreaRenderer.java,504,g2.setPaint(paint);,0.0,10206,11201
996,S9643,XYAreaRenderer.java,505,g2.setStroke(stroke);,0.0,10206,11201
996,S9644,XYAreaRenderer.java,507,Shape shape = null;,0.0,10206,11201
996,S9645,XYAreaRenderer.java,508,if (getPlotShapes()) {,0.0,10206,11201
996,S9646,XYAreaRenderer.java,521,if (getPlotLines()) {,0.0,10206,11201
996,S9647,XYAreaRenderer.java,535,if (getPlotArea() && item > 0 && item == (itemCount - 1)) {,0.0,10206,11201
996,S9648,XYAreaRenderer.java,537,if (orientation == PlotOrientation.VERTICAL) {,0.0,10206,11201
996,S9649,XYAreaRenderer.java,539,"areaState.area.addPoint((int) transX1, (int) transZero);",0.0,10206,11201
996,S9650,XYAreaRenderer.java,546,g2.fill(areaState.area);,0.0,10206,11201
996,S9651,XYAreaRenderer.java,549,if (isOutline()) {,0.0,10206,11201
996,S9652,XYAreaRenderer.java,556,int domainAxisIndex = plot.getDomainAxisIndex(domainAxis);,0.0,10206,11201
996,S9653,XYAreaRenderer.java,557,int rangeAxisIndex = plot.getRangeAxisIndex(rangeAxis);,0.0,10206,11201
996,S9654,XYAreaRenderer.java,558,"updateCrosshairValues(crosshairState, x1, y1, domainAxisIndex,",0.0,10206,11201
996,S9655,XYAreaRenderer.java,561,EntityCollection entities = state.getEntityCollection();,0.0,10206,11201
996,S9656,XYAreaRenderer.java,562,if (entities != null) {,0.0,10206,11201
996,S9657,XYAreaRenderer.java,576,XYAreaRenderer clone = (XYAreaRenderer) super.clone();,0.0,10206,11201
996,S9658,XYAreaRenderer.java,577,clone.legendArea = ShapeUtilities.clone(this.legendArea);,0.0,10206,11201
996,S9659,XYAreaRenderer.java,578,return clone;,0.0,10206,11201
996,S9660,XYAreaRenderer.java,589,if (obj == this) {,0.0,10206,11201
996,S9661,XYAreaRenderer.java,592,if (!(obj instanceof XYAreaRenderer)) {,0.0,10206,11201
996,S9662,XYAreaRenderer.java,595,XYAreaRenderer that = (XYAreaRenderer) obj;,0.0,10206,11201
996,S9663,XYAreaRenderer.java,596,if (this.plotArea != that.plotArea) {,0.0,10206,11201
996,S9664,XYAreaRenderer.java,599,if (this.plotLines != that.plotLines) {,0.0,10206,11201
996,S9665,XYAreaRenderer.java,602,if (this.plotShapes != that.plotShapes) {,0.0,10206,11201
996,S9666,XYAreaRenderer.java,605,if (this.showOutline != that.showOutline) {,0.0,10206,11201
996,S9667,XYAreaRenderer.java,608,"if (!ShapeUtilities.equal(this.legendArea, that.legendArea)) {",0.0,10206,11201
996,S9668,XYAreaRenderer.java,611,return true;,0.0,10206,11201
996,S9669,XYAreaRenderer.java,624,stream.defaultReadObject();,0.0,10206,11201
996,S9670,XYAreaRenderer.java,625,this.legendArea = SerialUtilities.readShape(stream);,0.0,10206,11201
996,S9671,XYAreaRenderer.java,636,stream.defaultWriteObject();,0.0,10206,11201
996,S9672,XYAreaRenderer.java,637,"SerialUtilities.writeShape(this.legendArea, stream);",0.0,10206,11201
996,S9673,XYAreaRenderer2.java,150,super();,0.0,10206,11201
996,S9674,XYAreaRenderer2.java,151,this.showOutline = false;,0.0,10206,11201
996,S9675,XYAreaRenderer2.java,152,setBaseToolTipGenerator(labelGenerator);,0.0,10206,11201
996,S9676,XYAreaRenderer2.java,153,setBaseURLGenerator(urlGenerator);,0.0,10206,11201
996,S9677,XYAreaRenderer2.java,154,GeneralPath area = new GeneralPath();,0.0,10206,11201
996,S9678,XYAreaRenderer2.java,155,"area.moveTo(0.0f, -4.0f);",0.0,10206,11201
996,S9679,XYAreaRenderer2.java,156,"area.lineTo(3.0f, -2.0f);",0.0,10206,11201
996,S9680,XYAreaRenderer2.java,157,"area.lineTo(4.0f, 4.0f);",0.0,10206,11201
996,S9681,XYAreaRenderer2.java,158,"area.lineTo(-4.0f, 4.0f);",0.0,10206,11201
996,S9682,XYAreaRenderer2.java,159,"area.lineTo(-3.0f, -2.0f);",0.0,10206,11201
996,S9683,XYAreaRenderer2.java,160,area.closePath();,0.0,10206,11201
996,S9684,XYAreaRenderer2.java,161,this.legendArea = area;,0.0,10206,11201
996,S9685,XYAreaRenderer2.java,186,this.showOutline = show;,0.0,10206,11201
996,S9686,XYAreaRenderer2.java,187,notifyListeners(new RendererChangeEvent(this));,0.0,10206,11201
996,S9687,XYAreaRenderer2.java,392,if (obj == this) {,0.0,10206,11201
996,S9688,XYAreaRenderer2.java,395,if (!(obj instanceof XYAreaRenderer2)) {,0.0,10206,11201
996,S9689,XYAreaRenderer2.java,398,XYAreaRenderer2 that = (XYAreaRenderer2) obj;,0.0,10206,11201
996,S9690,XYAreaRenderer2.java,399,if (this.showOutline != that.showOutline) {,0.0,10206,11201
996,S9691,XYAreaRenderer2.java,402,"if (!ShapeUtilities.equal(this.legendArea, that.legendArea)) {",0.0,10206,11201
996,S9692,XYAreaRenderer2.java,405,return super.equals(obj);,0.0,10206,11201
996,S9693,XYAreaRenderer2.java,416,XYAreaRenderer2 clone = (XYAreaRenderer2) super.clone();,0.0,10206,11201
996,S9694,XYAreaRenderer2.java,417,clone.legendArea = ShapeUtilities.clone(this.legendArea);,0.0,10206,11201
996,S9695,XYAreaRenderer2.java,418,return clone;,0.0,10206,11201
996,S9696,XYAreaRenderer2.java,431,stream.defaultReadObject();,0.0,10206,11201
996,S9697,XYAreaRenderer2.java,432,this.legendArea = SerialUtilities.readShape(stream);,0.0,10206,11201
996,S9698,XYAreaRenderer2.java,443,stream.defaultWriteObject();,0.0,10206,11201
996,S9699,XYAreaRenderer2.java,444,"SerialUtilities.writeShape(this.legendArea, stream);",0.0,10206,11201
996,S9700,XYBarDataset.java,76,"public XYBarDataset(XYDataset underlying, double barWidth) {",0.0,10206,11201
996,S9701,XYBarDataset.java,77,this.underlying = underlying;,0.0,10206,11201
996,S9702,XYBarDataset.java,78,this.underlying.addChangeListener(this);,0.0,10206,11201
996,S9703,XYBarDataset.java,79,this.barWidth = barWidth;,0.0,10206,11201
996,S9704,XYBarDataset.java,125,return this.underlying.getSeriesCount();,0.0,10206,11201
996,S9705,XYBarDataset.java,137,return this.underlying.getSeriesKey(series);,0.0,10206,11201
996,S9706,XYBarDataset.java,148,return this.underlying.getItemCount(series);,0.0,10206,11201
996,S9707,XYBarDataset.java,176,"return this.underlying.getXValue(series, item);",0.0,10206,11201
996,S9708,XYBarDataset.java,204,"return this.underlying.getYValue(series, item);",0.0,10206,11201
996,S9709,XYBarDataset.java,236,"return getXValue(series, item) - this.barWidth / 2.0;",0.0,10206,11201
996,S9710,XYBarDataset.java,268,"return getXValue(series, item) + this.barWidth / 2.0;",0.0,10206,11201
996,S9711,XYBarDataset.java,295,"return getYValue(series, item);",0.0,10206,11201
996,S9712,XYBarDataset.java,322,"return getYValue(series, item);",0.0,10206,11201
996,S9713,XYBarRenderer.java,161,public XYBarRendererState(PlotRenderingInfo info) {,0.0,10206,11201
996,S9714,XYBarRenderer.java,162,super(info);,0.0,10206,11201
996,S9715,XYBarRenderer.java,180,this.g2Base = value;,0.0,10206,11201
996,S9716,XYBarRenderer.java,227,this(0.0);,0.0,10206,11201
996,S9717,XYBarRenderer.java,236,super();,0.0,10206,11201
996,S9718,XYBarRenderer.java,237,this.margin = margin;,0.0,10206,11201
996,S9719,XYBarRenderer.java,238,this.base = 0.0;,0.0,10206,11201
996,S9720,XYBarRenderer.java,239,this.useYInterval = false;,0.0,10206,11201
996,S9721,XYBarRenderer.java,240,this.gradientPaintTransformer = new StandardGradientPaintTransformer();,0.0,10206,11201
996,S9722,XYBarRenderer.java,241,this.drawBarOutline = false;,0.0,10206,11201
996,S9723,XYBarRenderer.java,242,"this.legendBar = new Rectangle2D.Double(-3.0, -5.0, 6.0, 10.0);",0.0,10206,11201
996,S9724,XYBarRenderer.java,267,this.base = base;,0.0,10206,11201
996,S9725,XYBarRenderer.java,268,notifyListeners(new RendererChangeEvent(this));,0.0,10206,11201
996,S9726,XYBarRenderer.java,280,return this.useYInterval;,0.0,10206,11201
996,S9727,XYBarRenderer.java,293,if (this.useYInterval != use) {,0.0,10206,11201
996,S9728,XYBarRenderer.java,294,this.useYInterval = use;,0.0,10206,11201
996,S9729,XYBarRenderer.java,295,notifyListeners(new RendererChangeEvent(this));,0.0,10206,11201
996,S9730,XYBarRenderer.java,308,return this.margin;,0.0,10206,11201
996,S9731,XYBarRenderer.java,320,this.margin = margin;,0.0,10206,11201
996,S9732,XYBarRenderer.java,321,notifyListeners(new RendererChangeEvent(this));,0.0,10206,11201
996,S9733,XYBarRenderer.java,332,return this.drawBarOutline;,0.0,10206,11201
996,S9734,XYBarRenderer.java,344,this.drawBarOutline = draw;,0.0,10206,11201
996,S9735,XYBarRenderer.java,345,notifyListeners(new RendererChangeEvent(this));,0.0,10206,11201
996,S9736,XYBarRenderer.java,357,return this.gradientPaintTransformer;,0.0,10206,11201
996,S9737,XYBarRenderer.java,370,this.gradientPaintTransformer = transformer;,0.0,10206,11201
996,S9738,XYBarRenderer.java,371,notifyListeners(new RendererChangeEvent(this));,0.0,10206,11201
996,S9739,XYBarRenderer.java,395,if (bar == null) {,0.0,10206,11201
996,S9740,XYBarRenderer.java,398,this.legendBar = bar;,0.0,10206,11201
996,S9741,XYBarRenderer.java,399,notifyListeners(new RendererChangeEvent(this));,0.0,10206,11201
996,S9742,XYBarRenderer.java,427,this.positiveItemLabelPositionFallback = position;,0.0,10206,11201
996,S9743,XYBarRenderer.java,428,notifyListeners(new RendererChangeEvent(this));,0.0,10206,11201
996,S9744,XYBarRenderer.java,456,this.negativeItemLabelPositionFallback = position;,0.0,10206,11201
996,S9745,XYBarRenderer.java,457,notifyListeners(new RendererChangeEvent(this));,0.0,10206,11201
996,S9746,XYBarRenderer.java,478,XYBarRendererState state = new XYBarRendererState(info);,0.0,10206,11201
996,S9747,XYBarRenderer.java,479,ValueAxis rangeAxis = plot.getRangeAxisForDataset(plot.indexOf(,0.0,10206,11201
996,S9748,XYBarRenderer.java,481,"state.setG2Base(rangeAxis.valueToJava2D(this.base, dataArea,",0.0,10206,11201
996,S9749,XYBarRenderer.java,483,return state;,0.0,10206,11201
996,S9750,XYBarRenderer.java,497,LegendItem result = null;,0.0,10206,11201
996,S9751,XYBarRenderer.java,498,XYPlot xyplot = getPlot();,0.0,10206,11201
996,S9752,XYBarRenderer.java,499,if (xyplot != null) {,0.0,10206,11201
996,S9753,XYBarRenderer.java,500,XYDataset dataset = xyplot.getDataset(datasetIndex);,0.0,10206,11201
996,S9754,XYBarRenderer.java,501,if (dataset != null) {,0.0,10206,11201
996,S9755,XYBarRenderer.java,502,XYSeriesLabelGenerator lg = getLegendItemLabelGenerator();,0.0,10206,11201
996,S9756,XYBarRenderer.java,503,"String label = lg.generateLabel(dataset, series);",0.0,10206,11201
996,S9757,XYBarRenderer.java,504,String description = label;,0.0,10206,11201
996,S9758,XYBarRenderer.java,505,String toolTipText = null;,0.0,10206,11201
996,S9759,XYBarRenderer.java,506,if (getLegendItemToolTipGenerator() != null) {,0.0,10206,11201
996,S9760,XYBarRenderer.java,510,String urlText = null;,0.0,10206,11201
996,S9761,XYBarRenderer.java,511,if (getLegendItemURLGenerator() != null) {,0.0,10206,11201
996,S9762,XYBarRenderer.java,515,Shape shape = this.legendBar;,0.0,10206,11201
996,S9763,XYBarRenderer.java,516,Paint paint = lookupSeriesPaint(series);,0.0,10206,11201
996,S9764,XYBarRenderer.java,517,Paint outlinePaint = lookupSeriesOutlinePaint(series);,0.0,10206,11201
996,S9765,XYBarRenderer.java,518,Stroke outlineStroke = lookupSeriesOutlineStroke(series);,0.0,10206,11201
996,S9766,XYBarRenderer.java,519,if (this.drawBarOutline) {,0.0,10206,11201
996,S9767,XYBarRenderer.java,524,"result = new LegendItem(label, description, toolTipText,",0.0,10206,11201
996,S9768,XYBarRenderer.java,527,result.setDataset(dataset);,0.0,10206,11201
996,S9769,XYBarRenderer.java,528,result.setDatasetIndex(datasetIndex);,0.0,10206,11201
996,S9770,XYBarRenderer.java,529,result.setSeriesKey(dataset.getSeriesKey(series));,0.0,10206,11201
996,S9771,XYBarRenderer.java,530,result.setSeriesIndex(series);,0.0,10206,11201
996,S9772,XYBarRenderer.java,531,if (getGradientPaintTransformer() != null) {,0.0,10206,11201
996,S9773,XYBarRenderer.java,532,result.setFillPaintTransformer(,0.0,10206,11201
996,S9774,XYBarRenderer.java,537,return result;,0.0,10206,11201
996,S9775,XYBarRenderer.java,571,"if (!getItemVisible(series, item)) {",0.0,10206,11201
996,S9776,XYBarRenderer.java,574,IntervalXYDataset intervalDataset = (IntervalXYDataset) dataset;,0.0,10206,11201
996,S9777,XYBarRenderer.java,578,if (this.useYInterval) {,0.0,10206,11201
996,S9778,XYBarRenderer.java,583,value0 = this.base;,0.0,10206,11201
996,S9779,XYBarRenderer.java,584,"value1 = intervalDataset.getYValue(series, item);",0.0,10206,11201
996,S9780,XYBarRenderer.java,586,if (Double.isNaN(value0) || Double.isNaN(value1)) {,0.0,10206,11201
996,S9781,XYBarRenderer.java,589,if (value0 <= value1) {,0.0,10206,11201
996,S9782,XYBarRenderer.java,590,"if (!rangeAxis.getRange().intersects(value0, value1)) {",0.0,10206,11201
996,S9783,XYBarRenderer.java,600,"double translatedValue0 = rangeAxis.valueToJava2D(value0, dataArea,",0.0,10206,11201
996,S9784,XYBarRenderer.java,602,"double translatedValue1 = rangeAxis.valueToJava2D(value1, dataArea,",0.0,10206,11201
996,S9785,XYBarRenderer.java,604,"double bottom = Math.min(translatedValue0, translatedValue1);",0.0,10206,11201
996,S9786,XYBarRenderer.java,605,"double top = Math.max(translatedValue0, translatedValue1);",0.0,10206,11201
996,S9787,XYBarRenderer.java,607,"double startX = intervalDataset.getStartXValue(series, item);",0.0,10206,11201
996,S9788,XYBarRenderer.java,608,if (Double.isNaN(startX)) {,0.0,10206,11201
996,S9789,XYBarRenderer.java,611,"double endX = intervalDataset.getEndXValue(series, item);",0.0,10206,11201
996,S9790,XYBarRenderer.java,612,if (Double.isNaN(endX)) {,0.0,10206,11201
996,S9791,XYBarRenderer.java,615,if (startX <= endX) {,0.0,10206,11201
996,S9792,XYBarRenderer.java,616,"if (!domainAxis.getRange().intersects(startX, endX)) {",0.0,10206,11201
996,S9793,XYBarRenderer.java,626,RectangleEdge location = plot.getDomainAxisEdge();,0.0,10206,11201
996,S9794,XYBarRenderer.java,627,"double translatedStartX = domainAxis.valueToJava2D(startX, dataArea,",0.0,10206,11201
996,S9795,XYBarRenderer.java,629,"double translatedEndX = domainAxis.valueToJava2D(endX, dataArea,",0.0,10206,11201
996,S9796,XYBarRenderer.java,632,"double translatedWidth = Math.max(1, Math.abs(translatedEndX",0.0,10206,11201
996,S9797,XYBarRenderer.java,635,"double left = Math.min(translatedStartX, translatedEndX);",0.0,10206,11201
996,S9798,XYBarRenderer.java,636,if (getMargin() > 0.0) {,0.0,10206,11201
996,S9799,XYBarRenderer.java,642,Rectangle2D bar = null;,0.0,10206,11201
996,S9800,XYBarRenderer.java,643,PlotOrientation orientation = plot.getOrientation();,0.0,10206,11201
996,S9801,XYBarRenderer.java,644,if (orientation == PlotOrientation.HORIZONTAL) {,0.0,10206,11201
996,S9802,XYBarRenderer.java,651,else if (orientation == PlotOrientation.VERTICAL) {,0.0,10206,11201
996,S9803,XYBarRenderer.java,653,"bottom = Math.max(bottom, dataArea.getMinY());",0.0,10206,11201
996,S9804,XYBarRenderer.java,654,"top = Math.min(top, dataArea.getMaxY());",0.0,10206,11201
996,S9805,XYBarRenderer.java,655,"bar = new Rectangle2D.Double(left, bottom, translatedWidth,",0.0,10206,11201
996,S9806,XYBarRenderer.java,659,"Paint itemPaint = getItemPaint(series, item);",0.0,10206,11201
996,S9807,XYBarRenderer.java,660,if (getGradientPaintTransformer(),0.0,10206,11201
996,S9808,XYBarRenderer.java,665,g2.setPaint(itemPaint);,0.0,10206,11201
996,S9809,XYBarRenderer.java,666,g2.fill(bar);,0.0,10206,11201
996,S9810,XYBarRenderer.java,667,if (isDrawBarOutline(),0.0,10206,11201
996,S9811,XYBarRenderer.java,678,"if (isItemLabelVisible(series, item)) {",0.0,10206,11201
996,S9812,XYBarRenderer.java,686,double x1 = (startX + endX) / 2.0;,0.0,10206,11201
996,S9813,XYBarRenderer.java,687,"double y1 = dataset.getYValue(series, item);",0.0,10206,11201
996,S9814,XYBarRenderer.java,688,"double transX1 = domainAxis.valueToJava2D(x1, dataArea, location);",0.0,10206,11201
996,S9815,XYBarRenderer.java,689,"double transY1 = rangeAxis.valueToJava2D(y1, dataArea,",0.0,10206,11201
996,S9816,XYBarRenderer.java,691,int domainAxisIndex = plot.getDomainAxisIndex(domainAxis);,0.0,10206,11201
996,S9817,XYBarRenderer.java,692,int rangeAxisIndex = plot.getRangeAxisIndex(rangeAxis);,0.0,10206,11201
996,S9818,XYBarRenderer.java,693,"updateCrosshairValues(crosshairState, x1, y1, domainAxisIndex,",0.0,10206,11201
996,S9819,XYBarRenderer.java,696,EntityCollection entities = state.getEntityCollection();,0.0,10206,11201
996,S9820,XYBarRenderer.java,697,if (entities != null) {,0.0,10206,11201
996,S9821,XYBarRenderer.java,925,if (dataset != null) {,0.0,10206,11201
996,S9822,XYBarRenderer.java,926,"return DatasetUtilities.findDomainBounds(dataset, true);",0.0,10206,11201
996,S9823,XYBarRenderer.java,941,XYBarRenderer result = (XYBarRenderer) super.clone();,0.0,10206,11201
996,S9824,XYBarRenderer.java,942,if (this.gradientPaintTransformer != null) {,0.0,10206,11201
996,S9825,XYBarRenderer.java,943,result.gradientPaintTransformer = (GradientPaintTransformer),0.0,10206,11201
996,S9826,XYBarRenderer.java,946,result.legendBar = ShapeUtilities.clone(this.legendBar);,0.0,10206,11201
996,S9827,XYBarRenderer.java,947,return result;,0.0,10206,11201
996,S9828,XYBarRenderer.java,958,if (obj == this) {,0.0,10206,11201
996,S9829,XYBarRenderer.java,961,if (!(obj instanceof XYBarRenderer)) {,0.0,10206,11201
996,S9830,XYBarRenderer.java,964,if (!super.equals(obj)) {,0.0,10206,11201
996,S9831,XYBarRenderer.java,967,XYBarRenderer that = (XYBarRenderer) obj;,0.0,10206,11201
996,S9832,XYBarRenderer.java,968,if (this.base != that.base) {,0.0,10206,11201
996,S9833,XYBarRenderer.java,969,return false;,0.0,10206,11201
996,S9834,XYBarRenderer.java,971,if (this.drawBarOutline != that.drawBarOutline) {,0.0,10206,11201
996,S9835,XYBarRenderer.java,972,return false;,0.0,10206,11201
996,S9836,XYBarRenderer.java,974,if (this.margin != that.margin) {,0.0,10206,11201
996,S9837,XYBarRenderer.java,975,return false;,0.0,10206,11201
996,S9838,XYBarRenderer.java,977,if (this.useYInterval != that.useYInterval) {,0.0,10206,11201
996,S9839,XYBarRenderer.java,978,return false;,0.0,10206,11201
996,S9840,XYBarRenderer.java,980,if (!ObjectUtilities.equal(,0.0,10206,11201
996,S9841,XYBarRenderer.java,983,return false;,0.0,10206,11201
996,S9842,XYBarRenderer.java,985,"if (!ShapeUtilities.equal(this.legendBar, that.legendBar)) {",0.0,10206,11201
996,S9843,XYBarRenderer.java,986,return false;,0.0,10206,11201
996,S9844,XYBarRenderer.java,988,"if (!ObjectUtilities.equal(this.positiveItemLabelPositionFallback,",0.0,10206,11201
996,S9845,XYBarRenderer.java,990,return false;,0.0,10206,11201
996,S9846,XYBarRenderer.java,992,"if (!ObjectUtilities.equal(this.negativeItemLabelPositionFallback,",0.0,10206,11201
996,S9847,XYBarRenderer.java,994,return false;,0.0,10206,11201
996,S9848,XYBarRenderer.java,996,return true;,0.0,10206,11201
996,S9849,XYBarRenderer.java,1009,stream.defaultReadObject();,0.0,10206,11201
996,S9850,XYBarRenderer.java,1010,this.legendBar = SerialUtilities.readShape(stream);,0.0,10206,11201
996,S9851,XYBarRenderer.java,1021,stream.defaultWriteObject();,0.0,10206,11201
996,S9852,XYBarRenderer.java,1022,"SerialUtilities.writeShape(this.legendBar, stream);",0.0,10206,11201
996,S9853,XYDataItem.java,72,"public XYDataItem(Number x, Number y) {",0.0,10206,11201
996,S9854,XYDataItem.java,73,if (x == null) {,0.0,10206,11201
996,S9855,XYDataItem.java,76,this.x = x;,0.0,10206,11201
996,S9856,XYDataItem.java,77,this.y = y;,0.0,10206,11201
996,S9857,XYDataItem.java,96,return this.x;,0.0,10206,11201
996,S9858,XYDataItem.java,120,return this.y;,0.0,10206,11201
996,S9859,XYDataItem.java,179,if (o1 instanceof XYDataItem) {,0.0,10206,11201
996,S9860,XYDataItem.java,180,XYDataItem dataItem = (XYDataItem) o1;,0.0,10206,11201
996,S9861,XYDataItem.java,181,double compare = this.x.doubleValue(),0.0,10206,11201
996,S9862,XYDataItem.java,183,if (compare > 0.0) {,0.0,10206,11201
996,S9863,XYDataItem.java,187,if (compare < 0.0) {,0.0,10206,11201
996,S9864,XYDataItem.java,188,result = -1;,0.0,10206,11201
996,S9865,XYDataItem.java,203,return result;,0.0,10206,11201
996,S9866,XYItemRendererState.java,76,super(info);,0.0,10206,11201
996,S9867,XYItemRendererState.java,77,this.workingLine = new Line2D.Double();,0.0,10206,11201
996,S9868,XYItemRendererState.java,78,this.processVisibleItemsOnly = true;,0.0,10206,11201
996,S9869,XYItemRendererState.java,93,return this.processVisibleItemsOnly;,0.0,10206,11201
996,S9870,XYItemRendererState.java,105,this.processVisibleItemsOnly = flag;,0.0,10206,11201
996,S9871,XYLineAndShapeRenderer.java,167,"this(true, true);",0.0,10206,11201
996,S9872,XYLineAndShapeRenderer.java,176,"public XYLineAndShapeRenderer(boolean lines, boolean shapes) {",0.0,10206,11201
996,S9873,XYLineAndShapeRenderer.java,177,this.seriesLinesVisible = new BooleanList();,0.0,10206,11201
996,S9874,XYLineAndShapeRenderer.java,178,this.baseLinesVisible = lines;,0.0,10206,11201
996,S9875,XYLineAndShapeRenderer.java,179,"this.legendLine = new Line2D.Double(-7.0, 0.0, 7.0, 0.0);",0.0,10206,11201
996,S9876,XYLineAndShapeRenderer.java,181,this.seriesShapesVisible = new BooleanList();,0.0,10206,11201
996,S9877,XYLineAndShapeRenderer.java,182,this.baseShapesVisible = shapes;,0.0,10206,11201
996,S9878,XYLineAndShapeRenderer.java,184,this.useFillPaint = false;     // use item paint for fills by default,0.0,10206,11201
996,S9879,XYLineAndShapeRenderer.java,185,this.seriesShapesFilled = new BooleanList();,0.0,10206,11201
996,S9880,XYLineAndShapeRenderer.java,186,this.baseShapesFilled = true;,0.0,10206,11201
996,S9881,XYLineAndShapeRenderer.java,188,this.drawOutlines = true;,0.0,10206,11201
996,S9882,XYLineAndShapeRenderer.java,189,this.useOutlinePaint = false;  // use item paint for outlines by,0.0,10206,11201
996,S9883,XYLineAndShapeRenderer.java,192,this.drawSeriesLineAsPath = false;,0.0,10206,11201
996,S9884,XYLineAndShapeRenderer.java,216,if (this.drawSeriesLineAsPath != flag) {,0.0,10206,11201
996,S9885,XYLineAndShapeRenderer.java,217,this.drawSeriesLineAsPath = flag;,0.0,10206,11201
996,S9886,XYLineAndShapeRenderer.java,218,notifyListeners(new RendererChangeEvent(this));,0.0,10206,11201
996,S9887,XYLineAndShapeRenderer.java,230,return 2;,0.0,10206,11201
996,S9888,XYLineAndShapeRenderer.java,245,Boolean flag = getSeriesLinesVisible(series);,0.0,10206,11201
996,S9889,XYLineAndShapeRenderer.java,246,if (flag != null) {,0.0,10206,11201
996,S9890,XYLineAndShapeRenderer.java,250,return this.baseLinesVisible;,0.0,10206,11201
996,S9891,XYLineAndShapeRenderer.java,265,return this.seriesLinesVisible.getBoolean(series);,0.0,10206,11201
996,S9892,XYLineAndShapeRenderer.java,278,"this.seriesLinesVisible.setBoolean(series, flag);",0.0,10206,11201
996,S9893,XYLineAndShapeRenderer.java,279,notifyListeners(new RendererChangeEvent(this));,0.0,10206,11201
996,S9894,XYLineAndShapeRenderer.java,292,"setSeriesLinesVisible(series, Boolean.valueOf(visible));",0.0,10206,11201
996,S9895,XYLineAndShapeRenderer.java,315,this.baseLinesVisible = flag;,0.0,10206,11201
996,S9896,XYLineAndShapeRenderer.java,316,notifyListeners(new RendererChangeEvent(this));,0.0,10206,11201
996,S9897,XYLineAndShapeRenderer.java,339,if (line == null) {,0.0,10206,11201
996,S9898,XYLineAndShapeRenderer.java,342,this.legendLine = line;,0.0,10206,11201
996,S9899,XYLineAndShapeRenderer.java,343,notifyListeners(new RendererChangeEvent(this));,0.0,10206,11201
996,S9900,XYLineAndShapeRenderer.java,362,Boolean flag = getSeriesShapesVisible(series);,0.0,10206,11201
996,S9901,XYLineAndShapeRenderer.java,363,if (flag != null) {,0.0,10206,11201
996,S9902,XYLineAndShapeRenderer.java,367,return this.baseShapesVisible;,0.0,10206,11201
996,S9903,XYLineAndShapeRenderer.java,382,return this.seriesShapesVisible.getBoolean(series);,0.0,10206,11201
996,S9904,XYLineAndShapeRenderer.java,395,"setSeriesShapesVisible(series, Boolean.valueOf(visible));",0.0,10206,11201
996,S9905,XYLineAndShapeRenderer.java,408,"this.seriesShapesVisible.setBoolean(series, flag);",0.0,10206,11201
996,S9906,XYLineAndShapeRenderer.java,409,notifyListeners(new RendererChangeEvent(this));,0.0,10206,11201
996,S9907,XYLineAndShapeRenderer.java,432,this.baseShapesVisible = flag;,0.0,10206,11201
996,S9908,XYLineAndShapeRenderer.java,433,notifyListeners(new RendererChangeEvent(this));,0.0,10206,11201
996,S9909,XYLineAndShapeRenderer.java,452,Boolean flag = getSeriesShapesFilled(series);,0.0,10206,11201
996,S9910,XYLineAndShapeRenderer.java,453,if (flag != null) {,0.0,10206,11201
996,S9911,XYLineAndShapeRenderer.java,457,return this.baseShapesFilled;,0.0,10206,11201
996,S9912,XYLineAndShapeRenderer.java,472,return this.seriesShapesFilled.getBoolean(series);,0.0,10206,11201
996,S9913,XYLineAndShapeRenderer.java,485,"setSeriesShapesFilled(series, Boolean.valueOf(flag));",0.0,10206,11201
996,S9914,XYLineAndShapeRenderer.java,498,"this.seriesShapesFilled.setBoolean(series, flag);",0.0,10206,11201
996,S9915,XYLineAndShapeRenderer.java,499,notifyListeners(new RendererChangeEvent(this));,0.0,10206,11201
996,S9916,XYLineAndShapeRenderer.java,522,this.baseShapesFilled = flag;,0.0,10206,11201
996,S9917,XYLineAndShapeRenderer.java,523,notifyListeners(new RendererChangeEvent(this));,0.0,10206,11201
996,S9918,XYLineAndShapeRenderer.java,535,return this.drawOutlines;,0.0,10206,11201
996,S9919,XYLineAndShapeRenderer.java,551,this.drawOutlines = flag;,0.0,10206,11201
996,S9920,XYLineAndShapeRenderer.java,552,notifyListeners(new RendererChangeEvent(this));,0.0,10206,11201
996,S9921,XYLineAndShapeRenderer.java,579,this.useFillPaint = flag;,0.0,10206,11201
996,S9922,XYLineAndShapeRenderer.java,580,notifyListeners(new RendererChangeEvent(this));,0.0,10206,11201
996,S9923,XYLineAndShapeRenderer.java,594,return this.useOutlinePaint;,0.0,10206,11201
996,S9924,XYLineAndShapeRenderer.java,607,this.useOutlinePaint = flag;,0.0,10206,11201
996,S9925,XYLineAndShapeRenderer.java,608,notifyListeners(new RendererChangeEvent(this));,0.0,10206,11201
996,S9926,XYLineAndShapeRenderer.java,633,super(info);,0.0,10206,11201
996,S9927,XYLineAndShapeRenderer.java,679,State state = new State(info);,0.0,10206,11201
996,S9928,XYLineAndShapeRenderer.java,680,state.seriesPath = new GeneralPath();,0.0,10206,11201
996,S9929,XYLineAndShapeRenderer.java,681,return state;,0.0,10206,11201
996,S9930,XYLineAndShapeRenderer.java,717,"if (!getItemVisible(series, item)) {",0.0,10206,11201
996,S9931,XYLineAndShapeRenderer.java,722,if (isLinePass(pass)) {,0.0,10206,11201
996,S9932,XYLineAndShapeRenderer.java,723,if (item == 0) {,0.0,10206,11201
996,S9933,XYLineAndShapeRenderer.java,724,if (this.drawSeriesLineAsPath) {,0.0,10206,11201
996,S9934,XYLineAndShapeRenderer.java,731,"if (getItemLineVisible(series, item)) {",0.0,10206,11201
996,S9935,XYLineAndShapeRenderer.java,732,if (this.drawSeriesLineAsPath) {,0.0,10206,11201
996,S9936,XYLineAndShapeRenderer.java,737,"drawPrimaryLine(state, g2, plot, dataset, pass, series,",0.0,10206,11201
996,S9937,XYLineAndShapeRenderer.java,743,else if (isItemPass(pass)) {,0.0,10206,11201
996,S9938,XYLineAndShapeRenderer.java,746,EntityCollection entities = null;,0.0,10206,11201
996,S9939,XYLineAndShapeRenderer.java,747,if (info != null) {,0.0,10206,11201
996,S9940,XYLineAndShapeRenderer.java,751,"drawSecondaryPass(g2, plot, dataset, pass, series, item,",0.0,10206,11201
996,S9941,XYLineAndShapeRenderer.java,765,return pass == 0;,0.0,10206,11201
996,S9942,XYLineAndShapeRenderer.java,777,return pass == 1;,0.0,10206,11201
996,S9943,XYLineAndShapeRenderer.java,806,if (item == 0) {,0.0,10206,11201
996,S9944,XYLineAndShapeRenderer.java,807,return;,0.0,10206,11201
996,S9945,XYLineAndShapeRenderer.java,811,"double x1 = dataset.getXValue(series, item);",0.0,10206,11201
996,S9946,XYLineAndShapeRenderer.java,812,"double y1 = dataset.getYValue(series, item);",0.0,10206,11201
996,S9947,XYLineAndShapeRenderer.java,813,if (Double.isNaN(y1) || Double.isNaN(x1)) {,0.0,10206,11201
996,S9948,XYLineAndShapeRenderer.java,817,"double x0 = dataset.getXValue(series, item - 1);",0.0,10206,11201
996,S9949,XYLineAndShapeRenderer.java,818,"double y0 = dataset.getYValue(series, item - 1);",0.0,10206,11201
996,S9950,XYLineAndShapeRenderer.java,819,if (Double.isNaN(y0) || Double.isNaN(x0)) {,0.0,10206,11201
996,S9951,XYLineAndShapeRenderer.java,823,RectangleEdge xAxisLocation = plot.getDomainAxisEdge();,0.0,10206,11201
996,S9952,XYLineAndShapeRenderer.java,824,RectangleEdge yAxisLocation = plot.getRangeAxisEdge();,0.0,10206,11201
996,S9953,XYLineAndShapeRenderer.java,826,"double transX0 = domainAxis.valueToJava2D(x0, dataArea, xAxisLocation);",0.0,10206,11201
996,S9954,XYLineAndShapeRenderer.java,827,"double transY0 = rangeAxis.valueToJava2D(y0, dataArea, yAxisLocation);",0.0,10206,11201
996,S9955,XYLineAndShapeRenderer.java,829,"double transX1 = domainAxis.valueToJava2D(x1, dataArea, xAxisLocation);",0.0,10206,11201
996,S9956,XYLineAndShapeRenderer.java,830,"double transY1 = rangeAxis.valueToJava2D(y1, dataArea, yAxisLocation);",0.0,10206,11201
996,S9957,XYLineAndShapeRenderer.java,833,if (Double.isNaN(transX0) || Double.isNaN(transY0),0.0,10206,11201
996,S9958,XYLineAndShapeRenderer.java,838,PlotOrientation orientation = plot.getOrientation();,0.0,10206,11201
996,S9959,XYLineAndShapeRenderer.java,839,if (orientation == PlotOrientation.HORIZONTAL) {,0.0,10206,11201
996,S9960,XYLineAndShapeRenderer.java,842,else if (orientation == PlotOrientation.VERTICAL) {,0.0,10206,11201
996,S9961,XYLineAndShapeRenderer.java,843,"state.workingLine.setLine(transX0, transY0, transX1, transY1);",0.0,10206,11201
996,S9962,XYLineAndShapeRenderer.java,846,if (state.workingLine.intersects(dataArea)) {,0.0,10206,11201
996,S9963,XYLineAndShapeRenderer.java,847,"drawFirstPassShape(g2, pass, series, item, state.workingLine);",0.0,10206,11201
996,S9964,XYLineAndShapeRenderer.java,862,"g2.setStroke(getItemStroke(series, item));",0.0,10206,11201
996,S9965,XYLineAndShapeRenderer.java,863,"g2.setPaint(getItemPaint(series, item));",0.0,10206,11201
996,S9966,XYLineAndShapeRenderer.java,864,g2.draw(shape);,0.0,10206,11201
996,S9967,XYLineAndShapeRenderer.java,962,Shape entityArea = null;,0.0,10206,11201
996,S9968,XYLineAndShapeRenderer.java,965,"double x1 = dataset.getXValue(series, item);",0.0,10206,11201
996,S9969,XYLineAndShapeRenderer.java,966,"double y1 = dataset.getYValue(series, item);",0.0,10206,11201
996,S9970,XYLineAndShapeRenderer.java,967,if (Double.isNaN(y1) || Double.isNaN(x1)) {,0.0,10206,11201
996,S9971,XYLineAndShapeRenderer.java,971,PlotOrientation orientation = plot.getOrientation();,0.0,10206,11201
996,S9972,XYLineAndShapeRenderer.java,972,RectangleEdge xAxisLocation = plot.getDomainAxisEdge();,0.0,10206,11201
996,S9973,XYLineAndShapeRenderer.java,973,RectangleEdge yAxisLocation = plot.getRangeAxisEdge();,0.0,10206,11201
996,S9974,XYLineAndShapeRenderer.java,974,"double transX1 = domainAxis.valueToJava2D(x1, dataArea, xAxisLocation);",0.0,10206,11201
996,S9975,XYLineAndShapeRenderer.java,975,"double transY1 = rangeAxis.valueToJava2D(y1, dataArea, yAxisLocation);",0.0,10206,11201
996,S9976,XYLineAndShapeRenderer.java,977,"if (getItemShapeVisible(series, item)) {",0.0,10206,11201
996,S9977,XYLineAndShapeRenderer.java,978,"Shape shape = getItemShape(series, item);",0.0,10206,11201
996,S9978,XYLineAndShapeRenderer.java,979,if (orientation == PlotOrientation.HORIZONTAL) {,0.0,10206,11201
996,S9979,XYLineAndShapeRenderer.java,983,else if (orientation == PlotOrientation.VERTICAL) {,0.0,10206,11201
996,S9980,XYLineAndShapeRenderer.java,984,"shape = ShapeUtilities.createTranslatedShape(shape, transX1,",0.0,10206,11201
996,S9981,XYLineAndShapeRenderer.java,987,entityArea = shape;,0.0,10206,11201
996,S9982,XYLineAndShapeRenderer.java,988,if (shape.intersects(dataArea)) {,0.0,10206,11201
996,S9983,XYLineAndShapeRenderer.java,989,"if (getItemShapeFilled(series, item)) {",0.0,10206,11201
996,S9984,XYLineAndShapeRenderer.java,990,if (this.useFillPaint) {,0.0,10206,11201
996,S9985,XYLineAndShapeRenderer.java,994,"g2.setPaint(getItemPaint(series, item));",0.0,10206,11201
996,S9986,XYLineAndShapeRenderer.java,996,g2.fill(shape);,0.0,10206,11201
996,S9987,XYLineAndShapeRenderer.java,998,if (this.drawOutlines) {,0.0,10206,11201
996,S9988,XYLineAndShapeRenderer.java,999,if (getUseOutlinePaint()) {,0.0,10206,11201
996,S9989,XYLineAndShapeRenderer.java,1003,"g2.setPaint(getItemPaint(series, item));",0.0,10206,11201
996,S9990,XYLineAndShapeRenderer.java,1005,"g2.setStroke(getItemOutlineStroke(series, item));",0.0,10206,11201
996,S9991,XYLineAndShapeRenderer.java,1006,g2.draw(shape);,0.0,10206,11201
996,S9992,XYLineAndShapeRenderer.java,1011,double xx = transX1;,0.0,10206,11201
996,S9993,XYLineAndShapeRenderer.java,1012,double yy = transY1;,0.0,10206,11201
996,S9994,XYLineAndShapeRenderer.java,1013,if (orientation == PlotOrientation.HORIZONTAL) {,0.0,10206,11201
996,S9995,XYLineAndShapeRenderer.java,1019,"if (isItemLabelVisible(series, item)) {",0.0,10206,11201
996,S9996,XYLineAndShapeRenderer.java,1024,int domainAxisIndex = plot.getDomainAxisIndex(domainAxis);,0.0,10206,11201
996,S9997,XYLineAndShapeRenderer.java,1025,int rangeAxisIndex = plot.getRangeAxisIndex(rangeAxis);,0.0,10206,11201
996,S9998,XYLineAndShapeRenderer.java,1026,"updateCrosshairValues(crosshairState, x1, y1, domainAxisIndex,",0.0,10206,11201
996,S9999,XYLineAndShapeRenderer.java,1031,"if (entities != null && dataArea.contains(xx, yy)) {",0.0,10206,11201
996,S10000,XYLineAndShapeRenderer.java,1047,XYPlot plot = getPlot();,0.0,10206,11201
996,S10001,XYLineAndShapeRenderer.java,1048,if (plot == null) {,0.0,10206,11201
996,S10002,XYLineAndShapeRenderer.java,1052,LegendItem result = null;,0.0,10206,11201
996,S10003,XYLineAndShapeRenderer.java,1053,XYDataset dataset = plot.getDataset(datasetIndex);,0.0,10206,11201
996,S10004,XYLineAndShapeRenderer.java,1054,if (dataset != null) {,0.0,10206,11201
996,S10005,XYLineAndShapeRenderer.java,1055,"if (getItemVisible(series, 0)) {",0.0,10206,11201
996,S10006,XYLineAndShapeRenderer.java,1056,String label = getLegendItemLabelGenerator().generateLabel(,0.0,10206,11201
996,S10007,XYLineAndShapeRenderer.java,1058,String description = label;,0.0,10206,11201
996,S10008,XYLineAndShapeRenderer.java,1059,String toolTipText = null;,0.0,10206,11201
996,S10009,XYLineAndShapeRenderer.java,1060,if (getLegendItemToolTipGenerator() != null) {,0.0,10206,11201
996,S10010,XYLineAndShapeRenderer.java,1064,String urlText = null;,0.0,10206,11201
996,S10011,XYLineAndShapeRenderer.java,1065,if (getLegendItemURLGenerator() != null) {,0.0,10206,11201
996,S10012,XYLineAndShapeRenderer.java,1069,"boolean shapeIsVisible = getItemShapeVisible(series, 0);",0.0,10206,11201
996,S10013,XYLineAndShapeRenderer.java,1070,Shape shape = lookupSeriesShape(series);,0.0,10206,11201
996,S10014,XYLineAndShapeRenderer.java,1071,"boolean shapeIsFilled = getItemShapeFilled(series, 0);",0.0,10206,11201
996,S10015,XYLineAndShapeRenderer.java,1072,Paint fillPaint = (this.useFillPaint,0.0,10206,11201
996,S10016,XYLineAndShapeRenderer.java,1074,boolean shapeOutlineVisible = this.drawOutlines;,0.0,10206,11201
996,S10017,XYLineAndShapeRenderer.java,1075,Paint outlinePaint = (this.useOutlinePaint,0.0,10206,11201
996,S10018,XYLineAndShapeRenderer.java,1078,Stroke outlineStroke = lookupSeriesOutlineStroke(series);,0.0,10206,11201
996,S10019,XYLineAndShapeRenderer.java,1079,"boolean lineVisible = getItemLineVisible(series, 0);",0.0,10206,11201
996,S10020,XYLineAndShapeRenderer.java,1080,Stroke lineStroke = lookupSeriesStroke(series);,0.0,10206,11201
996,S10021,XYLineAndShapeRenderer.java,1081,Paint linePaint = lookupSeriesPaint(series);,0.0,10206,11201
996,S10022,XYLineAndShapeRenderer.java,1082,"result = new LegendItem(label, description, toolTipText,",0.0,10206,11201
996,S10023,XYLineAndShapeRenderer.java,1087,result.setSeriesKey(dataset.getSeriesKey(series));,0.0,10206,11201
996,S10024,XYLineAndShapeRenderer.java,1088,result.setSeriesIndex(series);,0.0,10206,11201
996,S10025,XYLineAndShapeRenderer.java,1089,result.setDataset(dataset);,0.0,10206,11201
996,S10026,XYLineAndShapeRenderer.java,1090,result.setDatasetIndex(datasetIndex);,0.0,10206,11201
996,S10027,XYLineAndShapeRenderer.java,1094,return result;,0.0,10206,11201
996,S10028,XYLineAndShapeRenderer.java,1106,XYLineAndShapeRenderer clone = (XYLineAndShapeRenderer) super.clone();,0.0,10206,11201
996,S10029,XYLineAndShapeRenderer.java,1107,clone.seriesLinesVisible,0.0,10206,11201
996,S10030,XYLineAndShapeRenderer.java,1109,if (this.legendLine != null) {,0.0,10206,11201
996,S10031,XYLineAndShapeRenderer.java,1110,clone.legendLine = ShapeUtilities.clone(this.legendLine);,0.0,10206,11201
996,S10032,XYLineAndShapeRenderer.java,1112,clone.seriesShapesVisible,0.0,10206,11201
996,S10033,XYLineAndShapeRenderer.java,1114,clone.seriesShapesFilled,0.0,10206,11201
996,S10034,XYLineAndShapeRenderer.java,1116,return clone;,0.0,10206,11201
996,S10035,XYLineAndShapeRenderer.java,1127,if (obj == this) {,0.0,10206,11201
996,S10036,XYLineAndShapeRenderer.java,1128,return true;,0.0,10206,11201
996,S10037,XYLineAndShapeRenderer.java,1130,if (!(obj instanceof XYLineAndShapeRenderer)) {,0.0,10206,11201
996,S10038,XYLineAndShapeRenderer.java,1131,return false;,0.0,10206,11201
996,S10039,XYLineAndShapeRenderer.java,1133,if (!super.equals(obj)) {,0.0,10206,11201
996,S10040,XYLineAndShapeRenderer.java,1134,return false;,0.0,10206,11201
996,S10041,XYLineAndShapeRenderer.java,1136,XYLineAndShapeRenderer that = (XYLineAndShapeRenderer) obj;,0.0,10206,11201
996,S10042,XYLineAndShapeRenderer.java,1137,"if (!ObjectUtilities.equal(this.seriesLinesVisible,",0.0,10206,11201
996,S10043,XYLineAndShapeRenderer.java,1139,return false;,0.0,10206,11201
996,S10044,XYLineAndShapeRenderer.java,1141,if (this.baseLinesVisible != that.baseLinesVisible) {,0.0,10206,11201
996,S10045,XYLineAndShapeRenderer.java,1142,return false;,0.0,10206,11201
996,S10046,XYLineAndShapeRenderer.java,1144,"if (!ShapeUtilities.equal(this.legendLine, that.legendLine)) {",0.0,10206,11201
996,S10047,XYLineAndShapeRenderer.java,1145,return false;,0.0,10206,11201
996,S10048,XYLineAndShapeRenderer.java,1147,"if (!ObjectUtilities.equal(this.seriesShapesVisible,",0.0,10206,11201
996,S10049,XYLineAndShapeRenderer.java,1149,return false;,0.0,10206,11201
996,S10050,XYLineAndShapeRenderer.java,1151,if (this.baseShapesVisible != that.baseShapesVisible) {,0.0,10206,11201
996,S10051,XYLineAndShapeRenderer.java,1152,return false;,0.0,10206,11201
996,S10052,XYLineAndShapeRenderer.java,1154,"if (!ObjectUtilities.equal(this.seriesShapesFilled,",0.0,10206,11201
996,S10053,XYLineAndShapeRenderer.java,1156,return false;,0.0,10206,11201
996,S10054,XYLineAndShapeRenderer.java,1158,if (this.baseShapesFilled != that.baseShapesFilled) {,0.0,10206,11201
996,S10055,XYLineAndShapeRenderer.java,1159,return false;,0.0,10206,11201
996,S10056,XYLineAndShapeRenderer.java,1161,if (this.drawOutlines != that.drawOutlines) {,0.0,10206,11201
996,S10057,XYLineAndShapeRenderer.java,1162,return false;,0.0,10206,11201
996,S10058,XYLineAndShapeRenderer.java,1164,if (this.useOutlinePaint != that.useOutlinePaint) {,0.0,10206,11201
996,S10059,XYLineAndShapeRenderer.java,1165,return false;,0.0,10206,11201
996,S10060,XYLineAndShapeRenderer.java,1167,if (this.useFillPaint != that.useFillPaint) {,0.0,10206,11201
996,S10061,XYLineAndShapeRenderer.java,1168,return false;,0.0,10206,11201
996,S10062,XYLineAndShapeRenderer.java,1170,if (this.drawSeriesLineAsPath != that.drawSeriesLineAsPath) {,0.0,10206,11201
996,S10063,XYLineAndShapeRenderer.java,1171,return false;,0.0,10206,11201
996,S10064,XYLineAndShapeRenderer.java,1173,return true;,0.0,10206,11201
996,S10065,XYLineAndShapeRenderer.java,1186,stream.defaultReadObject();,0.0,10206,11201
996,S10066,XYLineAndShapeRenderer.java,1187,this.legendLine = SerialUtilities.readShape(stream);,0.0,10206,11201
996,S10067,XYLineAndShapeRenderer.java,1198,stream.defaultWriteObject();,0.0,10206,11201
996,S10068,XYLineAndShapeRenderer.java,1199,"SerialUtilities.writeShape(this.legendLine, stream);",0.0,10206,11201
996,S10069,XYPlot.java,282,"public static final Stroke DEFAULT_GRIDLINE_STROKE = new BasicStroke(0.5f,",0.0,10206,11201
996,S10070,XYPlot.java,287,public static final Paint DEFAULT_GRIDLINE_PAINT = Color.WHITE;,0.0,10206,11201
996,S10071,XYPlot.java,293,public static final Stroke DEFAULT_CROSSHAIR_STROKE,0.0,10206,11201
996,S10072,XYPlot.java,297,public static final Paint DEFAULT_CROSSHAIR_PAINT = Color.blue;,0.0,10206,11201
996,S10073,XYPlot.java,300,protected static ResourceBundle localizationResources,0.0,10206,11201
996,S10074,XYPlot.java,343,"private transient Point2D quadrantOrigin = new Point2D.Double(0.0, 0.0);",0.0,10206,11201
996,S10075,XYPlot.java,346,private transient Paint[] quadrantPaint,0.0,10206,11201
996,S10076,XYPlot.java,417,private boolean domainCrosshairLockedOnData = true;,0.0,10206,11201
996,S10077,XYPlot.java,435,private boolean rangeCrosshairLockedOnData = true;,0.0,10206,11201
996,S10078,XYPlot.java,472,private DatasetRenderingOrder datasetRenderingOrder,0.0,10206,11201
996,S10079,XYPlot.java,479,private SeriesRenderingOrder seriesRenderingOrder,0.0,10206,11201
996,S10080,XYPlot.java,499,"this(null, null, null, null);",0.0,10206,11201
996,S10081,XYPlot.java,518,super();,0.0,10206,11201
996,S10082,XYPlot.java,520,this.orientation = PlotOrientation.VERTICAL;,0.0,10206,11201
996,S10083,XYPlot.java,521,this.weight = 1;  // only relevant when this is a subplot,0.0,10206,11201
996,S10084,XYPlot.java,522,"this.axisOffset = new RectangleInsets(4.0, 4.0, 4.0, 4.0);",0.0,10206,11201
996,S10085,XYPlot.java,525,this.domainAxes = new ObjectList();,0.0,10206,11201
996,S10086,XYPlot.java,526,this.domainAxisLocations = new ObjectList();,0.0,10206,11201
996,S10087,XYPlot.java,527,this.foregroundDomainMarkers = new HashMap();,0.0,10206,11201
996,S10088,XYPlot.java,528,this.backgroundDomainMarkers = new HashMap();,0.0,10206,11201
996,S10089,XYPlot.java,530,this.rangeAxes = new ObjectList();,0.0,10206,11201
996,S10090,XYPlot.java,531,this.rangeAxisLocations = new ObjectList();,0.0,10206,11201
996,S10091,XYPlot.java,532,this.foregroundRangeMarkers = new HashMap();,0.0,10206,11201
996,S10092,XYPlot.java,533,this.backgroundRangeMarkers = new HashMap();,0.0,10206,11201
996,S10093,XYPlot.java,535,this.datasets = new ObjectList();,0.0,10206,11201
996,S10094,XYPlot.java,536,this.renderers = new ObjectList();,0.0,10206,11201
996,S10095,XYPlot.java,538,this.datasetToDomainAxisMap = new TreeMap();,0.0,10206,11201
996,S10096,XYPlot.java,539,this.datasetToRangeAxisMap = new TreeMap();,0.0,10206,11201
996,S10097,XYPlot.java,541,"this.datasets.set(0, dataset);",0.0,10206,11201
996,S10098,XYPlot.java,542,if (dataset != null) {,0.0,10206,11201
996,S10099,XYPlot.java,543,dataset.addChangeListener(this);,0.0,10206,11201
996,S10100,XYPlot.java,546,"this.renderers.set(0, renderer);",0.0,10206,11201
996,S10101,XYPlot.java,547,if (renderer != null) {,0.0,10206,11201
996,S10102,XYPlot.java,548,renderer.setPlot(this);,0.0,10206,11201
996,S10103,XYPlot.java,549,renderer.addChangeListener(this);,0.0,10206,11201
996,S10104,XYPlot.java,552,"this.domainAxes.set(0, domainAxis);",0.0,10206,11201
996,S10105,XYPlot.java,553,"this.mapDatasetToDomainAxis(0, 0);",0.0,10206,11201
996,S10106,XYPlot.java,554,if (domainAxis != null) {,0.0,10206,11201
996,S10107,XYPlot.java,555,domainAxis.setPlot(this);,0.0,10206,11201
996,S10108,XYPlot.java,556,domainAxis.addChangeListener(this);,0.0,10206,11201
996,S10109,XYPlot.java,558,"this.domainAxisLocations.set(0, AxisLocation.BOTTOM_OR_LEFT);",0.0,10206,11201
996,S10110,XYPlot.java,560,"this.rangeAxes.set(0, rangeAxis);",0.0,10206,11201
996,S10111,XYPlot.java,561,"this.mapDatasetToRangeAxis(0, 0);",0.0,10206,11201
996,S10112,XYPlot.java,562,if (rangeAxis != null) {,0.0,10206,11201
996,S10113,XYPlot.java,563,rangeAxis.setPlot(this);,0.0,10206,11201
996,S10114,XYPlot.java,564,rangeAxis.addChangeListener(this);,0.0,10206,11201
996,S10115,XYPlot.java,566,"this.rangeAxisLocations.set(0, AxisLocation.BOTTOM_OR_LEFT);",0.0,10206,11201
996,S10116,XYPlot.java,568,configureDomainAxes();,0.0,10206,11201
996,S10117,XYPlot.java,569,configureRangeAxes();,0.0,10206,11201
996,S10118,XYPlot.java,571,this.domainGridlinesVisible = true;,0.0,10206,11201
996,S10119,XYPlot.java,572,this.domainGridlineStroke = DEFAULT_GRIDLINE_STROKE;,0.0,10206,11201
996,S10120,XYPlot.java,573,this.domainGridlinePaint = DEFAULT_GRIDLINE_PAINT;,0.0,10206,11201
996,S10121,XYPlot.java,575,this.domainZeroBaselineVisible = false;,0.0,10206,11201
996,S10122,XYPlot.java,576,this.domainZeroBaselinePaint = Color.black;,0.0,10206,11201
996,S10123,XYPlot.java,577,this.domainZeroBaselineStroke = new BasicStroke(0.5f);,0.0,10206,11201
996,S10124,XYPlot.java,579,this.rangeGridlinesVisible = true;,0.0,10206,11201
996,S10125,XYPlot.java,580,this.rangeGridlineStroke = DEFAULT_GRIDLINE_STROKE;,0.0,10206,11201
996,S10126,XYPlot.java,581,this.rangeGridlinePaint = DEFAULT_GRIDLINE_PAINT;,0.0,10206,11201
996,S10127,XYPlot.java,583,this.rangeZeroBaselineVisible = false;,0.0,10206,11201
996,S10128,XYPlot.java,584,this.rangeZeroBaselinePaint = Color.black;,0.0,10206,11201
996,S10129,XYPlot.java,585,this.rangeZeroBaselineStroke = new BasicStroke(0.5f);,0.0,10206,11201
996,S10130,XYPlot.java,587,this.domainCrosshairVisible = false;,0.0,10206,11201
996,S10131,XYPlot.java,588,this.domainCrosshairValue = 0.0;,0.0,10206,11201
996,S10132,XYPlot.java,589,this.domainCrosshairStroke = DEFAULT_CROSSHAIR_STROKE;,0.0,10206,11201
996,S10133,XYPlot.java,590,this.domainCrosshairPaint = DEFAULT_CROSSHAIR_PAINT;,0.0,10206,11201
996,S10134,XYPlot.java,592,this.rangeCrosshairVisible = false;,0.0,10206,11201
996,S10135,XYPlot.java,593,this.rangeCrosshairValue = 0.0;,0.0,10206,11201
996,S10136,XYPlot.java,594,this.rangeCrosshairStroke = DEFAULT_CROSSHAIR_STROKE;,0.0,10206,11201
996,S10137,XYPlot.java,595,this.rangeCrosshairPaint = DEFAULT_CROSSHAIR_PAINT;,0.0,10206,11201
996,S10138,XYPlot.java,597,this.annotations = new java.util.ArrayList();,0.0,10206,11201
996,S10139,XYPlot.java,618,return this.orientation;,0.0,10206,11201
996,S10140,XYPlot.java,630,if (orientation == null) {,0.0,10206,11201
996,S10141,XYPlot.java,633,if (orientation != this.orientation) {,0.0,10206,11201
996,S10142,XYPlot.java,634,this.orientation = orientation;,0.0,10206,11201
996,S10143,XYPlot.java,635,notifyListeners(new PlotChangeEvent(this));,0.0,10206,11201
996,S10144,XYPlot.java,659,if (offset == null) {,0.0,10206,11201
996,S10145,XYPlot.java,662,this.axisOffset = offset;,0.0,10206,11201
996,S10146,XYPlot.java,663,notifyListeners(new PlotChangeEvent(this));,0.0,10206,11201
996,S10147,XYPlot.java,677,return getDomainAxis(0);,0.0,10206,11201
996,S10148,XYPlot.java,690,ValueAxis result = null;,0.0,10206,11201
996,S10149,XYPlot.java,691,if (index < this.domainAxes.size()) {,0.0,10206,11201
996,S10150,XYPlot.java,692,result = (ValueAxis) this.domainAxes.get(index);,0.0,10206,11201
996,S10151,XYPlot.java,694,if (result == null) {,0.0,10206,11201
996,S10152,XYPlot.java,695,Plot parent = getParent();,0.0,10206,11201
996,S10153,XYPlot.java,696,if (parent instanceof XYPlot) {,0.0,10206,11201
996,S10154,XYPlot.java,701,return result;,0.0,10206,11201
996,S10155,XYPlot.java,714,"setDomainAxis(0, axis);",0.0,10206,11201
996,S10156,XYPlot.java,728,"setDomainAxis(index, axis, true);",0.0,10206,11201
996,S10157,XYPlot.java,742,ValueAxis existing = getDomainAxis(index);,0.0,10206,11201
996,S10158,XYPlot.java,743,if (existing != null) {,0.0,10206,11201
996,S10159,XYPlot.java,746,if (axis != null) {,0.0,10206,11201
996,S10160,XYPlot.java,747,axis.setPlot(this);,0.0,10206,11201
996,S10161,XYPlot.java,749,"this.domainAxes.set(index, axis);",0.0,10206,11201
996,S10162,XYPlot.java,750,if (axis != null) {,0.0,10206,11201
996,S10163,XYPlot.java,751,axis.configure();,0.0,10206,11201
996,S10164,XYPlot.java,752,axis.addChangeListener(this);,0.0,10206,11201
996,S10165,XYPlot.java,754,if (notify) {,0.0,10206,11201
996,S10166,XYPlot.java,755,notifyListeners(new PlotChangeEvent(this));,0.0,10206,11201
996,S10167,XYPlot.java,782,return (AxisLocation) this.domainAxisLocations.get(0);,0.0,10206,11201
996,S10168,XYPlot.java,795,"setDomainAxisLocation(0, location, true);",0.0,10206,11201
996,S10169,XYPlot.java,822,"return Plot.resolveDomainAxisLocation(getDomainAxisLocation(),",0.0,10206,11201
996,S10170,XYPlot.java,858,for (int i = 0; i < this.domainAxes.size(); i++) {,0.0,10206,11201
996,S10171,XYPlot.java,859,ValueAxis axis = (ValueAxis) this.domainAxes.get(i);,0.0,10206,11201
996,S10172,XYPlot.java,860,if (axis != null) {,0.0,10206,11201
996,S10173,XYPlot.java,861,axis.configure();,0.0,10206,11201
996,S10174,XYPlot.java,878,AxisLocation result = null;,0.0,10206,11201
996,S10175,XYPlot.java,879,if (index < this.domainAxisLocations.size()) {,0.0,10206,11201
996,S10176,XYPlot.java,880,result = (AxisLocation) this.domainAxisLocations.get(index);,0.0,10206,11201
996,S10177,XYPlot.java,882,if (result == null) {,0.0,10206,11201
996,S10178,XYPlot.java,885,return result;,0.0,10206,11201
996,S10179,XYPlot.java,900,"setDomainAxisLocation(index, location, true);",0.0,10206,11201
996,S10180,XYPlot.java,920,if (index == 0 && location == null) {,0.0,10206,11201
996,S10181,XYPlot.java,924,"this.domainAxisLocations.set(index, location);",0.0,10206,11201
996,S10182,XYPlot.java,925,if (notify) {,0.0,10206,11201
996,S10183,XYPlot.java,926,notifyListeners(new PlotChangeEvent(this));,0.0,10206,11201
996,S10184,XYPlot.java,940,AxisLocation location = getDomainAxisLocation(index);,0.0,10206,11201
996,S10185,XYPlot.java,941,"RectangleEdge result = Plot.resolveDomainAxisLocation(location,",0.0,10206,11201
996,S10186,XYPlot.java,943,if (result == null) {,0.0,10206,11201
996,S10187,XYPlot.java,946,return result;,0.0,10206,11201
996,S10188,XYPlot.java,960,return getRangeAxis(0);,0.0,10206,11201
996,S10189,XYPlot.java,974,if (axis != null) {,0.0,10206,11201
996,S10190,XYPlot.java,975,axis.setPlot(this);,0.0,10206,11201
996,S10191,XYPlot.java,979,ValueAxis existing = getRangeAxis();,0.0,10206,11201
996,S10192,XYPlot.java,980,if (existing != null) {,0.0,10206,11201
996,S10193,XYPlot.java,981,existing.removeChangeListener(this);,0.0,10206,11201
996,S10194,XYPlot.java,984,"this.rangeAxes.set(0, axis);",0.0,10206,11201
996,S10195,XYPlot.java,985,if (axis != null) {,0.0,10206,11201
996,S10196,XYPlot.java,986,axis.configure();,0.0,10206,11201
996,S10197,XYPlot.java,987,axis.addChangeListener(this);,0.0,10206,11201
996,S10198,XYPlot.java,989,notifyListeners(new PlotChangeEvent(this));,0.0,10206,11201
996,S10199,XYPlot.java,1001,return (AxisLocation) this.rangeAxisLocations.get(0);,0.0,10206,11201
996,S10200,XYPlot.java,1014,"setRangeAxisLocation(0, location, true);",0.0,10206,11201
996,S10201,XYPlot.java,1040,"return Plot.resolveRangeAxisLocation(getRangeAxisLocation(),",0.0,10206,11201
996,S10202,XYPlot.java,1054,ValueAxis result = null;,0.0,10206,11201
996,S10203,XYPlot.java,1055,if (index < this.rangeAxes.size()) {,0.0,10206,11201
996,S10204,XYPlot.java,1056,result = (ValueAxis) this.rangeAxes.get(index);,0.0,10206,11201
996,S10205,XYPlot.java,1058,if (result == null) {,0.0,10206,11201
996,S10206,XYPlot.java,1059,Plot parent = getParent();,0.0,10206,11201
996,S10207,XYPlot.java,1060,if (parent instanceof XYPlot) {,0.0,10206,11201
996,S10208,XYPlot.java,1065,return result;,0.0,10206,11201
996,S10209,XYPlot.java,1078,"setRangeAxis(index, axis, true);",0.0,10206,11201
996,S10210,XYPlot.java,1092,ValueAxis existing = getRangeAxis(index);,0.0,10206,11201
996,S10211,XYPlot.java,1093,if (existing != null) {,0.0,10206,11201
996,S10212,XYPlot.java,1096,if (axis != null) {,0.0,10206,11201
996,S10213,XYPlot.java,1097,axis.setPlot(this);,0.0,10206,11201
996,S10214,XYPlot.java,1099,"this.rangeAxes.set(index, axis);",0.0,10206,11201
996,S10215,XYPlot.java,1100,if (axis != null) {,0.0,10206,11201
996,S10216,XYPlot.java,1101,axis.configure();,0.0,10206,11201
996,S10217,XYPlot.java,1102,axis.addChangeListener(this);,0.0,10206,11201
996,S10218,XYPlot.java,1104,if (notify) {,0.0,10206,11201
996,S10219,XYPlot.java,1105,notifyListeners(new PlotChangeEvent(this));,0.0,10206,11201
996,S10220,XYPlot.java,1158,for (int i = 0; i < this.rangeAxes.size(); i++) {,0.0,10206,11201
996,S10221,XYPlot.java,1159,ValueAxis axis = (ValueAxis) this.rangeAxes.get(i);,0.0,10206,11201
996,S10222,XYPlot.java,1160,if (axis != null) {,0.0,10206,11201
996,S10223,XYPlot.java,1161,axis.configure();,0.0,10206,11201
996,S10224,XYPlot.java,1178,AxisLocation result = null;,0.0,10206,11201
996,S10225,XYPlot.java,1179,if (index < this.rangeAxisLocations.size()) {,0.0,10206,11201
996,S10226,XYPlot.java,1180,result = (AxisLocation) this.rangeAxisLocations.get(index);,0.0,10206,11201
996,S10227,XYPlot.java,1182,if (result == null) {,0.0,10206,11201
996,S10228,XYPlot.java,1185,return result;,0.0,10206,11201
996,S10229,XYPlot.java,1199,"setRangeAxisLocation(index, location, true);",0.0,10206,11201
996,S10230,XYPlot.java,1219,if (index == 0 && location == null) {,0.0,10206,11201
996,S10231,XYPlot.java,1223,"this.rangeAxisLocations.set(index, location);",0.0,10206,11201
996,S10232,XYPlot.java,1224,if (notify) {,0.0,10206,11201
996,S10233,XYPlot.java,1225,notifyListeners(new PlotChangeEvent(this));,0.0,10206,11201
996,S10234,XYPlot.java,1240,AxisLocation location = getRangeAxisLocation(index);,0.0,10206,11201
996,S10235,XYPlot.java,1241,"RectangleEdge result = Plot.resolveRangeAxisLocation(location,",0.0,10206,11201
996,S10236,XYPlot.java,1243,if (result == null) {,0.0,10206,11201
996,S10237,XYPlot.java,1246,return result;,0.0,10206,11201
996,S10238,XYPlot.java,1271,XYDataset result = null;,0.0,10206,11201
996,S10239,XYPlot.java,1272,if (this.datasets.size() > index) {,0.0,10206,11201
996,S10240,XYPlot.java,1273,result = (XYDataset) this.datasets.get(index);,0.0,10206,11201
996,S10241,XYPlot.java,1275,return result;,0.0,10206,11201
996,S10242,XYPlot.java,1288,"setDataset(0, dataset);",0.0,10206,11201
996,S10243,XYPlot.java,1300,XYDataset existing = getDataset(index);,0.0,10206,11201
996,S10244,XYPlot.java,1301,if (existing != null) {,0.0,10206,11201
996,S10245,XYPlot.java,1302,existing.removeChangeListener(this);,0.0,10206,11201
996,S10246,XYPlot.java,1304,"this.datasets.set(index, dataset);",0.0,10206,11201
996,S10247,XYPlot.java,1305,if (dataset != null) {,0.0,10206,11201
996,S10248,XYPlot.java,1306,dataset.addChangeListener(this);,0.0,10206,11201
996,S10249,XYPlot.java,1310,"DatasetChangeEvent event = new DatasetChangeEvent(this, dataset);",0.0,10206,11201
996,S10250,XYPlot.java,1311,datasetChanged(event);,0.0,10206,11201
996,S10251,XYPlot.java,1320,return this.datasets.size();,0.0,10206,11201
996,S10252,XYPlot.java,1332,int result = -1;,0.0,10206,11201
996,S10253,XYPlot.java,1333,for (int i = 0; i < this.datasets.size(); i++) {,0.0,10206,11201
996,S10254,XYPlot.java,1334,if (dataset == this.datasets.get(i)) {,0.0,10206,11201
996,S10255,XYPlot.java,1335,result = i;,0.0,10206,11201
996,S10256,XYPlot.java,1336,break;,0.0,10206,11201
996,S10257,XYPlot.java,1339,return result;,0.0,10206,11201
996,S10258,XYPlot.java,1352,"this.datasetToDomainAxisMap.put(new Integer(index),",0.0,10206,11201
996,S10259,XYPlot.java,1355,"datasetChanged(new DatasetChangeEvent(this, getDataset(index)));",0.0,10206,11201
996,S10260,XYPlot.java,1368,"this.datasetToRangeAxisMap.put(new Integer(index),",0.0,10206,11201
996,S10261,XYPlot.java,1371,"datasetChanged(new DatasetChangeEvent(this, getDataset(index)));",0.0,10206,11201
996,S10262,XYPlot.java,1382,return getRenderer(0);,0.0,10206,11201
996,S10263,XYPlot.java,1395,XYItemRenderer result = null;,0.0,10206,11201
996,S10264,XYPlot.java,1396,if (this.renderers.size() > index) {,0.0,10206,11201
996,S10265,XYPlot.java,1397,result = (XYItemRenderer) this.renderers.get(index);,0.0,10206,11201
996,S10266,XYPlot.java,1399,return result;,0.0,10206,11201
996,S10267,XYPlot.java,1413,"setRenderer(0, renderer);",0.0,10206,11201
996,S10268,XYPlot.java,1426,"setRenderer(index, renderer, true);",0.0,10206,11201
996,S10269,XYPlot.java,1441,XYItemRenderer existing = getRenderer(index);,0.0,10206,11201
996,S10270,XYPlot.java,1442,if (existing != null) {,0.0,10206,11201
996,S10271,XYPlot.java,1443,existing.removeChangeListener(this);,0.0,10206,11201
996,S10272,XYPlot.java,1445,"this.renderers.set(index, renderer);",0.0,10206,11201
996,S10273,XYPlot.java,1446,if (renderer != null) {,0.0,10206,11201
996,S10274,XYPlot.java,1447,renderer.setPlot(this);,0.0,10206,11201
996,S10275,XYPlot.java,1448,renderer.addChangeListener(this);,0.0,10206,11201
996,S10276,XYPlot.java,1450,configureDomainAxes();,0.0,10206,11201
996,S10277,XYPlot.java,1451,configureRangeAxes();,0.0,10206,11201
996,S10278,XYPlot.java,1452,if (notify) {,0.0,10206,11201
996,S10279,XYPlot.java,1453,notifyListeners(new PlotChangeEvent(this));,0.0,10206,11201
996,S10280,XYPlot.java,1478,return this.datasetRenderingOrder;,0.0,10206,11201
996,S10281,XYPlot.java,1507,return this.seriesRenderingOrder;,0.0,10206,11201
996,S10282,XYPlot.java,1550,XYItemRenderer result = null;,0.0,10206,11201
996,S10283,XYPlot.java,1551,for (int i = 0; i < this.datasets.size(); i++) {,0.0,10206,11201
996,S10284,XYPlot.java,1552,if (this.datasets.get(i) == dataset) {,0.0,10206,11201
996,S10285,XYPlot.java,1553,result = (XYItemRenderer) this.renderers.get(i);,0.0,10206,11201
996,S10286,XYPlot.java,1554,if (result == null) {,0.0,10206,11201
996,S10287,XYPlot.java,1555,result = getRenderer();,0.0,10206,11201
996,S10288,XYPlot.java,1560,return result;,0.0,10206,11201
996,S10289,XYPlot.java,1584,this.weight = weight;,0.0,10206,11201
996,S10290,XYPlot.java,1585,notifyListeners(new PlotChangeEvent(this));,0.0,10206,11201
996,S10291,XYPlot.java,1597,return this.domainGridlinesVisible;,0.0,10206,11201
996,S10292,XYPlot.java,1612,if (this.domainGridlinesVisible != visible) {,0.0,10206,11201
996,S10293,XYPlot.java,1613,this.domainGridlinesVisible = visible;,0.0,10206,11201
996,S10294,XYPlot.java,1614,notifyListeners(new PlotChangeEvent(this));,0.0,10206,11201
996,S10295,XYPlot.java,1627,return this.domainGridlineStroke;,0.0,10206,11201
996,S10296,XYPlot.java,1644,if (stroke == null) {,0.0,10206,11201
996,S10297,XYPlot.java,1647,this.domainGridlineStroke = stroke;,0.0,10206,11201
996,S10298,XYPlot.java,1648,notifyListeners(new PlotChangeEvent(this));,0.0,10206,11201
996,S10299,XYPlot.java,1660,return this.domainGridlinePaint;,0.0,10206,11201
996,S10300,XYPlot.java,1675,if (paint == null) {,0.0,10206,11201
996,S10301,XYPlot.java,1678,this.domainGridlinePaint = paint;,0.0,10206,11201
996,S10302,XYPlot.java,1679,notifyListeners(new PlotChangeEvent(this));,0.0,10206,11201
996,S10303,XYPlot.java,1691,return this.rangeGridlinesVisible;,0.0,10206,11201
996,S10304,XYPlot.java,1706,if (this.rangeGridlinesVisible != visible) {,0.0,10206,11201
996,S10305,XYPlot.java,1707,this.rangeGridlinesVisible = visible;,0.0,10206,11201
996,S10306,XYPlot.java,1708,notifyListeners(new PlotChangeEvent(this));,0.0,10206,11201
996,S10307,XYPlot.java,1721,return this.rangeGridlineStroke;,0.0,10206,11201
996,S10308,XYPlot.java,1733,if (stroke == null) {,0.0,10206,11201
996,S10309,XYPlot.java,1736,this.rangeGridlineStroke = stroke;,0.0,10206,11201
996,S10310,XYPlot.java,1737,notifyListeners(new PlotChangeEvent(this));,0.0,10206,11201
996,S10311,XYPlot.java,1749,return this.rangeGridlinePaint;,0.0,10206,11201
996,S10312,XYPlot.java,1761,if (paint == null) {,0.0,10206,11201
996,S10313,XYPlot.java,1764,this.rangeGridlinePaint = paint;,0.0,10206,11201
996,S10314,XYPlot.java,1765,notifyListeners(new PlotChangeEvent(this));,0.0,10206,11201
996,S10315,XYPlot.java,1779,return this.domainZeroBaselineVisible;,0.0,10206,11201
996,S10316,XYPlot.java,1870,return this.rangeZeroBaselineVisible;,0.0,10206,11201
996,S10317,XYPlot.java,1883,this.rangeZeroBaselineVisible = visible;,0.0,10206,11201
996,S10318,XYPlot.java,1884,notifyListeners(new PlotChangeEvent(this));,0.0,10206,11201
996,S10319,XYPlot.java,1907,if (stroke == null) {,0.0,10206,11201
996,S10320,XYPlot.java,1910,this.rangeZeroBaselineStroke = stroke;,0.0,10206,11201
996,S10321,XYPlot.java,1911,notifyListeners(new PlotChangeEvent(this));,0.0,10206,11201
996,S10322,XYPlot.java,1935,if (paint == null) {,0.0,10206,11201
996,S10323,XYPlot.java,1938,this.rangeZeroBaselinePaint = paint;,0.0,10206,11201
996,S10324,XYPlot.java,1939,notifyListeners(new PlotChangeEvent(this));,0.0,10206,11201
996,S10325,XYPlot.java,1951,return this.domainTickBandPaint;,0.0,10206,11201
996,S10326,XYPlot.java,1975,return this.rangeTickBandPaint;,0.0,10206,11201
996,S10327,XYPlot.java,1999,return this.quadrantOrigin;,0.0,10206,11201
996,S10328,XYPlot.java,2011,if (origin == null) {,0.0,10206,11201
996,S10329,XYPlot.java,2014,this.quadrantOrigin = origin;,0.0,10206,11201
996,S10330,XYPlot.java,2015,notifyListeners(new PlotChangeEvent(this));,0.0,10206,11201
996,S10331,XYPlot.java,2045,if (index < 0 || index > 3) {,0.0,10206,11201
996,S10332,XYPlot.java,2049,this.quadrantPaint[index] = paint;,0.0,10206,11201
996,S10333,XYPlot.java,2050,notifyListeners(new PlotChangeEvent(this));,0.0,10206,11201
996,S10334,XYPlot.java,2067,"addDomainMarker(marker, Layer.FOREGROUND);",0.0,10206,11201
996,S10335,XYPlot.java,2083,"addDomainMarker(0, marker, layer);",0.0,10206,11201
996,S10336,XYPlot.java,2093,if (this.backgroundDomainMarkers != null) {,0.0,10206,11201
996,S10337,XYPlot.java,2094,Set keys = this.backgroundDomainMarkers.keySet();,0.0,10206,11201
996,S10338,XYPlot.java,2095,Iterator iterator = keys.iterator();,0.0,10206,11201
996,S10339,XYPlot.java,2096,while (iterator.hasNext()) {,0.0,10206,11201
996,S10340,XYPlot.java,2100,this.backgroundDomainMarkers.clear();,0.0,10206,11201
996,S10341,XYPlot.java,2102,if (this.foregroundDomainMarkers != null) {,0.0,10206,11201
996,S10342,XYPlot.java,2103,Set keys = this.foregroundDomainMarkers.keySet();,0.0,10206,11201
996,S10343,XYPlot.java,2104,Iterator iterator = keys.iterator();,0.0,10206,11201
996,S10344,XYPlot.java,2105,while (iterator.hasNext()) {,0.0,10206,11201
996,S10345,XYPlot.java,2106,Integer key = (Integer) iterator.next();,0.0,10206,11201
996,S10346,XYPlot.java,2107,clearDomainMarkers(key.intValue());,0.0,10206,11201
996,S10347,XYPlot.java,2109,this.foregroundDomainMarkers.clear();,0.0,10206,11201
996,S10348,XYPlot.java,2111,notifyListeners(new PlotChangeEvent(this));,0.0,10206,11201
996,S10349,XYPlot.java,2123,Integer key = new Integer(index);,0.0,10206,11201
996,S10350,XYPlot.java,2124,if (this.backgroundDomainMarkers != null) {,0.0,10206,11201
996,S10351,XYPlot.java,2125,Collection markers,0.0,10206,11201
996,S10352,XYPlot.java,2127,if (markers != null) {,0.0,10206,11201
996,S10353,XYPlot.java,2136,if (this.foregroundRangeMarkers != null) {,0.0,10206,11201
996,S10354,XYPlot.java,2137,Collection markers,0.0,10206,11201
996,S10355,XYPlot.java,2139,if (markers != null) {,0.0,10206,11201
996,S10356,XYPlot.java,2140,Iterator iterator = markers.iterator();,0.0,10206,11201
996,S10357,XYPlot.java,2141,while (iterator.hasNext()) {,0.0,10206,11201
996,S10358,XYPlot.java,2142,Marker m = (Marker) iterator.next();,0.0,10206,11201
996,S10359,XYPlot.java,2143,m.removeChangeListener(this);,0.0,10206,11201
996,S10360,XYPlot.java,2145,markers.clear();,0.0,10206,11201
996,S10361,XYPlot.java,2148,notifyListeners(new PlotChangeEvent(this));,0.0,10206,11201
996,S10362,XYPlot.java,2167,if (marker == null) {,0.0,10206,11201
996,S10363,XYPlot.java,2170,if (layer == null) {,0.0,10206,11201
996,S10364,XYPlot.java,2174,if (layer == Layer.FOREGROUND) {,0.0,10206,11201
996,S10365,XYPlot.java,2175,markers = (Collection) this.foregroundDomainMarkers.get(,0.0,10206,11201
996,S10366,XYPlot.java,2177,if (markers == null) {,0.0,10206,11201
996,S10367,XYPlot.java,2178,markers = new java.util.ArrayList();,0.0,10206,11201
996,S10368,XYPlot.java,2179,"this.foregroundDomainMarkers.put(new Integer(index), markers);",0.0,10206,11201
996,S10369,XYPlot.java,2181,markers.add(marker);,0.0,10206,11201
996,S10370,XYPlot.java,2183,else if (layer == Layer.BACKGROUND) {,0.0,10206,11201
996,S10371,XYPlot.java,2184,markers = (Collection) this.backgroundDomainMarkers.get(,0.0,10206,11201
996,S10372,XYPlot.java,2186,if (markers == null) {,0.0,10206,11201
996,S10373,XYPlot.java,2187,markers = new java.util.ArrayList();,0.0,10206,11201
996,S10374,XYPlot.java,2188,"this.backgroundDomainMarkers.put(new Integer(index), markers);",0.0,10206,11201
996,S10375,XYPlot.java,2190,markers.add(marker);,0.0,10206,11201
996,S10376,XYPlot.java,2192,marker.addChangeListener(this);,0.0,10206,11201
996,S10377,XYPlot.java,2193,notifyListeners(new PlotChangeEvent(this));,0.0,10206,11201
996,S10378,XYPlot.java,2269,"addRangeMarker(marker, Layer.FOREGROUND);",0.0,10206,11201
996,S10379,XYPlot.java,2285,"addRangeMarker(0, marker, layer);",0.0,10206,11201
996,S10380,XYPlot.java,2295,if (this.backgroundRangeMarkers != null) {,0.0,10206,11201
996,S10381,XYPlot.java,2296,Set keys = this.backgroundRangeMarkers.keySet();,0.0,10206,11201
996,S10382,XYPlot.java,2297,Iterator iterator = keys.iterator();,0.0,10206,11201
996,S10383,XYPlot.java,2298,while (iterator.hasNext()) {,0.0,10206,11201
996,S10384,XYPlot.java,2302,this.backgroundRangeMarkers.clear();,0.0,10206,11201
996,S10385,XYPlot.java,2304,if (this.foregroundRangeMarkers != null) {,0.0,10206,11201
996,S10386,XYPlot.java,2305,Set keys = this.foregroundRangeMarkers.keySet();,0.0,10206,11201
996,S10387,XYPlot.java,2306,Iterator iterator = keys.iterator();,0.0,10206,11201
996,S10388,XYPlot.java,2307,while (iterator.hasNext()) {,0.0,10206,11201
996,S10389,XYPlot.java,2308,Integer key = (Integer) iterator.next();,0.0,10206,11201
996,S10390,XYPlot.java,2309,clearRangeMarkers(key.intValue());,0.0,10206,11201
996,S10391,XYPlot.java,2311,this.foregroundRangeMarkers.clear();,0.0,10206,11201
996,S10392,XYPlot.java,2313,notifyListeners(new PlotChangeEvent(this));,0.0,10206,11201
996,S10393,XYPlot.java,2332,if (layer == Layer.FOREGROUND) {,0.0,10206,11201
996,S10394,XYPlot.java,2333,markers = (Collection) this.foregroundRangeMarkers.get(,0.0,10206,11201
996,S10395,XYPlot.java,2335,if (markers == null) {,0.0,10206,11201
996,S10396,XYPlot.java,2336,markers = new java.util.ArrayList();,0.0,10206,11201
996,S10397,XYPlot.java,2337,"this.foregroundRangeMarkers.put(new Integer(index), markers);",0.0,10206,11201
996,S10398,XYPlot.java,2339,markers.add(marker);,0.0,10206,11201
996,S10399,XYPlot.java,2341,else if (layer == Layer.BACKGROUND) {,0.0,10206,11201
996,S10400,XYPlot.java,2342,markers = (Collection) this.backgroundRangeMarkers.get(,0.0,10206,11201
996,S10401,XYPlot.java,2344,if (markers == null) {,0.0,10206,11201
996,S10402,XYPlot.java,2345,markers = new java.util.ArrayList();,0.0,10206,11201
996,S10403,XYPlot.java,2346,"this.backgroundRangeMarkers.put(new Integer(index), markers);",0.0,10206,11201
996,S10404,XYPlot.java,2348,markers.add(marker);,0.0,10206,11201
996,S10405,XYPlot.java,2350,marker.addChangeListener(this);,0.0,10206,11201
996,S10406,XYPlot.java,2351,notifyListeners(new PlotChangeEvent(this));,0.0,10206,11201
996,S10407,XYPlot.java,2361,Integer key = new Integer(index);,0.0,10206,11201
996,S10408,XYPlot.java,2362,if (this.backgroundRangeMarkers != null) {,0.0,10206,11201
996,S10409,XYPlot.java,2363,Collection markers,0.0,10206,11201
996,S10410,XYPlot.java,2365,if (markers != null) {,0.0,10206,11201
996,S10411,XYPlot.java,2374,if (this.foregroundRangeMarkers != null) {,0.0,10206,11201
996,S10412,XYPlot.java,2375,Collection markers,0.0,10206,11201
996,S10413,XYPlot.java,2377,if (markers != null) {,0.0,10206,11201
996,S10414,XYPlot.java,2378,Iterator iterator = markers.iterator();,0.0,10206,11201
996,S10415,XYPlot.java,2379,while (iterator.hasNext()) {,0.0,10206,11201
996,S10416,XYPlot.java,2380,Marker m = (Marker) iterator.next();,0.0,10206,11201
996,S10417,XYPlot.java,2381,m.removeChangeListener(this);,0.0,10206,11201
996,S10418,XYPlot.java,2383,markers.clear();,0.0,10206,11201
996,S10419,XYPlot.java,2386,notifyListeners(new PlotChangeEvent(this));,0.0,10206,11201
996,S10420,XYPlot.java,2464,if (annotation == null) {,0.0,10206,11201
996,S10421,XYPlot.java,2467,this.annotations.add(annotation);,0.0,10206,11201
996,S10422,XYPlot.java,2468,notifyListeners(new PlotChangeEvent(this));,0.0,10206,11201
996,S10423,XYPlot.java,2483,if (annotation == null) {,0.0,10206,11201
996,S10424,XYPlot.java,2486,boolean removed = this.annotations.remove(annotation);,0.0,10206,11201
996,S10425,XYPlot.java,2487,if (removed) {,0.0,10206,11201
996,S10426,XYPlot.java,2488,notifyListeners(new PlotChangeEvent(this));,0.0,10206,11201
996,S10427,XYPlot.java,2490,return removed;,0.0,10206,11201
996,S10428,XYPlot.java,2503,return new ArrayList(this.annotations);,0.0,10206,11201
996,S10429,XYPlot.java,2527,AxisSpace space = new AxisSpace();,0.0,10206,11201
996,S10430,XYPlot.java,2528,"space = calculateDomainAxisSpace(g2, plotArea, space);",0.0,10206,11201
996,S10431,XYPlot.java,2529,"space = calculateRangeAxisSpace(g2, plotArea, space);",0.0,10206,11201
996,S10432,XYPlot.java,2530,return space;,0.0,10206,11201
996,S10433,XYPlot.java,2546,if (space == null) {,0.0,10206,11201
996,S10434,XYPlot.java,2551,if (this.fixedDomainAxisSpace != null) {,0.0,10206,11201
996,S10435,XYPlot.java,2567,for (int i = 0; i < this.domainAxes.size(); i++) {,0.0,10206,11201
996,S10436,XYPlot.java,2568,Axis axis = (Axis) this.domainAxes.get(i);,0.0,10206,11201
996,S10437,XYPlot.java,2569,if (axis != null) {,0.0,10206,11201
996,S10438,XYPlot.java,2570,RectangleEdge edge = getDomainAxisEdge(i);,0.0,10206,11201
996,S10439,XYPlot.java,2571,"space = axis.reserveSpace(g2, this, plotArea, edge, space);",0.0,10206,11201
996,S10440,XYPlot.java,2576,return space;,0.0,10206,11201
996,S10441,XYPlot.java,2593,if (space == null) {,0.0,10206,11201
996,S10442,XYPlot.java,2598,if (this.fixedRangeAxisSpace != null) {,0.0,10206,11201
996,S10443,XYPlot.java,2614,for (int i = 0; i < this.rangeAxes.size(); i++) {,0.0,10206,11201
996,S10444,XYPlot.java,2615,Axis axis = (Axis) this.rangeAxes.get(i);,0.0,10206,11201
996,S10445,XYPlot.java,2616,if (axis != null) {,0.0,10206,11201
996,S10446,XYPlot.java,2617,RectangleEdge edge = getRangeAxisEdge(i);,0.0,10206,11201
996,S10447,XYPlot.java,2618,"space = axis.reserveSpace(g2, this, plotArea, edge, space);",0.0,10206,11201
996,S10448,XYPlot.java,2622,return space;,0.0,10206,11201
996,S10449,XYPlot.java,2645,boolean b1 = (area.getWidth() <= MINIMUM_WIDTH_TO_DRAW);,0.0,10206,11201
996,S10450,XYPlot.java,2646,boolean b2 = (area.getHeight() <= MINIMUM_HEIGHT_TO_DRAW);,0.0,10206,11201
996,S10451,XYPlot.java,2647,if (b1 || b2) {,0.0,10206,11201
996,S10452,XYPlot.java,2652,if (info != null) {,0.0,10206,11201
996,S10453,XYPlot.java,2653,info.setPlotArea(area);,0.0,10206,11201
996,S10454,XYPlot.java,2657,RectangleInsets insets = getInsets();,0.0,10206,11201
996,S10455,XYPlot.java,2658,insets.trim(area);,0.0,10206,11201
996,S10456,XYPlot.java,2660,"AxisSpace space = calculateAxisSpace(g2, area);",0.0,10206,11201
996,S10457,XYPlot.java,2661,"Rectangle2D dataArea = space.shrink(area, null);",0.0,10206,11201
996,S10458,XYPlot.java,2662,this.axisOffset.trim(dataArea);,0.0,10206,11201
996,S10459,XYPlot.java,2664,if (info != null) {,0.0,10206,11201
996,S10460,XYPlot.java,2665,info.setDataArea(dataArea);,0.0,10206,11201
996,S10461,XYPlot.java,2669,"drawBackground(g2, dataArea);",0.0,10206,11201
996,S10462,XYPlot.java,2670,"Map axisStateMap = drawAxes(g2, area, dataArea, info);",0.0,10206,11201
996,S10463,XYPlot.java,2672,PlotOrientation orient = getOrientation();,0.0,10206,11201
996,S10464,XYPlot.java,2676,if (anchor != null && !dataArea.contains(anchor)) {,0.0,10206,11201
996,S10465,XYPlot.java,2679,CrosshairState crosshairState = new CrosshairState();,0.0,10206,11201
996,S10466,XYPlot.java,2680,crosshairState.setCrosshairDistance(Double.POSITIVE_INFINITY);,0.0,10206,11201
996,S10467,XYPlot.java,2681,crosshairState.setAnchor(anchor);,0.0,10206,11201
996,S10468,XYPlot.java,2683,crosshairState.setAnchorX(Double.NaN);,0.0,10206,11201
996,S10469,XYPlot.java,2684,crosshairState.setAnchorY(Double.NaN);,0.0,10206,11201
996,S10470,XYPlot.java,2685,if (anchor != null) {,0.0,10206,11201
996,S10471,XYPlot.java,2713,crosshairState.setCrosshairX(getDomainCrosshairValue());,0.0,10206,11201
996,S10472,XYPlot.java,2714,crosshairState.setCrosshairY(getRangeCrosshairValue());,0.0,10206,11201
996,S10473,XYPlot.java,2715,Shape originalClip = g2.getClip();,0.0,10206,11201
996,S10474,XYPlot.java,2716,Composite originalComposite = g2.getComposite();,0.0,10206,11201
996,S10475,XYPlot.java,2718,g2.clip(dataArea);,0.0,10206,11201
996,S10476,XYPlot.java,2719,"g2.setComposite(AlphaComposite.getInstance(AlphaComposite.SRC_OVER,",0.0,10206,11201
996,S10477,XYPlot.java,2722,AxisState domainAxisState = (AxisState) axisStateMap.get(,0.0,10206,11201
996,S10478,XYPlot.java,2724,if (domainAxisState == null) {,0.0,10206,11201
996,S10479,XYPlot.java,2731,AxisState rangeAxisState = (AxisState) axisStateMap.get(getRangeAxis());,0.0,10206,11201
996,S10480,XYPlot.java,2732,if (rangeAxisState == null) {,0.0,10206,11201
996,S10481,XYPlot.java,2738,if (domainAxisState != null) {,0.0,10206,11201
996,S10482,XYPlot.java,2739,"drawDomainTickBands(g2, dataArea, domainAxisState.getTicks());",0.0,10206,11201
996,S10483,XYPlot.java,2741,if (rangeAxisState != null) {,0.0,10206,11201
996,S10484,XYPlot.java,2742,"drawRangeTickBands(g2, dataArea, rangeAxisState.getTicks());",0.0,10206,11201
996,S10485,XYPlot.java,2744,if (domainAxisState != null) {,0.0,10206,11201
996,S10486,XYPlot.java,2745,"drawDomainGridlines(g2, dataArea, domainAxisState.getTicks());",0.0,10206,11201
996,S10487,XYPlot.java,2746,"drawZeroDomainBaseline(g2, dataArea);",0.0,10206,11201
996,S10488,XYPlot.java,2748,if (rangeAxisState != null) {,0.0,10206,11201
996,S10489,XYPlot.java,2749,"drawRangeGridlines(g2, dataArea, rangeAxisState.getTicks());",0.0,10206,11201
996,S10490,XYPlot.java,2750,"drawZeroRangeBaseline(g2, dataArea);",0.0,10206,11201
996,S10491,XYPlot.java,2754,for (int i = 0; i < this.renderers.size(); i++) {,0.0,10206,11201
996,S10492,XYPlot.java,2755,"drawDomainMarkers(g2, dataArea, i, Layer.BACKGROUND);",0.0,10206,11201
996,S10493,XYPlot.java,2757,for (int i = 0; i < this.renderers.size(); i++) {,0.0,10206,11201
996,S10494,XYPlot.java,2758,"drawRangeMarkers(g2, dataArea, i, Layer.BACKGROUND);",0.0,10206,11201
996,S10495,XYPlot.java,2762,boolean foundData = false;,0.0,10206,11201
996,S10496,XYPlot.java,2763,DatasetRenderingOrder order = getDatasetRenderingOrder();,0.0,10206,11201
996,S10497,XYPlot.java,2764,if (order == DatasetRenderingOrder.FORWARD) {,0.0,10206,11201
996,S10498,XYPlot.java,2796,else if (order == DatasetRenderingOrder.REVERSE) {,0.0,10206,11201
996,S10499,XYPlot.java,2799,int rendererCount = this.renderers.size();,0.0,10206,11201
996,S10500,XYPlot.java,2800,for (int i = rendererCount - 1; i >= 0; i--) {,0.0,10206,11201
996,S10501,XYPlot.java,2801,XYItemRenderer r = getRenderer(i);,0.0,10206,11201
996,S10502,XYPlot.java,2802,if (i >= getDatasetCount()) { // we need the dataset to make,0.0,10206,11201
996,S10503,XYPlot.java,2803,continue;                 // a link to the axes,0.0,10206,11201
996,S10504,XYPlot.java,2805,if (r != null) {,0.0,10206,11201
996,S10505,XYPlot.java,2806,ValueAxis domainAxis = getDomainAxisForDataset(i);,0.0,10206,11201
996,S10506,XYPlot.java,2807,ValueAxis rangeAxis = getRangeAxisForDataset(i);,0.0,10206,11201
996,S10507,XYPlot.java,2808,"r.drawAnnotations(g2, dataArea, domainAxis, rangeAxis,",0.0,10206,11201
996,S10508,XYPlot.java,2813,for (int i = getDatasetCount() - 1; i >= 0; i--) {,0.0,10206,11201
996,S10509,XYPlot.java,2814,"foundData = render(g2, dataArea, i, info, crosshairState)",0.0,10206,11201
996,S10510,XYPlot.java,2819,for (int i = rendererCount - 1; i >= 0; i--) {,0.0,10206,11201
996,S10511,XYPlot.java,2820,XYItemRenderer r = getRenderer(i);,0.0,10206,11201
996,S10512,XYPlot.java,2821,if (i >= getDatasetCount()) { // we need the dataset to make,0.0,10206,11201
996,S10513,XYPlot.java,2822,continue;                 // a link to the axes,0.0,10206,11201
996,S10514,XYPlot.java,2824,if (r != null) {,0.0,10206,11201
996,S10515,XYPlot.java,2825,ValueAxis domainAxis = getDomainAxisForDataset(i);,0.0,10206,11201
996,S10516,XYPlot.java,2826,ValueAxis rangeAxis = getRangeAxisForDataset(i);,0.0,10206,11201
996,S10517,XYPlot.java,2827,"r.drawAnnotations(g2, dataArea, domainAxis, rangeAxis,",0.0,10206,11201
996,S10518,XYPlot.java,2835,int xAxisIndex = crosshairState.getDomainAxisIndex();,0.0,10206,11201
996,S10519,XYPlot.java,2836,ValueAxis xAxis = getDomainAxis(xAxisIndex);,0.0,10206,11201
996,S10520,XYPlot.java,2837,RectangleEdge xAxisEdge = getDomainAxisEdge(xAxisIndex);,0.0,10206,11201
996,S10521,XYPlot.java,2838,if (!this.domainCrosshairLockedOnData && anchor != null) {,0.0,10206,11201
996,S10522,XYPlot.java,2848,"setDomainCrosshairValue(crosshairState.getCrosshairX(), false);",0.0,10206,11201
996,S10523,XYPlot.java,2849,if (isDomainCrosshairVisible()) {,0.0,10206,11201
996,S10524,XYPlot.java,2857,int yAxisIndex = crosshairState.getRangeAxisIndex();,0.0,10206,11201
996,S10525,XYPlot.java,2858,ValueAxis yAxis = getRangeAxis(yAxisIndex);,0.0,10206,11201
996,S10526,XYPlot.java,2859,RectangleEdge yAxisEdge = getRangeAxisEdge(yAxisIndex);,0.0,10206,11201
996,S10527,XYPlot.java,2860,if (!this.rangeCrosshairLockedOnData && anchor != null) {,0.0,10206,11201
996,S10528,XYPlot.java,2869,"setRangeCrosshairValue(crosshairState.getCrosshairY(), false);",0.0,10206,11201
996,S10529,XYPlot.java,2870,if (isRangeCrosshairVisible()) {,0.0,10206,11201
996,S10530,XYPlot.java,2877,if (!foundData) {,0.0,10206,11201
996,S10531,XYPlot.java,2878,"drawNoDataMessage(g2, dataArea);",0.0,10206,11201
996,S10532,XYPlot.java,2881,for (int i = 0; i < this.renderers.size(); i++) {,0.0,10206,11201
996,S10533,XYPlot.java,2882,"drawDomainMarkers(g2, dataArea, i, Layer.FOREGROUND);",0.0,10206,11201
996,S10534,XYPlot.java,2884,for (int i = 0; i < this.renderers.size(); i++) {,0.0,10206,11201
996,S10535,XYPlot.java,2885,"drawRangeMarkers(g2, dataArea, i, Layer.FOREGROUND);",0.0,10206,11201
996,S10536,XYPlot.java,2888,"drawAnnotations(g2, dataArea, info);",0.0,10206,11201
996,S10537,XYPlot.java,2889,g2.setClip(originalClip);,0.0,10206,11201
996,S10538,XYPlot.java,2890,g2.setComposite(originalComposite);,0.0,10206,11201
996,S10539,XYPlot.java,2892,"drawOutline(g2, dataArea);",0.0,10206,11201
996,S10540,XYPlot.java,2903,"fillBackground(g2, area, this.orientation);",0.0,10206,11201
996,S10541,XYPlot.java,2904,"drawQuadrants(g2, area);",0.0,10206,11201
996,S10542,XYPlot.java,2905,"drawBackgroundImage(g2, area);",0.0,10206,11201
996,S10543,XYPlot.java,2921,boolean somethingToDraw = false;,0.0,10206,11201
996,S10544,XYPlot.java,2923,ValueAxis xAxis = getDomainAxis();,0.0,10206,11201
996,S10545,XYPlot.java,2924,double x = this.quadrantOrigin.getX();,0.0,10206,11201
996,S10546,XYPlot.java,2925,"double xx = xAxis.valueToJava2D(x, area, getDomainAxisEdge());",0.0,10206,11201
996,S10547,XYPlot.java,2927,ValueAxis yAxis = getRangeAxis();,0.0,10206,11201
996,S10548,XYPlot.java,2928,double y = this.quadrantOrigin.getY();,0.0,10206,11201
996,S10549,XYPlot.java,2929,"double yy = yAxis.valueToJava2D(y, area, getRangeAxisEdge());",0.0,10206,11201
996,S10550,XYPlot.java,2931,double xmin = xAxis.getLowerBound();,0.0,10206,11201
996,S10551,XYPlot.java,2932,"double xxmin = xAxis.valueToJava2D(xmin, area, getDomainAxisEdge());",0.0,10206,11201
996,S10552,XYPlot.java,2934,double xmax = xAxis.getUpperBound();,0.0,10206,11201
996,S10553,XYPlot.java,2935,"double xxmax = xAxis.valueToJava2D(xmax, area, getDomainAxisEdge());",0.0,10206,11201
996,S10554,XYPlot.java,2937,double ymin = yAxis.getLowerBound();,0.0,10206,11201
996,S10555,XYPlot.java,2938,"double yymin = yAxis.valueToJava2D(ymin, area, getRangeAxisEdge());",0.0,10206,11201
996,S10556,XYPlot.java,2940,double ymax = yAxis.getUpperBound();,0.0,10206,11201
996,S10557,XYPlot.java,2941,"double yymax = yAxis.valueToJava2D(ymax, area, getRangeAxisEdge());",0.0,10206,11201
996,S10558,XYPlot.java,2943,"Rectangle2D[] r = new Rectangle2D[] {null, null, null, null};",0.0,10206,11201
996,S10559,XYPlot.java,2944,if (this.quadrantPaint[0] != null) {,0.0,10206,11201
996,S10560,XYPlot.java,2960,if (this.quadrantPaint[1] != null) {,0.0,10206,11201
996,S10561,XYPlot.java,2975,if (this.quadrantPaint[2] != null) {,0.0,10206,11201
996,S10562,XYPlot.java,2990,if (this.quadrantPaint[3] != null) {,0.0,10206,11201
996,S10563,XYPlot.java,3005,if (somethingToDraw) {,0.0,10206,11201
996,S10564,XYPlot.java,3030,Paint bandPaint = getDomainTickBandPaint();,0.0,10206,11201
996,S10565,XYPlot.java,3031,if (bandPaint != null) {,0.0,10206,11201
996,S10566,XYPlot.java,3065,Paint bandPaint = getRangeTickBandPaint();,0.0,10206,11201
996,S10567,XYPlot.java,3066,if (bandPaint != null) {,0.0,10206,11201
996,S10568,XYPlot.java,3105,AxisCollection axisCollection = new AxisCollection();,0.0,10206,11201
996,S10569,XYPlot.java,3108,for (int index = 0; index < this.domainAxes.size(); index++) {,0.0,10206,11201
996,S10570,XYPlot.java,3109,ValueAxis axis = (ValueAxis) this.domainAxes.get(index);,0.0,10206,11201
996,S10571,XYPlot.java,3110,if (axis != null) {,0.0,10206,11201
996,S10572,XYPlot.java,3111,"axisCollection.add(axis, getDomainAxisEdge(index));",0.0,10206,11201
996,S10573,XYPlot.java,3116,for (int index = 0; index < this.rangeAxes.size(); index++) {,0.0,10206,11201
996,S10574,XYPlot.java,3117,ValueAxis yAxis = (ValueAxis) this.rangeAxes.get(index);,0.0,10206,11201
996,S10575,XYPlot.java,3118,if (yAxis != null) {,0.0,10206,11201
996,S10576,XYPlot.java,3119,"axisCollection.add(yAxis, getRangeAxisEdge(index));",0.0,10206,11201
996,S10577,XYPlot.java,3123,Map axisStateMap = new HashMap();,0.0,10206,11201
996,S10578,XYPlot.java,3126,double cursor = dataArea.getMinY() - this.axisOffset.calculateTopOutset(,0.0,10206,11201
996,S10579,XYPlot.java,3128,Iterator iterator = axisCollection.getAxesAtTop().iterator();,0.0,10206,11201
996,S10580,XYPlot.java,3129,while (iterator.hasNext()) {,0.0,10206,11201
996,S10581,XYPlot.java,3138,cursor = dataArea.getMaxY(),0.0,10206,11201
996,S10582,XYPlot.java,3140,iterator = axisCollection.getAxesAtBottom().iterator();,0.0,10206,11201
996,S10583,XYPlot.java,3141,while (iterator.hasNext()) {,0.0,10206,11201
996,S10584,XYPlot.java,3142,ValueAxis axis = (ValueAxis) iterator.next();,0.0,10206,11201
996,S10585,XYPlot.java,3143,"AxisState info = axis.draw(g2, cursor, plotArea, dataArea,",0.0,10206,11201
996,S10586,XYPlot.java,3145,cursor = info.getCursor();,0.0,10206,11201
996,S10587,XYPlot.java,3146,"axisStateMap.put(axis, info);",0.0,10206,11201
996,S10588,XYPlot.java,3150,cursor = dataArea.getMinX(),0.0,10206,11201
996,S10589,XYPlot.java,3152,iterator = axisCollection.getAxesAtLeft().iterator();,0.0,10206,11201
996,S10590,XYPlot.java,3153,while (iterator.hasNext()) {,0.0,10206,11201
996,S10591,XYPlot.java,3154,ValueAxis axis = (ValueAxis) iterator.next();,0.0,10206,11201
996,S10592,XYPlot.java,3155,"AxisState info = axis.draw(g2, cursor, plotArea, dataArea,",0.0,10206,11201
996,S10593,XYPlot.java,3157,cursor = info.getCursor();,0.0,10206,11201
996,S10594,XYPlot.java,3158,"axisStateMap.put(axis, info);",0.0,10206,11201
996,S10595,XYPlot.java,3162,cursor = dataArea.getMaxX(),0.0,10206,11201
996,S10596,XYPlot.java,3164,iterator = axisCollection.getAxesAtRight().iterator();,0.0,10206,11201
996,S10597,XYPlot.java,3165,while (iterator.hasNext()) {,0.0,10206,11201
996,S10598,XYPlot.java,3173,return axisStateMap;,0.0,10206,11201
996,S10599,XYPlot.java,3198,boolean foundData = false;,0.0,10206,11201
996,S10600,XYPlot.java,3199,XYDataset dataset = getDataset(index);,0.0,10206,11201
996,S10601,XYPlot.java,3200,if (!DatasetUtilities.isEmptyOrNull(dataset)) {,0.0,10206,11201
996,S10602,XYPlot.java,3201,foundData = true;,0.0,10206,11201
996,S10603,XYPlot.java,3202,ValueAxis xAxis = getDomainAxisForDataset(index);,0.0,10206,11201
996,S10604,XYPlot.java,3203,ValueAxis yAxis = getRangeAxisForDataset(index);,0.0,10206,11201
996,S10605,XYPlot.java,3204,XYItemRenderer renderer = getRenderer(index);,0.0,10206,11201
996,S10606,XYPlot.java,3205,if (renderer == null) {,0.0,10206,11201
996,S10607,XYPlot.java,3212,"XYItemRendererState state = renderer.initialise(g2, dataArea, this,",0.0,10206,11201
996,S10608,XYPlot.java,3214,int passCount = renderer.getPassCount();,0.0,10206,11201
996,S10609,XYPlot.java,3216,SeriesRenderingOrder seriesOrder = getSeriesRenderingOrder();,0.0,10206,11201
996,S10610,XYPlot.java,3217,if (seriesOrder == SeriesRenderingOrder.REVERSE) {,0.0,10206,11201
996,S10611,XYPlot.java,3219,for (int pass = 0; pass < passCount; pass++) {,0.0,10206,11201
996,S10612,XYPlot.java,3220,int seriesCount = dataset.getSeriesCount();,0.0,10206,11201
996,S10613,XYPlot.java,3221,for (int series = seriesCount - 1; series >= 0; series--) {,0.0,10206,11201
996,S10614,XYPlot.java,3222,int firstItem = 0;,0.0,10206,11201
996,S10615,XYPlot.java,3223,int lastItem = dataset.getItemCount(series) - 1;,0.0,10206,11201
996,S10616,XYPlot.java,3224,if (lastItem == -1) {,0.0,10206,11201
996,S10617,XYPlot.java,3225,continue;,0.0,10206,11201
996,S10618,XYPlot.java,3227,if (state.getProcessVisibleItemsOnly()) {,0.0,10206,11201
996,S10619,XYPlot.java,3228,int[] itemBounds = RendererUtilities.findLiveItems(,0.0,10206,11201
996,S10620,XYPlot.java,3231,firstItem = itemBounds[0];,0.0,10206,11201
996,S10621,XYPlot.java,3232,lastItem = itemBounds[1];,0.0,10206,11201
996,S10622,XYPlot.java,3234,for (int item = firstItem; item <= lastItem; item++) {,0.0,10206,11201
996,S10623,XYPlot.java,3235,"renderer.drawItem(g2, state, dataArea, info,",0.0,10206,11201
996,S10624,XYPlot.java,3265,return foundData;,0.0,10206,11201
996,S10625,XYPlot.java,3277,if (index < 0 || index >= getDatasetCount()) {,0.0,10206,11201
996,S10626,XYPlot.java,3282,ValueAxis valueAxis = null;,0.0,10206,11201
996,S10627,XYPlot.java,3283,Integer axisIndex = (Integer) this.datasetToDomainAxisMap.get(,0.0,10206,11201
996,S10628,XYPlot.java,3285,if (axisIndex != null) {,0.0,10206,11201
996,S10629,XYPlot.java,3286,valueAxis = getDomainAxis(axisIndex.intValue());,0.0,10206,11201
996,S10630,XYPlot.java,3291,return valueAxis;,0.0,10206,11201
996,S10631,XYPlot.java,3304,if (index < 0 || index >= getDatasetCount()) {,0.0,10206,11201
996,S10632,XYPlot.java,3309,ValueAxis valueAxis = null;,0.0,10206,11201
996,S10633,XYPlot.java,3310,Integer axisIndex,0.0,10206,11201
996,S10634,XYPlot.java,3312,if (axisIndex != null) {,0.0,10206,11201
996,S10635,XYPlot.java,3313,valueAxis = getRangeAxis(axisIndex.intValue());,0.0,10206,11201
996,S10636,XYPlot.java,3318,return valueAxis;,0.0,10206,11201
996,S10637,XYPlot.java,3335,if (getRenderer() == null) {,0.0,10206,11201
996,S10638,XYPlot.java,3336,return;,0.0,10206,11201
996,S10639,XYPlot.java,3340,if (isDomainGridlinesVisible()) {,0.0,10206,11201
996,S10640,XYPlot.java,3341,Stroke gridStroke = getDomainGridlineStroke();,0.0,10206,11201
996,S10641,XYPlot.java,3342,Paint gridPaint = getDomainGridlinePaint();,0.0,10206,11201
996,S10642,XYPlot.java,3343,Iterator iterator = ticks.iterator();,0.0,10206,11201
996,S10643,XYPlot.java,3344,while (iterator.hasNext()) {,0.0,10206,11201
996,S10644,XYPlot.java,3345,ValueTick tick = (ValueTick) iterator.next();,0.0,10206,11201
996,S10645,XYPlot.java,3346,"getRenderer().drawDomainLine(g2, this, getDomainAxis(),",0.0,10206,11201
996,S10646,XYPlot.java,3366,if (getRenderer() == null) {,0.0,10206,11201
996,S10647,XYPlot.java,3367,return;,0.0,10206,11201
996,S10648,XYPlot.java,3371,if (isRangeGridlinesVisible()) {,0.0,10206,11201
996,S10649,XYPlot.java,3372,Stroke gridStroke = getRangeGridlineStroke();,0.0,10206,11201
996,S10650,XYPlot.java,3373,Paint gridPaint = getRangeGridlinePaint();,0.0,10206,11201
996,S10651,XYPlot.java,3374,ValueAxis axis = getRangeAxis();,0.0,10206,11201
996,S10652,XYPlot.java,3375,if (axis != null) {,0.0,10206,11201
996,S10653,XYPlot.java,3376,Iterator iterator = ticks.iterator();,0.0,10206,11201
996,S10654,XYPlot.java,3377,while (iterator.hasNext()) {,0.0,10206,11201
996,S10655,XYPlot.java,3378,ValueTick tick = (ValueTick) iterator.next();,0.0,10206,11201
996,S10656,XYPlot.java,3379,if (tick.getValue() != 0.0,0.0,10206,11201
996,S10657,XYPlot.java,3381,"getRenderer().drawRangeLine(g2, this, getRangeAxis(),",0.0,10206,11201
996,S10658,XYPlot.java,3400,if (isDomainZeroBaselineVisible()) {,0.0,10206,11201
996,S10659,XYPlot.java,3417,if (isRangeZeroBaselineVisible()) {,0.0,10206,11201
996,S10660,XYPlot.java,3434,Iterator iterator = this.annotations.iterator();,0.0,10206,11201
996,S10661,XYPlot.java,3435,while (iterator.hasNext()) {,0.0,10206,11201
996,S10662,XYPlot.java,3456,XYItemRenderer r = getRenderer(index);,0.0,10206,11201
996,S10663,XYPlot.java,3457,if (r == null) {,0.0,10206,11201
996,S10664,XYPlot.java,3458,return;,0.0,10206,11201
996,S10665,XYPlot.java,3462,if (index >= getDatasetCount()) {,0.0,10206,11201
996,S10666,XYPlot.java,3463,return;,0.0,10206,11201
996,S10667,XYPlot.java,3465,"Collection markers = getDomainMarkers(index, layer);",0.0,10206,11201
996,S10668,XYPlot.java,3466,ValueAxis axis = getDomainAxisForDataset(index);,0.0,10206,11201
996,S10669,XYPlot.java,3467,if (markers != null && axis != null) {,0.0,10206,11201
996,S10670,XYPlot.java,3468,Iterator iterator = markers.iterator();,0.0,10206,11201
996,S10671,XYPlot.java,3469,while (iterator.hasNext()) {,0.0,10206,11201
996,S10672,XYPlot.java,3470,Marker marker = (Marker) iterator.next();,0.0,10206,11201
996,S10673,XYPlot.java,3471,"r.drawDomainMarker(g2, this, axis, marker, dataArea);",0.0,10206,11201
996,S10674,XYPlot.java,3489,XYItemRenderer r = getRenderer(index);,0.0,10206,11201
996,S10675,XYPlot.java,3490,if (r == null) {,0.0,10206,11201
996,S10676,XYPlot.java,3491,return;,0.0,10206,11201
996,S10677,XYPlot.java,3495,if (index >= getDatasetCount()) {,0.0,10206,11201
996,S10678,XYPlot.java,3496,return;,0.0,10206,11201
996,S10679,XYPlot.java,3498,"Collection markers = getRangeMarkers(index, layer);",0.0,10206,11201
996,S10680,XYPlot.java,3499,ValueAxis axis = getRangeAxisForDataset(index);,0.0,10206,11201
996,S10681,XYPlot.java,3500,if (markers != null && axis != null) {,0.0,10206,11201
996,S10682,XYPlot.java,3501,Iterator iterator = markers.iterator();,0.0,10206,11201
996,S10683,XYPlot.java,3502,while (iterator.hasNext()) {,0.0,10206,11201
996,S10684,XYPlot.java,3503,Marker marker = (Marker) iterator.next();,0.0,10206,11201
996,S10685,XYPlot.java,3504,"r.drawRangeMarker(g2, this, axis, marker, dataArea);",0.0,10206,11201
996,S10686,XYPlot.java,3547,Collection result = null;,0.0,10206,11201
996,S10687,XYPlot.java,3548,Integer key = new Integer(index);,0.0,10206,11201
996,S10688,XYPlot.java,3549,if (layer == Layer.FOREGROUND) {,0.0,10206,11201
996,S10689,XYPlot.java,3550,result = (Collection) this.foregroundDomainMarkers.get(key);,0.0,10206,11201
996,S10690,XYPlot.java,3552,else if (layer == Layer.BACKGROUND) {,0.0,10206,11201
996,S10691,XYPlot.java,3553,result = (Collection) this.backgroundDomainMarkers.get(key);,0.0,10206,11201
996,S10692,XYPlot.java,3555,if (result != null) {,0.0,10206,11201
996,S10693,XYPlot.java,3556,result = Collections.unmodifiableCollection(result);,0.0,10206,11201
996,S10694,XYPlot.java,3558,return result;,0.0,10206,11201
996,S10695,XYPlot.java,3573,Collection result = null;,0.0,10206,11201
996,S10696,XYPlot.java,3574,Integer key = new Integer(index);,0.0,10206,11201
996,S10697,XYPlot.java,3575,if (layer == Layer.FOREGROUND) {,0.0,10206,11201
996,S10698,XYPlot.java,3576,result = (Collection) this.foregroundRangeMarkers.get(key);,0.0,10206,11201
996,S10699,XYPlot.java,3578,else if (layer == Layer.BACKGROUND) {,0.0,10206,11201
996,S10700,XYPlot.java,3579,result = (Collection) this.backgroundRangeMarkers.get(key);,0.0,10206,11201
996,S10701,XYPlot.java,3581,if (result != null) {,0.0,10206,11201
996,S10702,XYPlot.java,3582,result = Collections.unmodifiableCollection(result);,0.0,10206,11201
996,S10703,XYPlot.java,3584,return result;,0.0,10206,11201
996,S10704,XYPlot.java,3758,if (axisIndex == null) {,0.0,10206,11201
996,S10705,XYPlot.java,3761,List result = new ArrayList();,0.0,10206,11201
996,S10706,XYPlot.java,3762,for (int i = 0; i < this.datasets.size(); i++) {,0.0,10206,11201
996,S10707,XYPlot.java,3763,Integer mappedAxis = (Integer) this.datasetToDomainAxisMap.get(,0.0,10206,11201
996,S10708,XYPlot.java,3765,if (mappedAxis == null) {,0.0,10206,11201
996,S10709,XYPlot.java,3766,if (axisIndex.equals(ZERO)) {,0.0,10206,11201
996,S10710,XYPlot.java,3767,result.add(this.datasets.get(i));,0.0,10206,11201
996,S10711,XYPlot.java,3771,if (mappedAxis.equals(axisIndex)) {,0.0,10206,11201
996,S10712,XYPlot.java,3772,result.add(this.datasets.get(i));,0.0,10206,11201
996,S10713,XYPlot.java,3776,return result;,0.0,10206,11201
996,S10714,XYPlot.java,3788,if (axisIndex == null) {,0.0,10206,11201
996,S10715,XYPlot.java,3791,List result = new ArrayList();,0.0,10206,11201
996,S10716,XYPlot.java,3792,for (int i = 0; i < this.datasets.size(); i++) {,0.0,10206,11201
996,S10717,XYPlot.java,3793,Integer mappedAxis = (Integer) this.datasetToRangeAxisMap.get(,0.0,10206,11201
996,S10718,XYPlot.java,3795,if (mappedAxis == null) {,0.0,10206,11201
996,S10719,XYPlot.java,3796,if (axisIndex.equals(ZERO)) {,0.0,10206,11201
996,S10720,XYPlot.java,3797,result.add(this.datasets.get(i));,0.0,10206,11201
996,S10721,XYPlot.java,3801,if (mappedAxis.equals(axisIndex)) {,0.0,10206,11201
996,S10722,XYPlot.java,3802,result.add(this.datasets.get(i));,0.0,10206,11201
996,S10723,XYPlot.java,3806,return result;,0.0,10206,11201
996,S10724,XYPlot.java,3819,int result = this.domainAxes.indexOf(axis);,0.0,10206,11201
996,S10725,XYPlot.java,3820,if (result < 0) {,0.0,10206,11201
996,S10726,XYPlot.java,3822,Plot parent = getParent();,0.0,10206,11201
996,S10727,XYPlot.java,3823,if (parent instanceof XYPlot) {,0.0,10206,11201
996,S10728,XYPlot.java,3828,return result;,0.0,10206,11201
996,S10729,XYPlot.java,3841,int result = this.rangeAxes.indexOf(axis);,0.0,10206,11201
996,S10730,XYPlot.java,3842,if (result < 0) {,0.0,10206,11201
996,S10731,XYPlot.java,3844,Plot parent = getParent();,0.0,10206,11201
996,S10732,XYPlot.java,3845,if (parent instanceof XYPlot) {,0.0,10206,11201
996,S10733,XYPlot.java,3850,return result;,0.0,10206,11201
996,S10734,XYPlot.java,3862,Range result = null;,0.0,10206,11201
996,S10735,XYPlot.java,3863,List mappedDatasets = new ArrayList();,0.0,10206,11201
996,S10736,XYPlot.java,3864,boolean isDomainAxis = true;,0.0,10206,11201
996,S10737,XYPlot.java,3867,int domainIndex = getDomainAxisIndex(axis);,0.0,10206,11201
996,S10738,XYPlot.java,3868,if (domainIndex >= 0) {,0.0,10206,11201
996,S10739,XYPlot.java,3869,isDomainAxis = true;,0.0,10206,11201
996,S10740,XYPlot.java,3870,mappedDatasets.addAll(getDatasetsMappedToDomainAxis(,0.0,10206,11201
996,S10741,XYPlot.java,3875,int rangeIndex = getRangeAxisIndex(axis);,0.0,10206,11201
996,S10742,XYPlot.java,3876,if (rangeIndex >= 0) {,0.0,10206,11201
996,S10743,XYPlot.java,3877,isDomainAxis = false;,0.0,10206,11201
996,S10744,XYPlot.java,3878,mappedDatasets.addAll(getDatasetsMappedToRangeAxis(,0.0,10206,11201
996,S10745,XYPlot.java,3884,Iterator iterator = mappedDatasets.iterator();,0.0,10206,11201
996,S10746,XYPlot.java,3885,while (iterator.hasNext()) {,0.0,10206,11201
996,S10747,XYPlot.java,3886,XYDataset d = (XYDataset) iterator.next();,0.0,10206,11201
996,S10748,XYPlot.java,3887,if (d != null) {,0.0,10206,11201
996,S10749,XYPlot.java,3888,XYItemRenderer r = getRendererForDataset(d);,0.0,10206,11201
996,S10750,XYPlot.java,3889,if (isDomainAxis) {,0.0,10206,11201
996,S10751,XYPlot.java,3890,if (r != null) {,0.0,10206,11201
996,S10752,XYPlot.java,3891,"result = Range.combine(result, r.findDomainBounds(d));",0.0,10206,11201
996,S10753,XYPlot.java,3894,"result = Range.combine(result,",0.0,10206,11201
996,S10754,XYPlot.java,3899,if (r != null) {,0.0,10206,11201
996,S10755,XYPlot.java,3900,"result = Range.combine(result, r.findRangeBounds(d));",0.0,10206,11201
996,S10756,XYPlot.java,3903,"result = Range.combine(result,",0.0,10206,11201
996,S10757,XYPlot.java,3909,return result;,0.0,10206,11201
996,S10758,XYPlot.java,3921,configureDomainAxes();,0.0,10206,11201
996,S10759,XYPlot.java,3922,configureRangeAxes();,0.0,10206,11201
996,S10760,XYPlot.java,3923,if (getParent() != null) {,0.0,10206,11201
996,S10761,XYPlot.java,3927,PlotChangeEvent e = new PlotChangeEvent(this);,0.0,10206,11201
996,S10762,XYPlot.java,3928,e.setType(ChartChangeEventType.DATASET_UPDATED);,0.0,10206,11201
996,S10763,XYPlot.java,3929,notifyListeners(e);,0.0,10206,11201
996,S10764,XYPlot.java,3939,notifyListeners(new PlotChangeEvent(this));,0.0,10206,11201
996,S10765,XYPlot.java,3950,return this.domainCrosshairVisible;,0.0,10206,11201
996,S10766,XYPlot.java,3963,if (this.domainCrosshairVisible != flag) {,0.0,10206,11201
996,S10767,XYPlot.java,3978,return this.domainCrosshairLockedOnData;,0.0,10206,11201
996,S10768,XYPlot.java,4005,return this.domainCrosshairValue;,0.0,10206,11201
996,S10769,XYPlot.java,4031,this.domainCrosshairValue = value;,0.0,10206,11201
996,S10770,XYPlot.java,4032,if (isDomainCrosshairVisible() && notify) {,0.0,10206,11201
996,S10771,XYPlot.java,4105,return this.rangeCrosshairVisible;,0.0,10206,11201
996,S10772,XYPlot.java,4118,if (this.rangeCrosshairVisible != flag) {,0.0,10206,11201
996,S10773,XYPlot.java,4119,this.rangeCrosshairVisible = flag;,0.0,10206,11201
996,S10774,XYPlot.java,4120,notifyListeners(new PlotChangeEvent(this));,0.0,10206,11201
996,S10775,XYPlot.java,4133,return this.rangeCrosshairLockedOnData;,0.0,10206,11201
996,S10776,XYPlot.java,4146,if (this.rangeCrosshairLockedOnData != flag) {,0.0,10206,11201
996,S10777,XYPlot.java,4147,this.rangeCrosshairLockedOnData = flag;,0.0,10206,11201
996,S10778,XYPlot.java,4148,notifyListeners(new PlotChangeEvent(this));,0.0,10206,11201
996,S10779,XYPlot.java,4160,return this.rangeCrosshairValue;,0.0,10206,11201
996,S10780,XYPlot.java,4174,"setRangeCrosshairValue(value, true);",0.0,10206,11201
996,S10781,XYPlot.java,4188,this.rangeCrosshairValue = value;,0.0,10206,11201
996,S10782,XYPlot.java,4189,if (isRangeCrosshairVisible() && notify) {,0.0,10206,11201
996,S10783,XYPlot.java,4190,notifyListeners(new PlotChangeEvent(this));,0.0,10206,11201
996,S10784,XYPlot.java,4217,if (stroke == null) {,0.0,10206,11201
996,S10785,XYPlot.java,4220,this.rangeCrosshairStroke = stroke;,0.0,10206,11201
996,S10786,XYPlot.java,4221,notifyListeners(new PlotChangeEvent(this));,0.0,10206,11201
996,S10787,XYPlot.java,4246,if (paint == null) {,0.0,10206,11201
996,S10788,XYPlot.java,4249,this.rangeCrosshairPaint = paint;,0.0,10206,11201
996,S10789,XYPlot.java,4250,notifyListeners(new PlotChangeEvent(this));,0.0,10206,11201
996,S10790,XYPlot.java,4556,if (this.fixedLegendItems != null) {,0.0,10206,11201
996,S10791,XYPlot.java,4559,LegendItemCollection result = new LegendItemCollection();,0.0,10206,11201
996,S10792,XYPlot.java,4560,int count = this.datasets.size();,0.0,10206,11201
996,S10793,XYPlot.java,4561,for (int datasetIndex = 0; datasetIndex < count; datasetIndex++) {,0.0,10206,11201
996,S10794,XYPlot.java,4562,XYDataset dataset = getDataset(datasetIndex);,0.0,10206,11201
996,S10795,XYPlot.java,4563,if (dataset != null) {,0.0,10206,11201
996,S10796,XYPlot.java,4564,XYItemRenderer renderer = getRenderer(datasetIndex);,0.0,10206,11201
996,S10797,XYPlot.java,4565,if (renderer == null) {,0.0,10206,11201
996,S10798,XYPlot.java,4566,renderer = getRenderer(0);,0.0,10206,11201
996,S10799,XYPlot.java,4568,if (renderer != null) {,0.0,10206,11201
996,S10800,XYPlot.java,4569,int seriesCount = dataset.getSeriesCount();,0.0,10206,11201
996,S10801,XYPlot.java,4570,for (int i = 0; i < seriesCount; i++) {,0.0,10206,11201
996,S10802,XYPlot.java,4571,if (renderer.isSeriesVisible(i),0.0,10206,11201
996,S10803,XYPlot.java,4573,LegendItem item = renderer.getLegendItem(,0.0,10206,11201
996,S10804,XYPlot.java,4575,if (item != null) {,0.0,10206,11201
996,S10805,XYPlot.java,4576,result.add(item);,0.0,10206,11201
996,S10806,XYPlot.java,4583,return result;,0.0,10206,11201
996,S10807,XYPlot.java,4595,if (obj == this) {,0.0,10206,11201
996,S10808,XYPlot.java,4596,return true;,0.0,10206,11201
996,S10809,XYPlot.java,4598,if (!(obj instanceof XYPlot)) {,0.0,10206,11201
996,S10810,XYPlot.java,4599,return false;,0.0,10206,11201
996,S10811,XYPlot.java,4602,XYPlot that = (XYPlot) obj;,0.0,10206,11201
996,S10812,XYPlot.java,4603,if (this.weight != that.weight) {,0.0,10206,11201
996,S10813,XYPlot.java,4604,return false;,0.0,10206,11201
996,S10814,XYPlot.java,4606,if (this.orientation != that.orientation) {,0.0,10206,11201
996,S10815,XYPlot.java,4607,return false;,0.0,10206,11201
996,S10816,XYPlot.java,4609,if (!this.domainAxes.equals(that.domainAxes)) {,0.0,10206,11201
996,S10817,XYPlot.java,4610,return false;,0.0,10206,11201
996,S10818,XYPlot.java,4612,if (!this.domainAxisLocations.equals(that.domainAxisLocations)) {,0.0,10206,11201
996,S10819,XYPlot.java,4613,return false;,0.0,10206,11201
996,S10820,XYPlot.java,4615,if (this.rangeCrosshairLockedOnData,0.0,10206,11201
996,S10821,XYPlot.java,4617,return false;,0.0,10206,11201
996,S10822,XYPlot.java,4619,if (this.domainGridlinesVisible != that.domainGridlinesVisible) {,0.0,10206,11201
996,S10823,XYPlot.java,4620,return false;,0.0,10206,11201
996,S10824,XYPlot.java,4622,if (this.rangeGridlinesVisible != that.rangeGridlinesVisible) {,0.0,10206,11201
996,S10825,XYPlot.java,4623,return false;,0.0,10206,11201
996,S10826,XYPlot.java,4625,if (this.domainZeroBaselineVisible != that.domainZeroBaselineVisible) {,0.0,10206,11201
996,S10827,XYPlot.java,4628,if (this.rangeZeroBaselineVisible != that.rangeZeroBaselineVisible) {,0.0,10206,11201
996,S10828,XYPlot.java,4629,return false;,0.0,10206,11201
996,S10829,XYPlot.java,4631,if (this.domainCrosshairVisible != that.domainCrosshairVisible) {,0.0,10206,11201
996,S10830,XYPlot.java,4634,if (this.domainCrosshairValue != that.domainCrosshairValue) {,0.0,10206,11201
996,S10831,XYPlot.java,4637,if (this.domainCrosshairLockedOnData,0.0,10206,11201
996,S10832,XYPlot.java,4641,if (this.rangeCrosshairVisible != that.rangeCrosshairVisible) {,0.0,10206,11201
996,S10833,XYPlot.java,4642,return false;,0.0,10206,11201
996,S10834,XYPlot.java,4644,if (this.rangeCrosshairValue != that.rangeCrosshairValue) {,0.0,10206,11201
996,S10835,XYPlot.java,4645,return false;,0.0,10206,11201
996,S10836,XYPlot.java,4647,"if (!ObjectUtilities.equal(this.axisOffset, that.axisOffset)) {",0.0,10206,11201
996,S10837,XYPlot.java,4648,return false;,0.0,10206,11201
996,S10838,XYPlot.java,4650,"if (!ObjectUtilities.equal(this.renderers, that.renderers)) {",0.0,10206,11201
996,S10839,XYPlot.java,4651,return false;,0.0,10206,11201
996,S10840,XYPlot.java,4653,"if (!ObjectUtilities.equal(this.rangeAxes, that.rangeAxes)) {",0.0,10206,11201
996,S10841,XYPlot.java,4654,return false;,0.0,10206,11201
996,S10842,XYPlot.java,4656,if (!this.rangeAxisLocations.equals(that.rangeAxisLocations)) {,0.0,10206,11201
996,S10843,XYPlot.java,4657,return false;,0.0,10206,11201
996,S10844,XYPlot.java,4659,"if (!ObjectUtilities.equal(this.datasetToDomainAxisMap,",0.0,10206,11201
996,S10845,XYPlot.java,4661,return false;,0.0,10206,11201
996,S10846,XYPlot.java,4663,"if (!ObjectUtilities.equal(this.datasetToRangeAxisMap,",0.0,10206,11201
996,S10847,XYPlot.java,4665,return false;,0.0,10206,11201
996,S10848,XYPlot.java,4667,"if (!ObjectUtilities.equal(this.domainGridlineStroke,",0.0,10206,11201
996,S10849,XYPlot.java,4669,return false;,0.0,10206,11201
996,S10850,XYPlot.java,4671,"if (!PaintUtilities.equal(this.domainGridlinePaint,",0.0,10206,11201
996,S10851,XYPlot.java,4673,return false;,0.0,10206,11201
996,S10852,XYPlot.java,4675,"if (!ObjectUtilities.equal(this.rangeGridlineStroke,",0.0,10206,11201
996,S10853,XYPlot.java,4677,return false;,0.0,10206,11201
996,S10854,XYPlot.java,4679,"if (!PaintUtilities.equal(this.rangeGridlinePaint,",0.0,10206,11201
996,S10855,XYPlot.java,4681,return false;,0.0,10206,11201
996,S10856,XYPlot.java,4683,"if (!PaintUtilities.equal(this.domainZeroBaselinePaint,",0.0,10206,11201
996,S10857,XYPlot.java,4687,"if (!ObjectUtilities.equal(this.domainZeroBaselineStroke,",0.0,10206,11201
996,S10858,XYPlot.java,4691,"if (!PaintUtilities.equal(this.rangeZeroBaselinePaint,",0.0,10206,11201
996,S10859,XYPlot.java,4693,return false;,0.0,10206,11201
996,S10860,XYPlot.java,4695,"if (!ObjectUtilities.equal(this.rangeZeroBaselineStroke,",0.0,10206,11201
996,S10861,XYPlot.java,4697,return false;,0.0,10206,11201
996,S10862,XYPlot.java,4699,"if (!ObjectUtilities.equal(this.domainCrosshairStroke,",0.0,10206,11201
996,S10863,XYPlot.java,4703,"if (!PaintUtilities.equal(this.domainCrosshairPaint,",0.0,10206,11201
996,S10864,XYPlot.java,4707,"if (!ObjectUtilities.equal(this.rangeCrosshairStroke,",0.0,10206,11201
996,S10865,XYPlot.java,4709,return false;,0.0,10206,11201
996,S10866,XYPlot.java,4711,"if (!PaintUtilities.equal(this.rangeCrosshairPaint,",0.0,10206,11201
996,S10867,XYPlot.java,4713,return false;,0.0,10206,11201
996,S10868,XYPlot.java,4715,"if (!ObjectUtilities.equal(this.foregroundDomainMarkers,",0.0,10206,11201
996,S10869,XYPlot.java,4719,"if (!ObjectUtilities.equal(this.backgroundDomainMarkers,",0.0,10206,11201
996,S10870,XYPlot.java,4723,"if (!ObjectUtilities.equal(this.foregroundRangeMarkers,",0.0,10206,11201
996,S10871,XYPlot.java,4725,return false;,0.0,10206,11201
996,S10872,XYPlot.java,4727,"if (!ObjectUtilities.equal(this.backgroundRangeMarkers,",0.0,10206,11201
996,S10873,XYPlot.java,4729,return false;,0.0,10206,11201
996,S10874,XYPlot.java,4731,"if (!ObjectUtilities.equal(this.foregroundDomainMarkers,",0.0,10206,11201
996,S10875,XYPlot.java,4735,"if (!ObjectUtilities.equal(this.backgroundDomainMarkers,",0.0,10206,11201
996,S10876,XYPlot.java,4739,"if (!ObjectUtilities.equal(this.foregroundRangeMarkers,",0.0,10206,11201
996,S10877,XYPlot.java,4743,"if (!ObjectUtilities.equal(this.backgroundRangeMarkers,",0.0,10206,11201
996,S10878,XYPlot.java,4747,"if (!ObjectUtilities.equal(this.annotations, that.annotations)) {",0.0,10206,11201
996,S10879,XYPlot.java,4750,"if (!PaintUtilities.equal(this.domainTickBandPaint,",0.0,10206,11201
996,S10880,XYPlot.java,4754,"if (!PaintUtilities.equal(this.rangeTickBandPaint,",0.0,10206,11201
996,S10881,XYPlot.java,4758,if (!this.quadrantOrigin.equals(that.quadrantOrigin)) {,0.0,10206,11201
996,S10882,XYPlot.java,4759,return false;,0.0,10206,11201
996,S10883,XYPlot.java,4761,for (int i = 0; i < 4; i++) {,0.0,10206,11201
996,S10884,XYPlot.java,4762,"if (!PaintUtilities.equal(this.quadrantPaint[i],",0.0,10206,11201
996,S10885,XYPlot.java,4764,return false;,0.0,10206,11201
996,S10886,XYPlot.java,4767,return super.equals(obj);,0.0,10206,11201
996,S10887,XYPlot.java,4780,XYPlot clone = (XYPlot) super.clone();,0.0,10206,11201
996,S10888,XYPlot.java,4781,clone.domainAxes = (ObjectList) ObjectUtilities.clone(this.domainAxes);,0.0,10206,11201
996,S10889,XYPlot.java,4782,for (int i = 0; i < this.domainAxes.size(); i++) {,0.0,10206,11201
996,S10890,XYPlot.java,4783,ValueAxis axis = (ValueAxis) this.domainAxes.get(i);,0.0,10206,11201
996,S10891,XYPlot.java,4784,if (axis != null) {,0.0,10206,11201
996,S10892,XYPlot.java,4785,ValueAxis clonedAxis = (ValueAxis) axis.clone();,0.0,10206,11201
996,S10893,XYPlot.java,4786,"clone.domainAxes.set(i, clonedAxis);",0.0,10206,11201
996,S10894,XYPlot.java,4787,clonedAxis.setPlot(clone);,0.0,10206,11201
996,S10895,XYPlot.java,4788,clonedAxis.addChangeListener(clone);,0.0,10206,11201
996,S10896,XYPlot.java,4791,clone.domainAxisLocations = (ObjectList),0.0,10206,11201
996,S10897,XYPlot.java,4794,clone.rangeAxes = (ObjectList) ObjectUtilities.clone(this.rangeAxes);,0.0,10206,11201
996,S10898,XYPlot.java,4795,for (int i = 0; i < this.rangeAxes.size(); i++) {,0.0,10206,11201
996,S10899,XYPlot.java,4796,ValueAxis axis = (ValueAxis) this.rangeAxes.get(i);,0.0,10206,11201
996,S10900,XYPlot.java,4797,if (axis != null) {,0.0,10206,11201
996,S10901,XYPlot.java,4798,ValueAxis clonedAxis = (ValueAxis) axis.clone();,0.0,10206,11201
996,S10902,XYPlot.java,4799,"clone.rangeAxes.set(i, clonedAxis);",0.0,10206,11201
996,S10903,XYPlot.java,4800,clonedAxis.setPlot(clone);,0.0,10206,11201
996,S10904,XYPlot.java,4801,clonedAxis.addChangeListener(clone);,0.0,10206,11201
996,S10905,XYPlot.java,4804,clone.rangeAxisLocations = (ObjectList) ObjectUtilities.clone(,0.0,10206,11201
996,S10906,XYPlot.java,4808,clone.datasets = (ObjectList) ObjectUtilities.clone(this.datasets);,0.0,10206,11201
996,S10907,XYPlot.java,4809,for (int i = 0; i < clone.datasets.size(); ++i) {,0.0,10206,11201
996,S10908,XYPlot.java,4810,XYDataset d = getDataset(i);,0.0,10206,11201
996,S10909,XYPlot.java,4811,if (d != null) {,0.0,10206,11201
996,S10910,XYPlot.java,4816,clone.datasetToDomainAxisMap = new TreeMap();,0.0,10206,11201
996,S10911,XYPlot.java,4817,clone.datasetToDomainAxisMap.putAll(this.datasetToDomainAxisMap);,0.0,10206,11201
996,S10912,XYPlot.java,4818,clone.datasetToRangeAxisMap = new TreeMap();,0.0,10206,11201
996,S10913,XYPlot.java,4819,clone.datasetToRangeAxisMap.putAll(this.datasetToRangeAxisMap);,0.0,10206,11201
996,S10914,XYPlot.java,4821,clone.renderers = (ObjectList) ObjectUtilities.clone(this.renderers);,0.0,10206,11201
996,S10915,XYPlot.java,4822,for (int i = 0; i < this.renderers.size(); i++) {,0.0,10206,11201
996,S10916,XYPlot.java,4823,XYItemRenderer renderer2 = (XYItemRenderer) this.renderers.get(i);,0.0,10206,11201
996,S10917,XYPlot.java,4824,if (renderer2 instanceof PublicCloneable) {,0.0,10206,11201
996,S10918,XYPlot.java,4825,PublicCloneable pc = (PublicCloneable) renderer2;,0.0,10206,11201
996,S10919,XYPlot.java,4826,"clone.renderers.set(i, pc.clone());",0.0,10206,11201
996,S10920,XYPlot.java,4829,clone.foregroundDomainMarkers = (Map) ObjectUtilities.clone(,0.0,10206,11201
996,S10921,XYPlot.java,4831,clone.backgroundDomainMarkers = (Map) ObjectUtilities.clone(,0.0,10206,11201
996,S10922,XYPlot.java,4833,clone.foregroundRangeMarkers = (Map) ObjectUtilities.clone(,0.0,10206,11201
996,S10923,XYPlot.java,4835,clone.backgroundRangeMarkers = (Map) ObjectUtilities.clone(,0.0,10206,11201
996,S10924,XYPlot.java,4837,clone.annotations = (List) ObjectUtilities.deepClone(this.annotations);,0.0,10206,11201
996,S10925,XYPlot.java,4838,if (this.fixedDomainAxisSpace != null) {,0.0,10206,11201
996,S10926,XYPlot.java,4842,if (this.fixedRangeAxisSpace != null) {,0.0,10206,11201
996,S10927,XYPlot.java,4847,clone.quadrantOrigin = (Point2D) ObjectUtilities.clone(,0.0,10206,11201
996,S10928,XYPlot.java,4849,clone.quadrantPaint = (Paint[]) this.quadrantPaint.clone();,0.0,10206,11201
996,S10929,XYPlot.java,4850,return clone;,0.0,10206,11201
996,S10930,XYPlot.java,4862,stream.defaultWriteObject();,0.0,10206,11201
996,S10931,XYPlot.java,4863,"SerialUtilities.writeStroke(this.domainGridlineStroke, stream);",0.0,10206,11201
996,S10932,XYPlot.java,4864,"SerialUtilities.writePaint(this.domainGridlinePaint, stream);",0.0,10206,11201
996,S10933,XYPlot.java,4865,"SerialUtilities.writeStroke(this.rangeGridlineStroke, stream);",0.0,10206,11201
996,S10934,XYPlot.java,4866,"SerialUtilities.writePaint(this.rangeGridlinePaint, stream);",0.0,10206,11201
996,S10935,XYPlot.java,4867,"SerialUtilities.writeStroke(this.rangeZeroBaselineStroke, stream);",0.0,10206,11201
996,S10936,XYPlot.java,4868,"SerialUtilities.writePaint(this.rangeZeroBaselinePaint, stream);",0.0,10206,11201
996,S10937,XYPlot.java,4869,"SerialUtilities.writeStroke(this.domainCrosshairStroke, stream);",0.0,10206,11201
996,S10938,XYPlot.java,4870,"SerialUtilities.writePaint(this.domainCrosshairPaint, stream);",0.0,10206,11201
996,S10939,XYPlot.java,4871,"SerialUtilities.writeStroke(this.rangeCrosshairStroke, stream);",0.0,10206,11201
996,S10940,XYPlot.java,4872,"SerialUtilities.writePaint(this.rangeCrosshairPaint, stream);",0.0,10206,11201
996,S10941,XYPlot.java,4873,"SerialUtilities.writePaint(this.domainTickBandPaint, stream);",0.0,10206,11201
996,S10942,XYPlot.java,4874,"SerialUtilities.writePaint(this.rangeTickBandPaint, stream);",0.0,10206,11201
996,S10943,XYPlot.java,4875,"SerialUtilities.writePoint2D(this.quadrantOrigin, stream);",0.0,10206,11201
996,S10944,XYPlot.java,4876,for (int i = 0; i < 4; i++) {,0.0,10206,11201
996,S10945,XYPlot.java,4877,"SerialUtilities.writePaint(this.quadrantPaint[i], stream);",0.0,10206,11201
996,S10946,XYPlot.java,4879,"SerialUtilities.writeStroke(this.domainZeroBaselineStroke, stream);",0.0,10206,11201
996,S10947,XYPlot.java,4880,"SerialUtilities.writePaint(this.domainZeroBaselinePaint, stream);",0.0,10206,11201
996,S10948,XYPlot.java,4894,stream.defaultReadObject();,0.0,10206,11201
996,S10949,XYPlot.java,4895,this.domainGridlineStroke = SerialUtilities.readStroke(stream);,0.0,10206,11201
996,S10950,XYPlot.java,4896,this.domainGridlinePaint = SerialUtilities.readPaint(stream);,0.0,10206,11201
996,S10951,XYPlot.java,4897,this.rangeGridlineStroke = SerialUtilities.readStroke(stream);,0.0,10206,11201
996,S10952,XYPlot.java,4898,this.rangeGridlinePaint = SerialUtilities.readPaint(stream);,0.0,10206,11201
996,S10953,XYPlot.java,4899,this.rangeZeroBaselineStroke = SerialUtilities.readStroke(stream);,0.0,10206,11201
996,S10954,XYPlot.java,4900,this.rangeZeroBaselinePaint = SerialUtilities.readPaint(stream);,0.0,10206,11201
996,S10955,XYPlot.java,4901,this.domainCrosshairStroke = SerialUtilities.readStroke(stream);,0.0,10206,11201
996,S10956,XYPlot.java,4902,this.domainCrosshairPaint = SerialUtilities.readPaint(stream);,0.0,10206,11201
996,S10957,XYPlot.java,4903,this.rangeCrosshairStroke = SerialUtilities.readStroke(stream);,0.0,10206,11201
996,S10958,XYPlot.java,4904,this.rangeCrosshairPaint = SerialUtilities.readPaint(stream);,0.0,10206,11201
996,S10959,XYPlot.java,4905,this.domainTickBandPaint = SerialUtilities.readPaint(stream);,0.0,10206,11201
996,S10960,XYPlot.java,4906,this.rangeTickBandPaint = SerialUtilities.readPaint(stream);,0.0,10206,11201
996,S10961,XYPlot.java,4907,this.quadrantOrigin = SerialUtilities.readPoint2D(stream);,0.0,10206,11201
996,S10962,XYPlot.java,4908,this.quadrantPaint = new Paint[4];,0.0,10206,11201
996,S10963,XYPlot.java,4909,for (int i = 0; i < 4; i++) {,0.0,10206,11201
996,S10964,XYPlot.java,4910,this.quadrantPaint[i] = SerialUtilities.readPaint(stream);,0.0,10206,11201
996,S10965,XYPlot.java,4913,this.domainZeroBaselineStroke = SerialUtilities.readStroke(stream);,0.0,10206,11201
996,S10966,XYPlot.java,4914,this.domainZeroBaselinePaint = SerialUtilities.readPaint(stream);,0.0,10206,11201
996,S10967,XYPlot.java,4918,int domainAxisCount = this.domainAxes.size();,0.0,10206,11201
996,S10968,XYPlot.java,4919,for (int i = 0; i < domainAxisCount; i++) {,0.0,10206,11201
996,S10969,XYPlot.java,4920,Axis axis = (Axis) this.domainAxes.get(i);,0.0,10206,11201
996,S10970,XYPlot.java,4921,if (axis != null) {,0.0,10206,11201
996,S10971,XYPlot.java,4922,axis.setPlot(this);,0.0,10206,11201
996,S10972,XYPlot.java,4923,axis.addChangeListener(this);,0.0,10206,11201
996,S10973,XYPlot.java,4926,int rangeAxisCount = this.rangeAxes.size();,0.0,10206,11201
996,S10974,XYPlot.java,4927,for (int i = 0; i < rangeAxisCount; i++) {,0.0,10206,11201
996,S10975,XYPlot.java,4928,Axis axis = (Axis) this.rangeAxes.get(i);,0.0,10206,11201
996,S10976,XYPlot.java,4929,if (axis != null) {,0.0,10206,11201
996,S10977,XYPlot.java,4930,axis.setPlot(this);,0.0,10206,11201
996,S10978,XYPlot.java,4931,axis.addChangeListener(this);,0.0,10206,11201
996,S10979,XYPlot.java,4934,int datasetCount = this.datasets.size();,0.0,10206,11201
996,S10980,XYPlot.java,4935,for (int i = 0; i < datasetCount; i++) {,0.0,10206,11201
996,S10981,XYPlot.java,4936,Dataset dataset = (Dataset) this.datasets.get(i);,0.0,10206,11201
996,S10982,XYPlot.java,4937,if (dataset != null) {,0.0,10206,11201
996,S10983,XYPlot.java,4938,dataset.addChangeListener(this);,0.0,10206,11201
996,S10984,XYPlot.java,4941,int rendererCount = this.renderers.size();,0.0,10206,11201
996,S10985,XYPlot.java,4942,for (int i = 0; i < rendererCount; i++) {,0.0,10206,11201
996,S10986,XYPlot.java,4943,XYItemRenderer renderer = (XYItemRenderer) this.renderers.get(i);,0.0,10206,11201
996,S10987,XYPlot.java,4944,if (renderer != null) {,0.0,10206,11201
996,S10988,XYPlot.java,4945,renderer.addChangeListener(this);,0.0,10206,11201
996,S10989,XYSeries.java,105,private int maximumItemCount = Integer.MAX_VALUE;,0.0,10206,11201
996,S10990,XYSeries.java,121,"this(key, true, true);",0.0,10206,11201
996,S10991,XYSeries.java,149,super(key);,0.0,10206,11201
996,S10992,XYSeries.java,150,this.data = new java.util.ArrayList();,0.0,10206,11201
996,S10993,XYSeries.java,151,this.autoSort = autoSort;,0.0,10206,11201
996,S10994,XYSeries.java,152,this.allowDuplicateXValues = allowDuplicateXValues;,0.0,10206,11201
996,S10995,XYSeries.java,173,return this.allowDuplicateXValues;,0.0,10206,11201
996,S10996,XYSeries.java,182,return this.data.size();,0.0,10206,11201
996,S10997,XYSeries.java,251,"add(new Double(x), new Double(y), true);",0.0,10206,11201
996,S10998,XYSeries.java,325,"XYDataItem item = new XYDataItem(x, y);",0.0,10206,11201
996,S10999,XYSeries.java,326,"add(item, notify);",0.0,10206,11201
996,S11000,XYSeries.java,340,if (item == null) {,0.0,10206,11201
996,S11001,XYSeries.java,344,if (this.autoSort) {,0.0,10206,11201
996,S11002,XYSeries.java,345,"int index = Collections.binarySearch(this.data, item);",0.0,10206,11201
996,S11003,XYSeries.java,346,if (index < 0) {,0.0,10206,11201
996,S11004,XYSeries.java,347,"this.data.add(-index - 1, item);",0.0,10206,11201
996,S11005,XYSeries.java,370,if (!this.allowDuplicateXValues) {,0.0,10206,11201
996,S11006,XYSeries.java,373,int index = indexOf(item.getX());,0.0,10206,11201
996,S11007,XYSeries.java,374,if (index >= 0) {,0.0,10206,11201
996,S11008,XYSeries.java,378,this.data.add(item);,0.0,10206,11201
996,S11009,XYSeries.java,380,if (getItemCount() > this.maximumItemCount) {,0.0,10206,11201
996,S11010,XYSeries.java,383,if (notify) {,0.0,10206,11201
996,S11011,XYSeries.java,384,fireSeriesChanged();,0.0,10206,11201
996,S11012,XYSeries.java,446,return (XYDataItem) this.data.get(index);,0.0,10206,11201
996,S11013,XYSeries.java,457,return getDataItem(index).getX();,0.0,10206,11201
996,S11014,XYSeries.java,565,if (this.autoSort) {,0.0,10206,11201
996,S11015,XYSeries.java,569,for (int i = 0; i < this.data.size(); i++) {,0.0,10206,11201
996,S11016,XYSeries.java,570,XYDataItem item = (XYDataItem) this.data.get(i);,0.0,10206,11201
996,S11017,XYSeries.java,571,if (item.getX().equals(x)) {,0.0,10206,11201
996,S11018,XYSeries.java,575,return -1;,0.0,10206,11201
996,S11019,XYSeriesCollection.java,93,this(null);,0.0,10206,11201
996,S11020,XYSeriesCollection.java,101,public XYSeriesCollection(XYSeries series) {,0.0,10206,11201
996,S11021,XYSeriesCollection.java,102,this.data = new java.util.ArrayList();,0.0,10206,11201
996,S11022,XYSeriesCollection.java,103,"this.intervalDelegate = new IntervalXYDelegate(this, false);",0.0,10206,11201
996,S11023,XYSeriesCollection.java,104,addChangeListener(this.intervalDelegate);,0.0,10206,11201
996,S11024,XYSeriesCollection.java,105,if (series != null) {,0.0,10206,11201
996,S11025,XYSeriesCollection.java,106,this.data.add(series);,0.0,10206,11201
996,S11026,XYSeriesCollection.java,107,series.addChangeListener(this);,0.0,10206,11201
996,S11027,XYSeriesCollection.java,119,if (series == null) {,0.0,10206,11201
996,S11028,XYSeriesCollection.java,122,this.data.add(series);,0.0,10206,11201
996,S11029,XYSeriesCollection.java,123,series.addChangeListener(this);,0.0,10206,11201
996,S11030,XYSeriesCollection.java,124,fireDatasetChanged();,0.0,10206,11201
996,S11031,XYSeriesCollection.java,190,return this.data.size();,0.0,10206,11201
996,S11032,XYSeriesCollection.java,230,if ((series < 0) || (series >= getSeriesCount())) {,0.0,10206,11201
996,S11033,XYSeriesCollection.java,233,return (XYSeries) this.data.get(series);,0.0,10206,11201
996,S11034,XYSeriesCollection.java,275,return getSeries(series).getKey();,0.0,10206,11201
996,S11035,XYSeriesCollection.java,290,return getSeries(series).getItemCount();,0.0,10206,11201
996,S11036,XYSeriesCollection.java,302,XYSeries ts = (XYSeries) this.data.get(series);,0.0,10206,11201
996,S11037,XYSeriesCollection.java,303,XYDataItem xyItem = ts.getDataItem(item);,0.0,10206,11201
996,S11038,XYSeriesCollection.java,304,return xyItem.getX();,0.0,10206,11201
996,S11039,XYSeriesCollection.java,341,XYSeries ts = (XYSeries) this.data.get(series);,0.0,10206,11201
996,S11040,XYSeriesCollection.java,342,XYDataItem xyItem = ts.getDataItem(index);,0.0,10206,11201
996,S11041,XYSeriesCollection.java,343,return xyItem.getY();,0.0,10206,11201
996,S11042,XYSeriesCollection.java,356,"return getY(series, item);",0.0,10206,11201
996,S11043,XYSeriesCollection.java,368,"return getY(series, item);",0.0,10206,11201
996,S11044,XYSeriesCollection.java,456,if (includeInterval) {,0.0,10206,11201
996,S11045,XYSeriesCollection.java,457,return this.intervalDelegate.getDomainBounds(includeInterval);,0.0,10206,11201
996,S11046,XYSeriesCollection.java,460,"return DatasetUtilities.iterateDomainBounds(this, includeInterval);",0.0,10206,11201
996,S11047,XYSeriesCollection.java,482,if (width < 0.0) {,0.0,10206,11201
996,S11048,XYSeriesCollection.java,485,this.intervalDelegate.setFixedIntervalWidth(width);,0.0,10206,11201
996,S11049,XYSeriesCollection.java,486,fireDatasetChanged();,0.0,10206,11201
996,S11050,XYStepAreaRenderer.java,115,protected transient Polygon pArea = null;,0.0,10206,11201
996,S11051,XYStepAreaRenderer.java,154,super();,0.0,10206,11201
996,S11052,XYStepAreaRenderer.java,155,setBaseToolTipGenerator(toolTipGenerator);,0.0,10206,11201
996,S11053,XYStepAreaRenderer.java,156,setBaseURLGenerator(urlGenerator);,0.0,10206,11201
996,S11054,XYStepAreaRenderer.java,158,if (type == AREA) {,0.0,10206,11201
996,S11055,XYStepAreaRenderer.java,161,else if (type == SHAPES) {,0.0,10206,11201
996,S11056,XYStepAreaRenderer.java,164,else if (type == AREA_AND_SHAPES) {,0.0,10206,11201
996,S11057,XYStepAreaRenderer.java,165,this.plotArea = true;,0.0,10206,11201
996,S11058,XYStepAreaRenderer.java,166,this.shapesVisible = true;,0.0,10206,11201
996,S11059,XYStepAreaRenderer.java,168,this.showOutline = false;,0.0,10206,11201
996,S11060,XYStepAreaRenderer.java,180,return this.showOutline;,0.0,10206,11201
996,S11061,XYStepAreaRenderer.java,205,return this.shapesVisible;,0.0,10206,11201
996,S11062,XYStepAreaRenderer.java,230,return this.shapesFilled;,0.0,10206,11201
996,S11063,XYStepAreaRenderer.java,253,return this.plotArea;,0.0,10206,11201
996,S11064,XYStepAreaRenderer.java,279,return this.rangeBase;,0.0,10206,11201
996,S11065,XYStepAreaRenderer.java,317,"XYItemRendererState state = super.initialise(g2, dataArea, plot, data,",0.0,10206,11201
996,S11066,XYStepAreaRenderer.java,321,state.setProcessVisibleItemsOnly(false);,0.0,10206,11201
996,S11067,XYStepAreaRenderer.java,322,return state;,0.0,10206,11201
996,S11068,XYStepAreaRenderer.java,358,PlotOrientation orientation = plot.getOrientation();,0.0,10206,11201
996,S11069,XYStepAreaRenderer.java,362,int itemCount = dataset.getItemCount(series);,0.0,10206,11201
996,S11070,XYStepAreaRenderer.java,364,"Paint paint = getItemPaint(series, item);",0.0,10206,11201
996,S11071,XYStepAreaRenderer.java,365,"Stroke seriesStroke = getItemStroke(series, item);",0.0,10206,11201
996,S11072,XYStepAreaRenderer.java,366,g2.setPaint(paint);,0.0,10206,11201
996,S11073,XYStepAreaRenderer.java,367,g2.setStroke(seriesStroke);,0.0,10206,11201
996,S11074,XYStepAreaRenderer.java,370,"double x1 = dataset.getXValue(series, item);",0.0,10206,11201
996,S11075,XYStepAreaRenderer.java,371,"double y1 = dataset.getYValue(series, item);",0.0,10206,11201
996,S11076,XYStepAreaRenderer.java,372,double x = x1;,0.0,10206,11201
996,S11077,XYStepAreaRenderer.java,373,double y = Double.isNaN(y1) ? getRangeBase() : y1;,0.0,10206,11201
996,S11078,XYStepAreaRenderer.java,374,"double transX1 = domainAxis.valueToJava2D(x, dataArea,",0.0,10206,11201
996,S11079,XYStepAreaRenderer.java,376,"double transY1 = rangeAxis.valueToJava2D(y, dataArea,",0.0,10206,11201
996,S11080,XYStepAreaRenderer.java,380,"transY1 = restrictValueToDataArea(transY1, plot, dataArea);",0.0,10206,11201
996,S11081,XYStepAreaRenderer.java,382,if (this.pArea == null && !Double.isNaN(y1)) {,0.0,10206,11201
996,S11082,XYStepAreaRenderer.java,385,this.pArea = new Polygon();,0.0,10206,11201
996,S11083,XYStepAreaRenderer.java,388,"double transY2 = rangeAxis.valueToJava2D(getRangeBase(), dataArea,",0.0,10206,11201
996,S11084,XYStepAreaRenderer.java,392,"transY2 = restrictValueToDataArea(transY2, plot, dataArea);",0.0,10206,11201
996,S11085,XYStepAreaRenderer.java,395,if (orientation == PlotOrientation.VERTICAL) {,0.0,10206,11201
996,S11086,XYStepAreaRenderer.java,396,"this.pArea.addPoint((int) transX1, (int) transY2);",0.0,10206,11201
996,S11087,XYStepAreaRenderer.java,403,double transX0 = 0;,0.0,10206,11201
996,S11088,XYStepAreaRenderer.java,404,"double transY0 = restrictValueToDataArea(getRangeBase(), plot,",0.0,10206,11201
996,S11089,XYStepAreaRenderer.java,409,if (item > 0) {,0.0,10206,11201
996,S11090,XYStepAreaRenderer.java,411,"x0 = dataset.getXValue(series, item - 1);",0.0,10206,11201
996,S11091,XYStepAreaRenderer.java,412,"y0 = Double.isNaN(y1) ? y1 : dataset.getYValue(series, item - 1);",0.0,10206,11201
996,S11092,XYStepAreaRenderer.java,414,x = x0;,0.0,10206,11201
996,S11093,XYStepAreaRenderer.java,415,y = Double.isNaN(y0) ? getRangeBase() : y0;,0.0,10206,11201
996,S11094,XYStepAreaRenderer.java,416,"transX0 = domainAxis.valueToJava2D(x, dataArea,",0.0,10206,11201
996,S11095,XYStepAreaRenderer.java,418,"transY0 = rangeAxis.valueToJava2D(y, dataArea,",0.0,10206,11201
996,S11096,XYStepAreaRenderer.java,422,"transY0 = restrictValueToDataArea(transY0, plot, dataArea);",0.0,10206,11201
996,S11097,XYStepAreaRenderer.java,424,if (Double.isNaN(y1)) {,0.0,10206,11201
996,S11098,XYStepAreaRenderer.java,430,if (transY0 != transY1) {,0.0,10206,11201
996,S11099,XYStepAreaRenderer.java,432,if (orientation == PlotOrientation.VERTICAL) {,0.0,10206,11201
996,S11100,XYStepAreaRenderer.java,433,"this.pArea.addPoint((int) transX1, (int) transY0);",0.0,10206,11201
996,S11101,XYStepAreaRenderer.java,441,Shape shape = null;,0.0,10206,11201
996,S11102,XYStepAreaRenderer.java,442,if (!Double.isNaN(y1)) {,0.0,10206,11201
996,S11103,XYStepAreaRenderer.java,444,if (orientation == PlotOrientation.VERTICAL) {,0.0,10206,11201
996,S11104,XYStepAreaRenderer.java,445,"this.pArea.addPoint((int) transX1, (int) transY1);",0.0,10206,11201
996,S11105,XYStepAreaRenderer.java,451,if (getShapesVisible()) {,0.0,10206,11201
996,S11106,XYStepAreaRenderer.java,452,"shape = getItemShape(series, item);",0.0,10206,11201
996,S11107,XYStepAreaRenderer.java,453,if (orientation == PlotOrientation.VERTICAL) {,0.0,10206,11201
996,S11108,XYStepAreaRenderer.java,454,"shape = ShapeUtilities.createTranslatedShape(shape,",0.0,10206,11201
996,S11109,XYStepAreaRenderer.java,461,if (isShapesFilled()) {,0.0,10206,11201
996,S11110,XYStepAreaRenderer.java,465,g2.draw(shape);,0.0,10206,11201
996,S11111,XYStepAreaRenderer.java,483,if (getPlotArea() && item > 0 && this.pArea != null,0.0,10206,11201
996,S11112,XYStepAreaRenderer.java,486,"double transY2 = rangeAxis.valueToJava2D(getRangeBase(), dataArea,",0.0,10206,11201
996,S11113,XYStepAreaRenderer.java,490,"transY2 = restrictValueToDataArea(transY2, plot, dataArea);",0.0,10206,11201
996,S11114,XYStepAreaRenderer.java,492,if (orientation == PlotOrientation.VERTICAL) {,0.0,10206,11201
996,S11115,XYStepAreaRenderer.java,494,"this.pArea.addPoint((int) transX1, (int) transY2);",0.0,10206,11201
996,S11116,XYStepAreaRenderer.java,502,g2.fill(this.pArea);,0.0,10206,11201
996,S11117,XYStepAreaRenderer.java,505,if (isOutline()) {,0.0,10206,11201
996,S11118,XYStepAreaRenderer.java,512,this.pArea = null;,0.0,10206,11201
996,S11119,XYStepAreaRenderer.java,516,if (!Double.isNaN(y1)) {,0.0,10206,11201
996,S11120,XYStepAreaRenderer.java,517,int domainAxisIndex = plot.getDomainAxisIndex(domainAxis);,0.0,10206,11201
996,S11121,XYStepAreaRenderer.java,518,int rangeAxisIndex = plot.getRangeAxisIndex(rangeAxis);,0.0,10206,11201
996,S11122,XYStepAreaRenderer.java,519,"updateCrosshairValues(crosshairState, x1, y1, domainAxisIndex,",0.0,10206,11201
996,S11123,XYStepAreaRenderer.java,523,EntityCollection entities = state.getEntityCollection();,0.0,10206,11201
996,S11124,XYStepAreaRenderer.java,524,if (entities != null) {,0.0,10206,11201
996,S11125,XYStepAreaRenderer.java,591,double min = 0;,0.0,10206,11201
996,S11126,XYStepAreaRenderer.java,592,double max = 0;,0.0,10206,11201
996,S11127,XYStepAreaRenderer.java,593,if (plot.getOrientation() == PlotOrientation.VERTICAL) {,0.0,10206,11201
996,S11128,XYStepAreaRenderer.java,594,min = dataArea.getMinY();,0.0,10206,11201
996,S11129,XYStepAreaRenderer.java,595,max = dataArea.getMaxY();,0.0,10206,11201
996,S11130,XYStepAreaRenderer.java,601,if (value < min) {,0.0,10206,11201
996,S11131,XYStepAreaRenderer.java,602,value = min;,0.0,10206,11201
996,S11132,XYStepAreaRenderer.java,604,else if (value > max) {,0.0,10206,11201
996,S11133,XYStepAreaRenderer.java,607,return value;,0.0,10206,11201
996,S11134,XYStepRenderer.java,110,private double stepPoint = 1.0d;,0.0,10206,11201
996,S11135,XYStepRenderer.java,129,super();,0.0,10206,11201
996,S11136,XYStepRenderer.java,130,setBaseToolTipGenerator(toolTipGenerator);,0.0,10206,11201
996,S11137,XYStepRenderer.java,131,setBaseURLGenerator(urlGenerator);,0.0,10206,11201
996,S11138,XYStepRenderer.java,132,setBaseShapesVisible(false);,0.0,10206,11201
996,S11139,XYStepRenderer.java,149,return this.stepPoint;,0.0,10206,11201
996,S11140,XYStepRenderer.java,203,"if (!getItemVisible(series, item)) {",0.0,10206,11201
996,S11141,XYStepRenderer.java,207,PlotOrientation orientation = plot.getOrientation();,0.0,10206,11201
996,S11142,XYStepRenderer.java,209,"Paint seriesPaint = getItemPaint(series, item);",0.0,10206,11201
996,S11143,XYStepRenderer.java,210,"Stroke seriesStroke = getItemStroke(series, item);",0.0,10206,11201
996,S11144,XYStepRenderer.java,211,g2.setPaint(seriesPaint);,0.0,10206,11201
996,S11145,XYStepRenderer.java,212,g2.setStroke(seriesStroke);,0.0,10206,11201
996,S11146,XYStepRenderer.java,215,"double x1 = dataset.getXValue(series, item);",0.0,10206,11201
996,S11147,XYStepRenderer.java,216,"double y1 = dataset.getYValue(series, item);",0.0,10206,11201
996,S11148,XYStepRenderer.java,218,RectangleEdge xAxisLocation = plot.getDomainAxisEdge();,0.0,10206,11201
996,S11149,XYStepRenderer.java,219,RectangleEdge yAxisLocation = plot.getRangeAxisEdge();,0.0,10206,11201
996,S11150,XYStepRenderer.java,220,"double transX1 = domainAxis.valueToJava2D(x1, dataArea, xAxisLocation);",0.0,10206,11201
996,S11151,XYStepRenderer.java,221,double transY1 = (Double.isNaN(y1) ? Double.NaN,0.0,10206,11201
996,S11152,XYStepRenderer.java,224,if (item > 0) {,0.0,10206,11201
996,S11153,XYStepRenderer.java,226,"double x0 = dataset.getXValue(series, item - 1);",0.0,10206,11201
996,S11154,XYStepRenderer.java,227,"double y0 = dataset.getYValue(series, item - 1);",0.0,10206,11201
996,S11155,XYStepRenderer.java,228,"double transX0 = domainAxis.valueToJava2D(x0, dataArea,",0.0,10206,11201
996,S11156,XYStepRenderer.java,230,double transY0 = (Double.isNaN(y0) ? Double.NaN,0.0,10206,11201
996,S11157,XYStepRenderer.java,233,if (orientation == PlotOrientation.HORIZONTAL) {,0.0,10206,11201
996,S11158,XYStepRenderer.java,253,else if (orientation == PlotOrientation.VERTICAL) {,0.0,10206,11201
996,S11159,XYStepRenderer.java,254,if (transY0 == transY1) { // this represents the situation,0.0,10206,11201
996,S11160,XYStepRenderer.java,261,double transXs = transX0 + (getStepPoint(),0.0,10206,11201
996,S11161,XYStepRenderer.java,263,"drawLine(g2, state.workingLine, transX0, transY0, transXs,",0.0,10206,11201
996,S11162,XYStepRenderer.java,265,"drawLine(g2, state.workingLine, transXs, transY0, transXs,",0.0,10206,11201
996,S11163,XYStepRenderer.java,267,"drawLine(g2, state.workingLine, transXs, transY1, transX1,",0.0,10206,11201
996,S11164,XYStepRenderer.java,275,"if (isItemLabelVisible(series, item)) {",0.0,10206,11201
996,S11165,XYStepRenderer.java,286,int domainAxisIndex = plot.getDomainAxisIndex(domainAxis);,0.0,10206,11201
996,S11166,XYStepRenderer.java,287,int rangeAxisIndex = plot.getRangeAxisIndex(rangeAxis);,0.0,10206,11201
996,S11167,XYStepRenderer.java,288,"updateCrosshairValues(crosshairState, x1, y1, domainAxisIndex,",0.0,10206,11201
996,S11168,XYStepRenderer.java,291,EntityCollection entities = state.getEntityCollection();,0.0,10206,11201
996,S11169,XYStepRenderer.java,292,if (entities != null) {,0.0,10206,11201
996,S11170,XYStepRenderer.java,310,if (Double.isNaN(x0) || Double.isNaN(x1) || Double.isNaN(y0),0.0,10206,11201
996,S11171,XYStepRenderer.java,314,"line.setLine(x0, y0, x1, y1);",0.0,10206,11201
996,S11172,XYStepRenderer.java,315,g2.draw(line);,0.0,10206,11201
996,S11173,XYTextAnnotation.java,92,"public static final Font DEFAULT_FONT = new Font(""SansSerif"", Font.PLAIN,",0.0,10206,11201
996,S11174,XYTextAnnotation.java,96,public static final Paint DEFAULT_PAINT = Color.black;,0.0,10206,11201
996,S11175,XYTextAnnotation.java,99,public static final TextAnchor DEFAULT_TEXT_ANCHOR = TextAnchor.CENTER;,0.0,10206,11201
996,S11176,XYTextAnnotation.java,102,public static final TextAnchor DEFAULT_ROTATION_ANCHOR = TextAnchor.CENTER;,0.0,10206,11201
996,S11177,XYTextAnnotation.java,140,"public XYTextAnnotation(String text, double x, double y) {",0.0,10206,11201
996,S11178,XYTextAnnotation.java,141,if (text == null) {,0.0,10206,11201
996,S11179,XYTextAnnotation.java,144,this.text = text;,0.0,10206,11201
996,S11180,XYTextAnnotation.java,145,this.font = DEFAULT_FONT;,0.0,10206,11201
996,S11181,XYTextAnnotation.java,146,this.paint = DEFAULT_PAINT;,0.0,10206,11201
996,S11182,XYTextAnnotation.java,147,this.x = x;,0.0,10206,11201
996,S11183,XYTextAnnotation.java,148,this.y = y;,0.0,10206,11201
996,S11184,XYTextAnnotation.java,149,this.textAnchor = DEFAULT_TEXT_ANCHOR;,0.0,10206,11201
996,S11185,XYTextAnnotation.java,150,this.rotationAnchor = DEFAULT_ROTATION_ANCHOR;,0.0,10206,11201
996,S11186,XYTextAnnotation.java,151,this.rotationAngle = DEFAULT_ROTATION_ANGLE;,0.0,10206,11201
996,S11187,XYTextAnnotation.java,408,if (obj == this) {,0.0,10206,11201
996,S11188,XYTextAnnotation.java,409,return true;,0.0,10206,11201
996,S11189,XYTextAnnotation.java,411,if (!(obj instanceof XYTextAnnotation)) {,0.0,10206,11201
996,S11190,XYTextAnnotation.java,414,if (!super.equals(obj)) {,0.0,10206,11201
996,S11191,XYTextAnnotation.java,417,XYTextAnnotation that = (XYTextAnnotation) obj;,0.0,10206,11201
996,S11192,XYTextAnnotation.java,418,if (!this.text.equals(that.text)) {,0.0,10206,11201
996,S11193,XYTextAnnotation.java,421,if (this.x != that.x) {,0.0,10206,11201
996,S11194,XYTextAnnotation.java,422,return false;,0.0,10206,11201
996,S11195,XYTextAnnotation.java,424,if (this.y != that.y) {,0.0,10206,11201
996,S11196,XYTextAnnotation.java,427,if (!this.font.equals(that.font)) {,0.0,10206,11201
996,S11197,XYTextAnnotation.java,430,"if (!PaintUtilities.equal(this.paint, that.paint)) {",0.0,10206,11201
996,S11198,XYTextAnnotation.java,433,if (!this.rotationAnchor.equals(that.rotationAnchor)) {,0.0,10206,11201
996,S11199,XYTextAnnotation.java,436,if (this.rotationAngle != that.rotationAngle) {,0.0,10206,11201
996,S11200,XYTextAnnotation.java,439,if (!this.textAnchor.equals(that.textAnchor)) {,0.0,10206,11201
996,S11201,XYTextAnnotation.java,442,return true;,0.0,10206,11201
