statement_id,file,line,code
S1,Base64Variant.java,55,private final transient int[] _asciiToBase64 = new int[128];
S2,Base64Variant.java,61,private final transient char[] _base64ToAsciiC = new char[64];
S3,Base64Variant.java,67,private final transient byte[] _base64ToAsciiB = new byte[64];
S4,Base64Variant.java,113,_name = name;
S5,Base64Variant.java,114,_usesPadding = usesPadding;
S6,Base64Variant.java,115,_paddingChar = paddingChar;
S7,Base64Variant.java,116,_maxLineLength = maxLineLength;
S8,Base64Variant.java,121,int alphaLen = base64Alphabet.length();
S9,Base64Variant.java,122,if (alphaLen != 64) {
S10,Base64Variant.java,123,"throw new IllegalArgumentException(""Base64Alphabet length must be exactly 64 (was ""+alphaLen+"")"");"
S11,Base64Variant.java,127,"base64Alphabet.getChars(0, alphaLen, _base64ToAsciiC, 0);"
S12,Base64Variant.java,128,"Arrays.fill(_asciiToBase64, BASE64_VALUE_INVALID);"
S13,Base64Variant.java,129,for (int i = 0; i < alphaLen; ++i) {
S14,Base64Variant.java,130,char alpha = _base64ToAsciiC[i];
S15,Base64Variant.java,131,_base64ToAsciiB[i] = (byte) alpha;
S16,Base64Variant.java,132,_asciiToBase64[alpha] = i;
S17,Base64Variant.java,136,if (usesPadding) {
S18,Base64Variant.java,137,_asciiToBase64[(int) paddingChar] = BASE64_VALUE_PADDING;
S19,Base64Variant.java,148,"this(base, name, base._usesPadding, base._paddingChar, maxLineLength);"
S20,Base64Variant.java,158,_name = name;
S21,Base64Variant.java,159,byte[] srcB = base._base64ToAsciiB;
S22,Base64Variant.java,160,"System.arraycopy(srcB, 0, this._base64ToAsciiB, 0, srcB.length);"
S23,Base64Variant.java,161,char[] srcC = base._base64ToAsciiC;
S24,Base64Variant.java,162,"System.arraycopy(srcC, 0, this._base64ToAsciiC, 0, srcC.length);"
S25,Base64Variant.java,163,int[] srcV = base._asciiToBase64;
S26,Base64Variant.java,164,"System.arraycopy(srcV, 0, this._asciiToBase64, 0, srcV.length);"
S27,Base64Variant.java,166,_usesPadding = usesPadding;
S28,Base64Variant.java,167,_paddingChar = paddingChar;
S29,Base64Variant.java,168,_maxLineLength = maxLineLength;
S30,Base64Variant.java,182,return Base64Variants.valueOf(_name);
S31,Base64Variant.java,191,public String getName() { return _name; }
S32,Base64Variant.java,193,public boolean usesPadding() { return _usesPadding; }
S33,Base64Variant.java,194,public boolean usesPaddingChar(char c) { return c == _paddingChar; }
S34,Base64Variant.java,195,public boolean usesPaddingChar(int ch) { return ch == (int) _paddingChar; }
S35,Base64Variant.java,196,public char getPaddingChar() { return _paddingChar; }
S36,Base64Variant.java,197,public byte getPaddingByte() { return (byte)_paddingChar; }
S37,Base64Variant.java,199,public int getMaxLineLength() { return _maxLineLength; }
S38,Base64Variant.java,212,int ch = (int) c;
S39,Base64Variant.java,213,return (ch <= 127) ? _asciiToBase64[ch] : BASE64_VALUE_INVALID;
S40,Base64Variant.java,218,return (ch <= 127) ? _asciiToBase64[ch] : BASE64_VALUE_INVALID;
S41,Base64Variant.java,223,int ch = (int) b;
S42,Base64Variant.java,225,if (ch < 0) {
S43,Base64Variant.java,226,return BASE64_VALUE_INVALID;
S44,Base64Variant.java,228,return _asciiToBase64[ch];
S45,Base64Variant.java,242,return _base64ToAsciiC[value];
S46,Base64Variant.java,251,buffer[ptr++] = _base64ToAsciiC[(b24 >> 18) & 0x3F];
S47,Base64Variant.java,252,buffer[ptr++] = _base64ToAsciiC[(b24 >> 12) & 0x3F];
S48,Base64Variant.java,253,buffer[ptr++] = _base64ToAsciiC[(b24 >> 6) & 0x3F];
S49,Base64Variant.java,254,buffer[ptr++] = _base64ToAsciiC[b24 & 0x3F];
S50,Base64Variant.java,255,return ptr;
S51,Base64Variant.java,260,sb.append(_base64ToAsciiC[(b24 >> 18) & 0x3F]);
S52,Base64Variant.java,261,sb.append(_base64ToAsciiC[(b24 >> 12) & 0x3F]);
S53,Base64Variant.java,262,sb.append(_base64ToAsciiC[(b24 >> 6) & 0x3F]);
S54,Base64Variant.java,263,sb.append(_base64ToAsciiC[b24 & 0x3F]);
S55,Base64Variant.java,276,buffer[outPtr++] = _base64ToAsciiC[(bits >> 18) & 0x3F];
S56,Base64Variant.java,277,buffer[outPtr++] = _base64ToAsciiC[(bits >> 12) & 0x3F];
S57,Base64Variant.java,278,if (_usesPadding) {
S58,Base64Variant.java,279,buffer[outPtr++] = (outputBytes == 2) ?
S59,Base64Variant.java,281,buffer[outPtr++] = _paddingChar;
S60,Base64Variant.java,283,if (outputBytes == 2) {
S61,Base64Variant.java,284,buffer[outPtr++] = _base64ToAsciiC[(bits >> 6) & 0x3F];
S62,Base64Variant.java,287,return outPtr;
S63,Base64Variant.java,292,sb.append(_base64ToAsciiC[(bits >> 18) & 0x3F]);
S64,Base64Variant.java,293,sb.append(_base64ToAsciiC[(bits >> 12) & 0x3F]);
S65,Base64Variant.java,294,if (_usesPadding) {
S66,Base64Variant.java,295,sb.append((outputBytes == 2) ?
S67,Base64Variant.java,297,sb.append(_paddingChar);
S68,Base64Variant.java,299,if (outputBytes == 2) {
S69,Base64Variant.java,300,sb.append(_base64ToAsciiC[(bits >> 6) & 0x3F]);
S70,Base64Variant.java,308,return _base64ToAsciiB[value];
S71,Base64Variant.java,317,buffer[ptr++] = _base64ToAsciiB[(b24 >> 18) & 0x3F];
S72,Base64Variant.java,318,buffer[ptr++] = _base64ToAsciiB[(b24 >> 12) & 0x3F];
S73,Base64Variant.java,319,buffer[ptr++] = _base64ToAsciiB[(b24 >> 6) & 0x3F];
S74,Base64Variant.java,320,buffer[ptr++] = _base64ToAsciiB[b24 & 0x3F];
S75,Base64Variant.java,321,return ptr;
S76,Base64Variant.java,334,buffer[outPtr++] = _base64ToAsciiB[(bits >> 18) & 0x3F];
S77,Base64Variant.java,335,buffer[outPtr++] = _base64ToAsciiB[(bits >> 12) & 0x3F];
S78,Base64Variant.java,336,if (_usesPadding) {
S79,Base64Variant.java,337,byte pb = (byte) _paddingChar;
S80,Base64Variant.java,338,buffer[outPtr++] = (outputBytes == 2) ?
S81,Base64Variant.java,340,buffer[outPtr++] = pb;
S82,Base64Variant.java,341,} else {
S83,Base64Variant.java,342,if (outputBytes == 2) {
S84,Base64Variant.java,343,buffer[outPtr++] = _base64ToAsciiB[(bits >> 6) & 0x3F];
S85,Base64Variant.java,346,return outPtr;
S86,Base64Variant.java,365,"return encode(input, false);"
S87,Base64Variant.java,378,int inputEnd = input.length;
S88,Base64Variant.java,382,int outputLen = inputEnd + (inputEnd >> 2) + (inputEnd >> 3);
S89,Base64Variant.java,383,sb = new StringBuilder(outputLen);
S90,Base64Variant.java,385,if (addQuotes) {
S91,Base64Variant.java,386,"sb.append('""');"
S92,Base64Variant.java,389,int chunksBeforeLF = getMaxLineLength() >> 2;
S93,Base64Variant.java,392,int inputPtr = 0;
S94,Base64Variant.java,393,int safeInputEnd = inputEnd-3; // to get only full triplets
S95,Base64Variant.java,395,while (inputPtr <= safeInputEnd) {
S96,Base64Variant.java,397,int b24 = ((int) input[inputPtr++]) << 8;
S97,Base64Variant.java,398,b24 |= ((int) input[inputPtr++]) & 0xFF;
S98,Base64Variant.java,399,b24 = (b24 << 8) | (((int) input[inputPtr++]) & 0xFF);
S99,Base64Variant.java,400,"encodeBase64Chunk(sb, b24);"
S100,Base64Variant.java,401,if (--chunksBeforeLF <= 0) {
S101,Base64Variant.java,403,sb.append('\\');
S102,Base64Variant.java,404,sb.append('n');
S103,Base64Variant.java,405,chunksBeforeLF = getMaxLineLength() >> 2;
S104,Base64Variant.java,410,"int inputLeft = inputEnd - inputPtr; // 0, 1 or 2"
S105,Base64Variant.java,411,"if (inputLeft > 0) { // yes, but do we have room for output?"
S106,Base64Variant.java,412,int b24 = ((int) input[inputPtr++]) << 16;
S107,Base64Variant.java,413,if (inputLeft == 2) {
S108,Base64Variant.java,414,b24 |= (((int) input[inputPtr++]) & 0xFF) << 8;
S109,Base64Variant.java,416,"encodeBase64Partial(sb, b24, inputLeft);"
S110,Base64Variant.java,419,if (addQuotes) {
S111,Base64Variant.java,420,"sb.append('""');"
S112,Base64Variant.java,422,return sb.toString();
S113,Base64Variant.java,438,ByteArrayBuilder b = new ByteArrayBuilder();
S114,Base64Variant.java,439,"decode(input, b);"
S115,Base64Variant.java,440,return b.toByteArray();
S116,Base64Variant.java,458,int ptr = 0;
S117,Base64Variant.java,459,int len = str.length();
S118,Base64Variant.java,466,if (ptr >= len) {
S119,Base64Variant.java,467,break main_loop;
S120,Base64Variant.java,469,ch = str.charAt(ptr++);
S121,Base64Variant.java,470,} while (ch <= INT_SPACE);
S122,Base64Variant.java,471,int bits = decodeBase64Char(ch);
S123,Base64Variant.java,472,if (bits < 0) {
S124,Base64Variant.java,473,"_reportInvalidBase64(ch, 0, null);"
S125,Base64Variant.java,475,int decodedData = bits;
S126,Base64Variant.java,477,if (ptr >= len) {
S127,Base64Variant.java,480,ch = str.charAt(ptr++);
S128,Base64Variant.java,481,bits = decodeBase64Char(ch);
S129,Base64Variant.java,482,if (bits < 0) {
S130,Base64Variant.java,485,decodedData = (decodedData << 6) | bits;
S131,Base64Variant.java,487,if (ptr >= len) {
S132,Base64Variant.java,489,if (!usesPadding()) {
S133,Base64Variant.java,494,_reportBase64EOF();
S134,Base64Variant.java,496,ch = str.charAt(ptr++);
S135,Base64Variant.java,497,bits = decodeBase64Char(ch);
S136,Base64Variant.java,500,if (bits < 0) {
S137,Base64Variant.java,501,if (bits != Base64Variant.BASE64_VALUE_PADDING) {
S138,Base64Variant.java,505,if (ptr >= len) {
S139,Base64Variant.java,508,ch = str.charAt(ptr++);
S140,Base64Variant.java,509,if (!usesPaddingChar(ch)) {
S141,Base64Variant.java,513,decodedData >>= 4;
S142,Base64Variant.java,514,builder.append(decodedData);
S143,Base64Variant.java,515,continue;
S144,Base64Variant.java,518,decodedData = (decodedData << 6) | bits;
S145,Base64Variant.java,520,if (ptr >= len) {
S146,Base64Variant.java,522,if (!usesPadding()) {
S147,Base64Variant.java,527,_reportBase64EOF();
S148,Base64Variant.java,529,ch = str.charAt(ptr++);
S149,Base64Variant.java,530,bits = decodeBase64Char(ch);
S150,Base64Variant.java,531,if (bits < 0) {
S151,Base64Variant.java,532,if (bits != Base64Variant.BASE64_VALUE_PADDING) {
S152,Base64Variant.java,535,decodedData >>= 2;
S153,Base64Variant.java,536,builder.appendTwoBytes(decodedData);
S154,Base64Variant.java,539,decodedData = (decodedData << 6) | bits;
S155,Base64Variant.java,540,builder.appendThreeBytes(decodedData);
S156,Base64Variant.java,552,public String toString() { return _name; }
S157,Base64Variant.java,579,if (ch <= INT_SPACE) {
S158,Base64Variant.java,581,} else if (usesPaddingChar(ch)) {
S159,Base64Variant.java,583,} else if (!Character.isDefined(ch) || Character.isISOControl(ch)) {
S160,Base64Variant.java,587,"base = ""Illegal character '""+ch+""' (code 0x""+Integer.toHexString(ch)+"") in base64 content"";"
S161,Base64Variant.java,589,if (msg != null) {
S162,Base64Variant.java,592,throw new IllegalArgumentException(base);
S163,Base64Variant.java,596,throw new IllegalArgumentException(missingPaddingMessage());
S164,Base64Variant.java,606,"return String.format(""Unexpected end of base64-encoded String: base64 variant '%s' expects padding (one or more '%c' characters) at the end"","
S165,Base64Variants.java,34,"MIME = new Base64Variant(""MIME"", STD_BASE64_ALPHABET, true, '=', 76);"
S166,Base64Variants.java,45,"MIME_NO_LINEFEEDS = new Base64Variant(MIME, ""MIME-NO-LINEFEEDS"", Integer.MAX_VALUE);"
S167,Base64Variants.java,52,"public final static Base64Variant PEM = new Base64Variant(MIME, ""PEM"", true, '=', 64);"
S168,Base64Variants.java,67,StringBuilder sb = new StringBuilder(STD_BASE64_ALPHABET);
S169,Base64Variants.java,69,"sb.setCharAt(sb.indexOf(""+""), '-');"
S170,Base64Variants.java,70,"sb.setCharAt(sb.indexOf(""/""), '_');"
S171,Base64Variants.java,72,"MODIFIED_FOR_URL = new Base64Variant(""MODIFIED-FOR-URL"", sb.toString(), false, Base64Variant.PADDING_CHAR_NONE, Integer.MAX_VALUE);"
S172,Base64Variants.java,82,return MIME_NO_LINEFEEDS;
S173,Base64Variants.java,90,if (MIME._name.equals(name)) {
S174,Base64Variants.java,91,return MIME;
S175,Base64Variants.java,93,if (MIME_NO_LINEFEEDS._name.equals(name)) {
S176,Base64Variants.java,94,return MIME_NO_LINEFEEDS;
S177,Base64Variants.java,96,if (PEM._name.equals(name)) {
S178,Base64Variants.java,97,return PEM;
S179,Base64Variants.java,99,if (MODIFIED_FOR_URL._name.equals(name)) {
S180,Base64Variants.java,100,return MODIFIED_FOR_URL;
S181,Base64Variants.java,102,if (name == null) {
S182,Base64Variants.java,105,"name = ""'""+name+""'"";"
S183,Base64Variants.java,107,"throw new IllegalArgumentException(""No Base64Variant with name ""+name);"
S184,BufferRecycler.java,45,"private final static int[] BYTE_BUFFER_LENGTHS = new int[] { 8000, 8000, 2000, 2000 };"
S185,BufferRecycler.java,46,"private final static int[] CHAR_BUFFER_LENGTHS = new int[] { 4000, 4000, 200, 200 };"
S186,BufferRecycler.java,62,"this(4, 4);"
S187,BufferRecycler.java,71,"protected BufferRecycler(int bbCount, int cbCount) {"
S188,BufferRecycler.java,72,_byteBuffers = new byte[bbCount][];
S189,BufferRecycler.java,73,_charBuffers = new char[cbCount][];
S190,BufferRecycler.java,86,"return allocByteBuffer(ix, 0);"
S191,BufferRecycler.java,90,final int DEF_SIZE = byteBufferLength(ix);
S192,BufferRecycler.java,91,if (minSize < DEF_SIZE) {
S193,BufferRecycler.java,92,minSize = DEF_SIZE;
S194,BufferRecycler.java,94,byte[] buffer = _byteBuffers[ix];
S195,BufferRecycler.java,95,if (buffer == null || buffer.length < minSize) {
S196,BufferRecycler.java,96,buffer = balloc(minSize);
S197,BufferRecycler.java,98,_byteBuffers[ix] = null;
S198,BufferRecycler.java,100,return buffer;
S199,BufferRecycler.java,104,_byteBuffers[ix] = buffer;
S200,BufferRecycler.java,114,"return allocCharBuffer(ix, 0);"
S201,BufferRecycler.java,118,final int DEF_SIZE = charBufferLength(ix);
S202,BufferRecycler.java,119,if (minSize < DEF_SIZE) {
S203,BufferRecycler.java,120,minSize = DEF_SIZE;
S204,BufferRecycler.java,122,char[] buffer = _charBuffers[ix];
S205,BufferRecycler.java,123,if (buffer == null || buffer.length < minSize) {
S206,BufferRecycler.java,124,buffer = calloc(minSize);
S207,BufferRecycler.java,126,_charBuffers[ix] = null;
S208,BufferRecycler.java,128,return buffer;
S209,BufferRecycler.java,132,_charBuffers[ix] = buffer;
S210,BufferRecycler.java,142,return BYTE_BUFFER_LENGTHS[ix];
S211,BufferRecycler.java,146,return CHAR_BUFFER_LENGTHS[ix];
S212,BufferRecycler.java,155,protected byte[] balloc(int size) { return new byte[size]; }
S213,BufferRecycler.java,156,protected char[] calloc(int size) { return new char[size]; }
S214,BufferRecyclers.java,39,"_bufferRecyclerTracker = ""true"".equals(System.getProperty(SYSTEM_PROPERTY_TRACK_REUSABLE_BUFFERS))"
S215,BufferRecyclers.java,55,final protected static ThreadLocal<SoftReference<BufferRecycler>> _recyclerRef
S216,BufferRecyclers.java,63,SoftReference<BufferRecycler> ref = _recyclerRef.get();
S217,BufferRecyclers.java,64,BufferRecycler br = (ref == null) ? null : ref.get();
S218,BufferRecyclers.java,66,if (br == null) {
S219,BufferRecyclers.java,67,br = new BufferRecycler();
S220,BufferRecyclers.java,68,if (_bufferRecyclerTracker != null) {
S221,BufferRecyclers.java,71,ref = new SoftReference<BufferRecycler>(br);
S222,BufferRecyclers.java,73,_recyclerRef.set(ref);
S223,BufferRecyclers.java,75,return br;
S224,BufferRecyclers.java,109,final protected static ThreadLocal<SoftReference<JsonStringEncoder>> _encoderRef
S225,BufferRecyclers.java,113,SoftReference<JsonStringEncoder> ref = _encoderRef.get();
S226,BufferRecyclers.java,114,JsonStringEncoder enc = (ref == null) ? null : ref.get();
S227,BufferRecyclers.java,116,if (enc == null) {
S228,BufferRecyclers.java,117,enc = new JsonStringEncoder();
S229,BufferRecyclers.java,118,_encoderRef.set(new SoftReference<JsonStringEncoder>(enc));
S230,BufferRecyclers.java,120,return enc;
S231,BufferRecyclers.java,129,return getJsonStringEncoder().encodeAsUTF8(text);
S232,BufferRecyclers.java,136,return getJsonStringEncoder().quoteAsString(rawText);
S233,BufferRecyclers.java,143,"getJsonStringEncoder().quoteAsString(input, output);"
S234,BufferRecyclers.java,150,return getJsonStringEncoder().quoteAsUTF8(rawText);
S235,ByteArrayBuilder.java,31,public final static byte[] NO_BYTES = new byte[0];
S236,ByteArrayBuilder.java,44,private final LinkedList<byte[]> _pastBlocks = new LinkedList<byte[]>();
S237,ByteArrayBuilder.java,51,public ByteArrayBuilder() { this(null); }
S238,ByteArrayBuilder.java,52,"public ByteArrayBuilder(BufferRecycler br) { this(br, INITIAL_BLOCK_SIZE); }"
S239,ByteArrayBuilder.java,55,"public ByteArrayBuilder(BufferRecycler br, int firstBlockSize) {"
S240,ByteArrayBuilder.java,56,_bufferRecycler = br;
S241,ByteArrayBuilder.java,57,_currBlock = (br == null) ? new byte[firstBlockSize] : br.allocByteBuffer(BufferRecycler.BYTE_WRITE_CONCAT_BUFFER);
S242,ByteArrayBuilder.java,61,_pastLen = 0;
S243,ByteArrayBuilder.java,62,_currBlockPtr = 0;
S244,ByteArrayBuilder.java,64,if (!_pastBlocks.isEmpty()) {
S245,ByteArrayBuilder.java,65,_pastBlocks.clear();
S246,ByteArrayBuilder.java,82,reset();
S247,ByteArrayBuilder.java,83,if (_bufferRecycler != null && _currBlock != null) {
S248,ByteArrayBuilder.java,90,if (_currBlockPtr >= _currBlock.length) {
S249,ByteArrayBuilder.java,91,_allocMore();
S250,ByteArrayBuilder.java,93,_currBlock[_currBlockPtr++] = (byte) i;
S251,ByteArrayBuilder.java,97,if ((_currBlockPtr + 1) < _currBlock.length) {
S252,ByteArrayBuilder.java,98,_currBlock[_currBlockPtr++] = (byte) (b16 >> 8);
S253,ByteArrayBuilder.java,99,_currBlock[_currBlockPtr++] = (byte) b16;
S254,ByteArrayBuilder.java,107,if ((_currBlockPtr + 2) < _currBlock.length) {
S255,ByteArrayBuilder.java,108,_currBlock[_currBlockPtr++] = (byte) (b24 >> 16);
S256,ByteArrayBuilder.java,109,_currBlock[_currBlockPtr++] = (byte) (b24 >> 8);
S257,ByteArrayBuilder.java,110,_currBlock[_currBlockPtr++] = (byte) b24;
S258,ByteArrayBuilder.java,112,append(b24 >> 16);
S259,ByteArrayBuilder.java,113,append(b24 >> 8);
S260,ByteArrayBuilder.java,114,append(b24);
S261,ByteArrayBuilder.java,141,int totalLen = _pastLen + _currBlockPtr;
S262,ByteArrayBuilder.java,143,if (totalLen == 0) { // quick check: nothing aggregated?
S263,ByteArrayBuilder.java,144,return NO_BYTES;
S264,ByteArrayBuilder.java,146,byte[] result = new byte[totalLen];
S265,ByteArrayBuilder.java,147,int offset = 0;
S266,ByteArrayBuilder.java,149,for (byte[] block : _pastBlocks) {
S267,ByteArrayBuilder.java,150,int len = block.length;
S268,ByteArrayBuilder.java,151,"System.arraycopy(block, 0, result, offset, len);"
S269,ByteArrayBuilder.java,152,offset += len;
S270,ByteArrayBuilder.java,154,"System.arraycopy(_currBlock, 0, result, offset, _currBlockPtr);"
S271,ByteArrayBuilder.java,155,offset += _currBlockPtr;
S272,ByteArrayBuilder.java,156,if (offset != totalLen) { // just a sanity check
S273,ByteArrayBuilder.java,160,if (!_pastBlocks.isEmpty()) {
S274,ByteArrayBuilder.java,161,reset();
S275,ByteArrayBuilder.java,163,return result;
S276,ByteArrayBuilder.java,177,reset();
S277,ByteArrayBuilder.java,178,return _currBlock;
S278,ByteArrayBuilder.java,187,_allocMore();
S279,ByteArrayBuilder.java,188,return _currBlock;
S280,ByteArrayBuilder.java,201,_currBlockPtr = lastBlockLength;
S281,ByteArrayBuilder.java,202,return toByteArray();
S282,ByteArrayBuilder.java,205,public byte[] getCurrentSegment() { return _currBlock; }
S283,ByteArrayBuilder.java,206,public void setCurrentSegmentLength(int len) { _currBlockPtr = len; }
S284,ByteArrayBuilder.java,207,public int getCurrentSegmentLength() { return _currBlockPtr; }
S285,ByteArrayBuilder.java,217,"write(b, 0, b.length);"
S286,ByteArrayBuilder.java,224,int max = _currBlock.length - _currBlockPtr;
S287,ByteArrayBuilder.java,225,"int toCopy = Math.min(max, len);"
S288,ByteArrayBuilder.java,226,if (toCopy > 0) {
S289,ByteArrayBuilder.java,227,"System.arraycopy(b, off, _currBlock, _currBlockPtr, toCopy);"
S290,ByteArrayBuilder.java,228,off += toCopy;
S291,ByteArrayBuilder.java,229,_currBlockPtr += toCopy;
S292,ByteArrayBuilder.java,230,len -= toCopy;
S293,ByteArrayBuilder.java,232,if (len <= 0) break;
S294,ByteArrayBuilder.java,233,_allocMore();
S295,ByteArrayBuilder.java,239,append(b);
S296,ByteArrayBuilder.java,242,@Override public void close() { /* NOP */ }
S297,ByteArrayBuilder.java,253,final int newPastLen = _pastLen + _currBlock.length;
S298,ByteArrayBuilder.java,257,if (newPastLen < 0) {
S299,ByteArrayBuilder.java,261,_pastLen = newPastLen;
S300,ByteArrayBuilder.java,269,"int newSize = Math.max((_pastLen >> 1), (INITIAL_BLOCK_SIZE + INITIAL_BLOCK_SIZE));"
S301,ByteArrayBuilder.java,271,if (newSize > MAX_BLOCK_SIZE) {
S302,ByteArrayBuilder.java,274,_pastBlocks.add(_currBlock);
S303,ByteArrayBuilder.java,275,_currBlock = new byte[newSize];
S304,ByteArrayBuilder.java,276,_currBlockPtr = 0;
S305,ByteQuadsCanonicalizer.java,17,public final class ByteQuadsCanonicalizer
S306,ByteQuadsCanonicalizer.java,222,"private ByteQuadsCanonicalizer(int sz, boolean intern, int seed, boolean failOnDoS) {"
S307,ByteQuadsCanonicalizer.java,223,_parent = null;
S308,ByteQuadsCanonicalizer.java,224,_seed = seed;
S309,ByteQuadsCanonicalizer.java,225,_intern = intern;
S310,ByteQuadsCanonicalizer.java,226,_failOnDoS = failOnDoS;
S311,ByteQuadsCanonicalizer.java,228,if (sz < MIN_HASH_SIZE) {
S312,ByteQuadsCanonicalizer.java,233,if ((sz & (sz - 1)) != 0) { // only true if it's 2^N
S313,ByteQuadsCanonicalizer.java,241,_tableInfo = new AtomicReference<TableInfo>(TableInfo.createInitial(sz));
S314,ByteQuadsCanonicalizer.java,250,_parent = parent;
S315,ByteQuadsCanonicalizer.java,251,_seed = seed;
S316,ByteQuadsCanonicalizer.java,252,_intern = intern;
S317,ByteQuadsCanonicalizer.java,253,_failOnDoS = failOnDoS;
S318,ByteQuadsCanonicalizer.java,254,_tableInfo = null; // not used by child tables
S319,ByteQuadsCanonicalizer.java,257,_count = state.count;
S320,ByteQuadsCanonicalizer.java,258,_hashSize = state.size;
S321,ByteQuadsCanonicalizer.java,259,_secondaryStart = _hashSize << 2; // right after primary area
S322,ByteQuadsCanonicalizer.java,260,_tertiaryStart = _secondaryStart + (_secondaryStart >> 1); // right after secondary
S323,ByteQuadsCanonicalizer.java,261,_tertiaryShift = state.tertiaryShift;
S324,ByteQuadsCanonicalizer.java,263,_hashArea = state.mainHash;
S325,ByteQuadsCanonicalizer.java,264,_names = state.names;
S326,ByteQuadsCanonicalizer.java,266,_spilloverEnd = state.spilloverEnd;
S327,ByteQuadsCanonicalizer.java,267,_longNameOffset = state.longNameOffset;
S328,ByteQuadsCanonicalizer.java,270,_needRehash = false;
S329,ByteQuadsCanonicalizer.java,271,_hashShared = true;
S330,ByteQuadsCanonicalizer.java,287,long now = System.currentTimeMillis();
S331,ByteQuadsCanonicalizer.java,289,int seed = (((int) now) + ((int) (now >>> 32))) | 1;
S332,ByteQuadsCanonicalizer.java,290,return createRoot(seed);
S333,ByteQuadsCanonicalizer.java,296,"return new ByteQuadsCanonicalizer(DEFAULT_T_SIZE, true, seed, true);"
S334,ByteQuadsCanonicalizer.java,304,"return new ByteQuadsCanonicalizer(this,"
S335,ByteQuadsCanonicalizer.java,320,if (_parent != null && maybeDirty()) {
S336,ByteQuadsCanonicalizer.java,321,_parent.mergeChild(new TableInfo(this));
S337,ByteQuadsCanonicalizer.java,324,_hashShared = true;
S338,ByteQuadsCanonicalizer.java,330,final int childCount = childState.count;
S339,ByteQuadsCanonicalizer.java,331,TableInfo currState = _tableInfo.get();
S340,ByteQuadsCanonicalizer.java,335,if (childCount == currState.count) {
S341,ByteQuadsCanonicalizer.java,336,return;
S342,ByteQuadsCanonicalizer.java,343,if (childCount > MAX_ENTRIES_FOR_REUSE) {
S343,ByteQuadsCanonicalizer.java,345,childState = TableInfo.createInitial(DEFAULT_T_SIZE);
S344,ByteQuadsCanonicalizer.java,347,"_tableInfo.compareAndSet(currState, childState);"
S345,ByteQuadsCanonicalizer.java,358,if (_tableInfo != null) { // root table
S346,ByteQuadsCanonicalizer.java,359,return _tableInfo.get().count;
S347,ByteQuadsCanonicalizer.java,362,return _count;
S348,ByteQuadsCanonicalizer.java,368,public int bucketCount() { return _hashSize; }
S349,ByteQuadsCanonicalizer.java,375,public boolean maybeDirty() { return !_hashShared; }
S350,ByteQuadsCanonicalizer.java,386,int count = 0;
S351,ByteQuadsCanonicalizer.java,387,"for (int offset = 3, end = _secondaryStart; offset < end; offset += 4) {"
S352,ByteQuadsCanonicalizer.java,388,if (_hashArea[offset] != 0) {
S353,ByteQuadsCanonicalizer.java,389,++count;
S354,ByteQuadsCanonicalizer.java,392,return count;
S355,ByteQuadsCanonicalizer.java,400,int count = 0;
S356,ByteQuadsCanonicalizer.java,401,int offset = _secondaryStart + 3;
S357,ByteQuadsCanonicalizer.java,402,for (int end = _tertiaryStart; offset < end; offset += 4) {
S358,ByteQuadsCanonicalizer.java,403,if (_hashArea[offset] != 0) {
S359,ByteQuadsCanonicalizer.java,404,++count;
S360,ByteQuadsCanonicalizer.java,407,return count;
S361,ByteQuadsCanonicalizer.java,415,int count = 0;
S362,ByteQuadsCanonicalizer.java,416,"int offset = _tertiaryStart + 3; // to 1.5x, starting point of tertiary"
S363,ByteQuadsCanonicalizer.java,417,for (int end = offset + _hashSize; offset < end; offset += 4) {
S364,ByteQuadsCanonicalizer.java,418,if (_hashArea[offset] != 0) {
S365,ByteQuadsCanonicalizer.java,419,++count;
S366,ByteQuadsCanonicalizer.java,422,return count;
S367,ByteQuadsCanonicalizer.java,431,return (_spilloverEnd - _spilloverStart()) >> 2;
S368,ByteQuadsCanonicalizer.java,436,int count = 0;
S369,ByteQuadsCanonicalizer.java,437,"for (int offset = 3, end = (_hashSize << 3); offset < end; offset += 4) {"
S370,ByteQuadsCanonicalizer.java,438,if (_hashArea[offset] != 0) {
S371,ByteQuadsCanonicalizer.java,439,++count;
S372,ByteQuadsCanonicalizer.java,442,return count;
S373,ByteQuadsCanonicalizer.java,447,int pri = primaryCount();
S374,ByteQuadsCanonicalizer.java,448,int sec = secondaryCount();
S375,ByteQuadsCanonicalizer.java,449,int tert = tertiaryCount();
S376,ByteQuadsCanonicalizer.java,450,int spill = spilloverCount();
S377,ByteQuadsCanonicalizer.java,451,int total = totalCount();
S378,ByteQuadsCanonicalizer.java,452,"return String.format(""[%s: size=%d, hashSize=%d, %d/%d/%d/%d pri/sec/ter/spill (=%s), total:%d]"","
S379,ByteQuadsCanonicalizer.java,465,int offset = _calcOffset(calcHash(q1));
S380,ByteQuadsCanonicalizer.java,467,final int[] hashArea = _hashArea;
S381,ByteQuadsCanonicalizer.java,469,int len = hashArea[offset+3];
S382,ByteQuadsCanonicalizer.java,471,if (len == 1) {
S383,ByteQuadsCanonicalizer.java,472,if (hashArea[offset] == q1) {
S384,ByteQuadsCanonicalizer.java,473,return _names[offset >> 2];
S385,ByteQuadsCanonicalizer.java,475,} else if (len == 0) { // empty slot; unlikely but avoid further lookups if so
S386,ByteQuadsCanonicalizer.java,476,return null;
S387,ByteQuadsCanonicalizer.java,479,int offset2 = _secondaryStart + ((offset >> 3) << 2);
S388,ByteQuadsCanonicalizer.java,481,len = hashArea[offset2+3];
S389,ByteQuadsCanonicalizer.java,483,if (len == 1) {
S390,ByteQuadsCanonicalizer.java,484,if (hashArea[offset2] == q1) {
S391,ByteQuadsCanonicalizer.java,485,return _names[offset2 >> 2];
S392,ByteQuadsCanonicalizer.java,487,} else if (len == 0) { // empty slot; unlikely but avoid further lookups if so
S393,ByteQuadsCanonicalizer.java,488,return null;
S394,ByteQuadsCanonicalizer.java,492,"return _findSecondary(offset, q1);"
S395,ByteQuadsCanonicalizer.java,497,"int offset = _calcOffset(calcHash(q1, q2));"
S396,ByteQuadsCanonicalizer.java,499,final int[] hashArea = _hashArea;
S397,ByteQuadsCanonicalizer.java,501,int len = hashArea[offset+3];
S398,ByteQuadsCanonicalizer.java,503,if (len == 2) {
S399,ByteQuadsCanonicalizer.java,504,if ((q1 == hashArea[offset]) && (q2 == hashArea[offset+1])) {
S400,ByteQuadsCanonicalizer.java,505,return _names[offset >> 2];
S401,ByteQuadsCanonicalizer.java,507,} else if (len == 0) { // empty slot; unlikely but avoid further lookups if so
S402,ByteQuadsCanonicalizer.java,508,return null;
S403,ByteQuadsCanonicalizer.java,511,int offset2 = _secondaryStart + ((offset >> 3) << 2);
S404,ByteQuadsCanonicalizer.java,513,len = hashArea[offset2+3];
S405,ByteQuadsCanonicalizer.java,515,if (len == 2) {
S406,ByteQuadsCanonicalizer.java,516,if ((q1 == hashArea[offset2]) && (q2 == hashArea[offset2+1])) {
S407,ByteQuadsCanonicalizer.java,517,return _names[offset2 >> 2];
S408,ByteQuadsCanonicalizer.java,519,} else if (len == 0) { // empty slot? Short-circuit if no more spillovers
S409,ByteQuadsCanonicalizer.java,520,return null;
S410,ByteQuadsCanonicalizer.java,522,"return _findSecondary(offset, q1, q2);"
S411,ByteQuadsCanonicalizer.java,527,"int offset = _calcOffset(calcHash(q1, q2, q3));"
S412,ByteQuadsCanonicalizer.java,528,final int[] hashArea = _hashArea;
S413,ByteQuadsCanonicalizer.java,529,int len = hashArea[offset+3];
S414,ByteQuadsCanonicalizer.java,531,if (len == 3) {
S415,ByteQuadsCanonicalizer.java,532,if ((q1 == hashArea[offset]) && (hashArea[offset+1] == q2) && (hashArea[offset+2] == q3)) {
S416,ByteQuadsCanonicalizer.java,533,return _names[offset >> 2];
S417,ByteQuadsCanonicalizer.java,535,} else if (len == 0) { // empty slot; unlikely but avoid further lookups if so
S418,ByteQuadsCanonicalizer.java,536,return null;
S419,ByteQuadsCanonicalizer.java,539,int offset2 = _secondaryStart + ((offset >> 3) << 2);
S420,ByteQuadsCanonicalizer.java,541,len = hashArea[offset2+3];
S421,ByteQuadsCanonicalizer.java,543,if (len == 3) {
S422,ByteQuadsCanonicalizer.java,544,if ((q1 == hashArea[offset2]) && (hashArea[offset2+1] == q2) && (hashArea[offset2+2] == q3)) {
S423,ByteQuadsCanonicalizer.java,545,return _names[offset2 >> 2];
S424,ByteQuadsCanonicalizer.java,547,} else if (len == 0) { // empty slot? Short-circuit if no more spillovers
S425,ByteQuadsCanonicalizer.java,548,return null;
S426,ByteQuadsCanonicalizer.java,550,"return _findSecondary(offset, q1, q2, q3);"
S427,ByteQuadsCanonicalizer.java,559,if (qlen < 4) { // another sanity check
S428,ByteQuadsCanonicalizer.java,560,switch (qlen) {
S429,ByteQuadsCanonicalizer.java,562,"return findName(q[0], q[1], q[2]);"
S430,ByteQuadsCanonicalizer.java,564,"return findName(q[0], q[1]);"
S431,ByteQuadsCanonicalizer.java,566,return findName(q[0]);
S432,ByteQuadsCanonicalizer.java,571,"final int hash = calcHash(q, qlen);"
S433,ByteQuadsCanonicalizer.java,572,int offset = _calcOffset(hash);
S434,ByteQuadsCanonicalizer.java,574,final int[] hashArea = _hashArea;
S435,ByteQuadsCanonicalizer.java,576,final int len = hashArea[offset+3];
S436,ByteQuadsCanonicalizer.java,578,if ((hash == hashArea[offset]) && (len == qlen)) {
S437,ByteQuadsCanonicalizer.java,580,"if (_verifyLongName(q, qlen, hashArea[offset+1])) {"
S438,ByteQuadsCanonicalizer.java,581,return _names[offset >> 2];
S439,ByteQuadsCanonicalizer.java,584,if (len == 0) { // empty slot; unlikely but avoid further lookups if so
S440,ByteQuadsCanonicalizer.java,585,return null;
S441,ByteQuadsCanonicalizer.java,588,int offset2 = _secondaryStart + ((offset >> 3) << 2);
S442,ByteQuadsCanonicalizer.java,590,final int len2 = hashArea[offset2+3];
S443,ByteQuadsCanonicalizer.java,591,if ((hash == hashArea[offset2]) && (len2 == qlen)) {
S444,ByteQuadsCanonicalizer.java,592,"if (_verifyLongName(q, qlen, hashArea[offset2+1])) {"
S445,ByteQuadsCanonicalizer.java,593,return _names[offset2 >> 2];
S446,ByteQuadsCanonicalizer.java,596,"return _findSecondary(offset, hash, q, qlen);"
S447,ByteQuadsCanonicalizer.java,604,int ix = hash & (_hashSize-1);
S448,ByteQuadsCanonicalizer.java,606,return (ix << 2);
S449,ByteQuadsCanonicalizer.java,621,int offset = _tertiaryStart + ((origOffset >> (_tertiaryShift + 2)) << _tertiaryShift);
S450,ByteQuadsCanonicalizer.java,622,final int[] hashArea = _hashArea;
S451,ByteQuadsCanonicalizer.java,623,final int bucketSize = (1 << _tertiaryShift);
S452,ByteQuadsCanonicalizer.java,624,for (int end = offset + bucketSize; offset < end; offset += 4) {
S453,ByteQuadsCanonicalizer.java,625,int len = hashArea[offset+3];
S454,ByteQuadsCanonicalizer.java,626,if ((q1 == hashArea[offset]) && (1 == len)) {
S455,ByteQuadsCanonicalizer.java,627,return _names[offset >> 2];
S456,ByteQuadsCanonicalizer.java,629,if (len == 0) {
S457,ByteQuadsCanonicalizer.java,630,return null;
S458,ByteQuadsCanonicalizer.java,636,for (offset = _spilloverStart(); offset < _spilloverEnd; offset += 4) {
S459,ByteQuadsCanonicalizer.java,637,if ((q1 == hashArea[offset]) && (1 == hashArea[offset+3])) {
S460,ByteQuadsCanonicalizer.java,641,return null;
S461,ByteQuadsCanonicalizer.java,646,int offset = _tertiaryStart + ((origOffset >> (_tertiaryShift + 2)) << _tertiaryShift);
S462,ByteQuadsCanonicalizer.java,647,final int[] hashArea = _hashArea;
S463,ByteQuadsCanonicalizer.java,649,final int bucketSize = (1 << _tertiaryShift);
S464,ByteQuadsCanonicalizer.java,650,for (int end = offset + bucketSize; offset < end; offset += 4) {
S465,ByteQuadsCanonicalizer.java,651,int len = hashArea[offset+3];
S466,ByteQuadsCanonicalizer.java,652,if ((q1 == hashArea[offset]) && (q2 == hashArea[offset+1]) && (2 == len)) {
S467,ByteQuadsCanonicalizer.java,653,return _names[offset >> 2];
S468,ByteQuadsCanonicalizer.java,655,if (len == 0) {
S469,ByteQuadsCanonicalizer.java,656,return null;
S470,ByteQuadsCanonicalizer.java,659,for (offset = _spilloverStart(); offset < _spilloverEnd; offset += 4) {
S471,ByteQuadsCanonicalizer.java,660,if ((q1 == hashArea[offset]) && (q2 == hashArea[offset+1]) && (2 == hashArea[offset+3])) {
S472,ByteQuadsCanonicalizer.java,661,return _names[offset >> 2];
S473,ByteQuadsCanonicalizer.java,664,return null;
S474,ByteQuadsCanonicalizer.java,669,int offset = _tertiaryStart + ((origOffset >> (_tertiaryShift + 2)) << _tertiaryShift);
S475,ByteQuadsCanonicalizer.java,670,final int[] hashArea = _hashArea;
S476,ByteQuadsCanonicalizer.java,672,final int bucketSize = (1 << _tertiaryShift);
S477,ByteQuadsCanonicalizer.java,673,for (int end = offset + bucketSize; offset < end; offset += 4) {
S478,ByteQuadsCanonicalizer.java,674,int len = hashArea[offset+3];
S479,ByteQuadsCanonicalizer.java,675,if ((q1 == hashArea[offset]) && (q2 == hashArea[offset+1]) && (q3 == hashArea[offset+2]) && (3 == len)) {
S480,ByteQuadsCanonicalizer.java,676,return _names[offset >> 2];
S481,ByteQuadsCanonicalizer.java,678,if (len == 0) {
S482,ByteQuadsCanonicalizer.java,679,return null;
S483,ByteQuadsCanonicalizer.java,693,int offset = _tertiaryStart + ((origOffset >> (_tertiaryShift + 2)) << _tertiaryShift);
S484,ByteQuadsCanonicalizer.java,694,final int[] hashArea = _hashArea;
S485,ByteQuadsCanonicalizer.java,696,final int bucketSize = (1 << _tertiaryShift);
S486,ByteQuadsCanonicalizer.java,697,for (int end = offset + bucketSize; offset < end; offset += 4) {
S487,ByteQuadsCanonicalizer.java,698,int len = hashArea[offset+3];
S488,ByteQuadsCanonicalizer.java,699,if ((hash == hashArea[offset]) && (qlen == len)) {
S489,ByteQuadsCanonicalizer.java,700,"if (_verifyLongName(q, qlen, hashArea[offset+1])) {"
S490,ByteQuadsCanonicalizer.java,701,return _names[offset >> 2];
S491,ByteQuadsCanonicalizer.java,704,if (len == 0) {
S492,ByteQuadsCanonicalizer.java,705,return null;
S493,ByteQuadsCanonicalizer.java,708,for (offset = _spilloverStart(); offset < _spilloverEnd; offset += 4) {
S494,ByteQuadsCanonicalizer.java,709,if ((hash == hashArea[offset]) && (qlen == hashArea[offset+3])) {
S495,ByteQuadsCanonicalizer.java,715,return null;
S496,ByteQuadsCanonicalizer.java,720,final int[] hashArea = _hashArea;
S497,ByteQuadsCanonicalizer.java,722,int ix = 0;
S498,ByteQuadsCanonicalizer.java,724,switch (qlen) {
S499,ByteQuadsCanonicalizer.java,726,"return _verifyLongName2(q, qlen, spillOffset);"
S500,ByteQuadsCanonicalizer.java,730,if (q[ix++] != hashArea[spillOffset++]) return false;
S501,ByteQuadsCanonicalizer.java,732,if (q[ix++] != hashArea[spillOffset++]) return false;
S502,ByteQuadsCanonicalizer.java,734,if (q[ix++] != hashArea[spillOffset++]) return false;
S503,ByteQuadsCanonicalizer.java,736,if (q[ix++] != hashArea[spillOffset++]) return false;
S504,ByteQuadsCanonicalizer.java,737,if (q[ix++] != hashArea[spillOffset++]) return false;
S505,ByteQuadsCanonicalizer.java,738,if (q[ix++] != hashArea[spillOffset++]) return false;
S506,ByteQuadsCanonicalizer.java,739,if (q[ix++] != hashArea[spillOffset++]) return false;
S507,ByteQuadsCanonicalizer.java,741,return true;
S508,ByteQuadsCanonicalizer.java,746,int ix = 0;
S509,ByteQuadsCanonicalizer.java,748,if (q[ix++] != _hashArea[spillOffset++]) {
S510,ByteQuadsCanonicalizer.java,751,} while (ix < qlen);
S511,ByteQuadsCanonicalizer.java,752,return true;
S512,ByteQuadsCanonicalizer.java,809,_verifySharing();
S513,ByteQuadsCanonicalizer.java,810,if (_intern) {
S514,ByteQuadsCanonicalizer.java,811,name = InternCache.instance.intern(name);
S515,ByteQuadsCanonicalizer.java,815,switch (qlen) {
S516,ByteQuadsCanonicalizer.java,818,offset = _findOffsetForAdd(calcHash(q[0]));
S517,ByteQuadsCanonicalizer.java,819,_hashArea[offset] = q[0];
S518,ByteQuadsCanonicalizer.java,820,_hashArea[offset+3] = 1;
S519,ByteQuadsCanonicalizer.java,822,break;
S520,ByteQuadsCanonicalizer.java,825,"offset = _findOffsetForAdd(calcHash(q[0], q[1]));"
S521,ByteQuadsCanonicalizer.java,826,_hashArea[offset] = q[0];
S522,ByteQuadsCanonicalizer.java,827,_hashArea[offset+1] = q[1];
S523,ByteQuadsCanonicalizer.java,828,_hashArea[offset+3] = 2;
S524,ByteQuadsCanonicalizer.java,830,break;
S525,ByteQuadsCanonicalizer.java,833,"offset = _findOffsetForAdd(calcHash(q[0], q[1], q[2]));"
S526,ByteQuadsCanonicalizer.java,834,_hashArea[offset] = q[0];
S527,ByteQuadsCanonicalizer.java,835,_hashArea[offset+1] = q[1];
S528,ByteQuadsCanonicalizer.java,836,_hashArea[offset+2] = q[2];
S529,ByteQuadsCanonicalizer.java,837,_hashArea[offset+3] = 3;
S530,ByteQuadsCanonicalizer.java,839,break;
S531,ByteQuadsCanonicalizer.java,841,"final int hash = calcHash(q, qlen);"
S532,ByteQuadsCanonicalizer.java,842,offset = _findOffsetForAdd(hash);
S533,ByteQuadsCanonicalizer.java,844,_hashArea[offset] = hash;
S534,ByteQuadsCanonicalizer.java,845,"int longStart = _appendLongName(q, qlen);"
S535,ByteQuadsCanonicalizer.java,846,_hashArea[offset+1] = longStart;
S536,ByteQuadsCanonicalizer.java,847,_hashArea[offset+3] = qlen;
S537,ByteQuadsCanonicalizer.java,850,_names[offset >> 2] = name;
S538,ByteQuadsCanonicalizer.java,853,++_count;
S539,ByteQuadsCanonicalizer.java,854,_verifyNeedForRehash();
S540,ByteQuadsCanonicalizer.java,855,return name;
S541,ByteQuadsCanonicalizer.java,860,if (_count > (_hashSize >> 1)) { // over 50%
S542,ByteQuadsCanonicalizer.java,861,int spillCount = (_spilloverEnd - _spilloverStart()) >> 2;
S543,ByteQuadsCanonicalizer.java,862,if ((spillCount > (1 + _count >> 7))
S544,ByteQuadsCanonicalizer.java,864,_needRehash = true;
S545,ByteQuadsCanonicalizer.java,871,if (_hashShared) {
S546,ByteQuadsCanonicalizer.java,872,"_hashArea = Arrays.copyOf(_hashArea, _hashArea.length);"
S547,ByteQuadsCanonicalizer.java,873,"_names = Arrays.copyOf(_names, _names.length);"
S548,ByteQuadsCanonicalizer.java,874,_hashShared = false;
S549,ByteQuadsCanonicalizer.java,877,_verifyNeedForRehash();
S550,ByteQuadsCanonicalizer.java,879,if (_needRehash) {
S551,ByteQuadsCanonicalizer.java,880,rehash();
S552,ByteQuadsCanonicalizer.java,890,int offset = _calcOffset(hash);
S553,ByteQuadsCanonicalizer.java,891,final int[] hashArea = _hashArea;
S554,ByteQuadsCanonicalizer.java,892,if (hashArea[offset+3] == 0) {
S555,ByteQuadsCanonicalizer.java,894,return offset;
S556,ByteQuadsCanonicalizer.java,897,int offset2 = _secondaryStart + ((offset >> 3) << 2);
S557,ByteQuadsCanonicalizer.java,898,if (hashArea[offset2+3] == 0) {
S558,ByteQuadsCanonicalizer.java,900,return offset2;
S559,ByteQuadsCanonicalizer.java,904,offset2 = _tertiaryStart + ((offset >> (_tertiaryShift + 2)) << _tertiaryShift);
S560,ByteQuadsCanonicalizer.java,905,final int bucketSize = (1 << _tertiaryShift);
S561,ByteQuadsCanonicalizer.java,906,for (int end = offset2 + bucketSize; offset2 < end; offset2 += 4) {
S562,ByteQuadsCanonicalizer.java,907,if (hashArea[offset2+3] == 0) {
S563,ByteQuadsCanonicalizer.java,909,return offset2;
S564,ByteQuadsCanonicalizer.java,914,offset = _spilloverEnd;
S565,ByteQuadsCanonicalizer.java,915,_spilloverEnd += 4;
S566,ByteQuadsCanonicalizer.java,925,final int end = (_hashSize << 3);
S567,ByteQuadsCanonicalizer.java,926,if (_spilloverEnd >= end) {
S568,ByteQuadsCanonicalizer.java,934,return offset;
S569,ByteQuadsCanonicalizer.java,939,int start = _longNameOffset;
S570,ByteQuadsCanonicalizer.java,942,if ((start + qlen) > _hashArea.length) {
S571,ByteQuadsCanonicalizer.java,944,int toAdd = (start + qlen) - _hashArea.length;
S572,ByteQuadsCanonicalizer.java,946,"int minAdd = Math.min(4096, _hashSize);"
S573,ByteQuadsCanonicalizer.java,948,"int newSize = _hashArea.length + Math.max(toAdd, minAdd);"
S574,ByteQuadsCanonicalizer.java,949,"_hashArea = Arrays.copyOf(_hashArea, newSize);"
S575,ByteQuadsCanonicalizer.java,951,"System.arraycopy(quads, 0, _hashArea, start, qlen);"
S576,ByteQuadsCanonicalizer.java,952,_longNameOffset += qlen;
S577,ByteQuadsCanonicalizer.java,953,return start;
S578,ByteQuadsCanonicalizer.java,978,int hash = q1 ^ _seed;
S579,ByteQuadsCanonicalizer.java,984,hash += (hash >>> 16); // to xor hi- and low- 16-bits
S580,ByteQuadsCanonicalizer.java,985,hash ^= (hash << 3); // shuffle back a bit
S581,ByteQuadsCanonicalizer.java,986,hash += (hash >>> 12); // and bit more
S582,ByteQuadsCanonicalizer.java,987,return hash;
S583,ByteQuadsCanonicalizer.java,994,int hash = q1;
S584,ByteQuadsCanonicalizer.java,996,hash += (hash >>> 15); // try mixing first and second byte pairs first
S585,ByteQuadsCanonicalizer.java,997,hash ^= (hash >>> 9); // as well as lowest 2 bytes
S586,ByteQuadsCanonicalizer.java,998,hash += (q2 * MULT); // then add second quad
S587,ByteQuadsCanonicalizer.java,999,hash ^= _seed;
S588,ByteQuadsCanonicalizer.java,1000,hash += (hash >>> 16); // and shuffle some more
S589,ByteQuadsCanonicalizer.java,1001,hash ^= (hash >>> 4);
S590,ByteQuadsCanonicalizer.java,1002,hash += (hash << 3);
S591,ByteQuadsCanonicalizer.java,1004,return hash;
S592,ByteQuadsCanonicalizer.java,1009,int hash = q1 ^ _seed;
S593,ByteQuadsCanonicalizer.java,1010,hash += (hash >>> 9);
S594,ByteQuadsCanonicalizer.java,1011,hash *= MULT3;
S595,ByteQuadsCanonicalizer.java,1012,hash += q2;
S596,ByteQuadsCanonicalizer.java,1013,hash *= MULT;
S597,ByteQuadsCanonicalizer.java,1014,hash += (hash >>> 15);
S598,ByteQuadsCanonicalizer.java,1015,hash ^= q3;
S599,ByteQuadsCanonicalizer.java,1017,hash += (hash >>> 4);
S600,ByteQuadsCanonicalizer.java,1019,hash += (hash >>> 15);
S601,ByteQuadsCanonicalizer.java,1020,hash ^= (hash << 9);
S602,ByteQuadsCanonicalizer.java,1022,return hash;
S603,ByteQuadsCanonicalizer.java,1027,if (qlen < 4) {
S604,ByteQuadsCanonicalizer.java,1035,int hash = q[0] ^ _seed;
S605,ByteQuadsCanonicalizer.java,1036,hash += (hash >>> 9);
S606,ByteQuadsCanonicalizer.java,1037,hash += q[1];
S607,ByteQuadsCanonicalizer.java,1038,hash += (hash >>> 15);
S608,ByteQuadsCanonicalizer.java,1039,hash *= MULT;
S609,ByteQuadsCanonicalizer.java,1040,hash ^= q[2];
S610,ByteQuadsCanonicalizer.java,1041,hash += (hash >>> 4);
S611,ByteQuadsCanonicalizer.java,1043,for (int i = 3; i < qlen; ++i) {
S612,ByteQuadsCanonicalizer.java,1044,int next = q[i];
S613,ByteQuadsCanonicalizer.java,1045,next = next ^ (next >> 21);
S614,ByteQuadsCanonicalizer.java,1046,hash += next;
S615,ByteQuadsCanonicalizer.java,1048,hash *= MULT2;
S616,ByteQuadsCanonicalizer.java,1051,hash += (hash >>> 19);
S617,ByteQuadsCanonicalizer.java,1052,hash ^= (hash << 5);
S618,ByteQuadsCanonicalizer.java,1053,return hash;
S619,ByteQuadsCanonicalizer.java,1064,_needRehash = false;
S620,ByteQuadsCanonicalizer.java,1066,_hashShared = false;
S621,ByteQuadsCanonicalizer.java,1070,final int[] oldHashArea = _hashArea;
S622,ByteQuadsCanonicalizer.java,1071,final String[] oldNames = _names;
S623,ByteQuadsCanonicalizer.java,1072,final int oldSize = _hashSize;
S624,ByteQuadsCanonicalizer.java,1073,final int oldCount = _count;
S625,ByteQuadsCanonicalizer.java,1074,final int newSize = oldSize + oldSize;
S626,ByteQuadsCanonicalizer.java,1075,final int oldEnd = _spilloverEnd;
S627,ByteQuadsCanonicalizer.java,1080,if (newSize > MAX_T_SIZE) {
S628,ByteQuadsCanonicalizer.java,1081,nukeSymbols(true);
S629,ByteQuadsCanonicalizer.java,1082,return;
S630,ByteQuadsCanonicalizer.java,1085,_hashArea = new int[oldHashArea.length + (oldSize<<3)];
S631,ByteQuadsCanonicalizer.java,1086,_hashSize = newSize;
S632,ByteQuadsCanonicalizer.java,1087,_secondaryStart = (newSize << 2); // 4 ints per entry
S633,ByteQuadsCanonicalizer.java,1088,_tertiaryStart = _secondaryStart + (_secondaryStart >> 1); // right after secondary
S634,ByteQuadsCanonicalizer.java,1089,_tertiaryShift = _calcTertiaryShift(newSize);
S635,ByteQuadsCanonicalizer.java,1092,_names = new String[oldNames.length << 1];
S636,ByteQuadsCanonicalizer.java,1093,nukeSymbols(false);
S637,ByteQuadsCanonicalizer.java,1100,int copyCount = 0;
S638,ByteQuadsCanonicalizer.java,1101,int[] q = new int[16];
S639,ByteQuadsCanonicalizer.java,1102,"for (int offset = 0, end = oldEnd; offset < end; offset += 4) {"
S640,ByteQuadsCanonicalizer.java,1103,int len = oldHashArea[offset+3];
S641,ByteQuadsCanonicalizer.java,1104,"if (len == 0) { // empty slot, skip"
S642,ByteQuadsCanonicalizer.java,1105,continue;
S643,ByteQuadsCanonicalizer.java,1107,++copyCount;
S644,ByteQuadsCanonicalizer.java,1108,String name = oldNames[offset>>2];
S645,ByteQuadsCanonicalizer.java,1109,switch (len) {
S646,ByteQuadsCanonicalizer.java,1111,q[0] = oldHashArea[offset];
S647,ByteQuadsCanonicalizer.java,1112,"addName(name, q, 1);"
S648,ByteQuadsCanonicalizer.java,1113,break;
S649,ByteQuadsCanonicalizer.java,1115,q[0] = oldHashArea[offset];
S650,ByteQuadsCanonicalizer.java,1116,q[1] = oldHashArea[offset+1];
S651,ByteQuadsCanonicalizer.java,1117,"addName(name, q, 2);"
S652,ByteQuadsCanonicalizer.java,1118,break;
S653,ByteQuadsCanonicalizer.java,1120,q[0] = oldHashArea[offset];
S654,ByteQuadsCanonicalizer.java,1121,q[1] = oldHashArea[offset+1];
S655,ByteQuadsCanonicalizer.java,1122,q[2] = oldHashArea[offset+2];
S656,ByteQuadsCanonicalizer.java,1123,"addName(name, q, 3);"
S657,ByteQuadsCanonicalizer.java,1124,break;
S658,ByteQuadsCanonicalizer.java,1126,if (len > q.length) {
S659,ByteQuadsCanonicalizer.java,1130,int qoff = oldHashArea[offset+1];
S660,ByteQuadsCanonicalizer.java,1131,"System.arraycopy(oldHashArea, qoff, q, 0, len);"
S661,ByteQuadsCanonicalizer.java,1132,"addName(name, q, len);"
S662,ByteQuadsCanonicalizer.java,1139,if (copyCount != oldCount) {
S663,ByteQuadsCanonicalizer.java,1149,_count = 0;
S664,ByteQuadsCanonicalizer.java,1151,_spilloverEnd = _spilloverStart();
S665,ByteQuadsCanonicalizer.java,1153,_longNameOffset = _hashSize << 3;
S666,ByteQuadsCanonicalizer.java,1154,if (fill) {
S667,ByteQuadsCanonicalizer.java,1155,"Arrays.fill(_hashArea, 0);"
S668,ByteQuadsCanonicalizer.java,1156,"Arrays.fill(_names, null);"
S669,ByteQuadsCanonicalizer.java,1172,int offset = _hashSize;
S670,ByteQuadsCanonicalizer.java,1173,return (offset << 3) - offset;
S671,ByteQuadsCanonicalizer.java,1191,int tertSlots = (primarySlots) >> 2;
S672,ByteQuadsCanonicalizer.java,1194,if (tertSlots < 64) {
S673,ByteQuadsCanonicalizer.java,1195,return 4;
S674,ByteQuadsCanonicalizer.java,1197,if (tertSlots <= 256) { // buckets of 8 slots (up to 256 == 32 x 8)
S675,ByteQuadsCanonicalizer.java,1198,return 5;
S676,ByteQuadsCanonicalizer.java,1200,if (tertSlots <= 1024) { // buckets of 16 slots (up to 1024 == 64 x 16)
S677,ByteQuadsCanonicalizer.java,1201,return 6;
S678,ByteQuadsCanonicalizer.java,1204,return 7;
S679,ByteQuadsCanonicalizer.java,1233,this.size = size;
S680,ByteQuadsCanonicalizer.java,1234,this.count = count;
S681,ByteQuadsCanonicalizer.java,1235,this.tertiaryShift = tertiaryShift;
S682,ByteQuadsCanonicalizer.java,1236,this.mainHash = mainHash;
S683,ByteQuadsCanonicalizer.java,1237,this.names = names;
S684,ByteQuadsCanonicalizer.java,1238,this.spilloverEnd = spilloverEnd;
S685,ByteQuadsCanonicalizer.java,1239,this.longNameOffset = longNameOffset;
S686,ByteQuadsCanonicalizer.java,1244,size = src._hashSize;
S687,ByteQuadsCanonicalizer.java,1245,count = src._count;
S688,ByteQuadsCanonicalizer.java,1246,tertiaryShift = src._tertiaryShift;
S689,ByteQuadsCanonicalizer.java,1247,mainHash = src._hashArea;
S690,ByteQuadsCanonicalizer.java,1248,names = src._names;
S691,ByteQuadsCanonicalizer.java,1249,spilloverEnd = src._spilloverEnd;
S692,ByteQuadsCanonicalizer.java,1250,longNameOffset = src._longNameOffset;
S693,ByteQuadsCanonicalizer.java,1254,int hashAreaSize = sz << 3;
S694,ByteQuadsCanonicalizer.java,1255,int tertShift = _calcTertiaryShift(sz);
S695,ByteQuadsCanonicalizer.java,1257,"return new TableInfo(sz, // hashSize"
S696,ByteSourceJsonBootstrapper.java,77,private boolean _bigEndian = true;
S697,ByteSourceJsonBootstrapper.java,87,"public ByteSourceJsonBootstrapper(IOContext ctxt, InputStream in) {"
S698,ByteSourceJsonBootstrapper.java,88,_context = ctxt;
S699,ByteSourceJsonBootstrapper.java,89,_in = in;
S700,ByteSourceJsonBootstrapper.java,90,_inputBuffer = ctxt.allocReadIOBuffer();
S701,ByteSourceJsonBootstrapper.java,91,_inputEnd = _inputPtr = 0;
S702,ByteSourceJsonBootstrapper.java,93,_bufferRecyclable = true;
S703,ByteSourceJsonBootstrapper.java,96,"public ByteSourceJsonBootstrapper(IOContext ctxt, byte[] inputBuffer, int inputStart, int inputLen) {"
S704,ByteSourceJsonBootstrapper.java,97,_context = ctxt;
S705,ByteSourceJsonBootstrapper.java,98,_in = null;
S706,ByteSourceJsonBootstrapper.java,99,_inputBuffer = inputBuffer;
S707,ByteSourceJsonBootstrapper.java,100,_inputPtr = inputStart;
S708,ByteSourceJsonBootstrapper.java,101,_inputEnd = (inputStart + inputLen);
S709,ByteSourceJsonBootstrapper.java,104,_bufferRecyclable = false;
S710,ByteSourceJsonBootstrapper.java,120,boolean foundEncoding = false;
S711,ByteSourceJsonBootstrapper.java,129,if (ensureLoaded(4)) {
S712,ByteSourceJsonBootstrapper.java,130,int quad =  (_inputBuffer[_inputPtr] << 24)
S713,ByteSourceJsonBootstrapper.java,135,if (handleBOM(quad)) {
S714,ByteSourceJsonBootstrapper.java,136,foundEncoding = true;
S715,ByteSourceJsonBootstrapper.java,144,if (checkUTF32(quad)) {
S716,ByteSourceJsonBootstrapper.java,145,foundEncoding = true;
S717,ByteSourceJsonBootstrapper.java,146,} else if (checkUTF16(quad >>> 16)) {
S718,ByteSourceJsonBootstrapper.java,147,foundEncoding = true;
S719,ByteSourceJsonBootstrapper.java,150,} else if (ensureLoaded(2)) {
S720,ByteSourceJsonBootstrapper.java,151,int i16 = ((_inputBuffer[_inputPtr] & 0xFF) << 8)
S721,ByteSourceJsonBootstrapper.java,153,if (checkUTF16(i16)) {
S722,ByteSourceJsonBootstrapper.java,161,if (!foundEncoding) {
S723,ByteSourceJsonBootstrapper.java,162,enc = JsonEncoding.UTF8;
S724,ByteSourceJsonBootstrapper.java,164,switch (_bytesPerChar) {
S725,ByteSourceJsonBootstrapper.java,165,case 1: enc = JsonEncoding.UTF8;
S726,ByteSourceJsonBootstrapper.java,166,break;
S727,ByteSourceJsonBootstrapper.java,167,case 2: enc = _bigEndian ? JsonEncoding.UTF16_BE : JsonEncoding.UTF16_LE;
S728,ByteSourceJsonBootstrapper.java,168,break;
S729,ByteSourceJsonBootstrapper.java,169,case 4: enc = _bigEndian ? JsonEncoding.UTF32_BE : JsonEncoding.UTF32_LE;
S730,ByteSourceJsonBootstrapper.java,170,break;
S731,ByteSourceJsonBootstrapper.java,174,_context.setEncoding(enc);
S732,ByteSourceJsonBootstrapper.java,175,return enc;
S733,ByteSourceJsonBootstrapper.java,187,int b = input.readUnsignedByte();
S734,ByteSourceJsonBootstrapper.java,188,if (b != 0xEF) {
S735,ByteSourceJsonBootstrapper.java,189,return b;
S736,ByteSourceJsonBootstrapper.java,193,b = input.readUnsignedByte();
S737,ByteSourceJsonBootstrapper.java,194,if (b != 0xBB) {
S738,ByteSourceJsonBootstrapper.java,198,b = input.readUnsignedByte();
S739,ByteSourceJsonBootstrapper.java,199,if (b != 0xBF) {
S740,ByteSourceJsonBootstrapper.java,203,return input.readUnsignedByte();
S741,ByteSourceJsonBootstrapper.java,215,JsonEncoding enc = _context.getEncoding();
S742,ByteSourceJsonBootstrapper.java,216,switch (enc.bits()) {
S743,ByteSourceJsonBootstrapper.java,221,InputStream in = _in;
S744,ByteSourceJsonBootstrapper.java,223,if (in == null) {
S745,ByteSourceJsonBootstrapper.java,229,if (_inputPtr < _inputEnd) {
S746,ByteSourceJsonBootstrapper.java,230,"in = new MergedStream(_context, in, _inputBuffer, _inputPtr, _inputEnd);"
S747,ByteSourceJsonBootstrapper.java,233,"return new InputStreamReader(in, enc.getJavaName());"
S748,ByteSourceJsonBootstrapper.java,236,"return new UTF32Reader(_context, _in, _inputBuffer, _inputPtr, _inputEnd,"
S749,ByteSourceJsonBootstrapper.java,246,JsonEncoding enc = detectEncoding();
S750,ByteSourceJsonBootstrapper.java,248,if (enc == JsonEncoding.UTF8) {
S751,ByteSourceJsonBootstrapper.java,252,if (JsonFactory.Feature.CANONICALIZE_FIELD_NAMES.enabledIn(factoryFeatures)) {
S752,ByteSourceJsonBootstrapper.java,253,ByteQuadsCanonicalizer can = rootByteSymbols.makeChild(factoryFeatures);
S753,ByteSourceJsonBootstrapper.java,254,"return new UTF8StreamJsonParser(_context, parserFeatures, _in, codec, can,"
S754,ByteSourceJsonBootstrapper.java,258,"return new ReaderBasedJsonParser(_context, parserFeatures, constructReader(), codec,"
S755,ByteSourceJsonBootstrapper.java,279,if (!acc.hasMoreBytes()) {
S756,ByteSourceJsonBootstrapper.java,282,byte b = acc.nextByte();
S757,ByteSourceJsonBootstrapper.java,284,"if (b == UTF8_BOM_1) { // yes, looks like UTF-8 BOM"
S758,ByteSourceJsonBootstrapper.java,303,"int ch = skipSpace(acc, b);"
S759,ByteSourceJsonBootstrapper.java,304,if (ch < 0) {
S760,ByteSourceJsonBootstrapper.java,308,if (ch == '{') { // JSON object?
S761,ByteSourceJsonBootstrapper.java,310,ch = skipSpace(acc);
S762,ByteSourceJsonBootstrapper.java,311,if (ch < 0) {
S763,ByteSourceJsonBootstrapper.java,314,"if (ch == '""' || ch == '}') {"
S764,ByteSourceJsonBootstrapper.java,315,return MatchStrength.SOLID_MATCH;
S765,ByteSourceJsonBootstrapper.java,322,if (ch == '[') {
S766,ByteSourceJsonBootstrapper.java,323,ch = skipSpace(acc);
S767,ByteSourceJsonBootstrapper.java,324,if (ch < 0) {
S768,ByteSourceJsonBootstrapper.java,328,if (ch == ']' || ch == '[') {
S769,ByteSourceJsonBootstrapper.java,331,return MatchStrength.SOLID_MATCH;
S770,ByteSourceJsonBootstrapper.java,334,strength = MatchStrength.WEAK_MATCH;
S771,ByteSourceJsonBootstrapper.java,337,"if (ch == '""') { // string value"
S772,ByteSourceJsonBootstrapper.java,338,return strength;
S773,ByteSourceJsonBootstrapper.java,340,if (ch <= '9' && ch >= '0') { // number
S774,ByteSourceJsonBootstrapper.java,343,if (ch == '-') { // negative number
S775,ByteSourceJsonBootstrapper.java,351,if (ch == 'n') { // null
S776,ByteSourceJsonBootstrapper.java,354,if (ch == 't') { // true
S777,ByteSourceJsonBootstrapper.java,357,if (ch == 'f') { // false
S778,ByteSourceJsonBootstrapper.java,360,return MatchStrength.NO_MATCH;
S779,ByteSourceJsonBootstrapper.java,379,if (!acc.hasMoreBytes()) {
S780,ByteSourceJsonBootstrapper.java,382,"return skipSpace(acc, acc.nextByte());"
S781,ByteSourceJsonBootstrapper.java,388,int ch = (int) b & 0xFF;
S782,ByteSourceJsonBootstrapper.java,389,if (!(ch == ' ' || ch == '\r' || ch == '\n' || ch == '\t')) {
S783,ByteSourceJsonBootstrapper.java,390,return ch;
S784,ByteSourceJsonBootstrapper.java,392,if (!acc.hasMoreBytes()) {
S785,ByteSourceJsonBootstrapper.java,395,b = acc.nextByte();
S786,ByteSourceJsonBootstrapper.java,414,switch (quad) {
S787,ByteSourceJsonBootstrapper.java,434,int msw = quad >>> 16;
S788,ByteSourceJsonBootstrapper.java,435,"if (msw == 0xFEFF) { // UTF-16, BE"
S789,ByteSourceJsonBootstrapper.java,441,"if (msw == 0xFFFE) { // UTF-16, LE"
S790,ByteSourceJsonBootstrapper.java,448,if ((quad >>> 8) == 0xEFBBBF) { // UTF-8
S791,ByteSourceJsonBootstrapper.java,449,_inputPtr += 3;
S792,ByteSourceJsonBootstrapper.java,450,_bytesPerChar = 1;
S793,ByteSourceJsonBootstrapper.java,451,_bigEndian = true; // doesn't really matter
S794,ByteSourceJsonBootstrapper.java,452,return true;
S795,ByteSourceJsonBootstrapper.java,454,return false;
S796,ByteSourceJsonBootstrapper.java,462,if ((quad >> 8) == 0) { // 0x000000?? -> UTF32-BE
S797,ByteSourceJsonBootstrapper.java,463,_bigEndian = true;
S798,ByteSourceJsonBootstrapper.java,464,} else if ((quad & 0x00FFFFFF) == 0) { // 0x??000000 -> UTF32-LE
S799,ByteSourceJsonBootstrapper.java,466,} else if ((quad & ~0x00FF0000) == 0) { // 0x00??0000 -> UTF32-in-order
S800,ByteSourceJsonBootstrapper.java,468,} else if ((quad & ~0x0000FF00) == 0) { // 0x0000??00 -> UTF32-in-order
S801,ByteSourceJsonBootstrapper.java,472,return false;
S802,ByteSourceJsonBootstrapper.java,476,_bytesPerChar = 4;
S803,ByteSourceJsonBootstrapper.java,477,return true;
S804,ByteSourceJsonBootstrapper.java,482,if ((i16 & 0xFF00) == 0) { // UTF-16BE
S805,ByteSourceJsonBootstrapper.java,483,_bigEndian = true;
S806,ByteSourceJsonBootstrapper.java,484,} else if ((i16 & 0x00FF) == 0) { // UTF-16LE
S807,ByteSourceJsonBootstrapper.java,485,_bigEndian = false;
S808,ByteSourceJsonBootstrapper.java,487,return false;
S809,ByteSourceJsonBootstrapper.java,491,_bytesPerChar = 2;
S810,ByteSourceJsonBootstrapper.java,492,return true;
S811,ByteSourceJsonBootstrapper.java,515,int gotten = (_inputEnd - _inputPtr);
S812,ByteSourceJsonBootstrapper.java,516,while (gotten < minimum) {
S813,ByteSourceJsonBootstrapper.java,519,if (_in == null) { // block source
S814,ByteSourceJsonBootstrapper.java,520,count = -1;
S815,ByteSourceJsonBootstrapper.java,522,"count = _in.read(_inputBuffer, _inputEnd, _inputBuffer.length - _inputEnd);"
S816,ByteSourceJsonBootstrapper.java,524,if (count < 1) {
S817,ByteSourceJsonBootstrapper.java,525,return false;
S818,ByteSourceJsonBootstrapper.java,527,_inputEnd += count;
S819,ByteSourceJsonBootstrapper.java,528,gotten += count;
S820,ByteSourceJsonBootstrapper.java,530,return true;
S821,CharTypes.java,7,"private final static char[] HC = ""0123456789ABCDEF"".toCharArray();"
S822,CharTypes.java,10,int len = HC.length;
S823,CharTypes.java,11,HB = new byte[len];
S824,CharTypes.java,12,for (int i = 0; i < len; ++i) {
S825,CharTypes.java,13,HB[i] = (byte) HC[i];
S826,CharTypes.java,28,final int[] table = new int[256];
S827,CharTypes.java,30,for (int i = 0; i < 32; ++i) {
S828,CharTypes.java,31,table[i] = -1;
S829,CharTypes.java,34,"table['""'] = 1;"
S830,CharTypes.java,35,table['\\'] = 1;
S831,CharTypes.java,36,sInputCodes = table;
S832,CharTypes.java,45,final int[] table = new int[sInputCodes.length];
S833,CharTypes.java,46,"System.arraycopy(sInputCodes, 0, table, 0, table.length);"
S834,CharTypes.java,47,for (int c = 128; c < 256; ++c) {
S835,CharTypes.java,51,if ((c & 0xE0) == 0xC0) { // 2 bytes (0x0080 - 0x07FF)
S836,CharTypes.java,52,code = 2;
S837,CharTypes.java,53,} else if ((c & 0xF0) == 0xE0) { // 3 bytes (0x0800 - 0xFFFF)
S838,CharTypes.java,54,code = 3;
S839,CharTypes.java,55,} else if ((c & 0xF8) == 0xF0) {
S840,CharTypes.java,57,code = 4;
S841,CharTypes.java,60,code = -1;
S842,CharTypes.java,62,table[c] = code;
S843,CharTypes.java,64,sInputCodesUTF8 = table;
S844,CharTypes.java,75,final int[] table = new int[256];
S845,CharTypes.java,77,"Arrays.fill(table, -1);"
S846,CharTypes.java,79,for (int i = 33; i < 256; ++i) {
S847,CharTypes.java,80,if (Character.isJavaIdentifierPart((char) i)) {
S848,CharTypes.java,81,table[i] = 0;
S849,CharTypes.java,87,table['@'] = 0;
S850,CharTypes.java,88,table['#'] = 0;
S851,CharTypes.java,89,table['*'] = 0;
S852,CharTypes.java,90,table['-'] = 0;
S853,CharTypes.java,91,table['+'] = 0;
S854,CharTypes.java,92,sInputCodesJsNames = table;
S855,CharTypes.java,102,final int[] table = new int[256];
S856,CharTypes.java,104,"System.arraycopy(sInputCodesJsNames, 0, table, 0, table.length);"
S857,CharTypes.java,105,"Arrays.fill(table, 128, 128, 0);"
S858,CharTypes.java,106,sInputCodesUtf8JsNames = table;
S859,CharTypes.java,115,final int[] buf = new int[256];
S860,CharTypes.java,117,"System.arraycopy(sInputCodesUTF8, 128, buf, 128, 128);"
S861,CharTypes.java,120,"Arrays.fill(buf, 0, 32, -1); // invalid white space"
S862,CharTypes.java,121,buf['\t'] = 0; // tab is still fine
S863,CharTypes.java,122,"buf['\n'] = '\n'; // lf/cr need to be observed, ends cpp comment"
S864,CharTypes.java,123,buf['\r'] = '\r';
S865,CharTypes.java,124,buf['*'] = '*'; // end marker for c-style comments
S866,CharTypes.java,125,sInputCodesComment = buf;
S867,CharTypes.java,136,final int[] buf = new int[256];
S868,CharTypes.java,137,"System.arraycopy(sInputCodesUTF8, 128, buf, 128, 128);"
S869,CharTypes.java,142,"Arrays.fill(buf, 0, 32, -1); // invalid white space"
S870,CharTypes.java,143,buf[' '] = 1;
S871,CharTypes.java,144,buf['\t'] = 1;
S872,CharTypes.java,145,"buf['\n'] = '\n'; // lf/cr need to be observed, ends cpp comment"
S873,CharTypes.java,146,buf['\r'] = '\r';
S874,CharTypes.java,147,buf['/'] = '/'; // start marker for c/cpp comments
S875,CharTypes.java,148,buf['#'] = '#'; // start marker for YAML comments
S876,CharTypes.java,149,sInputCodesWS = buf;
S877,CharTypes.java,158,int[] table = new int[128];
S878,CharTypes.java,160,for (int i = 0; i < 32; ++i) {
S879,CharTypes.java,162,table[i] = CharacterEscapes.ESCAPE_STANDARD;
S880,CharTypes.java,167,"table['""'] = '""';"
S881,CharTypes.java,168,table['\\'] = '\\';
S882,CharTypes.java,170,table[0x08] = 'b';
S883,CharTypes.java,171,table[0x09] = 't';
S884,CharTypes.java,172,table[0x0C] = 'f';
S885,CharTypes.java,173,table[0x0A] = 'n';
S886,CharTypes.java,174,table[0x0D] = 'r';
S887,CharTypes.java,175,sOutputEscapes128 = table;
S888,CharTypes.java,183,private final static int[] sHexValues = new int[128];
S889,CharTypes.java,185,"Arrays.fill(sHexValues, -1);"
S890,CharTypes.java,186,for (int i = 0; i < 10; ++i) {
S891,CharTypes.java,187,sHexValues['0' + i] = i;
S892,CharTypes.java,189,for (int i = 0; i < 6; ++i) {
S893,CharTypes.java,190,sHexValues['a' + i] = 10 + i;
S894,CharTypes.java,191,sHexValues['A' + i] = 10 + i;
S895,CharTypes.java,195,public static int[] getInputCodeLatin1() { return sInputCodes; }
S896,CharTypes.java,196,public static int[] getInputCodeUtf8() { return sInputCodesUTF8; }
S897,CharTypes.java,198,public static int[] getInputCodeLatin1JsNames() { return sInputCodesJsNames; }
S898,CharTypes.java,199,public static int[] getInputCodeUtf8JsNames() { return sInputCodesUtf8JsNames; }
S899,CharTypes.java,201,public static int[] getInputCodeComment() { return sInputCodesComment; }
S900,CharTypes.java,211,public static int[] get7BitOutputEscapes() { return sOutputEscapes128; }
S901,CharTypes.java,215,return (ch > 127) ? -1 : sHexValues[ch];
S902,CharTypes.java,220,final int[] escCodes = sOutputEscapes128;
S903,CharTypes.java,221,int escLen = escCodes.length;
S904,CharTypes.java,222,"for (int i = 0, len = content.length(); i < len; ++i) {"
S905,CharTypes.java,223,char c = content.charAt(i);
S906,CharTypes.java,224,if (c >= escLen || escCodes[c] == 0) {
S907,CharTypes.java,225,sb.append(c);
S908,CharTypes.java,226,continue;
S909,CharTypes.java,228,sb.append('\\');
S910,CharTypes.java,229,int escCode = escCodes[c];
S911,CharTypes.java,230,if (escCode < 0) { // generic quoting (hex value)
S912,CharTypes.java,239,sb.append('u');
S913,CharTypes.java,240,sb.append('0');
S914,CharTypes.java,241,sb.append('0');
S915,CharTypes.java,242,int value = c;  // widening
S916,CharTypes.java,243,sb.append(HC[value >> 4]);
S917,CharTypes.java,244,sb.append(HC[value & 0xF]);
S918,CharTypes.java,245,"} else { // ""named"", i.e. prepend with slash"
S919,CharTypes.java,246,sb.append((char) escCode);
S920,CharTypes.java,252,return (char[]) HC.clone();
S921,CharTypes.java,256,return (byte[]) HB.clone();
S922,CharacterEscapes.java,13,public abstract class CharacterEscapes
S923,CharacterEscapes.java,68,int[] esc = CharTypes.get7BitOutputEscapes();
S924,CharacterEscapes.java,69,"return Arrays.copyOf(esc, esc.length);"
S925,CharsToNameCanonicalizer.java,45,public final class CharsToNameCanonicalizer
S926,CharsToNameCanonicalizer.java,233,_parent = null;
S927,CharsToNameCanonicalizer.java,234,_seed = seed;
S928,CharsToNameCanonicalizer.java,237,_canonicalize = true;
S929,CharsToNameCanonicalizer.java,238,_flags = -1;
S930,CharsToNameCanonicalizer.java,240,_hashShared = false; // doesn't really matter for root instance
S931,CharsToNameCanonicalizer.java,241,_longestCollisionList = 0;
S932,CharsToNameCanonicalizer.java,243,_tableInfo = new AtomicReference<TableInfo>(TableInfo.createInitial(DEFAULT_T_SIZE));
S933,CharsToNameCanonicalizer.java,254,_parent = parent;
S934,CharsToNameCanonicalizer.java,255,_seed = seed;
S935,CharsToNameCanonicalizer.java,256,_tableInfo = null; // not used by child tables
S936,CharsToNameCanonicalizer.java,257,_flags = flags;
S937,CharsToNameCanonicalizer.java,258,_canonicalize = JsonFactory.Feature.CANONICALIZE_FIELD_NAMES.enabledIn(flags);
S938,CharsToNameCanonicalizer.java,261,_symbols = parentState.symbols;
S939,CharsToNameCanonicalizer.java,262,_buckets = parentState.buckets;
S940,CharsToNameCanonicalizer.java,264,_size = parentState.size;
S941,CharsToNameCanonicalizer.java,265,_longestCollisionList = parentState.longestCollisionList;
S942,CharsToNameCanonicalizer.java,268,int arrayLen = (_symbols.length);
S943,CharsToNameCanonicalizer.java,269,_sizeThreshold = _thresholdSize(arrayLen);
S944,CharsToNameCanonicalizer.java,270,_indexMask =  (arrayLen - 1);
S945,CharsToNameCanonicalizer.java,273,_hashShared = true;
S946,CharsToNameCanonicalizer.java,276,private static int _thresholdSize(int hashAreaSize) { return hashAreaSize - (hashAreaSize >> 2); }
S947,CharsToNameCanonicalizer.java,293,long now = System.currentTimeMillis();
S948,CharsToNameCanonicalizer.java,295,int seed = (((int) now) + ((int) (now >>> 32))) | 1;
S949,CharsToNameCanonicalizer.java,296,return createRoot(seed);
S950,CharsToNameCanonicalizer.java,300,return new CharsToNameCanonicalizer(seed);
S951,CharsToNameCanonicalizer.java,315,"return new CharsToNameCanonicalizer(this, flags, _seed, _tableInfo.get());"
S952,CharsToNameCanonicalizer.java,326,if (!maybeDirty()) { return; }
S953,CharsToNameCanonicalizer.java,329,if (_parent != null && _canonicalize) { // canonicalize set to false if max size was reached
S954,CharsToNameCanonicalizer.java,330,_parent.mergeChild(new TableInfo(this));
S955,CharsToNameCanonicalizer.java,333,_hashShared = true;
S956,CharsToNameCanonicalizer.java,346,final int childCount = childState.size;
S957,CharsToNameCanonicalizer.java,347,TableInfo currState = _tableInfo.get();
S958,CharsToNameCanonicalizer.java,351,if (childCount == currState.size) {
S959,CharsToNameCanonicalizer.java,358,if (childCount > MAX_ENTRIES_FOR_REUSE) {
S960,CharsToNameCanonicalizer.java,360,childState = TableInfo.createInitial(DEFAULT_T_SIZE);
S961,CharsToNameCanonicalizer.java,362,"_tableInfo.compareAndSet(currState, childState);"
S962,CharsToNameCanonicalizer.java,372,if (_tableInfo != null) { // root table
S963,CharsToNameCanonicalizer.java,373,return _tableInfo.get().size;
S964,CharsToNameCanonicalizer.java,376,return _size;
S965,CharsToNameCanonicalizer.java,385,public int bucketCount() {  return _symbols.length; }
S966,CharsToNameCanonicalizer.java,386,public boolean maybeDirty() { return !_hashShared; }
S967,CharsToNameCanonicalizer.java,387,public int hashSeed() { return _seed; }
S968,CharsToNameCanonicalizer.java,397,int count = 0;
S969,CharsToNameCanonicalizer.java,399,for (Bucket bucket : _buckets) {
S970,CharsToNameCanonicalizer.java,400,if (bucket != null) {
S971,CharsToNameCanonicalizer.java,401,count += bucket.length;
S972,CharsToNameCanonicalizer.java,404,return count;
S973,CharsToNameCanonicalizer.java,414,public int maxCollisionLength() { return _longestCollisionList; }
S974,CharsToNameCanonicalizer.java,424,if (len < 1) { // empty Strings are simplest to handle up front
S975,CharsToNameCanonicalizer.java,425,"return """";"
S976,CharsToNameCanonicalizer.java,427,if (!_canonicalize) { // [JACKSON-259]
S977,CharsToNameCanonicalizer.java,428,"return new String(buffer, start, len);"
S978,CharsToNameCanonicalizer.java,436,int index = _hashToIndex(h);
S979,CharsToNameCanonicalizer.java,437,String sym = _symbols[index];
S980,CharsToNameCanonicalizer.java,440,if (sym != null) {
S981,CharsToNameCanonicalizer.java,442,if (sym.length() == len) {
S982,CharsToNameCanonicalizer.java,443,int i = 0;
S983,CharsToNameCanonicalizer.java,444,while (sym.charAt(i) == buffer[start+i]) {
S984,CharsToNameCanonicalizer.java,446,if (++i == len) {
S985,CharsToNameCanonicalizer.java,447,return sym;
S986,CharsToNameCanonicalizer.java,451,Bucket b = _buckets[index>>1];
S987,CharsToNameCanonicalizer.java,452,if (b != null) {
S988,CharsToNameCanonicalizer.java,453,"sym = b.has(buffer, start, len);"
S989,CharsToNameCanonicalizer.java,454,if (sym != null) {
S990,CharsToNameCanonicalizer.java,455,return sym;
S991,CharsToNameCanonicalizer.java,457,"sym = _findSymbol2(buffer, start, len, b.next);"
S992,CharsToNameCanonicalizer.java,458,if (sym != null) {
S993,CharsToNameCanonicalizer.java,459,return sym;
S994,CharsToNameCanonicalizer.java,463,"return _addSymbol(buffer, start, len, h, index);"
S995,CharsToNameCanonicalizer.java,467,while (b != null) {
S996,CharsToNameCanonicalizer.java,468,"String sym = b.has(buffer, start, len);"
S997,CharsToNameCanonicalizer.java,469,if (sym != null) {
S998,CharsToNameCanonicalizer.java,470,return sym;
S999,CharsToNameCanonicalizer.java,472,b = b.next;
S1000,CharsToNameCanonicalizer.java,474,return null;
S1001,CharsToNameCanonicalizer.java,479,if (_hashShared) { //need to do copy-on-write?
S1002,CharsToNameCanonicalizer.java,480,copyArrays();
S1003,CharsToNameCanonicalizer.java,481,_hashShared = false;
S1004,CharsToNameCanonicalizer.java,482,} else if (_size >= _sizeThreshold) { // Need to expand?
S1005,CharsToNameCanonicalizer.java,483,rehash();
S1006,CharsToNameCanonicalizer.java,487,"index = _hashToIndex(calcHash(buffer, start, len));"
S1007,CharsToNameCanonicalizer.java,490,"String newSymbol = new String(buffer, start, len);"
S1008,CharsToNameCanonicalizer.java,491,if (JsonFactory.Feature.INTERN_FIELD_NAMES.enabledIn(_flags)) {
S1009,CharsToNameCanonicalizer.java,492,newSymbol = InternCache.instance.intern(newSymbol);
S1010,CharsToNameCanonicalizer.java,494,++_size;
S1011,CharsToNameCanonicalizer.java,496,if (_symbols[index] == null) {
S1012,CharsToNameCanonicalizer.java,497,_symbols[index] = newSymbol;
S1013,CharsToNameCanonicalizer.java,499,final int bix = (index >> 1);
S1014,CharsToNameCanonicalizer.java,500,"Bucket newB = new Bucket(newSymbol, _buckets[bix]);"
S1015,CharsToNameCanonicalizer.java,501,int collLen = newB.length;
S1016,CharsToNameCanonicalizer.java,502,if (collLen > MAX_COLL_CHAIN_LENGTH) {
S1017,CharsToNameCanonicalizer.java,505,"_handleSpillOverflow(bix, newB);"
S1018,CharsToNameCanonicalizer.java,507,_buckets[bix] = newB;
S1019,CharsToNameCanonicalizer.java,508,"_longestCollisionList = Math.max(collLen, _longestCollisionList);"
S1020,CharsToNameCanonicalizer.java,511,return newSymbol;
S1021,CharsToNameCanonicalizer.java,516,if (_overflows == null) {
S1022,CharsToNameCanonicalizer.java,517,_overflows = new BitSet();
S1023,CharsToNameCanonicalizer.java,518,_overflows.set(bindex);
S1024,CharsToNameCanonicalizer.java,520,if (_overflows.get(bindex)) {
S1025,CharsToNameCanonicalizer.java,522,if (JsonFactory.Feature.FAIL_ON_SYMBOL_HASH_OVERFLOW.enabledIn(_flags)) {
S1026,CharsToNameCanonicalizer.java,523,reportTooManyCollisions(MAX_COLL_CHAIN_LENGTH);
S1027,CharsToNameCanonicalizer.java,526,_canonicalize = false;
S1028,CharsToNameCanonicalizer.java,532,_symbols[bindex + bindex] = newBucket.symbol;
S1029,CharsToNameCanonicalizer.java,533,_buckets[bindex] = null;
S1030,CharsToNameCanonicalizer.java,535,_size -= (newBucket.length);
S1031,CharsToNameCanonicalizer.java,537,_longestCollisionList = -1;
S1032,CharsToNameCanonicalizer.java,546,rawHash += (rawHash >>> 15);
S1033,CharsToNameCanonicalizer.java,547,rawHash ^= (rawHash << 7);
S1034,CharsToNameCanonicalizer.java,548,rawHash += (rawHash >>> 3);
S1035,CharsToNameCanonicalizer.java,549,return (rawHash & _indexMask);
S1036,CharsToNameCanonicalizer.java,562,int hash = _seed;
S1037,CharsToNameCanonicalizer.java,563,"for (int i = start, end = start+len; i < end; ++i) {"
S1038,CharsToNameCanonicalizer.java,564,hash = (hash * HASH_MULT) + (int) buffer[i];
S1039,CharsToNameCanonicalizer.java,567,return (hash == 0) ? 1 : hash;
S1040,CharsToNameCanonicalizer.java,572,final int len = key.length();
S1041,CharsToNameCanonicalizer.java,574,int hash = _seed;
S1042,CharsToNameCanonicalizer.java,575,for (int i = 0; i < len; ++i) {
S1043,CharsToNameCanonicalizer.java,576,hash = (hash * HASH_MULT) + (int) key.charAt(i);
S1044,CharsToNameCanonicalizer.java,579,return (hash == 0) ? 1 : hash;
S1045,CharsToNameCanonicalizer.java,593,final String[] oldSyms = _symbols;
S1046,CharsToNameCanonicalizer.java,594,"_symbols = Arrays.copyOf(oldSyms, oldSyms.length);"
S1047,CharsToNameCanonicalizer.java,595,final Bucket[] oldBuckets = _buckets;
S1048,CharsToNameCanonicalizer.java,596,"_buckets = Arrays.copyOf(oldBuckets, oldBuckets.length);"
S1049,CharsToNameCanonicalizer.java,607,int size = _symbols.length;
S1050,CharsToNameCanonicalizer.java,608,int newSize = size + size;
S1051,CharsToNameCanonicalizer.java,614,if (newSize > MAX_T_SIZE) {
S1052,CharsToNameCanonicalizer.java,627,String[] oldSyms = _symbols;
S1053,CharsToNameCanonicalizer.java,628,Bucket[] oldBuckets = _buckets;
S1054,CharsToNameCanonicalizer.java,629,_symbols = new String[newSize];
S1055,CharsToNameCanonicalizer.java,630,_buckets = new Bucket[newSize >> 1];
S1056,CharsToNameCanonicalizer.java,632,_indexMask = newSize - 1;
S1057,CharsToNameCanonicalizer.java,633,_sizeThreshold = _thresholdSize(newSize);
S1058,CharsToNameCanonicalizer.java,635,int count = 0; // let's do sanity check
S1059,CharsToNameCanonicalizer.java,639,int maxColl = 0;
S1060,CharsToNameCanonicalizer.java,640,for (int i = 0; i < size; ++i) {
S1061,CharsToNameCanonicalizer.java,641,String symbol = oldSyms[i];
S1062,CharsToNameCanonicalizer.java,642,if (symbol != null) {
S1063,CharsToNameCanonicalizer.java,643,++count;
S1064,CharsToNameCanonicalizer.java,644,int index = _hashToIndex(calcHash(symbol));
S1065,CharsToNameCanonicalizer.java,645,if (_symbols[index] == null) {
S1066,CharsToNameCanonicalizer.java,646,_symbols[index] = symbol;
S1067,CharsToNameCanonicalizer.java,648,int bix = (index >> 1);
S1068,CharsToNameCanonicalizer.java,649,"Bucket newB = new Bucket(symbol, _buckets[bix]);"
S1069,CharsToNameCanonicalizer.java,650,_buckets[bix] = newB;
S1070,CharsToNameCanonicalizer.java,651,"maxColl = Math.max(maxColl, newB.length);"
S1071,CharsToNameCanonicalizer.java,656,size >>= 1;
S1072,CharsToNameCanonicalizer.java,657,for (int i = 0; i < size; ++i) {
S1073,CharsToNameCanonicalizer.java,658,Bucket b = oldBuckets[i];
S1074,CharsToNameCanonicalizer.java,659,while (b != null) {
S1075,CharsToNameCanonicalizer.java,660,++count;
S1076,CharsToNameCanonicalizer.java,661,String symbol = b.symbol;
S1077,CharsToNameCanonicalizer.java,662,int index = _hashToIndex(calcHash(symbol));
S1078,CharsToNameCanonicalizer.java,663,if (_symbols[index] == null) {
S1079,CharsToNameCanonicalizer.java,664,_symbols[index] = symbol;
S1080,CharsToNameCanonicalizer.java,666,int bix = (index >> 1);
S1081,CharsToNameCanonicalizer.java,667,"Bucket newB = new Bucket(symbol, _buckets[bix]);"
S1082,CharsToNameCanonicalizer.java,668,_buckets[bix] = newB;
S1083,CharsToNameCanonicalizer.java,669,"maxColl = Math.max(maxColl, newB.length);"
S1084,CharsToNameCanonicalizer.java,671,b = b.next;
S1085,CharsToNameCanonicalizer.java,674,_longestCollisionList = maxColl;
S1086,CharsToNameCanonicalizer.java,675,_overflows = null;
S1087,CharsToNameCanonicalizer.java,677,if (count != _size) {
S1088,CharsToNameCanonicalizer.java,688,"throw new IllegalStateException(""Longest collision chain in symbol table (of size ""+_size"
S1089,CharsToNameCanonicalizer.java,757,"public Bucket(String s, Bucket n) {"
S1090,CharsToNameCanonicalizer.java,758,symbol = s;
S1091,CharsToNameCanonicalizer.java,759,next = n;
S1092,CharsToNameCanonicalizer.java,760,length = (n == null) ? 1 : n.length+1;
S1093,CharsToNameCanonicalizer.java,764,if (symbol.length() != len) {
S1094,CharsToNameCanonicalizer.java,765,return null;
S1095,CharsToNameCanonicalizer.java,767,int i = 0;
S1096,CharsToNameCanonicalizer.java,769,if (symbol.charAt(i) != buf[start+i]) {
S1097,CharsToNameCanonicalizer.java,770,return null;
S1098,CharsToNameCanonicalizer.java,772,} while (++i < len);
S1099,CharsToNameCanonicalizer.java,773,return symbol;
S1100,CharsToNameCanonicalizer.java,794,this.size = size;
S1101,CharsToNameCanonicalizer.java,795,this.longestCollisionList = longestCollisionList;
S1102,CharsToNameCanonicalizer.java,796,this.symbols = symbols;
S1103,CharsToNameCanonicalizer.java,797,this.buckets = buckets;
S1104,CharsToNameCanonicalizer.java,802,this.size = src._size;
S1105,CharsToNameCanonicalizer.java,803,this.longestCollisionList = src._longestCollisionList;
S1106,CharsToNameCanonicalizer.java,804,this.symbols = src._symbols;
S1107,CharsToNameCanonicalizer.java,805,this.buckets = src._buckets;
S1108,CharsToNameCanonicalizer.java,809,"return new TableInfo(0,"
S1109,DataFormatDetector.java,58,"this(detectors, MatchStrength.SOLID_MATCH, MatchStrength.WEAK_MATCH,"
S1110,DataFormatDetector.java,101,"MatchStrength optMatch, MatchStrength minMatch, int maxInputLookahead) {"
S1111,DataFormatDetector.java,102,_detectors = detectors;
S1112,DataFormatDetector.java,103,_optimalMatch = optMatch;
S1113,DataFormatDetector.java,104,_minimalMatch = minMatch;
S1114,DataFormatDetector.java,105,_maxInputLookahead = maxInputLookahead;
S1115,DataFormatDetector.java,123,"return _findFormat(new InputAccessor.Std(in, new byte[_maxInputLookahead]));"
S1116,DataFormatDetector.java,178,JsonFactory bestMatch = null;
S1117,DataFormatDetector.java,179,MatchStrength bestMatchStrength = null;
S1118,DataFormatDetector.java,180,for (JsonFactory f : _detectors) {
S1119,DataFormatDetector.java,181,acc.reset();
S1120,DataFormatDetector.java,182,MatchStrength strength = f.hasFormat(acc);
S1121,DataFormatDetector.java,184,if (strength == null || strength.ordinal() < _minimalMatch.ordinal()) {
S1122,DataFormatDetector.java,185,continue;
S1123,DataFormatDetector.java,188,if (bestMatch != null) {
S1124,DataFormatDetector.java,194,bestMatch = f;
S1125,DataFormatDetector.java,195,bestMatchStrength = strength;
S1126,DataFormatDetector.java,196,if (strength.ordinal() >= _optimalMatch.ordinal()) {
S1127,DataFormatDetector.java,197,break;
S1128,DataFormatDetector.java,200,"return acc.createMatcher(bestMatch, bestMatchStrength);"
S1129,DataFormatMatcher.java,46,_originalStream = in;
S1130,DataFormatMatcher.java,47,_bufferedData = buffered;
S1131,DataFormatMatcher.java,48,_bufferedStart = bufferedStart;
S1132,DataFormatMatcher.java,49,_bufferedLength = bufferedLength;
S1133,DataFormatMatcher.java,50,_match = match;
S1134,DataFormatMatcher.java,51,_matchStrength = strength;
S1135,DataFormatMatcher.java,54,if ((bufferedStart | bufferedLength) < 0
S1136,DataFormatMatcher.java,56,"throw new IllegalArgumentException(String.format(""Illegal start/length (%d/%d) wrt input array of %d bytes"","
S1137,DataFormatMatcher.java,71,public boolean hasMatch() { return _match != null; }
S1138,DataFormatMatcher.java,78,return (_matchStrength == null) ? MatchStrength.INCONCLUSIVE : _matchStrength;
S1139,DataFormatMatcher.java,84,public JsonFactory getMatch() { return _match; }
S1140,DataFormatMatcher.java,94,return _match.getFormatName();
S1141,DataFormatMatcher.java,109,if (_match == null) {
S1142,DataFormatMatcher.java,110,return null;
S1143,DataFormatMatcher.java,112,if (_originalStream == null) {
S1144,DataFormatMatcher.java,115,return _match.createParser(getDataStream());
S1145,DataFormatMatcher.java,126,if (_originalStream == null) {
S1146,DataFormatMatcher.java,127,"return new ByteArrayInputStream(_bufferedData, _bufferedStart, _bufferedLength);"
S1147,DataFormatMatcher.java,129,"return new MergedStream(null, _originalStream, _bufferedData, _bufferedStart, _bufferedLength);"
S1148,DataOutputAsStream.java,16,super();
S1149,DataOutputAsStream.java,17,_output = out;
S1150,DataOutputAsStream.java,32,"_output.write(b, offset, length);"
S1151,DefaultIndenter.java,22,"lf = System.getProperty(""line.separator"");"
S1152,DefaultIndenter.java,26,SYS_LF = lf;
S1153,DefaultIndenter.java,29,"public static final DefaultIndenter SYSTEM_LINEFEED_INSTANCE = new DefaultIndenter(""  "", SYS_LF);"
S1154,DefaultIndenter.java,44,"this(""  "", SYS_LF);"
S1155,DefaultIndenter.java,53,charsPerLevel = indent.length();
S1156,DefaultIndenter.java,55,indents = new char[indent.length() * INDENT_LEVELS];
S1157,DefaultIndenter.java,56,int offset = 0;
S1158,DefaultIndenter.java,57,for (int i=0; i<INDENT_LEVELS; i++) {
S1159,DefaultIndenter.java,58,"indent.getChars(0, indent.length(), indents, offset);"
S1160,DefaultIndenter.java,59,offset += indent.length();
S1161,DefaultIndenter.java,62,this.eol = eol;
S1162,DefaultIndenter.java,67,if (lf.equals(eol)) {
S1163,DefaultIndenter.java,68,return this;
S1164,DefaultIndenter.java,75,if (indent.equals(getIndent())) {
S1165,DefaultIndenter.java,78,"return new DefaultIndenter(indent, eol);"
S1166,DefaultIndenter.java,82,public boolean isInline() { return false; }
S1167,DefaultIndenter.java,87,jg.writeRaw(eol);
S1168,DefaultIndenter.java,88,if (level > 0) { // should we err on negative values (as there's some flaw?)
S1169,DefaultIndenter.java,89,level *= charsPerLevel;
S1170,DefaultIndenter.java,90,while (level > indents.length) { // unlike to happen but just in case
S1171,DefaultIndenter.java,94,"jg.writeRaw(indents, 0, level);"
S1172,DefaultIndenter.java,103,"return new String(indents, 0, charsPerLevel);"
S1173,DefaultPrettyPrinter.java,28,"public final static SerializedString DEFAULT_ROOT_VALUE_SEPARATOR = new SerializedString("" "");"
S1174,DefaultPrettyPrinter.java,52,protected Indenter _arrayIndenter = FixedSpaceIndenter.instance;
S1175,DefaultPrettyPrinter.java,60,protected Indenter _objectIndenter = DefaultIndenter.SYSTEM_LINEFEED_INSTANCE;
S1176,DefaultPrettyPrinter.java,74,protected boolean _spacesInObjectEntries = true;
S1177,DefaultPrettyPrinter.java,101,this(DEFAULT_ROOT_VALUE_SEPARATOR);
S1178,DefaultPrettyPrinter.java,116,this((rootSeparator == null) ? null : new SerializedString(rootSeparator));
S1179,DefaultPrettyPrinter.java,127,public DefaultPrettyPrinter(SerializableString rootSeparator) {
S1180,DefaultPrettyPrinter.java,128,_rootSeparator = rootSeparator;
S1181,DefaultPrettyPrinter.java,129,withSeparators(DEFAULT_SEPARATORS);
S1182,DefaultPrettyPrinter.java,133,"this(base, base._rootSeparator);"
S1183,DefaultPrettyPrinter.java,139,_arrayIndenter = base._arrayIndenter;
S1184,DefaultPrettyPrinter.java,140,_objectIndenter = base._objectIndenter;
S1185,DefaultPrettyPrinter.java,141,_spacesInObjectEntries = base._spacesInObjectEntries;
S1186,DefaultPrettyPrinter.java,142,_nesting = base._nesting;
S1187,DefaultPrettyPrinter.java,144,_separators = base._separators;
S1188,DefaultPrettyPrinter.java,145,_objectFieldValueSeparatorWithSpaces = base._objectFieldValueSeparatorWithSpaces;
S1189,DefaultPrettyPrinter.java,147,_rootSeparator = rootSeparator;
S1190,DefaultPrettyPrinter.java,152,if (_rootSeparator == rootSeparator ||
S1191,DefaultPrettyPrinter.java,156,"return new DefaultPrettyPrinter(this, rootSeparator);"
S1192,DefaultPrettyPrinter.java,163,return withRootSeparator((rootSeparator == null) ? null : new SerializedString(rootSeparator));
S1193,DefaultPrettyPrinter.java,178,if (i == null) {
S1194,DefaultPrettyPrinter.java,179,i = NopIndenter.instance;
S1195,DefaultPrettyPrinter.java,181,if (_arrayIndenter == i) {
S1196,DefaultPrettyPrinter.java,184,DefaultPrettyPrinter pp = new DefaultPrettyPrinter(this);
S1197,DefaultPrettyPrinter.java,185,pp._arrayIndenter = i;
S1198,DefaultPrettyPrinter.java,186,return pp;
S1199,DefaultPrettyPrinter.java,193,if (i == null) {
S1200,DefaultPrettyPrinter.java,194,i = NopIndenter.instance;
S1201,DefaultPrettyPrinter.java,196,if (_objectIndenter == i) {
S1202,DefaultPrettyPrinter.java,199,DefaultPrettyPrinter pp = new DefaultPrettyPrinter(this);
S1203,DefaultPrettyPrinter.java,200,pp._objectIndenter = i;
S1204,DefaultPrettyPrinter.java,201,return pp;
S1205,DefaultPrettyPrinter.java,225,return _withSpaces(false);
S1206,DefaultPrettyPrinter.java,230,if (_spacesInObjectEntries == state) {
S1207,DefaultPrettyPrinter.java,233,DefaultPrettyPrinter pp = new DefaultPrettyPrinter(this);
S1208,DefaultPrettyPrinter.java,234,pp._spacesInObjectEntries = state;
S1209,DefaultPrettyPrinter.java,235,return pp;
S1210,DefaultPrettyPrinter.java,242,_separators = separators;
S1211,DefaultPrettyPrinter.java,243,"_objectFieldValueSeparatorWithSpaces = "" "" + separators.getObjectFieldValueSeparator() + "" "";"
S1212,DefaultPrettyPrinter.java,244,return this;
S1213,DefaultPrettyPrinter.java,267,if (_rootSeparator != null) {
S1214,DefaultPrettyPrinter.java,268,g.writeRaw(_rootSeparator);
S1215,DefaultPrettyPrinter.java,275,g.writeRaw('{');
S1216,DefaultPrettyPrinter.java,276,if (!_objectIndenter.isInline()) {
S1217,DefaultPrettyPrinter.java,277,++_nesting;
S1218,DefaultPrettyPrinter.java,284,"_objectIndenter.writeIndentation(g, _nesting);"
S1219,DefaultPrettyPrinter.java,299,if (_spacesInObjectEntries) {
S1220,DefaultPrettyPrinter.java,300,g.writeRaw(_objectFieldValueSeparatorWithSpaces);
S1221,DefaultPrettyPrinter.java,302,g.writeRaw(_separators.getObjectFieldValueSeparator());
S1222,DefaultPrettyPrinter.java,318,g.writeRaw(_separators.getObjectEntrySeparator());
S1223,DefaultPrettyPrinter.java,319,"_objectIndenter.writeIndentation(g, _nesting);"
S1224,DefaultPrettyPrinter.java,325,if (!_objectIndenter.isInline()) {
S1225,DefaultPrettyPrinter.java,326,--_nesting;
S1226,DefaultPrettyPrinter.java,328,if (nrOfEntries > 0) {
S1227,DefaultPrettyPrinter.java,329,"_objectIndenter.writeIndentation(g, _nesting);"
S1228,DefaultPrettyPrinter.java,331,g.writeRaw(' ');
S1229,DefaultPrettyPrinter.java,333,g.writeRaw('}');
S1230,DefaultPrettyPrinter.java,339,if (!_arrayIndenter.isInline()) {
S1231,DefaultPrettyPrinter.java,342,g.writeRaw('[');
S1232,DefaultPrettyPrinter.java,347,"_arrayIndenter.writeIndentation(g, _nesting);"
S1233,DefaultPrettyPrinter.java,362,g.writeRaw(_separators.getArrayValueSeparator());
S1234,DefaultPrettyPrinter.java,363,"_arrayIndenter.writeIndentation(g, _nesting);"
S1235,DefaultPrettyPrinter.java,369,if (!_arrayIndenter.isInline()) {
S1236,DefaultPrettyPrinter.java,372,if (nrOfValues > 0) {
S1237,DefaultPrettyPrinter.java,373,"_arrayIndenter.writeIndentation(g, _nesting);"
S1238,DefaultPrettyPrinter.java,375,g.writeRaw(' ');
S1239,DefaultPrettyPrinter.java,377,g.writeRaw(']');
S1240,DefaultPrettyPrinter.java,389,public static class NopIndenter
S1241,DefaultPrettyPrinter.java,392,public static final NopIndenter instance = new NopIndenter();
S1242,DefaultPrettyPrinter.java,395,"public void writeIndentation(JsonGenerator g, int level) throws IOException { }"
S1243,DefaultPrettyPrinter.java,398,public boolean isInline() { return true; }
S1244,DefaultPrettyPrinter.java,406,public static class FixedSpaceIndenter extends NopIndenter
S1245,DefaultPrettyPrinter.java,408,public static final FixedSpaceIndenter instance = new FixedSpaceIndenter();
S1246,DefaultPrettyPrinter.java,413,g.writeRaw(' ');
S1247,DefaultPrettyPrinter.java,417,public boolean isInline() { return true; }
S1248,DupDetector.java,36,private DupDetector(Object src) {
S1249,DupDetector.java,37,_source = src;
S1250,DupDetector.java,41,return new DupDetector(p);
S1251,DupDetector.java,45,return new DupDetector(g);
S1252,DupDetector.java,49,return new DupDetector(_source);
S1253,DupDetector.java,53,_firstName = null;
S1254,DupDetector.java,54,_secondName = null;
S1255,DupDetector.java,55,_seen = null;
S1256,DupDetector.java,71,return _source;
S1257,DupDetector.java,76,if (_firstName == null) {
S1258,DupDetector.java,77,_firstName = name;
S1259,DupDetector.java,78,return false;
S1260,DupDetector.java,80,if (name.equals(_firstName)) {
S1261,DupDetector.java,81,return true;
S1262,DupDetector.java,83,if (_secondName == null) {
S1263,DupDetector.java,84,_secondName = name;
S1264,DupDetector.java,85,return false;
S1265,DupDetector.java,87,if (name.equals(_secondName)) {
S1266,DupDetector.java,90,if (_seen == null) {
S1267,DupDetector.java,91,"_seen = new HashSet<String>(16); // 16 is default, seems reasonable"
S1268,DupDetector.java,92,_seen.add(_firstName);
S1269,DupDetector.java,93,_seen.add(_secondName);
S1270,DupDetector.java,95,return !_seen.add(name);
S1271,FilteringGeneratorDelegate.java,96,"super(d, false);"
S1272,FilteringGeneratorDelegate.java,97,rootFilter = f;
S1273,FilteringGeneratorDelegate.java,99,_itemFilter = f;
S1274,FilteringGeneratorDelegate.java,100,_filterContext = TokenFilterContext.createRootContext(f);
S1275,FilteringGeneratorDelegate.java,101,_includePath = includePath;
S1276,FilteringGeneratorDelegate.java,102,_allowMultipleMatches = allowMultipleMatches;
S1277,FilteringGeneratorDelegate.java,111,public TokenFilter getFilter() { return rootFilter; }
S1278,FilteringGeneratorDelegate.java,114,return _filterContext;
S1279,FilteringGeneratorDelegate.java,122,return _matchCount;
S1280,FilteringGeneratorDelegate.java,150,if (_itemFilter == null) {
S1281,FilteringGeneratorDelegate.java,151,"_filterContext = _filterContext.createChildArrayContext(null, false);"
S1282,FilteringGeneratorDelegate.java,152,return;
S1283,FilteringGeneratorDelegate.java,154,if (_itemFilter == TokenFilter.INCLUDE_ALL) { // include the whole sub-tree?
S1284,FilteringGeneratorDelegate.java,155,"_filterContext = _filterContext.createChildArrayContext(_itemFilter, true);"
S1285,FilteringGeneratorDelegate.java,156,delegate.writeStartArray();
S1286,FilteringGeneratorDelegate.java,157,return;
S1287,FilteringGeneratorDelegate.java,160,_itemFilter = _filterContext.checkValue(_itemFilter);
S1288,FilteringGeneratorDelegate.java,161,if (_itemFilter == null) {
S1289,FilteringGeneratorDelegate.java,162,"_filterContext = _filterContext.createChildArrayContext(null, false);"
S1290,FilteringGeneratorDelegate.java,163,return;
S1291,FilteringGeneratorDelegate.java,165,if (_itemFilter != TokenFilter.INCLUDE_ALL) {
S1292,FilteringGeneratorDelegate.java,166,_itemFilter = _itemFilter.filterStartArray();
S1293,FilteringGeneratorDelegate.java,168,if (_itemFilter == TokenFilter.INCLUDE_ALL) {
S1294,FilteringGeneratorDelegate.java,169,_checkParentPath();
S1295,FilteringGeneratorDelegate.java,170,"_filterContext = _filterContext.createChildArrayContext(_itemFilter, true);"
S1296,FilteringGeneratorDelegate.java,171,delegate.writeStartArray();
S1297,FilteringGeneratorDelegate.java,173,"_filterContext = _filterContext.createChildArrayContext(_itemFilter, false);"
S1298,FilteringGeneratorDelegate.java,180,if (_itemFilter == null) {
S1299,FilteringGeneratorDelegate.java,184,if (_itemFilter == TokenFilter.INCLUDE_ALL) {
S1300,FilteringGeneratorDelegate.java,185,"_filterContext = _filterContext.createChildArrayContext(_itemFilter, true);"
S1301,FilteringGeneratorDelegate.java,186,delegate.writeStartArray(size);
S1302,FilteringGeneratorDelegate.java,187,return;
S1303,FilteringGeneratorDelegate.java,189,_itemFilter = _filterContext.checkValue(_itemFilter);
S1304,FilteringGeneratorDelegate.java,190,if (_itemFilter == null) {
S1305,FilteringGeneratorDelegate.java,194,if (_itemFilter != TokenFilter.INCLUDE_ALL) {
S1306,FilteringGeneratorDelegate.java,195,_itemFilter = _itemFilter.filterStartArray();
S1307,FilteringGeneratorDelegate.java,197,if (_itemFilter == TokenFilter.INCLUDE_ALL) {
S1308,FilteringGeneratorDelegate.java,202,"_filterContext = _filterContext.createChildArrayContext(_itemFilter, false);"
S1309,FilteringGeneratorDelegate.java,209,_filterContext = _filterContext.closeArray(delegate);
S1310,FilteringGeneratorDelegate.java,211,if (_filterContext != null) {
S1311,FilteringGeneratorDelegate.java,212,_itemFilter = _filterContext.getFilter();
S1312,FilteringGeneratorDelegate.java,219,if (_itemFilter == null) {
S1313,FilteringGeneratorDelegate.java,220,"_filterContext = _filterContext.createChildObjectContext(_itemFilter, false);"
S1314,FilteringGeneratorDelegate.java,221,return;
S1315,FilteringGeneratorDelegate.java,223,if (_itemFilter == TokenFilter.INCLUDE_ALL) {
S1316,FilteringGeneratorDelegate.java,224,"_filterContext = _filterContext.createChildObjectContext(_itemFilter, true);"
S1317,FilteringGeneratorDelegate.java,225,delegate.writeStartObject();
S1318,FilteringGeneratorDelegate.java,226,return;
S1319,FilteringGeneratorDelegate.java,229,TokenFilter f = _filterContext.checkValue(_itemFilter);
S1320,FilteringGeneratorDelegate.java,230,if (f == null) {
S1321,FilteringGeneratorDelegate.java,234,if (f != TokenFilter.INCLUDE_ALL) {
S1322,FilteringGeneratorDelegate.java,235,f = f.filterStartObject();
S1323,FilteringGeneratorDelegate.java,237,if (f == TokenFilter.INCLUDE_ALL) {
S1324,FilteringGeneratorDelegate.java,242,"_filterContext = _filterContext.createChildObjectContext(f, false);"
S1325,FilteringGeneratorDelegate.java,249,if (_itemFilter == null) {
S1326,FilteringGeneratorDelegate.java,253,if (_itemFilter == TokenFilter.INCLUDE_ALL) {
S1327,FilteringGeneratorDelegate.java,254,"_filterContext = _filterContext.createChildObjectContext(_itemFilter, true);"
S1328,FilteringGeneratorDelegate.java,255,delegate.writeStartObject(forValue);
S1329,FilteringGeneratorDelegate.java,256,return;
S1330,FilteringGeneratorDelegate.java,279,_filterContext = _filterContext.closeObject(delegate);
S1331,FilteringGeneratorDelegate.java,280,if (_filterContext != null) {
S1332,FilteringGeneratorDelegate.java,281,_itemFilter = _filterContext.getFilter();
S1333,FilteringGeneratorDelegate.java,288,TokenFilter state = _filterContext.setFieldName(name);
S1334,FilteringGeneratorDelegate.java,289,if (state == null) {
S1335,FilteringGeneratorDelegate.java,290,_itemFilter = null;
S1336,FilteringGeneratorDelegate.java,291,return;
S1337,FilteringGeneratorDelegate.java,293,if (state == TokenFilter.INCLUDE_ALL) {
S1338,FilteringGeneratorDelegate.java,294,_itemFilter = state;
S1339,FilteringGeneratorDelegate.java,295,delegate.writeFieldName(name);
S1340,FilteringGeneratorDelegate.java,296,return;
S1341,FilteringGeneratorDelegate.java,298,state = state.includeProperty(name);
S1342,FilteringGeneratorDelegate.java,299,_itemFilter = state;
S1343,FilteringGeneratorDelegate.java,300,if (state == TokenFilter.INCLUDE_ALL) {
S1344,FilteringGeneratorDelegate.java,301,_checkPropertyParentPath();
S1345,FilteringGeneratorDelegate.java,308,TokenFilter state = _filterContext.setFieldName(name.getValue());
S1346,FilteringGeneratorDelegate.java,309,if (state == null) {
S1347,FilteringGeneratorDelegate.java,313,if (state == TokenFilter.INCLUDE_ALL) {
S1348,FilteringGeneratorDelegate.java,318,state = state.includeProperty(name.getValue());
S1349,FilteringGeneratorDelegate.java,319,_itemFilter = state;
S1350,FilteringGeneratorDelegate.java,320,if (state == TokenFilter.INCLUDE_ALL) {
S1351,FilteringGeneratorDelegate.java,321,_checkPropertyParentPath();
S1352,FilteringGeneratorDelegate.java,334,if (_itemFilter == null) {
S1353,FilteringGeneratorDelegate.java,335,return;
S1354,FilteringGeneratorDelegate.java,337,if (_itemFilter != TokenFilter.INCLUDE_ALL) {
S1355,FilteringGeneratorDelegate.java,349,delegate.writeString(value);
S1356,FilteringGeneratorDelegate.java,355,if (_itemFilter == null) {
S1357,FilteringGeneratorDelegate.java,358,if (_itemFilter != TokenFilter.INCLUDE_ALL) {
S1358,FilteringGeneratorDelegate.java,359,"String value = new String(text, offset, len);"
S1359,FilteringGeneratorDelegate.java,360,TokenFilter state = _filterContext.checkValue(_itemFilter);
S1360,FilteringGeneratorDelegate.java,361,if (state == null) {
S1361,FilteringGeneratorDelegate.java,364,if (state != TokenFilter.INCLUDE_ALL) {
S1362,FilteringGeneratorDelegate.java,365,if (!state.includeString(value)) {
S1363,FilteringGeneratorDelegate.java,366,return;
S1364,FilteringGeneratorDelegate.java,371,"delegate.writeString(text, offset, len);"
S1365,FilteringGeneratorDelegate.java,377,if (_itemFilter == null) {
S1366,FilteringGeneratorDelegate.java,380,if (_itemFilter != TokenFilter.INCLUDE_ALL) {
S1367,FilteringGeneratorDelegate.java,392,delegate.writeString(value);
S1368,FilteringGeneratorDelegate.java,407,if (_checkRawValueWrite()) {
S1369,FilteringGeneratorDelegate.java,408,"delegate.writeUTF8String(text, offset, length);"
S1370,FilteringGeneratorDelegate.java,421,if (_checkRawValueWrite()) {
S1371,FilteringGeneratorDelegate.java,422,delegate.writeRaw(text);
S1372,FilteringGeneratorDelegate.java,437,if (_checkRawValueWrite()) {
S1373,FilteringGeneratorDelegate.java,438,delegate.writeRaw(text);
S1374,FilteringGeneratorDelegate.java,461,if (_checkRawValueWrite()) {
S1375,FilteringGeneratorDelegate.java,485,if (_checkBinaryWrite()) {
S1376,FilteringGeneratorDelegate.java,486,"delegate.writeBinary(b64variant, data, offset, len);"
S1377,FilteringGeneratorDelegate.java,508,if (_itemFilter == null) {
S1378,FilteringGeneratorDelegate.java,509,return;
S1379,FilteringGeneratorDelegate.java,511,if (_itemFilter != TokenFilter.INCLUDE_ALL) {
S1380,FilteringGeneratorDelegate.java,512,TokenFilter state = _filterContext.checkValue(_itemFilter);
S1381,FilteringGeneratorDelegate.java,513,if (state == null) {
S1382,FilteringGeneratorDelegate.java,516,if (state != TokenFilter.INCLUDE_ALL) {
S1383,FilteringGeneratorDelegate.java,517,if (!state.includeNumber(v)) {
S1384,FilteringGeneratorDelegate.java,518,return;
S1385,FilteringGeneratorDelegate.java,523,delegate.writeNumber(v);
S1386,FilteringGeneratorDelegate.java,529,if (_itemFilter == null) {
S1387,FilteringGeneratorDelegate.java,530,return;
S1388,FilteringGeneratorDelegate.java,532,if (_itemFilter != TokenFilter.INCLUDE_ALL) {
S1389,FilteringGeneratorDelegate.java,533,TokenFilter state = _filterContext.checkValue(_itemFilter);
S1390,FilteringGeneratorDelegate.java,534,if (state == null) {
S1391,FilteringGeneratorDelegate.java,535,return;
S1392,FilteringGeneratorDelegate.java,537,if (state != TokenFilter.INCLUDE_ALL) {
S1393,FilteringGeneratorDelegate.java,538,if (!state.includeNumber(v)) {
S1394,FilteringGeneratorDelegate.java,539,return;
S1395,FilteringGeneratorDelegate.java,542,_checkParentPath();
S1396,FilteringGeneratorDelegate.java,544,delegate.writeNumber(v);
S1397,FilteringGeneratorDelegate.java,550,if (_itemFilter == null) {
S1398,FilteringGeneratorDelegate.java,551,return;
S1399,FilteringGeneratorDelegate.java,553,if (_itemFilter != TokenFilter.INCLUDE_ALL) {
S1400,FilteringGeneratorDelegate.java,565,delegate.writeNumber(v);
S1401,FilteringGeneratorDelegate.java,571,if (_itemFilter == null) {
S1402,FilteringGeneratorDelegate.java,572,return;
S1403,FilteringGeneratorDelegate.java,574,if (_itemFilter != TokenFilter.INCLUDE_ALL) {
S1404,FilteringGeneratorDelegate.java,586,delegate.writeNumber(v);
S1405,FilteringGeneratorDelegate.java,592,if (_itemFilter == null) {
S1406,FilteringGeneratorDelegate.java,593,return;
S1407,FilteringGeneratorDelegate.java,595,if (_itemFilter != TokenFilter.INCLUDE_ALL) {
S1408,FilteringGeneratorDelegate.java,607,delegate.writeNumber(v);
S1409,FilteringGeneratorDelegate.java,613,if (_itemFilter == null) {
S1410,FilteringGeneratorDelegate.java,614,return;
S1411,FilteringGeneratorDelegate.java,616,if (_itemFilter != TokenFilter.INCLUDE_ALL) {
S1412,FilteringGeneratorDelegate.java,628,delegate.writeNumber(v);
S1413,FilteringGeneratorDelegate.java,634,if (_itemFilter == null) {
S1414,FilteringGeneratorDelegate.java,635,return;
S1415,FilteringGeneratorDelegate.java,637,if (_itemFilter != TokenFilter.INCLUDE_ALL) {
S1416,FilteringGeneratorDelegate.java,649,delegate.writeNumber(v);
S1417,FilteringGeneratorDelegate.java,655,if (_itemFilter == null) {
S1418,FilteringGeneratorDelegate.java,658,if (_itemFilter != TokenFilter.INCLUDE_ALL) {
S1419,FilteringGeneratorDelegate.java,659,TokenFilter state = _filterContext.checkValue(_itemFilter);
S1420,FilteringGeneratorDelegate.java,660,if (state == null) {
S1421,FilteringGeneratorDelegate.java,663,if (state != TokenFilter.INCLUDE_ALL) {
S1422,FilteringGeneratorDelegate.java,664,if (!state.includeRawValue()) { // close enough?
S1423,FilteringGeneratorDelegate.java,665,return;
S1424,FilteringGeneratorDelegate.java,676,if (_itemFilter == null) {
S1425,FilteringGeneratorDelegate.java,677,return;
S1426,FilteringGeneratorDelegate.java,679,if (_itemFilter != TokenFilter.INCLUDE_ALL) {
S1427,FilteringGeneratorDelegate.java,680,TokenFilter state = _filterContext.checkValue(_itemFilter);
S1428,FilteringGeneratorDelegate.java,681,if (state == null) {
S1429,FilteringGeneratorDelegate.java,682,return;
S1430,FilteringGeneratorDelegate.java,684,if (state != TokenFilter.INCLUDE_ALL) {
S1431,FilteringGeneratorDelegate.java,685,if (!state.includeBoolean(v)) {
S1432,FilteringGeneratorDelegate.java,686,return;
S1433,FilteringGeneratorDelegate.java,689,_checkParentPath();
S1434,FilteringGeneratorDelegate.java,691,delegate.writeBoolean(v);
S1435,FilteringGeneratorDelegate.java,697,if (_itemFilter == null) {
S1436,FilteringGeneratorDelegate.java,698,return;
S1437,FilteringGeneratorDelegate.java,700,if (_itemFilter != TokenFilter.INCLUDE_ALL) {
S1438,FilteringGeneratorDelegate.java,712,delegate.writeNull();
S1439,FilteringGeneratorDelegate.java,834,++_matchCount;
S1440,FilteringGeneratorDelegate.java,836,if (_includePath) {
S1441,FilteringGeneratorDelegate.java,837,_filterContext.writePath(delegate);
S1442,FilteringGeneratorDelegate.java,840,if (!_allowMultipleMatches) {
S1443,FilteringGeneratorDelegate.java,842,_filterContext.skipParentChecks();
S1444,FilteringGeneratorDelegate.java,853,++_matchCount;
S1445,FilteringGeneratorDelegate.java,854,if (_includePath) {
S1446,FilteringGeneratorDelegate.java,855,_filterContext.writePath(delegate);
S1447,FilteringGeneratorDelegate.java,856,} else if (_includeImmediateParent) {
S1448,FilteringGeneratorDelegate.java,863,if (!_allowMultipleMatches) {
S1449,FilteringGeneratorDelegate.java,865,_filterContext.skipParentChecks();
S1450,FilteringGeneratorDelegate.java,871,if (_itemFilter == null) {
S1451,FilteringGeneratorDelegate.java,874,if (_itemFilter == TokenFilter.INCLUDE_ALL) {
S1452,FilteringGeneratorDelegate.java,875,return true;
S1453,FilteringGeneratorDelegate.java,877,if (_itemFilter.includeBinary()) { // close enough?
S1454,FilteringGeneratorDelegate.java,881,return false;
S1455,FilteringGeneratorDelegate.java,886,if (_itemFilter == null) {
S1456,FilteringGeneratorDelegate.java,889,if (_itemFilter == TokenFilter.INCLUDE_ALL) {
S1457,FilteringGeneratorDelegate.java,890,return true;
S1458,FilteringGeneratorDelegate.java,892,if (_itemFilter.includeRawValue()) { // close enough?
S1459,FilteringGeneratorDelegate.java,896,return false;
S1460,FilteringParserDelegate.java,117,super(p);
S1461,FilteringParserDelegate.java,118,rootFilter = f;
S1462,FilteringParserDelegate.java,120,_itemFilter = f;
S1463,FilteringParserDelegate.java,121,_headContext = TokenFilterContext.createRootContext(f);
S1464,FilteringParserDelegate.java,122,_includePath = includePath;
S1465,FilteringParserDelegate.java,123,_allowMultipleMatches = allowMultipleMatches;
S1466,FilteringParserDelegate.java,139,return _matchCount;
S1467,FilteringParserDelegate.java,148,@Override public JsonToken getCurrentToken() { return _currToken; }
S1468,FilteringParserDelegate.java,149,@Override public JsonToken currentToken() { return _currToken; }
S1469,FilteringParserDelegate.java,152,final JsonToken t = _currToken;
S1470,FilteringParserDelegate.java,153,return (t == null) ? JsonTokenId.ID_NO_TOKEN : t.id();
S1471,FilteringParserDelegate.java,160,@Override public boolean hasCurrentToken() { return _currToken != null; }
S1472,FilteringParserDelegate.java,173,@Override public boolean isExpectedStartArrayToken() { return _currToken == JsonToken.START_ARRAY; }
S1473,FilteringParserDelegate.java,174,@Override public boolean isExpectedStartObjectToken() { return _currToken == JsonToken.START_OBJECT; }
S1474,FilteringParserDelegate.java,186,JsonStreamContext ctxt = _filterContext();
S1475,FilteringParserDelegate.java,187,if (_currToken == JsonToken.START_OBJECT || _currToken == JsonToken.START_ARRAY) {
S1476,FilteringParserDelegate.java,188,JsonStreamContext parent = ctxt.getParent();
S1477,FilteringParserDelegate.java,189,return (parent == null) ? null : parent.getCurrentName();
S1478,FilteringParserDelegate.java,191,return ctxt.getCurrentName();
S1479,FilteringParserDelegate.java,202,if (_currToken != null) {
S1480,FilteringParserDelegate.java,203,_lastClearedToken = _currToken;
S1481,FilteringParserDelegate.java,204,_currToken = null;
S1482,FilteringParserDelegate.java,237,if (!_allowMultipleMatches && (_currToken != null) && (_exposedContext == null)) {
S1483,FilteringParserDelegate.java,240,if (_currToken.isScalarValue() && !_headContext.isStartHandled() && !_includePath
S1484,FilteringParserDelegate.java,242,return (_currToken = null);
S1485,FilteringParserDelegate.java,246,TokenFilterContext ctxt = _exposedContext;
S1486,FilteringParserDelegate.java,248,if (ctxt != null) {
S1487,FilteringParserDelegate.java,250,JsonToken t = ctxt.nextTokenToRead();
S1488,FilteringParserDelegate.java,251,if (t != null) {
S1489,FilteringParserDelegate.java,252,_currToken = t;
S1490,FilteringParserDelegate.java,253,return t;
S1491,FilteringParserDelegate.java,256,if (ctxt == _headContext) {
S1492,FilteringParserDelegate.java,257,_exposedContext = null;
S1493,FilteringParserDelegate.java,258,if (ctxt.inArray()) {
S1494,FilteringParserDelegate.java,259,t = delegate.getCurrentToken();
S1495,FilteringParserDelegate.java,262,_currToken = t;
S1496,FilteringParserDelegate.java,263,return t;
S1497,FilteringParserDelegate.java,278,ctxt = _headContext.findChildOf(ctxt);
S1498,FilteringParserDelegate.java,279,_exposedContext = ctxt;
S1499,FilteringParserDelegate.java,280,if (ctxt == null) { // should never occur
S1500,FilteringParserDelegate.java,287,JsonToken t = delegate.nextToken();
S1501,FilteringParserDelegate.java,288,if (t == null) {
S1502,FilteringParserDelegate.java,290,_currToken = t;
S1503,FilteringParserDelegate.java,291,return t;
S1504,FilteringParserDelegate.java,297,switch (t.id()) {
S1505,FilteringParserDelegate.java,299,f = _itemFilter;
S1506,FilteringParserDelegate.java,300,if (f == TokenFilter.INCLUDE_ALL) {
S1507,FilteringParserDelegate.java,301,"_headContext = _headContext.createChildArrayContext(f, true);"
S1508,FilteringParserDelegate.java,302,return (_currToken = t);
S1509,FilteringParserDelegate.java,335,f = _itemFilter;
S1510,FilteringParserDelegate.java,336,if (f == TokenFilter.INCLUDE_ALL) {
S1511,FilteringParserDelegate.java,337,"_headContext = _headContext.createChildObjectContext(f, true);"
S1512,FilteringParserDelegate.java,338,return (_currToken = t);
S1513,FilteringParserDelegate.java,340,if (f == null) { // does this occur?
S1514,FilteringParserDelegate.java,345,f = _headContext.checkValue(f);
S1515,FilteringParserDelegate.java,346,if (f == null) {
S1516,FilteringParserDelegate.java,350,if (f != TokenFilter.INCLUDE_ALL) {
S1517,FilteringParserDelegate.java,351,f = f.filterStartObject();
S1518,FilteringParserDelegate.java,353,_itemFilter = f;
S1519,FilteringParserDelegate.java,354,if (f == TokenFilter.INCLUDE_ALL) {
S1520,FilteringParserDelegate.java,358,"_headContext = _headContext.createChildObjectContext(f, false);"
S1521,FilteringParserDelegate.java,360,if (_includePath) {
S1522,FilteringParserDelegate.java,361,t = _nextTokenWithBuffering(_headContext);
S1523,FilteringParserDelegate.java,362,if (t != null) {
S1524,FilteringParserDelegate.java,363,_currToken = t;
S1525,FilteringParserDelegate.java,364,return t;
S1526,FilteringParserDelegate.java,374,boolean returnEnd = _headContext.isStartHandled();
S1527,FilteringParserDelegate.java,375,f = _headContext.getFilter();
S1528,FilteringParserDelegate.java,376,if ((f != null) && (f != TokenFilter.INCLUDE_ALL)) {
S1529,FilteringParserDelegate.java,377,f.filterFinishArray();
S1530,FilteringParserDelegate.java,379,_headContext = _headContext.getParent();
S1531,FilteringParserDelegate.java,380,_itemFilter = _headContext.getFilter();
S1532,FilteringParserDelegate.java,381,if (returnEnd) {
S1533,FilteringParserDelegate.java,382,return (_currToken = t);
S1534,FilteringParserDelegate.java,385,break;
S1535,FilteringParserDelegate.java,389,final String name = delegate.getCurrentName();
S1536,FilteringParserDelegate.java,391,f = _headContext.setFieldName(name);
S1537,FilteringParserDelegate.java,392,if (f == TokenFilter.INCLUDE_ALL) {
S1538,FilteringParserDelegate.java,393,_itemFilter = f;
S1539,FilteringParserDelegate.java,394,if (!_includePath) {
S1540,FilteringParserDelegate.java,397,if (_includeImmediateParent && !_headContext.isStartHandled()) {
S1541,FilteringParserDelegate.java,402,return (_currToken = t);
S1542,FilteringParserDelegate.java,404,if (f == null) {
S1543,FilteringParserDelegate.java,409,f = f.includeProperty(name);
S1544,FilteringParserDelegate.java,410,if (f == null) {
S1545,FilteringParserDelegate.java,411,delegate.nextToken();
S1546,FilteringParserDelegate.java,412,delegate.skipChildren();
S1547,FilteringParserDelegate.java,413,break;
S1548,FilteringParserDelegate.java,415,_itemFilter = f;
S1549,FilteringParserDelegate.java,416,if (f == TokenFilter.INCLUDE_ALL) {
S1550,FilteringParserDelegate.java,417,if (_verifyAllowedMatches()) {
S1551,FilteringParserDelegate.java,418,if (_includePath) {
S1552,FilteringParserDelegate.java,419,return (_currToken = t);
S1553,FilteringParserDelegate.java,422,delegate.nextToken();
S1554,FilteringParserDelegate.java,423,delegate.skipChildren();
S1555,FilteringParserDelegate.java,426,if (_includePath) {
S1556,FilteringParserDelegate.java,427,t = _nextTokenWithBuffering(_headContext);
S1557,FilteringParserDelegate.java,428,if (t != null) {
S1558,FilteringParserDelegate.java,429,_currToken = t;
S1559,FilteringParserDelegate.java,430,return t;
S1560,FilteringParserDelegate.java,437,f = _itemFilter;
S1561,FilteringParserDelegate.java,438,if (f == TokenFilter.INCLUDE_ALL) {
S1562,FilteringParserDelegate.java,439,return (_currToken = t);
S1563,FilteringParserDelegate.java,441,if (f != null) {
S1564,FilteringParserDelegate.java,442,f = _headContext.checkValue(f);
S1565,FilteringParserDelegate.java,443,if ((f == TokenFilter.INCLUDE_ALL)
S1566,FilteringParserDelegate.java,445,if (_verifyAllowedMatches()) {
S1567,FilteringParserDelegate.java,446,return (_currToken = t);
S1568,FilteringParserDelegate.java,455,return _nextToken2();
S1569,FilteringParserDelegate.java,468,JsonToken t = delegate.nextToken();
S1570,FilteringParserDelegate.java,469,if (t == null) { // is this even legal?
S1571,FilteringParserDelegate.java,470,_currToken = t;
S1572,FilteringParserDelegate.java,471,return t;
S1573,FilteringParserDelegate.java,475,switch (t.id()) {
S1574,FilteringParserDelegate.java,477,f = _itemFilter;
S1575,FilteringParserDelegate.java,478,if (f == TokenFilter.INCLUDE_ALL) {
S1576,FilteringParserDelegate.java,479,"_headContext = _headContext.createChildArrayContext(f, true);"
S1577,FilteringParserDelegate.java,480,return (_currToken = t);
S1578,FilteringParserDelegate.java,482,if (f == null) { // does this occur?
S1579,FilteringParserDelegate.java,487,f = _headContext.checkValue(f);
S1580,FilteringParserDelegate.java,488,if (f == null) {
S1581,FilteringParserDelegate.java,492,if (f != TokenFilter.INCLUDE_ALL) {
S1582,FilteringParserDelegate.java,493,f = f.filterStartArray();
S1583,FilteringParserDelegate.java,495,_itemFilter = f;
S1584,FilteringParserDelegate.java,496,if (f == TokenFilter.INCLUDE_ALL) {
S1585,FilteringParserDelegate.java,500,"_headContext = _headContext.createChildArrayContext(f, false);"
S1586,FilteringParserDelegate.java,502,if (_includePath) {
S1587,FilteringParserDelegate.java,512,f = _itemFilter;
S1588,FilteringParserDelegate.java,513,if (f == TokenFilter.INCLUDE_ALL) {
S1589,FilteringParserDelegate.java,514,"_headContext = _headContext.createChildObjectContext(f, true);"
S1590,FilteringParserDelegate.java,515,return (_currToken = t);
S1591,FilteringParserDelegate.java,517,if (f == null) { // does this occur?
S1592,FilteringParserDelegate.java,522,f = _headContext.checkValue(f);
S1593,FilteringParserDelegate.java,523,if (f == null) {
S1594,FilteringParserDelegate.java,527,if (f != TokenFilter.INCLUDE_ALL) {
S1595,FilteringParserDelegate.java,528,f = f.filterStartObject();
S1596,FilteringParserDelegate.java,530,_itemFilter = f;
S1597,FilteringParserDelegate.java,531,if (f == TokenFilter.INCLUDE_ALL) {
S1598,FilteringParserDelegate.java,535,"_headContext = _headContext.createChildObjectContext(f, false);"
S1599,FilteringParserDelegate.java,536,if (_includePath) {
S1600,FilteringParserDelegate.java,548,boolean returnEnd = _headContext.isStartHandled();
S1601,FilteringParserDelegate.java,549,f = _headContext.getFilter();
S1602,FilteringParserDelegate.java,550,if ((f != null) && (f != TokenFilter.INCLUDE_ALL)) {
S1603,FilteringParserDelegate.java,551,f.filterFinishArray();
S1604,FilteringParserDelegate.java,553,_headContext = _headContext.getParent();
S1605,FilteringParserDelegate.java,554,_itemFilter = _headContext.getFilter();
S1606,FilteringParserDelegate.java,555,if (returnEnd) {
S1607,FilteringParserDelegate.java,556,return (_currToken = t);
S1608,FilteringParserDelegate.java,559,continue main_loop;
S1609,FilteringParserDelegate.java,563,final String name = delegate.getCurrentName();
S1610,FilteringParserDelegate.java,564,f = _headContext.setFieldName(name);
S1611,FilteringParserDelegate.java,565,if (f == TokenFilter.INCLUDE_ALL) {
S1612,FilteringParserDelegate.java,569,if (f == null) { // filter out the value
S1613,FilteringParserDelegate.java,574,f = f.includeProperty(name);
S1614,FilteringParserDelegate.java,575,if (f == null) { // filter out the value
S1615,FilteringParserDelegate.java,576,delegate.nextToken();
S1616,FilteringParserDelegate.java,577,delegate.skipChildren();
S1617,FilteringParserDelegate.java,578,continue main_loop;
S1618,FilteringParserDelegate.java,580,_itemFilter = f;
S1619,FilteringParserDelegate.java,581,if (f == TokenFilter.INCLUDE_ALL) {
S1620,FilteringParserDelegate.java,582,if (_verifyAllowedMatches() && _includePath) {
S1621,FilteringParserDelegate.java,588,if (_includePath) {
S1622,FilteringParserDelegate.java,596,continue main_loop;
S1623,FilteringParserDelegate.java,599,f = _itemFilter;
S1624,FilteringParserDelegate.java,600,if (f == TokenFilter.INCLUDE_ALL) {
S1625,FilteringParserDelegate.java,601,return (_currToken = t);
S1626,FilteringParserDelegate.java,603,if (f != null) {
S1627,FilteringParserDelegate.java,604,f = _headContext.checkValue(f);
S1628,FilteringParserDelegate.java,605,if ((f == TokenFilter.INCLUDE_ALL)
S1629,FilteringParserDelegate.java,607,if (_verifyAllowedMatches()) {
S1630,FilteringParserDelegate.java,608,return (_currToken = t);
S1631,FilteringParserDelegate.java,626,JsonToken t = delegate.nextToken();
S1632,FilteringParserDelegate.java,627,if (t == null) { // is this even legal?
S1633,FilteringParserDelegate.java,628,return t;
S1634,FilteringParserDelegate.java,636,switch (t.id()) {
S1635,FilteringParserDelegate.java,638,f = _headContext.checkValue(_itemFilter);
S1636,FilteringParserDelegate.java,639,if (f == null) {
S1637,FilteringParserDelegate.java,643,if (f != TokenFilter.INCLUDE_ALL) {
S1638,FilteringParserDelegate.java,644,f = f.filterStartArray();
S1639,FilteringParserDelegate.java,646,_itemFilter = f;
S1640,FilteringParserDelegate.java,647,if (f == TokenFilter.INCLUDE_ALL) {
S1641,FilteringParserDelegate.java,651,"_headContext = _headContext.createChildArrayContext(f, false);"
S1642,FilteringParserDelegate.java,652,continue main_loop;
S1643,FilteringParserDelegate.java,655,f = _itemFilter;
S1644,FilteringParserDelegate.java,656,if (f == TokenFilter.INCLUDE_ALL) {
S1645,FilteringParserDelegate.java,660,if (f == null) { // does this occur?
S1646,FilteringParserDelegate.java,665,f = _headContext.checkValue(f);
S1647,FilteringParserDelegate.java,666,if (f == null) {
S1648,FilteringParserDelegate.java,670,if (f != TokenFilter.INCLUDE_ALL) {
S1649,FilteringParserDelegate.java,671,f = f.filterStartObject();
S1650,FilteringParserDelegate.java,673,_itemFilter = f;
S1651,FilteringParserDelegate.java,674,if (f == TokenFilter.INCLUDE_ALL) {
S1652,FilteringParserDelegate.java,678,"_headContext = _headContext.createChildObjectContext(f, false);"
S1653,FilteringParserDelegate.java,679,continue main_loop;
S1654,FilteringParserDelegate.java,686,f = _headContext.getFilter();
S1655,FilteringParserDelegate.java,687,if ((f != null) && (f != TokenFilter.INCLUDE_ALL)) {
S1656,FilteringParserDelegate.java,688,f.filterFinishArray();
S1657,FilteringParserDelegate.java,690,boolean gotEnd = (_headContext == buffRoot);
S1658,FilteringParserDelegate.java,691,boolean returnEnd = gotEnd && _headContext.isStartHandled();
S1659,FilteringParserDelegate.java,693,_headContext = _headContext.getParent();
S1660,FilteringParserDelegate.java,694,_itemFilter = _headContext.getFilter();
S1661,FilteringParserDelegate.java,696,if (returnEnd) {
S1662,FilteringParserDelegate.java,697,return t;
S1663,FilteringParserDelegate.java,700,continue main_loop;
S1664,FilteringParserDelegate.java,704,final String name = delegate.getCurrentName();
S1665,FilteringParserDelegate.java,705,f = _headContext.setFieldName(name);
S1666,FilteringParserDelegate.java,706,if (f == TokenFilter.INCLUDE_ALL) {
S1667,FilteringParserDelegate.java,710,if (f == null) { // filter out the value
S1668,FilteringParserDelegate.java,715,f = f.includeProperty(name);
S1669,FilteringParserDelegate.java,716,if (f == null) { // filter out the value
S1670,FilteringParserDelegate.java,717,delegate.nextToken();
S1671,FilteringParserDelegate.java,718,delegate.skipChildren();
S1672,FilteringParserDelegate.java,719,continue main_loop;
S1673,FilteringParserDelegate.java,721,_itemFilter = f;
S1674,FilteringParserDelegate.java,722,if (f == TokenFilter.INCLUDE_ALL) {
S1675,FilteringParserDelegate.java,723,if (_verifyAllowedMatches()) {
S1676,FilteringParserDelegate.java,724,return _nextBuffered(buffRoot);
S1677,FilteringParserDelegate.java,728,_itemFilter = _headContext.setFieldName(name);
S1678,FilteringParserDelegate.java,732,continue main_loop;
S1679,FilteringParserDelegate.java,735,f = _itemFilter;
S1680,FilteringParserDelegate.java,736,if (f == TokenFilter.INCLUDE_ALL) {
S1681,FilteringParserDelegate.java,739,if (f != null) {
S1682,FilteringParserDelegate.java,740,f = _headContext.checkValue(f);
S1683,FilteringParserDelegate.java,741,if ((f == TokenFilter.INCLUDE_ALL)
S1684,FilteringParserDelegate.java,743,if (_verifyAllowedMatches()) {
S1685,FilteringParserDelegate.java,744,return _nextBuffered(buffRoot);
S1686,FilteringParserDelegate.java,756,_exposedContext = buffRoot;
S1687,FilteringParserDelegate.java,757,TokenFilterContext ctxt = buffRoot;
S1688,FilteringParserDelegate.java,758,JsonToken t = ctxt.nextTokenToRead();
S1689,FilteringParserDelegate.java,759,if (t != null) {
S1690,FilteringParserDelegate.java,760,return t;
S1691,FilteringParserDelegate.java,785,if (_matchCount == 0 || _allowMultipleMatches) {
S1692,FilteringParserDelegate.java,786,++_matchCount;
S1693,FilteringParserDelegate.java,787,return true;
S1694,FilteringParserDelegate.java,789,return false;
S1695,FilteringParserDelegate.java,810,if ((_currToken != JsonToken.START_OBJECT)
S1696,FilteringParserDelegate.java,814,int open = 1;
S1697,FilteringParserDelegate.java,819,JsonToken t = nextToken();
S1698,FilteringParserDelegate.java,820,"if (t == null) { // not ideal but for now, just return"
S1699,FilteringParserDelegate.java,823,if (t.isStructStart()) {
S1700,FilteringParserDelegate.java,824,++open;
S1701,FilteringParserDelegate.java,825,} else if (t.isStructEnd()) {
S1702,FilteringParserDelegate.java,826,if (--open == 0) {
S1703,FilteringParserDelegate.java,827,return this;
S1704,FilteringParserDelegate.java,839,@Override public String getText() throws IOException { return delegate.getText();  }
S1705,FilteringParserDelegate.java,840,@Override public boolean hasTextCharacters() { return delegate.hasTextCharacters(); }
S1706,FilteringParserDelegate.java,841,@Override public char[] getTextCharacters() throws IOException { return delegate.getTextCharacters(); }
S1707,FilteringParserDelegate.java,842,@Override public int getTextLength() throws IOException { return delegate.getTextLength(); }
S1708,FilteringParserDelegate.java,843,@Override public int getTextOffset() throws IOException { return delegate.getTextOffset(); }
S1709,FilteringParserDelegate.java,873,public int getIntValue() throws IOException { return delegate.getIntValue(); }
S1710,FilteringParserDelegate.java,879,public NumberType getNumberType() throws IOException { return delegate.getNumberType(); }
S1711,FilteringParserDelegate.java,919,if (_exposedContext != null) {
S1712,FilteringParserDelegate.java,920,return _exposedContext;
S1713,FilteringParserDelegate.java,922,return _headContext;
S1714,GeneratorBase.java,31,protected final static int DERIVED_FEATURES_MASK =
S1715,GeneratorBase.java,104,super();
S1716,GeneratorBase.java,105,_features = features;
S1717,GeneratorBase.java,106,_objectCodec = codec;
S1718,GeneratorBase.java,107,DupDetector dups = Feature.STRICT_DUPLICATE_DETECTION.enabledIn(features)
S1719,GeneratorBase.java,109,_writeContext = JsonWriteContext.createRootContext(dups);
S1720,GeneratorBase.java,110,_cfgNumbersAsStrings = Feature.WRITE_NUMBERS_AS_STRINGS.enabledIn(features);
S1721,GeneratorBase.java,133,return _writeContext.getCurrentValue();
S1722,GeneratorBase.java,138,_writeContext.setCurrentValue(v);
S1723,GeneratorBase.java,148,@Override public final boolean isEnabled(Feature f) { return (_features & f.getMask()) != 0; }
S1724,GeneratorBase.java,155,final int mask = f.getMask();
S1725,GeneratorBase.java,156,_features |= mask;
S1726,GeneratorBase.java,157,if ((mask & DERIVED_FEATURES_MASK) != 0) {
S1727,GeneratorBase.java,159,if (f == Feature.WRITE_NUMBERS_AS_STRINGS) {
S1728,GeneratorBase.java,160,_cfgNumbersAsStrings = true;
S1729,GeneratorBase.java,161,} else if (f == Feature.ESCAPE_NON_ASCII) {
S1730,GeneratorBase.java,162,setHighestNonEscapedChar(127);
S1731,GeneratorBase.java,163,} else if (f == Feature.STRICT_DUPLICATE_DETECTION) {
S1732,GeneratorBase.java,164,if (_writeContext.getDupDetector() == null) { // but only if disabled currently
S1733,GeneratorBase.java,165,_writeContext = _writeContext.withDupDetector(DupDetector.rootDetector(this));
S1734,GeneratorBase.java,169,return this;
S1735,GeneratorBase.java,174,final int mask = f.getMask();
S1736,GeneratorBase.java,175,_features &= ~mask;
S1737,GeneratorBase.java,176,if ((mask & DERIVED_FEATURES_MASK) != 0) {
S1738,GeneratorBase.java,177,if (f == Feature.WRITE_NUMBERS_AS_STRINGS) {
S1739,GeneratorBase.java,178,_cfgNumbersAsStrings = false;
S1740,GeneratorBase.java,185,return this;
S1741,GeneratorBase.java,191,int changed = newMask ^ _features;
S1742,GeneratorBase.java,192,_features = newMask;
S1743,GeneratorBase.java,193,if (changed != 0) {
S1744,GeneratorBase.java,194,"_checkStdFeatureChanges(newMask, changed);"
S1745,GeneratorBase.java,196,return this;
S1746,GeneratorBase.java,201,int oldState = _features;
S1747,GeneratorBase.java,202,int newState = (oldState & ~mask) | (values & mask);
S1748,GeneratorBase.java,203,int changed = oldState ^ newState;
S1749,GeneratorBase.java,204,if (changed != 0) {
S1750,GeneratorBase.java,205,_features = newState;
S1751,GeneratorBase.java,206,"_checkStdFeatureChanges(newState, changed);"
S1752,GeneratorBase.java,208,return this;
S1753,GeneratorBase.java,222,if ((changedFeatures & DERIVED_FEATURES_MASK) == 0) {
S1754,GeneratorBase.java,225,_cfgNumbersAsStrings = Feature.WRITE_NUMBERS_AS_STRINGS.enabledIn(newFeatureFlags);
S1755,GeneratorBase.java,226,if (Feature.ESCAPE_NON_ASCII.enabledIn(changedFeatures)) {
S1756,GeneratorBase.java,233,if (Feature.STRICT_DUPLICATE_DETECTION.enabledIn(changedFeatures)) {
S1757,GeneratorBase.java,246,if (getPrettyPrinter() != null) {
S1758,GeneratorBase.java,249,return setPrettyPrinter(_constructDefaultPrettyPrinter());
S1759,GeneratorBase.java,253,_objectCodec = oc;
S1760,GeneratorBase.java,254,return this;
S1761,GeneratorBase.java,257,@Override public ObjectCodec getCodec() { return _objectCodec; }
S1762,GeneratorBase.java,270,@Override public JsonStreamContext getOutputContext() { return _writeContext; }
S1763,GeneratorBase.java,319,"_verifyValueWrite(""write raw value"");"
S1764,GeneratorBase.java,320,writeRaw(text);
S1765,GeneratorBase.java,324,"_verifyValueWrite(""write raw value"");"
S1766,GeneratorBase.java,325,"writeRaw(text, offset, len);"
S1767,GeneratorBase.java,329,"_verifyValueWrite(""write raw value"");"
S1768,GeneratorBase.java,330,"writeRaw(text, offset, len);"
S1769,GeneratorBase.java,334,"_verifyValueWrite(""write raw value"");"
S1770,GeneratorBase.java,335,writeRaw(text);
S1771,GeneratorBase.java,371,if (value == null) {
S1772,GeneratorBase.java,373,writeNull();
S1773,GeneratorBase.java,380,if (_objectCodec != null) {
S1774,GeneratorBase.java,384,_writeSimpleObject(value);
S1775,GeneratorBase.java,408,@Override public void close() throws IOException { _closed = true; }
S1776,GeneratorBase.java,409,@Override public boolean isClosed() { return _closed; }
S1777,GeneratorBase.java,440,return new DefaultPrettyPrinter();
S1778,GeneratorBase.java,450,if (Feature.WRITE_BIGDECIMAL_AS_PLAIN.enabledIn(_features)) {
S1779,GeneratorBase.java,452,int scale = value.scale();
S1780,GeneratorBase.java,453,if ((scale < -MAX_BIG_DECIMAL_SCALE) || (scale > MAX_BIG_DECIMAL_SCALE)) {
S1781,GeneratorBase.java,454,_reportError(String.format(
S1782,GeneratorBase.java,458,return value.toPlainString();
S1783,GeneratorBase.java,460,return value.toString();
S1784,GeneratorBase.java,475,if (surr2 < SURR2_FIRST || surr2 > SURR2_LAST) {
S1785,GeneratorBase.java,479,int c = 0x10000 + ((surr1 - SURR1_FIRST) << 10) + (surr2 - SURR2_FIRST);
S1786,GeneratorBase.java,480,return c;
S1787,IOContext.java,103,_bufferRecycler = br;
S1788,IOContext.java,104,_sourceRef = sourceRef;
S1789,IOContext.java,105,_managedResource = managedResource;
S1790,IOContext.java,109,_encoding = enc;
S1791,IOContext.java,126,public Object getSourceReference() { return _sourceRef; }
S1792,IOContext.java,127,public JsonEncoding getEncoding() { return _encoding; }
S1793,IOContext.java,128,public boolean isResourceManaged() { return _managedResource; }
S1794,IOContext.java,137,return new TextBuffer(_bufferRecycler);
S1795,IOContext.java,146,_verifyAlloc(_readIOBuffer);
S1796,IOContext.java,147,return (_readIOBuffer = _bufferRecycler.allocByteBuffer(BufferRecycler.BYTE_READ_IO_BUFFER));
S1797,IOContext.java,159,_verifyAlloc(_writeEncodingBuffer);
S1798,IOContext.java,160,return (_writeEncodingBuffer = _bufferRecycler.allocByteBuffer(BufferRecycler.BYTE_WRITE_ENCODING_BUFFER));
S1799,IOContext.java,175,_verifyAlloc(_base64Buffer);
S1800,IOContext.java,176,return (_base64Buffer = _bufferRecycler.allocByteBuffer(BufferRecycler.BYTE_BASE64_CODEC_BUFFER));
S1801,IOContext.java,188,_verifyAlloc(_tokenCBuffer);
S1802,IOContext.java,189,return (_tokenCBuffer = _bufferRecycler.allocCharBuffer(BufferRecycler.CHAR_TOKEN_BUFFER));
S1803,IOContext.java,196,_verifyAlloc(_tokenCBuffer);
S1804,IOContext.java,197,"return (_tokenCBuffer = _bufferRecycler.allocCharBuffer(BufferRecycler.CHAR_TOKEN_BUFFER, minSize));"
S1805,IOContext.java,201,_verifyAlloc(_concatCBuffer);
S1806,IOContext.java,202,return (_concatCBuffer = _bufferRecycler.allocCharBuffer(BufferRecycler.CHAR_CONCAT_BUFFER));
S1807,IOContext.java,206,_verifyAlloc(_nameCopyBuffer);
S1808,IOContext.java,207,"return (_nameCopyBuffer = _bufferRecycler.allocCharBuffer(BufferRecycler.CHAR_NAME_COPY_BUFFER, minSize));"
S1809,IOContext.java,215,if (buf != null) {
S1810,IOContext.java,219,"_verifyRelease(buf, _readIOBuffer);"
S1811,IOContext.java,220,_readIOBuffer = null;
S1812,IOContext.java,221,"_bufferRecycler.releaseByteBuffer(BufferRecycler.BYTE_READ_IO_BUFFER, buf);"
S1813,IOContext.java,226,if (buf != null) {
S1814,IOContext.java,230,"_verifyRelease(buf, _writeEncodingBuffer);"
S1815,IOContext.java,231,_writeEncodingBuffer = null;
S1816,IOContext.java,232,"_bufferRecycler.releaseByteBuffer(BufferRecycler.BYTE_WRITE_ENCODING_BUFFER, buf);"
S1817,IOContext.java,237,"if (buf != null) { // sanity checks, release once-and-only-once, must be one owned"
S1818,IOContext.java,238,"_verifyRelease(buf, _base64Buffer);"
S1819,IOContext.java,239,_base64Buffer = null;
S1820,IOContext.java,240,"_bufferRecycler.releaseByteBuffer(BufferRecycler.BYTE_BASE64_CODEC_BUFFER, buf);"
S1821,IOContext.java,245,if (buf != null) {
S1822,IOContext.java,246,"_verifyRelease(buf, _tokenCBuffer);"
S1823,IOContext.java,247,_tokenCBuffer = null;
S1824,IOContext.java,248,"_bufferRecycler.releaseCharBuffer(BufferRecycler.CHAR_TOKEN_BUFFER, buf);"
S1825,IOContext.java,253,if (buf != null) {
S1826,IOContext.java,255,"_verifyRelease(buf, _concatCBuffer);"
S1827,IOContext.java,256,_concatCBuffer = null;
S1828,IOContext.java,257,"_bufferRecycler.releaseCharBuffer(BufferRecycler.CHAR_CONCAT_BUFFER, buf);"
S1829,IOContext.java,262,if (buf != null) {
S1830,IOContext.java,264,"_verifyRelease(buf, _nameCopyBuffer);"
S1831,IOContext.java,265,_nameCopyBuffer = null;
S1832,IOContext.java,266,"_bufferRecycler.releaseCharBuffer(BufferRecycler.CHAR_NAME_COPY_BUFFER, buf);"
S1833,IOContext.java,277,"if (buffer != null) { throw new IllegalStateException(""Trying to call same allocXxx() method second time""); }"
S1834,IOContext.java,282,if ((toRelease != src) && (toRelease.length < src.length)) { throw wrongBuf(); }
S1835,IOContext.java,287,if ((toRelease != src) && (toRelease.length < src.length)) { throw wrongBuf(); }
S1836,IOContext.java,292,"return new IllegalArgumentException(""Trying to release buffer smaller than original"");"
S1837,InputAccessor.java,66,_in = in;
S1838,InputAccessor.java,67,_buffer = buffer;
S1839,InputAccessor.java,68,_bufferedStart = 0;
S1840,InputAccessor.java,69,_ptr = 0;
S1841,InputAccessor.java,70,_bufferedEnd = 0;
S1842,InputAccessor.java,104,if (_ptr < _bufferedEnd) { // already got more
S1843,InputAccessor.java,105,return true;
S1844,InputAccessor.java,107,if (_in == null) { // nowhere to read from
S1845,InputAccessor.java,110,int amount = _buffer.length - _ptr;
S1846,InputAccessor.java,111,if (amount < 1) { // can not load any more
S1847,InputAccessor.java,114,"int count = _in.read(_buffer, _ptr, amount);"
S1848,InputAccessor.java,115,if (count <= 0) { // EOF
S1849,InputAccessor.java,118,_bufferedEnd += count;
S1850,InputAccessor.java,119,return true;
S1851,InputAccessor.java,126,if (_ptr >= _bufferedEnd) {
S1852,InputAccessor.java,131,return _buffer[_ptr++];
S1853,InputAccessor.java,136,_ptr = _bufferedStart;
S1854,InputAccessor.java,147,"return new DataFormatMatcher(_in, _buffer, _bufferedStart, (_bufferedEnd - _bufferedStart),"
S1855,InputDecorator.java,11,public abstract class InputDecorator
S1856,InternCache.java,29,public final static InternCache instance = new InternCache();
S1857,InternCache.java,36,private final Object lock = new Object();
S1858,InternCache.java,38,"private InternCache() { super(MAX_ENTRIES, 0.8f, 4); }"
S1859,InternCache.java,41,String result = get(input);
S1860,InternCache.java,42,if (result != null) { return result; }
S1861,InternCache.java,49,if (size() >= MAX_ENTRIES) {
S1862,InternCache.java,54,synchronized (lock) {
S1863,InternCache.java,55,if (size() >= MAX_ENTRIES) {
S1864,InternCache.java,56,clear();
S1865,InternCache.java,60,result = input.intern();
S1866,InternCache.java,61,"put(result, result);"
S1867,InternCache.java,62,return result;
S1868,JsonEOFException.java,26,"super(p, msg);"
S1869,JsonEOFException.java,27,_token = token;
S1870,JsonEOFException.java,35,return _token;
S1871,JsonEncoding.java,18,public enum JsonEncoding {
S1872,JsonEncoding.java,19,"UTF8(""UTF-8"", false, 8), // N/A for big-endian, really"
S1873,JsonEncoding.java,20,"UTF16_BE(""UTF-16BE"", true, 16),"
S1874,JsonEncoding.java,21,"UTF16_LE(""UTF-16LE"", false, 16),"
S1875,JsonEncoding.java,22,"UTF32_BE(""UTF-32BE"", true, 32),"
S1876,JsonEncoding.java,23,"UTF32_LE(""UTF-32LE"", false, 32)"
S1877,JsonEncoding.java,34,_javaName = javaName;
S1878,JsonEncoding.java,35,_bigEndian = bigEndian;
S1879,JsonEncoding.java,36,_bits = bits;
S1880,JsonEncoding.java,44,public String getJavaName() { return _javaName; }
S1881,JsonEncoding.java,54,public boolean isBigEndian() { return _bigEndian; }
S1882,JsonEncoding.java,56,public int bits() { return _bits; }
S1883,JsonFactory.java,59,public enum Feature {
S1884,JsonFactory.java,78,"INTERN_FIELD_NAMES(true),"
S1885,JsonFactory.java,88,"CANONICALIZE_FIELD_NAMES(true),"
S1886,JsonFactory.java,104,"FAIL_ON_SYMBOL_HASH_OVERFLOW(true),"
S1887,JsonFactory.java,121,USE_THREAD_LOCAL_FOR_BUFFER_RECYCLING(true)
S1888,JsonFactory.java,135,int flags = 0;
S1889,JsonFactory.java,136,for (Feature f : values()) {
S1890,JsonFactory.java,137,if (f.enabledByDefault()) { flags |= f.getMask(); }
S1891,JsonFactory.java,139,return flags;
S1892,JsonFactory.java,142,private Feature(boolean defaultState) { _defaultState = defaultState; }
S1893,JsonFactory.java,144,public boolean enabledByDefault() { return _defaultState; }
S1894,JsonFactory.java,145,public boolean enabledIn(int flags) { return (flags & getMask()) != 0; }
S1895,JsonFactory.java,146,public int getMask() { return (1 << ordinal()); }
S1896,JsonFactory.java,164,protected final static int DEFAULT_FACTORY_FEATURE_FLAGS = JsonFactory.Feature.collectDefaults();
S1897,JsonFactory.java,170,protected final static int DEFAULT_PARSER_FEATURE_FLAGS = JsonParser.Feature.collectDefaults();
S1898,JsonFactory.java,176,protected final static int DEFAULT_GENERATOR_FEATURE_FLAGS = JsonGenerator.Feature.collectDefaults();
S1899,JsonFactory.java,178,private final static SerializableString DEFAULT_ROOT_VALUE_SEPARATOR = DefaultPrettyPrinter.DEFAULT_ROOT_VALUE_SEPARATOR;
S1900,JsonFactory.java,191,protected final transient CharsToNameCanonicalizer _rootCharSymbols = CharsToNameCanonicalizer.createRoot();
S1901,JsonFactory.java,202,protected final transient ByteQuadsCanonicalizer _byteSymbolCanonicalizer = ByteQuadsCanonicalizer.createRoot();
S1902,JsonFactory.java,222,protected int _factoryFeatures = DEFAULT_FACTORY_FEATURE_FLAGS;
S1903,JsonFactory.java,227,protected int _parserFeatures = DEFAULT_PARSER_FEATURE_FLAGS;
S1904,JsonFactory.java,232,protected int _generatorFeatures = DEFAULT_GENERATOR_FEATURE_FLAGS;
S1905,JsonFactory.java,260,protected SerializableString _rootValueSeparator = DEFAULT_ROOT_VALUE_SEPARATOR;
S1906,JsonFactory.java,278,public JsonFactory() { this(null); }
S1907,JsonFactory.java,280,public JsonFactory(ObjectCodec oc) { _objectCodec = oc; }
S1908,JsonFactory.java,289,_objectCodec = codec;
S1909,JsonFactory.java,290,_factoryFeatures = src._factoryFeatures;
S1910,JsonFactory.java,291,_parserFeatures = src._parserFeatures;
S1911,JsonFactory.java,292,_generatorFeatures = src._generatorFeatures;
S1912,JsonFactory.java,293,_characterEscapes = src._characterEscapes;
S1913,JsonFactory.java,294,_inputDecorator = src._inputDecorator;
S1914,JsonFactory.java,295,_outputDecorator = src._outputDecorator;
S1915,JsonFactory.java,296,_rootValueSeparator = src._rootValueSeparator;
S1916,JsonFactory.java,320,_checkInvalidCopy(JsonFactory.class);
S1917,JsonFactory.java,322,"return new JsonFactory(this, null);"
S1918,JsonFactory.java,331,if (getClass() != exp) {
S1919,JsonFactory.java,349,"return new JsonFactory(this, _objectCodec);"
S1920,JsonFactory.java,401,public boolean canUseCharArrays() { return true; }
S1921,JsonFactory.java,414,return _isJSONFactory();
S1922,JsonFactory.java,475,if (getClass() == JsonFactory.class) {
S1923,JsonFactory.java,476,return FORMAT_NAME_JSON;
S1924,JsonFactory.java,488,if (getClass() == JsonFactory.class) {
S1925,JsonFactory.java,489,return hasJSONFormat(acc);
S1926,JsonFactory.java,517,return ByteSourceJsonBootstrapper.hasJSONFormat(acc);
S1927,JsonFactory.java,528,return PackageVersion.VERSION;
S1928,JsonFactory.java,542,return state ? enable(f) : disable(f);
S1929,JsonFactory.java,550,_factoryFeatures |= f.getMask();
S1930,JsonFactory.java,551,return this;
S1931,JsonFactory.java,559,_factoryFeatures &= ~f.getMask();
S1932,JsonFactory.java,560,return this;
S1933,JsonFactory.java,567,return (_factoryFeatures & f.getMask()) != 0;
S1934,JsonFactory.java,581,return state ? enable(f) : disable(f);
S1935,JsonFactory.java,589,_parserFeatures |= f.getMask();
S1936,JsonFactory.java,590,return this;
S1937,JsonFactory.java,598,_parserFeatures &= ~f.getMask();
S1938,JsonFactory.java,599,return this;
S1939,JsonFactory.java,606,return (_parserFeatures & f.getMask()) != 0;
S1940,JsonFactory.java,621,_inputDecorator = d;
S1941,JsonFactory.java,622,return this;
S1942,JsonFactory.java,636,return state ? enable(f) : disable(f);
S1943,JsonFactory.java,645,_generatorFeatures |= f.getMask();
S1944,JsonFactory.java,646,return this;
S1945,JsonFactory.java,654,_generatorFeatures &= ~f.getMask();
S1946,JsonFactory.java,655,return this;
S1947,JsonFactory.java,662,return (_generatorFeatures & f.getMask()) != 0;
S1948,JsonFactory.java,676,_characterEscapes = esc;
S1949,JsonFactory.java,677,return this;
S1950,JsonFactory.java,692,_outputDecorator = d;
S1951,JsonFactory.java,693,return this;
S1952,JsonFactory.java,706,_rootValueSeparator = (sep == null) ? null : new SerializedString(sep);
S1953,JsonFactory.java,707,return this;
S1954,JsonFactory.java,731,_objectCodec = oc;
S1955,JsonFactory.java,732,return this;
S1956,JsonFactory.java,735,public ObjectCodec getCodec() { return _objectCodec; }
S1957,JsonFactory.java,765,"IOContext ctxt = _createContext(f, true);"
S1958,JsonFactory.java,766,InputStream in = new FileInputStream(f);
S1959,JsonFactory.java,767,"return _createParser(_decorate(in, ctxt), ctxt);"
S1960,JsonFactory.java,792,"IOContext ctxt = _createContext(url, true);"
S1961,JsonFactory.java,793,InputStream in = _optimizedStreamFromURL(url);
S1962,JsonFactory.java,794,"return _createParser(_decorate(in, ctxt), ctxt);"
S1963,JsonFactory.java,819,"IOContext ctxt = _createContext(in, false);"
S1964,JsonFactory.java,820,"return _createParser(_decorate(in, ctxt), ctxt);"
S1965,JsonFactory.java,839,"IOContext ctxt = _createContext(r, false);"
S1966,JsonFactory.java,840,"return _createParser(_decorate(r, ctxt), ctxt);"
S1967,JsonFactory.java,850,"IOContext ctxt = _createContext(data, true);"
S1968,JsonFactory.java,851,if (_inputDecorator != null) {
S1969,JsonFactory.java,852,"InputStream in = _inputDecorator.decorate(ctxt, data, 0, data.length);"
S1970,JsonFactory.java,853,if (in != null) {
S1971,JsonFactory.java,854,"return _createParser(in, ctxt);"
S1972,JsonFactory.java,857,"return _createParser(data, 0, data.length, ctxt);"
S1973,JsonFactory.java,871,"IOContext ctxt = _createContext(data, true);"
S1974,JsonFactory.java,873,if (_inputDecorator != null) {
S1975,JsonFactory.java,879,"return _createParser(data, offset, len, ctxt);"
S1976,JsonFactory.java,889,final int strLen = content.length();
S1977,JsonFactory.java,891,if ((_inputDecorator != null) || (strLen > 0x8000) || !canUseCharArrays()) {
S1978,JsonFactory.java,894,return createParser(new StringReader(content));
S1979,JsonFactory.java,896,"IOContext ctxt = _createContext(content, true);"
S1980,JsonFactory.java,897,char[] buf = ctxt.allocTokenBuffer(strLen);
S1981,JsonFactory.java,898,"content.getChars(0, strLen, buf, 0);"
S1982,JsonFactory.java,899,"return _createParser(buf, 0, strLen, ctxt, true);"
S1983,JsonFactory.java,909,"return createParser(content, 0, content.length);"
S1984,JsonFactory.java,918,if (_inputDecorator != null) { // easier to just wrap in a Reader than extend InputDecorator
S1985,JsonFactory.java,921,"return _createParser(content, offset, len, _createContext(content, true),"
S1986,JsonFactory.java,936,"IOContext ctxt = _createContext(in, false);"
S1987,JsonFactory.java,937,"return _createParser(_decorate(in, ctxt), ctxt);"
S1988,JsonFactory.java,962,"_requireJSONFactory(""Non-blocking source not (yet?) support for this format (%s)"");"
S1989,JsonFactory.java,963,IOContext ctxt = _createNonBlockingContext(null);
S1990,JsonFactory.java,964,ByteQuadsCanonicalizer can = _byteSymbolCanonicalizer.makeChild(_factoryFeatures);
S1991,JsonFactory.java,965,"return new NonBlockingJsonParser(ctxt, _parserFeatures, can);"
S1992,JsonFactory.java,1136,"IOContext ctxt = _createContext(out, false);"
S1993,JsonFactory.java,1137,ctxt.setEncoding(enc);
S1994,JsonFactory.java,1138,if (enc == JsonEncoding.UTF8) {
S1995,JsonFactory.java,1139,"return _createUTF8Generator(_decorate(out, ctxt), ctxt);"
S1996,JsonFactory.java,1154,"return createGenerator(out, JsonEncoding.UTF8);"
S1997,JsonFactory.java,1173,"IOContext ctxt = _createContext(w, false);"
S1998,JsonFactory.java,1174,"return _createGenerator(_decorate(w, ctxt), ctxt);"
S1999,JsonFactory.java,1195,OutputStream out = new FileOutputStream(f);
S2000,JsonFactory.java,1197,"IOContext ctxt = _createContext(out, true);"
S2001,JsonFactory.java,1198,ctxt.setEncoding(enc);
S2002,JsonFactory.java,1199,if (enc == JsonEncoding.UTF8) {
S2003,JsonFactory.java,1202,"Writer w = _createWriter(out, enc, ctxt);"
S2004,JsonFactory.java,1203,"return _createGenerator(_decorate(w, ctxt), ctxt);"
S2005,JsonFactory.java,1225,"return createGenerator(_createDataOutputWrapper(out), JsonEncoding.UTF8);"
S2006,JsonFactory.java,1315,"return new ByteSourceJsonBootstrapper(ctxt, in).constructParser(_parserFeatures,"
S2007,JsonFactory.java,1332,"return new ReaderBasedJsonParser(ctxt, _parserFeatures, r, _objectCodec,"
S2008,JsonFactory.java,1344,"return new ReaderBasedJsonParser(ctxt, _parserFeatures, null, _objectCodec,"
S2009,JsonFactory.java,1362,"return new ByteSourceJsonBootstrapper(ctxt, data, offset, len).constructParser(_parserFeatures,"
S2010,JsonFactory.java,1375,"_requireJSONFactory(""InputData source not (yet?) support for this format (%s)"");"
S2011,JsonFactory.java,1378,int firstByte = ByteSourceJsonBootstrapper.skipUTF8BOM(input);
S2012,JsonFactory.java,1379,ByteQuadsCanonicalizer can = _byteSymbolCanonicalizer.makeChild(_factoryFeatures);
S2013,JsonFactory.java,1380,"return new UTF8DataInputJsonParser(ctxt, _parserFeatures, input,"
S2014,JsonFactory.java,1403,"WriterBasedJsonGenerator gen = new WriterBasedJsonGenerator(ctxt,"
S2015,JsonFactory.java,1405,if (_characterEscapes != null) {
S2016,JsonFactory.java,1406,gen.setCharacterEscapes(_characterEscapes);
S2017,JsonFactory.java,1408,SerializableString rootSep = _rootValueSeparator;
S2018,JsonFactory.java,1409,if (rootSep != DEFAULT_ROOT_VALUE_SEPARATOR) {
S2019,JsonFactory.java,1410,gen.setRootValueSeparator(rootSep);
S2020,JsonFactory.java,1412,return gen;
S2021,JsonFactory.java,1426,"UTF8JsonGenerator gen = new UTF8JsonGenerator(ctxt,"
S2022,JsonFactory.java,1428,if (_characterEscapes != null) {
S2023,JsonFactory.java,1429,gen.setCharacterEscapes(_characterEscapes);
S2024,JsonFactory.java,1431,SerializableString rootSep = _rootValueSeparator;
S2025,JsonFactory.java,1432,if (rootSep != DEFAULT_ROOT_VALUE_SEPARATOR) {
S2026,JsonFactory.java,1433,gen.setRootValueSeparator(rootSep);
S2027,JsonFactory.java,1435,return gen;
S2028,JsonFactory.java,1441,if (enc == JsonEncoding.UTF8) { // We have optimized writer for UTF-8
S2029,JsonFactory.java,1445,"return new OutputStreamWriter(out, enc.getJavaName());"
S2030,JsonFactory.java,1458,if (_inputDecorator != null) {
S2031,JsonFactory.java,1459,"InputStream in2 = _inputDecorator.decorate(ctxt, in);"
S2032,JsonFactory.java,1460,if (in2 != null) {
S2033,JsonFactory.java,1461,return in2;
S2034,JsonFactory.java,1464,return in;
S2035,JsonFactory.java,1471,if (_inputDecorator != null) {
S2036,JsonFactory.java,1472,"Reader in2 = _inputDecorator.decorate(ctxt, in);"
S2037,JsonFactory.java,1473,if (in2 != null) {
S2038,JsonFactory.java,1474,return in2;
S2039,JsonFactory.java,1477,return in;
S2040,JsonFactory.java,1484,if (_inputDecorator != null) {
S2041,JsonFactory.java,1490,return in;
S2042,JsonFactory.java,1497,if (_outputDecorator != null) {
S2043,JsonFactory.java,1498,"OutputStream out2 = _outputDecorator.decorate(ctxt, out);"
S2044,JsonFactory.java,1499,if (out2 != null) {
S2045,JsonFactory.java,1500,return out2;
S2046,JsonFactory.java,1503,return out;
S2047,JsonFactory.java,1510,if (_outputDecorator != null) {
S2048,JsonFactory.java,1511,"Writer out2 = _outputDecorator.decorate(ctxt, out);"
S2049,JsonFactory.java,1512,if (out2 != null) {
S2050,JsonFactory.java,1513,return out2;
S2051,JsonFactory.java,1516,return out;
S2052,JsonFactory.java,1537,if (Feature.USE_THREAD_LOCAL_FOR_BUFFER_RECYCLING.enabledIn(_factoryFeatures)) {
S2053,JsonFactory.java,1538,return BufferRecyclers.getBufferRecycler();
S2054,JsonFactory.java,1540,return new BufferRecycler();
S2055,JsonFactory.java,1548,"return new IOContext(_getBufferRecycler(), srcRef, resourceManaged);"
S2056,JsonFactory.java,1560,BufferRecycler recycler = new BufferRecycler();
S2057,JsonFactory.java,1561,"return new IOContext(recycler, srcRef, false);"
S2058,JsonFactory.java,1568,return new DataOutputAsStream(out);
S2059,JsonFactory.java,1577,"if (""file"".equals(url.getProtocol())) {"
S2060,JsonFactory.java,1584,String host = url.getHost();
S2061,JsonFactory.java,1585,if (host == null || host.length() == 0) {
S2062,JsonFactory.java,1587,String path = url.getPath();
S2063,JsonFactory.java,1588,if (path.indexOf('%') < 0) {
S2064,JsonFactory.java,1589,return new FileInputStream(url.getPath());
S2065,JsonFactory.java,1595,return url.openStream();
S2066,JsonFactory.java,1617,if (!_isJSONFactory()) {
S2067,JsonFactory.java,1625,return getFormatName() == FORMAT_NAME_JSON;
S2068,JsonGenerationException.java,48,"super(msg, (JsonLocation) null);"
S2069,JsonGenerationException.java,49,_processor = g;
S2070,JsonGenerationException.java,72,public JsonGenerator getProcessor() { return _processor; }
S2071,JsonGenerator.java,35,public enum Feature {
S2072,JsonGenerator.java,51,"AUTO_CLOSE_TARGET(true),"
S2073,JsonGenerator.java,63,"AUTO_CLOSE_JSON_CONTENT(true),"
S2074,JsonGenerator.java,76,"FLUSH_PASSED_TO_STREAM(true),"
S2075,JsonGenerator.java,89,"QUOTE_FIELD_NAMES(true),"
S2076,JsonGenerator.java,103,"QUOTE_NON_NUMERIC_NUMBERS(true),"
S2077,JsonGenerator.java,120,"WRITE_NUMBERS_AS_STRINGS(false),"
S2078,JsonGenerator.java,132,"WRITE_BIGDECIMAL_AS_PLAIN(false),"
S2079,JsonGenerator.java,149,"ESCAPE_NON_ASCII(false),"
S2080,JsonGenerator.java,192,"STRICT_DUPLICATE_DETECTION(false),"
S2081,JsonGenerator.java,214,"IGNORE_UNKNOWN(false),"
S2082,JsonGenerator.java,226,int flags = 0;
S2083,JsonGenerator.java,227,for (Feature f : values()) {
S2084,JsonGenerator.java,228,if (f.enabledByDefault()) {
S2085,JsonGenerator.java,229,flags |= f.getMask();
S2086,JsonGenerator.java,232,return flags;
S2087,JsonGenerator.java,235,private Feature(boolean defaultState) {
S2088,JsonGenerator.java,236,_defaultState = defaultState;
S2089,JsonGenerator.java,237,_mask = (1 << ordinal());
S2090,JsonGenerator.java,240,public boolean enabledByDefault() { return _defaultState; }
S2091,JsonGenerator.java,245,public boolean enabledIn(int flags) { return (flags & _mask) != 0; }
S2092,JsonGenerator.java,247,public int getMask() { return _mask; }
S2093,JsonGenerator.java,269,protected JsonGenerator() { }
S2094,JsonGenerator.java,464,_cfgPrettyPrinter = pp;
S2095,JsonGenerator.java,465,return this;
S2096,JsonGenerator.java,475,return _cfgPrettyPrinter;
S2097,JsonGenerator.java,663,public boolean canWriteObjectId() { return false; }
S2098,JsonGenerator.java,679,public boolean canWriteTypeId() { return false; }
S2099,JsonGenerator.java,691,public boolean canWriteBinaryNatively() { return false; }
S2100,JsonGenerator.java,701,public boolean canOmitFields() { return true; }
S2101,JsonGenerator.java,750,writeStartArray();
S2102,JsonGenerator.java,863,if (array == null) {
S2103,JsonGenerator.java,866,"_verifyOffsets(array.length, offset, length);"
S2104,JsonGenerator.java,867,writeStartArray();
S2105,JsonGenerator.java,868,"for (int i = offset, end = offset+length; i < end; ++i) {"
S2106,JsonGenerator.java,869,writeNumber(array[i]);
S2107,JsonGenerator.java,871,writeEndArray();
S2108,JsonGenerator.java,887,if (array == null) {
S2109,JsonGenerator.java,890,"_verifyOffsets(array.length, offset, length);"
S2110,JsonGenerator.java,891,writeStartArray();
S2111,JsonGenerator.java,892,"for (int i = offset, end = offset+length; i < end; ++i) {"
S2112,JsonGenerator.java,893,writeNumber(array[i]);
S2113,JsonGenerator.java,895,writeEndArray();
S2114,JsonGenerator.java,911,if (array == null) {
S2115,JsonGenerator.java,914,"_verifyOffsets(array.length, offset, length);"
S2116,JsonGenerator.java,915,writeStartArray();
S2117,JsonGenerator.java,916,"for (int i = offset, end = offset+length; i < end; ++i) {"
S2118,JsonGenerator.java,917,writeNumber(array[i]);
S2119,JsonGenerator.java,919,writeEndArray();
S2120,JsonGenerator.java,1120,writeRawValue(raw.getValue());
S2121,JsonGenerator.java,1163,"writeBinary(Base64Variants.getDefaultVariant(), data, 0, data.length);"
S2122,JsonGenerator.java,1181,"return writeBinary(Base64Variants.getDefaultVariant(), data, dataLength);"
S2123,JsonGenerator.java,1349,if (object == null) {
S2124,JsonGenerator.java,1350,writeNull();
S2125,JsonGenerator.java,1351,return;
S2126,JsonGenerator.java,1353,if (object instanceof byte[]) {
S2127,JsonGenerator.java,1354,writeBinary((byte[]) object);
S2128,JsonGenerator.java,1355,return;
S2129,JsonGenerator.java,1357,"throw new JsonGenerationException(""No native support for writing embedded objects of type """
S2130,JsonGenerator.java,1569,writeFieldName(fieldName);
S2131,JsonGenerator.java,1570,writeString(value);
S2132,JsonGenerator.java,1582,writeFieldName(fieldName);
S2133,JsonGenerator.java,1583,writeBoolean(value);
S2134,JsonGenerator.java,1595,writeFieldName(fieldName);
S2135,JsonGenerator.java,1596,writeNull();
S2136,JsonGenerator.java,1608,writeFieldName(fieldName);
S2137,JsonGenerator.java,1609,writeNumber(value);
S2138,JsonGenerator.java,1621,writeFieldName(fieldName);
S2139,JsonGenerator.java,1622,writeNumber(value);
S2140,JsonGenerator.java,1634,writeFieldName(fieldName);
S2141,JsonGenerator.java,1635,writeNumber(value);
S2142,JsonGenerator.java,1647,writeFieldName(fieldName);
S2143,JsonGenerator.java,1648,writeNumber(value);
S2144,JsonGenerator.java,1661,writeFieldName(fieldName);
S2145,JsonGenerator.java,1662,writeNumber(value);
S2146,JsonGenerator.java,1693,writeFieldName(fieldName);
S2147,JsonGenerator.java,1694,writeStartArray();
S2148,JsonGenerator.java,1711,writeFieldName(fieldName);
S2149,JsonGenerator.java,1712,writeStartObject();
S2150,JsonGenerator.java,1725,writeFieldName(fieldName);
S2151,JsonGenerator.java,1726,writeObject(pojo);
S2152,JsonGenerator.java,1758,JsonToken t = p.currentToken();
S2153,JsonGenerator.java,1760,if (t == null) {
S2154,JsonGenerator.java,1763,switch (t.id()) {
S2155,JsonGenerator.java,1768,writeStartObject();
S2156,JsonGenerator.java,1769,break;
S2157,JsonGenerator.java,1771,writeEndObject();
S2158,JsonGenerator.java,1772,break;
S2159,JsonGenerator.java,1774,writeStartArray();
S2160,JsonGenerator.java,1775,break;
S2161,JsonGenerator.java,1777,writeEndArray();
S2162,JsonGenerator.java,1778,break;
S2163,JsonGenerator.java,1780,writeFieldName(p.getCurrentName());
S2164,JsonGenerator.java,1781,break;
S2165,JsonGenerator.java,1783,if (p.hasTextCharacters()) {
S2166,JsonGenerator.java,1784,"writeString(p.getTextCharacters(), p.getTextOffset(), p.getTextLength());"
S2167,JsonGenerator.java,1791,NumberType n = p.getNumberType();
S2168,JsonGenerator.java,1792,if (n == NumberType.INT) {
S2169,JsonGenerator.java,1793,writeNumber(p.getIntValue());
S2170,JsonGenerator.java,1803,NumberType n = p.getNumberType();
S2171,JsonGenerator.java,1804,if (n == NumberType.BIG_DECIMAL) {
S2172,JsonGenerator.java,1806,} else if (n == NumberType.FLOAT) {
S2173,JsonGenerator.java,1809,writeNumber(p.getDoubleValue());
S2174,JsonGenerator.java,1811,break;
S2175,JsonGenerator.java,1814,writeBoolean(true);
S2176,JsonGenerator.java,1815,break;
S2177,JsonGenerator.java,1817,writeBoolean(false);
S2178,JsonGenerator.java,1818,break;
S2179,JsonGenerator.java,1820,writeNull();
S2180,JsonGenerator.java,1821,break;
S2181,JsonGenerator.java,1862,JsonToken t = p.currentToken();
S2182,JsonGenerator.java,1863,if (t == null) {
S2183,JsonGenerator.java,1867,int id = t.id();
S2184,JsonGenerator.java,1868,if (id == ID_FIELD_NAME) {
S2185,JsonGenerator.java,1869,writeFieldName(p.getCurrentName());
S2186,JsonGenerator.java,1870,t = p.nextToken();
S2187,JsonGenerator.java,1871,id = t.id();
S2188,JsonGenerator.java,1874,switch (id) {
S2189,JsonGenerator.java,1876,writeStartObject();
S2190,JsonGenerator.java,1877,while (p.nextToken() != JsonToken.END_OBJECT) {
S2191,JsonGenerator.java,1878,copyCurrentStructure(p);
S2192,JsonGenerator.java,1880,writeEndObject();
S2193,JsonGenerator.java,1881,break;
S2194,JsonGenerator.java,1883,writeStartArray();
S2195,JsonGenerator.java,1884,while (p.nextToken() != JsonToken.END_ARRAY) {
S2196,JsonGenerator.java,1885,copyCurrentStructure(p);
S2197,JsonGenerator.java,1887,writeEndArray();
S2198,JsonGenerator.java,1888,break;
S2199,JsonGenerator.java,1890,copyCurrentEvent(p);
S2200,JsonGenerator.java,1961,"throw new JsonGenerationException(msg, this);"
S2201,JsonGenerator.java,1975,if ((offset < 0) || (offset + length) > arrayLength) {
S2202,JsonGenerator.java,1995,if (value == null) {
S2203,JsonGenerator.java,1999,if (value instanceof String) {
S2204,JsonGenerator.java,2003,if (value instanceof Number) {
S2205,JsonGenerator.java,2004,Number n = (Number) value;
S2206,JsonGenerator.java,2005,if (n instanceof Integer) {
S2207,JsonGenerator.java,2006,writeNumber(n.intValue());
S2208,JsonGenerator.java,2007,return;
S2209,JsonGenerator.java,2008,} else if (n instanceof Long) {
S2210,JsonGenerator.java,2009,writeNumber(n.longValue());
S2211,JsonGenerator.java,2010,return;
S2212,JsonGenerator.java,2011,} else if (n instanceof Double) {
S2213,JsonGenerator.java,2012,writeNumber(n.doubleValue());
S2214,JsonGenerator.java,2013,return;
S2215,JsonGenerator.java,2014,} else if (n instanceof Float) {
S2216,JsonGenerator.java,2015,writeNumber(n.floatValue());
S2217,JsonGenerator.java,2016,return;
S2218,JsonGenerator.java,2017,} else if (n instanceof Short) {
S2219,JsonGenerator.java,2018,writeNumber(n.shortValue());
S2220,JsonGenerator.java,2019,return;
S2221,JsonGenerator.java,2020,} else if (n instanceof Byte) {
S2222,JsonGenerator.java,2021,writeNumber(n.byteValue());
S2223,JsonGenerator.java,2022,return;
S2224,JsonGenerator.java,2023,} else if (n instanceof BigInteger) {
S2225,JsonGenerator.java,2024,writeNumber((BigInteger) n);
S2226,JsonGenerator.java,2025,return;
S2227,JsonGenerator.java,2026,} else if (n instanceof BigDecimal) {
S2228,JsonGenerator.java,2027,writeNumber((BigDecimal) n);
S2229,JsonGenerator.java,2028,return;
S2230,JsonGenerator.java,2031,} else if (n instanceof AtomicInteger) {
S2231,JsonGenerator.java,2032,writeNumber(((AtomicInteger) n).get());
S2232,JsonGenerator.java,2033,return;
S2233,JsonGenerator.java,2034,} else if (n instanceof AtomicLong) {
S2234,JsonGenerator.java,2035,writeNumber(((AtomicLong) n).get());
S2235,JsonGenerator.java,2036,return;
S2236,JsonGenerator.java,2041,} else if (value instanceof Boolean) {
S2237,JsonGenerator.java,2042,writeBoolean((Boolean) value);
S2238,JsonGenerator.java,2043,return;
S2239,JsonGenerator.java,2044,} else if (value instanceof AtomicBoolean) {
S2240,JsonGenerator.java,2045,writeBoolean(((AtomicBoolean) value).get());
S2241,JsonGenerator.java,2046,return;
S2242,JsonGeneratorDelegate.java,33,"this(d, true);"
S2243,JsonGeneratorDelegate.java,41,"public JsonGeneratorDelegate(JsonGenerator d, boolean delegateCopyMethods) {"
S2244,JsonGeneratorDelegate.java,42,delegate = d;
S2245,JsonGeneratorDelegate.java,43,this.delegateCopyMethods = delegateCopyMethods;
S2246,JsonGeneratorDelegate.java,48,return delegate.getCurrentValue();
S2247,JsonGeneratorDelegate.java,53,delegate.setCurrentValue(v);
S2248,JsonGeneratorDelegate.java,70,@Override public ObjectCodec getCodec() { return delegate.getCodec(); }
S2249,JsonGeneratorDelegate.java,80,@Override public Object getOutputTarget() { return delegate.getOutputTarget(); }
S2250,JsonGeneratorDelegate.java,81,@Override public int getOutputBuffered() { return delegate.getOutputBuffered(); }
S2251,JsonGeneratorDelegate.java,194,public void writeStartArray() throws IOException { delegate.writeStartArray(); }
S2252,JsonGeneratorDelegate.java,197,public void writeStartArray(int size) throws IOException { delegate.writeStartArray(size); }
S2253,JsonGeneratorDelegate.java,200,public void writeEndArray() throws IOException { delegate.writeEndArray(); }
S2254,JsonGeneratorDelegate.java,203,public void writeStartObject() throws IOException { delegate.writeStartObject(); }
S2255,JsonGeneratorDelegate.java,209,public void writeEndObject() throws IOException { delegate.writeEndObject(); }
S2256,JsonGeneratorDelegate.java,213,delegate.writeFieldName(name);
S2257,JsonGeneratorDelegate.java,248,public void writeString(String text) throws IOException { delegate.writeString(text); }
S2258,JsonGeneratorDelegate.java,256,"public void writeString(char[] text, int offset, int len) throws IOException { delegate.writeString(text, offset, len); }"
S2259,JsonGeneratorDelegate.java,313,public void writeNumber(int v) throws IOException { delegate.writeNumber(v); }
S2260,JsonGeneratorDelegate.java,334,public void writeBoolean(boolean state) throws IOException { delegate.writeBoolean(state); }
S2261,JsonGeneratorDelegate.java,337,public void writeNull() throws IOException { delegate.writeNull(); }
S2262,JsonGeneratorDelegate.java,374,if (delegateCopyMethods) {
S2263,JsonGeneratorDelegate.java,378,if (pojo == null) {
S2264,JsonGeneratorDelegate.java,381,ObjectCodec c = getCodec();
S2265,JsonGeneratorDelegate.java,382,if (c != null) {
S2266,JsonGeneratorDelegate.java,383,"c.writeValue(this, pojo);"
S2267,JsonGeneratorDelegate.java,384,return;
S2268,JsonGeneratorDelegate.java,392,if (delegateCopyMethods) {
S2269,JsonGeneratorDelegate.java,397,if (tree == null) {
S2270,JsonGeneratorDelegate.java,400,ObjectCodec c = getCodec();
S2271,JsonGeneratorDelegate.java,401,if (c == null) {
S2272,JsonGeneratorDelegate.java,404,"c.writeTree(this, tree);"
S2273,JsonGeneratorDelegate.java,424,if (delegateCopyMethods) delegate.copyCurrentEvent(p);
S2274,JsonGeneratorDelegate.java,425,else super.copyCurrentEvent(p);
S2275,JsonGeneratorDelegate.java,430,if (delegateCopyMethods) delegate.copyCurrentStructure(p);
S2276,JsonGeneratorDelegate.java,431,else super.copyCurrentStructure(p);
S2277,JsonGeneratorDelegate.java,448,@Override public void flush() throws IOException { delegate.flush(); }
S2278,JsonGeneratorDelegate.java,449,@Override public void close() throws IOException { delegate.close(); }
S2279,JsonGeneratorDelegate.java,457,@Override public boolean isClosed() { return delegate.isClosed(); }
S2280,JsonGeneratorImpl.java,31,protected final static int[] sOutputEscapes = CharTypes.get7BitOutputEscapes();
S2281,JsonGeneratorImpl.java,53,protected int[] _outputEscapes = sOutputEscapes;
S2282,JsonGeneratorImpl.java,84,protected SerializableString _rootValueSeparator
S2283,JsonGeneratorImpl.java,103,"super(features, codec);"
S2284,JsonGeneratorImpl.java,104,_ioContext = ctxt;
S2285,JsonGeneratorImpl.java,105,if (Feature.ESCAPE_NON_ASCII.enabledIn(features)) {
S2286,JsonGeneratorImpl.java,109,_cfgUnqNames = !Feature.QUOTE_FIELD_NAMES.enabledIn(features);
S2287,JsonGeneratorImpl.java,120,return VersionUtil.versionFor(getClass());
S2288,JsonGeneratorImpl.java,131,super.enable(f);
S2289,JsonGeneratorImpl.java,132,if (f == Feature.QUOTE_FIELD_NAMES) {
S2290,JsonGeneratorImpl.java,133,_cfgUnqNames = false;
S2291,JsonGeneratorImpl.java,135,return this;
S2292,JsonGeneratorImpl.java,140,super.disable(f);
S2293,JsonGeneratorImpl.java,141,if (f == Feature.QUOTE_FIELD_NAMES) {
S2294,JsonGeneratorImpl.java,142,_cfgUnqNames = true;
S2295,JsonGeneratorImpl.java,144,return this;
S2296,JsonGeneratorImpl.java,149,"super._checkStdFeatureChanges(newFeatureFlags, changedFeatures);"
S2297,JsonGeneratorImpl.java,150,_cfgUnqNames = !Feature.QUOTE_FIELD_NAMES.enabledIn(newFeatureFlags);
S2298,JsonGeneratorImpl.java,155,_maximumNonEscapedChar = (charCode < 0) ? 0 : charCode;
S2299,JsonGeneratorImpl.java,156,return this;
S2300,JsonGeneratorImpl.java,167,_characterEscapes = esc;
S2301,JsonGeneratorImpl.java,168,if (esc == null) { // revert to standard escapes
S2302,JsonGeneratorImpl.java,171,_outputEscapes = esc.getEscapeCodesForAscii();
S2303,JsonGeneratorImpl.java,173,return this;
S2304,JsonGeneratorImpl.java,187,_rootValueSeparator = sep;
S2305,JsonGeneratorImpl.java,188,return this;
S2306,JsonGeneratorImpl.java,202,writeFieldName(fieldName);
S2307,JsonGeneratorImpl.java,203,writeString(value);
S2308,JsonGeneratorImpl.java,215,switch (status) {
S2309,JsonGeneratorImpl.java,217,_cfgPrettyPrinter.writeArrayValueSeparator(this);
S2310,JsonGeneratorImpl.java,218,break;
S2311,JsonGeneratorImpl.java,220,_cfgPrettyPrinter.writeObjectFieldValueSeparator(this);
S2312,JsonGeneratorImpl.java,221,break;
S2313,JsonGeneratorImpl.java,223,_cfgPrettyPrinter.writeRootValueSeparator(this);
S2314,JsonGeneratorImpl.java,224,break;
S2315,JsonGeneratorImpl.java,227,if (_writeContext.inArray()) {
S2316,JsonGeneratorImpl.java,228,_cfgPrettyPrinter.beforeArrayValues(this);
S2317,JsonGeneratorImpl.java,229,} else if (_writeContext.inObject()) {
S2318,JsonGeneratorImpl.java,244,"_reportError(String.format(""Can not %s, expecting field name (context: %s)"","
S2319,JsonLocation.java,36,"public final static JsonLocation NA = new JsonLocation(null, -1L, -1L, -1, -1);"
S2320,JsonLocation.java,58,"this(srcRef, -1L, totalChars, lineNr, colNr);"
S2321,JsonLocation.java,64,_sourceRef = sourceRef;
S2322,JsonLocation.java,65,_totalBytes = totalBytes;
S2323,JsonLocation.java,66,_totalChars = totalChars;
S2324,JsonLocation.java,67,_lineNr = lineNr;
S2325,JsonLocation.java,68,_columnNr = columnNr;
S2326,JsonLocation.java,79,public Object getSourceRef() { return _sourceRef; }
S2327,JsonLocation.java,84,public int getLineNr() { return _lineNr; }
S2328,JsonLocation.java,89,public int getColumnNr() { return _columnNr; }
S2329,JsonLocation.java,95,public long getCharOffset() { return _totalChars; }
S2330,JsonLocation.java,103,return _totalBytes;
S2331,JsonLocation.java,116,return _appendSourceDesc(new StringBuilder(100)).toString();
S2332,JsonLocation.java,128,int hash = (_sourceRef == null) ? 1 : _sourceRef.hashCode();
S2333,JsonLocation.java,129,hash ^= _lineNr;
S2334,JsonLocation.java,130,hash += _columnNr;
S2335,JsonLocation.java,131,hash ^= (int) _totalChars;
S2336,JsonLocation.java,132,hash += (int) _totalBytes;
S2337,JsonLocation.java,133,return hash;
S2338,JsonLocation.java,139,if (other == this) return true;
S2339,JsonLocation.java,140,if (other == null) return false;
S2340,JsonLocation.java,141,if (!(other instanceof JsonLocation)) return false;
S2341,JsonLocation.java,142,JsonLocation otherLoc = (JsonLocation) other;
S2342,JsonLocation.java,144,if (_sourceRef == null) {
S2343,JsonLocation.java,145,if (otherLoc._sourceRef != null) return false;
S2344,JsonLocation.java,146,} else if (!_sourceRef.equals(otherLoc._sourceRef)) return false;
S2345,JsonLocation.java,158,StringBuilder sb = new StringBuilder(80);
S2346,JsonLocation.java,159,"sb.append(""[Source: "");"
S2347,JsonLocation.java,160,_appendSourceDesc(sb);
S2348,JsonLocation.java,161,"sb.append(""; line: "");"
S2349,JsonLocation.java,162,sb.append(_lineNr);
S2350,JsonLocation.java,163,"sb.append("", column: "");"
S2351,JsonLocation.java,164,sb.append(_columnNr);
S2352,JsonLocation.java,165,sb.append(']');
S2353,JsonLocation.java,166,return sb.toString();
S2354,JsonLocation.java,171,final Object srcRef = _sourceRef;
S2355,JsonLocation.java,173,if (srcRef == null) {
S2356,JsonLocation.java,174,"sb.append(""UNKNOWN"");"
S2357,JsonLocation.java,175,return sb;
S2358,JsonLocation.java,178,Class<?> srcType = (srcRef instanceof Class<?>) ?
S2359,JsonLocation.java,180,String tn = srcType.getName();
S2360,JsonLocation.java,182,"if (tn.startsWith(""java."")) {"
S2361,JsonLocation.java,183,tn = srcType.getSimpleName();
S2362,JsonLocation.java,184,} else if (srcRef instanceof byte[]) { // then some other special cases
S2363,JsonLocation.java,185,"tn = ""byte[]"";"
S2364,JsonLocation.java,186,} else if (srcRef instanceof char[]) {
S2365,JsonLocation.java,187,"tn = ""char[]"";"
S2366,JsonLocation.java,189,sb.append('(').append(tn).append(')');
S2367,JsonLocation.java,192,"String charStr = "" chars"";"
S2368,JsonLocation.java,194,if (srcRef instanceof CharSequence) {
S2369,JsonLocation.java,195,CharSequence cs = (CharSequence) srcRef;
S2370,JsonLocation.java,196,len = cs.length();
S2371,JsonLocation.java,197,"len -= _append(sb, cs.subSequence(0, Math.min(len, MAX_CONTENT_SNIPPET)).toString());"
S2372,JsonLocation.java,198,} else if (srcRef instanceof char[]) {
S2373,JsonLocation.java,199,char[] ch = (char[]) srcRef;
S2374,JsonLocation.java,200,len = ch.length;
S2375,JsonLocation.java,201,"len -= _append(sb, new String(ch, 0, Math.min(len, MAX_CONTENT_SNIPPET)));"
S2376,JsonLocation.java,202,} else if (srcRef instanceof byte[]) {
S2377,JsonLocation.java,203,byte[] b = (byte[]) srcRef;
S2378,JsonLocation.java,204,"int maxLen = Math.min(b.length, MAX_CONTENT_SNIPPET);"
S2379,JsonLocation.java,205,"_append(sb, new String(b, 0, maxLen, Charset.forName(""UTF-8"")));"
S2380,JsonLocation.java,206,len = b.length - maxLen;
S2381,JsonLocation.java,207,"charStr = "" bytes"";"
S2382,JsonLocation.java,208,} else {
S2383,JsonLocation.java,209,len = 0;
S2384,JsonLocation.java,211,if (len > 0) {
S2385,JsonLocation.java,212,"sb.append(""[truncated "").append(len).append(charStr).append(']');"
S2386,JsonLocation.java,214,return sb;
S2387,JsonLocation.java,218,"sb.append('""').append(content).append('""');"
S2388,JsonLocation.java,219,return content.length();
S2389,JsonParseException.java,49,"super(msg, (p == null) ? null : p.getCurrentLocation());"
S2390,JsonParseException.java,50,_processor = p;
S2391,JsonParseException.java,65,"super(msg, loc);"
S2392,JsonParseException.java,66,_processor = p;
S2393,JsonParseException.java,99,_requestPayload = p;
S2394,JsonParseException.java,100,return this;
S2395,JsonParseException.java,105,return _processor;
S2396,JsonParseException.java,117,return _requestPayload;
S2397,JsonParseException.java,129,return (_requestPayload != null) ? _requestPayload.toString() : null;
S2398,JsonParseException.java,137,String msg = super.getMessage();
S2399,JsonParseException.java,138,if (_requestPayload != null) {
S2400,JsonParseException.java,139,"msg +=  ""\nRequest payload : "" + _requestPayload.toString();"
S2401,JsonParseException.java,141,return msg;
S2402,JsonParser.java,38,public enum NumberType {
S2403,JsonParser.java,39,"INT, LONG, BIG_INTEGER, FLOAT, DOUBLE, BIG_DECIMAL"
S2404,JsonParser.java,45,public enum Feature {
S2405,JsonParser.java,61,"AUTO_CLOSE_SOURCE(true),"
S2406,JsonParser.java,77,"ALLOW_COMMENTS(false),"
S2407,JsonParser.java,91,"ALLOW_YAML_COMMENTS(false),"
S2408,JsonParser.java,102,"ALLOW_UNQUOTED_FIELD_NAMES(false),"
S2409,JsonParser.java,115,"ALLOW_SINGLE_QUOTES(false),"
S2410,JsonParser.java,128,"ALLOW_UNQUOTED_CONTROL_CHARS(false),"
S2411,JsonParser.java,139,"ALLOW_BACKSLASH_ESCAPING_ANY_CHARACTER(false),"
S2412,JsonParser.java,151,"ALLOW_NUMERIC_LEADING_ZEROS(false),"
S2413,JsonParser.java,171,"ALLOW_NON_NUMERIC_NUMBERS(false),"
S2414,JsonParser.java,189,"ALLOW_MISSING_VALUES(false),"
S2415,JsonParser.java,212,"ALLOW_TRAILING_COMMA(false),"
S2416,JsonParser.java,232,"STRICT_DUPLICATE_DETECTION(false),"
S2417,JsonParser.java,256,"IGNORE_UNDEFINED(false),"
S2418,JsonParser.java,279,"INCLUDE_SOURCE_IN_LOCATION(true),"
S2419,JsonParser.java,296,int flags = 0;
S2420,JsonParser.java,297,for (Feature f : values()) {
S2421,JsonParser.java,298,if (f.enabledByDefault()) {
S2422,JsonParser.java,299,flags |= f.getMask();
S2423,JsonParser.java,302,return flags;
S2424,JsonParser.java,305,private Feature(boolean defaultState) {
S2425,JsonParser.java,306,_mask = (1 << ordinal());
S2426,JsonParser.java,307,_defaultState = defaultState;
S2427,JsonParser.java,310,public boolean enabledByDefault() { return _defaultState; }
S2428,JsonParser.java,315,public boolean enabledIn(int flags) { return (flags & _mask) != 0; }
S2429,JsonParser.java,317,public int getMask() { return _mask; }
S2430,JsonParser.java,346,protected JsonParser() { }
S2431,JsonParser.java,347,protected JsonParser(int features) { _features = features; }
S2432,JsonParser.java,428,"_requestPayload = (payload == null) ? null : new RequestPayload(payload, charset);"
S2433,JsonParser.java,437,_requestPayload = (payload == null) ? null : new RequestPayload(payload);
S2434,JsonParser.java,647,public int releaseBuffered(Writer w) throws IOException { return -1; }
S2435,JsonParser.java,678,if (state) enable(f); else disable(f);
S2436,JsonParser.java,679,return this;
S2437,JsonParser.java,685,public boolean isEnabled(Feature f) { return f.enabledIn(_features); }
S2438,JsonParser.java,814,return (nextToken() == JsonToken.FIELD_NAME) && str.getValue().equals(getCurrentName());
S2439,JsonParser.java,1390,JsonToken t = currentToken();
S2440,JsonParser.java,1391,if (t == JsonToken.VALUE_TRUE) return true;
S2441,JsonParser.java,1392,if (t == JsonToken.VALUE_FALSE) return false;
S2442,JsonParser.java,1393,"throw new JsonParseException(this,"
S2443,JsonParser.java,1410,public Object getEmbeddedObject() throws IOException { return null; }
S2444,JsonParser.java,1448,return getBinaryValue(Base64Variants.getDefaultVariant());
S2445,JsonParser.java,1466,"return readBinaryValue(Base64Variants.getDefaultVariant(), out);"
S2446,JsonParser.java,1561,return getValueAsDouble(0.0);
S2447,JsonParser.java,1591,return getValueAsBoolean(false);
S2448,JsonParser.java,1655,public boolean canReadObjectId() { return false; }
S2449,JsonParser.java,1669,public boolean canReadTypeId() { return false; }
S2450,JsonParser.java,1782,return (T) _codec().readTree(this);
S2451,JsonParser.java,1786,ObjectCodec c = getCodec();
S2452,JsonParser.java,1787,if (c == null) {
S2453,JsonParser.java,1788,"throw new IllegalStateException(""No ObjectCodec defined for parser, needed for deserialization"");"
S2454,JsonParser.java,1804,"return new JsonParseException(this, msg)"
S2455,JsonParserDelegate.java,25,public JsonParserDelegate(JsonParser d) {
S2456,JsonParserDelegate.java,26,delegate = d;
S2457,JsonParserDelegate.java,31,return delegate.getCurrentValue();
S2458,JsonParserDelegate.java,36,delegate.setCurrentValue(v);
S2459,JsonParserDelegate.java,102,@Override public void close() throws IOException { delegate.close(); }
S2460,JsonParserDelegate.java,103,@Override public boolean isClosed() { return delegate.isClosed(); }
S2461,JsonParserDelegate.java,111,@Override public JsonToken currentToken() { return delegate.currentToken(); }
S2462,JsonParserDelegate.java,143,@Override public String getText() throws IOException { return delegate.getText();  }
S2463,JsonParserDelegate.java,160,public boolean getBooleanValue() throws IOException { return delegate.getBooleanValue(); }
S2464,JsonParserDelegate.java,178,public int getIntValue() throws IOException { return delegate.getIntValue(); }
S2465,JsonParserDelegate.java,203,@Override public String getValueAsString() throws IOException { return delegate.getValueAsString(); }
S2466,JsonParserDelegate.java,204,@Override public String getValueAsString(String defaultValue) throws IOException { return delegate.getValueAsString(defaultValue); }
S2467,JsonParserDelegate.java,217,@Override public JsonToken nextToken() throws IOException { return delegate.nextToken(); }
S2468,JsonParserSequence.java,68,super(parsers[0]);
S2469,JsonParserSequence.java,69,_checkForExistingToken = checkForExistingToken;
S2470,JsonParserSequence.java,70,_hasToken = checkForExistingToken && delegate.hasCurrentToken();
S2471,JsonParserSequence.java,71,_parsers = parsers;
S2472,JsonParserSequence.java,72,_nextParserIndex = 1;
S2473,JsonParserSequence.java,87,if (!(first instanceof JsonParserSequence || second instanceof JsonParserSequence)) {
S2474,JsonParserSequence.java,88,"return new JsonParserSequence(checkForExistingToken,"
S2475,JsonParserSequence.java,91,ArrayList<JsonParser> p = new ArrayList<JsonParser>();
S2476,JsonParserSequence.java,92,if (first instanceof JsonParserSequence) {
S2477,JsonParserSequence.java,93,((JsonParserSequence) first).addFlattenedActiveParsers(p);
S2478,JsonParserSequence.java,97,if (second instanceof JsonParserSequence) {
S2479,JsonParserSequence.java,100,p.add(second);
S2480,JsonParserSequence.java,102,"return new JsonParserSequence(checkForExistingToken,"
S2481,JsonParserSequence.java,118,"for (int i = _nextParserIndex-1, len = _parsers.length; i < len; ++i) {"
S2482,JsonParserSequence.java,119,JsonParser p = _parsers[i];
S2483,JsonParserSequence.java,120,if (p instanceof JsonParserSequence) {
S2484,JsonParserSequence.java,123,listToAddIn.add(p);
S2485,JsonParserSequence.java,137,do { delegate.close(); } while (switchToNext());
S2486,JsonParserSequence.java,143,if (delegate == null) {
S2487,JsonParserSequence.java,146,if (_hasToken) {
S2488,JsonParserSequence.java,147,_hasToken = false;
S2489,JsonParserSequence.java,148,return delegate.currentToken();
S2490,JsonParserSequence.java,150,JsonToken t = delegate.nextToken();
S2491,JsonParserSequence.java,151,if (t == null) {
S2492,JsonParserSequence.java,152,return switchAndReturnNext();
S2493,JsonParserSequence.java,154,return t;
S2494,JsonParserSequence.java,200,return _parsers.length;
S2495,JsonParserSequence.java,220,if (_nextParserIndex < _parsers.length) {
S2496,JsonParserSequence.java,224,return false;
S2497,JsonParserSequence.java,229,while (_nextParserIndex < _parsers.length) {
S2498,JsonParserSequence.java,230,delegate = _parsers[_nextParserIndex++];
S2499,JsonParserSequence.java,231,if (_checkForExistingToken && delegate.hasCurrentToken()) {
S2500,JsonParserSequence.java,232,return delegate.getCurrentToken();
S2501,JsonParserSequence.java,234,JsonToken t = delegate.nextToken();
S2502,JsonParserSequence.java,235,if (t != null) {
S2503,JsonParserSequence.java,236,return t;
S2504,JsonParserSequence.java,239,return null;
S2505,JsonPointer.java,34,protected final static JsonPointer EMPTY = new JsonPointer();
S2506,JsonPointer.java,77,protected JsonPointer() {
S2507,JsonPointer.java,78,_nextSegment = null;
S2508,JsonPointer.java,79,"_matchingPropertyName = """";"
S2509,JsonPointer.java,80,_matchingElementIndex = -1;
S2510,JsonPointer.java,81,"_asString = """";"
S2511,JsonPointer.java,87,"protected JsonPointer(String fullString, String segment, JsonPointer next) {"
S2512,JsonPointer.java,88,_asString = fullString;
S2513,JsonPointer.java,89,_nextSegment = next;
S2514,JsonPointer.java,91,_matchingPropertyName = segment;
S2515,JsonPointer.java,93,_matchingElementIndex = _parseIndex(segment);
S2516,JsonPointer.java,99,"protected JsonPointer(String fullString, String segment, int matchIndex, JsonPointer next) {"
S2517,JsonPointer.java,100,_asString = fullString;
S2518,JsonPointer.java,101,_nextSegment = next;
S2519,JsonPointer.java,102,_matchingPropertyName = segment;
S2520,JsonPointer.java,103,_matchingElementIndex = matchIndex;
S2521,JsonPointer.java,124,if ((input == null) || input.length() == 0) {
S2522,JsonPointer.java,128,if (input.charAt(0) != '/') {
S2523,JsonPointer.java,131,return _parseTail(input);
S2524,JsonPointer.java,155,if (context == null) {
S2525,JsonPointer.java,158,if (!context.hasPathSegment()) {
S2526,JsonPointer.java,160,if (!(includeRoot && context.inRoot() && context.hasCurrentIndex())) {
S2527,JsonPointer.java,161,context = context.getParent();
S2528,JsonPointer.java,164,JsonPointer tail = null;
S2529,JsonPointer.java,166,for (; context != null; context = context.getParent()) {
S2530,JsonPointer.java,167,if (context.inObject()) {
S2531,JsonPointer.java,168,String seg = context.getCurrentName();
S2532,JsonPointer.java,169,if (seg == null) { // is this legal?
S2533,JsonPointer.java,172,"tail = new JsonPointer(_fullPath(tail, seg), seg, tail);"
S2534,JsonPointer.java,173,} else if (context.inArray() || includeRoot) {
S2535,JsonPointer.java,174,int ix = context.getCurrentIndex();
S2536,JsonPointer.java,175,String ixStr = String.valueOf(ix);
S2537,JsonPointer.java,176,"tail = new JsonPointer(_fullPath(tail, ixStr), ixStr, ix, tail);"
S2538,JsonPointer.java,182,if (tail == null) {
S2539,JsonPointer.java,183,return EMPTY;
S2540,JsonPointer.java,185,return tail;
S2541,JsonPointer.java,190,if (tail == null) {
S2542,JsonPointer.java,191,StringBuilder sb = new StringBuilder(segment.length()+1);
S2543,JsonPointer.java,192,sb.append('/');
S2544,JsonPointer.java,193,"_appendEscaped(sb, segment);"
S2545,JsonPointer.java,194,return sb.toString();
S2546,JsonPointer.java,196,String tailDesc = tail._asString;
S2547,JsonPointer.java,197,StringBuilder sb = new StringBuilder(segment.length() + 1 + tailDesc.length());
S2548,JsonPointer.java,198,sb.append('/');
S2549,JsonPointer.java,199,"_appendEscaped(sb, segment);"
S2550,JsonPointer.java,200,sb.append(tailDesc);
S2551,JsonPointer.java,201,return sb.toString();
S2552,JsonPointer.java,206,"for (int i = 0, end = segment.length(); i < end; ++i) {"
S2553,JsonPointer.java,207,char c = segment.charAt(i);
S2554,JsonPointer.java,208,if (c == '/') {
S2555,JsonPointer.java,212,if (c == '~') {
S2556,JsonPointer.java,216,sb.append(c);
S2557,JsonPointer.java,248,public boolean matches() { return _nextSegment == null; }
S2558,JsonPointer.java,249,public String getMatchingProperty() { return _matchingPropertyName; }
S2559,JsonPointer.java,250,public int getMatchingIndex() { return _matchingElementIndex; }
S2560,JsonPointer.java,261,JsonPointer current = this;
S2561,JsonPointer.java,262,if (current == EMPTY) {
S2562,JsonPointer.java,266,while ((next = current._nextSegment) != JsonPointer.EMPTY) {
S2563,JsonPointer.java,267,current = next;
S2564,JsonPointer.java,269,return current;
S2565,JsonPointer.java,289,if (this == EMPTY) {
S2566,JsonPointer.java,292,if (tail == EMPTY) {
S2567,JsonPointer.java,298,String currentJsonPointer = _asString;
S2568,JsonPointer.java,299,"if (currentJsonPointer.endsWith(""/"")) {"
S2569,JsonPointer.java,301,"currentJsonPointer = currentJsonPointer.substring(0, currentJsonPointer.length()-1);"
S2570,JsonPointer.java,303,return compile(currentJsonPointer + tail._asString);
S2571,JsonPointer.java,317,if ((_nextSegment != null) && _matchingPropertyName.equals(name)) {
S2572,JsonPointer.java,318,return _nextSegment;
S2573,JsonPointer.java,320,return null;
S2574,JsonPointer.java,337,if ((index != _matchingElementIndex) || (index < 0)) {
S2575,JsonPointer.java,338,return null;
S2576,JsonPointer.java,340,return _nextSegment;
S2577,JsonPointer.java,349,return _nextSegment;
S2578,JsonPointer.java,363,JsonPointer h = _head;
S2579,JsonPointer.java,364,if (h == null) {
S2580,JsonPointer.java,365,if (this != EMPTY) {
S2581,JsonPointer.java,366,h = _constructHead();
S2582,JsonPointer.java,368,_head = h;
S2583,JsonPointer.java,370,return h;
S2584,JsonPointer.java,379,@Override public String toString() { return _asString; }
S2585,JsonPointer.java,396,final int len = str.length();
S2586,JsonPointer.java,399,if (len == 0 || len > 10) {
S2587,JsonPointer.java,400,return -1;
S2588,JsonPointer.java,403,char c = str.charAt(0);
S2589,JsonPointer.java,404,if (c <= '0') {
S2590,JsonPointer.java,405,return (len == 1 && c == '0') ? 0 : -1;
S2591,JsonPointer.java,407,if (c > '9') {
S2592,JsonPointer.java,408,return -1;
S2593,JsonPointer.java,410,for (int i = 1; i < len; ++i) {
S2594,JsonPointer.java,411,c = str.charAt(i);
S2595,JsonPointer.java,412,if (c > '9' || c < '0') {
S2596,JsonPointer.java,413,return -1;
S2597,JsonPointer.java,416,if (len == 10) {
S2598,JsonPointer.java,417,long l = NumberInput.parseLong(str);
S2599,JsonPointer.java,418,if (l > Integer.MAX_VALUE) {
S2600,JsonPointer.java,419,return -1;
S2601,JsonPointer.java,422,return NumberInput.parseInt(str);
S2602,JsonPointer.java,426,final int end = input.length();
S2603,JsonPointer.java,429,for (int i = 1; i < end; ) {
S2604,JsonPointer.java,430,char c = input.charAt(i);
S2605,JsonPointer.java,431,"if (c == '/') { // common case, got a segment"
S2606,JsonPointer.java,432,"return new JsonPointer(input, input.substring(1, i),"
S2607,JsonPointer.java,435,++i;
S2608,JsonPointer.java,437,"if (c == '~' && i < end) { // possibly, quote"
S2609,JsonPointer.java,438,"return _parseQuotedTail(input, i);"
S2610,JsonPointer.java,443,"return new JsonPointer(input, input.substring(1), EMPTY);"
S2611,JsonPointer.java,454,final int end = input.length();
S2612,JsonPointer.java,455,"StringBuilder sb = new StringBuilder(Math.max(16, end));"
S2613,JsonPointer.java,456,if (i > 2) {
S2614,JsonPointer.java,457,"sb.append(input, 1, i-1);"
S2615,JsonPointer.java,459,"_appendEscape(sb, input.charAt(i++));"
S2616,JsonPointer.java,460,while (i < end) {
S2617,JsonPointer.java,461,char c = input.charAt(i);
S2618,JsonPointer.java,462,if (c == '/') { // end is nigh!
S2619,JsonPointer.java,463,"return new JsonPointer(input, sb.toString(),"
S2620,JsonPointer.java,466,++i;
S2621,JsonPointer.java,467,if (c == '~' && i < end) {
S2622,JsonPointer.java,471,sb.append(c);
S2623,JsonPointer.java,474,"return new JsonPointer(input, sb.toString(), EMPTY);"
S2624,JsonPointer.java,480,JsonPointer last = last();
S2625,JsonPointer.java,481,if (last == this) {
S2626,JsonPointer.java,482,return EMPTY;
S2627,JsonPointer.java,485,int suffixLength = last._asString.length();
S2628,JsonPointer.java,486,JsonPointer next = _nextSegment;
S2629,JsonPointer.java,487,"return new JsonPointer(_asString.substring(0, _asString.length() - suffixLength), _matchingPropertyName,"
S2630,JsonPointer.java,493,if (this == last) {
S2631,JsonPointer.java,494,return EMPTY;
S2632,JsonPointer.java,496,JsonPointer next = _nextSegment;
S2633,JsonPointer.java,497,String str = _asString;
S2634,JsonPointer.java,498,"return new JsonPointer(str.substring(0, str.length() - suffixLength), _matchingPropertyName,"
S2635,JsonPointer.java,503,if (c == '0') {
S2636,JsonPointer.java,504,c = '~';
S2637,JsonPointer.java,505,} else if (c == '1') {
S2638,JsonPointer.java,506,c = '/';
S2639,JsonPointer.java,510,sb.append(c);
S2640,JsonPointerBasedFilter.java,18,this(JsonPointer.compile(ptrExpr));
S2641,JsonPointerBasedFilter.java,21,public JsonPointerBasedFilter(JsonPointer match) {
S2642,JsonPointerBasedFilter.java,22,_pathToMatch = match;
S2643,JsonPointerBasedFilter.java,27,JsonPointer next = _pathToMatch.matchElement(index);
S2644,JsonPointerBasedFilter.java,28,if (next == null) {
S2645,JsonPointerBasedFilter.java,29,return null;
S2646,JsonPointerBasedFilter.java,31,if (next.matches()) {
S2647,JsonPointerBasedFilter.java,32,return TokenFilter.INCLUDE_ALL;
S2648,JsonPointerBasedFilter.java,34,return new JsonPointerBasedFilter(next);
S2649,JsonPointerBasedFilter.java,39,JsonPointer next = _pathToMatch.matchProperty(name);
S2650,JsonPointerBasedFilter.java,40,if (next == null) {
S2651,JsonPointerBasedFilter.java,41,return null;
S2652,JsonPointerBasedFilter.java,43,if (next.matches()) {
S2653,JsonPointerBasedFilter.java,44,return TokenFilter.INCLUDE_ALL;
S2654,JsonPointerBasedFilter.java,46,return new JsonPointerBasedFilter(next);
S2655,JsonPointerBasedFilter.java,51,return this;
S2656,JsonPointerBasedFilter.java,56,return this;
S2657,JsonPointerBasedFilter.java,62,return _pathToMatch.matches();
S2658,JsonProcessingException.java,25,super(msg);
S2659,JsonProcessingException.java,26,if (rootCause != null) {
S2660,JsonProcessingException.java,27,initCause(rootCause);
S2661,JsonProcessingException.java,29,_location = loc;
S2662,JsonProcessingException.java,37,"this(msg, loc, null);"
S2663,JsonProcessingException.java,45,"this(null, null, rootCause);"
S2664,JsonProcessingException.java,54,public JsonLocation getLocation() { return _location; }
S2665,JsonProcessingException.java,63,public void clearLocation() { _location = null; }
S2666,JsonProcessingException.java,72,public String getOriginalMessage() { return super.getMessage(); }
S2667,JsonProcessingException.java,101,protected String getMessageSuffix() { return null; }
S2668,JsonProcessingException.java,113,String msg = super.getMessage();
S2669,JsonProcessingException.java,114,if (msg == null) {
S2670,JsonProcessingException.java,115,"msg = ""N/A"";"
S2671,JsonProcessingException.java,117,JsonLocation loc = getLocation();
S2672,JsonProcessingException.java,118,String suffix = getMessageSuffix();
S2673,JsonProcessingException.java,120,if (loc != null || suffix != null) {
S2674,JsonProcessingException.java,121,StringBuilder sb = new StringBuilder(100);
S2675,JsonProcessingException.java,122,sb.append(msg);
S2676,JsonProcessingException.java,123,if (suffix != null) {
S2677,JsonProcessingException.java,126,if (loc != null) {
S2678,JsonProcessingException.java,127,sb.append('\n');
S2679,JsonProcessingException.java,128,"sb.append("" at "");"
S2680,JsonProcessingException.java,129,sb.append(loc.toString());
S2681,JsonProcessingException.java,131,msg = sb.toString();
S2682,JsonProcessingException.java,133,return msg;
S2683,JsonProcessingException.java,136,"@Override public String toString() { return getClass().getName()+"": ""+getMessage(); }"
S2684,JsonReadContext.java,57,super();
S2685,JsonReadContext.java,58,_parent = parent;
S2686,JsonReadContext.java,59,_dups = dups;
S2687,JsonReadContext.java,60,_type = type;
S2688,JsonReadContext.java,61,_lineNr = lineNr;
S2689,JsonReadContext.java,62,_columnNr = colNr;
S2690,JsonReadContext.java,63,_index = -1;
S2691,JsonReadContext.java,67,_type = type;
S2692,JsonReadContext.java,68,_index = -1;
S2693,JsonReadContext.java,69,_lineNr = lineNr;
S2694,JsonReadContext.java,70,_columnNr = colNr;
S2695,JsonReadContext.java,71,_currentName = null;
S2696,JsonReadContext.java,72,_currentValue = null;
S2697,JsonReadContext.java,73,if (_dups != null) {
S2698,JsonReadContext.java,74,_dups.reset();
S2699,JsonReadContext.java,85,_dups = dups;
S2700,JsonReadContext.java,86,return this;
S2701,JsonReadContext.java,91,return _currentValue;
S2702,JsonReadContext.java,96,_currentValue = v;
S2703,JsonReadContext.java,110,"return new JsonReadContext(null, dups, TYPE_ROOT, 1, 0);"
S2704,JsonReadContext.java,114,JsonReadContext ctxt = _child;
S2705,JsonReadContext.java,115,if (ctxt == null) {
S2706,JsonReadContext.java,116,"_child = ctxt = new JsonReadContext(this,"
S2707,JsonReadContext.java,129,return ctxt;
S2708,JsonReadContext.java,131,"ctxt.reset(TYPE_OBJECT, lineNr, colNr);"
S2709,JsonReadContext.java,151,long totalChars = -1L;
S2710,JsonReadContext.java,172,_currentValue = null;
S2711,JsonReadContext.java,192,int ix = ++_index; // starts from -1
S2712,JsonReadContext.java,197,_currentName = name;
S2713,JsonReadContext.java,203,Object src = dd.getSource();
S2714,JsonStreamContext.java,45,protected JsonStreamContext() { }
S2715,JsonStreamContext.java,82,public final boolean inArray() { return _type == TYPE_ARRAY; }
S2716,JsonStreamContext.java,89,public final boolean inRoot() { return _type == TYPE_ROOT; }
S2717,JsonStreamContext.java,95,public final boolean inObject() { return _type == TYPE_OBJECT; }
S2718,JsonStreamContext.java,118,switch (_type) {
S2719,JsonStreamContext.java,119,"case TYPE_ROOT: return ""root"";"
S2720,JsonStreamContext.java,120,"case TYPE_ARRAY: return ""Array"";"
S2721,JsonStreamContext.java,121,"case TYPE_OBJECT: return ""Object"";"
S2722,JsonStreamContext.java,129,public final int getEntryCount() { return _index + 1; }
S2723,JsonStreamContext.java,134,public final int getCurrentIndex() { return (_index < 0) ? 0 : _index; }
S2724,JsonStreamContext.java,143,public boolean hasCurrentIndex() { return _index >= 0; }
S2725,JsonStreamContext.java,163,if (_type == TYPE_OBJECT) {
S2726,JsonStreamContext.java,164,return hasCurrentName();
S2727,JsonStreamContext.java,165,} else if (_type == TYPE_ARRAY) {
S2728,JsonStreamContext.java,166,return hasCurrentIndex();
S2729,JsonStreamContext.java,168,return false;
S2730,JsonStreamContext.java,218,"return JsonPointer.forPath(this, false);"
S2731,JsonStreamContext.java,231,"return JsonPointer.forPath(this, includeRoot);"
S2732,JsonStreamContext.java,261,StringBuilder sb = new StringBuilder(64);
S2733,JsonStreamContext.java,262,switch (_type) {
S2734,JsonStreamContext.java,264,"sb.append(""/"");"
S2735,JsonStreamContext.java,265,break;
S2736,JsonStreamContext.java,267,sb.append('[');
S2737,JsonStreamContext.java,268,sb.append(getCurrentIndex());
S2738,JsonStreamContext.java,269,sb.append(']');
S2739,JsonStreamContext.java,270,break;
S2740,JsonStreamContext.java,273,sb.append('{');
S2741,JsonStreamContext.java,274,String currentName = getCurrentName();
S2742,JsonStreamContext.java,275,if (currentName != null) {
S2743,JsonStreamContext.java,276,"sb.append('""');"
S2744,JsonStreamContext.java,277,"CharTypes.appendQuoted(sb, currentName);"
S2745,JsonStreamContext.java,278,"sb.append('""');"
S2746,JsonStreamContext.java,282,sb.append('}');
S2747,JsonStreamContext.java,285,return sb.toString();
S2748,JsonStringEncoder.java,20,private final static char[] HC = CharTypes.copyHexChars();
S2749,JsonStringEncoder.java,22,private final static byte[] HB = CharTypes.copyHexBytes();
S2750,JsonStringEncoder.java,56,public JsonStringEncoder() {
S2751,JsonStringEncoder.java,57,_qbuf = new char[6];
S2752,JsonStringEncoder.java,58,_qbuf[0] = '\\';
S2753,JsonStringEncoder.java,59,_qbuf[2] = '0';
S2754,JsonStringEncoder.java,60,_qbuf[3] = '0';
S2755,JsonStringEncoder.java,86,TextBuffer textBuffer = _text;
S2756,JsonStringEncoder.java,87,if (textBuffer == null) {
S2757,JsonStringEncoder.java,89,_text = textBuffer = new TextBuffer(null);
S2758,JsonStringEncoder.java,91,char[] outputBuffer = textBuffer.emptyAndGetCurrentSegment();
S2759,JsonStringEncoder.java,92,final int[] escCodes = CharTypes.get7BitOutputEscapes();
S2760,JsonStringEncoder.java,93,final int escCodeCount = escCodes.length;
S2761,JsonStringEncoder.java,94,int inPtr = 0;
S2762,JsonStringEncoder.java,95,final int inputLen = input.length();
S2763,JsonStringEncoder.java,96,int outPtr = 0;
S2764,JsonStringEncoder.java,99,while (inPtr < inputLen) {
S2765,JsonStringEncoder.java,102,char c = input.charAt(inPtr);
S2766,JsonStringEncoder.java,103,if (c < escCodeCount && escCodes[c] != 0) {
S2767,JsonStringEncoder.java,104,break tight_loop;
S2768,JsonStringEncoder.java,106,if (outPtr >= outputBuffer.length) {
S2769,JsonStringEncoder.java,110,outputBuffer[outPtr++] = c;
S2770,JsonStringEncoder.java,111,if (++inPtr >= inputLen) {
S2771,JsonStringEncoder.java,112,break outer;
S2772,JsonStringEncoder.java,116,char d = input.charAt(inPtr++);
S2773,JsonStringEncoder.java,117,int escCode = escCodes[d];
S2774,JsonStringEncoder.java,118,int length = (escCode < 0)
S2775,JsonStringEncoder.java,122,if ((outPtr + length) > outputBuffer.length) {
S2776,JsonStringEncoder.java,123,int first = outputBuffer.length - outPtr;
S2777,JsonStringEncoder.java,124,if (first > 0) {
S2778,JsonStringEncoder.java,127,outputBuffer = textBuffer.finishCurrentSegment();
S2779,JsonStringEncoder.java,128,int second = length - first;
S2780,JsonStringEncoder.java,129,"System.arraycopy(_qbuf, first, outputBuffer, 0, second);"
S2781,JsonStringEncoder.java,130,outPtr = second;
S2782,JsonStringEncoder.java,131,} else {
S2783,JsonStringEncoder.java,132,"System.arraycopy(_qbuf, 0, outputBuffer, outPtr, length);"
S2784,JsonStringEncoder.java,133,outPtr += length;
S2785,JsonStringEncoder.java,136,textBuffer.setCurrentLength(outPtr);
S2786,JsonStringEncoder.java,137,return textBuffer.contentsAsArray();
S2787,JsonStringEncoder.java,149,final int[] escCodes = CharTypes.get7BitOutputEscapes();
S2788,JsonStringEncoder.java,150,final int escCodeCount = escCodes.length;
S2789,JsonStringEncoder.java,151,int inPtr = 0;
S2790,JsonStringEncoder.java,152,final int inputLen = input.length();
S2791,JsonStringEncoder.java,155,while (inPtr < inputLen) {
S2792,JsonStringEncoder.java,158,char c = input.charAt(inPtr);
S2793,JsonStringEncoder.java,159,if (c < escCodeCount && escCodes[c] != 0) {
S2794,JsonStringEncoder.java,160,break tight_loop;
S2795,JsonStringEncoder.java,162,output.append(c);
S2796,JsonStringEncoder.java,163,if (++inPtr >= inputLen) {
S2797,JsonStringEncoder.java,164,break outer;
S2798,JsonStringEncoder.java,168,char d = input.charAt(inPtr++);
S2799,JsonStringEncoder.java,169,int escCode = escCodes[d];
S2800,JsonStringEncoder.java,170,int length = (escCode < 0)
S2801,JsonStringEncoder.java,174,"output.append(_qbuf, 0, length);"
S2802,JsonStringEncoder.java,185,ByteArrayBuilder bb = _bytes;
S2803,JsonStringEncoder.java,186,if (bb == null) {
S2804,JsonStringEncoder.java,188,_bytes = bb = new ByteArrayBuilder(null);
S2805,JsonStringEncoder.java,190,int inputPtr = 0;
S2806,JsonStringEncoder.java,191,int inputEnd = text.length();
S2807,JsonStringEncoder.java,192,int outputPtr = 0;
S2808,JsonStringEncoder.java,193,byte[] outputBuffer = bb.resetAndGetFirstSegment();
S2809,JsonStringEncoder.java,196,while (inputPtr < inputEnd) {
S2810,JsonStringEncoder.java,197,final int[] escCodes = CharTypes.get7BitOutputEscapes();
S2811,JsonStringEncoder.java,201,int ch = text.charAt(inputPtr);
S2812,JsonStringEncoder.java,202,if (ch > 0x7F || escCodes[ch] != 0) {
S2813,JsonStringEncoder.java,203,break inner_loop;
S2814,JsonStringEncoder.java,205,if (outputPtr >= outputBuffer.length) {
S2815,JsonStringEncoder.java,209,outputBuffer[outputPtr++] = (byte) ch;
S2816,JsonStringEncoder.java,210,if (++inputPtr >= inputEnd) {
S2817,JsonStringEncoder.java,211,break main;
S2818,JsonStringEncoder.java,214,if (outputPtr >= outputBuffer.length) {
S2819,JsonStringEncoder.java,215,outputBuffer = bb.finishCurrentSegment();
S2820,JsonStringEncoder.java,216,outputPtr = 0;
S2821,JsonStringEncoder.java,219,int ch = (int) text.charAt(inputPtr++);
S2822,JsonStringEncoder.java,220,if (ch <= 0x7F) { // needs quoting
S2823,JsonStringEncoder.java,221,int escape = escCodes[ch];
S2824,JsonStringEncoder.java,223,"outputPtr = _appendByte(ch, escape, bb, outputPtr);"
S2825,JsonStringEncoder.java,224,outputBuffer = bb.getCurrentSegment();
S2826,JsonStringEncoder.java,225,continue main;
S2827,JsonStringEncoder.java,227,"if (ch <= 0x7FF) { // fine, just needs 2 byte output"
S2828,JsonStringEncoder.java,228,outputBuffer[outputPtr++] = (byte) (0xc0 | (ch >> 6));
S2829,JsonStringEncoder.java,229,ch = (0x80 | (ch & 0x3f));
S2830,JsonStringEncoder.java,232,if (ch < SURR1_FIRST || ch > SURR2_LAST) { // nope
S2831,JsonStringEncoder.java,233,outputBuffer[outputPtr++] = (byte) (0xe0 | (ch >> 12));
S2832,JsonStringEncoder.java,234,if (outputPtr >= outputBuffer.length) {
S2833,JsonStringEncoder.java,235,outputBuffer = bb.finishCurrentSegment();
S2834,JsonStringEncoder.java,236,outputPtr = 0;
S2835,JsonStringEncoder.java,238,outputBuffer[outputPtr++] = (byte) (0x80 | ((ch >> 6) & 0x3f));
S2836,JsonStringEncoder.java,239,ch = (0x80 | (ch & 0x3f));
S2837,JsonStringEncoder.java,266,if (outputPtr >= outputBuffer.length) {
S2838,JsonStringEncoder.java,267,outputBuffer = bb.finishCurrentSegment();
S2839,JsonStringEncoder.java,268,outputPtr = 0;
S2840,JsonStringEncoder.java,270,outputBuffer[outputPtr++] = (byte) ch;
S2841,JsonStringEncoder.java,272,return _bytes.completeAndCoalesce(outputPtr);
S2842,JsonStringEncoder.java,282,ByteArrayBuilder byteBuilder = _bytes;
S2843,JsonStringEncoder.java,283,if (byteBuilder == null) {
S2844,JsonStringEncoder.java,285,_bytes = byteBuilder = new ByteArrayBuilder(null);
S2845,JsonStringEncoder.java,287,int inputPtr = 0;
S2846,JsonStringEncoder.java,288,int inputEnd = text.length();
S2847,JsonStringEncoder.java,289,int outputPtr = 0;
S2848,JsonStringEncoder.java,290,byte[] outputBuffer = byteBuilder.resetAndGetFirstSegment();
S2849,JsonStringEncoder.java,291,int outputEnd = outputBuffer.length;
S2850,JsonStringEncoder.java,294,while (inputPtr < inputEnd) {
S2851,JsonStringEncoder.java,295,int c = text.charAt(inputPtr++);
S2852,JsonStringEncoder.java,298,while (c <= 0x7F) {
S2853,JsonStringEncoder.java,299,if (outputPtr >= outputEnd) {
S2854,JsonStringEncoder.java,304,outputBuffer[outputPtr++] = (byte) c;
S2855,JsonStringEncoder.java,305,if (inputPtr >= inputEnd) {
S2856,JsonStringEncoder.java,306,break main_loop;
S2857,JsonStringEncoder.java,308,c = text.charAt(inputPtr++);
S2858,JsonStringEncoder.java,312,if (outputPtr >= outputEnd) {
S2859,JsonStringEncoder.java,313,outputBuffer = byteBuilder.finishCurrentSegment();
S2860,JsonStringEncoder.java,314,outputEnd = outputBuffer.length;
S2861,JsonStringEncoder.java,315,outputPtr = 0;
S2862,JsonStringEncoder.java,317,if (c < 0x800) { // 2-byte
S2863,JsonStringEncoder.java,318,outputBuffer[outputPtr++] = (byte) (0xc0 | (c >> 6));
S2864,JsonStringEncoder.java,321,if (c < SURR1_FIRST || c > SURR2_LAST) { // nope
S2865,JsonStringEncoder.java,322,outputBuffer[outputPtr++] = (byte) (0xe0 | (c >> 12));
S2866,JsonStringEncoder.java,323,if (outputPtr >= outputEnd) {
S2867,JsonStringEncoder.java,324,outputBuffer = byteBuilder.finishCurrentSegment();
S2868,JsonStringEncoder.java,325,outputEnd = outputBuffer.length;
S2869,JsonStringEncoder.java,326,outputPtr = 0;
S2870,JsonStringEncoder.java,328,outputBuffer[outputPtr++] = (byte) (0x80 | ((c >> 6) & 0x3f));
S2871,JsonStringEncoder.java,356,if (outputPtr >= outputEnd) {
S2872,JsonStringEncoder.java,357,outputBuffer = byteBuilder.finishCurrentSegment();
S2873,JsonStringEncoder.java,358,outputEnd = outputBuffer.length;
S2874,JsonStringEncoder.java,359,outputPtr = 0;
S2875,JsonStringEncoder.java,361,outputBuffer[outputPtr++] = (byte) (0x80 | (c & 0x3f));
S2876,JsonStringEncoder.java,363,return _bytes.completeAndCoalesce(outputPtr);
S2877,JsonStringEncoder.java,373,qbuf[1] = 'u';
S2878,JsonStringEncoder.java,375,qbuf[4] = HC[value >> 4];
S2879,JsonStringEncoder.java,376,qbuf[5] = HC[value & 0xF];
S2880,JsonStringEncoder.java,377,return 6;
S2881,JsonStringEncoder.java,381,qbuf[1] = (char) esc;
S2882,JsonStringEncoder.java,382,return 2;
S2883,JsonStringEncoder.java,387,bb.setCurrentSegmentLength(ptr);
S2884,JsonStringEncoder.java,388,bb.append('\\');
S2885,JsonStringEncoder.java,389,if (esc < 0) { // standard escape
S2886,JsonStringEncoder.java,390,bb.append('u');
S2887,JsonStringEncoder.java,391,if (ch > 0xFF) {
S2888,JsonStringEncoder.java,397,bb.append('0');
S2889,JsonStringEncoder.java,398,bb.append('0');
S2890,JsonStringEncoder.java,400,bb.append(HB[ch >> 4]);
S2891,JsonStringEncoder.java,401,bb.append(HB[ch & 0xF]);
S2892,JsonStringEncoder.java,403,bb.append((byte) esc);
S2893,JsonStringEncoder.java,405,return bb.getCurrentSegmentLength();
S2894,JsonToken.java,12,public enum JsonToken
S2895,JsonToken.java,31,"NOT_AVAILABLE(null, JsonTokenId.ID_NOT_AVAILABLE),"
S2896,JsonToken.java,37,"START_OBJECT(""{"", JsonTokenId.ID_START_OBJECT),"
S2897,JsonToken.java,43,"END_OBJECT(""}"", JsonTokenId.ID_END_OBJECT),"
S2898,JsonToken.java,49,"START_ARRAY(""["", JsonTokenId.ID_START_ARRAY),"
S2899,JsonToken.java,55,"END_ARRAY(""]"", JsonTokenId.ID_END_ARRAY),"
S2900,JsonToken.java,61,"FIELD_NAME(null, JsonTokenId.ID_FIELD_NAME),"
S2901,JsonToken.java,73,"VALUE_EMBEDDED_OBJECT(null, JsonTokenId.ID_EMBEDDED_OBJECT),"
S2902,JsonToken.java,80,"VALUE_STRING(null, JsonTokenId.ID_STRING),"
S2903,JsonToken.java,90,"VALUE_NUMBER_INT(null, JsonTokenId.ID_NUMBER_INT),"
S2904,JsonToken.java,99,"VALUE_NUMBER_FLOAT(null, JsonTokenId.ID_NUMBER_FLOAT),"
S2905,JsonToken.java,105,"VALUE_TRUE(""true"", JsonTokenId.ID_TRUE),"
S2906,JsonToken.java,111,"VALUE_FALSE(""false"", JsonTokenId.ID_FALSE),"
S2907,JsonToken.java,117,"VALUE_NULL(""null"", JsonTokenId.ID_NULL),"
S2908,JsonToken.java,142,if (token == null) {
S2909,JsonToken.java,143,_serialized = null;
S2910,JsonToken.java,144,_serializedChars = null;
S2911,JsonToken.java,145,_serializedBytes = null;
S2912,JsonToken.java,147,_serialized = token;
S2913,JsonToken.java,148,_serializedChars = token.toCharArray();
S2914,JsonToken.java,150,int len = _serializedChars.length;
S2915,JsonToken.java,151,_serializedBytes = new byte[len];
S2916,JsonToken.java,152,for (int i = 0; i < len; ++i) {
S2917,JsonToken.java,153,_serializedBytes[i] = (byte) _serializedChars[i];
S2918,JsonToken.java,156,_id = id;
S2919,JsonToken.java,158,_isBoolean = (id == JsonTokenId.ID_FALSE || id == JsonTokenId.ID_TRUE);
S2920,JsonToken.java,159,_isNumber = (id == JsonTokenId.ID_NUMBER_INT || id == JsonTokenId.ID_NUMBER_FLOAT);
S2921,JsonToken.java,161,_isStructStart = (id == JsonTokenId.ID_START_OBJECT || id == JsonTokenId.ID_START_ARRAY);
S2922,JsonToken.java,162,_isStructEnd = (id == JsonTokenId.ID_END_OBJECT || id == JsonTokenId.ID_END_ARRAY);
S2923,JsonToken.java,164,_isScalar = !_isStructStart && !_isStructEnd
S2924,JsonToken.java,169,public final int id() { return _id; }
S2925,JsonToken.java,171,public final String asString() { return _serialized; }
S2926,JsonToken.java,172,public final char[] asCharArray() { return _serializedChars; }
S2927,JsonToken.java,175,public final boolean isNumeric() { return _isNumber; }
S2928,JsonToken.java,185,public final boolean isStructStart() { return _isStructStart; }
S2929,JsonToken.java,195,public final boolean isStructEnd() { return _isStructEnd; }
S2930,JsonToken.java,202,public final boolean isScalarValue() { return _isScalar; }
S2931,JsonWriteContext.java,70,super();
S2932,JsonWriteContext.java,71,_type = type;
S2933,JsonWriteContext.java,72,_parent = parent;
S2934,JsonWriteContext.java,73,_dups = dups;
S2935,JsonWriteContext.java,74,_index = -1;
S2936,JsonWriteContext.java,78,_type = type;
S2937,JsonWriteContext.java,79,_index = -1;
S2938,JsonWriteContext.java,80,_currentName = null;
S2939,JsonWriteContext.java,81,_gotName = false;
S2940,JsonWriteContext.java,82,_currentValue = null;
S2941,JsonWriteContext.java,83,if (_dups != null) { _dups.reset(); }
S2942,JsonWriteContext.java,84,return this;
S2943,JsonWriteContext.java,88,_dups = dups;
S2944,JsonWriteContext.java,89,return this;
S2945,JsonWriteContext.java,94,return _currentValue;
S2946,JsonWriteContext.java,99,_currentValue = v;
S2947,JsonWriteContext.java,115,"return new JsonWriteContext(TYPE_ROOT, null, dd);"
S2948,JsonWriteContext.java,119,JsonWriteContext ctxt = _child;
S2949,JsonWriteContext.java,120,if (ctxt == null) {
S2950,JsonWriteContext.java,121,"_child = ctxt = new JsonWriteContext(TYPE_ARRAY, this, (_dups == null) ? null : _dups.child());"
S2951,JsonWriteContext.java,131,return ctxt;
S2952,JsonWriteContext.java,152,_currentValue = null;
S2953,JsonWriteContext.java,168,return STATUS_EXPECT_VALUE;
S2954,JsonWriteContext.java,170,_gotName = true;
S2955,JsonWriteContext.java,171,_currentName = name;
S2956,JsonWriteContext.java,178,Object src = dd.getSource();
S2957,JsonWriteContext.java,188,return STATUS_EXPECT_NAME;
S2958,JsonWriteContext.java,190,_gotName = false;
S2959,JsonWriteContext.java,191,++_index;
S2960,JsonWriteContext.java,192,return STATUS_OK_AFTER_COLON;
S2961,JsonWriteContext.java,197,int ix = _index;
S2962,JsonWriteContext.java,198,++_index;
S2963,JsonWriteContext.java,204,++_index;
S2964,JsonpCharacterEscapes.java,15,public class JsonpCharacterEscapes extends CharacterEscapes
S2965,JsonpCharacterEscapes.java,19,private static final int[] asciiEscapes = CharacterEscapes.standardAsciiEscapesForJSON();
S2966,JsonpCharacterEscapes.java,20,"private static final SerializedString escapeFor2028 = new SerializedString(""\\u2028"");"
S2967,JsonpCharacterEscapes.java,21,"private static final SerializedString escapeFor2029 = new SerializedString(""\\u2029"");"
S2968,JsonpCharacterEscapes.java,23,private static final JsonpCharacterEscapes sInstance = new JsonpCharacterEscapes();
S2969,JsonpCharacterEscapes.java,26,return sInstance;
S2970,JsonpCharacterEscapes.java,32,switch (ch) {
S2971,JsonpCharacterEscapes.java,34,return escapeFor2028;
S2972,JsonpCharacterEscapes.java,36,return escapeFor2029;
S2973,JsonpCharacterEscapes.java,44,return asciiEscapes;
S2974,MatchStrength.java,10,public enum MatchStrength
S2975,MatchStrength.java,15,"NO_MATCH,"
S2976,MatchStrength.java,25,"INCONCLUSIVE,"
S2977,MatchStrength.java,37,"WEAK_MATCH,"
S2978,MatchStrength.java,48,"SOLID_MATCH,"
S2979,MatchStrength.java,60,FULL_MATCH
S2980,MergedStream.java,25,"public MergedStream(IOContext ctxt, InputStream in, byte[] buf, int start, int end) {"
S2981,MergedStream.java,26,_ctxt = ctxt;
S2982,MergedStream.java,27,_in = in;
S2983,MergedStream.java,28,_b = buf;
S2984,MergedStream.java,29,_ptr = start;
S2985,MergedStream.java,30,_end = end;
S2986,MergedStream.java,35,if (_b != null) {
S2987,MergedStream.java,36,return _end - _ptr;
S2988,MergedStream.java,38,return _in.available();
S2989,MergedStream.java,42,_free();
S2990,MergedStream.java,43,_in.close();
S2991,MergedStream.java,47,if (_b == null) { _in.mark(readlimit); }
S2992,MergedStream.java,52,return (_b == null) && _in.markSupported();
S2993,MergedStream.java,56,if (_b != null) {
S2994,MergedStream.java,57,int c = _b[_ptr++] & 0xFF;
S2995,MergedStream.java,58,if (_ptr >= _end) {
S2996,MergedStream.java,61,return c;
S2997,MergedStream.java,72,if (_b != null) {
S2998,MergedStream.java,73,int avail = _end - _ptr;
S2999,MergedStream.java,74,if (len > avail) {
S3000,MergedStream.java,75,len = avail;
S3001,MergedStream.java,77,"System.arraycopy(_b, _ptr, b, off, len);"
S3002,MergedStream.java,78,_ptr += len;
S3003,MergedStream.java,79,if (_ptr >= _end) {
S3004,MergedStream.java,80,_free();
S3005,MergedStream.java,82,return len;
S3006,MergedStream.java,84,"return _in.read(b, off, len);"
S3007,MergedStream.java,94,long count = 0L;
S3008,MergedStream.java,96,if (_b != null) {
S3009,MergedStream.java,97,int amount = _end - _ptr;
S3010,MergedStream.java,99,if (amount > n) { // all in pushed back segment?
S3011,MergedStream.java,100,_ptr += (int) n;
S3012,MergedStream.java,101,return n;
S3013,MergedStream.java,108,if (n > 0) { count += _in.skip(n); }
S3014,MergedStream.java,109,return count;
S3015,MergedStream.java,113,byte[] buf = _b;
S3016,MergedStream.java,114,if (buf != null) {
S3017,MergedStream.java,115,_b = null;
S3018,MergedStream.java,116,if (_ctxt != null) {
S3019,MergedStream.java,117,_ctxt.releaseReadIOBuffer(buf);
S3020,MinimalPrettyPrinter.java,44,this(DEFAULT_ROOT_VALUE_SEPARATOR.toString());
S3021,MinimalPrettyPrinter.java,47,public MinimalPrettyPrinter(String rootValueSeparator) {
S3022,MinimalPrettyPrinter.java,48,_rootValueSeparator = rootValueSeparator;
S3023,MinimalPrettyPrinter.java,49,_separators = DEFAULT_SEPARATORS;
S3024,MinimalPrettyPrinter.java,60,_separators = separators;
S3025,MinimalPrettyPrinter.java,61,return this;
S3026,MinimalPrettyPrinter.java,81,g.writeRaw('{');
S3027,MinimalPrettyPrinter.java,100,g.writeRaw(_separators.getObjectFieldValueSeparator());
S3028,MinimalPrettyPrinter.java,113,g.writeRaw(_separators.getObjectEntrySeparator());
S3029,MinimalPrettyPrinter.java,119,g.writeRaw('}');
S3030,MinimalPrettyPrinter.java,125,g.writeRaw('[');
S3031,MinimalPrettyPrinter.java,144,g.writeRaw(_separators.getArrayValueSeparator());
S3032,MinimalPrettyPrinter.java,150,g.writeRaw(']');
S3033,NonBlockingJsonParser.java,14,public class NonBlockingJsonParser
S3034,NonBlockingJsonParser.java,19,private final static int[] _icUTF8 = CharTypes.getInputCodeUtf8();
S3035,NonBlockingJsonParser.java,23,protected final static int[] _icLatin1 = CharTypes.getInputCodeLatin1();
S3036,NonBlockingJsonParser.java,34,protected byte[] _inputBuffer = NO_BYTES;
S3037,NonBlockingJsonParser.java,57,"super(ctxt, parserFeatures, sym);"
S3038,NonBlockingJsonParser.java,68,return this;
S3039,NonBlockingJsonParser.java,73,return (_inputPtr >=_inputEnd) && !_endOfInput;
S3040,NonBlockingJsonParser.java,80,if (_inputPtr < _inputEnd) {
S3041,NonBlockingJsonParser.java,83,if (end < start) {
S3042,NonBlockingJsonParser.java,87,if (_endOfInput) {
S3043,NonBlockingJsonParser.java,91,_currInputProcessed += _origBufferLen;
S3044,NonBlockingJsonParser.java,94,_currInputRowStart = start - (_inputEnd - _currInputRowStart);
S3045,NonBlockingJsonParser.java,97,_inputBuffer = buf;
S3046,NonBlockingJsonParser.java,98,_inputPtr = start;
S3047,NonBlockingJsonParser.java,99,_inputEnd = end;
S3048,NonBlockingJsonParser.java,100,_origBufferLen = end - start;
S3049,NonBlockingJsonParser.java,105,_endOfInput = true;
S3050,NonBlockingJsonParser.java,127,int avail = _inputEnd - _inputPtr;
S3051,NonBlockingJsonParser.java,128,if (avail > 0) {
S3052,NonBlockingJsonParser.java,129,"out.write(_inputBuffer, _inputPtr, avail);"
S3053,NonBlockingJsonParser.java,131,return avail;
S3054,NonBlockingJsonParser.java,153,if (_inputPtr >= _inputEnd) {
S3055,NonBlockingJsonParser.java,154,if (_closed) {
S3056,NonBlockingJsonParser.java,155,return null;
S3057,NonBlockingJsonParser.java,158,if (_endOfInput) { // except for this special case
S3058,NonBlockingJsonParser.java,161,if (_currToken == JsonToken.NOT_AVAILABLE) {
S3059,NonBlockingJsonParser.java,162,return _finishTokenWithEOF();
S3060,NonBlockingJsonParser.java,164,return _eofAsNextToken();
S3061,NonBlockingJsonParser.java,166,return JsonToken.NOT_AVAILABLE;
S3062,NonBlockingJsonParser.java,169,if (_currToken == JsonToken.NOT_AVAILABLE) {
S3063,NonBlockingJsonParser.java,170,return _finishToken();
S3064,NonBlockingJsonParser.java,174,_numTypesValid = NR_UNKNOWN;
S3065,NonBlockingJsonParser.java,175,_tokenInputTotal = _currInputProcessed + _inputPtr;
S3066,NonBlockingJsonParser.java,177,_binaryValue = null;
S3067,NonBlockingJsonParser.java,178,int ch = _inputBuffer[_inputPtr++] & 0xFF;
S3068,NonBlockingJsonParser.java,180,switch (_majorState) {
S3069,NonBlockingJsonParser.java,182,return _startDocument(ch);
S3070,NonBlockingJsonParser.java,185,return _startValue(ch);
S3071,NonBlockingJsonParser.java,188,return _startFieldName(ch);
S3072,NonBlockingJsonParser.java,190,return _startFieldNameAfterComma(ch);
S3073,NonBlockingJsonParser.java,193,return _startValueExpectColon(ch);
S3074,NonBlockingJsonParser.java,196,return _startValue(ch);
S3075,NonBlockingJsonParser.java,199,return _startValueExpectComma(ch);
S3076,NonBlockingJsonParser.java,215,switch (_minorState) {
S3077,NonBlockingJsonParser.java,217,return _finishBOM(_pending32);
S3078,NonBlockingJsonParser.java,219,return _startFieldName(_inputBuffer[_inputPtr++] & 0xFF);
S3079,NonBlockingJsonParser.java,221,return _startFieldNameAfterComma(_inputBuffer[_inputPtr++] & 0xFF);
S3080,NonBlockingJsonParser.java,225,"return _parseEscapedName(_quadLength,  _pending32, _pendingBytes);"
S3081,NonBlockingJsonParser.java,227,return _finishFieldWithEscape();
S3082,NonBlockingJsonParser.java,229,"return _finishAposName(_quadLength,  _pending32, _pendingBytes);"
S3083,NonBlockingJsonParser.java,231,"return _finishUnquotedName(_quadLength,  _pending32, _pendingBytes);"
S3084,NonBlockingJsonParser.java,236,return _startValue(_inputBuffer[_inputPtr++] & 0xFF);
S3085,NonBlockingJsonParser.java,238,return _startValueAfterComma(_inputBuffer[_inputPtr++] & 0xFF);
S3086,NonBlockingJsonParser.java,240,return _startValueExpectComma(_inputBuffer[_inputPtr++] & 0xFF);
S3087,NonBlockingJsonParser.java,242,return _startValueExpectColon(_inputBuffer[_inputPtr++] & 0xFF);
S3088,NonBlockingJsonParser.java,245,"return _finishKeywordToken(""null"", _pending32, JsonToken.VALUE_NULL);"
S3089,NonBlockingJsonParser.java,247,"return _finishKeywordToken(""true"", _pending32, JsonToken.VALUE_TRUE);"
S3090,NonBlockingJsonParser.java,249,"return _finishKeywordToken(""false"", _pending32, JsonToken.VALUE_FALSE);"
S3091,NonBlockingJsonParser.java,251,"return _finishNonStdToken(_nonStdTokenType, _pending32);"
S3092,NonBlockingJsonParser.java,254,return _finishNumberMinus(_inputBuffer[_inputPtr++] & 0xFF);
S3093,NonBlockingJsonParser.java,256,return _finishNumberLeadingZeroes();
S3094,NonBlockingJsonParser.java,258,return _finishNumberLeadingNegZeroes();
S3095,NonBlockingJsonParser.java,260,"return _finishNumberIntegralPart(_textBuffer.getBufferWithoutReset(),"
S3096,NonBlockingJsonParser.java,263,return _finishFloatFraction();
S3097,NonBlockingJsonParser.java,265,"return _finishFloatExponent(true, _inputBuffer[_inputPtr++] & 0xFF);"
S3098,NonBlockingJsonParser.java,267,"return _finishFloatExponent(false, _inputBuffer[_inputPtr++] & 0xFF);"
S3099,NonBlockingJsonParser.java,270,return _finishRegularString();
S3100,NonBlockingJsonParser.java,272,"_textBuffer.append((char) _decodeUTF8_2(_pending32, _inputBuffer[_inputPtr++]));"
S3101,NonBlockingJsonParser.java,273,if (_minorStateAfterSplit == MINOR_VALUE_APOS_STRING) {
S3102,NonBlockingJsonParser.java,274,return _finishAposString();
S3103,NonBlockingJsonParser.java,276,return _finishRegularString();
S3104,NonBlockingJsonParser.java,278,"if (!_decodeSplitUTF8_3(_pending32, _pendingBytes, _inputBuffer[_inputPtr++])) {"
S3105,NonBlockingJsonParser.java,279,return JsonToken.NOT_AVAILABLE;
S3106,NonBlockingJsonParser.java,281,if (_minorStateAfterSplit == MINOR_VALUE_APOS_STRING) {
S3107,NonBlockingJsonParser.java,282,return _finishAposString();
S3108,NonBlockingJsonParser.java,284,return _finishRegularString();
S3109,NonBlockingJsonParser.java,286,"if (!_decodeSplitUTF8_4(_pending32, _pendingBytes, _inputBuffer[_inputPtr++])) {"
S3110,NonBlockingJsonParser.java,287,return JsonToken.NOT_AVAILABLE;
S3111,NonBlockingJsonParser.java,289,if (_minorStateAfterSplit == MINOR_VALUE_APOS_STRING) {
S3112,NonBlockingJsonParser.java,292,return _finishRegularString();
S3113,NonBlockingJsonParser.java,296,"int c = _decodeSplitEscaped(_quoted32, _quotedDigits);"
S3114,NonBlockingJsonParser.java,297,if (c < 0) {
S3115,NonBlockingJsonParser.java,298,return JsonToken.NOT_AVAILABLE;
S3116,NonBlockingJsonParser.java,300,_textBuffer.append((char) c);
S3117,NonBlockingJsonParser.java,302,if (_minorStateAfterSplit == MINOR_VALUE_APOS_STRING) {
S3118,NonBlockingJsonParser.java,303,return _finishAposString();
S3119,NonBlockingJsonParser.java,305,return _finishRegularString();
S3120,NonBlockingJsonParser.java,308,return _finishAposString();
S3121,NonBlockingJsonParser.java,316,return _startSlashComment(_pending32);
S3122,NonBlockingJsonParser.java,318,"return _finishCComment(_pending32, true);"
S3123,NonBlockingJsonParser.java,320,"return _finishCComment(_pending32, false);"
S3124,NonBlockingJsonParser.java,322,return _finishCppComment(_pending32);
S3125,NonBlockingJsonParser.java,324,return _finishHashComment(_pending32);
S3126,NonBlockingJsonParser.java,339,JsonToken t = _currToken;
S3127,NonBlockingJsonParser.java,340,switch (_minorState) {
S3128,NonBlockingJsonParser.java,344,return _eofAsNextToken();
S3129,NonBlockingJsonParser.java,348,"return _finishKeywordTokenWithEOF(""null"", _pending32, JsonToken.VALUE_NULL);"
S3130,NonBlockingJsonParser.java,350,"return _finishKeywordTokenWithEOF(""true"", _pending32, JsonToken.VALUE_TRUE);"
S3131,NonBlockingJsonParser.java,352,"return _finishKeywordTokenWithEOF(""false"", _pending32, JsonToken.VALUE_FALSE);"
S3132,NonBlockingJsonParser.java,363,"return _valueCompleteInt(0, ""0"");"
S3133,NonBlockingJsonParser.java,367,int len = _textBuffer.getCurrentSegmentSize();
S3134,NonBlockingJsonParser.java,368,if (_numberNegative) {
S3135,NonBlockingJsonParser.java,369,--len;
S3136,NonBlockingJsonParser.java,371,_intLength = len;
S3137,NonBlockingJsonParser.java,373,return _valueComplete(JsonToken.VALUE_NUMBER_INT);
S3138,NonBlockingJsonParser.java,376,_expLength = 0;
S3139,NonBlockingJsonParser.java,379,return _valueComplete(JsonToken.VALUE_NUMBER_FLOAT);
S3140,NonBlockingJsonParser.java,395,return _eofAsNextToken();
S3141,NonBlockingJsonParser.java,411,ch &= 0xFF;
S3142,NonBlockingJsonParser.java,414,if ((ch == 0xEF) && (_minorState != MINOR_ROOT_BOM)) {
S3143,NonBlockingJsonParser.java,415,return _finishBOM(1);
S3144,NonBlockingJsonParser.java,419,while (ch <= 0x020) {
S3145,NonBlockingJsonParser.java,420,if (ch != INT_SPACE) {
S3146,NonBlockingJsonParser.java,421,if (ch == INT_LF) {
S3147,NonBlockingJsonParser.java,422,++_currInputRow;
S3148,NonBlockingJsonParser.java,423,_currInputRowStart = _inputPtr;
S3149,NonBlockingJsonParser.java,431,if (_inputPtr >= _inputEnd) {
S3150,NonBlockingJsonParser.java,432,_minorState = MINOR_ROOT_GOT_SEPARATOR;
S3151,NonBlockingJsonParser.java,433,if (_closed) {
S3152,NonBlockingJsonParser.java,437,if (_endOfInput) { // except for this special case
S3153,NonBlockingJsonParser.java,440,return JsonToken.NOT_AVAILABLE;
S3154,NonBlockingJsonParser.java,442,ch = _inputBuffer[_inputPtr++] & 0xFF;
S3155,NonBlockingJsonParser.java,444,return _startValue(ch);
S3156,NonBlockingJsonParser.java,453,while (_inputPtr < _inputEnd) {
S3157,NonBlockingJsonParser.java,454,int ch = _inputBuffer[_inputPtr++] & 0xFF;
S3158,NonBlockingJsonParser.java,455,switch (bytesHandled) {
S3159,NonBlockingJsonParser.java,459,_currInputProcessed -= 3;
S3160,NonBlockingJsonParser.java,460,return _startDocument(ch);
S3161,NonBlockingJsonParser.java,462,if (ch != 0xBF) {
S3162,NonBlockingJsonParser.java,463,"_reportError(""Unexpected byte 0x%02x following 0xEF 0xBB; should get 0xBF as third byte of UTF-8 BOM"", ch);"
S3163,NonBlockingJsonParser.java,467,if (ch != 0xBB) {
S3164,NonBlockingJsonParser.java,468,"_reportError(""Unexpected byte 0x%02x following 0xEF; should get 0xBB as second byte UTF-8 BOM"", ch);"
S3165,NonBlockingJsonParser.java,472,++bytesHandled;
S3166,NonBlockingJsonParser.java,474,_pending32 = bytesHandled;
S3167,NonBlockingJsonParser.java,475,_minorState = MINOR_ROOT_BOM;
S3168,NonBlockingJsonParser.java,476,return (_currToken = JsonToken.NOT_AVAILABLE);
S3169,NonBlockingJsonParser.java,492,if (ch <= 0x0020) {
S3170,NonBlockingJsonParser.java,493,ch = _skipWS(ch);
S3171,NonBlockingJsonParser.java,494,if (ch <= 0) {
S3172,NonBlockingJsonParser.java,495,_minorState = MINOR_FIELD_LEADING_WS;
S3173,NonBlockingJsonParser.java,496,return _currToken;
S3174,NonBlockingJsonParser.java,499,_updateTokenLocation();
S3175,NonBlockingJsonParser.java,500,if (ch != INT_QUOTE) {
S3176,NonBlockingJsonParser.java,501,if (ch == INT_RCURLY) {
S3177,NonBlockingJsonParser.java,502,return _closeObjectScope();
S3178,NonBlockingJsonParser.java,504,return _handleOddName(ch);
S3179,NonBlockingJsonParser.java,507,"if ((_inputPtr + 13) <= _inputEnd) { // Need up to 12 chars, plus one trailing (quote)"
S3180,NonBlockingJsonParser.java,508,String n = _fastParseName();
S3181,NonBlockingJsonParser.java,509,if (n != null) {
S3182,NonBlockingJsonParser.java,510,return _fieldComplete(n);
S3183,NonBlockingJsonParser.java,513,"return _parseEscapedName(0, 0, 0);"
S3184,NonBlockingJsonParser.java,519,if (ch <= 0x0020) {
S3185,NonBlockingJsonParser.java,520,ch = _skipWS(ch); // will skip through all available ws (and comments)
S3186,NonBlockingJsonParser.java,521,if (ch <= 0) {
S3187,NonBlockingJsonParser.java,522,_minorState = MINOR_FIELD_LEADING_COMMA;
S3188,NonBlockingJsonParser.java,523,return _currToken;
S3189,NonBlockingJsonParser.java,526,"if (ch != INT_COMMA) { // either comma, separating entries, or closing right curly"
S3190,NonBlockingJsonParser.java,527,if (ch == INT_RCURLY) {
S3191,NonBlockingJsonParser.java,528,return _closeObjectScope();
S3192,NonBlockingJsonParser.java,530,if (ch == INT_HASH) {
S3193,NonBlockingJsonParser.java,531,return _finishHashComment(MINOR_FIELD_LEADING_COMMA);
S3194,NonBlockingJsonParser.java,538,int ptr = _inputPtr;
S3195,NonBlockingJsonParser.java,539,if (ptr >= _inputEnd) {
S3196,NonBlockingJsonParser.java,540,_minorState = MINOR_FIELD_LEADING_WS;
S3197,NonBlockingJsonParser.java,541,return (_currToken = JsonToken.NOT_AVAILABLE);
S3198,NonBlockingJsonParser.java,543,ch = _inputBuffer[ptr];
S3199,NonBlockingJsonParser.java,544,_inputPtr = ptr+1;
S3200,NonBlockingJsonParser.java,545,if (ch <= 0x0020) {
S3201,NonBlockingJsonParser.java,546,ch = _skipWS(ch);
S3202,NonBlockingJsonParser.java,547,if (ch <= 0) {
S3203,NonBlockingJsonParser.java,548,_minorState = MINOR_FIELD_LEADING_WS;
S3204,NonBlockingJsonParser.java,549,return _currToken;
S3205,NonBlockingJsonParser.java,552,_updateTokenLocation();
S3206,NonBlockingJsonParser.java,553,if (ch != INT_QUOTE) {
S3207,NonBlockingJsonParser.java,554,if (ch == INT_RCURLY) {
S3208,NonBlockingJsonParser.java,559,return _handleOddName(ch);
S3209,NonBlockingJsonParser.java,562,"if ((_inputPtr + 13) <= _inputEnd) { // Need up to 12 chars, plus one trailing (quote)"
S3210,NonBlockingJsonParser.java,563,String n = _fastParseName();
S3211,NonBlockingJsonParser.java,564,if (n != null) {
S3212,NonBlockingJsonParser.java,565,return _fieldComplete(n);
S3213,NonBlockingJsonParser.java,568,"return _parseEscapedName(0, 0, 0);"
S3214,NonBlockingJsonParser.java,585,if (ch <= 0x0020) {
S3215,NonBlockingJsonParser.java,586,ch = _skipWS(ch);
S3216,NonBlockingJsonParser.java,587,if (ch <= 0) {
S3217,NonBlockingJsonParser.java,588,_minorState = MINOR_VALUE_LEADING_WS;
S3218,NonBlockingJsonParser.java,589,return _currToken;
S3219,NonBlockingJsonParser.java,592,_updateTokenLocation();
S3220,NonBlockingJsonParser.java,593,if (ch == INT_QUOTE) {
S3221,NonBlockingJsonParser.java,594,return _startString();
S3222,NonBlockingJsonParser.java,596,switch (ch) {
S3223,NonBlockingJsonParser.java,598,return _finishHashComment(MINOR_VALUE_LEADING_WS);
S3224,NonBlockingJsonParser.java,600,return _startNegativeNumber();
S3225,NonBlockingJsonParser.java,602,return _startSlashComment(MINOR_VALUE_LEADING_WS);
S3226,NonBlockingJsonParser.java,608,return _startNumberLeadingZero();
S3227,NonBlockingJsonParser.java,618,return _startPositiveNumber(ch);
S3228,NonBlockingJsonParser.java,620,return _startFalseToken();
S3229,NonBlockingJsonParser.java,622,return _startNullToken();
S3230,NonBlockingJsonParser.java,624,return _startTrueToken();
S3231,NonBlockingJsonParser.java,626,return _startArrayScope();
S3232,NonBlockingJsonParser.java,628,return _closeArrayScope();
S3233,NonBlockingJsonParser.java,630,return _startObjectScope();
S3234,NonBlockingJsonParser.java,632,return _closeObjectScope();
S3235,NonBlockingJsonParser.java,635,"return _startUnexpectedValue(false, ch);"
S3236,NonBlockingJsonParser.java,645,if (ch <= 0x0020) {
S3237,NonBlockingJsonParser.java,646,ch = _skipWS(ch); // will skip through all available ws (and comments)
S3238,NonBlockingJsonParser.java,647,if (ch <= 0) {
S3239,NonBlockingJsonParser.java,648,_minorState = MINOR_VALUE_EXPECTING_COMMA;
S3240,NonBlockingJsonParser.java,649,return _currToken;
S3241,NonBlockingJsonParser.java,652,if (ch != INT_COMMA) {
S3242,NonBlockingJsonParser.java,653,if (ch == INT_RBRACKET) {
S3243,NonBlockingJsonParser.java,654,return _closeArrayScope();
S3244,NonBlockingJsonParser.java,656,if (ch == INT_RCURLY){
S3245,NonBlockingJsonParser.java,657,return _closeObjectScope();
S3246,NonBlockingJsonParser.java,659,if (ch == INT_SLASH) {
S3247,NonBlockingJsonParser.java,660,return _startSlashComment(MINOR_VALUE_EXPECTING_COMMA);
S3248,NonBlockingJsonParser.java,662,if (ch == INT_HASH) {
S3249,NonBlockingJsonParser.java,663,return _finishHashComment(MINOR_VALUE_EXPECTING_COMMA);
S3250,NonBlockingJsonParser.java,667,int ptr = _inputPtr;
S3251,NonBlockingJsonParser.java,668,if (ptr >= _inputEnd) {
S3252,NonBlockingJsonParser.java,669,_minorState = MINOR_VALUE_WS_AFTER_COMMA;
S3253,NonBlockingJsonParser.java,670,return (_currToken = JsonToken.NOT_AVAILABLE);
S3254,NonBlockingJsonParser.java,672,ch = _inputBuffer[ptr];
S3255,NonBlockingJsonParser.java,673,_inputPtr = ptr+1;
S3256,NonBlockingJsonParser.java,674,if (ch <= 0x0020) {
S3257,NonBlockingJsonParser.java,675,ch = _skipWS(ch);
S3258,NonBlockingJsonParser.java,676,if (ch <= 0) {
S3259,NonBlockingJsonParser.java,677,_minorState = MINOR_VALUE_WS_AFTER_COMMA;
S3260,NonBlockingJsonParser.java,678,return _currToken;
S3261,NonBlockingJsonParser.java,681,_updateTokenLocation();
S3262,NonBlockingJsonParser.java,682,if (ch == INT_QUOTE) {
S3263,NonBlockingJsonParser.java,683,return _startString();
S3264,NonBlockingJsonParser.java,685,switch (ch) {
S3265,NonBlockingJsonParser.java,689,return _startNegativeNumber();
S3266,NonBlockingJsonParser.java,697,return _startNumberLeadingZero();
S3267,NonBlockingJsonParser.java,704,return _startPositiveNumber(ch);
S3268,NonBlockingJsonParser.java,706,return _startFalseToken();
S3269,NonBlockingJsonParser.java,708,return _startNullToken();
S3270,NonBlockingJsonParser.java,710,return _startTrueToken();
S3271,NonBlockingJsonParser.java,712,return _startArrayScope();
S3272,NonBlockingJsonParser.java,720,return _startObjectScope();
S3273,NonBlockingJsonParser.java,729,"return _startUnexpectedValue(true, ch);"
S3274,NonBlockingJsonParser.java,740,if (ch <= 0x0020) {
S3275,NonBlockingJsonParser.java,741,ch = _skipWS(ch); // will skip through all available ws (and comments)
S3276,NonBlockingJsonParser.java,742,if (ch <= 0) {
S3277,NonBlockingJsonParser.java,743,_minorState = MINOR_VALUE_EXPECTING_COLON;
S3278,NonBlockingJsonParser.java,744,return _currToken;
S3279,NonBlockingJsonParser.java,747,if (ch != INT_COLON) {
S3280,NonBlockingJsonParser.java,748,if (ch == INT_SLASH) {
S3281,NonBlockingJsonParser.java,751,if (ch == INT_HASH) {
S3282,NonBlockingJsonParser.java,752,return _finishHashComment(MINOR_VALUE_EXPECTING_COLON);
S3283,NonBlockingJsonParser.java,757,int ptr = _inputPtr;
S3284,NonBlockingJsonParser.java,758,if (ptr >= _inputEnd) {
S3285,NonBlockingJsonParser.java,759,_minorState = MINOR_VALUE_LEADING_WS;
S3286,NonBlockingJsonParser.java,760,return (_currToken = JsonToken.NOT_AVAILABLE);
S3287,NonBlockingJsonParser.java,762,ch = _inputBuffer[ptr];
S3288,NonBlockingJsonParser.java,763,_inputPtr = ptr+1;
S3289,NonBlockingJsonParser.java,764,if (ch <= 0x0020) {
S3290,NonBlockingJsonParser.java,765,ch = _skipWS(ch); // will skip through all available ws (and comments)
S3291,NonBlockingJsonParser.java,766,if (ch <= 0) {
S3292,NonBlockingJsonParser.java,767,_minorState = MINOR_VALUE_LEADING_WS;
S3293,NonBlockingJsonParser.java,768,return _currToken;
S3294,NonBlockingJsonParser.java,771,_updateTokenLocation();
S3295,NonBlockingJsonParser.java,772,if (ch == INT_QUOTE) {
S3296,NonBlockingJsonParser.java,773,return _startString();
S3297,NonBlockingJsonParser.java,775,switch (ch) {
S3298,NonBlockingJsonParser.java,777,return _finishHashComment(MINOR_VALUE_LEADING_WS);
S3299,NonBlockingJsonParser.java,779,return _startNegativeNumber();
S3300,NonBlockingJsonParser.java,781,return _startSlashComment(MINOR_VALUE_LEADING_WS);
S3301,NonBlockingJsonParser.java,787,return _startNumberLeadingZero();
S3302,NonBlockingJsonParser.java,794,return _startPositiveNumber(ch);
S3303,NonBlockingJsonParser.java,796,return _startFalseToken();
S3304,NonBlockingJsonParser.java,798,return _startNullToken();
S3305,NonBlockingJsonParser.java,800,return _startTrueToken();
S3306,NonBlockingJsonParser.java,802,return _startArrayScope();
S3307,NonBlockingJsonParser.java,804,return _startObjectScope();
S3308,NonBlockingJsonParser.java,807,"return _startUnexpectedValue(false, ch);"
S3309,NonBlockingJsonParser.java,815,if (ch <= 0x0020) {
S3310,NonBlockingJsonParser.java,816,ch = _skipWS(ch);
S3311,NonBlockingJsonParser.java,817,if (ch <= 0) {
S3312,NonBlockingJsonParser.java,818,_minorState = MINOR_VALUE_WS_AFTER_COMMA;
S3313,NonBlockingJsonParser.java,819,return _currToken;
S3314,NonBlockingJsonParser.java,822,_updateTokenLocation();
S3315,NonBlockingJsonParser.java,823,if (ch == INT_QUOTE) {
S3316,NonBlockingJsonParser.java,824,return _startString();
S3317,NonBlockingJsonParser.java,826,switch (ch) {
S3318,NonBlockingJsonParser.java,830,return _startNegativeNumber();
S3319,NonBlockingJsonParser.java,838,return _startNumberLeadingZero();
S3320,NonBlockingJsonParser.java,848,return _startPositiveNumber(ch);
S3321,NonBlockingJsonParser.java,850,return _startFalseToken();
S3322,NonBlockingJsonParser.java,852,return _startNullToken();
S3323,NonBlockingJsonParser.java,854,return _startTrueToken();
S3324,NonBlockingJsonParser.java,856,return _startArrayScope();
S3325,NonBlockingJsonParser.java,864,return _startObjectScope();
S3326,NonBlockingJsonParser.java,873,"return _startUnexpectedValue(true, ch);"
S3327,NonBlockingJsonParser.java,878,switch (ch) {
S3328,NonBlockingJsonParser.java,898,if (isEnabled(Feature.ALLOW_SINGLE_QUOTES)) {
S3329,NonBlockingJsonParser.java,899,return _startAposString();
S3330,NonBlockingJsonParser.java,903,"return _finishNonStdToken(NON_STD_TOKEN_PLUS_INFINITY, 1);"
S3331,NonBlockingJsonParser.java,905,"return _finishNonStdToken(NON_STD_TOKEN_NAN, 1);"
S3332,NonBlockingJsonParser.java,907,"return _finishNonStdToken(NON_STD_TOKEN_INFINITY, 1);"
S3333,NonBlockingJsonParser.java,910,"_reportUnexpectedChar(ch, ""expected a valid value (number, String, array, object, 'true', 'false' or 'null')"");"
S3334,NonBlockingJsonParser.java,923,if (ch != INT_SPACE) {
S3335,NonBlockingJsonParser.java,924,if (ch == INT_LF) {
S3336,NonBlockingJsonParser.java,925,++_currInputRow;
S3337,NonBlockingJsonParser.java,926,_currInputRowStart = _inputPtr;
S3338,NonBlockingJsonParser.java,927,} else if (ch == INT_CR) {
S3339,NonBlockingJsonParser.java,928,++_currInputRowAlt;
S3340,NonBlockingJsonParser.java,929,_currInputRowStart = _inputPtr;
S3341,NonBlockingJsonParser.java,930,} else if (ch != INT_TAB) {
S3342,NonBlockingJsonParser.java,931,_throwInvalidSpace(ch);
S3343,NonBlockingJsonParser.java,934,if (_inputPtr >= _inputEnd) {
S3344,NonBlockingJsonParser.java,935,_currToken = JsonToken.NOT_AVAILABLE;
S3345,NonBlockingJsonParser.java,936,return 0;
S3346,NonBlockingJsonParser.java,938,ch = _inputBuffer[_inputPtr++] & 0xFF;
S3347,NonBlockingJsonParser.java,939,} while (ch <= 0x0020);
S3348,NonBlockingJsonParser.java,940,return ch;
S3349,NonBlockingJsonParser.java,945,if (!JsonParser.Feature.ALLOW_COMMENTS.enabledIn(_features)) {
S3350,NonBlockingJsonParser.java,946,"_reportUnexpectedChar('/', ""maybe a (non-standard) comment? (not recognized as one since Feature 'ALLOW_COMMENTS' not enabled for parser)"");"
S3351,NonBlockingJsonParser.java,950,if (_inputPtr >= _inputEnd) {
S3352,NonBlockingJsonParser.java,951,_pending32 = fromMinorState;
S3353,NonBlockingJsonParser.java,952,_minorState = MINOR_COMMENT_LEADING_SLASH;
S3354,NonBlockingJsonParser.java,953,return (_currToken = JsonToken.NOT_AVAILABLE);
S3355,NonBlockingJsonParser.java,955,int ch = _inputBuffer[_inputPtr++];
S3356,NonBlockingJsonParser.java,956,if (ch == INT_ASTERISK) { // c-style
S3357,NonBlockingJsonParser.java,957,"return _finishCComment(fromMinorState, false);"
S3358,NonBlockingJsonParser.java,959,if (ch == INT_SLASH) { // c++-style
S3359,NonBlockingJsonParser.java,960,return _finishCppComment(fromMinorState);
S3360,NonBlockingJsonParser.java,969,if (!JsonParser.Feature.ALLOW_YAML_COMMENTS.enabledIn(_features)) {
S3361,NonBlockingJsonParser.java,973,if (_inputPtr >= _inputEnd) {
S3362,NonBlockingJsonParser.java,974,_minorState = MINOR_COMMENT_YAML;
S3363,NonBlockingJsonParser.java,975,_pending32 = fromMinorState;
S3364,NonBlockingJsonParser.java,976,return (_currToken = JsonToken.NOT_AVAILABLE);
S3365,NonBlockingJsonParser.java,978,int ch = _inputBuffer[_inputPtr++] & 0xFF;
S3366,NonBlockingJsonParser.java,979,if (ch < 0x020) {
S3367,NonBlockingJsonParser.java,980,if (ch == INT_LF) {
S3368,NonBlockingJsonParser.java,981,++_currInputRow;
S3369,NonBlockingJsonParser.java,982,_currInputRowStart = _inputPtr;
S3370,NonBlockingJsonParser.java,983,break;
S3371,NonBlockingJsonParser.java,993,return _startAfterComment(fromMinorState);
S3372,NonBlockingJsonParser.java,999,if (_inputPtr >= _inputEnd) {
S3373,NonBlockingJsonParser.java,1000,_minorState = MINOR_COMMENT_CPP;
S3374,NonBlockingJsonParser.java,1001,_pending32 = fromMinorState;
S3375,NonBlockingJsonParser.java,1002,return (_currToken = JsonToken.NOT_AVAILABLE);
S3376,NonBlockingJsonParser.java,1004,int ch = _inputBuffer[_inputPtr++] & 0xFF;
S3377,NonBlockingJsonParser.java,1005,if (ch < 0x020) {
S3378,NonBlockingJsonParser.java,1006,if (ch == INT_LF) {
S3379,NonBlockingJsonParser.java,1007,++_currInputRow;
S3380,NonBlockingJsonParser.java,1008,_currInputRowStart = _inputPtr;
S3381,NonBlockingJsonParser.java,1009,break;
S3382,NonBlockingJsonParser.java,1019,return _startAfterComment(fromMinorState);
S3383,NonBlockingJsonParser.java,1025,if (_inputPtr >= _inputEnd) {
S3384,NonBlockingJsonParser.java,1026,_minorState = gotStar ? MINOR_COMMENT_CLOSING_ASTERISK : MINOR_COMMENT_C;
S3385,NonBlockingJsonParser.java,1027,_pending32 = fromMinorState;
S3386,NonBlockingJsonParser.java,1028,return (_currToken = JsonToken.NOT_AVAILABLE);
S3387,NonBlockingJsonParser.java,1030,int ch = _inputBuffer[_inputPtr++] & 0xFF;
S3388,NonBlockingJsonParser.java,1031,if (ch < 0x020) {
S3389,NonBlockingJsonParser.java,1032,if (ch == INT_LF) {
S3390,NonBlockingJsonParser.java,1033,++_currInputRow;
S3391,NonBlockingJsonParser.java,1034,_currInputRowStart = _inputPtr;
S3392,NonBlockingJsonParser.java,1041,} else if (ch == INT_ASTERISK) {
S3393,NonBlockingJsonParser.java,1042,gotStar = true;
S3394,NonBlockingJsonParser.java,1043,continue;
S3395,NonBlockingJsonParser.java,1044,} else if (ch == INT_SLASH) {
S3396,NonBlockingJsonParser.java,1045,if (gotStar) {
S3397,NonBlockingJsonParser.java,1046,break;
S3398,NonBlockingJsonParser.java,1049,gotStar = false;
S3399,NonBlockingJsonParser.java,1051,return _startAfterComment(fromMinorState);
S3400,NonBlockingJsonParser.java,1057,if (_inputPtr >= _inputEnd) {
S3401,NonBlockingJsonParser.java,1058,_minorState = fromMinorState;
S3402,NonBlockingJsonParser.java,1059,return (_currToken = JsonToken.NOT_AVAILABLE);
S3403,NonBlockingJsonParser.java,1061,int ch = _inputBuffer[_inputPtr++] & 0xFF;
S3404,NonBlockingJsonParser.java,1062,switch (fromMinorState) {
S3405,NonBlockingJsonParser.java,1064,return _startFieldName(ch);
S3406,NonBlockingJsonParser.java,1066,return _startFieldNameAfterComma(ch);
S3407,NonBlockingJsonParser.java,1068,return _startValue(ch);
S3408,NonBlockingJsonParser.java,1070,return _startValueExpectComma(ch);
S3409,NonBlockingJsonParser.java,1072,return _startValueExpectColon(ch);
S3410,NonBlockingJsonParser.java,1089,int ptr = _inputPtr;
S3411,NonBlockingJsonParser.java,1090,"if ((ptr + 4) < _inputEnd) { // yes, can determine efficiently"
S3412,NonBlockingJsonParser.java,1091,byte[] buf = _inputBuffer;
S3413,NonBlockingJsonParser.java,1092,if ((buf[ptr++] == 'a')
S3414,NonBlockingJsonParser.java,1096,int ch = buf[ptr] & 0xFF;
S3415,NonBlockingJsonParser.java,1097,if (ch < INT_0 || (ch == INT_RBRACKET) || (ch == INT_RCURLY)) { // expected/allowed chars
S3416,NonBlockingJsonParser.java,1098,_inputPtr = ptr;
S3417,NonBlockingJsonParser.java,1099,return _valueComplete(JsonToken.VALUE_FALSE);
S3418,NonBlockingJsonParser.java,1103,_minorState = MINOR_VALUE_TOKEN_FALSE;
S3419,NonBlockingJsonParser.java,1104,"return _finishKeywordToken(""false"", 1, JsonToken.VALUE_FALSE);"
S3420,NonBlockingJsonParser.java,1109,int ptr = _inputPtr;
S3421,NonBlockingJsonParser.java,1110,"if ((ptr + 3) < _inputEnd) { // yes, can determine efficiently"
S3422,NonBlockingJsonParser.java,1111,byte[] buf = _inputBuffer;
S3423,NonBlockingJsonParser.java,1112,if ((buf[ptr++] == 'r')
S3424,NonBlockingJsonParser.java,1115,int ch = buf[ptr] & 0xFF;
S3425,NonBlockingJsonParser.java,1116,if (ch < INT_0 || (ch == INT_RBRACKET) || (ch == INT_RCURLY)) { // expected/allowed chars
S3426,NonBlockingJsonParser.java,1117,_inputPtr = ptr;
S3427,NonBlockingJsonParser.java,1118,return _valueComplete(JsonToken.VALUE_TRUE);
S3428,NonBlockingJsonParser.java,1122,_minorState = MINOR_VALUE_TOKEN_TRUE;
S3429,NonBlockingJsonParser.java,1123,"return _finishKeywordToken(""true"", 1, JsonToken.VALUE_TRUE);"
S3430,NonBlockingJsonParser.java,1128,int ptr = _inputPtr;
S3431,NonBlockingJsonParser.java,1129,"if ((ptr + 3) < _inputEnd) { // yes, can determine efficiently"
S3432,NonBlockingJsonParser.java,1130,byte[] buf = _inputBuffer;
S3433,NonBlockingJsonParser.java,1131,if ((buf[ptr++] == 'u')
S3434,NonBlockingJsonParser.java,1134,int ch = buf[ptr] & 0xFF;
S3435,NonBlockingJsonParser.java,1135,if (ch < INT_0 || (ch == INT_RBRACKET) || (ch == INT_RCURLY)) { // expected/allowed chars
S3436,NonBlockingJsonParser.java,1136,_inputPtr = ptr;
S3437,NonBlockingJsonParser.java,1137,return _valueComplete(JsonToken.VALUE_NULL);
S3438,NonBlockingJsonParser.java,1141,_minorState = MINOR_VALUE_TOKEN_NULL;
S3439,NonBlockingJsonParser.java,1142,"return _finishKeywordToken(""null"", 1, JsonToken.VALUE_NULL);"
S3440,NonBlockingJsonParser.java,1148,final int end = expToken.length();
S3441,NonBlockingJsonParser.java,1151,if (_inputPtr >= _inputEnd) {
S3442,NonBlockingJsonParser.java,1152,_pending32 = matched;
S3443,NonBlockingJsonParser.java,1153,return (_currToken = JsonToken.NOT_AVAILABLE);
S3444,NonBlockingJsonParser.java,1155,int ch = _inputBuffer[_inputPtr];
S3445,NonBlockingJsonParser.java,1156,if (matched == end) { // need to verify trailing separator
S3446,NonBlockingJsonParser.java,1157,if (ch < INT_0 || (ch == INT_RBRACKET) || (ch == INT_RCURLY)) { // expected/allowed chars
S3447,NonBlockingJsonParser.java,1158,return _valueComplete(result);
S3448,NonBlockingJsonParser.java,1162,if (ch != expToken.charAt(matched)) {
S3449,NonBlockingJsonParser.java,1165,++matched;
S3450,NonBlockingJsonParser.java,1166,++_inputPtr;
S3451,NonBlockingJsonParser.java,1176,if (matched == expToken.length()) {
S3452,NonBlockingJsonParser.java,1177,return (_currToken = result);
S3453,NonBlockingJsonParser.java,1185,final String expToken = _nonStdToken(type);
S3454,NonBlockingJsonParser.java,1186,final int end = expToken.length();
S3455,NonBlockingJsonParser.java,1189,if (_inputPtr >= _inputEnd) {
S3456,NonBlockingJsonParser.java,1190,_nonStdTokenType = type;
S3457,NonBlockingJsonParser.java,1191,_pending32 = matched;
S3458,NonBlockingJsonParser.java,1192,_minorState = MINOR_VALUE_TOKEN_NON_STD;
S3459,NonBlockingJsonParser.java,1193,return (_currToken = JsonToken.NOT_AVAILABLE);
S3460,NonBlockingJsonParser.java,1195,int ch = _inputBuffer[_inputPtr];
S3461,NonBlockingJsonParser.java,1196,if (matched == end) { // need to verify trailing separator
S3462,NonBlockingJsonParser.java,1197,if (ch < INT_0 || (ch == INT_RBRACKET) || (ch == INT_RCURLY)) { // expected/allowed chars
S3463,NonBlockingJsonParser.java,1198,return _valueNonStdNumberComplete(type);
S3464,NonBlockingJsonParser.java,1202,if (ch != expToken.charAt(matched)) {
S3465,NonBlockingJsonParser.java,1205,++matched;
S3466,NonBlockingJsonParser.java,1206,++_inputPtr;
S3467,NonBlockingJsonParser.java,1266,_numberNegative = false;
S3468,NonBlockingJsonParser.java,1267,char[] outBuf = _textBuffer.emptyAndGetCurrentSegment();
S3469,NonBlockingJsonParser.java,1268,outBuf[0] = (char) ch;
S3470,NonBlockingJsonParser.java,1270,if (_inputPtr >= _inputEnd) {
S3471,NonBlockingJsonParser.java,1271,_minorState = MINOR_NUMBER_INTEGER_DIGITS;
S3472,NonBlockingJsonParser.java,1272,_textBuffer.setCurrentLength(1);
S3473,NonBlockingJsonParser.java,1273,return (_currToken = JsonToken.NOT_AVAILABLE);
S3474,NonBlockingJsonParser.java,1276,int outPtr = 1;
S3475,NonBlockingJsonParser.java,1278,ch = _inputBuffer[_inputPtr] & 0xFF;
S3476,NonBlockingJsonParser.java,1280,if (ch < INT_0) {
S3477,NonBlockingJsonParser.java,1281,if (ch == INT_PERIOD) {
S3478,NonBlockingJsonParser.java,1282,_intLength = outPtr;
S3479,NonBlockingJsonParser.java,1283,++_inputPtr;
S3480,NonBlockingJsonParser.java,1284,"return _startFloat(outBuf, outPtr, ch);"
S3481,NonBlockingJsonParser.java,1288,if (ch > INT_9) {
S3482,NonBlockingJsonParser.java,1289,if (ch == INT_e || ch == INT_E) {
S3483,NonBlockingJsonParser.java,1290,_intLength = outPtr;
S3484,NonBlockingJsonParser.java,1291,++_inputPtr;
S3485,NonBlockingJsonParser.java,1292,"return _startFloat(outBuf, outPtr, ch);"
S3486,NonBlockingJsonParser.java,1296,if (outPtr >= outBuf.length) {
S3487,NonBlockingJsonParser.java,1301,outBuf[outPtr++] = (char) ch;
S3488,NonBlockingJsonParser.java,1302,if (++_inputPtr >= _inputEnd) {
S3489,NonBlockingJsonParser.java,1303,_minorState = MINOR_NUMBER_INTEGER_DIGITS;
S3490,NonBlockingJsonParser.java,1304,_textBuffer.setCurrentLength(outPtr);
S3491,NonBlockingJsonParser.java,1305,return (_currToken = JsonToken.NOT_AVAILABLE);
S3492,NonBlockingJsonParser.java,1307,ch = _inputBuffer[_inputPtr] & 0xFF;
S3493,NonBlockingJsonParser.java,1309,_intLength = outPtr;
S3494,NonBlockingJsonParser.java,1310,_textBuffer.setCurrentLength(outPtr);
S3495,NonBlockingJsonParser.java,1311,return _valueComplete(JsonToken.VALUE_NUMBER_INT);
S3496,NonBlockingJsonParser.java,1316,_numberNegative = true;
S3497,NonBlockingJsonParser.java,1317,if (_inputPtr >= _inputEnd) {
S3498,NonBlockingJsonParser.java,1318,_minorState = MINOR_NUMBER_MINUS;
S3499,NonBlockingJsonParser.java,1319,return (_currToken = JsonToken.NOT_AVAILABLE);
S3500,NonBlockingJsonParser.java,1321,int ch = _inputBuffer[_inputPtr++] & 0xFF;
S3501,NonBlockingJsonParser.java,1322,if (ch <= INT_0) {
S3502,NonBlockingJsonParser.java,1323,if (ch == INT_0) {
S3503,NonBlockingJsonParser.java,1324,return _finishNumberLeadingNegZeroes();
S3504,NonBlockingJsonParser.java,1328,} else if (ch > INT_9) {
S3505,NonBlockingJsonParser.java,1329,if (ch == 'I') {
S3506,NonBlockingJsonParser.java,1330,"return _finishNonStdToken(NON_STD_TOKEN_MINUS_INFINITY, 2);"
S3507,NonBlockingJsonParser.java,1334,char[] outBuf = _textBuffer.emptyAndGetCurrentSegment();
S3508,NonBlockingJsonParser.java,1335,outBuf[0] = '-';
S3509,NonBlockingJsonParser.java,1336,outBuf[1] = (char) ch;
S3510,NonBlockingJsonParser.java,1337,if (_inputPtr >= _inputEnd) {
S3511,NonBlockingJsonParser.java,1338,_minorState = MINOR_NUMBER_INTEGER_DIGITS;
S3512,NonBlockingJsonParser.java,1339,_textBuffer.setCurrentLength(2);
S3513,NonBlockingJsonParser.java,1340,_intLength = 1;
S3514,NonBlockingJsonParser.java,1341,return (_currToken = JsonToken.NOT_AVAILABLE);
S3515,NonBlockingJsonParser.java,1343,ch = _inputBuffer[_inputPtr];
S3516,NonBlockingJsonParser.java,1344,int outPtr = 2;
S3517,NonBlockingJsonParser.java,1347,if (ch < INT_0) {
S3518,NonBlockingJsonParser.java,1348,if (ch == INT_PERIOD) {
S3519,NonBlockingJsonParser.java,1349,_intLength = outPtr-1;
S3520,NonBlockingJsonParser.java,1350,++_inputPtr;
S3521,NonBlockingJsonParser.java,1351,"return _startFloat(outBuf, outPtr, ch);"
S3522,NonBlockingJsonParser.java,1355,if (ch > INT_9) {
S3523,NonBlockingJsonParser.java,1356,if (ch == INT_e || ch == INT_E) {
S3524,NonBlockingJsonParser.java,1363,if (outPtr >= outBuf.length) {
S3525,NonBlockingJsonParser.java,1367,outBuf[outPtr++] = (char) ch;
S3526,NonBlockingJsonParser.java,1368,if (++_inputPtr >= _inputEnd) {
S3527,NonBlockingJsonParser.java,1369,_minorState = MINOR_NUMBER_INTEGER_DIGITS;
S3528,NonBlockingJsonParser.java,1370,_textBuffer.setCurrentLength(outPtr);
S3529,NonBlockingJsonParser.java,1371,return (_currToken = JsonToken.NOT_AVAILABLE);
S3530,NonBlockingJsonParser.java,1373,ch = _inputBuffer[_inputPtr] & 0xFF;
S3531,NonBlockingJsonParser.java,1375,_intLength = outPtr-1;
S3532,NonBlockingJsonParser.java,1376,_textBuffer.setCurrentLength(outPtr);
S3533,NonBlockingJsonParser.java,1377,return _valueComplete(JsonToken.VALUE_NUMBER_INT);
S3534,NonBlockingJsonParser.java,1382,int ptr = _inputPtr;
S3535,NonBlockingJsonParser.java,1383,if (ptr >= _inputEnd) {
S3536,NonBlockingJsonParser.java,1384,_minorState = MINOR_NUMBER_ZERO;
S3537,NonBlockingJsonParser.java,1385,return (_currToken = JsonToken.NOT_AVAILABLE);
S3538,NonBlockingJsonParser.java,1392,int ch = _inputBuffer[ptr++] & 0xFF;
S3539,NonBlockingJsonParser.java,1394,if (ch < INT_0) {
S3540,NonBlockingJsonParser.java,1395,if (ch == INT_PERIOD) {
S3541,NonBlockingJsonParser.java,1396,_inputPtr = ptr;
S3542,NonBlockingJsonParser.java,1397,_intLength = 1;
S3543,NonBlockingJsonParser.java,1398,char[] outBuf = _textBuffer.emptyAndGetCurrentSegment();
S3544,NonBlockingJsonParser.java,1399,outBuf[0] = '0';
S3545,NonBlockingJsonParser.java,1400,"return _startFloat(outBuf, 1, ch);"
S3546,NonBlockingJsonParser.java,1402,} else if (ch > INT_9) {
S3547,NonBlockingJsonParser.java,1403,if (ch == INT_e || ch == INT_E) {
S3548,NonBlockingJsonParser.java,1404,_inputPtr = ptr;
S3549,NonBlockingJsonParser.java,1405,_intLength = 1;
S3550,NonBlockingJsonParser.java,1406,char[] outBuf = _textBuffer.emptyAndGetCurrentSegment();
S3551,NonBlockingJsonParser.java,1407,outBuf[0] = '0';
S3552,NonBlockingJsonParser.java,1408,"return _startFloat(outBuf, 1, ch);"
S3553,NonBlockingJsonParser.java,1413,if ((ch != INT_RBRACKET) && (ch != INT_RCURLY)) {
S3554,NonBlockingJsonParser.java,1422,"return _valueCompleteInt(0, ""0"");"
S3555,NonBlockingJsonParser.java,1427,if (ch <= INT_0) {
S3556,NonBlockingJsonParser.java,1428,if (ch == INT_0) {
S3557,NonBlockingJsonParser.java,1429,return _finishNumberLeadingNegZeroes();
S3558,NonBlockingJsonParser.java,1432,} else if (ch > INT_9) {
S3559,NonBlockingJsonParser.java,1433,if (ch == 'I') {
S3560,NonBlockingJsonParser.java,1434,"return _finishNonStdToken(NON_STD_TOKEN_MINUS_INFINITY, 2);"
S3561,NonBlockingJsonParser.java,1438,char[] outBuf = _textBuffer.emptyAndGetCurrentSegment();
S3562,NonBlockingJsonParser.java,1439,outBuf[0] = '-';
S3563,NonBlockingJsonParser.java,1440,outBuf[1] = (char) ch;
S3564,NonBlockingJsonParser.java,1441,_intLength = 1;
S3565,NonBlockingJsonParser.java,1442,"return _finishNumberIntegralPart(outBuf, 2);"
S3566,NonBlockingJsonParser.java,1450,if (_inputPtr >= _inputEnd) {
S3567,NonBlockingJsonParser.java,1451,_minorState = MINOR_NUMBER_ZERO;
S3568,NonBlockingJsonParser.java,1452,return (_currToken = JsonToken.NOT_AVAILABLE);
S3569,NonBlockingJsonParser.java,1454,int ch = _inputBuffer[_inputPtr++] & 0xFF;
S3570,NonBlockingJsonParser.java,1455,if (ch < INT_0) {
S3571,NonBlockingJsonParser.java,1456,if (ch == INT_PERIOD) {
S3572,NonBlockingJsonParser.java,1457,char[] outBuf = _textBuffer.emptyAndGetCurrentSegment();
S3573,NonBlockingJsonParser.java,1458,outBuf[0] = '0';
S3574,NonBlockingJsonParser.java,1459,_intLength = 1;
S3575,NonBlockingJsonParser.java,1460,"return _startFloat(outBuf, 1, ch);"
S3576,NonBlockingJsonParser.java,1462,} else if (ch > INT_9) {
S3577,NonBlockingJsonParser.java,1463,if (ch == INT_e || ch == INT_E) {
S3578,NonBlockingJsonParser.java,1464,char[] outBuf = _textBuffer.emptyAndGetCurrentSegment();
S3579,NonBlockingJsonParser.java,1465,outBuf[0] = '0';
S3580,NonBlockingJsonParser.java,1466,_intLength = 1;
S3581,NonBlockingJsonParser.java,1467,"return _startFloat(outBuf, 1, ch);"
S3582,NonBlockingJsonParser.java,1472,if ((ch != INT_RBRACKET) && (ch != INT_RCURLY)) {
S3583,NonBlockingJsonParser.java,1479,if (!isEnabled(Feature.ALLOW_NUMERIC_LEADING_ZEROS)) {
S3584,NonBlockingJsonParser.java,1480,"reportInvalidNumber(""Leading zeroes not allowed"");"
S3585,NonBlockingJsonParser.java,1482,if (ch == INT_0) { // coalesce multiple leading zeroes into just one
S3586,NonBlockingJsonParser.java,1483,continue;
S3587,NonBlockingJsonParser.java,1485,char[] outBuf = _textBuffer.emptyAndGetCurrentSegment();
S3588,NonBlockingJsonParser.java,1487,outBuf[0] = (char) ch;
S3589,NonBlockingJsonParser.java,1488,_intLength = 1;
S3590,NonBlockingJsonParser.java,1489,"return _finishNumberIntegralPart(outBuf, 1);"
S3591,NonBlockingJsonParser.java,1491,--_inputPtr;
S3592,NonBlockingJsonParser.java,1492,"return _valueCompleteInt(0, ""0"");"
S3593,NonBlockingJsonParser.java,1501,if (_inputPtr >= _inputEnd) {
S3594,NonBlockingJsonParser.java,1502,_minorState = MINOR_NUMBER_MINUSZERO;
S3595,NonBlockingJsonParser.java,1503,return (_currToken = JsonToken.NOT_AVAILABLE);
S3596,NonBlockingJsonParser.java,1505,int ch = _inputBuffer[_inputPtr++] & 0xFF;
S3597,NonBlockingJsonParser.java,1506,if (ch < INT_0) {
S3598,NonBlockingJsonParser.java,1507,if (ch == INT_PERIOD) {
S3599,NonBlockingJsonParser.java,1508,char[] outBuf = _textBuffer.emptyAndGetCurrentSegment();
S3600,NonBlockingJsonParser.java,1509,outBuf[0] = '-';
S3601,NonBlockingJsonParser.java,1510,outBuf[1] = '0';
S3602,NonBlockingJsonParser.java,1511,_intLength = 1;
S3603,NonBlockingJsonParser.java,1512,"return _startFloat(outBuf, 2, ch);"
S3604,NonBlockingJsonParser.java,1514,} else if (ch > INT_9) {
S3605,NonBlockingJsonParser.java,1532,if (!isEnabled(Feature.ALLOW_NUMERIC_LEADING_ZEROS)) {
S3606,NonBlockingJsonParser.java,1533,"reportInvalidNumber(""Leading zeroes not allowed"");"
S3607,NonBlockingJsonParser.java,1535,if (ch == INT_0) { // coalesce multiple leading zeroes into just one
S3608,NonBlockingJsonParser.java,1536,continue;
S3609,NonBlockingJsonParser.java,1538,char[] outBuf = _textBuffer.emptyAndGetCurrentSegment();
S3610,NonBlockingJsonParser.java,1540,outBuf[0] = '-';
S3611,NonBlockingJsonParser.java,1541,outBuf[1] = (char) ch;
S3612,NonBlockingJsonParser.java,1542,_intLength = 1;
S3613,NonBlockingJsonParser.java,1543,"return _finishNumberIntegralPart(outBuf, 2);"
S3614,NonBlockingJsonParser.java,1552,int negMod = _numberNegative ? -1 : 0;
S3615,NonBlockingJsonParser.java,1555,if (_inputPtr >= _inputEnd) {
S3616,NonBlockingJsonParser.java,1556,_minorState = MINOR_NUMBER_INTEGER_DIGITS;
S3617,NonBlockingJsonParser.java,1557,_textBuffer.setCurrentLength(outPtr);
S3618,NonBlockingJsonParser.java,1558,return (_currToken = JsonToken.NOT_AVAILABLE);
S3619,NonBlockingJsonParser.java,1560,int ch = _inputBuffer[_inputPtr] & 0xFF;
S3620,NonBlockingJsonParser.java,1561,if (ch < INT_0) {
S3621,NonBlockingJsonParser.java,1562,if (ch == INT_PERIOD) {
S3622,NonBlockingJsonParser.java,1563,_intLength = outPtr+negMod;
S3623,NonBlockingJsonParser.java,1564,++_inputPtr;
S3624,NonBlockingJsonParser.java,1565,"return _startFloat(outBuf, outPtr, ch);"
S3625,NonBlockingJsonParser.java,1569,if (ch > INT_9) {
S3626,NonBlockingJsonParser.java,1570,if (ch == INT_e || ch == INT_E) {
S3627,NonBlockingJsonParser.java,1571,_intLength = outPtr+negMod;
S3628,NonBlockingJsonParser.java,1572,++_inputPtr;
S3629,NonBlockingJsonParser.java,1573,"return _startFloat(outBuf, outPtr, ch);"
S3630,NonBlockingJsonParser.java,1577,++_inputPtr;
S3631,NonBlockingJsonParser.java,1578,if (outPtr >= outBuf.length) {
S3632,NonBlockingJsonParser.java,1583,outBuf[outPtr++] = (char) ch;
S3633,NonBlockingJsonParser.java,1585,_intLength = outPtr+negMod;
S3634,NonBlockingJsonParser.java,1586,_textBuffer.setCurrentLength(outPtr);
S3635,NonBlockingJsonParser.java,1587,return _valueComplete(JsonToken.VALUE_NUMBER_INT);
S3636,NonBlockingJsonParser.java,1592,int fractLen = 0;
S3637,NonBlockingJsonParser.java,1593,if (ch == INT_PERIOD) {
S3638,NonBlockingJsonParser.java,1594,if (outPtr >= outBuf.length) {
S3639,NonBlockingJsonParser.java,1597,outBuf[outPtr++] = '.';
S3640,NonBlockingJsonParser.java,1599,if (_inputPtr >= _inputEnd) {
S3641,NonBlockingJsonParser.java,1600,_textBuffer.setCurrentLength(outPtr);
S3642,NonBlockingJsonParser.java,1601,_minorState = MINOR_NUMBER_FRACTION_DIGITS;
S3643,NonBlockingJsonParser.java,1602,_fractLength = fractLen;
S3644,NonBlockingJsonParser.java,1603,return (_currToken = JsonToken.NOT_AVAILABLE);
S3645,NonBlockingJsonParser.java,1605,ch = _inputBuffer[_inputPtr++]; // ok to have sign extension for now
S3646,NonBlockingJsonParser.java,1606,if (ch < INT_0 || ch > INT_9) {
S3647,NonBlockingJsonParser.java,1607,ch &= 0xFF; // but here we'll want to mask it to unsigned 8-bit
S3648,NonBlockingJsonParser.java,1609,if (fractLen == 0) {
S3649,NonBlockingJsonParser.java,1614,if (outPtr >= outBuf.length) {
S3650,NonBlockingJsonParser.java,1617,outBuf[outPtr++] = (char) ch;
S3651,NonBlockingJsonParser.java,1618,++fractLen;
S3652,NonBlockingJsonParser.java,1621,_fractLength = fractLen;
S3653,NonBlockingJsonParser.java,1622,int expLen = 0;
S3654,NonBlockingJsonParser.java,1623,if (ch == INT_e || ch == INT_E) { // exponent?
S3655,NonBlockingJsonParser.java,1624,if (outPtr >= outBuf.length) {
S3656,NonBlockingJsonParser.java,1627,outBuf[outPtr++] = (char) ch;
S3657,NonBlockingJsonParser.java,1628,if (_inputPtr >= _inputEnd) {
S3658,NonBlockingJsonParser.java,1629,_textBuffer.setCurrentLength(outPtr);
S3659,NonBlockingJsonParser.java,1630,_minorState = MINOR_NUMBER_EXPONENT_MARKER;
S3660,NonBlockingJsonParser.java,1631,_expLength = 0;
S3661,NonBlockingJsonParser.java,1632,return (_currToken = JsonToken.NOT_AVAILABLE);
S3662,NonBlockingJsonParser.java,1634,ch = _inputBuffer[_inputPtr++]; // ok to have sign extension for now
S3663,NonBlockingJsonParser.java,1635,if (ch == INT_MINUS || ch == INT_PLUS) {
S3664,NonBlockingJsonParser.java,1636,if (outPtr >= outBuf.length) {
S3665,NonBlockingJsonParser.java,1639,outBuf[outPtr++] = (char) ch;
S3666,NonBlockingJsonParser.java,1640,if (_inputPtr >= _inputEnd) {
S3667,NonBlockingJsonParser.java,1641,_textBuffer.setCurrentLength(outPtr);
S3668,NonBlockingJsonParser.java,1642,_minorState = MINOR_NUMBER_EXPONENT_DIGITS;
S3669,NonBlockingJsonParser.java,1643,_expLength = 0;
S3670,NonBlockingJsonParser.java,1644,return (_currToken = JsonToken.NOT_AVAILABLE);
S3671,NonBlockingJsonParser.java,1646,ch = _inputBuffer[_inputPtr++];
S3672,NonBlockingJsonParser.java,1648,while (ch >= INT_0 && ch <= INT_9) {
S3673,NonBlockingJsonParser.java,1649,++expLen;
S3674,NonBlockingJsonParser.java,1650,if (outPtr >= outBuf.length) {
S3675,NonBlockingJsonParser.java,1653,outBuf[outPtr++] = (char) ch;
S3676,NonBlockingJsonParser.java,1654,if (_inputPtr >= _inputEnd) {
S3677,NonBlockingJsonParser.java,1655,_textBuffer.setCurrentLength(outPtr);
S3678,NonBlockingJsonParser.java,1656,_minorState = MINOR_NUMBER_EXPONENT_DIGITS;
S3679,NonBlockingJsonParser.java,1657,_expLength = expLen;
S3680,NonBlockingJsonParser.java,1658,return (_currToken = JsonToken.NOT_AVAILABLE);
S3681,NonBlockingJsonParser.java,1660,ch = _inputBuffer[_inputPtr++];
S3682,NonBlockingJsonParser.java,1663,ch &= 0xFF;
S3683,NonBlockingJsonParser.java,1664,if (expLen == 0) {
S3684,NonBlockingJsonParser.java,1669,--_inputPtr;
S3685,NonBlockingJsonParser.java,1670,_textBuffer.setCurrentLength(outPtr);
S3686,NonBlockingJsonParser.java,1672,_expLength = expLen;
S3687,NonBlockingJsonParser.java,1673,return _valueComplete(JsonToken.VALUE_NUMBER_FLOAT);
S3688,NonBlockingJsonParser.java,1678,int fractLen = _fractLength;
S3689,NonBlockingJsonParser.java,1679,char[] outBuf = _textBuffer.getBufferWithoutReset();
S3690,NonBlockingJsonParser.java,1680,int outPtr = _textBuffer.getCurrentSegmentSize();
S3691,NonBlockingJsonParser.java,1684,while (((ch = _inputBuffer[_inputPtr++]) >= INT_0) && (ch <= INT_9)) {
S3692,NonBlockingJsonParser.java,1685,++fractLen;
S3693,NonBlockingJsonParser.java,1686,if (outPtr >= outBuf.length) {
S3694,NonBlockingJsonParser.java,1689,outBuf[outPtr++] = (char) ch;
S3695,NonBlockingJsonParser.java,1690,if (_inputPtr >= _inputEnd) {
S3696,NonBlockingJsonParser.java,1691,_textBuffer.setCurrentLength(outPtr);
S3697,NonBlockingJsonParser.java,1692,_fractLength = fractLen;
S3698,NonBlockingJsonParser.java,1693,return JsonToken.NOT_AVAILABLE;
S3699,NonBlockingJsonParser.java,1699,if (fractLen == 0) {
S3700,NonBlockingJsonParser.java,1702,_fractLength = fractLen;
S3701,NonBlockingJsonParser.java,1703,_textBuffer.setCurrentLength(outPtr);
S3702,NonBlockingJsonParser.java,1706,if (ch == INT_e || ch == INT_E) { // exponent?
S3703,NonBlockingJsonParser.java,1707,_textBuffer.append((char) ch);
S3704,NonBlockingJsonParser.java,1708,_expLength = 0;
S3705,NonBlockingJsonParser.java,1709,if (_inputPtr >= _inputEnd) {
S3706,NonBlockingJsonParser.java,1710,_minorState = MINOR_NUMBER_EXPONENT_MARKER;
S3707,NonBlockingJsonParser.java,1711,return JsonToken.NOT_AVAILABLE;
S3708,NonBlockingJsonParser.java,1713,_minorState = MINOR_NUMBER_EXPONENT_DIGITS;
S3709,NonBlockingJsonParser.java,1714,"return _finishFloatExponent(true, _inputBuffer[_inputPtr++] & 0xFF);"
S3710,NonBlockingJsonParser.java,1718,--_inputPtr;
S3711,NonBlockingJsonParser.java,1719,_textBuffer.setCurrentLength(outPtr);
S3712,NonBlockingJsonParser.java,1721,_expLength = 0;
S3713,NonBlockingJsonParser.java,1722,return _valueComplete(JsonToken.VALUE_NUMBER_FLOAT);
S3714,NonBlockingJsonParser.java,1727,if (checkSign) {
S3715,NonBlockingJsonParser.java,1728,_minorState = MINOR_NUMBER_EXPONENT_DIGITS;
S3716,NonBlockingJsonParser.java,1729,if (ch == INT_MINUS || ch == INT_PLUS) {
S3717,NonBlockingJsonParser.java,1730,_textBuffer.append((char) ch);
S3718,NonBlockingJsonParser.java,1731,if (_inputPtr >= _inputEnd) {
S3719,NonBlockingJsonParser.java,1732,_minorState = MINOR_NUMBER_EXPONENT_DIGITS;
S3720,NonBlockingJsonParser.java,1733,_expLength = 0;
S3721,NonBlockingJsonParser.java,1734,return JsonToken.NOT_AVAILABLE;
S3722,NonBlockingJsonParser.java,1736,ch = _inputBuffer[_inputPtr++];
S3723,NonBlockingJsonParser.java,1740,char[] outBuf = _textBuffer.getBufferWithoutReset();
S3724,NonBlockingJsonParser.java,1741,int outPtr = _textBuffer.getCurrentSegmentSize();
S3725,NonBlockingJsonParser.java,1742,int expLen = _expLength;
S3726,NonBlockingJsonParser.java,1744,while (ch >= INT_0 && ch <= INT_9) {
S3727,NonBlockingJsonParser.java,1745,++expLen;
S3728,NonBlockingJsonParser.java,1746,if (outPtr >= outBuf.length) {
S3729,NonBlockingJsonParser.java,1749,outBuf[outPtr++] = (char) ch;
S3730,NonBlockingJsonParser.java,1750,if (_inputPtr >= _inputEnd) {
S3731,NonBlockingJsonParser.java,1751,_textBuffer.setCurrentLength(outPtr);
S3732,NonBlockingJsonParser.java,1752,_expLength = expLen;
S3733,NonBlockingJsonParser.java,1753,return JsonToken.NOT_AVAILABLE;
S3734,NonBlockingJsonParser.java,1755,ch = _inputBuffer[_inputPtr++];
S3735,NonBlockingJsonParser.java,1758,ch &= 0xFF;
S3736,NonBlockingJsonParser.java,1759,if (expLen == 0) {
S3737,NonBlockingJsonParser.java,1763,--_inputPtr;
S3738,NonBlockingJsonParser.java,1764,_textBuffer.setCurrentLength(outPtr);
S3739,NonBlockingJsonParser.java,1766,_expLength = expLen;
S3740,NonBlockingJsonParser.java,1767,return _valueComplete(JsonToken.VALUE_NUMBER_FLOAT);
S3741,NonBlockingJsonParser.java,1783,final byte[] input = _inputBuffer;
S3742,NonBlockingJsonParser.java,1784,final int[] codes = _icLatin1;
S3743,NonBlockingJsonParser.java,1785,int ptr = _inputPtr;
S3744,NonBlockingJsonParser.java,1787,int q0 = input[ptr++] & 0xFF;
S3745,NonBlockingJsonParser.java,1788,if (codes[q0] == 0) {
S3746,NonBlockingJsonParser.java,1789,int i = input[ptr++] & 0xFF;
S3747,NonBlockingJsonParser.java,1790,if (codes[i] == 0) {
S3748,NonBlockingJsonParser.java,1791,int q = (q0 << 8) | i;
S3749,NonBlockingJsonParser.java,1792,i = input[ptr++] & 0xFF;
S3750,NonBlockingJsonParser.java,1793,if (codes[i] == 0) {
S3751,NonBlockingJsonParser.java,1794,q = (q << 8) | i;
S3752,NonBlockingJsonParser.java,1795,i = input[ptr++] & 0xFF;
S3753,NonBlockingJsonParser.java,1796,if (codes[i] == 0) {
S3754,NonBlockingJsonParser.java,1797,q = (q << 8) | i;
S3755,NonBlockingJsonParser.java,1798,i = input[ptr++] & 0xFF;
S3756,NonBlockingJsonParser.java,1799,if (codes[i] == 0) {
S3757,NonBlockingJsonParser.java,1800,_quad1 = q;
S3758,NonBlockingJsonParser.java,1801,"return _parseMediumName(ptr, i);"
S3759,NonBlockingJsonParser.java,1803,if (i == INT_QUOTE) { // 4 byte/char case or broken
S3760,NonBlockingJsonParser.java,1804,_inputPtr = ptr;
S3761,NonBlockingJsonParser.java,1805,"return _findName(q, 4);"
S3762,NonBlockingJsonParser.java,1809,if (i == INT_QUOTE) { // 3 byte/char case or broken
S3763,NonBlockingJsonParser.java,1810,_inputPtr = ptr;
S3764,NonBlockingJsonParser.java,1811,"return _findName(q, 3);"
S3765,NonBlockingJsonParser.java,1815,if (i == INT_QUOTE) { // 2 byte/char case or broken
S3766,NonBlockingJsonParser.java,1816,_inputPtr = ptr;
S3767,NonBlockingJsonParser.java,1817,"return _findName(q, 2);"
S3768,NonBlockingJsonParser.java,1821,if (i == INT_QUOTE) { // one byte/char case or broken
S3769,NonBlockingJsonParser.java,1822,_inputPtr = ptr;
S3770,NonBlockingJsonParser.java,1823,"return _findName(q0, 1);"
S3771,NonBlockingJsonParser.java,1827,if (q0 == INT_QUOTE) {
S3772,NonBlockingJsonParser.java,1828,_inputPtr = ptr;
S3773,NonBlockingJsonParser.java,1829,"return """";"
S3774,NonBlockingJsonParser.java,1831,return null;
S3775,NonBlockingJsonParser.java,1836,final byte[] input = _inputBuffer;
S3776,NonBlockingJsonParser.java,1837,final int[] codes = _icLatin1;
S3777,NonBlockingJsonParser.java,1840,int i = input[ptr++] & 0xFF;
S3778,NonBlockingJsonParser.java,1841,if (codes[i] == 0) {
S3779,NonBlockingJsonParser.java,1842,q2 = (q2 << 8) | i;
S3780,NonBlockingJsonParser.java,1843,i = input[ptr++] & 0xFF;
S3781,NonBlockingJsonParser.java,1844,if (codes[i] == 0) {
S3782,NonBlockingJsonParser.java,1845,q2 = (q2 << 8) | i;
S3783,NonBlockingJsonParser.java,1846,i = input[ptr++] & 0xFF;
S3784,NonBlockingJsonParser.java,1847,if (codes[i] == 0) {
S3785,NonBlockingJsonParser.java,1848,q2 = (q2 << 8) | i;
S3786,NonBlockingJsonParser.java,1849,i = input[ptr++] & 0xFF;
S3787,NonBlockingJsonParser.java,1850,if (codes[i] == 0) {
S3788,NonBlockingJsonParser.java,1851,"return _parseMediumName2(ptr, i, q2);"
S3789,NonBlockingJsonParser.java,1853,if (i == INT_QUOTE) { // 8 bytes
S3790,NonBlockingJsonParser.java,1854,_inputPtr = ptr;
S3791,NonBlockingJsonParser.java,1855,"return _findName(_quad1, q2, 4);"
S3792,NonBlockingJsonParser.java,1859,if (i == INT_QUOTE) { // 7 bytes
S3793,NonBlockingJsonParser.java,1860,_inputPtr = ptr;
S3794,NonBlockingJsonParser.java,1861,"return _findName(_quad1, q2, 3);"
S3795,NonBlockingJsonParser.java,1865,if (i == INT_QUOTE) { // 6 bytes
S3796,NonBlockingJsonParser.java,1866,_inputPtr = ptr;
S3797,NonBlockingJsonParser.java,1867,"return _findName(_quad1, q2, 2);"
S3798,NonBlockingJsonParser.java,1871,if (i == INT_QUOTE) { // 5 bytes
S3799,NonBlockingJsonParser.java,1872,_inputPtr = ptr;
S3800,NonBlockingJsonParser.java,1873,"return _findName(_quad1, q2, 1);"
S3801,NonBlockingJsonParser.java,1880,final byte[] input = _inputBuffer;
S3802,NonBlockingJsonParser.java,1881,final int[] codes = _icLatin1;
S3803,NonBlockingJsonParser.java,1884,int i = input[ptr++] & 0xFF;
S3804,NonBlockingJsonParser.java,1885,if (codes[i] != 0) {
S3805,NonBlockingJsonParser.java,1886,if (i == INT_QUOTE) { // 9 bytes
S3806,NonBlockingJsonParser.java,1887,_inputPtr = ptr;
S3807,NonBlockingJsonParser.java,1888,"return _findName(_quad1, q2, q3, 1);"
S3808,NonBlockingJsonParser.java,1890,return null;
S3809,NonBlockingJsonParser.java,1892,q3 = (q3 << 8) | i;
S3810,NonBlockingJsonParser.java,1893,i = input[ptr++] & 0xFF;
S3811,NonBlockingJsonParser.java,1894,if (codes[i] != 0) {
S3812,NonBlockingJsonParser.java,1895,if (i == INT_QUOTE) { // 10 bytes
S3813,NonBlockingJsonParser.java,1896,_inputPtr = ptr;
S3814,NonBlockingJsonParser.java,1897,"return _findName(_quad1, q2, q3, 2);"
S3815,NonBlockingJsonParser.java,1899,return null;
S3816,NonBlockingJsonParser.java,1901,q3 = (q3 << 8) | i;
S3817,NonBlockingJsonParser.java,1902,i = input[ptr++] & 0xFF;
S3818,NonBlockingJsonParser.java,1903,if (codes[i] != 0) {
S3819,NonBlockingJsonParser.java,1904,if (i == INT_QUOTE) { // 11 bytes
S3820,NonBlockingJsonParser.java,1905,_inputPtr = ptr;
S3821,NonBlockingJsonParser.java,1906,"return _findName(_quad1, q2, q3, 3);"
S3822,NonBlockingJsonParser.java,1910,q3 = (q3 << 8) | i;
S3823,NonBlockingJsonParser.java,1911,i = input[ptr++] & 0xFF;
S3824,NonBlockingJsonParser.java,1912,if (i == INT_QUOTE) { // 12 bytes
S3825,NonBlockingJsonParser.java,1913,_inputPtr = ptr;
S3826,NonBlockingJsonParser.java,1914,"return _findName(_quad1, q2, q3, 4);"
S3827,NonBlockingJsonParser.java,1917,return null;
S3828,NonBlockingJsonParser.java,1933,int[] quads = _quadBuffer;
S3829,NonBlockingJsonParser.java,1934,final int[] codes = _icLatin1;
S3830,NonBlockingJsonParser.java,1937,if (_inputPtr >= _inputEnd) {
S3831,NonBlockingJsonParser.java,1938,_quadLength = qlen;
S3832,NonBlockingJsonParser.java,1939,_pending32 = currQuad;
S3833,NonBlockingJsonParser.java,1940,_pendingBytes = currQuadBytes;
S3834,NonBlockingJsonParser.java,1941,_minorState = MINOR_FIELD_NAME;
S3835,NonBlockingJsonParser.java,1942,return (_currToken = JsonToken.NOT_AVAILABLE);
S3836,NonBlockingJsonParser.java,1944,int ch = _inputBuffer[_inputPtr++] & 0xFF;
S3837,NonBlockingJsonParser.java,1945,if (codes[ch] == 0) {
S3838,NonBlockingJsonParser.java,1946,if (currQuadBytes < 4) {
S3839,NonBlockingJsonParser.java,1947,++currQuadBytes;
S3840,NonBlockingJsonParser.java,1948,currQuad = (currQuad << 8) | ch;
S3841,NonBlockingJsonParser.java,1949,continue;
S3842,NonBlockingJsonParser.java,1951,if (qlen >= quads.length) {
S3843,NonBlockingJsonParser.java,1952,"_quadBuffer = quads = growArrayBy(quads, quads.length);"
S3844,NonBlockingJsonParser.java,1954,quads[qlen++] = currQuad;
S3845,NonBlockingJsonParser.java,1955,currQuad = ch;
S3846,NonBlockingJsonParser.java,1956,currQuadBytes = 1;
S3847,NonBlockingJsonParser.java,1957,continue;
S3848,NonBlockingJsonParser.java,1961,if (ch == INT_QUOTE) { // we are done
S3849,NonBlockingJsonParser.java,1962,break;
S3850,NonBlockingJsonParser.java,1965,if (ch != INT_BACKSLASH) {
S3851,NonBlockingJsonParser.java,1970,ch = _decodeCharEscape();
S3852,NonBlockingJsonParser.java,1971,if (ch < 0) { // method has set up state about escape sequence
S3853,NonBlockingJsonParser.java,1972,_minorState = MINOR_FIELD_NAME_ESCAPE;
S3854,NonBlockingJsonParser.java,1973,_minorStateAfterSplit = MINOR_FIELD_NAME;
S3855,NonBlockingJsonParser.java,1974,_quadLength = qlen;
S3856,NonBlockingJsonParser.java,1975,_pending32 = currQuad;
S3857,NonBlockingJsonParser.java,1976,_pendingBytes = currQuadBytes;
S3858,NonBlockingJsonParser.java,1977,return (_currToken = JsonToken.NOT_AVAILABLE);
S3859,NonBlockingJsonParser.java,1984,if (qlen >= quads.length) {
S3860,NonBlockingJsonParser.java,1987,if (ch > 127) {
S3861,NonBlockingJsonParser.java,1989,if (currQuadBytes >= 4) {
S3862,NonBlockingJsonParser.java,1990,quads[qlen++] = currQuad;
S3863,NonBlockingJsonParser.java,1991,currQuad = 0;
S3864,NonBlockingJsonParser.java,1992,currQuadBytes = 0;
S3865,NonBlockingJsonParser.java,1994,if (ch < 0x800) { // 2-byte
S3866,NonBlockingJsonParser.java,1995,currQuad = (currQuad << 8) | (0xc0 | (ch >> 6));
S3867,NonBlockingJsonParser.java,1996,++currQuadBytes;
S3868,NonBlockingJsonParser.java,1999,currQuad = (currQuad << 8) | (0xe0 | (ch >> 12));
S3869,NonBlockingJsonParser.java,2000,++currQuadBytes;
S3870,NonBlockingJsonParser.java,2002,if (currQuadBytes >= 4) {
S3871,NonBlockingJsonParser.java,2007,currQuad = (currQuad << 8) | (0x80 | ((ch >> 6) & 0x3f));
S3872,NonBlockingJsonParser.java,2008,++currQuadBytes;
S3873,NonBlockingJsonParser.java,2011,ch = 0x80 | (ch & 0x3f);
S3874,NonBlockingJsonParser.java,2013,if (currQuadBytes < 4) {
S3875,NonBlockingJsonParser.java,2014,++currQuadBytes;
S3876,NonBlockingJsonParser.java,2015,currQuad = (currQuad << 8) | ch;
S3877,NonBlockingJsonParser.java,2016,continue;
S3878,NonBlockingJsonParser.java,2018,quads[qlen++] = currQuad;
S3879,NonBlockingJsonParser.java,2019,currQuad = ch;
S3880,NonBlockingJsonParser.java,2020,currQuadBytes = 1;
S3881,NonBlockingJsonParser.java,2023,if (currQuadBytes > 0) {
S3882,NonBlockingJsonParser.java,2024,if (qlen >= quads.length) {
S3883,NonBlockingJsonParser.java,2027,"quads[qlen++] = _padLastQuad(currQuad, currQuadBytes);"
S3884,NonBlockingJsonParser.java,2028,"} else if (qlen == 0) { // rare, but may happen"
S3885,NonBlockingJsonParser.java,2029,"return _fieldComplete("""");"
S3886,NonBlockingJsonParser.java,2031,"String name = _symbols.findName(quads, qlen);"
S3887,NonBlockingJsonParser.java,2032,if (name == null) {
S3888,NonBlockingJsonParser.java,2033,"name = _addName(quads, qlen, currQuadBytes);"
S3889,NonBlockingJsonParser.java,2035,return _fieldComplete(name);
S3890,NonBlockingJsonParser.java,2047,switch (ch) {
S3891,NonBlockingJsonParser.java,2051,if (JsonParser.Feature.ALLOW_YAML_COMMENTS.enabledIn(_features)) {
S3892,NonBlockingJsonParser.java,2052,return _finishHashComment(MINOR_FIELD_LEADING_WS);
S3893,NonBlockingJsonParser.java,2058,if (isEnabled(Feature.ALLOW_SINGLE_QUOTES)) {
S3894,NonBlockingJsonParser.java,2059,"return _finishAposName(0, 0, 0);"
S3895,NonBlockingJsonParser.java,2063,return _closeArrayScope();
S3896,NonBlockingJsonParser.java,2066,if (!isEnabled(Feature.ALLOW_UNQUOTED_FIELD_NAMES)) {
S3897,NonBlockingJsonParser.java,2069,char c = (char) ch;
S3898,NonBlockingJsonParser.java,2070,"_reportUnexpectedChar(c, ""was expecting double-quote to start field name"");"
S3899,NonBlockingJsonParser.java,2074,final int[] codes = CharTypes.getInputCodeUtf8JsNames();
S3900,NonBlockingJsonParser.java,2076,if (codes[ch] != 0) {
S3901,NonBlockingJsonParser.java,2080,"return _finishUnquotedName(0, ch, 1);"
S3902,NonBlockingJsonParser.java,2091,int[] quads = _quadBuffer;
S3903,NonBlockingJsonParser.java,2092,final int[] codes = CharTypes.getInputCodeUtf8JsNames();
S3904,NonBlockingJsonParser.java,2097,if (_inputPtr >= _inputEnd) {
S3905,NonBlockingJsonParser.java,2098,_quadLength = qlen;
S3906,NonBlockingJsonParser.java,2099,_pending32 = currQuad;
S3907,NonBlockingJsonParser.java,2100,_pendingBytes = currQuadBytes;
S3908,NonBlockingJsonParser.java,2101,_minorState = MINOR_FIELD_UNQUOTED_NAME;
S3909,NonBlockingJsonParser.java,2102,return (_currToken = JsonToken.NOT_AVAILABLE);
S3910,NonBlockingJsonParser.java,2104,int ch = _inputBuffer[_inputPtr] & 0xFF;
S3911,NonBlockingJsonParser.java,2105,if (codes[ch] != 0) {
S3912,NonBlockingJsonParser.java,2106,break;
S3913,NonBlockingJsonParser.java,2108,++_inputPtr;
S3914,NonBlockingJsonParser.java,2110,if (currQuadBytes < 4) {
S3915,NonBlockingJsonParser.java,2111,++currQuadBytes;
S3916,NonBlockingJsonParser.java,2112,currQuad = (currQuad << 8) | ch;
S3917,NonBlockingJsonParser.java,2114,if (qlen >= quads.length) {
S3918,NonBlockingJsonParser.java,2117,quads[qlen++] = currQuad;
S3919,NonBlockingJsonParser.java,2118,currQuad = ch;
S3920,NonBlockingJsonParser.java,2119,currQuadBytes = 1;
S3921,NonBlockingJsonParser.java,2123,if (currQuadBytes > 0) {
S3922,NonBlockingJsonParser.java,2124,if (qlen >= quads.length) {
S3923,NonBlockingJsonParser.java,2127,quads[qlen++] = currQuad;
S3924,NonBlockingJsonParser.java,2129,"String name = _symbols.findName(quads, qlen);"
S3925,NonBlockingJsonParser.java,2130,if (name == null) {
S3926,NonBlockingJsonParser.java,2131,"name = _addName(quads, qlen, currQuadBytes);"
S3927,NonBlockingJsonParser.java,2133,return _fieldComplete(name);
S3928,NonBlockingJsonParser.java,2139,int[] quads = _quadBuffer;
S3929,NonBlockingJsonParser.java,2140,final int[] codes = _icLatin1;
S3930,NonBlockingJsonParser.java,2143,if (_inputPtr >= _inputEnd) {
S3931,NonBlockingJsonParser.java,2144,_quadLength = qlen;
S3932,NonBlockingJsonParser.java,2145,_pending32 = currQuad;
S3933,NonBlockingJsonParser.java,2146,_pendingBytes = currQuadBytes;
S3934,NonBlockingJsonParser.java,2147,_minorState = MINOR_FIELD_APOS_NAME;
S3935,NonBlockingJsonParser.java,2148,return (_currToken = JsonToken.NOT_AVAILABLE);
S3936,NonBlockingJsonParser.java,2150,int ch = _inputBuffer[_inputPtr++] & 0xFF;
S3937,NonBlockingJsonParser.java,2151,if (ch == INT_APOS) {
S3938,NonBlockingJsonParser.java,2152,break;
S3939,NonBlockingJsonParser.java,2155,"if (ch != '""' && codes[ch] != 0) {"
S3940,NonBlockingJsonParser.java,2156,if (ch != '\\') {
S3941,NonBlockingJsonParser.java,2161,ch = _decodeCharEscape();
S3942,NonBlockingJsonParser.java,2162,if (ch < 0) { // method has set up state about escape sequence
S3943,NonBlockingJsonParser.java,2163,_minorState = MINOR_FIELD_NAME_ESCAPE;
S3944,NonBlockingJsonParser.java,2164,_minorStateAfterSplit = MINOR_FIELD_APOS_NAME;
S3945,NonBlockingJsonParser.java,2165,_quadLength = qlen;
S3946,NonBlockingJsonParser.java,2166,_pending32 = currQuad;
S3947,NonBlockingJsonParser.java,2167,_pendingBytes = currQuadBytes;
S3948,NonBlockingJsonParser.java,2168,return (_currToken = JsonToken.NOT_AVAILABLE);
S3949,NonBlockingJsonParser.java,2171,if (ch > 127) {
S3950,NonBlockingJsonParser.java,2173,if (currQuadBytes >= 4) {
S3951,NonBlockingJsonParser.java,2174,if (qlen >= quads.length) {
S3952,NonBlockingJsonParser.java,2177,quads[qlen++] = currQuad;
S3953,NonBlockingJsonParser.java,2178,currQuad = 0;
S3954,NonBlockingJsonParser.java,2179,currQuadBytes = 0;
S3955,NonBlockingJsonParser.java,2181,if (ch < 0x800) { // 2-byte
S3956,NonBlockingJsonParser.java,2182,currQuad = (currQuad << 8) | (0xc0 | (ch >> 6));
S3957,NonBlockingJsonParser.java,2183,++currQuadBytes;
S3958,NonBlockingJsonParser.java,2186,currQuad = (currQuad << 8) | (0xe0 | (ch >> 12));
S3959,NonBlockingJsonParser.java,2187,++currQuadBytes;
S3960,NonBlockingJsonParser.java,2189,if (currQuadBytes >= 4) {
S3961,NonBlockingJsonParser.java,2197,currQuad = (currQuad << 8) | (0x80 | ((ch >> 6) & 0x3f));
S3962,NonBlockingJsonParser.java,2198,++currQuadBytes;
S3963,NonBlockingJsonParser.java,2201,ch = 0x80 | (ch & 0x3f);
S3964,NonBlockingJsonParser.java,2205,if (currQuadBytes < 4) {
S3965,NonBlockingJsonParser.java,2206,++currQuadBytes;
S3966,NonBlockingJsonParser.java,2207,currQuad = (currQuad << 8) | ch;
S3967,NonBlockingJsonParser.java,2209,if (qlen >= quads.length) {
S3968,NonBlockingJsonParser.java,2212,quads[qlen++] = currQuad;
S3969,NonBlockingJsonParser.java,2213,currQuad = ch;
S3970,NonBlockingJsonParser.java,2214,currQuadBytes = 1;
S3971,NonBlockingJsonParser.java,2218,if (currQuadBytes > 0) {
S3972,NonBlockingJsonParser.java,2219,if (qlen >= quads.length) {
S3973,NonBlockingJsonParser.java,2222,"quads[qlen++] = _padLastQuad(currQuad, currQuadBytes);"
S3974,NonBlockingJsonParser.java,2223,} else if (qlen == 0) { // rare case but possible
S3975,NonBlockingJsonParser.java,2224,"return _fieldComplete("""");"
S3976,NonBlockingJsonParser.java,2226,"String name = _symbols.findName(quads, qlen);"
S3977,NonBlockingJsonParser.java,2227,if (name == null) {
S3978,NonBlockingJsonParser.java,2228,"name = _addName(quads, qlen, currQuadBytes);"
S3979,NonBlockingJsonParser.java,2230,return _fieldComplete(name);
S3980,NonBlockingJsonParser.java,2236,"int ch = _decodeSplitEscaped(_quoted32, _quotedDigits);"
S3981,NonBlockingJsonParser.java,2237,if (ch < 0) { // ... if possible
S3982,NonBlockingJsonParser.java,2238,_minorState = MINOR_FIELD_NAME_ESCAPE;
S3983,NonBlockingJsonParser.java,2239,return JsonToken.NOT_AVAILABLE;
S3984,NonBlockingJsonParser.java,2241,if (_quadLength >= _quadBuffer.length) {
S3985,NonBlockingJsonParser.java,2244,int currQuad = _pending32;
S3986,NonBlockingJsonParser.java,2245,int currQuadBytes = _pendingBytes;
S3987,NonBlockingJsonParser.java,2246,if (ch > 127) {
S3988,NonBlockingJsonParser.java,2248,if (currQuadBytes >= 4) {
S3989,NonBlockingJsonParser.java,2249,_quadBuffer[_quadLength++] = currQuad;
S3990,NonBlockingJsonParser.java,2250,currQuad = 0;
S3991,NonBlockingJsonParser.java,2251,currQuadBytes = 0;
S3992,NonBlockingJsonParser.java,2253,if (ch < 0x800) { // 2-byte
S3993,NonBlockingJsonParser.java,2254,currQuad = (currQuad << 8) | (0xc0 | (ch >> 6));
S3994,NonBlockingJsonParser.java,2255,++currQuadBytes;
S3995,NonBlockingJsonParser.java,2258,currQuad = (currQuad << 8) | (0xe0 | (ch >> 12));
S3996,NonBlockingJsonParser.java,2260,if (++currQuadBytes >= 4) {
S3997,NonBlockingJsonParser.java,2265,currQuad = (currQuad << 8) | (0x80 | ((ch >> 6) & 0x3f));
S3998,NonBlockingJsonParser.java,2266,++currQuadBytes;
S3999,NonBlockingJsonParser.java,2269,ch = 0x80 | (ch & 0x3f);
S4000,NonBlockingJsonParser.java,2271,if (currQuadBytes < 4) {
S4001,NonBlockingJsonParser.java,2272,++currQuadBytes;
S4002,NonBlockingJsonParser.java,2273,currQuad = (currQuad << 8) | ch;
S4003,NonBlockingJsonParser.java,2275,_quadBuffer[_quadLength++] = currQuad;
S4004,NonBlockingJsonParser.java,2276,currQuad = ch;
S4005,NonBlockingJsonParser.java,2277,currQuadBytes = 1;
S4006,NonBlockingJsonParser.java,2279,if (_minorStateAfterSplit == MINOR_FIELD_APOS_NAME) {
S4007,NonBlockingJsonParser.java,2280,"return _finishAposName(_quadLength, currQuad, currQuadBytes);"
S4008,NonBlockingJsonParser.java,2282,"return _parseEscapedName(_quadLength, currQuad, currQuadBytes);"
S4009,NonBlockingJsonParser.java,2287,if (_inputPtr >= _inputEnd) {
S4010,NonBlockingJsonParser.java,2288,_quoted32 = value;
S4011,NonBlockingJsonParser.java,2289,_quotedDigits = bytesRead;
S4012,NonBlockingJsonParser.java,2290,return -1;
S4013,NonBlockingJsonParser.java,2292,int c = _inputBuffer[_inputPtr++];
S4014,NonBlockingJsonParser.java,2293,if (bytesRead == -1) { // expecting first char after backslash
S4015,NonBlockingJsonParser.java,2294,switch (c) {
S4016,NonBlockingJsonParser.java,2297,return '\b';
S4017,NonBlockingJsonParser.java,2299,return '\t';
S4018,NonBlockingJsonParser.java,2301,return '\n';
S4019,NonBlockingJsonParser.java,2303,return '\f';
S4020,NonBlockingJsonParser.java,2305,return '\r';
S4021,NonBlockingJsonParser.java,2311,return c;
S4022,NonBlockingJsonParser.java,2314,break;
S4023,NonBlockingJsonParser.java,2320,char ch = (char) c;
S4024,NonBlockingJsonParser.java,2321,return _handleUnrecognizedCharacterEscape(ch);
S4025,NonBlockingJsonParser.java,2324,if (_inputPtr >= _inputEnd) {
S4026,NonBlockingJsonParser.java,2325,_quotedDigits = 0;
S4027,NonBlockingJsonParser.java,2326,_quoted32 = 0;
S4028,NonBlockingJsonParser.java,2327,return -1;
S4029,NonBlockingJsonParser.java,2329,c = _inputBuffer[_inputPtr++];
S4030,NonBlockingJsonParser.java,2330,bytesRead = 0;
S4031,NonBlockingJsonParser.java,2332,c &= 0xFF;
S4032,NonBlockingJsonParser.java,2334,int digit = CharTypes.charToHex(c);
S4033,NonBlockingJsonParser.java,2335,if (digit < 0) {
S4034,NonBlockingJsonParser.java,2338,value = (value << 4) | digit;
S4035,NonBlockingJsonParser.java,2339,if (++bytesRead == 4) {
S4036,NonBlockingJsonParser.java,2340,return value;
S4037,NonBlockingJsonParser.java,2342,if (_inputPtr >= _inputEnd) {
S4038,NonBlockingJsonParser.java,2343,_quotedDigits = bytesRead;
S4039,NonBlockingJsonParser.java,2344,_quoted32 = value;
S4040,NonBlockingJsonParser.java,2345,return -1;
S4041,NonBlockingJsonParser.java,2347,c = _inputBuffer[_inputPtr++] & 0xFF;
S4042,NonBlockingJsonParser.java,2359,int ptr = _inputPtr;
S4043,NonBlockingJsonParser.java,2360,int outPtr = 0;
S4044,NonBlockingJsonParser.java,2361,char[] outBuf = _textBuffer.emptyAndGetCurrentSegment();
S4045,NonBlockingJsonParser.java,2362,final int[] codes = _icUTF8;
S4046,NonBlockingJsonParser.java,2364,"final int max = Math.min(_inputEnd, (ptr + outBuf.length));"
S4047,NonBlockingJsonParser.java,2365,final byte[] inputBuffer = _inputBuffer;
S4048,NonBlockingJsonParser.java,2366,while (ptr < max) {
S4049,NonBlockingJsonParser.java,2367,int c = (int) inputBuffer[ptr] & 0xFF;
S4050,NonBlockingJsonParser.java,2368,if (codes[c] != 0) {
S4051,NonBlockingJsonParser.java,2369,if (c == INT_QUOTE) {
S4052,NonBlockingJsonParser.java,2370,_inputPtr = ptr+1;
S4053,NonBlockingJsonParser.java,2371,_textBuffer.setCurrentLength(outPtr);
S4054,NonBlockingJsonParser.java,2372,return _valueComplete(JsonToken.VALUE_STRING);
S4055,NonBlockingJsonParser.java,2376,++ptr;
S4056,NonBlockingJsonParser.java,2377,outBuf[outPtr++] = (char) c;
S4057,NonBlockingJsonParser.java,2379,_textBuffer.setCurrentLength(outPtr);
S4058,NonBlockingJsonParser.java,2380,_inputPtr = ptr;
S4059,NonBlockingJsonParser.java,2381,return _finishRegularString();
S4060,NonBlockingJsonParser.java,2389,final int[] codes = _icUTF8;
S4061,NonBlockingJsonParser.java,2390,final byte[] inputBuffer = _inputBuffer;
S4062,NonBlockingJsonParser.java,2392,char[] outBuf = _textBuffer.getBufferWithoutReset();
S4063,NonBlockingJsonParser.java,2393,int outPtr = _textBuffer.getCurrentSegmentSize();
S4064,NonBlockingJsonParser.java,2394,int ptr = _inputPtr;
S4065,NonBlockingJsonParser.java,2395,final int safeEnd = _inputEnd - 5; // longest escape is 6 chars
S4066,NonBlockingJsonParser.java,2402,if (ptr >= _inputEnd) {
S4067,NonBlockingJsonParser.java,2403,_inputPtr = ptr;
S4068,NonBlockingJsonParser.java,2404,_minorState = MINOR_VALUE_STRING;
S4069,NonBlockingJsonParser.java,2405,_textBuffer.setCurrentLength(outPtr);
S4070,NonBlockingJsonParser.java,2406,return (_currToken = JsonToken.NOT_AVAILABLE);
S4071,NonBlockingJsonParser.java,2408,if (outPtr >= outBuf.length) {
S4072,NonBlockingJsonParser.java,2409,outBuf = _textBuffer.finishCurrentSegment();
S4073,NonBlockingJsonParser.java,2410,outPtr = 0;
S4074,NonBlockingJsonParser.java,2412,"final int max = Math.min(_inputEnd, (ptr + (outBuf.length - outPtr)));"
S4075,NonBlockingJsonParser.java,2413,while (ptr < max) {
S4076,NonBlockingJsonParser.java,2414,c = inputBuffer[ptr++] & 0xFF;
S4077,NonBlockingJsonParser.java,2415,if (codes[c] != 0) {
S4078,NonBlockingJsonParser.java,2416,break ascii_loop;
S4079,NonBlockingJsonParser.java,2418,outBuf[outPtr++] = (char) c;
S4080,NonBlockingJsonParser.java,2422,if (c == INT_QUOTE) {
S4081,NonBlockingJsonParser.java,2423,_inputPtr = ptr;
S4082,NonBlockingJsonParser.java,2424,_textBuffer.setCurrentLength(outPtr);
S4083,NonBlockingJsonParser.java,2425,return _valueComplete(JsonToken.VALUE_STRING);
S4084,NonBlockingJsonParser.java,2428,if (ptr >= safeEnd) {
S4085,NonBlockingJsonParser.java,2429,_inputPtr = ptr;
S4086,NonBlockingJsonParser.java,2430,_textBuffer.setCurrentLength(outPtr);
S4087,NonBlockingJsonParser.java,2431,"if (!_decodeSplitMultiByte(c, codes[c], ptr < _inputEnd)) {"
S4088,NonBlockingJsonParser.java,2432,_minorStateAfterSplit = MINOR_VALUE_STRING;
S4089,NonBlockingJsonParser.java,2433,return (_currToken = JsonToken.NOT_AVAILABLE);
S4090,NonBlockingJsonParser.java,2435,outBuf = _textBuffer.getBufferWithoutReset();
S4091,NonBlockingJsonParser.java,2436,outPtr = _textBuffer.getCurrentSegmentSize();
S4092,NonBlockingJsonParser.java,2437,ptr = _inputPtr;
S4093,NonBlockingJsonParser.java,2438,continue main_loop;
S4094,NonBlockingJsonParser.java,2441,switch (codes[c]) {
S4095,NonBlockingJsonParser.java,2443,_inputPtr = ptr;
S4096,NonBlockingJsonParser.java,2444,c = _decodeFastCharEscape(); // since we know it's not split
S4097,NonBlockingJsonParser.java,2445,ptr = _inputPtr;
S4098,NonBlockingJsonParser.java,2446,break;
S4099,NonBlockingJsonParser.java,2448,"c = _decodeUTF8_2(c, _inputBuffer[ptr++]);"
S4100,NonBlockingJsonParser.java,2449,break;
S4101,NonBlockingJsonParser.java,2451,"c = _decodeUTF8_3(c, _inputBuffer[ptr++], _inputBuffer[ptr++]);"
S4102,NonBlockingJsonParser.java,2452,break;
S4103,NonBlockingJsonParser.java,2454,"c = _decodeUTF8_4(c, _inputBuffer[ptr++], _inputBuffer[ptr++],"
S4104,NonBlockingJsonParser.java,2457,outBuf[outPtr++] = (char) (0xD800 | (c >> 10));
S4105,NonBlockingJsonParser.java,2458,if (outPtr >= outBuf.length) {
S4106,NonBlockingJsonParser.java,2459,outBuf = _textBuffer.finishCurrentSegment();
S4107,NonBlockingJsonParser.java,2460,outPtr = 0;
S4108,NonBlockingJsonParser.java,2462,c = 0xDC00 | (c & 0x3FF);
S4109,NonBlockingJsonParser.java,2464,break;
S4110,NonBlockingJsonParser.java,2475,if (outPtr >= outBuf.length) {
S4111,NonBlockingJsonParser.java,2480,outBuf[outPtr++] = (char) c;
S4112,NonBlockingJsonParser.java,2486,int ptr = _inputPtr;
S4113,NonBlockingJsonParser.java,2487,int outPtr = 0;
S4114,NonBlockingJsonParser.java,2488,char[] outBuf = _textBuffer.emptyAndGetCurrentSegment();
S4115,NonBlockingJsonParser.java,2489,final int[] codes = _icUTF8;
S4116,NonBlockingJsonParser.java,2491,"final int max = Math.min(_inputEnd, (ptr + outBuf.length));"
S4117,NonBlockingJsonParser.java,2492,final byte[] inputBuffer = _inputBuffer;
S4118,NonBlockingJsonParser.java,2493,while (ptr < max) {
S4119,NonBlockingJsonParser.java,2494,int c = (int) inputBuffer[ptr] & 0xFF;
S4120,NonBlockingJsonParser.java,2495,if (c == INT_APOS) {
S4121,NonBlockingJsonParser.java,2496,_inputPtr = ptr+1;
S4122,NonBlockingJsonParser.java,2497,_textBuffer.setCurrentLength(outPtr);
S4123,NonBlockingJsonParser.java,2498,return _valueComplete(JsonToken.VALUE_STRING);
S4124,NonBlockingJsonParser.java,2501,if (codes[c] != 0) {
S4125,NonBlockingJsonParser.java,2502,break;
S4126,NonBlockingJsonParser.java,2504,++ptr;
S4127,NonBlockingJsonParser.java,2505,outBuf[outPtr++] = (char) c;
S4128,NonBlockingJsonParser.java,2507,_textBuffer.setCurrentLength(outPtr);
S4129,NonBlockingJsonParser.java,2508,_inputPtr = ptr;
S4130,NonBlockingJsonParser.java,2509,return _finishAposString();
S4131,NonBlockingJsonParser.java,2515,final int[] codes = _icUTF8;
S4132,NonBlockingJsonParser.java,2516,final byte[] inputBuffer = _inputBuffer;
S4133,NonBlockingJsonParser.java,2518,char[] outBuf = _textBuffer.getBufferWithoutReset();
S4134,NonBlockingJsonParser.java,2519,int outPtr = _textBuffer.getCurrentSegmentSize();
S4135,NonBlockingJsonParser.java,2520,int ptr = _inputPtr;
S4136,NonBlockingJsonParser.java,2521,final int safeEnd = _inputEnd - 5; // longest escape is 6 chars
S4137,NonBlockingJsonParser.java,2527,if (ptr >= _inputEnd) {
S4138,NonBlockingJsonParser.java,2528,_inputPtr = ptr;
S4139,NonBlockingJsonParser.java,2529,_minorState = MINOR_VALUE_APOS_STRING;
S4140,NonBlockingJsonParser.java,2530,_textBuffer.setCurrentLength(outPtr);
S4141,NonBlockingJsonParser.java,2531,return (_currToken = JsonToken.NOT_AVAILABLE);
S4142,NonBlockingJsonParser.java,2533,if (outPtr >= outBuf.length) {
S4143,NonBlockingJsonParser.java,2537,"final int max = Math.min(_inputEnd, (ptr + (outBuf.length - outPtr)));"
S4144,NonBlockingJsonParser.java,2538,while (ptr < max) {
S4145,NonBlockingJsonParser.java,2539,c = inputBuffer[ptr++] & 0xFF;
S4146,NonBlockingJsonParser.java,2540,if ((codes[c] != 0) && (c != INT_QUOTE)) {
S4147,NonBlockingJsonParser.java,2541,break ascii_loop;
S4148,NonBlockingJsonParser.java,2543,if (c == INT_APOS) {
S4149,NonBlockingJsonParser.java,2544,_inputPtr = ptr;
S4150,NonBlockingJsonParser.java,2545,_textBuffer.setCurrentLength(outPtr);
S4151,NonBlockingJsonParser.java,2546,return _valueComplete(JsonToken.VALUE_STRING);
S4152,NonBlockingJsonParser.java,2548,outBuf[outPtr++] = (char) c;
S4153,NonBlockingJsonParser.java,2553,if (ptr >= safeEnd) {
S4154,NonBlockingJsonParser.java,2554,_inputPtr = ptr;
S4155,NonBlockingJsonParser.java,2555,_textBuffer.setCurrentLength(outPtr);
S4156,NonBlockingJsonParser.java,2556,"if (!_decodeSplitMultiByte(c, codes[c], ptr < _inputEnd)) {"
S4157,NonBlockingJsonParser.java,2557,_minorStateAfterSplit = MINOR_VALUE_APOS_STRING;
S4158,NonBlockingJsonParser.java,2558,return (_currToken = JsonToken.NOT_AVAILABLE);
S4159,NonBlockingJsonParser.java,2560,outBuf = _textBuffer.getBufferWithoutReset();
S4160,NonBlockingJsonParser.java,2561,outPtr = _textBuffer.getCurrentSegmentSize();
S4161,NonBlockingJsonParser.java,2562,ptr = _inputPtr;
S4162,NonBlockingJsonParser.java,2563,continue main_loop;
S4163,NonBlockingJsonParser.java,2566,switch (codes[c]) {
S4164,NonBlockingJsonParser.java,2573,"c = _decodeUTF8_2(c, _inputBuffer[ptr++]);"
S4165,NonBlockingJsonParser.java,2574,break;
S4166,NonBlockingJsonParser.java,2576,"c = _decodeUTF8_3(c, _inputBuffer[ptr++], _inputBuffer[ptr++]);"
S4167,NonBlockingJsonParser.java,2577,break;
S4168,NonBlockingJsonParser.java,2600,if (outPtr >= outBuf.length) {
S4169,NonBlockingJsonParser.java,2605,outBuf[outPtr++] = (char) c;
S4170,NonBlockingJsonParser.java,2612,switch (type) {
S4171,NonBlockingJsonParser.java,2614,"c = _decodeSplitEscaped(0, -1);"
S4172,NonBlockingJsonParser.java,2615,if (c < 0) {
S4173,NonBlockingJsonParser.java,2616,_minorState = MINOR_VALUE_STRING_ESCAPE;
S4174,NonBlockingJsonParser.java,2617,return false;
S4175,NonBlockingJsonParser.java,2619,_textBuffer.append((char) c);
S4176,NonBlockingJsonParser.java,2620,return true;
S4177,NonBlockingJsonParser.java,2622,if (gotNext) {
S4178,NonBlockingJsonParser.java,2624,"c = _decodeUTF8_2(c, _inputBuffer[_inputPtr++]);"
S4179,NonBlockingJsonParser.java,2625,_textBuffer.append((char) c);
S4180,NonBlockingJsonParser.java,2626,return true;
S4181,NonBlockingJsonParser.java,2628,_minorState = MINOR_VALUE_STRING_UTF8_2;
S4182,NonBlockingJsonParser.java,2629,_pending32 = c;
S4183,NonBlockingJsonParser.java,2630,return false;
S4184,NonBlockingJsonParser.java,2632,c &= 0x0F;
S4185,NonBlockingJsonParser.java,2633,if (gotNext) {
S4186,NonBlockingJsonParser.java,2634,"return _decodeSplitUTF8_3(c, 1, _inputBuffer[_inputPtr++]);"
S4187,NonBlockingJsonParser.java,2636,_minorState = MINOR_VALUE_STRING_UTF8_3;
S4188,NonBlockingJsonParser.java,2637,_pending32 = c;
S4189,NonBlockingJsonParser.java,2638,_pendingBytes = 1;
S4190,NonBlockingJsonParser.java,2639,return false;
S4191,NonBlockingJsonParser.java,2641,c &= 0x07;
S4192,NonBlockingJsonParser.java,2642,if (gotNext) {
S4193,NonBlockingJsonParser.java,2643,"return _decodeSplitUTF8_4(c, 1, _inputBuffer[_inputPtr++]);"
S4194,NonBlockingJsonParser.java,2645,_pending32 = c;
S4195,NonBlockingJsonParser.java,2646,_pendingBytes = 1;
S4196,NonBlockingJsonParser.java,2647,_minorState = MINOR_VALUE_STRING_UTF8_4;
S4197,NonBlockingJsonParser.java,2648,return false;
S4198,NonBlockingJsonParser.java,2650,if (c < INT_SPACE) {
S4199,NonBlockingJsonParser.java,2652,"_throwUnquotedSpace(c, ""string value"");"
S4200,NonBlockingJsonParser.java,2665,if (prevCount == 1) {
S4201,NonBlockingJsonParser.java,2666,if ((next & 0xC0) != 0x080) {
S4202,NonBlockingJsonParser.java,2669,prev = (prev << 6) | (next & 0x3F);
S4203,NonBlockingJsonParser.java,2670,if (_inputPtr >= _inputEnd) {
S4204,NonBlockingJsonParser.java,2671,_minorState = MINOR_VALUE_STRING_UTF8_3;
S4205,NonBlockingJsonParser.java,2672,_pending32 = prev;
S4206,NonBlockingJsonParser.java,2673,_pendingBytes = 2;
S4207,NonBlockingJsonParser.java,2674,return false;
S4208,NonBlockingJsonParser.java,2676,next = _inputBuffer[_inputPtr++];
S4209,NonBlockingJsonParser.java,2678,if ((next & 0xC0) != 0x080) {
S4210,NonBlockingJsonParser.java,2681,_textBuffer.append((char) ((prev << 6) | (next & 0x3F)));
S4211,NonBlockingJsonParser.java,2682,return true;
S4212,NonBlockingJsonParser.java,2690,if (prevCount == 1) {
S4213,NonBlockingJsonParser.java,2691,if ((next & 0xC0) != 0x080) {
S4214,NonBlockingJsonParser.java,2694,prev = (prev << 6) | (next & 0x3F);
S4215,NonBlockingJsonParser.java,2695,if (_inputPtr >= _inputEnd) {
S4216,NonBlockingJsonParser.java,2696,_minorState = MINOR_VALUE_STRING_UTF8_4;
S4217,NonBlockingJsonParser.java,2697,_pending32 = prev;
S4218,NonBlockingJsonParser.java,2698,_pendingBytes = 2;
S4219,NonBlockingJsonParser.java,2699,return false;
S4220,NonBlockingJsonParser.java,2701,prevCount = 2;
S4221,NonBlockingJsonParser.java,2702,next = _inputBuffer[_inputPtr++];
S4222,NonBlockingJsonParser.java,2704,if (prevCount == 2) {
S4223,NonBlockingJsonParser.java,2705,if ((next & 0xC0) != 0x080) {
S4224,NonBlockingJsonParser.java,2708,prev = (prev << 6) | (next & 0x3F);
S4225,NonBlockingJsonParser.java,2709,if (_inputPtr >= _inputEnd) {
S4226,NonBlockingJsonParser.java,2710,_minorState = MINOR_VALUE_STRING_UTF8_4;
S4227,NonBlockingJsonParser.java,2711,_pending32 = prev;
S4228,NonBlockingJsonParser.java,2712,_pendingBytes = 3;
S4229,NonBlockingJsonParser.java,2713,return false;
S4230,NonBlockingJsonParser.java,2715,next = _inputBuffer[_inputPtr++];
S4231,NonBlockingJsonParser.java,2717,if ((next & 0xC0) != 0x080) {
S4232,NonBlockingJsonParser.java,2720,int c = ((prev << 6) | (next & 0x3F)) - 0x10000;
S4233,NonBlockingJsonParser.java,2722,_textBuffer.append((char) (0xD800 | (c >> 10)));
S4234,NonBlockingJsonParser.java,2723,c = 0xDC00 | (c & 0x3FF);
S4235,NonBlockingJsonParser.java,2725,_textBuffer.append((char) c);
S4236,NonBlockingJsonParser.java,2726,return true;
S4237,NonBlockingJsonParser.java,2737,int left = _inputEnd - _inputPtr;
S4238,NonBlockingJsonParser.java,2738,if (left < 5) { // offline boundary-checking case:
S4239,NonBlockingJsonParser.java,2739,"return _decodeSplitEscaped(0, -1);"
S4240,NonBlockingJsonParser.java,2741,return _decodeFastCharEscape();
S4241,NonBlockingJsonParser.java,2746,int c = (int) _inputBuffer[_inputPtr++];
S4242,NonBlockingJsonParser.java,2747,switch (c) {
S4243,NonBlockingJsonParser.java,2750,return '\b';
S4244,NonBlockingJsonParser.java,2752,return '\t';
S4245,NonBlockingJsonParser.java,2754,return '\n';
S4246,NonBlockingJsonParser.java,2756,return '\f';
S4247,NonBlockingJsonParser.java,2758,return '\r';
S4248,NonBlockingJsonParser.java,2764,return (char) c;
S4249,NonBlockingJsonParser.java,2767,break;
S4250,NonBlockingJsonParser.java,2778,int ch = (int) _inputBuffer[_inputPtr++];
S4251,NonBlockingJsonParser.java,2779,int digit = CharTypes.charToHex(ch);
S4252,NonBlockingJsonParser.java,2780,int result = digit;
S4253,NonBlockingJsonParser.java,2782,if (digit >= 0) {
S4254,NonBlockingJsonParser.java,2783,ch = (int) _inputBuffer[_inputPtr++];
S4255,NonBlockingJsonParser.java,2784,digit = CharTypes.charToHex(ch);
S4256,NonBlockingJsonParser.java,2785,if (digit >= 0) {
S4257,NonBlockingJsonParser.java,2786,result = (result << 4) | digit;
S4258,NonBlockingJsonParser.java,2787,ch = (int) _inputBuffer[_inputPtr++];
S4259,NonBlockingJsonParser.java,2788,digit = CharTypes.charToHex(ch);
S4260,NonBlockingJsonParser.java,2789,if (digit >= 0) {
S4261,NonBlockingJsonParser.java,2790,result = (result << 4) | digit;
S4262,NonBlockingJsonParser.java,2791,ch = (int) _inputBuffer[_inputPtr++];
S4263,NonBlockingJsonParser.java,2792,digit = CharTypes.charToHex(ch);
S4264,NonBlockingJsonParser.java,2793,if (digit >= 0) {
S4265,NonBlockingJsonParser.java,2794,return (result << 4) | digit;
S4266,NonBlockingJsonParser.java,2811,if ((d & 0xC0) != 0x080) {
S4267,NonBlockingJsonParser.java,2814,return ((c & 0x1F) << 6) | (d & 0x3F);
S4268,NonBlockingJsonParser.java,2819,c &= 0x0F;
S4269,NonBlockingJsonParser.java,2820,if ((d & 0xC0) != 0x080) {
S4270,NonBlockingJsonParser.java,2823,c = (c << 6) | (d & 0x3F);
S4271,NonBlockingJsonParser.java,2824,if ((e & 0xC0) != 0x080) {
S4272,NonBlockingJsonParser.java,2827,return (c << 6) | (e & 0x3F);
S4273,NonBlockingJsonParser.java,2834,if ((d & 0xC0) != 0x080) {
S4274,NonBlockingJsonParser.java,2837,c = ((c & 0x07) << 6) | (d & 0x3F);
S4275,NonBlockingJsonParser.java,2838,if ((e & 0xC0) != 0x080) {
S4276,NonBlockingJsonParser.java,2841,c = (c << 6) | (e & 0x3F);
S4277,NonBlockingJsonParser.java,2842,if ((f & 0xC0) != 0x080) {
S4278,NonBlockingJsonParser.java,2845,return ((c << 6) | (f & 0x3F)) - 0x10000;
S4279,NonBlockingJsonParserBase.java,146,protected int[] _quadBuffer = new int[8];
S4280,NonBlockingJsonParserBase.java,191,protected boolean _endOfInput = false;
S4281,NonBlockingJsonParserBase.java,205,protected final static String[] NON_STD_TOKENS = new String[] {
S4282,NonBlockingJsonParserBase.java,210,protected final static double[] NON_STD_TOKEN_VALUES = new double[] {
S4283,NonBlockingJsonParserBase.java,232,protected int _currBufferStart = 0;
S4284,NonBlockingJsonParserBase.java,241,protected int _currInputRowAlt = 1;
S4285,NonBlockingJsonParserBase.java,252,"super(ctxt, parserFeatures);"
S4286,NonBlockingJsonParserBase.java,253,_symbols = sym;
S4287,NonBlockingJsonParserBase.java,254,_currToken = null;
S4288,NonBlockingJsonParserBase.java,255,_majorState = MAJOR_INITIAL;
S4289,NonBlockingJsonParserBase.java,256,_majorStateAfterValue = MAJOR_ROOT;
S4290,NonBlockingJsonParserBase.java,261,return null;
S4291,NonBlockingJsonParserBase.java,273,public boolean canParseAsync() { return true; }
S4292,NonBlockingJsonParserBase.java,282,return _symbols;
S4293,NonBlockingJsonParserBase.java,297,super._releaseBuffers();
S4294,NonBlockingJsonParserBase.java,299,_symbols.release();
S4295,NonBlockingJsonParserBase.java,306,return null;
S4296,NonBlockingJsonParserBase.java,314,_currBufferStart = 0;
S4297,NonBlockingJsonParserBase.java,315,_inputEnd = 0;
S4298,NonBlockingJsonParserBase.java,327,if (_currToken == JsonToken.VALUE_STRING) {
S4299,NonBlockingJsonParserBase.java,329,return _textBuffer.hasTextAsCharacters();
S4300,NonBlockingJsonParserBase.java,331,if (_currToken == JsonToken.FIELD_NAME) {
S4301,NonBlockingJsonParserBase.java,333,return _nameCopied;
S4302,NonBlockingJsonParserBase.java,336,return false;
S4303,NonBlockingJsonParserBase.java,342,int col = _inputPtr - _currInputRowStart + 1; // 1-based
S4304,NonBlockingJsonParserBase.java,344,"int row = Math.max(_currInputRow, _currInputRowAlt);"
S4305,NonBlockingJsonParserBase.java,345,"return new JsonLocation(_getSourceReference(),"
S4306,NonBlockingJsonParserBase.java,353,"return new JsonLocation(_getSourceReference(),"
S4307,NonBlockingJsonParserBase.java,372,if (_currToken == JsonToken.VALUE_STRING) {
S4308,NonBlockingJsonParserBase.java,373,return _textBuffer.contentsAsString();
S4309,NonBlockingJsonParserBase.java,375,return _getText2(_currToken);
S4310,NonBlockingJsonParserBase.java,380,if (t == null) {
S4311,NonBlockingJsonParserBase.java,383,switch (t.id()) {
S4312,NonBlockingJsonParserBase.java,387,return _parsingContext.getCurrentName();
S4313,NonBlockingJsonParserBase.java,392,return _textBuffer.contentsAsString();
S4314,NonBlockingJsonParserBase.java,394,return t.asString();
S4315,NonBlockingJsonParserBase.java,401,JsonToken t = _currToken;
S4316,NonBlockingJsonParserBase.java,402,if (t == JsonToken.VALUE_STRING) {
S4317,NonBlockingJsonParserBase.java,403,return _textBuffer.contentsToWriter(writer);
S4318,NonBlockingJsonParserBase.java,405,if (t == JsonToken.FIELD_NAME) {
S4319,NonBlockingJsonParserBase.java,406,String n = _parsingContext.getCurrentName();
S4320,NonBlockingJsonParserBase.java,407,writer.write(n);
S4321,NonBlockingJsonParserBase.java,408,return n.length();
S4322,NonBlockingJsonParserBase.java,410,if (t != null) {
S4323,NonBlockingJsonParserBase.java,411,if (t.isNumeric()) {
S4324,NonBlockingJsonParserBase.java,412,return _textBuffer.contentsToWriter(writer);
S4325,NonBlockingJsonParserBase.java,455,if (_currToken != null) { // null only before/after document
S4326,NonBlockingJsonParserBase.java,456,switch (_currToken.id()) {
S4327,NonBlockingJsonParserBase.java,459,if (!_nameCopied) {
S4328,NonBlockingJsonParserBase.java,460,String name = _parsingContext.getCurrentName();
S4329,NonBlockingJsonParserBase.java,461,int nameLen = name.length();
S4330,NonBlockingJsonParserBase.java,462,if (_nameCopyBuffer == null) {
S4331,NonBlockingJsonParserBase.java,463,_nameCopyBuffer = _ioContext.allocNameCopyBuffer(nameLen);
S4332,NonBlockingJsonParserBase.java,467,"name.getChars(0, nameLen, _nameCopyBuffer, 0);"
S4333,NonBlockingJsonParserBase.java,468,_nameCopied = true;
S4334,NonBlockingJsonParserBase.java,470,return _nameCopyBuffer;
S4335,NonBlockingJsonParserBase.java,479,return _currToken.asCharArray();
S4336,NonBlockingJsonParserBase.java,488,if (_currToken != null) { // null only before/after document
S4337,NonBlockingJsonParserBase.java,489,switch (_currToken.id()) {
S4338,NonBlockingJsonParserBase.java,492,return _parsingContext.getCurrentName().length();
S4339,NonBlockingJsonParserBase.java,500,return _currToken.asCharArray().length;
S4340,NonBlockingJsonParserBase.java,510,if (_currToken != null) {
S4341,NonBlockingJsonParserBase.java,511,switch (_currToken.id()) {
S4342,NonBlockingJsonParserBase.java,513,return 0;
S4343,NonBlockingJsonParserBase.java,522,return 0;
S4344,NonBlockingJsonParserBase.java,534,if (_currToken != JsonToken.VALUE_STRING) {
S4345,NonBlockingJsonParserBase.java,535,"_reportError(""Current token (%s) not VALUE_STRING or VALUE_EMBEDDED_OBJECT, can not access as binary"","
S4346,NonBlockingJsonParserBase.java,538,if (_binaryValue == null) {
S4347,NonBlockingJsonParserBase.java,540,ByteArrayBuilder builder = _getByteArrayBuilder();
S4348,NonBlockingJsonParserBase.java,541,"_decodeBase64(getText(), builder, b64variant);"
S4349,NonBlockingJsonParserBase.java,542,_binaryValue = builder.toByteArray();
S4350,NonBlockingJsonParserBase.java,544,return _binaryValue;
S4351,NonBlockingJsonParserBase.java,550,byte[] b = getBinaryValue(b64variant);
S4352,NonBlockingJsonParserBase.java,551,out.write(b);
S4353,NonBlockingJsonParserBase.java,552,return b.length;
S4354,NonBlockingJsonParserBase.java,572,"_parsingContext = _parsingContext.createChildArrayContext(-1, -1);"
S4355,NonBlockingJsonParserBase.java,573,_majorState = MAJOR_ARRAY_ELEMENT_FIRST;
S4356,NonBlockingJsonParserBase.java,574,_majorStateAfterValue = MAJOR_ARRAY_ELEMENT_NEXT;
S4357,NonBlockingJsonParserBase.java,575,return (_currToken = JsonToken.START_ARRAY);
S4358,NonBlockingJsonParserBase.java,580,"_parsingContext = _parsingContext.createChildObjectContext(-1, -1);"
S4359,NonBlockingJsonParserBase.java,581,_majorState = MAJOR_OBJECT_FIELD_FIRST;
S4360,NonBlockingJsonParserBase.java,582,_majorStateAfterValue = MAJOR_OBJECT_FIELD_NEXT;
S4361,NonBlockingJsonParserBase.java,583,return (_currToken = JsonToken.START_OBJECT);
S4362,NonBlockingJsonParserBase.java,588,if (!_parsingContext.inArray()) {
S4363,NonBlockingJsonParserBase.java,589,"_reportMismatchedEndMarker(']', '}');"
S4364,NonBlockingJsonParserBase.java,591,JsonReadContext ctxt = _parsingContext.getParent();
S4365,NonBlockingJsonParserBase.java,592,_parsingContext = ctxt;
S4366,NonBlockingJsonParserBase.java,594,if (ctxt.inObject()) {
S4367,NonBlockingJsonParserBase.java,595,st = MAJOR_OBJECT_FIELD_NEXT;
S4368,NonBlockingJsonParserBase.java,596,} else if (ctxt.inArray()) {
S4369,NonBlockingJsonParserBase.java,597,st = MAJOR_ARRAY_ELEMENT_NEXT;
S4370,NonBlockingJsonParserBase.java,599,st = MAJOR_ROOT;
S4371,NonBlockingJsonParserBase.java,601,_majorState = st;
S4372,NonBlockingJsonParserBase.java,602,_majorStateAfterValue = st;
S4373,NonBlockingJsonParserBase.java,603,return (_currToken = JsonToken.END_ARRAY);
S4374,NonBlockingJsonParserBase.java,608,if (!_parsingContext.inObject()) {
S4375,NonBlockingJsonParserBase.java,609,"_reportMismatchedEndMarker('}', ']');"
S4376,NonBlockingJsonParserBase.java,611,JsonReadContext ctxt = _parsingContext.getParent();
S4377,NonBlockingJsonParserBase.java,612,_parsingContext = ctxt;
S4378,NonBlockingJsonParserBase.java,614,if (ctxt.inObject()) {
S4379,NonBlockingJsonParserBase.java,615,st = MAJOR_OBJECT_FIELD_NEXT;
S4380,NonBlockingJsonParserBase.java,616,} else if (ctxt.inArray()) {
S4381,NonBlockingJsonParserBase.java,617,st = MAJOR_ARRAY_ELEMENT_NEXT;
S4382,NonBlockingJsonParserBase.java,619,st = MAJOR_ROOT;
S4383,NonBlockingJsonParserBase.java,621,_majorState = st;
S4384,NonBlockingJsonParserBase.java,622,_majorStateAfterValue = st;
S4385,NonBlockingJsonParserBase.java,623,return (_currToken = JsonToken.END_OBJECT);
S4386,NonBlockingJsonParserBase.java,634,"q1 = _padLastQuad(q1, lastQuadBytes);"
S4387,NonBlockingJsonParserBase.java,636,String name = _symbols.findName(q1);
S4388,NonBlockingJsonParserBase.java,637,if (name != null) {
S4389,NonBlockingJsonParserBase.java,638,return name;
S4390,NonBlockingJsonParserBase.java,641,_quadBuffer[0] = q1;
S4391,NonBlockingJsonParserBase.java,642,"return _addName(_quadBuffer, 1, lastQuadBytes);"
S4392,NonBlockingJsonParserBase.java,647,"q2 = _padLastQuad(q2, lastQuadBytes);"
S4393,NonBlockingJsonParserBase.java,649,"String name = _symbols.findName(q1, q2);"
S4394,NonBlockingJsonParserBase.java,650,if (name != null) {
S4395,NonBlockingJsonParserBase.java,651,return name;
S4396,NonBlockingJsonParserBase.java,654,_quadBuffer[0] = q1;
S4397,NonBlockingJsonParserBase.java,655,_quadBuffer[1] = q2;
S4398,NonBlockingJsonParserBase.java,656,"return _addName(_quadBuffer, 2, lastQuadBytes);"
S4399,NonBlockingJsonParserBase.java,661,"q3 = _padLastQuad(q3, lastQuadBytes);"
S4400,NonBlockingJsonParserBase.java,662,"String name = _symbols.findName(q1, q2, q3);"
S4401,NonBlockingJsonParserBase.java,663,if (name != null) {
S4402,NonBlockingJsonParserBase.java,664,return name;
S4403,NonBlockingJsonParserBase.java,666,int[] quads = _quadBuffer;
S4404,NonBlockingJsonParserBase.java,667,quads[0] = q1;
S4405,NonBlockingJsonParserBase.java,668,quads[1] = q2;
S4406,NonBlockingJsonParserBase.java,669,"quads[2] = _padLastQuad(q3, lastQuadBytes);"
S4407,NonBlockingJsonParserBase.java,670,"return _addName(quads, 3, lastQuadBytes);"
S4408,NonBlockingJsonParserBase.java,686,int byteLen = (qlen << 2) - 4 + lastQuadBytes;
S4409,NonBlockingJsonParserBase.java,695,if (lastQuadBytes < 4) {
S4410,NonBlockingJsonParserBase.java,696,lastQuad = quads[qlen-1];
S4411,NonBlockingJsonParserBase.java,698,quads[qlen-1] = (lastQuad << ((4 - lastQuadBytes) << 3));
S4412,NonBlockingJsonParserBase.java,700,lastQuad = 0;
S4413,NonBlockingJsonParserBase.java,704,char[] cbuf = _textBuffer.emptyAndGetCurrentSegment();
S4414,NonBlockingJsonParserBase.java,705,int cix = 0;
S4415,NonBlockingJsonParserBase.java,707,for (int ix = 0; ix < byteLen; ) {
S4416,NonBlockingJsonParserBase.java,708,"int ch = quads[ix >> 2]; // current quad, need to shift+mask"
S4417,NonBlockingJsonParserBase.java,709,int byteIx = (ix & 3);
S4418,NonBlockingJsonParserBase.java,710,ch = (ch >> ((3 - byteIx) << 3)) & 0xFF;
S4419,NonBlockingJsonParserBase.java,711,++ix;
S4420,NonBlockingJsonParserBase.java,713,if (ch > 127) { // multi-byte
S4421,NonBlockingJsonParserBase.java,715,if ((ch & 0xE0) == 0xC0) { // 2 bytes (0x0080 - 0x07FF)
S4422,NonBlockingJsonParserBase.java,716,ch &= 0x1F;
S4423,NonBlockingJsonParserBase.java,717,needed = 1;
S4424,NonBlockingJsonParserBase.java,718,} else if ((ch & 0xF0) == 0xE0) { // 3 bytes (0x0800 - 0xFFFF)
S4425,NonBlockingJsonParserBase.java,719,ch &= 0x0F;
S4426,NonBlockingJsonParserBase.java,720,needed = 2;
S4427,NonBlockingJsonParserBase.java,721,} else if ((ch & 0xF8) == 0xF0) { // 4 bytes; double-char with surrogates and all...
S4428,NonBlockingJsonParserBase.java,722,ch &= 0x07;
S4429,NonBlockingJsonParserBase.java,723,needed = 3;
S4430,NonBlockingJsonParserBase.java,728,if ((ix + needed) > byteLen) {
S4431,NonBlockingJsonParserBase.java,733,"int ch2 = quads[ix >> 2]; // current quad, need to shift+mask"
S4432,NonBlockingJsonParserBase.java,734,byteIx = (ix & 3);
S4433,NonBlockingJsonParserBase.java,735,ch2 = (ch2 >> ((3 - byteIx) << 3));
S4434,NonBlockingJsonParserBase.java,736,++ix;
S4435,NonBlockingJsonParserBase.java,738,if ((ch2 & 0xC0) != 0x080) {
S4436,NonBlockingJsonParserBase.java,741,ch = (ch << 6) | (ch2 & 0x3F);
S4437,NonBlockingJsonParserBase.java,742,if (needed > 1) {
S4438,NonBlockingJsonParserBase.java,743,ch2 = quads[ix >> 2];
S4439,NonBlockingJsonParserBase.java,744,byteIx = (ix & 3);
S4440,NonBlockingJsonParserBase.java,745,ch2 = (ch2 >> ((3 - byteIx) << 3));
S4441,NonBlockingJsonParserBase.java,746,++ix;
S4442,NonBlockingJsonParserBase.java,748,if ((ch2 & 0xC0) != 0x080) {
S4443,NonBlockingJsonParserBase.java,751,ch = (ch << 6) | (ch2 & 0x3F);
S4444,NonBlockingJsonParserBase.java,752,if (needed > 2) { // 4 bytes? (need surrogates on output)
S4445,NonBlockingJsonParserBase.java,753,ch2 = quads[ix >> 2];
S4446,NonBlockingJsonParserBase.java,754,byteIx = (ix & 3);
S4447,NonBlockingJsonParserBase.java,755,ch2 = (ch2 >> ((3 - byteIx) << 3));
S4448,NonBlockingJsonParserBase.java,756,++ix;
S4449,NonBlockingJsonParserBase.java,757,if ((ch2 & 0xC0) != 0x080) {
S4450,NonBlockingJsonParserBase.java,760,ch = (ch << 6) | (ch2 & 0x3F);
S4451,NonBlockingJsonParserBase.java,763,"if (needed > 2) { // surrogate pair? once again, let's output one here, one later on"
S4452,NonBlockingJsonParserBase.java,764,ch -= 0x10000; // to normalize it starting with 0x0
S4453,NonBlockingJsonParserBase.java,765,if (cix >= cbuf.length) {
S4454,NonBlockingJsonParserBase.java,766,cbuf = _textBuffer.expandCurrentSegment();
S4455,NonBlockingJsonParserBase.java,768,cbuf[cix++] = (char) (0xD800 + (ch >> 10));
S4456,NonBlockingJsonParserBase.java,769,ch = 0xDC00 | (ch & 0x03FF);
S4457,NonBlockingJsonParserBase.java,772,if (cix >= cbuf.length) {
S4458,NonBlockingJsonParserBase.java,773,cbuf = _textBuffer.expandCurrentSegment();
S4459,NonBlockingJsonParserBase.java,775,cbuf[cix++] = (char) ch;
S4460,NonBlockingJsonParserBase.java,779,"String baseName = new String(cbuf, 0, cix);"
S4461,NonBlockingJsonParserBase.java,781,if (lastQuadBytes < 4) {
S4462,NonBlockingJsonParserBase.java,782,quads[qlen-1] = lastQuad;
S4463,NonBlockingJsonParserBase.java,784,"return _symbols.addName(baseName, quads, qlen);"
S4464,NonBlockingJsonParserBase.java,791,return (bytes == 4) ? q : (q | (-1 << (bytes << 3)));
S4465,NonBlockingJsonParserBase.java,805,_majorState = MAJOR_CLOSED;
S4466,NonBlockingJsonParserBase.java,806,if (!_parsingContext.inRoot()) {
S4467,NonBlockingJsonParserBase.java,809,close();
S4468,NonBlockingJsonParserBase.java,810,return (_currToken = null);
S4469,NonBlockingJsonParserBase.java,815,_majorState = MAJOR_OBJECT_VALUE;
S4470,NonBlockingJsonParserBase.java,816,_parsingContext.setCurrentName(name);
S4471,NonBlockingJsonParserBase.java,817,return (_currToken = JsonToken.FIELD_NAME);
S4472,NonBlockingJsonParserBase.java,822,_majorState = _majorStateAfterValue;
S4473,NonBlockingJsonParserBase.java,823,_currToken = t;
S4474,NonBlockingJsonParserBase.java,824,return t;
S4475,NonBlockingJsonParserBase.java,829,_textBuffer.resetWithString(asText);
S4476,NonBlockingJsonParserBase.java,830,_intLength = asText.length();
S4477,NonBlockingJsonParserBase.java,831,_numTypesValid = NR_INT; // to force parsing
S4478,NonBlockingJsonParserBase.java,832,_numberInt = value;
S4479,NonBlockingJsonParserBase.java,833,_majorState = _majorStateAfterValue;
S4480,NonBlockingJsonParserBase.java,834,JsonToken t = JsonToken.VALUE_NUMBER_INT;
S4481,NonBlockingJsonParserBase.java,835,_currToken = t;
S4482,NonBlockingJsonParserBase.java,836,return t;
S4483,NonBlockingJsonParserBase.java,841,String tokenStr = NON_STD_TOKENS[type];
S4484,NonBlockingJsonParserBase.java,842,_textBuffer.resetWithString(tokenStr);
S4485,NonBlockingJsonParserBase.java,843,if (!isEnabled(Feature.ALLOW_NON_NUMERIC_NUMBERS)) {
S4486,NonBlockingJsonParserBase.java,844,"_reportError(""Non-standard token '%s': enable JsonParser.Feature.ALLOW_NON_NUMERIC_NUMBERS to allow"","
S4487,NonBlockingJsonParserBase.java,847,_intLength = 0;
S4488,NonBlockingJsonParserBase.java,848,_numTypesValid = NR_DOUBLE;
S4489,NonBlockingJsonParserBase.java,849,_numberDouble = NON_STD_TOKEN_VALUES[type];
S4490,NonBlockingJsonParserBase.java,850,_majorState = _majorStateAfterValue;
S4491,NonBlockingJsonParserBase.java,851,return (_currToken = JsonToken.VALUE_NUMBER_FLOAT);
S4492,NonBlockingJsonParserBase.java,855,return NON_STD_TOKENS[type];
S4493,NonBlockingJsonParserBase.java,866,"_tokenInputRow = Math.max(_currInputRow, _currInputRowAlt);"
S4494,NonBlockingJsonParserBase.java,867,final int ptr = _inputPtr;
S4495,NonBlockingJsonParserBase.java,868,_tokenInputCol = ptr - _currInputRowStart;
S4496,NonBlockingJsonParserBase.java,869,_tokenInputTotal = _currInputProcessed + (ptr - _currBufferStart);
S4497,NumberInput.java,18,final static String MIN_LONG_STR_NO_SIGN = String.valueOf(Long.MIN_VALUE).substring(1);
S4498,NumberInput.java,19,final static String MAX_LONG_STR = String.valueOf(Long.MAX_VALUE);
S4499,NumberInput.java,30,int num = ch[off] - '0';
S4500,NumberInput.java,32,if (len > 4) {
S4501,NumberInput.java,33,num = (num * 10) + (ch[++off] - '0');
S4502,NumberInput.java,34,num = (num * 10) + (ch[++off] - '0');
S4503,NumberInput.java,35,num = (num * 10) + (ch[++off] - '0');
S4504,NumberInput.java,36,num = (num * 10) + (ch[++off] - '0');
S4505,NumberInput.java,37,len -= 4;
S4506,NumberInput.java,38,if (len > 4) {
S4507,NumberInput.java,39,num = (num * 10) + (ch[++off] - '0');
S4508,NumberInput.java,40,num = (num * 10) + (ch[++off] - '0');
S4509,NumberInput.java,41,num = (num * 10) + (ch[++off] - '0');
S4510,NumberInput.java,42,num = (num * 10) + (ch[++off] - '0');
S4511,NumberInput.java,43,return num;
S4512,NumberInput.java,46,if (len > 1) {
S4513,NumberInput.java,47,num = (num * 10) + (ch[++off] - '0');
S4514,NumberInput.java,48,if (len > 2) {
S4515,NumberInput.java,49,num = (num * 10) + (ch[++off] - '0');
S4516,NumberInput.java,50,if (len > 3) {
S4517,NumberInput.java,51,num = (num * 10) + (ch[++off] - '0');
S4518,NumberInput.java,55,return num;
S4519,NumberInput.java,68,char c = s.charAt(0);
S4520,NumberInput.java,69,int len = s.length();
S4521,NumberInput.java,70,boolean neg = (c == '-');
S4522,NumberInput.java,71,int offset = 1;
S4523,NumberInput.java,74,if (neg) {
S4524,NumberInput.java,75,if (len == 1 || len > 10) {
S4525,NumberInput.java,76,return Integer.parseInt(s);
S4526,NumberInput.java,78,c = s.charAt(offset++);
S4527,NumberInput.java,80,if (len > 9) {
S4528,NumberInput.java,81,return Integer.parseInt(s);
S4529,NumberInput.java,84,if (c > '9' || c < '0') {
S4530,NumberInput.java,87,int num = c - '0';
S4531,NumberInput.java,88,if (offset < len) {
S4532,NumberInput.java,89,c = s.charAt(offset++);
S4533,NumberInput.java,90,if (c > '9' || c < '0') {
S4534,NumberInput.java,93,num = (num * 10) + (c - '0');
S4535,NumberInput.java,94,if (offset < len) {
S4536,NumberInput.java,95,c = s.charAt(offset++);
S4537,NumberInput.java,96,if (c > '9' || c < '0') {
S4538,NumberInput.java,99,num = (num * 10) + (c - '0');
S4539,NumberInput.java,101,if (offset < len) {
S4540,NumberInput.java,103,c = s.charAt(offset++);
S4541,NumberInput.java,104,if (c > '9' || c < '0') {
S4542,NumberInput.java,107,num = (num * 10) + (c - '0');
S4543,NumberInput.java,108,} while (offset < len);
S4544,NumberInput.java,112,return neg ? -num : num;
S4545,NumberInput.java,118,int len1 = len-9;
S4546,NumberInput.java,119,"long val = parseInt(ch, off, len1) * L_BILLION;"
S4547,NumberInput.java,120,"return val + (long) parseInt(ch, off+len1, 9);"
S4548,NumberInput.java,128,int length = s.length();
S4549,NumberInput.java,129,if (length <= 9) {
S4550,NumberInput.java,133,return Long.parseLong(s);
S4551,NumberInput.java,148,String cmpStr = negative ? MIN_LONG_STR_NO_SIGN : MAX_LONG_STR;
S4552,NumberInput.java,149,int cmpLen = cmpStr.length();
S4553,NumberInput.java,150,if (len < cmpLen) return true;
S4554,NumberInput.java,151,if (len > cmpLen) return false;
S4555,NumberInput.java,153,for (int i = 0; i < cmpLen; ++i) {
S4556,NumberInput.java,154,int diff = ch[off+i] - cmpStr.charAt(i);
S4557,NumberInput.java,155,if (diff != 0) {
S4558,NumberInput.java,156,return (diff < 0);
S4559,NumberInput.java,159,return true;
S4560,NumberInput.java,171,String cmp = negative ? MIN_LONG_STR_NO_SIGN : MAX_LONG_STR;
S4561,NumberInput.java,172,int cmpLen = cmp.length();
S4562,NumberInput.java,173,int alen = s.length();
S4563,NumberInput.java,174,if (alen < cmpLen) return true;
S4564,NumberInput.java,175,if (alen > cmpLen) return false;
S4565,NumberInput.java,178,for (int i = 0; i < cmpLen; ++i) {
S4566,NumberInput.java,179,int diff = s.charAt(i) - cmp.charAt(i);
S4567,NumberInput.java,180,if (diff != 0) {
S4568,NumberInput.java,181,return (diff < 0);
S4569,NumberInput.java,184,return true;
S4570,NumberInput.java,227,if (s == null) {
S4571,NumberInput.java,230,s = s.trim();
S4572,NumberInput.java,231,int len = s.length();
S4573,NumberInput.java,232,if (len == 0) {
S4574,NumberInput.java,236,int i = 0;
S4575,NumberInput.java,237,if (i < len) { // skip leading sign:
S4576,NumberInput.java,238,char c = s.charAt(0);
S4577,NumberInput.java,239,"if (c == '+') { // for plus, actually physically remove"
S4578,NumberInput.java,242,"} else if (c == '-') { // minus, just skip for checks, must retain"
S4579,NumberInput.java,243,++i;
S4580,NumberInput.java,246,for (; i < len; ++i) {
S4581,NumberInput.java,247,char c = s.charAt(i);
S4582,NumberInput.java,249,if (c > '9' || c < '0') {
S4583,NumberInput.java,251,return (long) parseDouble(s);
S4584,NumberInput.java,252,} catch (NumberFormatException e) {
S4585,NumberInput.java,253,return def;
S4586,NumberInput.java,258,return Long.parseLong(s);
S4587,NumberInput.java,265,if (s == null) { return def; }
S4588,NumberInput.java,266,s = s.trim();
S4589,NumberInput.java,267,int len = s.length();
S4590,NumberInput.java,268,if (len == 0) {
S4591,NumberInput.java,272,return parseDouble(s);
S4592,NumberInput.java,273,} catch (NumberFormatException e) { }
S4593,NumberInput.java,274,return def;
S4594,NumberInput.java,282,if (NASTY_SMALL_DOUBLE.equals(s)) {
S4595,NumberInput.java,285,return Double.parseDouble(s);
S4596,NumberInput.java,289,try { return new BigDecimal(s); } catch (NumberFormatException e) {
S4597,NumberInput.java,290,throw _badBD(s);
S4598,NumberInput.java,295,"return parseBigDecimal(b, 0, b.length);"
S4599,NumberInput.java,299,"try { return new BigDecimal(b, off, len); } catch (NumberFormatException e) {"
S4600,NumberInput.java,300,"throw _badBD(new String(b, off, len));"
S4601,NumberInput.java,305,"return new NumberFormatException(""Value \""""+s+""\"" can not be represented as BigDecimal"");"
S4602,NumberOutput.java,5,private static int MILLION = 1000000;
S4603,NumberOutput.java,6,private static int BILLION = 1000000000;
S4604,NumberOutput.java,7,private static long BILLION_L = 1000000000L;
S4605,NumberOutput.java,9,private static long MIN_INT_AS_LONG = (long) Integer.MIN_VALUE;
S4606,NumberOutput.java,10,private static long MAX_INT_AS_LONG = (long) Integer.MAX_VALUE;
S4607,NumberOutput.java,12,final static String SMALLEST_INT = String.valueOf(Integer.MIN_VALUE);
S4608,NumberOutput.java,13,final static String SMALLEST_LONG = String.valueOf(Long.MIN_VALUE);
S4609,NumberOutput.java,21,private final static int[] TRIPLET_TO_CHARS = new int[1000];
S4610,NumberOutput.java,27,int fullIx = 0;
S4611,NumberOutput.java,28,for (int i1 = 0; i1 < 10; ++i1) {
S4612,NumberOutput.java,29,for (int i2 = 0; i2 < 10; ++i2) {
S4613,NumberOutput.java,30,for (int i3 = 0; i3 < 10; ++i3) {
S4614,NumberOutput.java,31,int enc = ((i1 + '0') << 16)
S4615,NumberOutput.java,34,TRIPLET_TO_CHARS[fullIx++] = enc;
S4616,NumberOutput.java,40,private final static String[] sSmallIntStrs = new String[] {
S4617,NumberOutput.java,43,private final static String[] sSmallIntStrs2 = new String[] {
S4618,NumberOutput.java,58,if (v < 0) {
S4619,NumberOutput.java,59,if (v == Integer.MIN_VALUE) {
S4620,NumberOutput.java,62,"return _outputSmallestI(b, off);"
S4621,NumberOutput.java,64,b[off++] = '-';
S4622,NumberOutput.java,65,v = -v;
S4623,NumberOutput.java,68,if (v < MILLION) { // at most 2 triplets...
S4624,NumberOutput.java,69,if (v < 1000) {
S4625,NumberOutput.java,70,if (v < 10) {
S4626,NumberOutput.java,71,b[off] = (char) ('0' + v);
S4627,NumberOutput.java,72,return off+1;
S4628,NumberOutput.java,74,"return _leading3(v, b, off);"
S4629,NumberOutput.java,76,int thousands = v / 1000;
S4630,NumberOutput.java,77,v -= (thousands * 1000); // == value % 1000
S4631,NumberOutput.java,78,"off = _leading3(thousands, b, off);"
S4632,NumberOutput.java,79,"off = _full3(v, b, off);"
S4633,NumberOutput.java,80,return off;
S4634,NumberOutput.java,88,if (v >= BILLION) {
S4635,NumberOutput.java,89,v -= BILLION;
S4636,NumberOutput.java,90,if (v >= BILLION) {
S4637,NumberOutput.java,91,v -= BILLION;
S4638,NumberOutput.java,92,b[off++] = '2';
S4639,NumberOutput.java,94,b[off++] = '1';
S4640,NumberOutput.java,96,"return _outputFullBillion(v, b, off);"
S4641,NumberOutput.java,98,int newValue = v / 1000;
S4642,NumberOutput.java,99,int ones = (v - (newValue * 1000)); // == value % 1000
S4643,NumberOutput.java,100,v = newValue;
S4644,NumberOutput.java,101,newValue /= 1000;
S4645,NumberOutput.java,102,int thousands = (v - (newValue * 1000));
S4646,NumberOutput.java,104,"off = _leading3(newValue, b, off);"
S4647,NumberOutput.java,105,"off = _full3(thousands, b, off);"
S4648,NumberOutput.java,106,"return _full3(ones, b, off);"
S4649,NumberOutput.java,111,if (v < 0) {
S4650,NumberOutput.java,112,if (v == Integer.MIN_VALUE) {
S4651,NumberOutput.java,113,"return _outputSmallestI(b, off);"
S4652,NumberOutput.java,115,b[off++] = '-';
S4653,NumberOutput.java,116,v = -v;
S4654,NumberOutput.java,119,if (v < MILLION) { // at most 2 triplets...
S4655,NumberOutput.java,120,if (v < 1000) {
S4656,NumberOutput.java,121,if (v < 10) {
S4657,NumberOutput.java,122,b[off++] = (byte) ('0' + v);
S4658,NumberOutput.java,124,"off = _leading3(v, b, off);"
S4659,NumberOutput.java,127,int thousands = v / 1000;
S4660,NumberOutput.java,128,v -= (thousands * 1000); // == value % 1000
S4661,NumberOutput.java,129,"off = _leading3(thousands, b, off);"
S4662,NumberOutput.java,130,"off = _full3(v, b, off);"
S4663,NumberOutput.java,132,return off;
S4664,NumberOutput.java,134,if (v >= BILLION) {
S4665,NumberOutput.java,135,v -= BILLION;
S4666,NumberOutput.java,136,if (v >= BILLION) {
S4667,NumberOutput.java,137,v -= BILLION;
S4668,NumberOutput.java,138,b[off++] = '2';
S4669,NumberOutput.java,140,b[off++] = '1';
S4670,NumberOutput.java,142,"return _outputFullBillion(v, b, off);"
S4671,NumberOutput.java,144,int newValue = v / 1000;
S4672,NumberOutput.java,145,int ones = (v - (newValue * 1000)); // == value % 1000
S4673,NumberOutput.java,146,v = newValue;
S4674,NumberOutput.java,147,newValue /= 1000;
S4675,NumberOutput.java,148,int thousands = (v - (newValue * 1000));
S4676,NumberOutput.java,149,"off = _leading3(newValue, b, off);"
S4677,NumberOutput.java,150,"off = _full3(thousands, b, off);"
S4678,NumberOutput.java,151,"return _full3(ones, b, off);"
S4679,NumberOutput.java,160,if (v < 0L) {
S4680,NumberOutput.java,161,if (v > MIN_INT_AS_LONG) {
S4681,NumberOutput.java,162,"return outputInt((int) v, b, off);"
S4682,NumberOutput.java,164,if (v == Long.MIN_VALUE) {
S4683,NumberOutput.java,165,"return _outputSmallestL(b, off);"
S4684,NumberOutput.java,167,b[off++] = '-';
S4685,NumberOutput.java,168,v = -v;
S4686,NumberOutput.java,170,if (v <= MAX_INT_AS_LONG) {
S4687,NumberOutput.java,171,"return outputInt((int) v, b, off);"
S4688,NumberOutput.java,176,long upper = v / BILLION_L;
S4689,NumberOutput.java,177,v -= (upper * BILLION_L);
S4690,NumberOutput.java,180,if (upper < BILLION_L) {
S4691,NumberOutput.java,181,"off = _outputUptoBillion((int) upper, b, off);"
S4692,NumberOutput.java,184,long hi = upper / BILLION_L;
S4693,NumberOutput.java,185,upper -= (hi * BILLION_L);
S4694,NumberOutput.java,186,"off = _leading3((int) hi, b, off);"
S4695,NumberOutput.java,187,"off = _outputFullBillion((int) upper, b, off);"
S4696,NumberOutput.java,189,"return _outputFullBillion((int) v, b, off);"
S4697,NumberOutput.java,194,if (v < 0L) {
S4698,NumberOutput.java,195,if (v > MIN_INT_AS_LONG) {
S4699,NumberOutput.java,196,"return outputInt((int) v, b, off);"
S4700,NumberOutput.java,198,if (v == Long.MIN_VALUE) {
S4701,NumberOutput.java,199,"return _outputSmallestL(b, off);"
S4702,NumberOutput.java,201,b[off++] = '-';
S4703,NumberOutput.java,202,v = -v;
S4704,NumberOutput.java,204,if (v <= MAX_INT_AS_LONG) {
S4705,NumberOutput.java,205,"return outputInt((int) v, b, off);"
S4706,NumberOutput.java,210,long upper = v / BILLION_L;
S4707,NumberOutput.java,211,v -= (upper * BILLION_L);
S4708,NumberOutput.java,214,if (upper < BILLION_L) {
S4709,NumberOutput.java,215,"off = _outputUptoBillion((int) upper, b, off);"
S4710,NumberOutput.java,218,long hi = upper / BILLION_L;
S4711,NumberOutput.java,219,upper -= (hi * BILLION_L);
S4712,NumberOutput.java,220,"off = _leading3((int) hi, b, off);"
S4713,NumberOutput.java,221,"off = _outputFullBillion((int) upper, b, off);"
S4714,NumberOutput.java,223,"return _outputFullBillion((int) v, b, off);"
S4715,NumberOutput.java,238,if (v < sSmallIntStrs.length) {
S4716,NumberOutput.java,239,if (v >= 0) {
S4717,NumberOutput.java,240,return sSmallIntStrs[v];
S4718,NumberOutput.java,242,int v2 = -v - 1;
S4719,NumberOutput.java,243,if (v2 < sSmallIntStrs2.length) {
S4720,NumberOutput.java,244,return sSmallIntStrs2[v2];
S4721,NumberOutput.java,247,return Integer.toString(v);
S4722,NumberOutput.java,251,if (v <= Integer.MAX_VALUE && v >= Integer.MIN_VALUE) {
S4723,NumberOutput.java,252,return toString((int) v);
S4724,NumberOutput.java,254,return Long.toString(v);
S4725,NumberOutput.java,276,if (v < MILLION) { // at most 2 triplets...
S4726,NumberOutput.java,277,if (v < 1000) {
S4727,NumberOutput.java,278,"return _leading3(v, b, off);"
S4728,NumberOutput.java,280,int thousands = v / 1000;
S4729,NumberOutput.java,281,int ones = v - (thousands * 1000); // == value % 1000
S4730,NumberOutput.java,282,"return _outputUptoMillion(b, off, thousands, ones);"
S4731,NumberOutput.java,284,int thousands = v / 1000;
S4732,NumberOutput.java,285,int ones = (v - (thousands * 1000)); // == value % 1000
S4733,NumberOutput.java,286,int millions = thousands / 1000;
S4734,NumberOutput.java,287,thousands -= (millions * 1000);
S4735,NumberOutput.java,289,"off = _leading3(millions, b, off);"
S4736,NumberOutput.java,291,int enc = TRIPLET_TO_CHARS[thousands];
S4737,NumberOutput.java,292,b[off++] = (char) (enc >> 16);
S4738,NumberOutput.java,293,b[off++] = (char) ((enc >> 8) & 0x7F);
S4739,NumberOutput.java,294,b[off++] = (char) (enc & 0x7F);
S4740,NumberOutput.java,296,enc = TRIPLET_TO_CHARS[ones];
S4741,NumberOutput.java,297,b[off++] = (char) (enc >> 16);
S4742,NumberOutput.java,298,b[off++] = (char) ((enc >> 8) & 0x7F);
S4743,NumberOutput.java,299,b[off++] = (char) (enc & 0x7F);
S4744,NumberOutput.java,301,return off;
S4745,NumberOutput.java,306,int thousands = v / 1000;
S4746,NumberOutput.java,307,int ones = (v - (thousands * 1000)); // == value % 1000
S4747,NumberOutput.java,308,int millions = thousands / 1000;
S4748,NumberOutput.java,310,int enc = TRIPLET_TO_CHARS[millions];
S4749,NumberOutput.java,311,b[off++] = (char) (enc >> 16);
S4750,NumberOutput.java,312,b[off++] = (char) ((enc >> 8) & 0x7F);
S4751,NumberOutput.java,313,b[off++] = (char) (enc & 0x7F);
S4752,NumberOutput.java,315,thousands -= (millions * 1000);
S4753,NumberOutput.java,316,enc = TRIPLET_TO_CHARS[thousands];
S4754,NumberOutput.java,317,b[off++] = (char) (enc >> 16);
S4755,NumberOutput.java,318,b[off++] = (char) ((enc >> 8) & 0x7F);
S4756,NumberOutput.java,319,b[off++] = (char) (enc & 0x7F);
S4757,NumberOutput.java,321,enc = TRIPLET_TO_CHARS[ones];
S4758,NumberOutput.java,322,b[off++] = (char) (enc >> 16);
S4759,NumberOutput.java,323,b[off++] = (char) ((enc >> 8) & 0x7F);
S4760,NumberOutput.java,324,b[off++] = (char) (enc & 0x7F);
S4761,NumberOutput.java,326,return off;
S4762,NumberOutput.java,331,if (v < MILLION) { // at most 2 triplets...
S4763,NumberOutput.java,332,if (v < 1000) {
S4764,NumberOutput.java,333,"return _leading3(v, b, off);"
S4765,NumberOutput.java,335,int thousands = v / 1000;
S4766,NumberOutput.java,336,int ones = v - (thousands * 1000); // == value % 1000
S4767,NumberOutput.java,337,"return _outputUptoMillion(b, off, thousands, ones);"
S4768,NumberOutput.java,339,int thousands = v / 1000;
S4769,NumberOutput.java,340,int ones = (v - (thousands * 1000)); // == value % 1000
S4770,NumberOutput.java,341,int millions = thousands / 1000;
S4771,NumberOutput.java,342,thousands -= (millions * 1000);
S4772,NumberOutput.java,344,"off = _leading3(millions, b, off);"
S4773,NumberOutput.java,346,int enc = TRIPLET_TO_CHARS[thousands];
S4774,NumberOutput.java,347,b[off++] = (byte) (enc >> 16);
S4775,NumberOutput.java,348,b[off++] = (byte) (enc >> 8);
S4776,NumberOutput.java,349,b[off++] = (byte) enc;
S4777,NumberOutput.java,351,enc = TRIPLET_TO_CHARS[ones];
S4778,NumberOutput.java,352,b[off++] = (byte) (enc >> 16);
S4779,NumberOutput.java,353,b[off++] = (byte) (enc >> 8);
S4780,NumberOutput.java,354,b[off++] = (byte) enc;
S4781,NumberOutput.java,356,return off;
S4782,NumberOutput.java,361,int thousands = v / 1000;
S4783,NumberOutput.java,362,int ones = (v - (thousands * 1000)); // == value % 1000
S4784,NumberOutput.java,363,int millions = thousands / 1000;
S4785,NumberOutput.java,364,thousands -= (millions * 1000);
S4786,NumberOutput.java,366,int enc = TRIPLET_TO_CHARS[millions];
S4787,NumberOutput.java,367,b[off++] = (byte) (enc >> 16);
S4788,NumberOutput.java,368,b[off++] = (byte) (enc >> 8);
S4789,NumberOutput.java,369,b[off++] = (byte) enc;
S4790,NumberOutput.java,371,enc = TRIPLET_TO_CHARS[thousands];
S4791,NumberOutput.java,372,b[off++] = (byte) (enc >> 16);
S4792,NumberOutput.java,373,b[off++] = (byte) (enc >> 8);
S4793,NumberOutput.java,374,b[off++] = (byte) enc;
S4794,NumberOutput.java,376,enc = TRIPLET_TO_CHARS[ones];
S4795,NumberOutput.java,377,b[off++] = (byte) (enc >> 16);
S4796,NumberOutput.java,378,b[off++] = (byte) (enc >> 8);
S4797,NumberOutput.java,379,b[off++] = (byte) enc;
S4798,NumberOutput.java,381,return off;
S4799,NumberOutput.java,386,int enc = TRIPLET_TO_CHARS[thousands];
S4800,NumberOutput.java,387,if (thousands > 9) {
S4801,NumberOutput.java,388,if (thousands > 99) {
S4802,NumberOutput.java,389,b[off++] = (char) (enc >> 16);
S4803,NumberOutput.java,391,b[off++] = (char) ((enc >> 8) & 0x7F);
S4804,NumberOutput.java,393,b[off++] = (char) (enc & 0x7F);
S4805,NumberOutput.java,395,enc = TRIPLET_TO_CHARS[ones];
S4806,NumberOutput.java,396,b[off++] = (char) (enc >> 16);
S4807,NumberOutput.java,397,b[off++] = (char) ((enc >> 8) & 0x7F);
S4808,NumberOutput.java,398,b[off++] = (char) (enc & 0x7F);
S4809,NumberOutput.java,399,return off;
S4810,NumberOutput.java,404,int enc = TRIPLET_TO_CHARS[thousands];
S4811,NumberOutput.java,405,if (thousands > 9) {
S4812,NumberOutput.java,406,if (thousands > 99) {
S4813,NumberOutput.java,407,b[off++] = (byte) (enc >> 16);
S4814,NumberOutput.java,409,b[off++] = (byte) (enc >> 8);
S4815,NumberOutput.java,411,b[off++] = (byte) enc;
S4816,NumberOutput.java,413,enc = TRIPLET_TO_CHARS[ones];
S4817,NumberOutput.java,414,b[off++] = (byte) (enc >> 16);
S4818,NumberOutput.java,415,b[off++] = (byte) (enc >> 8);
S4819,NumberOutput.java,416,b[off++] = (byte) enc;
S4820,NumberOutput.java,417,return off;
S4821,NumberOutput.java,422,int enc = TRIPLET_TO_CHARS[t];
S4822,NumberOutput.java,423,if (t > 9) {
S4823,NumberOutput.java,424,if (t > 99) {
S4824,NumberOutput.java,425,b[off++] = (char) (enc >> 16);
S4825,NumberOutput.java,427,b[off++] = (char) ((enc >> 8) & 0x7F);
S4826,NumberOutput.java,429,b[off++] = (char) (enc & 0x7F);
S4827,NumberOutput.java,430,return off;
S4828,NumberOutput.java,435,int enc = TRIPLET_TO_CHARS[t];
S4829,NumberOutput.java,436,if (t > 9) {
S4830,NumberOutput.java,437,if (t > 99) {
S4831,NumberOutput.java,438,b[off++] = (byte) (enc >> 16);
S4832,NumberOutput.java,440,b[off++] = (byte) (enc >> 8);
S4833,NumberOutput.java,442,b[off++] = (byte) enc;
S4834,NumberOutput.java,443,return off;
S4835,NumberOutput.java,448,int enc = TRIPLET_TO_CHARS[t];
S4836,NumberOutput.java,449,b[off++] = (char) (enc >> 16);
S4837,NumberOutput.java,450,b[off++] = (char) ((enc >> 8) & 0x7F);
S4838,NumberOutput.java,451,b[off++] = (char) (enc & 0x7F);
S4839,NumberOutput.java,452,return off;
S4840,NumberOutput.java,457,int enc = TRIPLET_TO_CHARS[t];
S4841,NumberOutput.java,458,b[off++] = (byte) (enc >> 16);
S4842,NumberOutput.java,459,b[off++] = (byte) (enc >> 8);
S4843,NumberOutput.java,460,b[off++] = (byte) enc;
S4844,NumberOutput.java,461,return off;
S4845,NumberOutput.java,468,int len = SMALLEST_LONG.length();
S4846,NumberOutput.java,469,"SMALLEST_LONG.getChars(0, len, b, off);"
S4847,NumberOutput.java,470,return (off + len);
S4848,NumberOutput.java,475,int len = SMALLEST_LONG.length();
S4849,NumberOutput.java,476,for (int i = 0; i < len; ++i) {
S4850,NumberOutput.java,477,b[off++] = (byte) SMALLEST_LONG.charAt(i);
S4851,NumberOutput.java,479,return off;
S4852,NumberOutput.java,484,int len = SMALLEST_INT.length();
S4853,NumberOutput.java,485,"SMALLEST_INT.getChars(0, len, b, off);"
S4854,NumberOutput.java,486,return (off + len);
S4855,NumberOutput.java,491,int len = SMALLEST_INT.length();
S4856,NumberOutput.java,492,for (int i = 0; i < len; ++i) {
S4857,NumberOutput.java,493,b[off++] = (byte) SMALLEST_INT.charAt(i);
S4858,NumberOutput.java,495,return off;
S4859,ObjectCodec.java,27,protected ObjectCodec() { }
S4860,OutputDecorator.java,12,public abstract class OutputDecorator implements java.io.Serializable // since 2.1
S4861,PackageVersion.java,12,public final class PackageVersion implements Versioned {
S4862,PackageVersion.java,13,public final static Version VERSION = VersionUtil.parseVersion(
S4863,PackageVersion.java,18,return VERSION;
S4864,ParserBase.java,22,public abstract class ParserBase extends ParserMinimalBase
S4865,ParserBase.java,77,protected int _currInputRow = 1;
S4866,ParserBase.java,106,protected int _tokenInputRow = 1;
S4867,ParserBase.java,181,protected int _numTypesValid = NR_UNKNOWN;
S4868,ParserBase.java,232,super(features);
S4869,ParserBase.java,233,_ioContext = ctxt;
S4870,ParserBase.java,234,_textBuffer = ctxt.constructTextBuffer();
S4871,ParserBase.java,235,DupDetector dups = Feature.STRICT_DUPLICATE_DETECTION.enabledIn(features)
S4872,ParserBase.java,237,_parsingContext = JsonReadContext.createRootContext(dups);
S4873,ParserBase.java,240,@Override public Version version() { return PackageVersion.VERSION; }
S4874,ParserBase.java,244,return _parsingContext.getCurrentValue();
S4875,ParserBase.java,249,_parsingContext.setCurrentValue(v);
S4876,ParserBase.java,260,_features |= f.getMask();
S4877,ParserBase.java,261,if (f == Feature.STRICT_DUPLICATE_DETECTION) { // enabling dup detection?
S4878,ParserBase.java,262,if (_parsingContext.getDupDetector() == null) { // but only if disabled currently
S4879,ParserBase.java,263,_parsingContext = _parsingContext.withDupDetector(DupDetector.rootDetector(this));
S4880,ParserBase.java,266,return this;
S4881,ParserBase.java,271,_features &= ~f.getMask();
S4882,ParserBase.java,272,if (f == Feature.STRICT_DUPLICATE_DETECTION) {
S4883,ParserBase.java,275,return this;
S4884,ParserBase.java,337,if (_currToken == JsonToken.START_OBJECT || _currToken == JsonToken.START_ARRAY) {
S4885,ParserBase.java,338,JsonReadContext parent = _parsingContext.getParent();
S4886,ParserBase.java,339,if (parent != null) {
S4887,ParserBase.java,340,return parent.getCurrentName();
S4888,ParserBase.java,343,return _parsingContext.getCurrentName();
S4889,ParserBase.java,348,JsonReadContext ctxt = _parsingContext;
S4890,ParserBase.java,349,if (_currToken == JsonToken.START_OBJECT || _currToken == JsonToken.START_ARRAY) {
S4891,ParserBase.java,350,ctxt = ctxt.getParent();
S4892,ParserBase.java,356,ctxt.setCurrentName(name);
S4893,ParserBase.java,363,if (!_closed) {
S4894,ParserBase.java,365,"_inputPtr = Math.max(_inputPtr, _inputEnd);"
S4895,ParserBase.java,366,_closed = true;
S4896,ParserBase.java,368,_closeInput();
S4897,ParserBase.java,372,_releaseBuffers();
S4898,ParserBase.java,377,@Override public boolean isClosed() { return _closed; }
S4899,ParserBase.java,378,@Override public JsonReadContext getParsingContext() { return _parsingContext; }
S4900,ParserBase.java,413,if (_currToken == JsonToken.VALUE_STRING) { return true; } // usually true
S4901,ParserBase.java,468,_textBuffer.releaseBuffers();
S4902,ParserBase.java,469,char[] buf = _nameCopyBuffer;
S4903,ParserBase.java,470,if (buf != null) {
S4904,ParserBase.java,471,_nameCopyBuffer = null;
S4905,ParserBase.java,472,_ioContext.releaseNameCopyBuffer(buf);
S4906,ParserBase.java,483,if (!_parsingContext.inRoot()) {
S4907,ParserBase.java,484,"String marker = _parsingContext.inArray() ? ""Array"" : ""Object"";"
S4908,ParserBase.java,485,_reportInvalidEOF(String.format(
S4909,ParserBase.java,497,_handleEOF();
S4910,ParserBase.java,498,return -1;
S4911,ParserBase.java,509,if (_byteArrayBuilder == null) {
S4912,ParserBase.java,510,_byteArrayBuilder = new ByteArrayBuilder();
S4913,ParserBase.java,512,_byteArrayBuilder.reset();
S4914,ParserBase.java,514,return _byteArrayBuilder;
S4915,ParserBase.java,527,if (fractLen < 1 && expLen < 1) { // integer
S4916,ParserBase.java,528,"return resetInt(negative, intLen);"
S4917,ParserBase.java,530,"return resetFloat(negative, intLen, fractLen, expLen);"
S4918,ParserBase.java,535,_numberNegative = negative;
S4919,ParserBase.java,536,_intLength = intLen;
S4920,ParserBase.java,537,_fractLength = 0;
S4921,ParserBase.java,538,_expLength = 0;
S4922,ParserBase.java,539,_numTypesValid = NR_UNKNOWN; // to force parsing
S4923,ParserBase.java,540,return JsonToken.VALUE_NUMBER_INT;
S4924,ParserBase.java,545,_numberNegative = negative;
S4925,ParserBase.java,546,_intLength = intLen;
S4926,ParserBase.java,547,_fractLength = fractLen;
S4927,ParserBase.java,548,_expLength = expLen;
S4928,ParserBase.java,549,_numTypesValid = NR_UNKNOWN; // to force parsing
S4929,ParserBase.java,550,return JsonToken.VALUE_NUMBER_FLOAT;
S4930,ParserBase.java,555,_textBuffer.resetWithString(valueStr);
S4931,ParserBase.java,556,_numberDouble = value;
S4932,ParserBase.java,557,_numTypesValid = NR_DOUBLE;
S4933,ParserBase.java,558,return JsonToken.VALUE_NUMBER_FLOAT;
S4934,ParserBase.java,563,if (_currToken == JsonToken.VALUE_NUMBER_FLOAT) {
S4935,ParserBase.java,564,if ((_numTypesValid & NR_DOUBLE) != 0) {
S4936,ParserBase.java,566,double d = _numberDouble;
S4937,ParserBase.java,567,return Double.isNaN(d) || Double.isInfinite(d);
S4938,ParserBase.java,582,if (_numTypesValid == NR_UNKNOWN) {
S4939,ParserBase.java,583,_parseNumericValue(NR_UNKNOWN); // will also check event type
S4940,ParserBase.java,586,if (_currToken == JsonToken.VALUE_NUMBER_INT) {
S4941,ParserBase.java,587,if ((_numTypesValid & NR_INT) != 0) {
S4942,ParserBase.java,588,return _numberInt;
S4943,ParserBase.java,590,if ((_numTypesValid & NR_LONG) != 0) {
S4944,ParserBase.java,591,return _numberLong;
S4945,ParserBase.java,593,if ((_numTypesValid & NR_BIGINT) != 0) {
S4946,ParserBase.java,594,return _numberBigInt;
S4947,ParserBase.java,615,if (_numTypesValid == NR_UNKNOWN) {
S4948,ParserBase.java,616,_parseNumericValue(NR_UNKNOWN); // will also check event type
S4949,ParserBase.java,618,if (_currToken == JsonToken.VALUE_NUMBER_INT) {
S4950,ParserBase.java,619,if ((_numTypesValid & NR_INT) != 0) {
S4951,ParserBase.java,620,return NumberType.INT;
S4952,ParserBase.java,622,if ((_numTypesValid & NR_LONG) != 0) {
S4953,ParserBase.java,623,return NumberType.LONG;
S4954,ParserBase.java,625,return NumberType.BIG_INTEGER;
S4955,ParserBase.java,634,if ((_numTypesValid & NR_BIGDECIMAL) != 0) {
S4956,ParserBase.java,635,return NumberType.BIG_DECIMAL;
S4957,ParserBase.java,637,return NumberType.DOUBLE;
S4958,ParserBase.java,643,if ((_numTypesValid & NR_INT) == 0) {
S4959,ParserBase.java,644,if (_numTypesValid == NR_UNKNOWN) { // not parsed at all
S4960,ParserBase.java,645,return _parseIntValue();
S4961,ParserBase.java,647,if ((_numTypesValid & NR_INT) == 0) { // wasn't an int natively?
S4962,ParserBase.java,648,"convertNumberToInt(); // let's make it so, if possible"
S4963,ParserBase.java,651,return _numberInt;
S4964,ParserBase.java,657,if ((_numTypesValid & NR_LONG) == 0) {
S4965,ParserBase.java,658,if (_numTypesValid == NR_UNKNOWN) {
S4966,ParserBase.java,659,_parseNumericValue(NR_LONG);
S4967,ParserBase.java,661,if ((_numTypesValid & NR_LONG) == 0) {
S4968,ParserBase.java,662,convertNumberToLong();
S4969,ParserBase.java,665,return _numberLong;
S4970,ParserBase.java,671,if ((_numTypesValid & NR_BIGINT) == 0) {
S4971,ParserBase.java,672,if (_numTypesValid == NR_UNKNOWN) {
S4972,ParserBase.java,673,_parseNumericValue(NR_BIGINT);
S4973,ParserBase.java,675,if ((_numTypesValid & NR_BIGINT) == 0) {
S4974,ParserBase.java,676,convertNumberToBigInteger();
S4975,ParserBase.java,679,return _numberBigInt;
S4976,ParserBase.java,685,double value = getDoubleValue();
S4977,ParserBase.java,694,return (float) value;
S4978,ParserBase.java,700,if ((_numTypesValid & NR_DOUBLE) == 0) {
S4979,ParserBase.java,701,if (_numTypesValid == NR_UNKNOWN) {
S4980,ParserBase.java,702,_parseNumericValue(NR_DOUBLE);
S4981,ParserBase.java,704,if ((_numTypesValid & NR_DOUBLE) == 0) {
S4982,ParserBase.java,705,convertNumberToDouble();
S4983,ParserBase.java,708,return _numberDouble;
S4984,ParserBase.java,714,if ((_numTypesValid & NR_BIGDECIMAL) == 0) {
S4985,ParserBase.java,715,if (_numTypesValid == NR_UNKNOWN) {
S4986,ParserBase.java,716,_parseNumericValue(NR_BIGDECIMAL);
S4987,ParserBase.java,718,if ((_numTypesValid & NR_BIGDECIMAL) == 0) {
S4988,ParserBase.java,719,convertNumberToBigDecimal();
S4989,ParserBase.java,722,return _numberBigDecimal;
S4990,ParserBase.java,743,if (_currToken == JsonToken.VALUE_NUMBER_INT) {
S4991,ParserBase.java,744,int len = _intLength;
S4992,ParserBase.java,746,if (len <= 9) {
S4993,ParserBase.java,747,int i = _textBuffer.contentsAsInt(_numberNegative);
S4994,ParserBase.java,748,_numberInt = i;
S4995,ParserBase.java,749,_numTypesValid = NR_INT;
S4996,ParserBase.java,750,return;
S4997,ParserBase.java,752,if (len <= 18) { // definitely fits AND is easy to parse using 2 int parse calls
S4998,ParserBase.java,753,long l = _textBuffer.contentsAsLong(_numberNegative);
S4999,ParserBase.java,755,if (len == 10) {
S5000,ParserBase.java,756,if (_numberNegative) {
S5001,ParserBase.java,757,if (l >= MIN_INT_L) {
S5002,ParserBase.java,758,_numberInt = (int) l;
S5003,ParserBase.java,759,_numTypesValid = NR_INT;
S5004,ParserBase.java,760,return;
S5005,ParserBase.java,763,if (l <= MAX_INT_L) {
S5006,ParserBase.java,764,_numberInt = (int) l;
S5007,ParserBase.java,765,_numTypesValid = NR_INT;
S5008,ParserBase.java,766,return;
S5009,ParserBase.java,770,_numberLong = l;
S5010,ParserBase.java,771,_numTypesValid = NR_LONG;
S5011,ParserBase.java,772,return;
S5012,ParserBase.java,774,_parseSlowInt(expType);
S5013,ParserBase.java,775,return;
S5014,ParserBase.java,777,if (_currToken == JsonToken.VALUE_NUMBER_FLOAT) {
S5015,ParserBase.java,778,_parseSlowFloat(expType);
S5016,ParserBase.java,779,return;
S5017,ParserBase.java,781,"_reportError(""Current token (%s) not numeric, can not use numeric value accessors"", _currToken);"
S5018,ParserBase.java,790,if (_currToken == JsonToken.VALUE_NUMBER_INT) {
S5019,ParserBase.java,791,if (_intLength <= 9) {
S5020,ParserBase.java,792,int i = _textBuffer.contentsAsInt(_numberNegative);
S5021,ParserBase.java,793,_numberInt = i;
S5022,ParserBase.java,794,_numTypesValid = NR_INT;
S5023,ParserBase.java,795,return i;
S5024,ParserBase.java,799,_parseNumericValue(NR_INT);
S5025,ParserBase.java,800,if ((_numTypesValid & NR_INT) == 0) {
S5026,ParserBase.java,801,convertNumberToInt();
S5027,ParserBase.java,803,return _numberInt;
S5028,ParserBase.java,816,if (expType == NR_BIGDECIMAL) {
S5029,ParserBase.java,817,_numberBigDecimal = _textBuffer.contentsAsDecimal();
S5030,ParserBase.java,818,_numTypesValid = NR_BIGDECIMAL;
S5031,ParserBase.java,821,_numberDouble = _textBuffer.contentsAsDouble();
S5032,ParserBase.java,822,_numTypesValid = NR_DOUBLE;
S5033,ParserBase.java,832,String numStr = _textBuffer.contentsAsString();
S5034,ParserBase.java,834,int len = _intLength;
S5035,ParserBase.java,835,char[] buf = _textBuffer.getTextBuffer();
S5036,ParserBase.java,836,int offset = _textBuffer.getTextOffset();
S5037,ParserBase.java,837,if (_numberNegative) {
S5038,ParserBase.java,838,++offset;
S5039,ParserBase.java,841,"if (NumberInput.inLongRange(buf, offset, len, _numberNegative)) {"
S5040,ParserBase.java,843,_numberLong = Long.parseLong(numStr);
S5041,ParserBase.java,844,_numTypesValid = NR_LONG;
S5042,ParserBase.java,847,if ((expType == NR_INT) || (expType == NR_LONG)) {
S5043,ParserBase.java,848,"_reportTooLongInt(expType, numStr);"
S5044,ParserBase.java,850,if ((expType == NR_DOUBLE) || (expType == NR_FLOAT)) {
S5045,ParserBase.java,851,_numberDouble = NumberInput.parseDouble(numStr);
S5046,ParserBase.java,852,_numTypesValid = NR_DOUBLE;
S5047,ParserBase.java,855,_numberBigInt = new BigInteger(numStr);
S5048,ParserBase.java,856,_numTypesValid = NR_BIGINT;
S5049,ParserBase.java,868,final String numDesc = _longIntegerDesc(rawNum);
S5050,ParserBase.java,869,"_reportError(""Numeric value (%s) out of range of %s"", numDesc,"
S5051,ParserBase.java,882,if ((_numTypesValid & NR_LONG) != 0) {
S5052,ParserBase.java,884,int result = (int) _numberLong;
S5053,ParserBase.java,885,if (((long) result) != _numberLong) {
S5054,ParserBase.java,886,"_reportError(""Numeric value (""+getText()+"") out of range of int"");"
S5055,ParserBase.java,895,} else if ((_numTypesValid & NR_DOUBLE) != 0) {
S5056,ParserBase.java,897,if (_numberDouble < MIN_INT_D || _numberDouble > MAX_INT_D) {
S5057,ParserBase.java,898,reportOverflowInt();
S5058,ParserBase.java,900,_numberInt = (int) _numberDouble;
S5059,ParserBase.java,910,_numTypesValid |= NR_INT;
S5060,ParserBase.java,915,if ((_numTypesValid & NR_INT) != 0) {
S5061,ParserBase.java,916,_numberLong = (long) _numberInt;
S5062,ParserBase.java,917,} else if ((_numTypesValid & NR_BIGINT) != 0) {
S5063,ParserBase.java,918,if (BI_MIN_LONG.compareTo(_numberBigInt) > 0
S5064,ParserBase.java,920,reportOverflowLong();
S5065,ParserBase.java,923,} else if ((_numTypesValid & NR_DOUBLE) != 0) {
S5066,ParserBase.java,925,if (_numberDouble < MIN_LONG_D || _numberDouble > MAX_LONG_D) {
S5067,ParserBase.java,928,_numberLong = (long) _numberDouble;
S5068,ParserBase.java,938,_numTypesValid |= NR_LONG;
S5069,ParserBase.java,943,if ((_numTypesValid & NR_BIGDECIMAL) != 0) {
S5070,ParserBase.java,945,_numberBigInt = _numberBigDecimal.toBigInteger();
S5071,ParserBase.java,946,} else if ((_numTypesValid & NR_LONG) != 0) {
S5072,ParserBase.java,947,_numberBigInt = BigInteger.valueOf(_numberLong);
S5073,ParserBase.java,948,} else if ((_numTypesValid & NR_INT) != 0) {
S5074,ParserBase.java,949,_numberBigInt = BigInteger.valueOf(_numberInt);
S5075,ParserBase.java,950,} else if ((_numTypesValid & NR_DOUBLE) != 0) {
S5076,ParserBase.java,951,_numberBigInt = BigDecimal.valueOf(_numberDouble).toBigInteger();
S5077,ParserBase.java,955,_numTypesValid |= NR_BIGINT;
S5078,ParserBase.java,966,if ((_numTypesValid & NR_BIGDECIMAL) != 0) {
S5079,ParserBase.java,967,_numberDouble = _numberBigDecimal.doubleValue();
S5080,ParserBase.java,968,} else if ((_numTypesValid & NR_BIGINT) != 0) {
S5081,ParserBase.java,969,_numberDouble = _numberBigInt.doubleValue();
S5082,ParserBase.java,970,} else if ((_numTypesValid & NR_LONG) != 0) {
S5083,ParserBase.java,971,_numberDouble = (double) _numberLong;
S5084,ParserBase.java,972,} else if ((_numTypesValid & NR_INT) != 0) {
S5085,ParserBase.java,973,_numberDouble = (double) _numberInt;
S5086,ParserBase.java,977,_numTypesValid |= NR_DOUBLE;
S5087,ParserBase.java,988,if ((_numTypesValid & NR_DOUBLE) != 0) {
S5088,ParserBase.java,992,_numberBigDecimal = NumberInput.parseBigDecimal(getText());
S5089,ParserBase.java,993,} else if ((_numTypesValid & NR_BIGINT) != 0) {
S5090,ParserBase.java,994,_numberBigDecimal = new BigDecimal(_numberBigInt);
S5091,ParserBase.java,995,} else if ((_numTypesValid & NR_LONG) != 0) {
S5092,ParserBase.java,996,_numberBigDecimal = BigDecimal.valueOf(_numberLong);
S5093,ParserBase.java,997,} else if ((_numTypesValid & NR_INT) != 0) {
S5094,ParserBase.java,998,_numberBigDecimal = BigDecimal.valueOf(_numberInt);
S5095,ParserBase.java,1002,_numTypesValid |= NR_BIGDECIMAL;
S5096,ParserBase.java,1012,JsonReadContext ctxt = getParsingContext();
S5097,ParserBase.java,1013,_reportError(String.format(
S5098,ParserBase.java,1036,if (ch != '\\') {
S5099,ParserBase.java,1037,"throw reportInvalidBase64Char(b64variant, ch, index);"
S5100,ParserBase.java,1039,int unescaped = _decodeEscaped();
S5101,ParserBase.java,1041,if (unescaped <= INT_SPACE) {
S5102,ParserBase.java,1042,if (index == 0) { // whitespace only allowed to be skipped between triplets
S5103,ParserBase.java,1043,return -1;
S5104,ParserBase.java,1047,int bits = b64variant.decodeBase64Char(unescaped);
S5105,ParserBase.java,1048,if (bits < 0) {
S5106,ParserBase.java,1049,if (bits != Base64Variant.BASE64_VALUE_PADDING) {
S5107,ParserBase.java,1053,return bits;
S5108,ParserBase.java,1058,if (ch != '\\') {
S5109,ParserBase.java,1059,"throw reportInvalidBase64Char(b64variant, ch, index);"
S5110,ParserBase.java,1061,char unescaped = _decodeEscaped();
S5111,ParserBase.java,1063,if (unescaped <= INT_SPACE) {
S5112,ParserBase.java,1064,if (index == 0) { // whitespace only allowed to be skipped between triplets
S5113,ParserBase.java,1065,return -1;
S5114,ParserBase.java,1069,int bits = b64variant.decodeBase64Char(unescaped);
S5115,ParserBase.java,1070,if (bits < 0) {
S5116,ParserBase.java,1072,if ((bits != Base64Variant.BASE64_VALUE_PADDING) || (index < 2)) {
S5117,ParserBase.java,1076,return bits;
S5118,ParserBase.java,1080,"return reportInvalidBase64Char(b64variant, ch, bindex, null);"
S5119,ParserBase.java,1089,if (ch <= INT_SPACE) {
S5120,ParserBase.java,1090,"base = String.format(""Illegal white space character (code 0x%s) as character #%d of 4-char base64 unit: can only used between units"","
S5121,ParserBase.java,1092,} else if (b64variant.usesPaddingChar(ch)) {
S5122,ParserBase.java,1093,"base = ""Unexpected padding character ('""+b64variant.getPaddingChar()+""') as character #""+(bindex+1)+"" of 4-char base64 unit: padding only legal as 3rd or 4th character"";"
S5123,ParserBase.java,1094,} else if (!Character.isDefined(ch) || Character.isISOControl(ch)) {
S5124,ParserBase.java,1098,"base = ""Illegal character '""+((char)ch)+""' (code 0x""+Integer.toHexString(ch)+"") in base64 content"";"
S5125,ParserBase.java,1100,if (msg != null) {
S5126,ParserBase.java,1103,return new IllegalArgumentException(base);
S5127,ParserBase.java,1109,_reportError(b64variant.missingPaddingMessage());
S5128,ParserBase.java,1125,if (JsonParser.Feature.INCLUDE_SOURCE_IN_LOCATION.enabledIn(_features)) {
S5129,ParserBase.java,1126,return _ioContext.getSourceReference();
S5130,ParserBase.java,1128,return null;
S5131,ParserBase.java,1133,if (arr == null) {
S5132,ParserBase.java,1136,"return Arrays.copyOf(arr, arr.length + more);"
S5133,ParserMinimalBase.java,62,protected final static byte[] NO_BYTES = new byte[0];
S5134,ParserMinimalBase.java,67,protected final static int[] NO_INTS = new int[0];
S5135,ParserMinimalBase.java,97,protected final static BigInteger BI_MIN_INT = BigInteger.valueOf(Integer.MIN_VALUE);
S5136,ParserMinimalBase.java,98,protected final static BigInteger BI_MAX_INT = BigInteger.valueOf(Integer.MAX_VALUE);
S5137,ParserMinimalBase.java,100,protected final static BigInteger BI_MIN_LONG = BigInteger.valueOf(Long.MIN_VALUE);
S5138,ParserMinimalBase.java,101,protected final static BigInteger BI_MAX_LONG = BigInteger.valueOf(Long.MAX_VALUE);
S5139,ParserMinimalBase.java,103,protected final static BigDecimal BD_MIN_LONG = new BigDecimal(BI_MIN_LONG);
S5140,ParserMinimalBase.java,104,protected final static BigDecimal BD_MAX_LONG = new BigDecimal(BI_MAX_LONG);
S5141,ParserMinimalBase.java,106,protected final static BigDecimal BD_MIN_INT = new BigDecimal(BI_MIN_INT);
S5142,ParserMinimalBase.java,107,protected final static BigDecimal BD_MAX_INT = new BigDecimal(BI_MAX_INT);
S5143,ParserMinimalBase.java,160,protected ParserMinimalBase(int features) { super(features); }
S5144,ParserMinimalBase.java,186,@Override public JsonToken currentToken() { return _currToken; }
S5145,ParserMinimalBase.java,188,final JsonToken t = _currToken;
S5146,ParserMinimalBase.java,189,return (t == null) ? JsonTokenId.ID_NO_TOKEN : t.id();
S5147,ParserMinimalBase.java,192,@Override public JsonToken getCurrentToken() { return _currToken; }
S5148,ParserMinimalBase.java,198,@Override public boolean hasCurrentToken() { return _currToken != null; }
S5149,ParserMinimalBase.java,200,final JsonToken t = _currToken;
S5150,ParserMinimalBase.java,201,if (t == null) {
S5151,ParserMinimalBase.java,204,return t.id() == id;
S5152,ParserMinimalBase.java,208,return (_currToken == t);
S5153,ParserMinimalBase.java,218,JsonToken t = nextToken();
S5154,ParserMinimalBase.java,219,if (t == JsonToken.FIELD_NAME) {
S5155,ParserMinimalBase.java,220,t = nextToken();
S5156,ParserMinimalBase.java,222,return t;
S5157,ParserMinimalBase.java,228,if (_currToken != JsonToken.START_OBJECT
S5158,ParserMinimalBase.java,230,return this;
S5159,ParserMinimalBase.java,232,int open = 1;
S5160,ParserMinimalBase.java,237,JsonToken t = nextToken();
S5161,ParserMinimalBase.java,238,if (t == null) {
S5162,ParserMinimalBase.java,246,if (t.isStructStart()) {
S5163,ParserMinimalBase.java,247,++open;
S5164,ParserMinimalBase.java,248,} else if (t.isStructEnd()) {
S5165,ParserMinimalBase.java,249,if (--open == 0) {
S5166,ParserMinimalBase.java,250,return this;
S5167,ParserMinimalBase.java,253,} else if (t == JsonToken.NOT_AVAILABLE) {
S5168,ParserMinimalBase.java,256,"_reportError(""Not enough content available for `skipChildren()`: non-blocking parser? (%s)"","
S5169,ParserMinimalBase.java,287,if (_currToken != null) {
S5170,ParserMinimalBase.java,288,_lastClearedToken = _currToken;
S5171,ParserMinimalBase.java,289,_currToken = null;
S5172,ParserMinimalBase.java,326,JsonToken t = _currToken;
S5173,ParserMinimalBase.java,327,if (t != null) {
S5174,ParserMinimalBase.java,328,switch (t.id()) {
S5175,ParserMinimalBase.java,330,String str = getText().trim();
S5176,ParserMinimalBase.java,331,"if (""true"".equals(str)) {"
S5177,ParserMinimalBase.java,332,return true;
S5178,ParserMinimalBase.java,334,"if (""false"".equals(str)) {"
S5179,ParserMinimalBase.java,335,return false;
S5180,ParserMinimalBase.java,337,if (_hasTextualNull(str)) {
S5181,ParserMinimalBase.java,342,return getIntValue() != 0;
S5182,ParserMinimalBase.java,344,return true;
S5183,ParserMinimalBase.java,347,return false;
S5184,ParserMinimalBase.java,357,return defaultValue;
S5185,ParserMinimalBase.java,363,JsonToken t = _currToken;
S5186,ParserMinimalBase.java,364,if ((t == JsonToken.VALUE_NUMBER_INT) || (t == JsonToken.VALUE_NUMBER_FLOAT)) {
S5187,ParserMinimalBase.java,365,return getIntValue();
S5188,ParserMinimalBase.java,373,JsonToken t = _currToken;
S5189,ParserMinimalBase.java,374,if ((t == JsonToken.VALUE_NUMBER_INT) || (t == JsonToken.VALUE_NUMBER_FLOAT)) {
S5190,ParserMinimalBase.java,375,return getIntValue();
S5191,ParserMinimalBase.java,404,JsonToken t = _currToken;
S5192,ParserMinimalBase.java,405,if ((t == JsonToken.VALUE_NUMBER_INT) || (t == JsonToken.VALUE_NUMBER_FLOAT)) {
S5193,ParserMinimalBase.java,406,return getLongValue();
S5194,ParserMinimalBase.java,408,return getValueAsLong(0L);
S5195,ParserMinimalBase.java,414,JsonToken t = _currToken;
S5196,ParserMinimalBase.java,415,if ((t == JsonToken.VALUE_NUMBER_INT) || (t == JsonToken.VALUE_NUMBER_FLOAT)) {
S5197,ParserMinimalBase.java,416,return getLongValue();
S5198,ParserMinimalBase.java,418,if (t != null) {
S5199,ParserMinimalBase.java,419,switch (t.id()) {
S5200,ParserMinimalBase.java,421,String str = getText();
S5201,ParserMinimalBase.java,422,if (_hasTextualNull(str)) {
S5202,ParserMinimalBase.java,425,"return NumberInput.parseAsLong(str, defaultValue);"
S5203,ParserMinimalBase.java,427,return 1L;
S5204,ParserMinimalBase.java,430,return 0L;
S5205,ParserMinimalBase.java,438,return defaultValue;
S5206,ParserMinimalBase.java,444,JsonToken t = _currToken;
S5207,ParserMinimalBase.java,445,if (t != null) {
S5208,ParserMinimalBase.java,446,switch (t.id()) {
S5209,ParserMinimalBase.java,448,String str = getText();
S5210,ParserMinimalBase.java,449,if (_hasTextualNull(str)) {
S5211,ParserMinimalBase.java,452,"return NumberInput.parseAsDouble(str, defaultValue);"
S5212,ParserMinimalBase.java,455,return getDoubleValue();
S5213,ParserMinimalBase.java,457,return 1.0;
S5214,ParserMinimalBase.java,460,return 0.0;
S5215,ParserMinimalBase.java,468,return defaultValue;
S5216,ParserMinimalBase.java,484,if (_currToken == JsonToken.VALUE_STRING) {
S5217,ParserMinimalBase.java,487,if (_currToken == JsonToken.FIELD_NAME) {
S5218,ParserMinimalBase.java,490,if (_currToken == null || _currToken == JsonToken.VALUE_NULL || !_currToken.isScalarValue()) {
S5219,ParserMinimalBase.java,491,return defaultValue;
S5220,ParserMinimalBase.java,493,return getText();
S5221,ParserMinimalBase.java,509,"b64variant.decode(str, builder);"
S5222,ParserMinimalBase.java,510,} catch (IllegalArgumentException e) {
S5223,ParserMinimalBase.java,511,_reportError(e.getMessage());
S5224,ParserMinimalBase.java,528,"protected boolean _hasTextualNull(String value) { return ""null"".equals(value); }"
S5225,ParserMinimalBase.java,537,"String msg = String.format(""Unexpected character (%s) in numeric value"", _getCharDesc(ch));"
S5226,ParserMinimalBase.java,538,if (comment != null) {
S5227,ParserMinimalBase.java,539,"msg += "": ""+comment;"
S5228,ParserMinimalBase.java,541,_reportError(msg);
S5229,ParserMinimalBase.java,545,"_reportError(""Invalid numeric value: ""+msg);"
S5230,ParserMinimalBase.java,549,"_reportError(String.format(""Numeric value (%s) out of range of int (%d - %s)"","
S5231,ParserMinimalBase.java,554,"_reportError(String.format(""Numeric value (%s) out of range of long (%d - %s)"","
S5232,ParserMinimalBase.java,560,int rawLen = rawNum.length();
S5233,ParserMinimalBase.java,561,if (rawLen < 1000) {
S5234,ParserMinimalBase.java,562,return rawNum;
S5235,ParserMinimalBase.java,564,"if (rawNum.startsWith(""-"")) {"
S5236,ParserMinimalBase.java,565,rawLen -= 1;
S5237,ParserMinimalBase.java,567,"return String.format(""[Integer with %d digits]"", rawLen);"
S5238,ParserMinimalBase.java,584,if (ch < 0) { // sanity check
S5239,ParserMinimalBase.java,587,"String msg = String.format(""Unexpected character (%s)"", _getCharDesc(ch));"
S5240,ParserMinimalBase.java,588,if (comment != null) {
S5241,ParserMinimalBase.java,589,"msg += "": ""+comment;"
S5242,ParserMinimalBase.java,591,_reportError(msg);
S5243,ParserMinimalBase.java,618,"throw new JsonEOFException(this, currToken, ""Unexpected end-of-input""+msg);"
S5244,ParserMinimalBase.java,638,"_reportUnexpectedChar(ch, ""Expected space separating root-level values"");"
S5245,ParserMinimalBase.java,642,char c = (char) i;
S5246,ParserMinimalBase.java,643,"String msg = ""Illegal character (""+_getCharDesc(c)+""): only regular white space (\\r, \\n, \\t) is allowed between tokens"";"
S5247,ParserMinimalBase.java,644,_reportError(msg);
S5248,ParserMinimalBase.java,654,if (!isEnabled(Feature.ALLOW_UNQUOTED_CONTROL_CHARS) || i > INT_SPACE) {
S5249,ParserMinimalBase.java,655,char c = (char) i;
S5250,ParserMinimalBase.java,656,"String msg = ""Illegal unquoted character (""+_getCharDesc(c)+""): has to be escaped using backslash to be included in ""+ctxtDesc;"
S5251,ParserMinimalBase.java,657,_reportError(msg);
S5252,ParserMinimalBase.java,663,if (isEnabled(Feature.ALLOW_BACKSLASH_ESCAPING_ANY_CHARACTER)) {
S5253,ParserMinimalBase.java,664,return ch;
S5254,ParserMinimalBase.java,667,if (ch == '\'' && isEnabled(Feature.ALLOW_SINGLE_QUOTES)) {
S5255,ParserMinimalBase.java,668,return ch;
S5256,ParserMinimalBase.java,670,"_reportError(""Unrecognized character escape ""+_getCharDesc(ch));"
S5257,ParserMinimalBase.java,682,char c = (char) ch;
S5258,ParserMinimalBase.java,683,if (Character.isISOControl(c)) {
S5259,ParserMinimalBase.java,684,"return ""(CTRL-CHAR, code ""+ch+"")"";"
S5260,ParserMinimalBase.java,686,if (ch > 255) {
S5261,ParserMinimalBase.java,689,"return ""'""+c+""' (code ""+ch+"")"";"
S5262,ParserMinimalBase.java,693,throw _constructError(msg);
S5263,ParserMinimalBase.java,698,"throw _constructError(String.format(msg, arg));"
S5264,ParserMinimalBase.java,703,"throw _constructError(String.format(msg, arg1, arg2));"
S5265,ReaderBasedJsonParser.java,22,protected final static int FEAT_MASK_TRAILING_COMMA = Feature.ALLOW_TRAILING_COMMA.getMask();
S5266,ReaderBasedJsonParser.java,26,protected final static int[] _icLatin1 = CharTypes.getInputCodeLatin1();
S5267,ReaderBasedJsonParser.java,118,"super(ctxt, features);"
S5268,ReaderBasedJsonParser.java,119,_reader = r;
S5269,ReaderBasedJsonParser.java,120,_inputBuffer = inputBuffer;
S5270,ReaderBasedJsonParser.java,121,_inputPtr = start;
S5271,ReaderBasedJsonParser.java,122,_inputEnd = end;
S5272,ReaderBasedJsonParser.java,123,_objectCodec = codec;
S5273,ReaderBasedJsonParser.java,124,_symbols = st;
S5274,ReaderBasedJsonParser.java,125,_hashSeed = st.hashSeed();
S5275,ReaderBasedJsonParser.java,126,_bufferRecyclable = bufferRecyclable;
S5276,ReaderBasedJsonParser.java,136,"super(ctxt, features);"
S5277,ReaderBasedJsonParser.java,137,_reader = r;
S5278,ReaderBasedJsonParser.java,138,_inputBuffer = ctxt.allocTokenBuffer();
S5279,ReaderBasedJsonParser.java,139,_inputPtr = 0;
S5280,ReaderBasedJsonParser.java,140,_inputEnd = 0;
S5281,ReaderBasedJsonParser.java,141,_objectCodec = codec;
S5282,ReaderBasedJsonParser.java,142,_symbols = st;
S5283,ReaderBasedJsonParser.java,143,_hashSeed = st.hashSeed();
S5284,ReaderBasedJsonParser.java,144,_bufferRecyclable = true;
S5285,ReaderBasedJsonParser.java,153,@Override public ObjectCodec getCodec() { return _objectCodec; }
S5286,ReaderBasedJsonParser.java,158,int count = _inputEnd - _inputPtr;
S5287,ReaderBasedJsonParser.java,159,if (count < 1) { return 0; }
S5288,ReaderBasedJsonParser.java,161,int origPtr = _inputPtr;
S5289,ReaderBasedJsonParser.java,162,"w.write(_inputBuffer, origPtr, count);"
S5290,ReaderBasedJsonParser.java,163,return count;
S5291,ReaderBasedJsonParser.java,170,"return getNextChar(eofMsg, null);"
S5292,ReaderBasedJsonParser.java,174,if (_inputPtr >= _inputEnd) {
S5293,ReaderBasedJsonParser.java,175,if (!_loadMore()) {
S5294,ReaderBasedJsonParser.java,179,return _inputBuffer[_inputPtr++];
S5295,ReaderBasedJsonParser.java,191,if (_reader != null) {
S5296,ReaderBasedJsonParser.java,192,if (_ioContext.isResourceManaged() || isEnabled(Feature.AUTO_CLOSE_SOURCE)) {
S5297,ReaderBasedJsonParser.java,193,_reader.close();
S5298,ReaderBasedJsonParser.java,195,_reader = null;
S5299,ReaderBasedJsonParser.java,207,super._releaseBuffers();
S5300,ReaderBasedJsonParser.java,209,_symbols.release();
S5301,ReaderBasedJsonParser.java,211,if (_bufferRecyclable) {
S5302,ReaderBasedJsonParser.java,212,char[] buf = _inputBuffer;
S5303,ReaderBasedJsonParser.java,213,if (buf != null) {
S5304,ReaderBasedJsonParser.java,214,_inputBuffer = null;
S5305,ReaderBasedJsonParser.java,215,_ioContext.releaseTokenBuffer(buf);
S5306,ReaderBasedJsonParser.java,227,if (!_loadMore()) { _reportInvalidEOF(); }
S5307,ReaderBasedJsonParser.java,232,final int bufSize = _inputEnd;
S5308,ReaderBasedJsonParser.java,234,_currInputProcessed += bufSize;
S5309,ReaderBasedJsonParser.java,235,_currInputRowStart -= bufSize;
S5310,ReaderBasedJsonParser.java,240,_nameStartOffset -= bufSize;
S5311,ReaderBasedJsonParser.java,242,if (_reader != null) {
S5312,ReaderBasedJsonParser.java,243,"int count = _reader.read(_inputBuffer, 0, _inputBuffer.length);"
S5313,ReaderBasedJsonParser.java,244,if (count > 0) {
S5314,ReaderBasedJsonParser.java,245,_inputPtr = 0;
S5315,ReaderBasedJsonParser.java,246,_inputEnd = count;
S5316,ReaderBasedJsonParser.java,247,return true;
S5317,ReaderBasedJsonParser.java,250,_closeInput();
S5318,ReaderBasedJsonParser.java,252,if (count == 0) {
S5319,ReaderBasedJsonParser.java,256,return false;
S5320,ReaderBasedJsonParser.java,274,JsonToken t = _currToken;
S5321,ReaderBasedJsonParser.java,275,if (t == JsonToken.VALUE_STRING) {
S5322,ReaderBasedJsonParser.java,276,if (_tokenIncomplete) {
S5323,ReaderBasedJsonParser.java,277,_tokenIncomplete = false;
S5324,ReaderBasedJsonParser.java,278,_finishString(); // only strings can be incomplete
S5325,ReaderBasedJsonParser.java,280,return _textBuffer.contentsAsString();
S5326,ReaderBasedJsonParser.java,282,return _getText2(t);
S5327,ReaderBasedJsonParser.java,288,JsonToken t = _currToken;
S5328,ReaderBasedJsonParser.java,289,if (t == JsonToken.VALUE_STRING) {
S5329,ReaderBasedJsonParser.java,290,if (_tokenIncomplete) {
S5330,ReaderBasedJsonParser.java,291,_tokenIncomplete = false;
S5331,ReaderBasedJsonParser.java,292,_finishString(); // only strings can be incomplete
S5332,ReaderBasedJsonParser.java,294,return _textBuffer.contentsToWriter(writer);
S5333,ReaderBasedJsonParser.java,318,if (_currToken == JsonToken.VALUE_STRING) {
S5334,ReaderBasedJsonParser.java,319,if (_tokenIncomplete) {
S5335,ReaderBasedJsonParser.java,320,_tokenIncomplete = false;
S5336,ReaderBasedJsonParser.java,321,_finishString(); // only strings can be incomplete
S5337,ReaderBasedJsonParser.java,323,return _textBuffer.contentsAsString();
S5338,ReaderBasedJsonParser.java,325,if (_currToken == JsonToken.FIELD_NAME) {
S5339,ReaderBasedJsonParser.java,326,return getCurrentName();
S5340,ReaderBasedJsonParser.java,328,return super.getValueAsString(null);
S5341,ReaderBasedJsonParser.java,334,if (_currToken == JsonToken.VALUE_STRING) {
S5342,ReaderBasedJsonParser.java,335,if (_tokenIncomplete) {
S5343,ReaderBasedJsonParser.java,336,_tokenIncomplete = false;
S5344,ReaderBasedJsonParser.java,337,_finishString(); // only strings can be incomplete
S5345,ReaderBasedJsonParser.java,339,return _textBuffer.contentsAsString();
S5346,ReaderBasedJsonParser.java,341,if (_currToken == JsonToken.FIELD_NAME) {
S5347,ReaderBasedJsonParser.java,342,return getCurrentName();
S5348,ReaderBasedJsonParser.java,344,return super.getValueAsString(defValue);
S5349,ReaderBasedJsonParser.java,348,if (t == null) {
S5350,ReaderBasedJsonParser.java,349,return null;
S5351,ReaderBasedJsonParser.java,351,switch (t.id()) {
S5352,ReaderBasedJsonParser.java,353,return _parsingContext.getCurrentName();
S5353,ReaderBasedJsonParser.java,359,return _textBuffer.contentsAsString();
S5354,ReaderBasedJsonParser.java,361,return t.asString();
S5355,ReaderBasedJsonParser.java,368,if (_currToken != null) { // null only before/after document
S5356,ReaderBasedJsonParser.java,369,switch (_currToken.id()) {
S5357,ReaderBasedJsonParser.java,371,if (!_nameCopied) {
S5358,ReaderBasedJsonParser.java,372,String name = _parsingContext.getCurrentName();
S5359,ReaderBasedJsonParser.java,373,int nameLen = name.length();
S5360,ReaderBasedJsonParser.java,374,if (_nameCopyBuffer == null) {
S5361,ReaderBasedJsonParser.java,375,_nameCopyBuffer = _ioContext.allocNameCopyBuffer(nameLen);
S5362,ReaderBasedJsonParser.java,379,"name.getChars(0, nameLen, _nameCopyBuffer, 0);"
S5363,ReaderBasedJsonParser.java,380,_nameCopied = true;
S5364,ReaderBasedJsonParser.java,382,return _nameCopyBuffer;
S5365,ReaderBasedJsonParser.java,384,if (_tokenIncomplete) {
S5366,ReaderBasedJsonParser.java,385,_tokenIncomplete = false;
S5367,ReaderBasedJsonParser.java,386,_finishString(); // only strings can be incomplete
S5368,ReaderBasedJsonParser.java,391,return _textBuffer.getTextBuffer();
S5369,ReaderBasedJsonParser.java,396,return null;
S5370,ReaderBasedJsonParser.java,402,if (_currToken != null) { // null only before/after document
S5371,ReaderBasedJsonParser.java,403,switch (_currToken.id()) {
S5372,ReaderBasedJsonParser.java,405,return _parsingContext.getCurrentName().length();
S5373,ReaderBasedJsonParser.java,407,if (_tokenIncomplete) {
S5374,ReaderBasedJsonParser.java,408,_tokenIncomplete = false;
S5375,ReaderBasedJsonParser.java,409,_finishString(); // only strings can be incomplete
S5376,ReaderBasedJsonParser.java,414,return _textBuffer.size();
S5377,ReaderBasedJsonParser.java,419,return 0;
S5378,ReaderBasedJsonParser.java,426,if (_currToken != null) {
S5379,ReaderBasedJsonParser.java,427,switch (_currToken.id()) {
S5380,ReaderBasedJsonParser.java,429,return 0;
S5381,ReaderBasedJsonParser.java,431,if (_tokenIncomplete) {
S5382,ReaderBasedJsonParser.java,438,return _textBuffer.getTextOffset();
S5383,ReaderBasedJsonParser.java,442,return 0;
S5384,ReaderBasedJsonParser.java,448,if ((_currToken == JsonToken.VALUE_EMBEDDED_OBJECT) && (_binaryValue != null)) {
S5385,ReaderBasedJsonParser.java,451,if (_currToken != JsonToken.VALUE_STRING) {
S5386,ReaderBasedJsonParser.java,452,"_reportError(""Current token (""+_currToken+"") not VALUE_STRING or VALUE_EMBEDDED_OBJECT, can not access as binary"");"
S5387,ReaderBasedJsonParser.java,455,if (_tokenIncomplete) {
S5388,ReaderBasedJsonParser.java,457,_binaryValue = _decodeBase64(b64variant);
S5389,ReaderBasedJsonParser.java,458,} catch (IllegalArgumentException iae) {
S5390,ReaderBasedJsonParser.java,459,"throw _constructError(""Failed to decode VALUE_STRING as base64 (""+b64variant+""): ""+iae.getMessage());"
S5391,ReaderBasedJsonParser.java,464,_tokenIncomplete = false;
S5392,ReaderBasedJsonParser.java,466,if (_binaryValue == null) {
S5393,ReaderBasedJsonParser.java,468,ByteArrayBuilder builder = _getByteArrayBuilder();
S5394,ReaderBasedJsonParser.java,469,"_decodeBase64(getText(), builder, b64variant);"
S5395,ReaderBasedJsonParser.java,473,return _binaryValue;
S5396,ReaderBasedJsonParser.java,480,if (!_tokenIncomplete || _currToken != JsonToken.VALUE_STRING) {
S5397,ReaderBasedJsonParser.java,486,byte[] buf = _ioContext.allocBase64Buffer();
S5398,ReaderBasedJsonParser.java,488,"return _readBinary(b64variant, out, buf);"
S5399,ReaderBasedJsonParser.java,490,_ioContext.releaseBase64Buffer(buf);
S5400,ReaderBasedJsonParser.java,496,int outputPtr = 0;
S5401,ReaderBasedJsonParser.java,497,final int outputEnd = buffer.length - 3;
S5402,ReaderBasedJsonParser.java,498,int outputCount = 0;
S5403,ReaderBasedJsonParser.java,504,if (_inputPtr >= _inputEnd) {
S5404,ReaderBasedJsonParser.java,507,ch = _inputBuffer[_inputPtr++];
S5405,ReaderBasedJsonParser.java,508,} while (ch <= INT_SPACE);
S5406,ReaderBasedJsonParser.java,509,int bits = b64variant.decodeBase64Char(ch);
S5407,ReaderBasedJsonParser.java,510,"if (bits < 0) { // reached the end, fair and square?"
S5408,ReaderBasedJsonParser.java,511,"if (ch == '""') {"
S5409,ReaderBasedJsonParser.java,512,break;
S5410,ReaderBasedJsonParser.java,521,if (outputPtr > outputEnd) {
S5411,ReaderBasedJsonParser.java,522,outputCount += outputPtr;
S5412,ReaderBasedJsonParser.java,523,"out.write(buffer, 0, outputPtr);"
S5413,ReaderBasedJsonParser.java,524,outputPtr = 0;
S5414,ReaderBasedJsonParser.java,527,int decodedData = bits;
S5415,ReaderBasedJsonParser.java,531,if (_inputPtr >= _inputEnd) {
S5416,ReaderBasedJsonParser.java,534,ch = _inputBuffer[_inputPtr++];
S5417,ReaderBasedJsonParser.java,535,bits = b64variant.decodeBase64Char(ch);
S5418,ReaderBasedJsonParser.java,536,if (bits < 0) {
S5419,ReaderBasedJsonParser.java,539,decodedData = (decodedData << 6) | bits;
S5420,ReaderBasedJsonParser.java,542,if (_inputPtr >= _inputEnd) {
S5421,ReaderBasedJsonParser.java,543,_loadMoreGuaranteed();
S5422,ReaderBasedJsonParser.java,545,ch = _inputBuffer[_inputPtr++];
S5423,ReaderBasedJsonParser.java,546,bits = b64variant.decodeBase64Char(ch);
S5424,ReaderBasedJsonParser.java,549,if (bits < 0) {
S5425,ReaderBasedJsonParser.java,550,if (bits != Base64Variant.BASE64_VALUE_PADDING) {
S5426,ReaderBasedJsonParser.java,552,"if (ch == '""') {"
S5427,ReaderBasedJsonParser.java,561,"bits = _decodeBase64Escape(b64variant, ch, 2);"
S5428,ReaderBasedJsonParser.java,563,if (bits == Base64Variant.BASE64_VALUE_PADDING) {
S5429,ReaderBasedJsonParser.java,565,if (_inputPtr >= _inputEnd) {
S5430,ReaderBasedJsonParser.java,568,ch = _inputBuffer[_inputPtr++];
S5431,ReaderBasedJsonParser.java,569,if (!b64variant.usesPaddingChar(ch)) {
S5432,ReaderBasedJsonParser.java,570,"if (_decodeBase64Escape(b64variant, ch, 3) != Base64Variant.BASE64_VALUE_PADDING) {"
S5433,ReaderBasedJsonParser.java,575,decodedData >>= 4;
S5434,ReaderBasedJsonParser.java,576,buffer[outputPtr++] = (byte) decodedData;
S5435,ReaderBasedJsonParser.java,577,continue;
S5436,ReaderBasedJsonParser.java,581,decodedData = (decodedData << 6) | bits;
S5437,ReaderBasedJsonParser.java,583,if (_inputPtr >= _inputEnd) {
S5438,ReaderBasedJsonParser.java,586,ch = _inputBuffer[_inputPtr++];
S5439,ReaderBasedJsonParser.java,587,bits = b64variant.decodeBase64Char(ch);
S5440,ReaderBasedJsonParser.java,588,if (bits < 0) {
S5441,ReaderBasedJsonParser.java,589,if (bits != Base64Variant.BASE64_VALUE_PADDING) {
S5442,ReaderBasedJsonParser.java,591,"if (ch == '""') {"
S5443,ReaderBasedJsonParser.java,601,"bits = _decodeBase64Escape(b64variant, ch, 3);"
S5444,ReaderBasedJsonParser.java,603,if (bits == Base64Variant.BASE64_VALUE_PADDING) {
S5445,ReaderBasedJsonParser.java,610,decodedData >>= 2;
S5446,ReaderBasedJsonParser.java,611,buffer[outputPtr++] = (byte) (decodedData >> 8);
S5447,ReaderBasedJsonParser.java,612,buffer[outputPtr++] = (byte) decodedData;
S5448,ReaderBasedJsonParser.java,613,continue;
S5449,ReaderBasedJsonParser.java,617,decodedData = (decodedData << 6) | bits;
S5450,ReaderBasedJsonParser.java,618,buffer[outputPtr++] = (byte) (decodedData >> 16);
S5451,ReaderBasedJsonParser.java,619,buffer[outputPtr++] = (byte) (decodedData >> 8);
S5452,ReaderBasedJsonParser.java,620,buffer[outputPtr++] = (byte) decodedData;
S5453,ReaderBasedJsonParser.java,622,_tokenIncomplete = false;
S5454,ReaderBasedJsonParser.java,623,if (outputPtr > 0) {
S5455,ReaderBasedJsonParser.java,624,outputCount += outputPtr;
S5456,ReaderBasedJsonParser.java,625,"out.write(buffer, 0, outputPtr);"
S5457,ReaderBasedJsonParser.java,627,return outputCount;
S5458,ReaderBasedJsonParser.java,647,if (_currToken == JsonToken.FIELD_NAME) {
S5459,ReaderBasedJsonParser.java,648,return _nextAfterName();
S5460,ReaderBasedJsonParser.java,652,_numTypesValid = NR_UNKNOWN;
S5461,ReaderBasedJsonParser.java,653,if (_tokenIncomplete) {
S5462,ReaderBasedJsonParser.java,654,_skipString(); // only strings can be partial
S5463,ReaderBasedJsonParser.java,656,int i = _skipWSOrEnd();
S5464,ReaderBasedJsonParser.java,657,if (i < 0) { // end-of-input
S5465,ReaderBasedJsonParser.java,660,close();
S5466,ReaderBasedJsonParser.java,661,return (_currToken = null);
S5467,ReaderBasedJsonParser.java,664,_binaryValue = null;
S5468,ReaderBasedJsonParser.java,667,if (i == INT_RBRACKET || i == INT_RCURLY) {
S5469,ReaderBasedJsonParser.java,668,_closeScope(i);
S5470,ReaderBasedJsonParser.java,669,return _currToken;
S5471,ReaderBasedJsonParser.java,673,if (_parsingContext.expectComma()) {
S5472,ReaderBasedJsonParser.java,674,i = _skipComma(i);
S5473,ReaderBasedJsonParser.java,677,if ((_features & FEAT_MASK_TRAILING_COMMA) != 0) {
S5474,ReaderBasedJsonParser.java,688,boolean inObject = _parsingContext.inObject();
S5475,ReaderBasedJsonParser.java,689,if (inObject) {
S5476,ReaderBasedJsonParser.java,691,_updateNameLocation();
S5477,ReaderBasedJsonParser.java,692,String name = (i == INT_QUOTE) ? _parseName() : _handleOddName(i);
S5478,ReaderBasedJsonParser.java,693,_parsingContext.setCurrentName(name);
S5479,ReaderBasedJsonParser.java,694,_currToken = JsonToken.FIELD_NAME;
S5480,ReaderBasedJsonParser.java,695,i = _skipColon();
S5481,ReaderBasedJsonParser.java,697,_updateLocation();
S5482,ReaderBasedJsonParser.java,703,switch (i) {
S5483,ReaderBasedJsonParser.java,705,_tokenIncomplete = true;
S5484,ReaderBasedJsonParser.java,706,t = JsonToken.VALUE_STRING;
S5485,ReaderBasedJsonParser.java,707,break;
S5486,ReaderBasedJsonParser.java,709,if (!inObject) {
S5487,ReaderBasedJsonParser.java,710,"_parsingContext = _parsingContext.createChildArrayContext(_tokenInputRow, _tokenInputCol);"
S5488,ReaderBasedJsonParser.java,712,t = JsonToken.START_ARRAY;
S5489,ReaderBasedJsonParser.java,713,break;
S5490,ReaderBasedJsonParser.java,715,if (!inObject) {
S5491,ReaderBasedJsonParser.java,716,"_parsingContext = _parsingContext.createChildObjectContext(_tokenInputRow, _tokenInputCol);"
S5492,ReaderBasedJsonParser.java,718,t = JsonToken.START_OBJECT;
S5493,ReaderBasedJsonParser.java,719,break;
S5494,ReaderBasedJsonParser.java,725,_matchTrue();
S5495,ReaderBasedJsonParser.java,726,t = JsonToken.VALUE_TRUE;
S5496,ReaderBasedJsonParser.java,727,break;
S5497,ReaderBasedJsonParser.java,729,_matchFalse();
S5498,ReaderBasedJsonParser.java,730,t = JsonToken.VALUE_FALSE;
S5499,ReaderBasedJsonParser.java,731,break;
S5500,ReaderBasedJsonParser.java,733,_matchNull();
S5501,ReaderBasedJsonParser.java,734,t = JsonToken.VALUE_NULL;
S5502,ReaderBasedJsonParser.java,735,break;
S5503,ReaderBasedJsonParser.java,742,t = _parseNegNumber();
S5504,ReaderBasedJsonParser.java,743,break;
S5505,ReaderBasedJsonParser.java,754,t = _parsePosNumber(i);
S5506,ReaderBasedJsonParser.java,755,break;
S5507,ReaderBasedJsonParser.java,757,t = _handleOddValue(i);
S5508,ReaderBasedJsonParser.java,761,if (inObject) {
S5509,ReaderBasedJsonParser.java,762,_nextToken = t;
S5510,ReaderBasedJsonParser.java,763,return _currToken;
S5511,ReaderBasedJsonParser.java,765,_currToken = t;
S5512,ReaderBasedJsonParser.java,766,return t;
S5513,ReaderBasedJsonParser.java,771,_nameCopied = false; // need to invalidate if it was copied
S5514,ReaderBasedJsonParser.java,772,JsonToken t = _nextToken;
S5515,ReaderBasedJsonParser.java,773,_nextToken = null;
S5516,ReaderBasedJsonParser.java,778,if (t == JsonToken.START_ARRAY) {
S5517,ReaderBasedJsonParser.java,779,"_parsingContext = _parsingContext.createChildArrayContext(_tokenInputRow, _tokenInputCol);"
S5518,ReaderBasedJsonParser.java,780,} else if (t == JsonToken.START_OBJECT) {
S5519,ReaderBasedJsonParser.java,781,"_parsingContext = _parsingContext.createChildObjectContext(_tokenInputRow, _tokenInputCol);"
S5520,ReaderBasedJsonParser.java,783,return (_currToken = t);
S5521,ReaderBasedJsonParser.java,806,_numTypesValid = NR_UNKNOWN;
S5522,ReaderBasedJsonParser.java,807,if (_currToken == JsonToken.FIELD_NAME) {
S5523,ReaderBasedJsonParser.java,808,_nextAfterName();
S5524,ReaderBasedJsonParser.java,809,return false;
S5525,ReaderBasedJsonParser.java,811,if (_tokenIncomplete) {
S5526,ReaderBasedJsonParser.java,812,_skipString();
S5527,ReaderBasedJsonParser.java,814,int i = _skipWSOrEnd();
S5528,ReaderBasedJsonParser.java,815,if (i < 0) {
S5529,ReaderBasedJsonParser.java,816,close();
S5530,ReaderBasedJsonParser.java,817,_currToken = null;
S5531,ReaderBasedJsonParser.java,818,return false;
S5532,ReaderBasedJsonParser.java,820,_binaryValue = null;
S5533,ReaderBasedJsonParser.java,823,if (i == INT_RBRACKET || i == INT_RCURLY) {
S5534,ReaderBasedJsonParser.java,824,_closeScope(i);
S5535,ReaderBasedJsonParser.java,825,return false;
S5536,ReaderBasedJsonParser.java,828,if (_parsingContext.expectComma()) {
S5537,ReaderBasedJsonParser.java,829,i = _skipComma(i);
S5538,ReaderBasedJsonParser.java,832,if ((_features & FEAT_MASK_TRAILING_COMMA) != 0) {
S5539,ReaderBasedJsonParser.java,840,if (!_parsingContext.inObject()) {
S5540,ReaderBasedJsonParser.java,841,_updateLocation();
S5541,ReaderBasedJsonParser.java,842,_nextTokenNotInObject(i);
S5542,ReaderBasedJsonParser.java,843,return false;
S5543,ReaderBasedJsonParser.java,846,_updateNameLocation();
S5544,ReaderBasedJsonParser.java,847,if (i == INT_QUOTE) {
S5545,ReaderBasedJsonParser.java,849,char[] nameChars = sstr.asQuotedChars();
S5546,ReaderBasedJsonParser.java,850,final int len = nameChars.length;
S5547,ReaderBasedJsonParser.java,853,if ((_inputPtr + len + 4) < _inputEnd) { // maybe...
S5548,ReaderBasedJsonParser.java,855,final int end = _inputPtr+len;
S5549,ReaderBasedJsonParser.java,856,"if (_inputBuffer[end] == '""') {"
S5550,ReaderBasedJsonParser.java,857,int offset = 0;
S5551,ReaderBasedJsonParser.java,858,int ptr = _inputPtr;
S5552,ReaderBasedJsonParser.java,860,"if (ptr == end) { // yes, match!"
S5553,ReaderBasedJsonParser.java,861,_parsingContext.setCurrentName(sstr.getValue());
S5554,ReaderBasedJsonParser.java,862,_isNextTokenNameYes(_skipColonFast(ptr+1));
S5555,ReaderBasedJsonParser.java,863,return true;
S5556,ReaderBasedJsonParser.java,865,if (nameChars[offset] != _inputBuffer[ptr]) {
S5557,ReaderBasedJsonParser.java,868,++offset;
S5558,ReaderBasedJsonParser.java,869,++ptr;
S5559,ReaderBasedJsonParser.java,874,"return _isNextTokenNameMaybe(i, sstr.getValue());"
S5560,ReaderBasedJsonParser.java,882,_numTypesValid = NR_UNKNOWN;
S5561,ReaderBasedJsonParser.java,883,if (_currToken == JsonToken.FIELD_NAME) {
S5562,ReaderBasedJsonParser.java,884,_nextAfterName();
S5563,ReaderBasedJsonParser.java,885,return null;
S5564,ReaderBasedJsonParser.java,887,if (_tokenIncomplete) {
S5565,ReaderBasedJsonParser.java,888,_skipString();
S5566,ReaderBasedJsonParser.java,890,int i = _skipWSOrEnd();
S5567,ReaderBasedJsonParser.java,891,if (i < 0) {
S5568,ReaderBasedJsonParser.java,892,close();
S5569,ReaderBasedJsonParser.java,893,_currToken = null;
S5570,ReaderBasedJsonParser.java,894,return null;
S5571,ReaderBasedJsonParser.java,896,_binaryValue = null;
S5572,ReaderBasedJsonParser.java,897,if (i == INT_RBRACKET || i == INT_RCURLY) {
S5573,ReaderBasedJsonParser.java,898,_closeScope(i);
S5574,ReaderBasedJsonParser.java,899,return null;
S5575,ReaderBasedJsonParser.java,901,if (_parsingContext.expectComma()) {
S5576,ReaderBasedJsonParser.java,902,i = _skipComma(i);
S5577,ReaderBasedJsonParser.java,903,if ((_features & FEAT_MASK_TRAILING_COMMA) != 0) {
S5578,ReaderBasedJsonParser.java,910,if (!_parsingContext.inObject()) {
S5579,ReaderBasedJsonParser.java,911,_updateLocation();
S5580,ReaderBasedJsonParser.java,912,_nextTokenNotInObject(i);
S5581,ReaderBasedJsonParser.java,913,return null;
S5582,ReaderBasedJsonParser.java,916,_updateNameLocation();
S5583,ReaderBasedJsonParser.java,917,String name = (i == INT_QUOTE) ? _parseName() : _handleOddName(i);
S5584,ReaderBasedJsonParser.java,918,_parsingContext.setCurrentName(name);
S5585,ReaderBasedJsonParser.java,919,_currToken = JsonToken.FIELD_NAME;
S5586,ReaderBasedJsonParser.java,920,i = _skipColon();
S5587,ReaderBasedJsonParser.java,922,_updateLocation();
S5588,ReaderBasedJsonParser.java,923,if (i == INT_QUOTE) {
S5589,ReaderBasedJsonParser.java,924,_tokenIncomplete = true;
S5590,ReaderBasedJsonParser.java,925,_nextToken = JsonToken.VALUE_STRING;
S5591,ReaderBasedJsonParser.java,926,return name;
S5592,ReaderBasedJsonParser.java,933,switch (i) {
S5593,ReaderBasedJsonParser.java,947,t = _parsePosNumber(i);
S5594,ReaderBasedJsonParser.java,948,break;
S5595,ReaderBasedJsonParser.java,962,t = JsonToken.START_ARRAY;
S5596,ReaderBasedJsonParser.java,963,break;
S5597,ReaderBasedJsonParser.java,965,t = JsonToken.START_OBJECT;
S5598,ReaderBasedJsonParser.java,966,break;
S5599,ReaderBasedJsonParser.java,971,_nextToken = t;
S5600,ReaderBasedJsonParser.java,972,return name;
S5601,ReaderBasedJsonParser.java,977,_currToken = JsonToken.FIELD_NAME;
S5602,ReaderBasedJsonParser.java,978,_updateLocation();
S5603,ReaderBasedJsonParser.java,980,switch (i) {
S5604,ReaderBasedJsonParser.java,982,_tokenIncomplete = true;
S5605,ReaderBasedJsonParser.java,983,_nextToken = JsonToken.VALUE_STRING;
S5606,ReaderBasedJsonParser.java,984,return;
S5607,ReaderBasedJsonParser.java,986,_nextToken = JsonToken.START_ARRAY;
S5608,ReaderBasedJsonParser.java,987,return;
S5609,ReaderBasedJsonParser.java,1004,_nextToken = _parseNegNumber();
S5610,ReaderBasedJsonParser.java,1005,return;
S5611,ReaderBasedJsonParser.java,1016,_nextToken = _parsePosNumber(i);
S5612,ReaderBasedJsonParser.java,1017,return;
S5613,ReaderBasedJsonParser.java,1025,String name = (i == INT_QUOTE) ? _parseName() : _handleOddName(i);
S5614,ReaderBasedJsonParser.java,1026,_parsingContext.setCurrentName(name);
S5615,ReaderBasedJsonParser.java,1027,_currToken = JsonToken.FIELD_NAME;
S5616,ReaderBasedJsonParser.java,1028,i = _skipColon();
S5617,ReaderBasedJsonParser.java,1029,_updateLocation();
S5618,ReaderBasedJsonParser.java,1030,if (i == INT_QUOTE) {
S5619,ReaderBasedJsonParser.java,1031,_tokenIncomplete = true;
S5620,ReaderBasedJsonParser.java,1032,_nextToken = JsonToken.VALUE_STRING;
S5621,ReaderBasedJsonParser.java,1033,return nameToMatch.equals(name);
S5622,ReaderBasedJsonParser.java,1037,switch (i) {
S5623,ReaderBasedJsonParser.java,1039,t = _parseNegNumber();
S5624,ReaderBasedJsonParser.java,1040,break;
S5625,ReaderBasedJsonParser.java,1051,t = _parsePosNumber(i);
S5626,ReaderBasedJsonParser.java,1052,break;
S5627,ReaderBasedJsonParser.java,1075,_nextToken = t;
S5628,ReaderBasedJsonParser.java,1076,return nameToMatch.equals(name);
S5629,ReaderBasedJsonParser.java,1081,if (i == INT_QUOTE) {
S5630,ReaderBasedJsonParser.java,1085,switch (i) {
S5631,ReaderBasedJsonParser.java,1090,"_parsingContext = _parsingContext.createChildObjectContext(_tokenInputRow, _tokenInputCol);"
S5632,ReaderBasedJsonParser.java,1091,return (_currToken = JsonToken.START_OBJECT);
S5633,ReaderBasedJsonParser.java,1140,if (_currToken == JsonToken.FIELD_NAME) { // mostly copied from '_nextAfterName'
S5634,ReaderBasedJsonParser.java,1141,_nameCopied = false;
S5635,ReaderBasedJsonParser.java,1142,JsonToken t = _nextToken;
S5636,ReaderBasedJsonParser.java,1143,_nextToken = null;
S5637,ReaderBasedJsonParser.java,1144,_currToken = t;
S5638,ReaderBasedJsonParser.java,1145,if (t == JsonToken.VALUE_STRING) {
S5639,ReaderBasedJsonParser.java,1146,if (_tokenIncomplete) {
S5640,ReaderBasedJsonParser.java,1147,_tokenIncomplete = false;
S5641,ReaderBasedJsonParser.java,1148,_finishString();
S5642,ReaderBasedJsonParser.java,1150,return _textBuffer.contentsAsString();
S5643,ReaderBasedJsonParser.java,1152,if (t == JsonToken.START_ARRAY) {
S5644,ReaderBasedJsonParser.java,1153,"_parsingContext = _parsingContext.createChildArrayContext(_tokenInputRow, _tokenInputCol);"
S5645,ReaderBasedJsonParser.java,1157,return null;
S5646,ReaderBasedJsonParser.java,1160,return (nextToken() == JsonToken.VALUE_STRING) ? getText() : null;
S5647,ReaderBasedJsonParser.java,1167,if (_currToken == JsonToken.FIELD_NAME) {
S5648,ReaderBasedJsonParser.java,1168,_nameCopied = false;
S5649,ReaderBasedJsonParser.java,1169,JsonToken t = _nextToken;
S5650,ReaderBasedJsonParser.java,1170,_nextToken = null;
S5651,ReaderBasedJsonParser.java,1171,_currToken = t;
S5652,ReaderBasedJsonParser.java,1172,if (t == JsonToken.VALUE_NUMBER_INT) {
S5653,ReaderBasedJsonParser.java,1173,return getIntValue();
S5654,ReaderBasedJsonParser.java,1175,if (t == JsonToken.START_ARRAY) {
S5655,ReaderBasedJsonParser.java,1176,"_parsingContext = _parsingContext.createChildArrayContext(_tokenInputRow, _tokenInputCol);"
S5656,ReaderBasedJsonParser.java,1177,} else if (t == JsonToken.START_OBJECT) {
S5657,ReaderBasedJsonParser.java,1180,return defaultValue;
S5658,ReaderBasedJsonParser.java,1183,return (nextToken() == JsonToken.VALUE_NUMBER_INT) ? getIntValue() : defaultValue;
S5659,ReaderBasedJsonParser.java,1190,if (_currToken == JsonToken.FIELD_NAME) { // mostly copied from '_nextAfterName'
S5660,ReaderBasedJsonParser.java,1191,_nameCopied = false;
S5661,ReaderBasedJsonParser.java,1192,JsonToken t = _nextToken;
S5662,ReaderBasedJsonParser.java,1193,_nextToken = null;
S5663,ReaderBasedJsonParser.java,1194,_currToken = t;
S5664,ReaderBasedJsonParser.java,1195,if (t == JsonToken.VALUE_NUMBER_INT) {
S5665,ReaderBasedJsonParser.java,1196,return getLongValue();
S5666,ReaderBasedJsonParser.java,1198,if (t == JsonToken.START_ARRAY) {
S5667,ReaderBasedJsonParser.java,1199,"_parsingContext = _parsingContext.createChildArrayContext(_tokenInputRow, _tokenInputCol);"
S5668,ReaderBasedJsonParser.java,1200,} else if (t == JsonToken.START_OBJECT) {
S5669,ReaderBasedJsonParser.java,1203,return defaultValue;
S5670,ReaderBasedJsonParser.java,1206,return (nextToken() == JsonToken.VALUE_NUMBER_INT) ? getLongValue() : defaultValue;
S5671,ReaderBasedJsonParser.java,1213,if (_currToken == JsonToken.FIELD_NAME) { // mostly copied from '_nextAfterName'
S5672,ReaderBasedJsonParser.java,1214,_nameCopied = false;
S5673,ReaderBasedJsonParser.java,1215,JsonToken t = _nextToken;
S5674,ReaderBasedJsonParser.java,1216,_nextToken = null;
S5675,ReaderBasedJsonParser.java,1217,_currToken = t;
S5676,ReaderBasedJsonParser.java,1218,if (t == JsonToken.VALUE_TRUE) {
S5677,ReaderBasedJsonParser.java,1219,return Boolean.TRUE;
S5678,ReaderBasedJsonParser.java,1221,if (t == JsonToken.VALUE_FALSE) {
S5679,ReaderBasedJsonParser.java,1224,if (t == JsonToken.START_ARRAY) {
S5680,ReaderBasedJsonParser.java,1225,"_parsingContext = _parsingContext.createChildArrayContext(_tokenInputRow, _tokenInputCol);"
S5681,ReaderBasedJsonParser.java,1226,} else if (t == JsonToken.START_OBJECT) {
S5682,ReaderBasedJsonParser.java,1229,return null;
S5683,ReaderBasedJsonParser.java,1231,JsonToken t = nextToken();
S5684,ReaderBasedJsonParser.java,1232,if (t != null) {
S5685,ReaderBasedJsonParser.java,1233,int id = t.id();
S5686,ReaderBasedJsonParser.java,1234,if (id == ID_TRUE) return Boolean.TRUE;
S5687,ReaderBasedJsonParser.java,1235,if (id == ID_FALSE) return Boolean.FALSE;
S5688,ReaderBasedJsonParser.java,1237,return null;
S5689,ReaderBasedJsonParser.java,1268,int ptr = _inputPtr;
S5690,ReaderBasedJsonParser.java,1269,int startPtr = ptr-1; // to include digit already read
S5691,ReaderBasedJsonParser.java,1270,final int inputLen = _inputEnd;
S5692,ReaderBasedJsonParser.java,1273,if (ch == INT_0) {
S5693,ReaderBasedJsonParser.java,1274,"return _parseNumber2(false, startPtr);"
S5694,ReaderBasedJsonParser.java,1283,int intLen = 1; // already got one
S5695,ReaderBasedJsonParser.java,1288,if (ptr >= inputLen) {
S5696,ReaderBasedJsonParser.java,1289,_inputPtr = startPtr;
S5697,ReaderBasedJsonParser.java,1290,"return _parseNumber2(false, startPtr);"
S5698,ReaderBasedJsonParser.java,1292,ch = (int) _inputBuffer[ptr++];
S5699,ReaderBasedJsonParser.java,1293,if (ch < INT_0 || ch > INT_9) {
S5700,ReaderBasedJsonParser.java,1294,break int_loop;
S5701,ReaderBasedJsonParser.java,1296,++intLen;
S5702,ReaderBasedJsonParser.java,1298,if (ch == INT_PERIOD || ch == INT_e || ch == INT_E) {
S5703,ReaderBasedJsonParser.java,1299,_inputPtr = ptr;
S5704,ReaderBasedJsonParser.java,1300,"return _parseFloat(ch, startPtr, ptr, false, intLen);"
S5705,ReaderBasedJsonParser.java,1303,--ptr; // need to push back following separator
S5706,ReaderBasedJsonParser.java,1304,_inputPtr = ptr;
S5707,ReaderBasedJsonParser.java,1306,if (_parsingContext.inRoot()) {
S5708,ReaderBasedJsonParser.java,1307,_verifyRootSpace(ch);
S5709,ReaderBasedJsonParser.java,1309,int len = ptr-startPtr;
S5710,ReaderBasedJsonParser.java,1310,"_textBuffer.resetWithShared(_inputBuffer, startPtr, len);"
S5711,ReaderBasedJsonParser.java,1311,"return resetInt(false, intLen);"
S5712,ReaderBasedJsonParser.java,1317,final int inputLen = _inputEnd;
S5713,ReaderBasedJsonParser.java,1318,int fractLen = 0;
S5714,ReaderBasedJsonParser.java,1321,"if (ch == '.') { // yes, fraction"
S5715,ReaderBasedJsonParser.java,1324,if (ptr >= inputLen) {
S5716,ReaderBasedJsonParser.java,1325,"return _parseNumber2(neg, startPtr);"
S5717,ReaderBasedJsonParser.java,1327,ch = (int) _inputBuffer[ptr++];
S5718,ReaderBasedJsonParser.java,1328,if (ch < INT_0 || ch > INT_9) {
S5719,ReaderBasedJsonParser.java,1329,break fract_loop;
S5720,ReaderBasedJsonParser.java,1331,++fractLen;
S5721,ReaderBasedJsonParser.java,1334,if (fractLen == 0) {
S5722,ReaderBasedJsonParser.java,1338,int expLen = 0;
S5723,ReaderBasedJsonParser.java,1339,if (ch == 'e' || ch == 'E') { // and/or exponent
S5724,ReaderBasedJsonParser.java,1340,if (ptr >= inputLen) {
S5725,ReaderBasedJsonParser.java,1341,_inputPtr = startPtr;
S5726,ReaderBasedJsonParser.java,1342,"return _parseNumber2(neg, startPtr);"
S5727,ReaderBasedJsonParser.java,1345,ch = (int) _inputBuffer[ptr++];
S5728,ReaderBasedJsonParser.java,1346,"if (ch == INT_MINUS || ch == INT_PLUS) { // yup, skip for now"
S5729,ReaderBasedJsonParser.java,1347,if (ptr >= inputLen) {
S5730,ReaderBasedJsonParser.java,1348,_inputPtr = startPtr;
S5731,ReaderBasedJsonParser.java,1349,"return _parseNumber2(neg, startPtr);"
S5732,ReaderBasedJsonParser.java,1351,ch = (int) _inputBuffer[ptr++];
S5733,ReaderBasedJsonParser.java,1353,while (ch <= INT_9 && ch >= INT_0) {
S5734,ReaderBasedJsonParser.java,1354,++expLen;
S5735,ReaderBasedJsonParser.java,1355,if (ptr >= inputLen) {
S5736,ReaderBasedJsonParser.java,1356,_inputPtr = startPtr;
S5737,ReaderBasedJsonParser.java,1357,"return _parseNumber2(neg, startPtr);"
S5738,ReaderBasedJsonParser.java,1359,ch = (int) _inputBuffer[ptr++];
S5739,ReaderBasedJsonParser.java,1362,if (expLen == 0) {
S5740,ReaderBasedJsonParser.java,1366,--ptr; // need to push back following separator
S5741,ReaderBasedJsonParser.java,1367,_inputPtr = ptr;
S5742,ReaderBasedJsonParser.java,1369,if (_parsingContext.inRoot()) {
S5743,ReaderBasedJsonParser.java,1370,_verifyRootSpace(ch);
S5744,ReaderBasedJsonParser.java,1372,int len = ptr-startPtr;
S5745,ReaderBasedJsonParser.java,1373,"_textBuffer.resetWithShared(_inputBuffer, startPtr, len);"
S5746,ReaderBasedJsonParser.java,1375,"return resetFloat(neg, intLen, fractLen, expLen);"
S5747,ReaderBasedJsonParser.java,1380,int ptr = _inputPtr;
S5748,ReaderBasedJsonParser.java,1381,int startPtr = ptr-1; // to include sign/digit already read
S5749,ReaderBasedJsonParser.java,1382,final int inputLen = _inputEnd;
S5750,ReaderBasedJsonParser.java,1384,if (ptr >= inputLen) {
S5751,ReaderBasedJsonParser.java,1385,"return _parseNumber2(true, startPtr);"
S5752,ReaderBasedJsonParser.java,1387,int ch = _inputBuffer[ptr++];
S5753,ReaderBasedJsonParser.java,1389,if (ch > INT_9 || ch < INT_0) {
S5754,ReaderBasedJsonParser.java,1390,_inputPtr = ptr;
S5755,ReaderBasedJsonParser.java,1391,"return _handleInvalidNumberStart(ch, true);"
S5756,ReaderBasedJsonParser.java,1394,if (ch == INT_0) {
S5757,ReaderBasedJsonParser.java,1395,"return _parseNumber2(true, startPtr);"
S5758,ReaderBasedJsonParser.java,1397,int intLen = 1; // already got one
S5759,ReaderBasedJsonParser.java,1402,if (ptr >= inputLen) {
S5760,ReaderBasedJsonParser.java,1403,"return _parseNumber2(true, startPtr);"
S5761,ReaderBasedJsonParser.java,1405,ch = (int) _inputBuffer[ptr++];
S5762,ReaderBasedJsonParser.java,1406,if (ch < INT_0 || ch > INT_9) {
S5763,ReaderBasedJsonParser.java,1407,break int_loop;
S5764,ReaderBasedJsonParser.java,1409,++intLen;
S5765,ReaderBasedJsonParser.java,1412,if (ch == INT_PERIOD || ch == INT_e || ch == INT_E) {
S5766,ReaderBasedJsonParser.java,1413,_inputPtr = ptr;
S5767,ReaderBasedJsonParser.java,1414,"return _parseFloat(ch, startPtr, ptr, true, intLen);"
S5768,ReaderBasedJsonParser.java,1416,--ptr;
S5769,ReaderBasedJsonParser.java,1417,_inputPtr = ptr;
S5770,ReaderBasedJsonParser.java,1418,if (_parsingContext.inRoot()) {
S5771,ReaderBasedJsonParser.java,1419,_verifyRootSpace(ch);
S5772,ReaderBasedJsonParser.java,1421,int len = ptr-startPtr;
S5773,ReaderBasedJsonParser.java,1422,"_textBuffer.resetWithShared(_inputBuffer, startPtr, len);"
S5774,ReaderBasedJsonParser.java,1423,"return resetInt(true, intLen);"
S5775,ReaderBasedJsonParser.java,1435,_inputPtr = neg ? (startPtr+1) : startPtr;
S5776,ReaderBasedJsonParser.java,1436,char[] outBuf = _textBuffer.emptyAndGetCurrentSegment();
S5777,ReaderBasedJsonParser.java,1437,int outPtr = 0;
S5778,ReaderBasedJsonParser.java,1440,if (neg) {
S5779,ReaderBasedJsonParser.java,1441,outBuf[outPtr++] = '-';
S5780,ReaderBasedJsonParser.java,1445,int intLen = 0;
S5781,ReaderBasedJsonParser.java,1446,char c = (_inputPtr < _inputEnd) ? _inputBuffer[_inputPtr++]
S5782,ReaderBasedJsonParser.java,1448,if (c == '0') {
S5783,ReaderBasedJsonParser.java,1449,c = _verifyNoLeadingZeroes();
S5784,ReaderBasedJsonParser.java,1451,boolean eof = false;
S5785,ReaderBasedJsonParser.java,1455,while (c >= '0' && c <= '9') {
S5786,ReaderBasedJsonParser.java,1456,++intLen;
S5787,ReaderBasedJsonParser.java,1457,if (outPtr >= outBuf.length) {
S5788,ReaderBasedJsonParser.java,1458,outBuf = _textBuffer.finishCurrentSegment();
S5789,ReaderBasedJsonParser.java,1459,outPtr = 0;
S5790,ReaderBasedJsonParser.java,1461,outBuf[outPtr++] = c;
S5791,ReaderBasedJsonParser.java,1462,if (_inputPtr >= _inputEnd && !_loadMore()) {
S5792,ReaderBasedJsonParser.java,1464,c = CHAR_NULL;
S5793,ReaderBasedJsonParser.java,1465,eof = true;
S5794,ReaderBasedJsonParser.java,1466,break int_loop;
S5795,ReaderBasedJsonParser.java,1468,c = _inputBuffer[_inputPtr++];
S5796,ReaderBasedJsonParser.java,1471,if (intLen == 0) {
S5797,ReaderBasedJsonParser.java,1475,int fractLen = 0;
S5798,ReaderBasedJsonParser.java,1477,"if (c == '.') { // yes, fraction"
S5799,ReaderBasedJsonParser.java,1478,if (outPtr >= outBuf.length) {
S5800,ReaderBasedJsonParser.java,1479,outBuf = _textBuffer.finishCurrentSegment();
S5801,ReaderBasedJsonParser.java,1480,outPtr = 0;
S5802,ReaderBasedJsonParser.java,1482,outBuf[outPtr++] = c;
S5803,ReaderBasedJsonParser.java,1486,if (_inputPtr >= _inputEnd && !_loadMore()) {
S5804,ReaderBasedJsonParser.java,1487,eof = true;
S5805,ReaderBasedJsonParser.java,1488,break fract_loop;
S5806,ReaderBasedJsonParser.java,1490,c = _inputBuffer[_inputPtr++];
S5807,ReaderBasedJsonParser.java,1491,if (c < INT_0 || c > INT_9) {
S5808,ReaderBasedJsonParser.java,1492,break fract_loop;
S5809,ReaderBasedJsonParser.java,1494,++fractLen;
S5810,ReaderBasedJsonParser.java,1495,if (outPtr >= outBuf.length) {
S5811,ReaderBasedJsonParser.java,1499,outBuf[outPtr++] = c;
S5812,ReaderBasedJsonParser.java,1502,if (fractLen == 0) {
S5813,ReaderBasedJsonParser.java,1507,int expLen = 0;
S5814,ReaderBasedJsonParser.java,1508,if (c == 'e' || c == 'E') { // exponent?
S5815,ReaderBasedJsonParser.java,1509,if (outPtr >= outBuf.length) {
S5816,ReaderBasedJsonParser.java,1513,outBuf[outPtr++] = c;
S5817,ReaderBasedJsonParser.java,1515,c = (_inputPtr < _inputEnd) ? _inputBuffer[_inputPtr++]
S5818,ReaderBasedJsonParser.java,1518,if (c == '-' || c == '+') {
S5819,ReaderBasedJsonParser.java,1519,if (outPtr >= outBuf.length) {
S5820,ReaderBasedJsonParser.java,1523,outBuf[outPtr++] = c;
S5821,ReaderBasedJsonParser.java,1525,c = (_inputPtr < _inputEnd) ? _inputBuffer[_inputPtr++]
S5822,ReaderBasedJsonParser.java,1530,while (c <= INT_9 && c >= INT_0) {
S5823,ReaderBasedJsonParser.java,1531,++expLen;
S5824,ReaderBasedJsonParser.java,1532,if (outPtr >= outBuf.length) {
S5825,ReaderBasedJsonParser.java,1536,outBuf[outPtr++] = c;
S5826,ReaderBasedJsonParser.java,1537,if (_inputPtr >= _inputEnd && !_loadMore()) {
S5827,ReaderBasedJsonParser.java,1538,eof = true;
S5828,ReaderBasedJsonParser.java,1539,break exp_loop;
S5829,ReaderBasedJsonParser.java,1541,c = _inputBuffer[_inputPtr++];
S5830,ReaderBasedJsonParser.java,1544,if (expLen == 0) {
S5831,ReaderBasedJsonParser.java,1550,if (!eof) {
S5832,ReaderBasedJsonParser.java,1551,--_inputPtr;
S5833,ReaderBasedJsonParser.java,1552,if (_parsingContext.inRoot()) {
S5834,ReaderBasedJsonParser.java,1553,_verifyRootSpace(c);
S5835,ReaderBasedJsonParser.java,1556,_textBuffer.setCurrentLength(outPtr);
S5836,ReaderBasedJsonParser.java,1558,"return reset(neg, intLen, fractLen, expLen);"
S5837,ReaderBasedJsonParser.java,1568,if (_inputPtr < _inputEnd) {
S5838,ReaderBasedJsonParser.java,1569,char ch = _inputBuffer[_inputPtr];
S5839,ReaderBasedJsonParser.java,1571,if (ch < '0' || ch > '9') {
S5840,ReaderBasedJsonParser.java,1572,return '0';
S5841,ReaderBasedJsonParser.java,1576,return _verifyNLZ2();
S5842,ReaderBasedJsonParser.java,1581,if (_inputPtr >= _inputEnd && !_loadMore()) {
S5843,ReaderBasedJsonParser.java,1582,return '0';
S5844,ReaderBasedJsonParser.java,1584,char ch = _inputBuffer[_inputPtr];
S5845,ReaderBasedJsonParser.java,1585,if (ch < '0' || ch > '9') {
S5846,ReaderBasedJsonParser.java,1588,if (!isEnabled(Feature.ALLOW_NUMERIC_LEADING_ZEROS)) {
S5847,ReaderBasedJsonParser.java,1589,"reportInvalidNumber(""Leading zeroes not allowed"");"
S5848,ReaderBasedJsonParser.java,1592,++_inputPtr; // Leading zero to be skipped
S5849,ReaderBasedJsonParser.java,1593,if (ch == INT_0) {
S5850,ReaderBasedJsonParser.java,1594,while (_inputPtr < _inputEnd || _loadMore()) {
S5851,ReaderBasedJsonParser.java,1595,ch = _inputBuffer[_inputPtr];
S5852,ReaderBasedJsonParser.java,1596,if (ch < '0' || ch > '9') { // followed by non-number; retain one zero
S5853,ReaderBasedJsonParser.java,1599,++_inputPtr; // skip previous zero
S5854,ReaderBasedJsonParser.java,1600,if (ch != '0') { // followed by other number; return
S5855,ReaderBasedJsonParser.java,1601,break;
S5856,ReaderBasedJsonParser.java,1605,return ch;
S5857,ReaderBasedJsonParser.java,1614,if (ch == 'I') {
S5858,ReaderBasedJsonParser.java,1615,if (_inputPtr >= _inputEnd) {
S5859,ReaderBasedJsonParser.java,1620,ch = _inputBuffer[_inputPtr++];
S5860,ReaderBasedJsonParser.java,1621,if (ch == 'N') {
S5861,ReaderBasedJsonParser.java,1622,"String match = negative ? ""-INF"" :""+INF"";"
S5862,ReaderBasedJsonParser.java,1623,"_matchToken(match, 3);"
S5863,ReaderBasedJsonParser.java,1624,if (isEnabled(Feature.ALLOW_NON_NUMERIC_NUMBERS)) {
S5864,ReaderBasedJsonParser.java,1625,"return resetAsNaN(match, negative ? Double.NEGATIVE_INFINITY : Double.POSITIVE_INFINITY);"
S5865,ReaderBasedJsonParser.java,1627,"_reportError(""Non-standard token '""+match+""': enable JsonParser.Feature.ALLOW_NON_NUMERIC_NUMBERS to allow"");"
S5866,ReaderBasedJsonParser.java,1629,"String match = negative ? ""-Infinity"" :""+Infinity"";"
S5867,ReaderBasedJsonParser.java,1630,"_matchToken(match, 3);"
S5868,ReaderBasedJsonParser.java,1631,if (isEnabled(Feature.ALLOW_NON_NUMERIC_NUMBERS)) {
S5869,ReaderBasedJsonParser.java,1632,"return resetAsNaN(match, negative ? Double.NEGATIVE_INFINITY : Double.POSITIVE_INFINITY);"
S5870,ReaderBasedJsonParser.java,1637,"reportUnexpectedNumberChar(ch, ""expected digit (0-9) to follow minus sign, for valid numeric value"");"
S5871,ReaderBasedJsonParser.java,1651,++_inputPtr;
S5872,ReaderBasedJsonParser.java,1652,switch (ch) {
S5873,ReaderBasedJsonParser.java,1655,return;
S5874,ReaderBasedJsonParser.java,1657,_skipCR();
S5875,ReaderBasedJsonParser.java,1658,return;
S5876,ReaderBasedJsonParser.java,1660,++_currInputRow;
S5877,ReaderBasedJsonParser.java,1661,_currInputRowStart = _inputPtr;
S5878,ReaderBasedJsonParser.java,1662,return;
S5879,ReaderBasedJsonParser.java,1664,_reportMissingRootWS(ch);
S5880,ReaderBasedJsonParser.java,1677,int ptr = _inputPtr;
S5881,ReaderBasedJsonParser.java,1678,int hash = _hashSeed;
S5882,ReaderBasedJsonParser.java,1679,final int[] codes = _icLatin1;
S5883,ReaderBasedJsonParser.java,1681,while (ptr < _inputEnd) {
S5884,ReaderBasedJsonParser.java,1682,int ch = _inputBuffer[ptr];
S5885,ReaderBasedJsonParser.java,1683,if (ch < codes.length && codes[ch] != 0) {
S5886,ReaderBasedJsonParser.java,1684,"if (ch == '""') {"
S5887,ReaderBasedJsonParser.java,1685,int start = _inputPtr;
S5888,ReaderBasedJsonParser.java,1686,_inputPtr = ptr+1; // to skip the quote
S5889,ReaderBasedJsonParser.java,1687,"return _symbols.findSymbol(_inputBuffer, start, ptr - start, hash);"
S5890,ReaderBasedJsonParser.java,1691,hash = (hash * CharsToNameCanonicalizer.HASH_MULT) + ch;
S5891,ReaderBasedJsonParser.java,1692,++ptr;
S5892,ReaderBasedJsonParser.java,1694,int start = _inputPtr;
S5893,ReaderBasedJsonParser.java,1695,_inputPtr = ptr;
S5894,ReaderBasedJsonParser.java,1696,"return _parseName2(start, hash, INT_QUOTE);"
S5895,ReaderBasedJsonParser.java,1701,"_textBuffer.resetWithShared(_inputBuffer, startPtr, (_inputPtr - startPtr));"
S5896,ReaderBasedJsonParser.java,1706,char[] outBuf = _textBuffer.getCurrentSegment();
S5897,ReaderBasedJsonParser.java,1707,int outPtr = _textBuffer.getCurrentSegmentSize();
S5898,ReaderBasedJsonParser.java,1710,if (_inputPtr >= _inputEnd) {
S5899,ReaderBasedJsonParser.java,1711,if (!_loadMore()) {
S5900,ReaderBasedJsonParser.java,1712,"_reportInvalidEOF("" in field name"", JsonToken.FIELD_NAME);"
S5901,ReaderBasedJsonParser.java,1715,char c = _inputBuffer[_inputPtr++];
S5902,ReaderBasedJsonParser.java,1716,int i = (int) c;
S5903,ReaderBasedJsonParser.java,1717,if (i <= INT_BACKSLASH) {
S5904,ReaderBasedJsonParser.java,1718,if (i == INT_BACKSLASH) {
S5905,ReaderBasedJsonParser.java,1723,c = _decodeEscaped();
S5906,ReaderBasedJsonParser.java,1724,} else if (i <= endChar) {
S5907,ReaderBasedJsonParser.java,1725,if (i == endChar) {
S5908,ReaderBasedJsonParser.java,1726,break;
S5909,ReaderBasedJsonParser.java,1728,if (i < INT_SPACE) {
S5910,ReaderBasedJsonParser.java,1729,"_throwUnquotedSpace(i, ""name"");"
S5911,ReaderBasedJsonParser.java,1733,hash = (hash * CharsToNameCanonicalizer.HASH_MULT) + c;
S5912,ReaderBasedJsonParser.java,1735,outBuf[outPtr++] = c;
S5913,ReaderBasedJsonParser.java,1738,if (outPtr >= outBuf.length) {
S5914,ReaderBasedJsonParser.java,1743,_textBuffer.setCurrentLength(outPtr);
S5915,ReaderBasedJsonParser.java,1745,TextBuffer tb = _textBuffer;
S5916,ReaderBasedJsonParser.java,1746,char[] buf = tb.getTextBuffer();
S5917,ReaderBasedJsonParser.java,1747,int start = tb.getTextOffset();
S5918,ReaderBasedJsonParser.java,1748,int len = tb.size();
S5919,ReaderBasedJsonParser.java,1749,"return _symbols.findSymbol(buf, start, len, hash);"
S5920,ReaderBasedJsonParser.java,1762,if (i == '\'' && isEnabled(Feature.ALLOW_SINGLE_QUOTES)) {
S5921,ReaderBasedJsonParser.java,1763,return _parseAposName();
S5922,ReaderBasedJsonParser.java,1766,if (!isEnabled(Feature.ALLOW_UNQUOTED_FIELD_NAMES)) {
S5923,ReaderBasedJsonParser.java,1767,"_reportUnexpectedChar(i, ""was expecting double-quote to start field name"");"
S5924,ReaderBasedJsonParser.java,1769,final int[] codes = CharTypes.getInputCodeLatin1JsNames();
S5925,ReaderBasedJsonParser.java,1770,final int maxCode = codes.length;
S5926,ReaderBasedJsonParser.java,1775,"if (i < maxCode) { // identifier, or a number ([Issue#102])"
S5927,ReaderBasedJsonParser.java,1776,firstOk = (codes[i] == 0);
S5928,ReaderBasedJsonParser.java,1780,if (!firstOk) {
S5929,ReaderBasedJsonParser.java,1783,int ptr = _inputPtr;
S5930,ReaderBasedJsonParser.java,1784,int hash = _hashSeed;
S5931,ReaderBasedJsonParser.java,1785,final int inputLen = _inputEnd;
S5932,ReaderBasedJsonParser.java,1787,if (ptr < inputLen) {
S5933,ReaderBasedJsonParser.java,1789,int ch = _inputBuffer[ptr];
S5934,ReaderBasedJsonParser.java,1790,if (ch < maxCode) {
S5935,ReaderBasedJsonParser.java,1791,if (codes[ch] != 0) {
S5936,ReaderBasedJsonParser.java,1792,int start = _inputPtr-1; // -1 to bring back first char
S5937,ReaderBasedJsonParser.java,1793,_inputPtr = ptr;
S5938,ReaderBasedJsonParser.java,1794,"return _symbols.findSymbol(_inputBuffer, start, ptr - start, hash);"
S5939,ReaderBasedJsonParser.java,1801,hash = (hash * CharsToNameCanonicalizer.HASH_MULT) + ch;
S5940,ReaderBasedJsonParser.java,1802,++ptr;
S5941,ReaderBasedJsonParser.java,1803,} while (ptr < inputLen);
S5942,ReaderBasedJsonParser.java,1805,int start = _inputPtr-1;
S5943,ReaderBasedJsonParser.java,1806,_inputPtr = ptr;
S5944,ReaderBasedJsonParser.java,1807,"return _handleOddName2(start, hash, codes);"
S5945,ReaderBasedJsonParser.java,1813,int ptr = _inputPtr;
S5946,ReaderBasedJsonParser.java,1814,int hash = _hashSeed;
S5947,ReaderBasedJsonParser.java,1815,final int inputLen = _inputEnd;
S5948,ReaderBasedJsonParser.java,1817,if (ptr < inputLen) {
S5949,ReaderBasedJsonParser.java,1818,final int[] codes = _icLatin1;
S5950,ReaderBasedJsonParser.java,1819,final int maxCode = codes.length;
S5951,ReaderBasedJsonParser.java,1822,int ch = _inputBuffer[ptr];
S5952,ReaderBasedJsonParser.java,1823,if (ch == '\'') {
S5953,ReaderBasedJsonParser.java,1824,int start = _inputPtr;
S5954,ReaderBasedJsonParser.java,1825,_inputPtr = ptr+1; // to skip the quote
S5955,ReaderBasedJsonParser.java,1826,"return _symbols.findSymbol(_inputBuffer, start, ptr - start, hash);"
S5956,ReaderBasedJsonParser.java,1828,if (ch < maxCode && codes[ch] != 0) {
S5957,ReaderBasedJsonParser.java,1829,break;
S5958,ReaderBasedJsonParser.java,1831,hash = (hash * CharsToNameCanonicalizer.HASH_MULT) + ch;
S5959,ReaderBasedJsonParser.java,1832,++ptr;
S5960,ReaderBasedJsonParser.java,1833,} while (ptr < inputLen);
S5961,ReaderBasedJsonParser.java,1836,int start = _inputPtr;
S5962,ReaderBasedJsonParser.java,1837,_inputPtr = ptr;
S5963,ReaderBasedJsonParser.java,1839,"return _parseName2(start, hash, '\'');"
S5964,ReaderBasedJsonParser.java,1849,switch (i) {
S5965,ReaderBasedJsonParser.java,1856,if (isEnabled(Feature.ALLOW_SINGLE_QUOTES)) {
S5966,ReaderBasedJsonParser.java,1857,return _handleApos();
S5967,ReaderBasedJsonParser.java,1865,if (!_parsingContext.inArray()) {
S5968,ReaderBasedJsonParser.java,1870,if (isEnabled(Feature.ALLOW_MISSING_VALUES)) {
S5969,ReaderBasedJsonParser.java,1871,--_inputPtr;
S5970,ReaderBasedJsonParser.java,1872,return JsonToken.VALUE_NULL;
S5971,ReaderBasedJsonParser.java,1876,"_matchToken(""NaN"", 1);"
S5972,ReaderBasedJsonParser.java,1877,if (isEnabled(Feature.ALLOW_NON_NUMERIC_NUMBERS)) {
S5973,ReaderBasedJsonParser.java,1878,"return resetAsNaN(""NaN"", Double.NaN);"
S5974,ReaderBasedJsonParser.java,1880,"_reportError(""Non-standard token 'NaN': enable JsonParser.Feature.ALLOW_NON_NUMERIC_NUMBERS to allow"");"
S5975,ReaderBasedJsonParser.java,1883,"_matchToken(""Infinity"", 1);"
S5976,ReaderBasedJsonParser.java,1884,if (isEnabled(Feature.ALLOW_NON_NUMERIC_NUMBERS)) {
S5977,ReaderBasedJsonParser.java,1885,"return resetAsNaN(""Infinity"", Double.POSITIVE_INFINITY);"
S5978,ReaderBasedJsonParser.java,1890,if (_inputPtr >= _inputEnd) {
S5979,ReaderBasedJsonParser.java,1895,"return _handleInvalidNumberStart(_inputBuffer[_inputPtr++], false);"
S5980,ReaderBasedJsonParser.java,1898,if (Character.isJavaIdentifierStart(i)) {
S5981,ReaderBasedJsonParser.java,1899,"_reportInvalidToken(""""+((char) i), ""('true', 'false' or 'null')"");"
S5982,ReaderBasedJsonParser.java,1902,"_reportUnexpectedChar(i, ""expected a valid value (number, String, array, object, 'true', 'false' or 'null')"");"
S5983,ReaderBasedJsonParser.java,1908,char[] outBuf = _textBuffer.emptyAndGetCurrentSegment();
S5984,ReaderBasedJsonParser.java,1909,int outPtr = _textBuffer.getCurrentSegmentSize();
S5985,ReaderBasedJsonParser.java,1912,if (_inputPtr >= _inputEnd) {
S5986,ReaderBasedJsonParser.java,1918,char c = _inputBuffer[_inputPtr++];
S5987,ReaderBasedJsonParser.java,1919,int i = (int) c;
S5988,ReaderBasedJsonParser.java,1920,if (i <= '\\') {
S5989,ReaderBasedJsonParser.java,1921,if (i == '\\') {
S5990,ReaderBasedJsonParser.java,1926,c = _decodeEscaped();
S5991,ReaderBasedJsonParser.java,1927,} else if (i <= '\'') {
S5992,ReaderBasedJsonParser.java,1928,if (i == '\'') {
S5993,ReaderBasedJsonParser.java,1929,break;
S5994,ReaderBasedJsonParser.java,1931,if (i < INT_SPACE) {
S5995,ReaderBasedJsonParser.java,1937,if (outPtr >= outBuf.length) {
S5996,ReaderBasedJsonParser.java,1942,outBuf[outPtr++] = c;
S5997,ReaderBasedJsonParser.java,1944,_textBuffer.setCurrentLength(outPtr);
S5998,ReaderBasedJsonParser.java,1945,return JsonToken.VALUE_STRING;
S5999,ReaderBasedJsonParser.java,1950,"_textBuffer.resetWithShared(_inputBuffer, startPtr, (_inputPtr - startPtr));"
S6000,ReaderBasedJsonParser.java,1951,char[] outBuf = _textBuffer.getCurrentSegment();
S6001,ReaderBasedJsonParser.java,1952,int outPtr = _textBuffer.getCurrentSegmentSize();
S6002,ReaderBasedJsonParser.java,1953,final int maxCode = codes.length;
S6003,ReaderBasedJsonParser.java,1956,if (_inputPtr >= _inputEnd) {
S6004,ReaderBasedJsonParser.java,1957,if (!_loadMore()) { // acceptable for now (will error out later)
S6005,ReaderBasedJsonParser.java,1961,char c = _inputBuffer[_inputPtr];
S6006,ReaderBasedJsonParser.java,1962,int i = (int) c;
S6007,ReaderBasedJsonParser.java,1963,if (i <= maxCode) {
S6008,ReaderBasedJsonParser.java,1964,if (codes[i] != 0) {
S6009,ReaderBasedJsonParser.java,1999,int ptr = _inputPtr;
S6010,ReaderBasedJsonParser.java,2000,final int inputLen = _inputEnd;
S6011,ReaderBasedJsonParser.java,2002,if (ptr < inputLen) {
S6012,ReaderBasedJsonParser.java,2003,final int[] codes = _icLatin1;
S6013,ReaderBasedJsonParser.java,2004,final int maxCode = codes.length;
S6014,ReaderBasedJsonParser.java,2007,int ch = _inputBuffer[ptr];
S6015,ReaderBasedJsonParser.java,2008,if (ch < maxCode && codes[ch] != 0) {
S6016,ReaderBasedJsonParser.java,2009,"if (ch == '""') {"
S6017,ReaderBasedJsonParser.java,2010,"_textBuffer.resetWithShared(_inputBuffer, _inputPtr, (ptr-_inputPtr));"
S6018,ReaderBasedJsonParser.java,2011,_inputPtr = ptr+1;
S6019,ReaderBasedJsonParser.java,2013,return;
S6020,ReaderBasedJsonParser.java,2017,++ptr;
S6021,ReaderBasedJsonParser.java,2018,} while (ptr < inputLen);
S6022,ReaderBasedJsonParser.java,2022,"_textBuffer.resetWithCopy(_inputBuffer, _inputPtr, (ptr-_inputPtr));"
S6023,ReaderBasedJsonParser.java,2023,_inputPtr = ptr;
S6024,ReaderBasedJsonParser.java,2024,_finishString2();
S6025,ReaderBasedJsonParser.java,2029,char[] outBuf = _textBuffer.getCurrentSegment();
S6026,ReaderBasedJsonParser.java,2030,int outPtr = _textBuffer.getCurrentSegmentSize();
S6027,ReaderBasedJsonParser.java,2031,final int[] codes = _icLatin1;
S6028,ReaderBasedJsonParser.java,2032,final int maxCode = codes.length;
S6029,ReaderBasedJsonParser.java,2035,if (_inputPtr >= _inputEnd) {
S6030,ReaderBasedJsonParser.java,2036,if (!_loadMore()) {
S6031,ReaderBasedJsonParser.java,2041,char c = _inputBuffer[_inputPtr++];
S6032,ReaderBasedJsonParser.java,2042,int i = (int) c;
S6033,ReaderBasedJsonParser.java,2043,if (i < maxCode && codes[i] != 0) {
S6034,ReaderBasedJsonParser.java,2044,if (i == INT_QUOTE) {
S6035,ReaderBasedJsonParser.java,2045,break;
S6036,ReaderBasedJsonParser.java,2046,} else if (i == INT_BACKSLASH) {
S6037,ReaderBasedJsonParser.java,2051,c = _decodeEscaped();
S6038,ReaderBasedJsonParser.java,2052,} else if (i < INT_SPACE) {
S6039,ReaderBasedJsonParser.java,2053,"_throwUnquotedSpace(i, ""string value"");"
S6040,ReaderBasedJsonParser.java,2057,if (outPtr >= outBuf.length) {
S6041,ReaderBasedJsonParser.java,2058,outBuf = _textBuffer.finishCurrentSegment();
S6042,ReaderBasedJsonParser.java,2059,outPtr = 0;
S6043,ReaderBasedJsonParser.java,2062,outBuf[outPtr++] = c;
S6044,ReaderBasedJsonParser.java,2064,_textBuffer.setCurrentLength(outPtr);
S6045,ReaderBasedJsonParser.java,2074,_tokenIncomplete = false;
S6046,ReaderBasedJsonParser.java,2076,int inPtr = _inputPtr;
S6047,ReaderBasedJsonParser.java,2077,int inLen = _inputEnd;
S6048,ReaderBasedJsonParser.java,2078,char[] inBuf = _inputBuffer;
S6049,ReaderBasedJsonParser.java,2081,if (inPtr >= inLen) {
S6050,ReaderBasedJsonParser.java,2090,char c = inBuf[inPtr++];
S6051,ReaderBasedJsonParser.java,2091,int i = (int) c;
S6052,ReaderBasedJsonParser.java,2092,if (i <= INT_BACKSLASH) {
S6053,ReaderBasedJsonParser.java,2093,if (i == INT_BACKSLASH) {
S6054,ReaderBasedJsonParser.java,2100,} else if (i <= INT_QUOTE) {
S6055,ReaderBasedJsonParser.java,2101,if (i == INT_QUOTE) {
S6056,ReaderBasedJsonParser.java,2102,_inputPtr = inPtr;
S6057,ReaderBasedJsonParser.java,2103,break;
S6058,ReaderBasedJsonParser.java,2105,if (i < INT_SPACE) {
S6059,ReaderBasedJsonParser.java,2125,if (_inputPtr < _inputEnd || _loadMore()) {
S6060,ReaderBasedJsonParser.java,2126,if (_inputBuffer[_inputPtr] == '\n') {
S6061,ReaderBasedJsonParser.java,2127,++_inputPtr;
S6062,ReaderBasedJsonParser.java,2130,++_currInputRow;
S6063,ReaderBasedJsonParser.java,2131,_currInputRowStart = _inputPtr;
S6064,ReaderBasedJsonParser.java,2136,if ((_inputPtr + 4) >= _inputEnd) {
S6065,ReaderBasedJsonParser.java,2137,return _skipColon2(false);
S6066,ReaderBasedJsonParser.java,2139,char c = _inputBuffer[_inputPtr];
S6067,ReaderBasedJsonParser.java,2140,"if (c == ':') { // common case, no leading space"
S6068,ReaderBasedJsonParser.java,2141,int i = _inputBuffer[++_inputPtr];
S6069,ReaderBasedJsonParser.java,2142,if (i > INT_SPACE) { // nor trailing
S6070,ReaderBasedJsonParser.java,2143,if (i == INT_SLASH || i == INT_HASH) {
S6071,ReaderBasedJsonParser.java,2144,return _skipColon2(true);
S6072,ReaderBasedJsonParser.java,2146,++_inputPtr;
S6073,ReaderBasedJsonParser.java,2147,return i;
S6074,ReaderBasedJsonParser.java,2149,if (i == INT_SPACE || i == INT_TAB) {
S6075,ReaderBasedJsonParser.java,2150,i = (int) _inputBuffer[++_inputPtr];
S6076,ReaderBasedJsonParser.java,2151,if (i > INT_SPACE) {
S6077,ReaderBasedJsonParser.java,2152,if (i == INT_SLASH || i == INT_HASH) {
S6078,ReaderBasedJsonParser.java,2153,return _skipColon2(true);
S6079,ReaderBasedJsonParser.java,2155,++_inputPtr;
S6080,ReaderBasedJsonParser.java,2156,return i;
S6081,ReaderBasedJsonParser.java,2161,if (c == ' ' || c == '\t') {
S6082,ReaderBasedJsonParser.java,2162,c = _inputBuffer[++_inputPtr];
S6083,ReaderBasedJsonParser.java,2164,if (c == ':') {
S6084,ReaderBasedJsonParser.java,2165,int i = _inputBuffer[++_inputPtr];
S6085,ReaderBasedJsonParser.java,2166,if (i > INT_SPACE) {
S6086,ReaderBasedJsonParser.java,2167,if (i == INT_SLASH || i == INT_HASH) {
S6087,ReaderBasedJsonParser.java,2168,return _skipColon2(true);
S6088,ReaderBasedJsonParser.java,2170,++_inputPtr;
S6089,ReaderBasedJsonParser.java,2171,return i;
S6090,ReaderBasedJsonParser.java,2173,if (i == INT_SPACE || i == INT_TAB) {
S6091,ReaderBasedJsonParser.java,2174,i = (int) _inputBuffer[++_inputPtr];
S6092,ReaderBasedJsonParser.java,2175,if (i > INT_SPACE) {
S6093,ReaderBasedJsonParser.java,2176,if (i == INT_SLASH || i == INT_HASH) {
S6094,ReaderBasedJsonParser.java,2179,++_inputPtr;
S6095,ReaderBasedJsonParser.java,2180,return i;
S6096,ReaderBasedJsonParser.java,2185,return _skipColon2(false);
S6097,ReaderBasedJsonParser.java,2190,while (_inputPtr < _inputEnd || _loadMore()) {
S6098,ReaderBasedJsonParser.java,2191,int i = (int) _inputBuffer[_inputPtr++];
S6099,ReaderBasedJsonParser.java,2192,if (i > INT_SPACE) {
S6100,ReaderBasedJsonParser.java,2193,if (i == INT_SLASH) {
S6101,ReaderBasedJsonParser.java,2194,_skipComment();
S6102,ReaderBasedJsonParser.java,2195,continue;
S6103,ReaderBasedJsonParser.java,2197,if (i == INT_HASH) {
S6104,ReaderBasedJsonParser.java,2198,if (_skipYAMLComment()) {
S6105,ReaderBasedJsonParser.java,2199,continue;
S6106,ReaderBasedJsonParser.java,2202,if (gotColon) {
S6107,ReaderBasedJsonParser.java,2203,return i;
S6108,ReaderBasedJsonParser.java,2205,if (i != INT_COLON) {
S6109,ReaderBasedJsonParser.java,2206,"_reportUnexpectedChar(i, ""was expecting a colon to separate field name and value"");"
S6110,ReaderBasedJsonParser.java,2208,gotColon = true;
S6111,ReaderBasedJsonParser.java,2209,continue;
S6112,ReaderBasedJsonParser.java,2211,if (i < INT_SPACE) {
S6113,ReaderBasedJsonParser.java,2212,if (i == INT_LF) {
S6114,ReaderBasedJsonParser.java,2213,++_currInputRow;
S6115,ReaderBasedJsonParser.java,2214,_currInputRowStart = _inputPtr;
S6116,ReaderBasedJsonParser.java,2222,"_reportInvalidEOF("" within/between ""+_parsingContext.typeDesc()+"" entries"","
S6117,ReaderBasedJsonParser.java,2230,int i = (int) _inputBuffer[ptr++];
S6118,ReaderBasedJsonParser.java,2231,"if (i == INT_COLON) { // common case, no leading space"
S6119,ReaderBasedJsonParser.java,2232,i = _inputBuffer[ptr++];
S6120,ReaderBasedJsonParser.java,2233,if (i > INT_SPACE) { // nor trailing
S6121,ReaderBasedJsonParser.java,2234,if (i != INT_SLASH && i != INT_HASH) {
S6122,ReaderBasedJsonParser.java,2235,_inputPtr = ptr;
S6123,ReaderBasedJsonParser.java,2236,return i;
S6124,ReaderBasedJsonParser.java,2238,} else if (i == INT_SPACE || i == INT_TAB) {
S6125,ReaderBasedJsonParser.java,2239,i = (int) _inputBuffer[ptr++];
S6126,ReaderBasedJsonParser.java,2240,if (i > INT_SPACE) {
S6127,ReaderBasedJsonParser.java,2241,if (i != INT_SLASH && i != INT_HASH) {
S6128,ReaderBasedJsonParser.java,2242,_inputPtr = ptr;
S6129,ReaderBasedJsonParser.java,2243,return i;
S6130,ReaderBasedJsonParser.java,2250,if (i == INT_SPACE || i == INT_TAB) {
S6131,ReaderBasedJsonParser.java,2251,i = _inputBuffer[ptr++];
S6132,ReaderBasedJsonParser.java,2253,boolean gotColon = (i == INT_COLON);
S6133,ReaderBasedJsonParser.java,2254,if (gotColon) {
S6134,ReaderBasedJsonParser.java,2255,i = _inputBuffer[ptr++];
S6135,ReaderBasedJsonParser.java,2256,if (i > INT_SPACE) {
S6136,ReaderBasedJsonParser.java,2257,if (i != INT_SLASH && i != INT_HASH) {
S6137,ReaderBasedJsonParser.java,2258,_inputPtr = ptr;
S6138,ReaderBasedJsonParser.java,2259,return i;
S6139,ReaderBasedJsonParser.java,2261,} else if (i == INT_SPACE || i == INT_TAB) {
S6140,ReaderBasedJsonParser.java,2262,i = (int) _inputBuffer[ptr++];
S6141,ReaderBasedJsonParser.java,2263,if (i > INT_SPACE) {
S6142,ReaderBasedJsonParser.java,2271,_inputPtr = ptr-1;
S6143,ReaderBasedJsonParser.java,2272,return _skipColon2(gotColon);
S6144,ReaderBasedJsonParser.java,2278,if (i != INT_COMMA) {
S6145,ReaderBasedJsonParser.java,2281,while (_inputPtr < _inputEnd) {
S6146,ReaderBasedJsonParser.java,2282,i = (int) _inputBuffer[_inputPtr++];
S6147,ReaderBasedJsonParser.java,2283,if (i > INT_SPACE) {
S6148,ReaderBasedJsonParser.java,2284,if (i == INT_SLASH || i == INT_HASH) {
S6149,ReaderBasedJsonParser.java,2285,--_inputPtr;
S6150,ReaderBasedJsonParser.java,2286,return _skipAfterComma2();
S6151,ReaderBasedJsonParser.java,2288,return i;
S6152,ReaderBasedJsonParser.java,2290,if (i < INT_SPACE) {
S6153,ReaderBasedJsonParser.java,2291,if (i == INT_LF) {
S6154,ReaderBasedJsonParser.java,2292,++_currInputRow;
S6155,ReaderBasedJsonParser.java,2293,_currInputRowStart = _inputPtr;
S6156,ReaderBasedJsonParser.java,2294,} else if (i == INT_CR) {
S6157,ReaderBasedJsonParser.java,2295,_skipCR();
S6158,ReaderBasedJsonParser.java,2301,return _skipAfterComma2();
S6159,ReaderBasedJsonParser.java,2306,while (_inputPtr < _inputEnd || _loadMore()) {
S6160,ReaderBasedJsonParser.java,2307,int i = (int) _inputBuffer[_inputPtr++];
S6161,ReaderBasedJsonParser.java,2308,if (i > INT_SPACE) {
S6162,ReaderBasedJsonParser.java,2309,if (i == INT_SLASH) {
S6163,ReaderBasedJsonParser.java,2313,if (i == INT_HASH) {
S6164,ReaderBasedJsonParser.java,2314,if (_skipYAMLComment()) {
S6165,ReaderBasedJsonParser.java,2315,continue;
S6166,ReaderBasedJsonParser.java,2318,return i;
S6167,ReaderBasedJsonParser.java,2320,if (i < INT_SPACE) {
S6168,ReaderBasedJsonParser.java,2338,if (_inputPtr >= _inputEnd) {
S6169,ReaderBasedJsonParser.java,2339,if (!_loadMore()) {
S6170,ReaderBasedJsonParser.java,2340,return _eofAsNextChar();
S6171,ReaderBasedJsonParser.java,2343,int i = _inputBuffer[_inputPtr++];
S6172,ReaderBasedJsonParser.java,2344,if (i > INT_SPACE) {
S6173,ReaderBasedJsonParser.java,2345,if (i == INT_SLASH || i == INT_HASH) {
S6174,ReaderBasedJsonParser.java,2346,--_inputPtr;
S6175,ReaderBasedJsonParser.java,2347,return _skipWSOrEnd2();
S6176,ReaderBasedJsonParser.java,2349,return i;
S6177,ReaderBasedJsonParser.java,2351,if (i != INT_SPACE) {
S6178,ReaderBasedJsonParser.java,2352,if (i == INT_LF) {
S6179,ReaderBasedJsonParser.java,2353,++_currInputRow;
S6180,ReaderBasedJsonParser.java,2354,_currInputRowStart = _inputPtr;
S6181,ReaderBasedJsonParser.java,2355,} else if (i == INT_CR) {
S6182,ReaderBasedJsonParser.java,2356,_skipCR();
S6183,ReaderBasedJsonParser.java,2357,} else if (i != INT_TAB) {
S6184,ReaderBasedJsonParser.java,2358,_throwInvalidSpace(i);
S6185,ReaderBasedJsonParser.java,2362,while (_inputPtr < _inputEnd) {
S6186,ReaderBasedJsonParser.java,2363,i = (int) _inputBuffer[_inputPtr++];
S6187,ReaderBasedJsonParser.java,2364,if (i > INT_SPACE) {
S6188,ReaderBasedJsonParser.java,2365,if (i == INT_SLASH || i == INT_HASH) {
S6189,ReaderBasedJsonParser.java,2366,--_inputPtr;
S6190,ReaderBasedJsonParser.java,2367,return _skipWSOrEnd2();
S6191,ReaderBasedJsonParser.java,2369,return i;
S6192,ReaderBasedJsonParser.java,2371,if (i != INT_SPACE) {
S6193,ReaderBasedJsonParser.java,2372,if (i == INT_LF) {
S6194,ReaderBasedJsonParser.java,2373,++_currInputRow;
S6195,ReaderBasedJsonParser.java,2374,_currInputRowStart = _inputPtr;
S6196,ReaderBasedJsonParser.java,2375,} else if (i == INT_CR) {
S6197,ReaderBasedJsonParser.java,2376,_skipCR();
S6198,ReaderBasedJsonParser.java,2382,return _skipWSOrEnd2();
S6199,ReaderBasedJsonParser.java,2388,if (_inputPtr >= _inputEnd) {
S6200,ReaderBasedJsonParser.java,2389,if (!_loadMore()) { // We ran out of input...
S6201,ReaderBasedJsonParser.java,2390,return _eofAsNextChar();
S6202,ReaderBasedJsonParser.java,2393,int i = (int) _inputBuffer[_inputPtr++];
S6203,ReaderBasedJsonParser.java,2394,if (i > INT_SPACE) {
S6204,ReaderBasedJsonParser.java,2395,if (i == INT_SLASH) {
S6205,ReaderBasedJsonParser.java,2396,_skipComment();
S6206,ReaderBasedJsonParser.java,2397,continue;
S6207,ReaderBasedJsonParser.java,2399,if (i == INT_HASH) {
S6208,ReaderBasedJsonParser.java,2400,if (_skipYAMLComment()) {
S6209,ReaderBasedJsonParser.java,2401,continue;
S6210,ReaderBasedJsonParser.java,2404,return i;
S6211,ReaderBasedJsonParser.java,2405,} else if (i != INT_SPACE) {
S6212,ReaderBasedJsonParser.java,2406,if (i == INT_LF) {
S6213,ReaderBasedJsonParser.java,2407,++_currInputRow;
S6214,ReaderBasedJsonParser.java,2408,_currInputRowStart = _inputPtr;
S6215,ReaderBasedJsonParser.java,2409,} else if (i == INT_CR) {
S6216,ReaderBasedJsonParser.java,2411,} else if (i != INT_TAB) {
S6217,ReaderBasedJsonParser.java,2420,if (!isEnabled(Feature.ALLOW_COMMENTS)) {
S6218,ReaderBasedJsonParser.java,2421,"_reportUnexpectedChar('/', ""maybe a (non-standard) comment? (not recognized as one since Feature 'ALLOW_COMMENTS' not enabled for parser)"");"
S6219,ReaderBasedJsonParser.java,2424,if (_inputPtr >= _inputEnd && !_loadMore()) {
S6220,ReaderBasedJsonParser.java,2427,char c = _inputBuffer[_inputPtr++];
S6221,ReaderBasedJsonParser.java,2428,if (c == '/') {
S6222,ReaderBasedJsonParser.java,2429,_skipLine();
S6223,ReaderBasedJsonParser.java,2430,} else if (c == '*') {
S6224,ReaderBasedJsonParser.java,2431,_skipCComment();
S6225,ReaderBasedJsonParser.java,2440,while ((_inputPtr < _inputEnd) || _loadMore()) {
S6226,ReaderBasedJsonParser.java,2441,int i = (int) _inputBuffer[_inputPtr++];
S6227,ReaderBasedJsonParser.java,2442,if (i <= '*') {
S6228,ReaderBasedJsonParser.java,2443,if (i == '*') { // end?
S6229,ReaderBasedJsonParser.java,2444,if ((_inputPtr >= _inputEnd) && !_loadMore()) {
S6230,ReaderBasedJsonParser.java,2447,if (_inputBuffer[_inputPtr] == INT_SLASH) {
S6231,ReaderBasedJsonParser.java,2448,++_inputPtr;
S6232,ReaderBasedJsonParser.java,2449,return;
S6233,ReaderBasedJsonParser.java,2453,if (i < INT_SPACE) {
S6234,ReaderBasedJsonParser.java,2454,if (i == INT_LF) {
S6235,ReaderBasedJsonParser.java,2455,++_currInputRow;
S6236,ReaderBasedJsonParser.java,2456,_currInputRowStart = _inputPtr;
S6237,ReaderBasedJsonParser.java,2470,if (!isEnabled(Feature.ALLOW_YAML_COMMENTS)) {
S6238,ReaderBasedJsonParser.java,2471,return false;
S6239,ReaderBasedJsonParser.java,2473,_skipLine();
S6240,ReaderBasedJsonParser.java,2474,return true;
S6241,ReaderBasedJsonParser.java,2480,while ((_inputPtr < _inputEnd) || _loadMore()) {
S6242,ReaderBasedJsonParser.java,2481,int i = (int) _inputBuffer[_inputPtr++];
S6243,ReaderBasedJsonParser.java,2482,if (i < INT_SPACE) {
S6244,ReaderBasedJsonParser.java,2483,if (i == INT_LF) {
S6245,ReaderBasedJsonParser.java,2484,++_currInputRow;
S6246,ReaderBasedJsonParser.java,2485,_currInputRowStart = _inputPtr;
S6247,ReaderBasedJsonParser.java,2486,break;
S6248,ReaderBasedJsonParser.java,2500,if (_inputPtr >= _inputEnd) {
S6249,ReaderBasedJsonParser.java,2501,if (!_loadMore()) {
S6250,ReaderBasedJsonParser.java,2505,char c = _inputBuffer[_inputPtr++];
S6251,ReaderBasedJsonParser.java,2507,switch ((int) c) {
S6252,ReaderBasedJsonParser.java,2510,return '\b';
S6253,ReaderBasedJsonParser.java,2512,return '\t';
S6254,ReaderBasedJsonParser.java,2514,return '\n';
S6255,ReaderBasedJsonParser.java,2516,return '\f';
S6256,ReaderBasedJsonParser.java,2518,return '\r';
S6257,ReaderBasedJsonParser.java,2524,return c;
S6258,ReaderBasedJsonParser.java,2527,break;
S6259,ReaderBasedJsonParser.java,2530,return _handleUnrecognizedCharacterEscape(c);
S6260,ReaderBasedJsonParser.java,2534,int value = 0;
S6261,ReaderBasedJsonParser.java,2535,for (int i = 0; i < 4; ++i) {
S6262,ReaderBasedJsonParser.java,2536,if (_inputPtr >= _inputEnd) {
S6263,ReaderBasedJsonParser.java,2537,if (!_loadMore()) {
S6264,ReaderBasedJsonParser.java,2541,int ch = (int) _inputBuffer[_inputPtr++];
S6265,ReaderBasedJsonParser.java,2542,int digit = CharTypes.charToHex(ch);
S6266,ReaderBasedJsonParser.java,2543,if (digit < 0) {
S6267,ReaderBasedJsonParser.java,2544,"_reportUnexpectedChar(ch, ""expected a hex-digit for character escape sequence"");"
S6268,ReaderBasedJsonParser.java,2546,value = (value << 4) | digit;
S6269,ReaderBasedJsonParser.java,2548,return (char) value;
S6270,ReaderBasedJsonParser.java,2552,int ptr = _inputPtr;
S6271,ReaderBasedJsonParser.java,2553,if ((ptr + 3) < _inputEnd) {
S6272,ReaderBasedJsonParser.java,2554,final char[] b = _inputBuffer;
S6273,ReaderBasedJsonParser.java,2555,if (b[ptr] == 'r' && b[++ptr] == 'u' && b[++ptr] == 'e') {
S6274,ReaderBasedJsonParser.java,2556,char c = b[++ptr];
S6275,ReaderBasedJsonParser.java,2557,if (c < '0' || c == ']' || c == '}') { // expected/allowed chars
S6276,ReaderBasedJsonParser.java,2558,_inputPtr = ptr;
S6277,ReaderBasedJsonParser.java,2559,return;
S6278,ReaderBasedJsonParser.java,2564,"_matchToken(""true"", 1);"
S6279,ReaderBasedJsonParser.java,2568,int ptr = _inputPtr;
S6280,ReaderBasedJsonParser.java,2569,if ((ptr + 4) < _inputEnd) {
S6281,ReaderBasedJsonParser.java,2570,final char[] b = _inputBuffer;
S6282,ReaderBasedJsonParser.java,2571,if (b[ptr] == 'a' && b[++ptr] == 'l' && b[++ptr] == 's' && b[++ptr] == 'e') {
S6283,ReaderBasedJsonParser.java,2572,char c = b[++ptr];
S6284,ReaderBasedJsonParser.java,2573,if (c < '0' || c == ']' || c == '}') { // expected/allowed chars
S6285,ReaderBasedJsonParser.java,2574,_inputPtr = ptr;
S6286,ReaderBasedJsonParser.java,2575,return;
S6287,ReaderBasedJsonParser.java,2580,"_matchToken(""false"", 1);"
S6288,ReaderBasedJsonParser.java,2584,int ptr = _inputPtr;
S6289,ReaderBasedJsonParser.java,2585,if ((ptr + 3) < _inputEnd) {
S6290,ReaderBasedJsonParser.java,2586,final char[] b = _inputBuffer;
S6291,ReaderBasedJsonParser.java,2587,if (b[ptr] == 'u' && b[++ptr] == 'l' && b[++ptr] == 'l') {
S6292,ReaderBasedJsonParser.java,2588,char c = b[++ptr];
S6293,ReaderBasedJsonParser.java,2589,if (c < '0' || c == ']' || c == '}') { // expected/allowed chars
S6294,ReaderBasedJsonParser.java,2590,_inputPtr = ptr;
S6295,ReaderBasedJsonParser.java,2591,return;
S6296,ReaderBasedJsonParser.java,2596,"_matchToken(""null"", 1);"
S6297,ReaderBasedJsonParser.java,2604,final int len = matchStr.length();
S6298,ReaderBasedJsonParser.java,2605,if ((_inputPtr + len) >= _inputEnd) {
S6299,ReaderBasedJsonParser.java,2606,"_matchToken2(matchStr, i);"
S6300,ReaderBasedJsonParser.java,2607,return;
S6301,ReaderBasedJsonParser.java,2611,if (_inputBuffer[_inputPtr] != matchStr.charAt(i)) {
S6302,ReaderBasedJsonParser.java,2612,"_reportInvalidToken(matchStr.substring(0, i));"
S6303,ReaderBasedJsonParser.java,2614,++_inputPtr;
S6304,ReaderBasedJsonParser.java,2615,} while (++i < len);
S6305,ReaderBasedJsonParser.java,2616,int ch = _inputBuffer[_inputPtr];
S6306,ReaderBasedJsonParser.java,2617,if (ch >= '0' && ch != ']' && ch != '}') { // expected/allowed chars
S6307,ReaderBasedJsonParser.java,2618,"_checkMatchEnd(matchStr, i, ch);"
S6308,ReaderBasedJsonParser.java,2624,final int len = matchStr.length();
S6309,ReaderBasedJsonParser.java,2626,if (((_inputPtr >= _inputEnd) && !_loadMore())
S6310,ReaderBasedJsonParser.java,2628,"_reportInvalidToken(matchStr.substring(0, i));"
S6311,ReaderBasedJsonParser.java,2630,++_inputPtr;
S6312,ReaderBasedJsonParser.java,2631,} while (++i < len);
S6313,ReaderBasedJsonParser.java,2634,if (_inputPtr >= _inputEnd && !_loadMore()) {
S6314,ReaderBasedJsonParser.java,2635,return;
S6315,ReaderBasedJsonParser.java,2637,int ch = _inputBuffer[_inputPtr];
S6316,ReaderBasedJsonParser.java,2638,if (ch >= '0' && ch != ']' && ch != '}') { // expected/allowed chars
S6317,ReaderBasedJsonParser.java,2645,char ch = (char) c;
S6318,ReaderBasedJsonParser.java,2646,if (Character.isJavaIdentifierPart(ch)) {
S6319,ReaderBasedJsonParser.java,2647,"_reportInvalidToken(matchStr.substring(0, i));"
S6320,ReaderBasedJsonParser.java,2664,ByteArrayBuilder builder = _getByteArrayBuilder();
S6321,ReaderBasedJsonParser.java,2671,if (_inputPtr >= _inputEnd) {
S6322,ReaderBasedJsonParser.java,2672,_loadMoreGuaranteed();
S6323,ReaderBasedJsonParser.java,2674,ch = _inputBuffer[_inputPtr++];
S6324,ReaderBasedJsonParser.java,2675,} while (ch <= INT_SPACE);
S6325,ReaderBasedJsonParser.java,2676,int bits = b64variant.decodeBase64Char(ch);
S6326,ReaderBasedJsonParser.java,2677,if (bits < 0) {
S6327,ReaderBasedJsonParser.java,2678,"if (ch == '""') { // reached the end, fair and square?"
S6328,ReaderBasedJsonParser.java,2679,return builder.toByteArray();
S6329,ReaderBasedJsonParser.java,2681,"bits = _decodeBase64Escape(b64variant, ch, 0);"
S6330,ReaderBasedJsonParser.java,2682,if (bits < 0) { // white space to skip
S6331,ReaderBasedJsonParser.java,2683,continue;
S6332,ReaderBasedJsonParser.java,2686,int decodedData = bits;
S6333,ReaderBasedJsonParser.java,2690,if (_inputPtr >= _inputEnd) {
S6334,ReaderBasedJsonParser.java,2693,ch = _inputBuffer[_inputPtr++];
S6335,ReaderBasedJsonParser.java,2694,bits = b64variant.decodeBase64Char(ch);
S6336,ReaderBasedJsonParser.java,2695,if (bits < 0) {
S6337,ReaderBasedJsonParser.java,2696,"bits = _decodeBase64Escape(b64variant, ch, 1);"
S6338,ReaderBasedJsonParser.java,2698,decodedData = (decodedData << 6) | bits;
S6339,ReaderBasedJsonParser.java,2701,if (_inputPtr >= _inputEnd) {
S6340,ReaderBasedJsonParser.java,2704,ch = _inputBuffer[_inputPtr++];
S6341,ReaderBasedJsonParser.java,2705,bits = b64variant.decodeBase64Char(ch);
S6342,ReaderBasedJsonParser.java,2708,if (bits < 0) {
S6343,ReaderBasedJsonParser.java,2709,if (bits != Base64Variant.BASE64_VALUE_PADDING) {
S6344,ReaderBasedJsonParser.java,2711,"if (ch == '""') {"
S6345,ReaderBasedJsonParser.java,2712,decodedData >>= 4;
S6346,ReaderBasedJsonParser.java,2713,builder.append(decodedData);
S6347,ReaderBasedJsonParser.java,2714,if (b64variant.usesPadding()) {
S6348,ReaderBasedJsonParser.java,2715,--_inputPtr; // to keep parser state bit more consistent
S6349,ReaderBasedJsonParser.java,2716,_handleBase64MissingPadding(b64variant);
S6350,ReaderBasedJsonParser.java,2718,return builder.toByteArray();
S6351,ReaderBasedJsonParser.java,2720,"bits = _decodeBase64Escape(b64variant, ch, 2);"
S6352,ReaderBasedJsonParser.java,2722,if (bits == Base64Variant.BASE64_VALUE_PADDING) {
S6353,ReaderBasedJsonParser.java,2724,if (_inputPtr >= _inputEnd) {
S6354,ReaderBasedJsonParser.java,2727,ch = _inputBuffer[_inputPtr++];
S6355,ReaderBasedJsonParser.java,2728,if (!b64variant.usesPaddingChar(ch)) {
S6356,ReaderBasedJsonParser.java,2729,"if (_decodeBase64Escape(b64variant, ch, 3) != Base64Variant.BASE64_VALUE_PADDING) {"
S6357,ReaderBasedJsonParser.java,2734,decodedData >>= 4;
S6358,ReaderBasedJsonParser.java,2735,builder.append(decodedData);
S6359,ReaderBasedJsonParser.java,2736,continue;
S6360,ReaderBasedJsonParser.java,2741,decodedData = (decodedData << 6) | bits;
S6361,ReaderBasedJsonParser.java,2743,if (_inputPtr >= _inputEnd) {
S6362,ReaderBasedJsonParser.java,2746,ch = _inputBuffer[_inputPtr++];
S6363,ReaderBasedJsonParser.java,2747,bits = b64variant.decodeBase64Char(ch);
S6364,ReaderBasedJsonParser.java,2748,if (bits < 0) {
S6365,ReaderBasedJsonParser.java,2749,if (bits != Base64Variant.BASE64_VALUE_PADDING) {
S6366,ReaderBasedJsonParser.java,2751,"if (ch == '""') {"
S6367,ReaderBasedJsonParser.java,2752,decodedData >>= 2;
S6368,ReaderBasedJsonParser.java,2753,builder.appendTwoBytes(decodedData);
S6369,ReaderBasedJsonParser.java,2754,if (b64variant.usesPadding()) {
S6370,ReaderBasedJsonParser.java,2755,--_inputPtr; // to keep parser state bit more consistent
S6371,ReaderBasedJsonParser.java,2756,_handleBase64MissingPadding(b64variant);
S6372,ReaderBasedJsonParser.java,2758,return builder.toByteArray();
S6373,ReaderBasedJsonParser.java,2760,"bits = _decodeBase64Escape(b64variant, ch, 3);"
S6374,ReaderBasedJsonParser.java,2762,if (bits == Base64Variant.BASE64_VALUE_PADDING) {
S6375,ReaderBasedJsonParser.java,2768,decodedData >>= 2;
S6376,ReaderBasedJsonParser.java,2769,builder.appendTwoBytes(decodedData);
S6377,ReaderBasedJsonParser.java,2770,continue;
S6378,ReaderBasedJsonParser.java,2775,decodedData = (decodedData << 6) | bits;
S6379,ReaderBasedJsonParser.java,2776,builder.appendThreeBytes(decodedData);
S6380,ReaderBasedJsonParser.java,2789,if (_currToken == JsonToken.FIELD_NAME) {
S6381,ReaderBasedJsonParser.java,2790,long total = _currInputProcessed + (_nameStartOffset-1);
S6382,ReaderBasedJsonParser.java,2791,"return new JsonLocation(_getSourceReference(),"
S6383,ReaderBasedJsonParser.java,2794,"return new JsonLocation(_getSourceReference(),"
S6384,ReaderBasedJsonParser.java,2800,int col = _inputPtr - _currInputRowStart + 1; // 1-based
S6385,ReaderBasedJsonParser.java,2801,"return new JsonLocation(_getSourceReference(),"
S6386,ReaderBasedJsonParser.java,2809,int ptr = _inputPtr;
S6387,ReaderBasedJsonParser.java,2810,_tokenInputTotal = _currInputProcessed + ptr;
S6388,ReaderBasedJsonParser.java,2811,_tokenInputRow = _currInputRow;
S6389,ReaderBasedJsonParser.java,2812,_tokenInputCol = ptr - _currInputRowStart;
S6390,ReaderBasedJsonParser.java,2818,int ptr = _inputPtr;
S6391,ReaderBasedJsonParser.java,2819,_nameStartOffset = ptr;
S6392,ReaderBasedJsonParser.java,2820,_nameStartRow = _currInputRow;
S6393,ReaderBasedJsonParser.java,2821,_nameStartCol = ptr - _currInputRowStart;
S6394,ReaderBasedJsonParser.java,2831,"_reportInvalidToken(matchedPart, ""'null', 'true', 'false' or NaN"");"
S6395,ReaderBasedJsonParser.java,2840,StringBuilder sb = new StringBuilder(matchedPart);
S6396,ReaderBasedJsonParser.java,2841,while ((_inputPtr < _inputEnd) || _loadMore()) {
S6397,ReaderBasedJsonParser.java,2842,char c = _inputBuffer[_inputPtr];
S6398,ReaderBasedJsonParser.java,2843,if (!Character.isJavaIdentifierPart(c)) {
S6399,ReaderBasedJsonParser.java,2844,break;
S6400,ReaderBasedJsonParser.java,2846,++_inputPtr;
S6401,ReaderBasedJsonParser.java,2847,sb.append(c);
S6402,ReaderBasedJsonParser.java,2848,if (sb.length() >= MAX_ERROR_TOKEN_LENGTH) {
S6403,ReaderBasedJsonParser.java,2849,"sb.append(""..."");"
S6404,ReaderBasedJsonParser.java,2850,break;
S6405,ReaderBasedJsonParser.java,2853,"_reportError(""Unrecognized token '%s': was expecting %s"", sb, msg);"
S6406,ReaderBasedJsonParser.java,2863,if (i == INT_RBRACKET) {
S6407,ReaderBasedJsonParser.java,2864,_updateLocation();
S6408,ReaderBasedJsonParser.java,2865,if (!_parsingContext.inArray()) {
S6409,ReaderBasedJsonParser.java,2866,"_reportMismatchedEndMarker(i, '}');"
S6410,ReaderBasedJsonParser.java,2868,_parsingContext = _parsingContext.clearAndGetParent();
S6411,ReaderBasedJsonParser.java,2869,_currToken = JsonToken.END_ARRAY;
S6412,ReaderBasedJsonParser.java,2871,if (i == INT_RCURLY) {
S6413,ReaderBasedJsonParser.java,2872,_updateLocation();
S6414,ReaderBasedJsonParser.java,2873,if (!_parsingContext.inObject()) {
S6415,ReaderBasedJsonParser.java,2874,"_reportMismatchedEndMarker(i, ']');"
S6416,ReaderBasedJsonParser.java,2876,_parsingContext = _parsingContext.clearAndGetParent();
S6417,ReaderBasedJsonParser.java,2877,_currToken = JsonToken.END_OBJECT;
S6418,RequestPayload.java,27,"public RequestPayload(byte[] bytes, String charset) {"
S6419,RequestPayload.java,28,if (bytes == null) {
S6420,RequestPayload.java,31,_payloadAsBytes = bytes;
S6421,RequestPayload.java,32,"_charset = (charset == null || charset.isEmpty()) ? ""UTF-8"" : charset;"
S6422,RequestPayload.java,35,public RequestPayload(CharSequence str) {
S6423,RequestPayload.java,36,if (str == null) {
S6424,RequestPayload.java,39,_payloadAsText = str;
S6425,RequestPayload.java,49,if (_payloadAsBytes != null) {
S6426,RequestPayload.java,50,return _payloadAsBytes;
S6427,RequestPayload.java,58,if (_payloadAsBytes != null) {
S6428,RequestPayload.java,60,"return new String(_payloadAsBytes, _charset);"
S6429,RequestPayload.java,65,return _payloadAsText.toString();
S6430,ResolvedType.java,14,public abstract class ResolvedType
S6431,ResolvedType.java,59,return getReferencedType() != null;
S6432,SegmentedStringWriter.java,21,super();
S6433,SegmentedStringWriter.java,22,_buffer = new TextBuffer(br);
S6434,SegmentedStringWriter.java,33,write(c);
S6435,SegmentedStringWriter.java,34,return this;
S6436,SegmentedStringWriter.java,39,String str = csq.toString();
S6437,SegmentedStringWriter.java,40,"_buffer.append(str, 0, str.length());"
S6438,SegmentedStringWriter.java,41,return this;
S6439,SegmentedStringWriter.java,46,"String str = csq.subSequence(start, end).toString();"
S6440,SegmentedStringWriter.java,47,"_buffer.append(str, 0, str.length());"
S6441,SegmentedStringWriter.java,48,return this;
S6442,SegmentedStringWriter.java,51,@Override public void close() { } // NOP
S6443,SegmentedStringWriter.java,52,@Override public void flush() { } // NOP
S6444,SegmentedStringWriter.java,55,"public void write(char[] cbuf) { _buffer.append(cbuf, 0, cbuf.length); }"
S6445,SegmentedStringWriter.java,58,"public void write(char[] cbuf, int off, int len) { _buffer.append(cbuf, off, len); }"
S6446,SegmentedStringWriter.java,61,public void write(int c) { _buffer.append((char) c); }
S6447,SegmentedStringWriter.java,83,String result = _buffer.contentsAsString();
S6448,SegmentedStringWriter.java,84,_buffer.releaseBuffers();
S6449,SegmentedStringWriter.java,85,return result;
S6450,Separators.java,23,return new Separators();
S6451,Separators.java,27,"this(':', ',', ',');"
S6452,Separators.java,31,"char objectEntrySeparator, char arrayValueSeparator) {"
S6453,Separators.java,32,this.objectFieldValueSeparator = objectFieldValueSeparator;
S6454,Separators.java,33,this.objectEntrySeparator = objectEntrySeparator;
S6455,Separators.java,34,this.arrayValueSeparator = arrayValueSeparator;
S6456,Separators.java,38,return (objectFieldValueSeparator == sep) ? this
S6457,Separators.java,43,return (objectEntrySeparator == sep) ? this
S6458,Separators.java,48,return (arrayValueSeparator == sep) ? this
S6459,Separators.java,53,return objectFieldValueSeparator;
S6460,Separators.java,57,return objectEntrySeparator;
S6461,Separators.java,61,return arrayValueSeparator;
S6462,SerializedString.java,50,public SerializedString(String v) {
S6463,SerializedString.java,51,if (v == null) {
S6464,SerializedString.java,54,_value = v;
S6465,SerializedString.java,72,_jdkSerializeValue = in.readUTF();
S6466,SerializedString.java,76,out.writeUTF(_value);
S6467,SerializedString.java,80,return new SerializedString(_jdkSerializeValue);
S6468,SerializedString.java,90,public final String getValue() { return _value; }
S6469,SerializedString.java,100,char[] result = _quotedChars;
S6470,SerializedString.java,101,if (result == null) {
S6471,SerializedString.java,102,result = BufferRecyclers.quoteAsJsonText(_value);
S6472,SerializedString.java,103,_quotedChars = result;
S6473,SerializedString.java,105,return result;
S6474,SerializedString.java,114,byte[] result = _unquotedUTF8Ref;
S6475,SerializedString.java,115,if (result == null) {
S6476,SerializedString.java,116,result = BufferRecyclers.encodeAsUTF8(_value);
S6477,SerializedString.java,117,_unquotedUTF8Ref  = result;
S6478,SerializedString.java,119,return result;
S6479,SerializedString.java,128,byte[] result = _quotedUTF8Ref;
S6480,SerializedString.java,129,if (result == null) {
S6481,SerializedString.java,130,result = BufferRecyclers.quoteAsJsonUTF8(_value);
S6482,SerializedString.java,131,_quotedUTF8Ref = result;
S6483,SerializedString.java,133,return result;
S6484,SerializedString.java,144,byte[] result = _quotedUTF8Ref;
S6485,SerializedString.java,145,if (result == null) {
S6486,SerializedString.java,146,result = BufferRecyclers.quoteAsJsonUTF8(_value);
S6487,SerializedString.java,147,_quotedUTF8Ref = result;
S6488,SerializedString.java,149,final int length = result.length;
S6489,SerializedString.java,150,if ((offset + length) > buffer.length) {
S6490,SerializedString.java,151,return -1;
S6491,SerializedString.java,153,"System.arraycopy(result, 0, buffer, offset, length);"
S6492,SerializedString.java,154,return length;
S6493,SerializedString.java,159,char[] result = _quotedChars;
S6494,SerializedString.java,160,if (result == null) {
S6495,SerializedString.java,161,result = BufferRecyclers.quoteAsJsonText(_value);
S6496,SerializedString.java,162,_quotedChars = result;
S6497,SerializedString.java,164,final int length = result.length;
S6498,SerializedString.java,165,if ((offset + length) > buffer.length) {
S6499,SerializedString.java,166,return -1;
S6500,SerializedString.java,174,byte[] result = _unquotedUTF8Ref;
S6501,SerializedString.java,175,if (result == null) {
S6502,SerializedString.java,176,result = BufferRecyclers.encodeAsUTF8(_value);
S6503,SerializedString.java,177,_unquotedUTF8Ref  = result;
S6504,SerializedString.java,179,final int length = result.length;
S6505,SerializedString.java,180,if ((offset + length) > buffer.length) {
S6506,SerializedString.java,181,return -1;
S6507,SerializedString.java,183,"System.arraycopy(result, 0, buffer, offset, length);"
S6508,SerializedString.java,184,return length;
S6509,SerializedString.java,189,String str = _value;
S6510,SerializedString.java,190,final int length = str.length();
S6511,SerializedString.java,191,if ((offset + length) > buffer.length) {
S6512,SerializedString.java,192,return -1;
S6513,SerializedString.java,200,byte[] result = _quotedUTF8Ref;
S6514,SerializedString.java,201,if (result == null) {
S6515,SerializedString.java,202,result = BufferRecyclers.quoteAsJsonUTF8(_value);
S6516,SerializedString.java,203,_quotedUTF8Ref = result;
S6517,SerializedString.java,205,final int length = result.length;
S6518,SerializedString.java,206,"out.write(result, 0, length);"
S6519,SerializedString.java,207,return length;
S6520,SerializedString.java,212,byte[] result = _unquotedUTF8Ref;
S6521,SerializedString.java,213,if (result == null) {
S6522,SerializedString.java,214,result = BufferRecyclers.encodeAsUTF8(_value);
S6523,SerializedString.java,215,_unquotedUTF8Ref  = result;
S6524,SerializedString.java,217,final int length = result.length;
S6525,SerializedString.java,218,"out.write(result, 0, length);"
S6526,SerializedString.java,219,return length;
S6527,SerializedString.java,224,byte[] result = _quotedUTF8Ref;
S6528,SerializedString.java,225,if (result == null) {
S6529,SerializedString.java,229,final int length = result.length;
S6530,SerializedString.java,230,if (length > buffer.remaining()) {
S6531,SerializedString.java,231,return -1;
S6532,SerializedString.java,239,byte[] result = _unquotedUTF8Ref;
S6533,SerializedString.java,240,if (result == null) {
S6534,SerializedString.java,244,final int length = result.length;
S6535,SerializedString.java,245,if (length > buffer.remaining()) {
S6536,SerializedString.java,246,return -1;
S6537,SerializedString.java,260,public final String toString() { return _value; }
S6538,SerializedString.java,267,if (o == this) return true;
S6539,SerializedString.java,268,if (o == null || o.getClass() != getClass()) return false;
S6540,SerializedString.java,269,SerializedString other = (SerializedString) o;
S6541,SerializedString.java,270,return _value.equals(other._value);
S6542,TextBuffer.java,29,final static char[] NO_CHARS = new char[0];
S6543,TextBuffer.java,121,public TextBuffer(BufferRecycler allocator) {
S6544,TextBuffer.java,122,_allocator = allocator;
S6545,TextBuffer.java,136,if (_allocator == null) {
S6546,TextBuffer.java,139,if (_currentSegment != null) {
S6547,TextBuffer.java,141,resetWithEmpty();
S6548,TextBuffer.java,143,char[] buf = _currentSegment;
S6549,TextBuffer.java,144,_currentSegment = null;
S6550,TextBuffer.java,145,"_allocator.releaseCharBuffer(BufferRecycler.CHAR_TEXT_BUFFER, buf);"
S6551,TextBuffer.java,156,_inputStart = -1; // indicates shared buffer not used
S6552,TextBuffer.java,157,_currentSize = 0;
S6553,TextBuffer.java,158,_inputLen = 0;
S6554,TextBuffer.java,160,_inputBuffer = null;
S6555,TextBuffer.java,161,_resultString = null;
S6556,TextBuffer.java,162,_resultArray = null;
S6557,TextBuffer.java,165,if (_hasSegments) {
S6558,TextBuffer.java,166,clearSegments();
S6559,TextBuffer.java,175,_inputStart = -1;
S6560,TextBuffer.java,176,_inputLen = 0;
S6561,TextBuffer.java,178,_resultString = null;
S6562,TextBuffer.java,179,_resultArray = null;
S6563,TextBuffer.java,181,if (_hasSegments) {
S6564,TextBuffer.java,182,clearSegments();
S6565,TextBuffer.java,183,} else if (_currentSegment == null) {
S6566,TextBuffer.java,184,_currentSegment = buf(1);
S6567,TextBuffer.java,186,_currentSegment[0] = ch;
S6568,TextBuffer.java,187,_currentSize = _segmentSize = 1;
S6569,TextBuffer.java,199,_resultString = null;
S6570,TextBuffer.java,200,_resultArray = null;
S6571,TextBuffer.java,203,_inputBuffer = buf;
S6572,TextBuffer.java,204,_inputStart = start;
S6573,TextBuffer.java,205,_inputLen = len;
S6574,TextBuffer.java,208,if (_hasSegments) {
S6575,TextBuffer.java,209,clearSegments();
S6576,TextBuffer.java,215,_inputBuffer = null;
S6577,TextBuffer.java,216,_inputStart = -1; // indicates shared buffer not used
S6578,TextBuffer.java,217,_inputLen = 0;
S6579,TextBuffer.java,219,_resultString = null;
S6580,TextBuffer.java,220,_resultArray = null;
S6581,TextBuffer.java,223,if (_hasSegments) {
S6582,TextBuffer.java,225,} else if (_currentSegment == null) {
S6583,TextBuffer.java,226,_currentSegment = buf(len);
S6584,TextBuffer.java,228,_currentSize = _segmentSize = 0;
S6585,TextBuffer.java,229,"append(buf, start, len);"
S6586,TextBuffer.java,255,_inputBuffer = null;
S6587,TextBuffer.java,256,_inputStart = -1;
S6588,TextBuffer.java,257,_inputLen = 0;
S6589,TextBuffer.java,259,_resultString = value;
S6590,TextBuffer.java,260,_resultArray = null;
S6591,TextBuffer.java,262,if (_hasSegments) {
S6592,TextBuffer.java,263,clearSegments();
S6593,TextBuffer.java,265,_currentSize = 0;
S6594,TextBuffer.java,273,return _currentSegment;
S6595,TextBuffer.java,282,if (_allocator != null) {
S6596,TextBuffer.java,283,"return _allocator.allocCharBuffer(BufferRecycler.CHAR_TEXT_BUFFER, needed);"
S6597,TextBuffer.java,285,"return new char[Math.max(needed, MIN_SEGMENT_LEN)];"
S6598,TextBuffer.java,290,_hasSegments = false;
S6599,TextBuffer.java,298,_segments.clear();
S6600,TextBuffer.java,299,_currentSize = _segmentSize = 0;
S6601,TextBuffer.java,312,if (_inputStart >= 0) { // shared copy from input buf
S6602,TextBuffer.java,313,return _inputLen;
S6603,TextBuffer.java,315,if (_resultArray != null) {
S6604,TextBuffer.java,316,return _resultArray.length;
S6605,TextBuffer.java,318,if (_resultString != null) {
S6606,TextBuffer.java,319,return _resultString.length();
S6607,TextBuffer.java,322,return _segmentSize + _currentSize;
S6608,TextBuffer.java,330,return (_inputStart >= 0) ? _inputStart : 0;
S6609,TextBuffer.java,340,if (_inputStart >= 0 || _resultArray != null)  return true;
S6610,TextBuffer.java,342,if (_resultString != null) return false;
S6611,TextBuffer.java,343,return true;
S6612,TextBuffer.java,354,if (_inputStart >= 0) return _inputBuffer;
S6613,TextBuffer.java,355,if (_resultArray != null)  return _resultArray;
S6614,TextBuffer.java,356,if (_resultString != null) {
S6615,TextBuffer.java,357,return (_resultArray = _resultString.toCharArray());
S6616,TextBuffer.java,360,if (!_hasSegments) {
S6617,TextBuffer.java,361,return (_currentSegment == null) ? NO_CHARS : _currentSegment;
S6618,TextBuffer.java,364,return contentsAsArray();
S6619,TextBuffer.java,375,if (_resultString == null) {
S6620,TextBuffer.java,377,if (_resultArray != null) {
S6621,TextBuffer.java,378,_resultString = new String(_resultArray);
S6622,TextBuffer.java,381,if (_inputStart >= 0) {
S6623,TextBuffer.java,382,if (_inputLen < 1) {
S6624,TextBuffer.java,385,"_resultString = new String(_inputBuffer, _inputStart, _inputLen);"
S6625,TextBuffer.java,388,int segLen = _segmentSize;
S6626,TextBuffer.java,389,int currLen = _currentSize;
S6627,TextBuffer.java,391,if (segLen == 0) { // yup
S6628,TextBuffer.java,392,"_resultString = (currLen == 0) ? """" : new String(_currentSegment, 0, currLen);"
S6629,TextBuffer.java,394,StringBuilder sb = new StringBuilder(segLen + currLen);
S6630,TextBuffer.java,396,if (_segments != null) {
S6631,TextBuffer.java,397,"for (int i = 0, len = _segments.size(); i < len; ++i) {"
S6632,TextBuffer.java,398,char[] curr = _segments.get(i);
S6633,TextBuffer.java,399,"sb.append(curr, 0, curr.length);"
S6634,TextBuffer.java,403,"sb.append(_currentSegment, 0, _currentSize);"
S6635,TextBuffer.java,404,_resultString = sb.toString();
S6636,TextBuffer.java,409,return _resultString;
S6637,TextBuffer.java,413,char[] result = _resultArray;
S6638,TextBuffer.java,414,if (result == null) {
S6639,TextBuffer.java,415,_resultArray = result = resultArray();
S6640,TextBuffer.java,417,return result;
S6641,TextBuffer.java,427,if (_resultArray != null) {
S6642,TextBuffer.java,431,if ((_inputStart >= 0) && (_inputBuffer != null)) {
S6643,TextBuffer.java,435,if ((_segmentSize == 0) && (_currentSegment != null)) {
S6644,TextBuffer.java,436,"return NumberInput.parseBigDecimal(_currentSegment, 0, _currentSize);"
S6645,TextBuffer.java,439,return NumberInput.parseBigDecimal(contentsAsArray());
S6646,TextBuffer.java,447,return NumberInput.parseDouble(contentsAsString());
S6647,TextBuffer.java,459,if ((_inputStart >= 0) && (_inputBuffer != null)) {
S6648,TextBuffer.java,460,if (neg) {
S6649,TextBuffer.java,461,"return -NumberInput.parseInt(_inputBuffer, _inputStart+1, _inputLen-1);"
S6650,TextBuffer.java,463,"return NumberInput.parseInt(_inputBuffer, _inputStart, _inputLen);"
S6651,TextBuffer.java,465,if (neg) {
S6652,TextBuffer.java,466,"return -NumberInput.parseInt(_currentSegment, 1, _currentSize-1);"
S6653,TextBuffer.java,468,"return NumberInput.parseInt(_currentSegment, 0, _currentSize);"
S6654,TextBuffer.java,480,if ((_inputStart >= 0) && (_inputBuffer != null)) {
S6655,TextBuffer.java,481,if (neg) {
S6656,TextBuffer.java,482,"return -NumberInput.parseLong(_inputBuffer, _inputStart+1, _inputLen-1);"
S6657,TextBuffer.java,484,"return NumberInput.parseLong(_inputBuffer, _inputStart, _inputLen);"
S6658,TextBuffer.java,486,if (neg) {
S6659,TextBuffer.java,487,"return -NumberInput.parseLong(_currentSegment, 1, _currentSize-1);"
S6660,TextBuffer.java,489,"return NumberInput.parseLong(_currentSegment, 0, _currentSize);"
S6661,TextBuffer.java,497,if (_resultArray != null) {
S6662,TextBuffer.java,501,if (_resultString != null) { // Can take a shortcut...
S6663,TextBuffer.java,502,w.write(_resultString);
S6664,TextBuffer.java,503,return _resultString.length();
S6665,TextBuffer.java,506,if (_inputStart >= 0) {
S6666,TextBuffer.java,507,final int len = _inputLen;
S6667,TextBuffer.java,508,if (len > 0) {
S6668,TextBuffer.java,509,"w.write(_inputBuffer, _inputStart, len);"
S6669,TextBuffer.java,511,return len;
S6670,TextBuffer.java,514,int total = 0;
S6671,TextBuffer.java,515,if (_segments != null) {
S6672,TextBuffer.java,516,"for (int i = 0, end = _segments.size(); i < end; ++i) {"
S6673,TextBuffer.java,517,char[] curr = _segments.get(i);
S6674,TextBuffer.java,518,int currLen = curr.length;
S6675,TextBuffer.java,519,"w.write(curr, 0, currLen);"
S6676,TextBuffer.java,520,total += currLen;
S6677,TextBuffer.java,523,int len = _currentSize;
S6678,TextBuffer.java,524,if (len > 0) {
S6679,TextBuffer.java,525,"w.write(_currentSegment, 0, len);"
S6680,TextBuffer.java,526,total += len;
S6681,TextBuffer.java,528,return total;
S6682,TextBuffer.java,542,if (_inputStart >= 0) {
S6683,TextBuffer.java,543,unshare(16);
S6684,TextBuffer.java,549,if (_inputStart >= 0) {
S6685,TextBuffer.java,550,unshare(16);
S6686,TextBuffer.java,552,_resultString = null;
S6687,TextBuffer.java,553,_resultArray = null;
S6688,TextBuffer.java,555,char[] curr = _currentSegment;
S6689,TextBuffer.java,556,if (_currentSize >= curr.length) {
S6690,TextBuffer.java,557,expand(1);
S6691,TextBuffer.java,558,curr = _currentSegment;
S6692,TextBuffer.java,560,curr[_currentSize++] = c;
S6693,TextBuffer.java,566,if (_inputStart >= 0) {
S6694,TextBuffer.java,569,_resultString = null;
S6695,TextBuffer.java,570,_resultArray = null;
S6696,TextBuffer.java,573,char[] curr = _currentSegment;
S6697,TextBuffer.java,574,int max = curr.length - _currentSize;
S6698,TextBuffer.java,576,if (max >= len) {
S6699,TextBuffer.java,577,"System.arraycopy(c, start, curr, _currentSize, len);"
S6700,TextBuffer.java,578,_currentSize += len;
S6701,TextBuffer.java,579,return;
S6702,TextBuffer.java,582,if (max > 0) {
S6703,TextBuffer.java,583,"System.arraycopy(c, start, curr, _currentSize, max);"
S6704,TextBuffer.java,584,start += max;
S6705,TextBuffer.java,585,len -= max;
S6706,TextBuffer.java,590,expand(len);
S6707,TextBuffer.java,591,"int amount = Math.min(_currentSegment.length, len);"
S6708,TextBuffer.java,592,"System.arraycopy(c, start, _currentSegment, 0, amount);"
S6709,TextBuffer.java,593,_currentSize += amount;
S6710,TextBuffer.java,594,start += amount;
S6711,TextBuffer.java,595,len -= amount;
S6712,TextBuffer.java,596,} while (len > 0);
S6713,TextBuffer.java,602,if (_inputStart >= 0) {
S6714,TextBuffer.java,603,unshare(len);
S6715,TextBuffer.java,605,_resultString = null;
S6716,TextBuffer.java,606,_resultArray = null;
S6717,TextBuffer.java,609,char[] curr = _currentSegment;
S6718,TextBuffer.java,610,int max = curr.length - _currentSize;
S6719,TextBuffer.java,611,if (max >= len) {
S6720,TextBuffer.java,612,"str.getChars(offset, offset+len, curr, _currentSize);"
S6721,TextBuffer.java,613,_currentSize += len;
S6722,TextBuffer.java,614,return;
S6723,TextBuffer.java,617,if (max > 0) {
S6724,TextBuffer.java,618,"str.getChars(offset, offset+max, curr, _currentSize);"
S6725,TextBuffer.java,619,len -= max;
S6726,TextBuffer.java,620,offset += max;
S6727,TextBuffer.java,625,expand(len);
S6728,TextBuffer.java,626,"int amount = Math.min(_currentSegment.length, len);"
S6729,TextBuffer.java,627,"str.getChars(offset, offset+amount, _currentSegment, 0);"
S6730,TextBuffer.java,628,_currentSize += amount;
S6731,TextBuffer.java,629,offset += amount;
S6732,TextBuffer.java,630,len -= amount;
S6733,TextBuffer.java,631,} while (len > 0);
S6734,TextBuffer.java,646,if (_inputStart >= 0) {
S6735,TextBuffer.java,647,unshare(1);
S6736,TextBuffer.java,649,char[] curr = _currentSegment;
S6737,TextBuffer.java,650,if (curr == null) {
S6738,TextBuffer.java,652,} else if (_currentSize >= curr.length) {
S6739,TextBuffer.java,654,expand(1);
S6740,TextBuffer.java,657,return _currentSegment;
S6741,TextBuffer.java,663,_inputStart = -1; // indicates shared buffer not used
S6742,TextBuffer.java,664,_currentSize = 0;
S6743,TextBuffer.java,665,_inputLen = 0;
S6744,TextBuffer.java,667,_inputBuffer = null;
S6745,TextBuffer.java,668,_resultString = null;
S6746,TextBuffer.java,669,_resultArray = null;
S6747,TextBuffer.java,672,if (_hasSegments) {
S6748,TextBuffer.java,673,clearSegments();
S6749,TextBuffer.java,675,char[] curr = _currentSegment;
S6750,TextBuffer.java,676,if (curr == null) {
S6751,TextBuffer.java,677,_currentSegment = curr = buf(0);
S6752,TextBuffer.java,679,return curr;
S6753,TextBuffer.java,682,public int getCurrentSegmentSize() { return _currentSize; }
S6754,TextBuffer.java,683,public void setCurrentLength(int len) { _currentSize = len; }
S6755,TextBuffer.java,689,_currentSize = len;
S6756,TextBuffer.java,691,if (_segmentSize > 0) { // longer text; call main method
S6757,TextBuffer.java,692,return contentsAsString();
S6758,TextBuffer.java,695,int currLen = _currentSize;
S6759,TextBuffer.java,696,"String str = (currLen == 0) ? """" : new String(_currentSegment, 0, currLen);"
S6760,TextBuffer.java,697,_resultString = str;
S6761,TextBuffer.java,698,return str;
S6762,TextBuffer.java,702,if (_segments == null) {
S6763,TextBuffer.java,703,_segments = new ArrayList<char[]>();
S6764,TextBuffer.java,705,_hasSegments = true;
S6765,TextBuffer.java,706,_segments.add(_currentSegment);
S6766,TextBuffer.java,707,int oldLen = _currentSegment.length;
S6767,TextBuffer.java,708,_segmentSize += oldLen;
S6768,TextBuffer.java,709,_currentSize = 0;
S6769,TextBuffer.java,712,int newLen = oldLen + (oldLen >> 1);
S6770,TextBuffer.java,713,if (newLen < MIN_SEGMENT_LEN) {
S6771,TextBuffer.java,714,newLen = MIN_SEGMENT_LEN;
S6772,TextBuffer.java,715,} else if (newLen > MAX_SEGMENT_LEN) {
S6773,TextBuffer.java,716,newLen = MAX_SEGMENT_LEN;
S6774,TextBuffer.java,718,char[] curr = carr(newLen);
S6775,TextBuffer.java,719,_currentSegment = curr;
S6776,TextBuffer.java,720,return curr;
S6777,TextBuffer.java,730,final char[] curr = _currentSegment;
S6778,TextBuffer.java,732,final int len = curr.length;
S6779,TextBuffer.java,733,int newLen = len + (len >> 1);
S6780,TextBuffer.java,735,if (newLen > MAX_SEGMENT_LEN) {
S6781,TextBuffer.java,736,newLen = len + (len >> 2);
S6782,TextBuffer.java,738,"return (_currentSegment = Arrays.copyOf(curr, newLen));"
S6783,TextBuffer.java,768,@Override public String toString() { return contentsAsString(); }
S6784,TextBuffer.java,782,int sharedLen = _inputLen;
S6785,TextBuffer.java,783,_inputLen = 0;
S6786,TextBuffer.java,784,char[] inputBuf = _inputBuffer;
S6787,TextBuffer.java,785,_inputBuffer = null;
S6788,TextBuffer.java,786,int start = _inputStart;
S6789,TextBuffer.java,787,_inputStart = -1;
S6790,TextBuffer.java,790,int needed = sharedLen+needExtra;
S6791,TextBuffer.java,791,if (_currentSegment == null || needed > _currentSegment.length) {
S6792,TextBuffer.java,792,_currentSegment = buf(needed);
S6793,TextBuffer.java,794,if (sharedLen > 0) {
S6794,TextBuffer.java,795,"System.arraycopy(inputBuf, start, _currentSegment, 0, sharedLen);"
S6795,TextBuffer.java,797,_segmentSize = 0;
S6796,TextBuffer.java,798,_currentSize = sharedLen;
S6797,TextBuffer.java,808,if (_segments == null) {
S6798,TextBuffer.java,809,_segments = new ArrayList<char[]>();
S6799,TextBuffer.java,811,char[] curr = _currentSegment;
S6800,TextBuffer.java,812,_hasSegments = true;
S6801,TextBuffer.java,813,_segments.add(curr);
S6802,TextBuffer.java,814,_segmentSize += curr.length;
S6803,TextBuffer.java,815,_currentSize = 0;
S6804,TextBuffer.java,816,int oldLen = curr.length;
S6805,TextBuffer.java,819,int newLen = oldLen + (oldLen >> 1);
S6806,TextBuffer.java,820,if (newLen < MIN_SEGMENT_LEN) {
S6807,TextBuffer.java,821,newLen = MIN_SEGMENT_LEN;
S6808,TextBuffer.java,822,} else if (newLen > MAX_SEGMENT_LEN) {
S6809,TextBuffer.java,825,_currentSegment = carr(newLen);
S6810,TextBuffer.java,830,if (_resultString != null) { // Can take a shortcut...
S6811,TextBuffer.java,831,return _resultString.toCharArray();
S6812,TextBuffer.java,834,if (_inputStart >= 0) {
S6813,TextBuffer.java,835,final int len = _inputLen;
S6814,TextBuffer.java,836,if (len < 1) {
S6815,TextBuffer.java,837,return NO_CHARS;
S6816,TextBuffer.java,846,int size = size();
S6817,TextBuffer.java,847,if (size < 1) {
S6818,TextBuffer.java,850,int offset = 0;
S6819,TextBuffer.java,851,final char[] result = carr(size);
S6820,TextBuffer.java,852,if (_segments != null) {
S6821,TextBuffer.java,853,"for (int i = 0, len = _segments.size(); i < len; ++i) {"
S6822,TextBuffer.java,854,char[] curr = _segments.get(i);
S6823,TextBuffer.java,855,int currLen = curr.length;
S6824,TextBuffer.java,856,"System.arraycopy(curr, 0, result, offset, currLen);"
S6825,TextBuffer.java,857,offset += currLen;
S6826,TextBuffer.java,860,"System.arraycopy(_currentSegment, 0, result, offset, _currentSize);"
S6827,TextBuffer.java,861,return result;
S6828,TextBuffer.java,864,private char[] carr(int len) { return new char[len]; }
S6829,TokenFilter.java,30,public final static TokenFilter INCLUDE_ALL = new TokenFilter();
S6830,TokenFilter.java,34,protected TokenFilter() { }
S6831,TokenFilter.java,66,return this;
S6832,TokenFilter.java,93,return this;
S6833,TokenFilter.java,102,public void filterFinishObject() { }
S6834,TokenFilter.java,110,public void filterFinishArray() { }
S6835,TokenFilter.java,193,return this;
S6836,TokenFilter.java,210,return _includeScalar();
S6837,TokenFilter.java,225,return _includeScalar();
S6838,TokenFilter.java,243,return _includeScalar();
S6839,TokenFilter.java,254,return _includeScalar();
S6840,TokenFilter.java,310,return _includeScalar();
S6841,TokenFilter.java,323,return _includeScalar();
S6842,TokenFilterContext.java,13,public class TokenFilterContext extends JsonStreamContext
S6843,TokenFilterContext.java,71,super();
S6844,TokenFilterContext.java,72,_type = type;
S6845,TokenFilterContext.java,73,_parent = parent;
S6846,TokenFilterContext.java,74,_filter = filter;
S6847,TokenFilterContext.java,75,_index = -1;
S6848,TokenFilterContext.java,76,_startHandled = startHandled;
S6849,TokenFilterContext.java,77,_needToHandleName = false;
S6850,TokenFilterContext.java,83,_type = type;
S6851,TokenFilterContext.java,84,_filter = filter;
S6852,TokenFilterContext.java,85,_index = -1;
S6853,TokenFilterContext.java,86,_currentName = null;
S6854,TokenFilterContext.java,87,_startHandled = startWritten;
S6855,TokenFilterContext.java,88,_needToHandleName = false;
S6856,TokenFilterContext.java,89,return this;
S6857,TokenFilterContext.java,100,"return new TokenFilterContext(TYPE_ROOT, null, filter, true);"
S6858,TokenFilterContext.java,104,TokenFilterContext ctxt = _child;
S6859,TokenFilterContext.java,105,if (ctxt == null) {
S6860,TokenFilterContext.java,106,"_child = ctxt = new TokenFilterContext(TYPE_ARRAY, this, filter, writeStart);"
S6861,TokenFilterContext.java,107,return ctxt;
S6862,TokenFilterContext.java,109,"return ctxt.reset(TYPE_ARRAY, filter, writeStart);"
S6863,TokenFilterContext.java,113,TokenFilterContext ctxt = _child;
S6864,TokenFilterContext.java,114,if (ctxt == null) {
S6865,TokenFilterContext.java,115,"_child = ctxt = new TokenFilterContext(TYPE_OBJECT, this, filter, writeStart);"
S6866,TokenFilterContext.java,116,return ctxt;
S6867,TokenFilterContext.java,118,"return ctxt.reset(TYPE_OBJECT, filter, writeStart);"
S6868,TokenFilterContext.java,128,_currentName = name;
S6869,TokenFilterContext.java,129,_needToHandleName = true;
S6870,TokenFilterContext.java,130,return _filter;
S6871,TokenFilterContext.java,139,if (_type == TYPE_OBJECT) {
S6872,TokenFilterContext.java,140,return filter;
S6873,TokenFilterContext.java,143,int ix = ++_index;
S6874,TokenFilterContext.java,144,if (_type == TYPE_ARRAY) {
S6875,TokenFilterContext.java,145,return filter.includeElement(ix);
S6876,TokenFilterContext.java,147,return filter.includeRootValue(ix);
S6877,TokenFilterContext.java,156,if ((_filter == null) || (_filter == TokenFilter.INCLUDE_ALL)) {
S6878,TokenFilterContext.java,159,if (_parent != null) {
S6879,TokenFilterContext.java,160,_parent._writePath(gen);
S6880,TokenFilterContext.java,162,if (_startHandled) {
S6881,TokenFilterContext.java,164,if (_needToHandleName) {
S6882,TokenFilterContext.java,165,gen.writeFieldName(_currentName);
S6883,TokenFilterContext.java,168,_startHandled = true;
S6884,TokenFilterContext.java,169,if (_type == TYPE_OBJECT) {
S6885,TokenFilterContext.java,170,gen.writeStartObject();
S6886,TokenFilterContext.java,171,gen.writeFieldName(_currentName); // we know name must be written
S6887,TokenFilterContext.java,172,} else if (_type == TYPE_ARRAY) {
S6888,TokenFilterContext.java,173,gen.writeStartArray();
S6889,TokenFilterContext.java,209,if ((_filter == null) || (_filter == TokenFilter.INCLUDE_ALL)) {
S6890,TokenFilterContext.java,212,if (_parent != null) {
S6891,TokenFilterContext.java,213,_parent._writePath(gen);
S6892,TokenFilterContext.java,215,if (_startHandled) {
S6893,TokenFilterContext.java,217,if (_needToHandleName) {
S6894,TokenFilterContext.java,218,_needToHandleName = false; // at parent must explicitly clear
S6895,TokenFilterContext.java,219,gen.writeFieldName(_currentName);
S6896,TokenFilterContext.java,222,_startHandled = true;
S6897,TokenFilterContext.java,223,if (_type == TYPE_OBJECT) {
S6898,TokenFilterContext.java,224,gen.writeStartObject();
S6899,TokenFilterContext.java,225,if (_needToHandleName) {
S6900,TokenFilterContext.java,226,_needToHandleName = false; // at parent must explicitly clear
S6901,TokenFilterContext.java,227,gen.writeFieldName(_currentName);
S6902,TokenFilterContext.java,229,} else if (_type == TYPE_ARRAY) {
S6903,TokenFilterContext.java,230,gen.writeStartArray();
S6904,TokenFilterContext.java,237,if (_startHandled) {
S6905,TokenFilterContext.java,238,gen.writeEndArray();
S6906,TokenFilterContext.java,240,if ((_filter != null) && (_filter != TokenFilter.INCLUDE_ALL)) {
S6907,TokenFilterContext.java,241,_filter.filterFinishArray();
S6908,TokenFilterContext.java,243,return _parent;
S6909,TokenFilterContext.java,248,if (_startHandled) {
S6910,TokenFilterContext.java,249,gen.writeEndObject();
S6911,TokenFilterContext.java,251,if ((_filter != null) && (_filter != TokenFilter.INCLUDE_ALL)) {
S6912,TokenFilterContext.java,252,_filter.filterFinishObject();
S6913,TokenFilterContext.java,254,return _parent;
S6914,TokenFilterContext.java,258,_filter = null;
S6915,TokenFilterContext.java,259,for (TokenFilterContext ctxt = _parent; ctxt != null; ctxt = ctxt._parent) {
S6916,TokenFilterContext.java,260,_parent._filter = null;
S6917,TokenFilterContext.java,276,@Override public final TokenFilterContext getParent() { return _parent; }
S6918,TokenFilterContext.java,277,@Override public final String getCurrentName() { return _currentName; }
S6919,TokenFilterContext.java,281,public TokenFilter getFilter() { return _filter; }
S6920,TokenFilterContext.java,282,public boolean isStartHandled() { return _startHandled; }
S6921,TokenFilterContext.java,285,if (!_startHandled) {
S6922,TokenFilterContext.java,286,_startHandled = true;
S6923,TokenFilterContext.java,287,if (_type == TYPE_OBJECT) {
S6924,TokenFilterContext.java,288,return JsonToken.START_OBJECT;
S6925,TokenFilterContext.java,291,return JsonToken.START_ARRAY;
S6926,TokenFilterContext.java,294,if (_needToHandleName && (_type == TYPE_OBJECT)) {
S6927,TokenFilterContext.java,295,_needToHandleName = false;
S6928,TokenFilterContext.java,296,return JsonToken.FIELD_NAME;
S6929,TokenFilterContext.java,298,return null;
S6930,TokenFilterContext.java,302,if (_parent == parent) {
S6931,TokenFilterContext.java,303,return this;
S6932,TokenFilterContext.java,305,TokenFilterContext curr = _parent;
S6933,TokenFilterContext.java,306,while (curr != null) {
S6934,TokenFilterContext.java,307,TokenFilterContext p = curr._parent;
S6935,TokenFilterContext.java,308,if (p == parent) {
S6936,TokenFilterContext.java,309,return curr;
S6937,TreeCodec.java,11,public abstract class TreeCodec
S6938,TypeReference.java,33,Type superClass = getClass().getGenericSuperclass();
S6939,TypeReference.java,34,"if (superClass instanceof Class<?>) { // sanity check, should never happen"
S6940,TypeReference.java,35,"throw new IllegalArgumentException(""Internal error: TypeReference constructed without actual type information"");"
S6941,TypeReference.java,44,_type = ((ParameterizedType) superClass).getActualTypeArguments()[0];
S6942,UTF32Reader.java,37,protected char _surrogate = NC;
S6943,UTF32Reader.java,57,"public UTF32Reader(IOContext ctxt, InputStream in, byte[] buf, int ptr, int len, boolean isBigEndian) {"
S6944,UTF32Reader.java,58,_context = ctxt;
S6945,UTF32Reader.java,59,_in = in;
S6946,UTF32Reader.java,60,_buffer = buf;
S6947,UTF32Reader.java,61,_ptr = ptr;
S6948,UTF32Reader.java,62,_length = len;
S6949,UTF32Reader.java,63,_bigEndian = isBigEndian;
S6950,UTF32Reader.java,64,_managedBuffers = (in != null);
S6951,UTF32Reader.java,75,InputStream in = _in;
S6952,UTF32Reader.java,77,if (in != null) {
S6953,UTF32Reader.java,78,_in = null;
S6954,UTF32Reader.java,79,freeBuffers();
S6955,UTF32Reader.java,80,in.close();
S6956,UTF32Reader.java,105,if (_buffer == null) { return -1; }
S6957,UTF32Reader.java,106,if (len < 1) { return len; }
S6958,UTF32Reader.java,108,if (start < 0 || (start+len) > cbuf.length) {
S6959,UTF32Reader.java,112,int outPtr = start;
S6960,UTF32Reader.java,113,final int outEnd = len+start;
S6961,UTF32Reader.java,116,if (_surrogate != NC) {
S6962,UTF32Reader.java,123,int left = (_length - _ptr);
S6963,UTF32Reader.java,124,if (left < 4) {
S6964,UTF32Reader.java,125,if (!loadMore(left)) { // (legal) EOF?
S6965,UTF32Reader.java,127,if (left == 0) {
S6966,UTF32Reader.java,128,return -1;
S6967,UTF32Reader.java,136,final int lastValidInputStart = (_length - 4);
S6968,UTF32Reader.java,139,while (outPtr < outEnd) {
S6969,UTF32Reader.java,140,int ptr = _ptr;
S6970,UTF32Reader.java,143,if (_bigEndian) {
S6971,UTF32Reader.java,144,hi = (_buffer[ptr] << 8) | (_buffer[ptr+1] & 0xFF);
S6972,UTF32Reader.java,145,lo = ((_buffer[ptr+2] & 0xFF) << 8) | (_buffer[ptr+3] & 0xFF);
S6973,UTF32Reader.java,150,_ptr += 4;
S6974,UTF32Reader.java,154,if (hi != 0) { // need to split into surrogates?
S6975,UTF32Reader.java,155,hi &= 0xFFFF; // since it may be sign extended
S6976,UTF32Reader.java,156,int ch = ((hi - 1) << 16) | lo; // ch -= 0x10000; to normalize starting with 0x0
S6977,UTF32Reader.java,157,if (hi > 0x10) { // last valid is 0x10FFFF
S6978,UTF32Reader.java,158,"reportInvalid(ch, outPtr-start,"
S6979,UTF32Reader.java,170,cbuf[outPtr++] = (char) lo;
S6980,UTF32Reader.java,171,if (_ptr > lastValidInputStart) {
S6981,UTF32Reader.java,172,break main_loop;
S6982,UTF32Reader.java,175,int actualLen = (outPtr - start);
S6983,UTF32Reader.java,176,_charCount += actualLen;
S6984,UTF32Reader.java,177,return actualLen;
S6985,UTF32Reader.java,187,"int bytePos = _byteCount + gotBytes, charPos = _charCount;"
S6986,UTF32Reader.java,189,"throw new CharConversionException(""Unexpected EOF in the middle of a 4-byte UTF-32 char: got ""+gotBytes+"", needed ""+needed+"", at char #""+charPos+"", byte #""+bytePos+"")"");"
S6987,UTF32Reader.java,193,"int bytePos = _byteCount + _ptr - 1, charPos = _charCount + offset;"
S6988,UTF32Reader.java,195,"throw new CharConversionException(""Invalid UTF-32 character 0x""+Integer.toHexString(value)+msg+"" at char #""+charPos+"", byte #""+bytePos+"")"");"
S6989,UTF32Reader.java,205,_byteCount += (_length - available);
S6990,UTF32Reader.java,208,if (available > 0) {
S6991,UTF32Reader.java,209,if (_ptr > 0) {
S6992,UTF32Reader.java,210,"System.arraycopy(_buffer, _ptr, _buffer, 0, available);"
S6993,UTF32Reader.java,211,_ptr = 0;
S6994,UTF32Reader.java,213,_length = available;
S6995,UTF32Reader.java,218,_ptr = 0;
S6996,UTF32Reader.java,219,int count = (_in == null) ? -1 : _in.read(_buffer);
S6997,UTF32Reader.java,220,if (count < 1) {
S6998,UTF32Reader.java,221,_length = 0;
S6999,UTF32Reader.java,222,if (count < 0) { // -1
S7000,UTF32Reader.java,223,if (_managedBuffers) {
S7001,UTF32Reader.java,226,return false;
S7002,UTF32Reader.java,237,while (_length < 4) {
S7003,UTF32Reader.java,238,"int count = (_in == null) ? -1 : _in.read(_buffer, _length, _buffer.length - _length);"
S7004,UTF32Reader.java,239,if (count < 1) {
S7005,UTF32Reader.java,240,"if (count < 0) { // -1, EOF... no good!"
S7006,UTF32Reader.java,241,if (_managedBuffers) {
S7007,UTF32Reader.java,244,"reportUnexpectedEOF(_length, 4);"
S7008,UTF32Reader.java,260,byte[] buf = _buffer;
S7009,UTF32Reader.java,261,if (buf != null) {
S7010,UTF32Reader.java,262,_buffer = null;
S7011,UTF32Reader.java,263,_context.releaseReadIOBuffer(buf);
S7012,UTF8DataInputJsonParser.java,41,private final static int[] _icUTF8 = CharTypes.getInputCodeUtf8();
S7013,UTF8DataInputJsonParser.java,45,protected final static int[] _icLatin1 = CharTypes.getInputCodeLatin1();
S7014,UTF8DataInputJsonParser.java,74,protected int[] _quadBuffer = new int[16];
S7015,UTF8DataInputJsonParser.java,100,protected int _nextByte = -1;
S7016,UTF8DataInputJsonParser.java,112,"super(ctxt, features);"
S7017,UTF8DataInputJsonParser.java,113,_objectCodec = codec;
S7018,UTF8DataInputJsonParser.java,114,_symbols = sym;
S7019,UTF8DataInputJsonParser.java,115,_inputData = inputData;
S7020,UTF8DataInputJsonParser.java,116,_nextByte = firstByte;
S7021,UTF8DataInputJsonParser.java,152,protected void _closeInput() throws IOException { }
S7022,UTF8DataInputJsonParser.java,163,super._releaseBuffers();
S7023,UTF8DataInputJsonParser.java,165,_symbols.release();
S7024,UTF8DataInputJsonParser.java,177,if (_currToken == JsonToken.VALUE_STRING) {
S7025,UTF8DataInputJsonParser.java,178,if (_tokenIncomplete) {
S7026,UTF8DataInputJsonParser.java,179,_tokenIncomplete = false;
S7027,UTF8DataInputJsonParser.java,180,return _finishAndReturnString(); // only strings can be incomplete
S7028,UTF8DataInputJsonParser.java,182,return _textBuffer.contentsAsString();
S7029,UTF8DataInputJsonParser.java,184,return _getText2(_currToken);
S7030,UTF8DataInputJsonParser.java,190,JsonToken t = _currToken;
S7031,UTF8DataInputJsonParser.java,191,if (t == JsonToken.VALUE_STRING) {
S7032,UTF8DataInputJsonParser.java,192,if (_tokenIncomplete) {
S7033,UTF8DataInputJsonParser.java,193,_tokenIncomplete = false;
S7034,UTF8DataInputJsonParser.java,194,_finishString(); // only strings can be incomplete
S7035,UTF8DataInputJsonParser.java,196,return _textBuffer.contentsToWriter(writer);
S7036,UTF8DataInputJsonParser.java,218,if (_currToken == JsonToken.VALUE_STRING) {
S7037,UTF8DataInputJsonParser.java,219,if (_tokenIncomplete) {
S7038,UTF8DataInputJsonParser.java,223,return _textBuffer.contentsAsString();
S7039,UTF8DataInputJsonParser.java,225,if (_currToken == JsonToken.FIELD_NAME) {
S7040,UTF8DataInputJsonParser.java,226,return getCurrentName();
S7041,UTF8DataInputJsonParser.java,228,return super.getValueAsString(null);
S7042,UTF8DataInputJsonParser.java,234,if (_currToken == JsonToken.VALUE_STRING) {
S7043,UTF8DataInputJsonParser.java,235,if (_tokenIncomplete) {
S7044,UTF8DataInputJsonParser.java,236,_tokenIncomplete = false;
S7045,UTF8DataInputJsonParser.java,237,return _finishAndReturnString(); // only strings can be incomplete
S7046,UTF8DataInputJsonParser.java,241,if (_currToken == JsonToken.FIELD_NAME) {
S7047,UTF8DataInputJsonParser.java,242,return getCurrentName();
S7048,UTF8DataInputJsonParser.java,244,return super.getValueAsString(defValue);
S7049,UTF8DataInputJsonParser.java,250,JsonToken t = _currToken;
S7050,UTF8DataInputJsonParser.java,251,if ((t == JsonToken.VALUE_NUMBER_INT) || (t == JsonToken.VALUE_NUMBER_FLOAT)) {
S7051,UTF8DataInputJsonParser.java,253,if ((_numTypesValid & NR_INT) == 0) {
S7052,UTF8DataInputJsonParser.java,261,return _numberInt;
S7053,UTF8DataInputJsonParser.java,269,JsonToken t = _currToken;
S7054,UTF8DataInputJsonParser.java,270,if ((t == JsonToken.VALUE_NUMBER_INT) || (t == JsonToken.VALUE_NUMBER_FLOAT)) {
S7055,UTF8DataInputJsonParser.java,272,if ((_numTypesValid & NR_INT) == 0) {
S7056,UTF8DataInputJsonParser.java,280,return _numberInt;
S7057,UTF8DataInputJsonParser.java,287,if (t == null) {
S7058,UTF8DataInputJsonParser.java,288,return null;
S7059,UTF8DataInputJsonParser.java,290,switch (t.id()) {
S7060,UTF8DataInputJsonParser.java,292,return _parsingContext.getCurrentName();
S7061,UTF8DataInputJsonParser.java,298,return _textBuffer.contentsAsString();
S7062,UTF8DataInputJsonParser.java,300,return t.asString();
S7063,UTF8DataInputJsonParser.java,307,if (_currToken != null) { // null only before/after document
S7064,UTF8DataInputJsonParser.java,308,switch (_currToken.id()) {
S7065,UTF8DataInputJsonParser.java,311,if (!_nameCopied) {
S7066,UTF8DataInputJsonParser.java,312,String name = _parsingContext.getCurrentName();
S7067,UTF8DataInputJsonParser.java,313,int nameLen = name.length();
S7068,UTF8DataInputJsonParser.java,314,if (_nameCopyBuffer == null) {
S7069,UTF8DataInputJsonParser.java,315,_nameCopyBuffer = _ioContext.allocNameCopyBuffer(nameLen);
S7070,UTF8DataInputJsonParser.java,319,"name.getChars(0, nameLen, _nameCopyBuffer, 0);"
S7071,UTF8DataInputJsonParser.java,320,_nameCopied = true;
S7072,UTF8DataInputJsonParser.java,322,return _nameCopyBuffer;
S7073,UTF8DataInputJsonParser.java,325,if (_tokenIncomplete) {
S7074,UTF8DataInputJsonParser.java,332,return _textBuffer.getTextBuffer();
S7075,UTF8DataInputJsonParser.java,338,return null;
S7076,UTF8DataInputJsonParser.java,344,if (_currToken == JsonToken.VALUE_STRING) {
S7077,UTF8DataInputJsonParser.java,345,if (_tokenIncomplete) {
S7078,UTF8DataInputJsonParser.java,346,_tokenIncomplete = false;
S7079,UTF8DataInputJsonParser.java,347,_finishString(); // only strings can be incomplete
S7080,UTF8DataInputJsonParser.java,349,return _textBuffer.size();
S7081,UTF8DataInputJsonParser.java,351,if (_currToken == JsonToken.FIELD_NAME) {
S7082,UTF8DataInputJsonParser.java,352,return _parsingContext.getCurrentName().length();
S7083,UTF8DataInputJsonParser.java,354,if (_currToken != null) { // null only before/after document
S7084,UTF8DataInputJsonParser.java,360,return 0;
S7085,UTF8DataInputJsonParser.java,367,if (_currToken != null) {
S7086,UTF8DataInputJsonParser.java,368,switch (_currToken.id()) {
S7087,UTF8DataInputJsonParser.java,370,return 0;
S7088,UTF8DataInputJsonParser.java,372,if (_tokenIncomplete) {
S7089,UTF8DataInputJsonParser.java,379,return _textBuffer.getTextOffset();
S7090,UTF8DataInputJsonParser.java,383,return 0;
S7091,UTF8DataInputJsonParser.java,389,if (_currToken != JsonToken.VALUE_STRING &&
S7092,UTF8DataInputJsonParser.java,391,"_reportError(""Current token (""+_currToken+"") not VALUE_STRING or VALUE_EMBEDDED_OBJECT, can not access as binary"");"
S7093,UTF8DataInputJsonParser.java,396,if (_tokenIncomplete) {
S7094,UTF8DataInputJsonParser.java,398,_binaryValue = _decodeBase64(b64variant);
S7095,UTF8DataInputJsonParser.java,399,} catch (IllegalArgumentException iae) {
S7096,UTF8DataInputJsonParser.java,400,"throw _constructError(""Failed to decode VALUE_STRING as base64 (""+b64variant+""): ""+iae.getMessage());"
S7097,UTF8DataInputJsonParser.java,405,_tokenIncomplete = false;
S7098,UTF8DataInputJsonParser.java,407,if (_binaryValue == null) {
S7099,UTF8DataInputJsonParser.java,409,ByteArrayBuilder builder = _getByteArrayBuilder();
S7100,UTF8DataInputJsonParser.java,410,"_decodeBase64(getText(), builder, b64variant);"
S7101,UTF8DataInputJsonParser.java,414,return _binaryValue;
S7102,UTF8DataInputJsonParser.java,421,if (!_tokenIncomplete || _currToken != JsonToken.VALUE_STRING) {
S7103,UTF8DataInputJsonParser.java,427,byte[] buf = _ioContext.allocBase64Buffer();
S7104,UTF8DataInputJsonParser.java,429,"return _readBinary(b64variant, out, buf);"
S7105,UTF8DataInputJsonParser.java,431,_ioContext.releaseBase64Buffer(buf);
S7106,UTF8DataInputJsonParser.java,438,int outputPtr = 0;
S7107,UTF8DataInputJsonParser.java,439,final int outputEnd = buffer.length - 3;
S7108,UTF8DataInputJsonParser.java,440,int outputCount = 0;
S7109,UTF8DataInputJsonParser.java,446,ch = _inputData.readUnsignedByte();
S7110,UTF8DataInputJsonParser.java,447,} while (ch <= INT_SPACE);
S7111,UTF8DataInputJsonParser.java,448,int bits = b64variant.decodeBase64Char(ch);
S7112,UTF8DataInputJsonParser.java,449,"if (bits < 0) { // reached the end, fair and square?"
S7113,UTF8DataInputJsonParser.java,450,if (ch == INT_QUOTE) {
S7114,UTF8DataInputJsonParser.java,451,break;
S7115,UTF8DataInputJsonParser.java,460,if (outputPtr > outputEnd) {
S7116,UTF8DataInputJsonParser.java,461,outputCount += outputPtr;
S7117,UTF8DataInputJsonParser.java,462,"out.write(buffer, 0, outputPtr);"
S7118,UTF8DataInputJsonParser.java,463,outputPtr = 0;
S7119,UTF8DataInputJsonParser.java,466,int decodedData = bits;
S7120,UTF8DataInputJsonParser.java,469,ch = _inputData.readUnsignedByte();
S7121,UTF8DataInputJsonParser.java,470,bits = b64variant.decodeBase64Char(ch);
S7122,UTF8DataInputJsonParser.java,471,if (bits < 0) {
S7123,UTF8DataInputJsonParser.java,474,decodedData = (decodedData << 6) | bits;
S7124,UTF8DataInputJsonParser.java,477,ch = _inputData.readUnsignedByte();
S7125,UTF8DataInputJsonParser.java,478,bits = b64variant.decodeBase64Char(ch);
S7126,UTF8DataInputJsonParser.java,481,if (bits < 0) {
S7127,UTF8DataInputJsonParser.java,482,if (bits != Base64Variant.BASE64_VALUE_PADDING) {
S7128,UTF8DataInputJsonParser.java,484,if (ch == INT_QUOTE) {
S7129,UTF8DataInputJsonParser.java,492,"bits = _decodeBase64Escape(b64variant, ch, 2);"
S7130,UTF8DataInputJsonParser.java,494,if (bits == Base64Variant.BASE64_VALUE_PADDING) {
S7131,UTF8DataInputJsonParser.java,496,ch = _inputData.readUnsignedByte();
S7132,UTF8DataInputJsonParser.java,497,if (!b64variant.usesPaddingChar(ch)) {
S7133,UTF8DataInputJsonParser.java,498,if ((ch != INT_BACKSLASH)
S7134,UTF8DataInputJsonParser.java,504,decodedData >>= 4;
S7135,UTF8DataInputJsonParser.java,505,buffer[outputPtr++] = (byte) decodedData;
S7136,UTF8DataInputJsonParser.java,506,continue;
S7137,UTF8DataInputJsonParser.java,510,decodedData = (decodedData << 6) | bits;
S7138,UTF8DataInputJsonParser.java,512,ch = _inputData.readUnsignedByte();
S7139,UTF8DataInputJsonParser.java,513,bits = b64variant.decodeBase64Char(ch);
S7140,UTF8DataInputJsonParser.java,514,if (bits < 0) {
S7141,UTF8DataInputJsonParser.java,515,if (bits != Base64Variant.BASE64_VALUE_PADDING) {
S7142,UTF8DataInputJsonParser.java,517,if (ch == INT_QUOTE) {
S7143,UTF8DataInputJsonParser.java,526,"bits = _decodeBase64Escape(b64variant, ch, 3);"
S7144,UTF8DataInputJsonParser.java,528,if (bits == Base64Variant.BASE64_VALUE_PADDING) {
S7145,UTF8DataInputJsonParser.java,535,decodedData >>= 2;
S7146,UTF8DataInputJsonParser.java,536,buffer[outputPtr++] = (byte) (decodedData >> 8);
S7147,UTF8DataInputJsonParser.java,537,buffer[outputPtr++] = (byte) decodedData;
S7148,UTF8DataInputJsonParser.java,538,continue;
S7149,UTF8DataInputJsonParser.java,542,decodedData = (decodedData << 6) | bits;
S7150,UTF8DataInputJsonParser.java,543,buffer[outputPtr++] = (byte) (decodedData >> 16);
S7151,UTF8DataInputJsonParser.java,544,buffer[outputPtr++] = (byte) (decodedData >> 8);
S7152,UTF8DataInputJsonParser.java,545,buffer[outputPtr++] = (byte) decodedData;
S7153,UTF8DataInputJsonParser.java,547,_tokenIncomplete = false;
S7154,UTF8DataInputJsonParser.java,548,if (outputPtr > 0) {
S7155,UTF8DataInputJsonParser.java,549,outputCount += outputPtr;
S7156,UTF8DataInputJsonParser.java,550,"out.write(buffer, 0, outputPtr);"
S7157,UTF8DataInputJsonParser.java,552,return outputCount;
S7158,UTF8DataInputJsonParser.java,568,if (_closed) {
S7159,UTF8DataInputJsonParser.java,575,if (_currToken == JsonToken.FIELD_NAME) {
S7160,UTF8DataInputJsonParser.java,576,return _nextAfterName();
S7161,UTF8DataInputJsonParser.java,580,_numTypesValid = NR_UNKNOWN;
S7162,UTF8DataInputJsonParser.java,581,if (_tokenIncomplete) {
S7163,UTF8DataInputJsonParser.java,582,_skipString(); // only strings can be partial
S7164,UTF8DataInputJsonParser.java,584,int i = _skipWSOrEnd();
S7165,UTF8DataInputJsonParser.java,585,if (i < 0) { // end-of-input
S7166,UTF8DataInputJsonParser.java,587,close();
S7167,UTF8DataInputJsonParser.java,588,return (_currToken = null);
S7168,UTF8DataInputJsonParser.java,591,_binaryValue = null;
S7169,UTF8DataInputJsonParser.java,592,_tokenInputRow = _currInputRow;
S7170,UTF8DataInputJsonParser.java,595,if (i == INT_RBRACKET || i == INT_RCURLY) {
S7171,UTF8DataInputJsonParser.java,596,_closeScope(i);
S7172,UTF8DataInputJsonParser.java,597,return _currToken;
S7173,UTF8DataInputJsonParser.java,601,if (_parsingContext.expectComma()) {
S7174,UTF8DataInputJsonParser.java,602,if (i != INT_COMMA) {
S7175,UTF8DataInputJsonParser.java,605,i = _skipWS();
S7176,UTF8DataInputJsonParser.java,608,if (Feature.ALLOW_TRAILING_COMMA.enabledIn(_features)) {
S7177,UTF8DataInputJsonParser.java,620,if (!_parsingContext.inObject()) {
S7178,UTF8DataInputJsonParser.java,621,return _nextTokenNotInObject(i);
S7179,UTF8DataInputJsonParser.java,624,String n = _parseName(i);
S7180,UTF8DataInputJsonParser.java,625,_parsingContext.setCurrentName(n);
S7181,UTF8DataInputJsonParser.java,626,_currToken = JsonToken.FIELD_NAME;
S7182,UTF8DataInputJsonParser.java,628,i = _skipColon();
S7183,UTF8DataInputJsonParser.java,631,if (i == INT_QUOTE) {
S7184,UTF8DataInputJsonParser.java,632,_tokenIncomplete = true;
S7185,UTF8DataInputJsonParser.java,633,_nextToken = JsonToken.VALUE_STRING;
S7186,UTF8DataInputJsonParser.java,634,return _currToken;
S7187,UTF8DataInputJsonParser.java,638,switch (i) {
S7188,UTF8DataInputJsonParser.java,640,t = _parseNegNumber();
S7189,UTF8DataInputJsonParser.java,641,break;
S7190,UTF8DataInputJsonParser.java,657,t = _parsePosNumber(i);
S7191,UTF8DataInputJsonParser.java,658,break;
S7192,UTF8DataInputJsonParser.java,660,"_matchToken(""false"", 1);"
S7193,UTF8DataInputJsonParser.java,661,t = JsonToken.VALUE_FALSE;
S7194,UTF8DataInputJsonParser.java,662,break;
S7195,UTF8DataInputJsonParser.java,664,"_matchToken(""null"", 1);"
S7196,UTF8DataInputJsonParser.java,665,t = JsonToken.VALUE_NULL;
S7197,UTF8DataInputJsonParser.java,666,break;
S7198,UTF8DataInputJsonParser.java,668,"_matchToken(""true"", 1);"
S7199,UTF8DataInputJsonParser.java,669,t = JsonToken.VALUE_TRUE;
S7200,UTF8DataInputJsonParser.java,670,break;
S7201,UTF8DataInputJsonParser.java,672,t = JsonToken.START_ARRAY;
S7202,UTF8DataInputJsonParser.java,673,break;
S7203,UTF8DataInputJsonParser.java,675,t = JsonToken.START_OBJECT;
S7204,UTF8DataInputJsonParser.java,676,break;
S7205,UTF8DataInputJsonParser.java,679,t = _handleUnexpectedValue(i);
S7206,UTF8DataInputJsonParser.java,681,_nextToken = t;
S7207,UTF8DataInputJsonParser.java,682,return _currToken;
S7208,UTF8DataInputJsonParser.java,687,if (i == INT_QUOTE) {
S7209,UTF8DataInputJsonParser.java,688,_tokenIncomplete = true;
S7210,UTF8DataInputJsonParser.java,689,return (_currToken = JsonToken.VALUE_STRING);
S7211,UTF8DataInputJsonParser.java,691,switch (i) {
S7212,UTF8DataInputJsonParser.java,693,"_parsingContext = _parsingContext.createChildArrayContext(_tokenInputRow, _tokenInputCol);"
S7213,UTF8DataInputJsonParser.java,694,return (_currToken = JsonToken.START_ARRAY);
S7214,UTF8DataInputJsonParser.java,696,"_parsingContext = _parsingContext.createChildObjectContext(_tokenInputRow, _tokenInputCol);"
S7215,UTF8DataInputJsonParser.java,697,return (_currToken = JsonToken.START_OBJECT);
S7216,UTF8DataInputJsonParser.java,699,"_matchToken(""true"", 1);"
S7217,UTF8DataInputJsonParser.java,700,return (_currToken = JsonToken.VALUE_TRUE);
S7218,UTF8DataInputJsonParser.java,702,"_matchToken(""false"", 1);"
S7219,UTF8DataInputJsonParser.java,703,return (_currToken = JsonToken.VALUE_FALSE);
S7220,UTF8DataInputJsonParser.java,705,"_matchToken(""null"", 1);"
S7221,UTF8DataInputJsonParser.java,706,return (_currToken = JsonToken.VALUE_NULL);
S7222,UTF8DataInputJsonParser.java,708,return (_currToken = _parseNegNumber());
S7223,UTF8DataInputJsonParser.java,723,return (_currToken = _parsePosNumber(i));
S7224,UTF8DataInputJsonParser.java,725,return (_currToken = _handleUnexpectedValue(i));
S7225,UTF8DataInputJsonParser.java,730,_nameCopied = false; // need to invalidate if it was copied
S7226,UTF8DataInputJsonParser.java,731,JsonToken t = _nextToken;
S7227,UTF8DataInputJsonParser.java,732,_nextToken = null;
S7228,UTF8DataInputJsonParser.java,735,if (t == JsonToken.START_ARRAY) {
S7229,UTF8DataInputJsonParser.java,736,"_parsingContext = _parsingContext.createChildArrayContext(_tokenInputRow, _tokenInputCol);"
S7230,UTF8DataInputJsonParser.java,737,} else if (t == JsonToken.START_OBJECT) {
S7231,UTF8DataInputJsonParser.java,738,"_parsingContext = _parsingContext.createChildObjectContext(_tokenInputRow, _tokenInputCol);"
S7232,UTF8DataInputJsonParser.java,740,return (_currToken = t);
S7233,UTF8DataInputJsonParser.java,765,_numTypesValid = NR_UNKNOWN;
S7234,UTF8DataInputJsonParser.java,766,if (_currToken == JsonToken.FIELD_NAME) {
S7235,UTF8DataInputJsonParser.java,767,_nextAfterName();
S7236,UTF8DataInputJsonParser.java,768,return null;
S7237,UTF8DataInputJsonParser.java,770,if (_tokenIncomplete) {
S7238,UTF8DataInputJsonParser.java,771,_skipString();
S7239,UTF8DataInputJsonParser.java,773,int i = _skipWS();
S7240,UTF8DataInputJsonParser.java,774,_binaryValue = null;
S7241,UTF8DataInputJsonParser.java,775,_tokenInputRow = _currInputRow;
S7242,UTF8DataInputJsonParser.java,777,if (i == INT_RBRACKET || i == INT_RCURLY) {
S7243,UTF8DataInputJsonParser.java,778,_closeScope(i);
S7244,UTF8DataInputJsonParser.java,779,return null;
S7245,UTF8DataInputJsonParser.java,783,if (_parsingContext.expectComma()) {
S7246,UTF8DataInputJsonParser.java,784,if (i != INT_COMMA) {
S7247,UTF8DataInputJsonParser.java,787,i = _skipWS();
S7248,UTF8DataInputJsonParser.java,790,if (Feature.ALLOW_TRAILING_COMMA.enabledIn(_features)) {
S7249,UTF8DataInputJsonParser.java,798,if (!_parsingContext.inObject()) {
S7250,UTF8DataInputJsonParser.java,799,_nextTokenNotInObject(i);
S7251,UTF8DataInputJsonParser.java,800,return null;
S7252,UTF8DataInputJsonParser.java,803,final String nameStr = _parseName(i);
S7253,UTF8DataInputJsonParser.java,804,_parsingContext.setCurrentName(nameStr);
S7254,UTF8DataInputJsonParser.java,805,_currToken = JsonToken.FIELD_NAME;
S7255,UTF8DataInputJsonParser.java,807,i = _skipColon();
S7256,UTF8DataInputJsonParser.java,808,if (i == INT_QUOTE) {
S7257,UTF8DataInputJsonParser.java,809,_tokenIncomplete = true;
S7258,UTF8DataInputJsonParser.java,810,_nextToken = JsonToken.VALUE_STRING;
S7259,UTF8DataInputJsonParser.java,811,return nameStr;
S7260,UTF8DataInputJsonParser.java,814,switch (i) {
S7261,UTF8DataInputJsonParser.java,828,t = _parsePosNumber(i);
S7262,UTF8DataInputJsonParser.java,829,break;
S7263,UTF8DataInputJsonParser.java,843,t = JsonToken.START_ARRAY;
S7264,UTF8DataInputJsonParser.java,844,break;
S7265,UTF8DataInputJsonParser.java,852,_nextToken = t;
S7266,UTF8DataInputJsonParser.java,853,return nameStr;
S7267,UTF8DataInputJsonParser.java,860,if (_currToken == JsonToken.FIELD_NAME) { // mostly copied from '_nextAfterName'
S7268,UTF8DataInputJsonParser.java,861,_nameCopied = false;
S7269,UTF8DataInputJsonParser.java,862,JsonToken t = _nextToken;
S7270,UTF8DataInputJsonParser.java,863,_nextToken = null;
S7271,UTF8DataInputJsonParser.java,864,_currToken = t;
S7272,UTF8DataInputJsonParser.java,865,if (t == JsonToken.VALUE_STRING) {
S7273,UTF8DataInputJsonParser.java,866,if (_tokenIncomplete) {
S7274,UTF8DataInputJsonParser.java,867,_tokenIncomplete = false;
S7275,UTF8DataInputJsonParser.java,868,return _finishAndReturnString();
S7276,UTF8DataInputJsonParser.java,872,if (t == JsonToken.START_ARRAY) {
S7277,UTF8DataInputJsonParser.java,873,"_parsingContext = _parsingContext.createChildArrayContext(_tokenInputRow, _tokenInputCol);"
S7278,UTF8DataInputJsonParser.java,877,return null;
S7279,UTF8DataInputJsonParser.java,879,return (nextToken() == JsonToken.VALUE_STRING) ? getText() : null;
S7280,UTF8DataInputJsonParser.java,886,if (_currToken == JsonToken.FIELD_NAME) { // mostly copied from '_nextAfterName'
S7281,UTF8DataInputJsonParser.java,887,_nameCopied = false;
S7282,UTF8DataInputJsonParser.java,888,JsonToken t = _nextToken;
S7283,UTF8DataInputJsonParser.java,889,_nextToken = null;
S7284,UTF8DataInputJsonParser.java,890,_currToken = t;
S7285,UTF8DataInputJsonParser.java,891,if (t == JsonToken.VALUE_NUMBER_INT) {
S7286,UTF8DataInputJsonParser.java,892,return getIntValue();
S7287,UTF8DataInputJsonParser.java,894,if (t == JsonToken.START_ARRAY) {
S7288,UTF8DataInputJsonParser.java,895,"_parsingContext = _parsingContext.createChildArrayContext(_tokenInputRow, _tokenInputCol);"
S7289,UTF8DataInputJsonParser.java,896,} else if (t == JsonToken.START_OBJECT) {
S7290,UTF8DataInputJsonParser.java,899,return defaultValue;
S7291,UTF8DataInputJsonParser.java,901,return (nextToken() == JsonToken.VALUE_NUMBER_INT) ? getIntValue() : defaultValue;
S7292,UTF8DataInputJsonParser.java,908,if (_currToken == JsonToken.FIELD_NAME) { // mostly copied from '_nextAfterName'
S7293,UTF8DataInputJsonParser.java,909,_nameCopied = false;
S7294,UTF8DataInputJsonParser.java,910,JsonToken t = _nextToken;
S7295,UTF8DataInputJsonParser.java,911,_nextToken = null;
S7296,UTF8DataInputJsonParser.java,912,_currToken = t;
S7297,UTF8DataInputJsonParser.java,913,if (t == JsonToken.VALUE_NUMBER_INT) {
S7298,UTF8DataInputJsonParser.java,914,return getLongValue();
S7299,UTF8DataInputJsonParser.java,916,if (t == JsonToken.START_ARRAY) {
S7300,UTF8DataInputJsonParser.java,917,"_parsingContext = _parsingContext.createChildArrayContext(_tokenInputRow, _tokenInputCol);"
S7301,UTF8DataInputJsonParser.java,918,} else if (t == JsonToken.START_OBJECT) {
S7302,UTF8DataInputJsonParser.java,921,return defaultValue;
S7303,UTF8DataInputJsonParser.java,923,return (nextToken() == JsonToken.VALUE_NUMBER_INT) ? getLongValue() : defaultValue;
S7304,UTF8DataInputJsonParser.java,930,if (_currToken == JsonToken.FIELD_NAME) { // mostly copied from '_nextAfterName'
S7305,UTF8DataInputJsonParser.java,931,_nameCopied = false;
S7306,UTF8DataInputJsonParser.java,932,JsonToken t = _nextToken;
S7307,UTF8DataInputJsonParser.java,933,_nextToken = null;
S7308,UTF8DataInputJsonParser.java,934,_currToken = t;
S7309,UTF8DataInputJsonParser.java,935,if (t == JsonToken.VALUE_TRUE) {
S7310,UTF8DataInputJsonParser.java,936,return Boolean.TRUE;
S7311,UTF8DataInputJsonParser.java,938,if (t == JsonToken.VALUE_FALSE) {
S7312,UTF8DataInputJsonParser.java,941,if (t == JsonToken.START_ARRAY) {
S7313,UTF8DataInputJsonParser.java,942,"_parsingContext = _parsingContext.createChildArrayContext(_tokenInputRow, _tokenInputCol);"
S7314,UTF8DataInputJsonParser.java,943,} else if (t == JsonToken.START_OBJECT) {
S7315,UTF8DataInputJsonParser.java,946,return null;
S7316,UTF8DataInputJsonParser.java,949,JsonToken t = nextToken();
S7317,UTF8DataInputJsonParser.java,950,if (t == JsonToken.VALUE_TRUE) {
S7318,UTF8DataInputJsonParser.java,953,if (t == JsonToken.VALUE_FALSE) {
S7319,UTF8DataInputJsonParser.java,954,return Boolean.FALSE;
S7320,UTF8DataInputJsonParser.java,956,return null;
S7321,UTF8DataInputJsonParser.java,982,char[] outBuf = _textBuffer.emptyAndGetCurrentSegment();
S7322,UTF8DataInputJsonParser.java,987,if (c == INT_0) {
S7323,UTF8DataInputJsonParser.java,988,c = _handleLeadingZeroes();
S7324,UTF8DataInputJsonParser.java,989,if (c <= INT_9 && c >= INT_0) { // skip if followed by digit
S7325,UTF8DataInputJsonParser.java,990,outPtr = 0;
S7326,UTF8DataInputJsonParser.java,992,outBuf[0] = '0';
S7327,UTF8DataInputJsonParser.java,993,outPtr = 1;
S7328,UTF8DataInputJsonParser.java,996,outBuf[0] = (char) c;
S7329,UTF8DataInputJsonParser.java,997,c = _inputData.readUnsignedByte();
S7330,UTF8DataInputJsonParser.java,998,outPtr = 1;
S7331,UTF8DataInputJsonParser.java,1000,int intLen = outPtr;
S7332,UTF8DataInputJsonParser.java,1003,while (c <= INT_9 && c >= INT_0) {
S7333,UTF8DataInputJsonParser.java,1004,++intLen;
S7334,UTF8DataInputJsonParser.java,1005,outBuf[outPtr++] = (char) c;
S7335,UTF8DataInputJsonParser.java,1006,c = _inputData.readUnsignedByte();
S7336,UTF8DataInputJsonParser.java,1008,if (c == '.' || c == 'e' || c == 'E') {
S7337,UTF8DataInputJsonParser.java,1009,"return _parseFloat(outBuf, outPtr, c, false, intLen);"
S7338,UTF8DataInputJsonParser.java,1011,_textBuffer.setCurrentLength(outPtr);
S7339,UTF8DataInputJsonParser.java,1013,if (_parsingContext.inRoot()) {
S7340,UTF8DataInputJsonParser.java,1014,_verifyRootSpace();
S7341,UTF8DataInputJsonParser.java,1016,_nextByte = c;
S7342,UTF8DataInputJsonParser.java,1019,"return resetInt(false, intLen);"
S7343,UTF8DataInputJsonParser.java,1024,char[] outBuf = _textBuffer.emptyAndGetCurrentSegment();
S7344,UTF8DataInputJsonParser.java,1025,int outPtr = 0;
S7345,UTF8DataInputJsonParser.java,1028,outBuf[outPtr++] = '-';
S7346,UTF8DataInputJsonParser.java,1029,int c = _inputData.readUnsignedByte();
S7347,UTF8DataInputJsonParser.java,1030,outBuf[outPtr++] = (char) c;
S7348,UTF8DataInputJsonParser.java,1032,if (c <= INT_0) {
S7349,UTF8DataInputJsonParser.java,1034,if (c == INT_0) {
S7350,UTF8DataInputJsonParser.java,1035,c = _handleLeadingZeroes();
S7351,UTF8DataInputJsonParser.java,1040,if (c > INT_9) {
S7352,UTF8DataInputJsonParser.java,1041,"return _handleInvalidNumberStart(c, true);"
S7353,UTF8DataInputJsonParser.java,1043,c = _inputData.readUnsignedByte();
S7354,UTF8DataInputJsonParser.java,1046,int intLen = 1;
S7355,UTF8DataInputJsonParser.java,1049,while (c <= INT_9 && c >= INT_0) {
S7356,UTF8DataInputJsonParser.java,1050,++intLen;
S7357,UTF8DataInputJsonParser.java,1051,outBuf[outPtr++] = (char) c;
S7358,UTF8DataInputJsonParser.java,1052,c = _inputData.readUnsignedByte();
S7359,UTF8DataInputJsonParser.java,1054,if (c == '.' || c == 'e' || c == 'E') {
S7360,UTF8DataInputJsonParser.java,1055,"return _parseFloat(outBuf, outPtr, c, true, intLen);"
S7361,UTF8DataInputJsonParser.java,1057,_textBuffer.setCurrentLength(outPtr);
S7362,UTF8DataInputJsonParser.java,1059,_nextByte = c;
S7363,UTF8DataInputJsonParser.java,1060,if (_parsingContext.inRoot()) {
S7364,UTF8DataInputJsonParser.java,1061,_verifyRootSpace();
S7365,UTF8DataInputJsonParser.java,1064,"return resetInt(true, intLen);"
S7366,UTF8DataInputJsonParser.java,1076,int ch = _inputData.readUnsignedByte();
S7367,UTF8DataInputJsonParser.java,1078,if (ch < INT_0 || ch > INT_9) {
S7368,UTF8DataInputJsonParser.java,1079,return ch;
S7369,UTF8DataInputJsonParser.java,1082,if (!isEnabled(Feature.ALLOW_NUMERIC_LEADING_ZEROS)) {
S7370,UTF8DataInputJsonParser.java,1083,"reportInvalidNumber(""Leading zeroes not allowed"");"
S7371,UTF8DataInputJsonParser.java,1086,while (ch == INT_0) {
S7372,UTF8DataInputJsonParser.java,1087,ch = _inputData.readUnsignedByte();
S7373,UTF8DataInputJsonParser.java,1089,return ch;
S7374,UTF8DataInputJsonParser.java,1095,int fractLen = 0;
S7375,UTF8DataInputJsonParser.java,1098,"if (c == INT_PERIOD) { // yes, fraction"
S7376,UTF8DataInputJsonParser.java,1099,outBuf[outPtr++] = (char) c;
S7377,UTF8DataInputJsonParser.java,1103,c = _inputData.readUnsignedByte();
S7378,UTF8DataInputJsonParser.java,1104,if (c < INT_0 || c > INT_9) {
S7379,UTF8DataInputJsonParser.java,1105,break fract_loop;
S7380,UTF8DataInputJsonParser.java,1107,++fractLen;
S7381,UTF8DataInputJsonParser.java,1108,if (outPtr >= outBuf.length) {
S7382,UTF8DataInputJsonParser.java,1112,outBuf[outPtr++] = (char) c;
S7383,UTF8DataInputJsonParser.java,1115,if (fractLen == 0) {
S7384,UTF8DataInputJsonParser.java,1120,int expLen = 0;
S7385,UTF8DataInputJsonParser.java,1121,if (c == INT_e || c == INT_E) { // exponent?
S7386,UTF8DataInputJsonParser.java,1122,if (outPtr >= outBuf.length) {
S7387,UTF8DataInputJsonParser.java,1126,outBuf[outPtr++] = (char) c;
S7388,UTF8DataInputJsonParser.java,1127,c = _inputData.readUnsignedByte();
S7389,UTF8DataInputJsonParser.java,1129,if (c == '-' || c == '+') {
S7390,UTF8DataInputJsonParser.java,1130,if (outPtr >= outBuf.length) {
S7391,UTF8DataInputJsonParser.java,1134,outBuf[outPtr++] = (char) c;
S7392,UTF8DataInputJsonParser.java,1135,c = _inputData.readUnsignedByte();
S7393,UTF8DataInputJsonParser.java,1137,while (c <= INT_9 && c >= INT_0) {
S7394,UTF8DataInputJsonParser.java,1138,++expLen;
S7395,UTF8DataInputJsonParser.java,1139,if (outPtr >= outBuf.length) {
S7396,UTF8DataInputJsonParser.java,1143,outBuf[outPtr++] = (char) c;
S7397,UTF8DataInputJsonParser.java,1144,c = _inputData.readUnsignedByte();
S7398,UTF8DataInputJsonParser.java,1147,if (expLen == 0) {
S7399,UTF8DataInputJsonParser.java,1154,_nextByte = c;
S7400,UTF8DataInputJsonParser.java,1155,if (_parsingContext.inRoot()) {
S7401,UTF8DataInputJsonParser.java,1156,_verifyRootSpace();
S7402,UTF8DataInputJsonParser.java,1158,_textBuffer.setCurrentLength(outPtr);
S7403,UTF8DataInputJsonParser.java,1161,"return resetFloat(negative, integerPartLength, fractLen, expLen);"
S7404,UTF8DataInputJsonParser.java,1174,int ch = _nextByte;
S7405,UTF8DataInputJsonParser.java,1175,if (ch <= INT_SPACE) {
S7406,UTF8DataInputJsonParser.java,1176,_nextByte = -1;
S7407,UTF8DataInputJsonParser.java,1177,if (ch == INT_CR || ch == INT_LF) {
S7408,UTF8DataInputJsonParser.java,1180,return;
S7409,UTF8DataInputJsonParser.java,1182,_reportMissingRootWS(ch);
S7410,UTF8DataInputJsonParser.java,1193,if (i != INT_QUOTE) {
S7411,UTF8DataInputJsonParser.java,1194,return _handleOddName(i);
S7412,UTF8DataInputJsonParser.java,1202,final int[] codes = _icLatin1;
S7413,UTF8DataInputJsonParser.java,1204,int q = _inputData.readUnsignedByte();
S7414,UTF8DataInputJsonParser.java,1206,if (codes[q] == 0) {
S7415,UTF8DataInputJsonParser.java,1207,i = _inputData.readUnsignedByte();
S7416,UTF8DataInputJsonParser.java,1208,if (codes[i] == 0) {
S7417,UTF8DataInputJsonParser.java,1209,q = (q << 8) | i;
S7418,UTF8DataInputJsonParser.java,1210,i = _inputData.readUnsignedByte();
S7419,UTF8DataInputJsonParser.java,1211,if (codes[i] == 0) {
S7420,UTF8DataInputJsonParser.java,1212,q = (q << 8) | i;
S7421,UTF8DataInputJsonParser.java,1213,i = _inputData.readUnsignedByte();
S7422,UTF8DataInputJsonParser.java,1214,if (codes[i] == 0) {
S7423,UTF8DataInputJsonParser.java,1215,q = (q << 8) | i;
S7424,UTF8DataInputJsonParser.java,1216,i = _inputData.readUnsignedByte();
S7425,UTF8DataInputJsonParser.java,1217,if (codes[i] == 0) {
S7426,UTF8DataInputJsonParser.java,1218,_quad1 = q;
S7427,UTF8DataInputJsonParser.java,1219,return _parseMediumName(i);
S7428,UTF8DataInputJsonParser.java,1221,if (i == INT_QUOTE) { // 4 byte/char case or broken
S7429,UTF8DataInputJsonParser.java,1222,"return findName(q, 4);"
S7430,UTF8DataInputJsonParser.java,1224,"return parseName(q, i, 4);"
S7431,UTF8DataInputJsonParser.java,1226,if (i == INT_QUOTE) { // 3 byte/char case or broken
S7432,UTF8DataInputJsonParser.java,1227,"return findName(q, 3);"
S7433,UTF8DataInputJsonParser.java,1231,if (i == INT_QUOTE) { // 2 byte/char case or broken
S7434,UTF8DataInputJsonParser.java,1232,"return findName(q, 2);"
S7435,UTF8DataInputJsonParser.java,1236,if (i == INT_QUOTE) { // one byte/char case or broken
S7436,UTF8DataInputJsonParser.java,1237,"return findName(q, 1);"
S7437,UTF8DataInputJsonParser.java,1241,"if (q == INT_QUOTE) { // special case, """""
S7438,UTF8DataInputJsonParser.java,1242,"return """";"
S7439,UTF8DataInputJsonParser.java,1244,"return parseName(0, q, 0); // quoting or invalid char"
S7440,UTF8DataInputJsonParser.java,1249,final int[] codes = _icLatin1;
S7441,UTF8DataInputJsonParser.java,1252,int i = _inputData.readUnsignedByte();
S7442,UTF8DataInputJsonParser.java,1253,if (codes[i] != 0) {
S7443,UTF8DataInputJsonParser.java,1254,if (i == INT_QUOTE) { // 5 bytes
S7444,UTF8DataInputJsonParser.java,1255,"return findName(_quad1, q2, 1);"
S7445,UTF8DataInputJsonParser.java,1259,q2 = (q2 << 8) | i;
S7446,UTF8DataInputJsonParser.java,1260,i = _inputData.readUnsignedByte();
S7447,UTF8DataInputJsonParser.java,1261,if (codes[i] != 0) {
S7448,UTF8DataInputJsonParser.java,1262,if (i == INT_QUOTE) { // 6 bytes
S7449,UTF8DataInputJsonParser.java,1263,"return findName(_quad1, q2, 2);"
S7450,UTF8DataInputJsonParser.java,1267,q2 = (q2 << 8) | i;
S7451,UTF8DataInputJsonParser.java,1268,i = _inputData.readUnsignedByte();
S7452,UTF8DataInputJsonParser.java,1269,if (codes[i] != 0) {
S7453,UTF8DataInputJsonParser.java,1270,if (i == INT_QUOTE) { // 7 bytes
S7454,UTF8DataInputJsonParser.java,1271,"return findName(_quad1, q2, 3);"
S7455,UTF8DataInputJsonParser.java,1275,q2 = (q2 << 8) | i;
S7456,UTF8DataInputJsonParser.java,1276,i = _inputData.readUnsignedByte();
S7457,UTF8DataInputJsonParser.java,1277,if (codes[i] != 0) {
S7458,UTF8DataInputJsonParser.java,1278,if (i == INT_QUOTE) { // 8 bytes
S7459,UTF8DataInputJsonParser.java,1279,"return findName(_quad1, q2, 4);"
S7460,UTF8DataInputJsonParser.java,1283,"return _parseMediumName2(i, q2);"
S7461,UTF8DataInputJsonParser.java,1288,final int[] codes = _icLatin1;
S7462,UTF8DataInputJsonParser.java,1291,int i = _inputData.readUnsignedByte();
S7463,UTF8DataInputJsonParser.java,1292,if (codes[i] != 0) {
S7464,UTF8DataInputJsonParser.java,1293,if (i == INT_QUOTE) { // 9 bytes
S7465,UTF8DataInputJsonParser.java,1294,"return findName(_quad1, q2, q3, 1);"
S7466,UTF8DataInputJsonParser.java,1298,q3 = (q3 << 8) | i;
S7467,UTF8DataInputJsonParser.java,1299,i = _inputData.readUnsignedByte();
S7468,UTF8DataInputJsonParser.java,1300,if (codes[i] != 0) {
S7469,UTF8DataInputJsonParser.java,1301,if (i == INT_QUOTE) { // 10 bytes
S7470,UTF8DataInputJsonParser.java,1302,"return findName(_quad1, q2, q3, 2);"
S7471,UTF8DataInputJsonParser.java,1306,q3 = (q3 << 8) | i;
S7472,UTF8DataInputJsonParser.java,1307,i = _inputData.readUnsignedByte();
S7473,UTF8DataInputJsonParser.java,1308,if (codes[i] != 0) {
S7474,UTF8DataInputJsonParser.java,1309,if (i == INT_QUOTE) { // 11 bytes
S7475,UTF8DataInputJsonParser.java,1310,"return findName(_quad1, q2, q3, 3);"
S7476,UTF8DataInputJsonParser.java,1314,q3 = (q3 << 8) | i;
S7477,UTF8DataInputJsonParser.java,1315,i = _inputData.readUnsignedByte();
S7478,UTF8DataInputJsonParser.java,1316,if (codes[i] != 0) {
S7479,UTF8DataInputJsonParser.java,1317,if (i == INT_QUOTE) { // 12 bytes
S7480,UTF8DataInputJsonParser.java,1318,"return findName(_quad1, q2, q3, 4);"
S7481,UTF8DataInputJsonParser.java,1322,"return _parseLongName(i, q2, q3);"
S7482,UTF8DataInputJsonParser.java,1327,_quadBuffer[0] = _quad1;
S7483,UTF8DataInputJsonParser.java,1328,_quadBuffer[1] = q2;
S7484,UTF8DataInputJsonParser.java,1329,_quadBuffer[2] = q3;
S7485,UTF8DataInputJsonParser.java,1332,final int[] codes = _icLatin1;
S7486,UTF8DataInputJsonParser.java,1333,int qlen = 3;
S7487,UTF8DataInputJsonParser.java,1336,int i = _inputData.readUnsignedByte();
S7488,UTF8DataInputJsonParser.java,1337,if (codes[i] != 0) {
S7489,UTF8DataInputJsonParser.java,1344,q = (q << 8) | i;
S7490,UTF8DataInputJsonParser.java,1345,i = _inputData.readUnsignedByte();
S7491,UTF8DataInputJsonParser.java,1346,if (codes[i] != 0) {
S7492,UTF8DataInputJsonParser.java,1347,if (i == INT_QUOTE) {
S7493,UTF8DataInputJsonParser.java,1348,"return findName(_quadBuffer, qlen, q, 2);"
S7494,UTF8DataInputJsonParser.java,1353,q = (q << 8) | i;
S7495,UTF8DataInputJsonParser.java,1354,i = _inputData.readUnsignedByte();
S7496,UTF8DataInputJsonParser.java,1355,if (codes[i] != 0) {
S7497,UTF8DataInputJsonParser.java,1356,if (i == INT_QUOTE) {
S7498,UTF8DataInputJsonParser.java,1357,"return findName(_quadBuffer, qlen, q, 3);"
S7499,UTF8DataInputJsonParser.java,1362,q = (q << 8) | i;
S7500,UTF8DataInputJsonParser.java,1363,i = _inputData.readUnsignedByte();
S7501,UTF8DataInputJsonParser.java,1364,if (codes[i] != 0) {
S7502,UTF8DataInputJsonParser.java,1365,if (i == INT_QUOTE) {
S7503,UTF8DataInputJsonParser.java,1368,"return parseEscapedName(_quadBuffer, qlen, q, i, 4);"
S7504,UTF8DataInputJsonParser.java,1372,if (qlen >= _quadBuffer.length) {
S7505,UTF8DataInputJsonParser.java,1373,"_quadBuffer = _growArrayBy(_quadBuffer, qlen);"
S7506,UTF8DataInputJsonParser.java,1375,_quadBuffer[qlen++] = q;
S7507,UTF8DataInputJsonParser.java,1376,q = i;
S7508,UTF8DataInputJsonParser.java,1381,"return parseEscapedName(_quadBuffer, 0, q1, ch, lastQuadBytes);"
S7509,UTF8DataInputJsonParser.java,1409,final int[] codes = _icLatin1;
S7510,UTF8DataInputJsonParser.java,1412,if (codes[ch] != 0) {
S7511,UTF8DataInputJsonParser.java,1413,if (ch == INT_QUOTE) { // we are done
S7512,UTF8DataInputJsonParser.java,1414,break;
S7513,UTF8DataInputJsonParser.java,1417,if (ch != INT_BACKSLASH) {
S7514,UTF8DataInputJsonParser.java,1422,ch = _decodeEscaped();
S7515,UTF8DataInputJsonParser.java,1429,if (ch > 127) {
S7516,UTF8DataInputJsonParser.java,1463,if (currQuadBytes < 4) {
S7517,UTF8DataInputJsonParser.java,1464,++currQuadBytes;
S7518,UTF8DataInputJsonParser.java,1465,currQuad = (currQuad << 8) | ch;
S7519,UTF8DataInputJsonParser.java,1467,if (qlen >= quads.length) {
S7520,UTF8DataInputJsonParser.java,1470,quads[qlen++] = currQuad;
S7521,UTF8DataInputJsonParser.java,1471,currQuad = ch;
S7522,UTF8DataInputJsonParser.java,1472,currQuadBytes = 1;
S7523,UTF8DataInputJsonParser.java,1474,ch = _inputData.readUnsignedByte();
S7524,UTF8DataInputJsonParser.java,1477,if (currQuadBytes > 0) {
S7525,UTF8DataInputJsonParser.java,1478,if (qlen >= quads.length) {
S7526,UTF8DataInputJsonParser.java,1481,"quads[qlen++] = pad(currQuad, currQuadBytes);"
S7527,UTF8DataInputJsonParser.java,1483,"String name = _symbols.findName(quads, qlen);"
S7528,UTF8DataInputJsonParser.java,1484,if (name == null) {
S7529,UTF8DataInputJsonParser.java,1487,return name;
S7530,UTF8DataInputJsonParser.java,1498,if (ch == '\'' && isEnabled(Feature.ALLOW_SINGLE_QUOTES)) {
S7531,UTF8DataInputJsonParser.java,1499,return _parseAposName();
S7532,UTF8DataInputJsonParser.java,1501,if (!isEnabled(Feature.ALLOW_UNQUOTED_FIELD_NAMES)) {
S7533,UTF8DataInputJsonParser.java,1502,char c = (char) _decodeCharForError(ch);
S7534,UTF8DataInputJsonParser.java,1503,"_reportUnexpectedChar(c, ""was expecting double-quote to start field name"");"
S7535,UTF8DataInputJsonParser.java,1509,final int[] codes = CharTypes.getInputCodeUtf8JsNames();
S7536,UTF8DataInputJsonParser.java,1511,if (codes[ch] != 0) {
S7537,UTF8DataInputJsonParser.java,1519,int[] quads = _quadBuffer;
S7538,UTF8DataInputJsonParser.java,1520,int qlen = 0;
S7539,UTF8DataInputJsonParser.java,1521,int currQuad = 0;
S7540,UTF8DataInputJsonParser.java,1522,int currQuadBytes = 0;
S7541,UTF8DataInputJsonParser.java,1526,if (currQuadBytes < 4) {
S7542,UTF8DataInputJsonParser.java,1527,++currQuadBytes;
S7543,UTF8DataInputJsonParser.java,1528,currQuad = (currQuad << 8) | ch;
S7544,UTF8DataInputJsonParser.java,1530,if (qlen >= quads.length) {
S7545,UTF8DataInputJsonParser.java,1533,quads[qlen++] = currQuad;
S7546,UTF8DataInputJsonParser.java,1534,currQuad = ch;
S7547,UTF8DataInputJsonParser.java,1535,currQuadBytes = 1;
S7548,UTF8DataInputJsonParser.java,1537,ch = _inputData.readUnsignedByte();
S7549,UTF8DataInputJsonParser.java,1538,if (codes[ch] != 0) {
S7550,UTF8DataInputJsonParser.java,1539,break;
S7551,UTF8DataInputJsonParser.java,1543,_nextByte = ch;
S7552,UTF8DataInputJsonParser.java,1544,if (currQuadBytes > 0) {
S7553,UTF8DataInputJsonParser.java,1545,if (qlen >= quads.length) {
S7554,UTF8DataInputJsonParser.java,1548,quads[qlen++] = currQuad;
S7555,UTF8DataInputJsonParser.java,1550,"String name = _symbols.findName(quads, qlen);"
S7556,UTF8DataInputJsonParser.java,1551,if (name == null) {
S7557,UTF8DataInputJsonParser.java,1552,"name = addName(quads, qlen, currQuadBytes);"
S7558,UTF8DataInputJsonParser.java,1554,return name;
S7559,UTF8DataInputJsonParser.java,1565,int ch = _inputData.readUnsignedByte();
S7560,UTF8DataInputJsonParser.java,1566,"if (ch == '\'') { // special case, ''"
S7561,UTF8DataInputJsonParser.java,1567,"return """";"
S7562,UTF8DataInputJsonParser.java,1569,int[] quads = _quadBuffer;
S7563,UTF8DataInputJsonParser.java,1570,int qlen = 0;
S7564,UTF8DataInputJsonParser.java,1571,int currQuad = 0;
S7565,UTF8DataInputJsonParser.java,1572,int currQuadBytes = 0;
S7566,UTF8DataInputJsonParser.java,1576,final int[] codes = _icLatin1;
S7567,UTF8DataInputJsonParser.java,1579,if (ch == '\'') {
S7568,UTF8DataInputJsonParser.java,1580,break;
S7569,UTF8DataInputJsonParser.java,1583,"if (ch != '""' && codes[ch] != 0) {"
S7570,UTF8DataInputJsonParser.java,1630,if (currQuadBytes < 4) {
S7571,UTF8DataInputJsonParser.java,1631,++currQuadBytes;
S7572,UTF8DataInputJsonParser.java,1632,currQuad = (currQuad << 8) | ch;
S7573,UTF8DataInputJsonParser.java,1634,if (qlen >= quads.length) {
S7574,UTF8DataInputJsonParser.java,1637,quads[qlen++] = currQuad;
S7575,UTF8DataInputJsonParser.java,1638,currQuad = ch;
S7576,UTF8DataInputJsonParser.java,1639,currQuadBytes = 1;
S7577,UTF8DataInputJsonParser.java,1641,ch = _inputData.readUnsignedByte();
S7578,UTF8DataInputJsonParser.java,1644,if (currQuadBytes > 0) {
S7579,UTF8DataInputJsonParser.java,1645,if (qlen >= quads.length) {
S7580,UTF8DataInputJsonParser.java,1648,"quads[qlen++] = pad(currQuad, currQuadBytes);"
S7581,UTF8DataInputJsonParser.java,1650,"String name = _symbols.findName(quads, qlen);"
S7582,UTF8DataInputJsonParser.java,1651,if (name == null) {
S7583,UTF8DataInputJsonParser.java,1652,"name = addName(quads, qlen, currQuadBytes);"
S7584,UTF8DataInputJsonParser.java,1654,return name;
S7585,UTF8DataInputJsonParser.java,1665,"q1 = pad(q1, lastQuadBytes);"
S7586,UTF8DataInputJsonParser.java,1667,String name = _symbols.findName(q1);
S7587,UTF8DataInputJsonParser.java,1668,if (name != null) {
S7588,UTF8DataInputJsonParser.java,1669,return name;
S7589,UTF8DataInputJsonParser.java,1672,_quadBuffer[0] = q1;
S7590,UTF8DataInputJsonParser.java,1673,"return addName(_quadBuffer, 1, lastQuadBytes);"
S7591,UTF8DataInputJsonParser.java,1678,"q2 = pad(q2, lastQuadBytes);"
S7592,UTF8DataInputJsonParser.java,1680,"String name = _symbols.findName(q1, q2);"
S7593,UTF8DataInputJsonParser.java,1681,if (name != null) {
S7594,UTF8DataInputJsonParser.java,1682,return name;
S7595,UTF8DataInputJsonParser.java,1685,_quadBuffer[0] = q1;
S7596,UTF8DataInputJsonParser.java,1686,_quadBuffer[1] = q2;
S7597,UTF8DataInputJsonParser.java,1687,"return addName(_quadBuffer, 2, lastQuadBytes);"
S7598,UTF8DataInputJsonParser.java,1692,"q3 = pad(q3, lastQuadBytes);"
S7599,UTF8DataInputJsonParser.java,1693,"String name = _symbols.findName(q1, q2, q3);"
S7600,UTF8DataInputJsonParser.java,1694,if (name != null) {
S7601,UTF8DataInputJsonParser.java,1695,return name;
S7602,UTF8DataInputJsonParser.java,1697,int[] quads = _quadBuffer;
S7603,UTF8DataInputJsonParser.java,1698,quads[0] = q1;
S7604,UTF8DataInputJsonParser.java,1699,quads[1] = q2;
S7605,UTF8DataInputJsonParser.java,1700,"quads[2] = pad(q3, lastQuadBytes);"
S7606,UTF8DataInputJsonParser.java,1701,"return addName(quads, 3, lastQuadBytes);"
S7607,UTF8DataInputJsonParser.java,1706,if (qlen >= quads.length) {
S7608,UTF8DataInputJsonParser.java,1709,"quads[qlen++] = pad(lastQuad, lastQuadBytes);"
S7609,UTF8DataInputJsonParser.java,1710,"String name = _symbols.findName(quads, qlen);"
S7610,UTF8DataInputJsonParser.java,1711,if (name == null) {
S7611,UTF8DataInputJsonParser.java,1714,return name;
S7612,UTF8DataInputJsonParser.java,1730,int byteLen = (qlen << 2) - 4 + lastQuadBytes;
S7613,UTF8DataInputJsonParser.java,1739,if (lastQuadBytes < 4) {
S7614,UTF8DataInputJsonParser.java,1740,lastQuad = quads[qlen-1];
S7615,UTF8DataInputJsonParser.java,1742,quads[qlen-1] = (lastQuad << ((4 - lastQuadBytes) << 3));
S7616,UTF8DataInputJsonParser.java,1744,lastQuad = 0;
S7617,UTF8DataInputJsonParser.java,1748,char[] cbuf = _textBuffer.emptyAndGetCurrentSegment();
S7618,UTF8DataInputJsonParser.java,1749,int cix = 0;
S7619,UTF8DataInputJsonParser.java,1751,for (int ix = 0; ix < byteLen; ) {
S7620,UTF8DataInputJsonParser.java,1752,"int ch = quads[ix >> 2]; // current quad, need to shift+mask"
S7621,UTF8DataInputJsonParser.java,1753,int byteIx = (ix & 3);
S7622,UTF8DataInputJsonParser.java,1754,ch = (ch >> ((3 - byteIx) << 3)) & 0xFF;
S7623,UTF8DataInputJsonParser.java,1755,++ix;
S7624,UTF8DataInputJsonParser.java,1757,if (ch > 127) { // multi-byte
S7625,UTF8DataInputJsonParser.java,1816,if (cix >= cbuf.length) {
S7626,UTF8DataInputJsonParser.java,1819,cbuf[cix++] = (char) ch;
S7627,UTF8DataInputJsonParser.java,1823,"String baseName = new String(cbuf, 0, cix);"
S7628,UTF8DataInputJsonParser.java,1825,if (lastQuadBytes < 4) {
S7629,UTF8DataInputJsonParser.java,1826,quads[qlen-1] = lastQuad;
S7630,UTF8DataInputJsonParser.java,1828,"return _symbols.addName(baseName, quads, qlen);"
S7631,UTF8DataInputJsonParser.java,1840,int outPtr = 0;
S7632,UTF8DataInputJsonParser.java,1841,char[] outBuf = _textBuffer.emptyAndGetCurrentSegment();
S7633,UTF8DataInputJsonParser.java,1842,final int[] codes = _icUTF8;
S7634,UTF8DataInputJsonParser.java,1843,final int outEnd = outBuf.length;
S7635,UTF8DataInputJsonParser.java,1846,int c = _inputData.readUnsignedByte();
S7636,UTF8DataInputJsonParser.java,1847,if (codes[c] != 0) {
S7637,UTF8DataInputJsonParser.java,1848,if (c == INT_QUOTE) {
S7638,UTF8DataInputJsonParser.java,1849,_textBuffer.setCurrentLength(outPtr);
S7639,UTF8DataInputJsonParser.java,1850,return;
S7640,UTF8DataInputJsonParser.java,1852,"_finishString2(outBuf, outPtr, c);"
S7641,UTF8DataInputJsonParser.java,1853,return;
S7642,UTF8DataInputJsonParser.java,1855,outBuf[outPtr++] = (char) c;
S7643,UTF8DataInputJsonParser.java,1856,} while (outPtr < outEnd);
S7644,UTF8DataInputJsonParser.java,1862,int outPtr = 0;
S7645,UTF8DataInputJsonParser.java,1863,char[] outBuf = _textBuffer.emptyAndGetCurrentSegment();
S7646,UTF8DataInputJsonParser.java,1864,final int[] codes = _icUTF8;
S7647,UTF8DataInputJsonParser.java,1865,final int outEnd = outBuf.length;
S7648,UTF8DataInputJsonParser.java,1868,int c = _inputData.readUnsignedByte();
S7649,UTF8DataInputJsonParser.java,1869,if (codes[c] != 0) {
S7650,UTF8DataInputJsonParser.java,1870,if (c == INT_QUOTE) {
S7651,UTF8DataInputJsonParser.java,1871,return _textBuffer.setCurrentAndReturn(outPtr);
S7652,UTF8DataInputJsonParser.java,1873,"_finishString2(outBuf, outPtr, c);"
S7653,UTF8DataInputJsonParser.java,1874,return _textBuffer.contentsAsString();
S7654,UTF8DataInputJsonParser.java,1876,outBuf[outPtr++] = (char) c;
S7655,UTF8DataInputJsonParser.java,1877,} while (outPtr < outEnd);
S7656,UTF8DataInputJsonParser.java,1886,final int[] codes = _icUTF8;
S7657,UTF8DataInputJsonParser.java,1887,int outEnd = outBuf.length;
S7658,UTF8DataInputJsonParser.java,1890,for (;; c = _inputData.readUnsignedByte()) {
S7659,UTF8DataInputJsonParser.java,1892,while (codes[c] == 0) {
S7660,UTF8DataInputJsonParser.java,1893,if (outPtr >= outEnd) {
S7661,UTF8DataInputJsonParser.java,1894,outBuf = _textBuffer.finishCurrentSegment();
S7662,UTF8DataInputJsonParser.java,1895,outPtr = 0;
S7663,UTF8DataInputJsonParser.java,1896,outEnd = outBuf.length;
S7664,UTF8DataInputJsonParser.java,1898,outBuf[outPtr++] = (char) c;
S7665,UTF8DataInputJsonParser.java,1899,c = _inputData.readUnsignedByte();
S7666,UTF8DataInputJsonParser.java,1902,if (c == INT_QUOTE) {
S7667,UTF8DataInputJsonParser.java,1903,break main_loop;
S7668,UTF8DataInputJsonParser.java,1905,switch (codes[c]) {
S7669,UTF8DataInputJsonParser.java,1907,c = _decodeEscaped();
S7670,UTF8DataInputJsonParser.java,1908,break;
S7671,UTF8DataInputJsonParser.java,1910,c = _decodeUtf8_2(c);
S7672,UTF8DataInputJsonParser.java,1911,break;
S7673,UTF8DataInputJsonParser.java,1913,c = _decodeUtf8_3(c);
S7674,UTF8DataInputJsonParser.java,1914,break;
S7675,UTF8DataInputJsonParser.java,1916,c = _decodeUtf8_4(c);
S7676,UTF8DataInputJsonParser.java,1918,outBuf[outPtr++] = (char) (0xD800 | (c >> 10));
S7677,UTF8DataInputJsonParser.java,1919,if (outPtr >= outBuf.length) {
S7678,UTF8DataInputJsonParser.java,1924,c = 0xDC00 | (c & 0x3FF);
S7679,UTF8DataInputJsonParser.java,1926,break;
S7680,UTF8DataInputJsonParser.java,1936,if (outPtr >= outBuf.length) {
S7681,UTF8DataInputJsonParser.java,1942,outBuf[outPtr++] = (char) c;
S7682,UTF8DataInputJsonParser.java,1944,_textBuffer.setCurrentLength(outPtr);
S7683,UTF8DataInputJsonParser.java,1954,_tokenIncomplete = false;
S7684,UTF8DataInputJsonParser.java,1957,final int[] codes = _icUTF8;
S7685,UTF8DataInputJsonParser.java,1965,c = _inputData.readUnsignedByte();
S7686,UTF8DataInputJsonParser.java,1966,if (codes[c] != 0) {
S7687,UTF8DataInputJsonParser.java,1967,break ascii_loop;
S7688,UTF8DataInputJsonParser.java,1971,if (c == INT_QUOTE) {
S7689,UTF8DataInputJsonParser.java,1972,break main_loop;
S7690,UTF8DataInputJsonParser.java,1975,switch (codes[c]) {
S7691,UTF8DataInputJsonParser.java,1980,_skipUtf8_2();
S7692,UTF8DataInputJsonParser.java,1981,break;
S7693,UTF8DataInputJsonParser.java,2007,switch (c) {
S7694,UTF8DataInputJsonParser.java,2028,if (isEnabled(Feature.ALLOW_SINGLE_QUOTES)) {
S7695,UTF8DataInputJsonParser.java,2029,return _handleApos();
S7696,UTF8DataInputJsonParser.java,2033,"_matchToken(""NaN"", 1);"
S7697,UTF8DataInputJsonParser.java,2034,if (isEnabled(Feature.ALLOW_NON_NUMERIC_NUMBERS)) {
S7698,UTF8DataInputJsonParser.java,2035,"return resetAsNaN(""NaN"", Double.NaN);"
S7699,UTF8DataInputJsonParser.java,2037,"_reportError(""Non-standard token 'NaN': enable JsonParser.Feature.ALLOW_NON_NUMERIC_NUMBERS to allow"");"
S7700,UTF8DataInputJsonParser.java,2040,"_matchToken(""Infinity"", 1);"
S7701,UTF8DataInputJsonParser.java,2041,if (isEnabled(Feature.ALLOW_NON_NUMERIC_NUMBERS)) {
S7702,UTF8DataInputJsonParser.java,2042,"return resetAsNaN(""Infinity"", Double.POSITIVE_INFINITY);"
S7703,UTF8DataInputJsonParser.java,2047,"return _handleInvalidNumberStart(_inputData.readUnsignedByte(), false);"
S7704,UTF8DataInputJsonParser.java,2050,if (Character.isJavaIdentifierStart(c)) {
S7705,UTF8DataInputJsonParser.java,2051,"_reportInvalidToken(c, """"+((char) c), ""('true', 'false' or 'null')"");"
S7706,UTF8DataInputJsonParser.java,2054,"_reportUnexpectedChar(c, ""expected a valid value (number, String, array, object, 'true', 'false' or 'null')"");"
S7707,UTF8DataInputJsonParser.java,2060,int c = 0;
S7708,UTF8DataInputJsonParser.java,2062,int outPtr = 0;
S7709,UTF8DataInputJsonParser.java,2063,char[] outBuf = _textBuffer.emptyAndGetCurrentSegment();
S7710,UTF8DataInputJsonParser.java,2066,final int[] codes = _icUTF8;
S7711,UTF8DataInputJsonParser.java,2073,int outEnd = outBuf.length;
S7712,UTF8DataInputJsonParser.java,2074,if (outPtr >= outBuf.length) {
S7713,UTF8DataInputJsonParser.java,2080,c = _inputData.readUnsignedByte();
S7714,UTF8DataInputJsonParser.java,2081,if (c == '\'') {
S7715,UTF8DataInputJsonParser.java,2082,break main_loop;
S7716,UTF8DataInputJsonParser.java,2084,if (codes[c] != 0) {
S7717,UTF8DataInputJsonParser.java,2085,break ascii_loop;
S7718,UTF8DataInputJsonParser.java,2087,outBuf[outPtr++] = (char) c;
S7719,UTF8DataInputJsonParser.java,2088,} while (outPtr < outEnd);
S7720,UTF8DataInputJsonParser.java,2090,switch (codes[c]) {
S7721,UTF8DataInputJsonParser.java,2092,c = _decodeEscaped();
S7722,UTF8DataInputJsonParser.java,2093,break;
S7723,UTF8DataInputJsonParser.java,2119,if (outPtr >= outBuf.length) {
S7724,UTF8DataInputJsonParser.java,2124,outBuf[outPtr++] = (char) c;
S7725,UTF8DataInputJsonParser.java,2126,_textBuffer.setCurrentLength(outPtr);
S7726,UTF8DataInputJsonParser.java,2128,return JsonToken.VALUE_STRING;
S7727,UTF8DataInputJsonParser.java,2138,while (ch == 'I') {
S7728,UTF8DataInputJsonParser.java,2139,ch = _inputData.readUnsignedByte();
S7729,UTF8DataInputJsonParser.java,2141,if (ch == 'N') {
S7730,UTF8DataInputJsonParser.java,2142,"match = neg ? ""-INF"" :""+INF"";"
S7731,UTF8DataInputJsonParser.java,2143,} else if (ch == 'n') {
S7732,UTF8DataInputJsonParser.java,2144,"match = neg ? ""-Infinity"" :""+Infinity"";"
S7733,UTF8DataInputJsonParser.java,2148,"_matchToken(match, 3);"
S7734,UTF8DataInputJsonParser.java,2149,if (isEnabled(Feature.ALLOW_NON_NUMERIC_NUMBERS)) {
S7735,UTF8DataInputJsonParser.java,2150,"return resetAsNaN(match, neg ? Double.NEGATIVE_INFINITY : Double.POSITIVE_INFINITY);"
S7736,UTF8DataInputJsonParser.java,2152,"_reportError(""Non-standard token '""+match+""': enable JsonParser.Feature.ALLOW_NON_NUMERIC_NUMBERS to allow"");"
S7737,UTF8DataInputJsonParser.java,2154,"reportUnexpectedNumberChar(ch, ""expected digit (0-9) to follow minus sign, for valid numeric value"");"
S7738,UTF8DataInputJsonParser.java,2160,final int len = matchStr.length();
S7739,UTF8DataInputJsonParser.java,2162,int ch = _inputData.readUnsignedByte();
S7740,UTF8DataInputJsonParser.java,2163,if (ch != matchStr.charAt(i)) {
S7741,UTF8DataInputJsonParser.java,2164,"_reportInvalidToken(ch, matchStr.substring(0, i));"
S7742,UTF8DataInputJsonParser.java,2166,} while (++i < len);
S7743,UTF8DataInputJsonParser.java,2168,int ch = _inputData.readUnsignedByte();
S7744,UTF8DataInputJsonParser.java,2169,if (ch >= '0' && ch != ']' && ch != '}') { // expected/allowed chars
S7745,UTF8DataInputJsonParser.java,2170,"_checkMatchEnd(matchStr, i, ch);"
S7746,UTF8DataInputJsonParser.java,2172,_nextByte = ch;
S7747,UTF8DataInputJsonParser.java,2177,char c = (char) _decodeCharForError(ch);
S7748,UTF8DataInputJsonParser.java,2178,if (Character.isJavaIdentifierPart(c)) {
S7749,UTF8DataInputJsonParser.java,2179,"_reportInvalidToken(c, matchStr.substring(0, i));"
S7750,UTF8DataInputJsonParser.java,2191,int i = _nextByte;
S7751,UTF8DataInputJsonParser.java,2192,if (i < 0) {
S7752,UTF8DataInputJsonParser.java,2193,i = _inputData.readUnsignedByte();
S7753,UTF8DataInputJsonParser.java,2195,_nextByte = -1;
S7754,UTF8DataInputJsonParser.java,2198,if (i > INT_SPACE) {
S7755,UTF8DataInputJsonParser.java,2199,if (i == INT_SLASH || i == INT_HASH) {
S7756,UTF8DataInputJsonParser.java,2200,return _skipWSComment(i);
S7757,UTF8DataInputJsonParser.java,2202,return i;
S7758,UTF8DataInputJsonParser.java,2206,if (i == INT_CR || i == INT_LF) {
S7759,UTF8DataInputJsonParser.java,2207,++_currInputRow;
S7760,UTF8DataInputJsonParser.java,2210,i = _inputData.readUnsignedByte();
S7761,UTF8DataInputJsonParser.java,2222,int i = _nextByte;
S7762,UTF8DataInputJsonParser.java,2223,if (i < 0) {
S7763,UTF8DataInputJsonParser.java,2225,i = _inputData.readUnsignedByte();
S7764,UTF8DataInputJsonParser.java,2226,} catch (EOFException e) {
S7765,UTF8DataInputJsonParser.java,2227,return _eofAsNextChar();
S7766,UTF8DataInputJsonParser.java,2230,_nextByte = -1;
S7767,UTF8DataInputJsonParser.java,2233,if (i > INT_SPACE) {
S7768,UTF8DataInputJsonParser.java,2234,if (i == INT_SLASH || i == INT_HASH) {
S7769,UTF8DataInputJsonParser.java,2235,return _skipWSComment(i);
S7770,UTF8DataInputJsonParser.java,2237,return i;
S7771,UTF8DataInputJsonParser.java,2241,if (i == INT_CR || i == INT_LF) {
S7772,UTF8DataInputJsonParser.java,2242,++_currInputRow;
S7773,UTF8DataInputJsonParser.java,2246,i = _inputData.readUnsignedByte();
S7774,UTF8DataInputJsonParser.java,2247,} catch (EOFException e) {
S7775,UTF8DataInputJsonParser.java,2248,return _eofAsNextChar();
S7776,UTF8DataInputJsonParser.java,2256,if (i > INT_SPACE) {
S7777,UTF8DataInputJsonParser.java,2257,if (i == INT_SLASH) {
S7778,UTF8DataInputJsonParser.java,2258,_skipComment();
S7779,UTF8DataInputJsonParser.java,2259,} else if (i == INT_HASH) {
S7780,UTF8DataInputJsonParser.java,2260,if (!_skipYAMLComment()) {
S7781,UTF8DataInputJsonParser.java,2261,return i;
S7782,UTF8DataInputJsonParser.java,2264,return i;
S7783,UTF8DataInputJsonParser.java,2269,if (i == INT_CR || i == INT_LF) {
S7784,UTF8DataInputJsonParser.java,2270,++_currInputRow;
S7785,UTF8DataInputJsonParser.java,2278,i = _inputData.readUnsignedByte();
S7786,UTF8DataInputJsonParser.java,2284,int i = _nextByte;
S7787,UTF8DataInputJsonParser.java,2285,if (i < 0) {
S7788,UTF8DataInputJsonParser.java,2286,i = _inputData.readUnsignedByte();
S7789,UTF8DataInputJsonParser.java,2288,_nextByte = -1;
S7790,UTF8DataInputJsonParser.java,2291,"if (i == INT_COLON) { // common case, no leading space"
S7791,UTF8DataInputJsonParser.java,2292,i = _inputData.readUnsignedByte();
S7792,UTF8DataInputJsonParser.java,2293,if (i > INT_SPACE) { // nor trailing
S7793,UTF8DataInputJsonParser.java,2294,if (i == INT_SLASH || i == INT_HASH) {
S7794,UTF8DataInputJsonParser.java,2295,"return _skipColon2(i, true);"
S7795,UTF8DataInputJsonParser.java,2297,return i;
S7796,UTF8DataInputJsonParser.java,2299,if (i == INT_SPACE || i == INT_TAB) {
S7797,UTF8DataInputJsonParser.java,2300,i = _inputData.readUnsignedByte();
S7798,UTF8DataInputJsonParser.java,2301,if (i > INT_SPACE) {
S7799,UTF8DataInputJsonParser.java,2302,if (i == INT_SLASH || i == INT_HASH) {
S7800,UTF8DataInputJsonParser.java,2303,"return _skipColon2(i, true);"
S7801,UTF8DataInputJsonParser.java,2305,return i;
S7802,UTF8DataInputJsonParser.java,2310,if (i == INT_SPACE || i == INT_TAB) {
S7803,UTF8DataInputJsonParser.java,2311,i = _inputData.readUnsignedByte();
S7804,UTF8DataInputJsonParser.java,2313,if (i == INT_COLON) {
S7805,UTF8DataInputJsonParser.java,2314,i = _inputData.readUnsignedByte();
S7806,UTF8DataInputJsonParser.java,2315,if (i > INT_SPACE) {
S7807,UTF8DataInputJsonParser.java,2316,if (i == INT_SLASH || i == INT_HASH) {
S7808,UTF8DataInputJsonParser.java,2317,"return _skipColon2(i, true);"
S7809,UTF8DataInputJsonParser.java,2319,return i;
S7810,UTF8DataInputJsonParser.java,2321,if (i == INT_SPACE || i == INT_TAB) {
S7811,UTF8DataInputJsonParser.java,2322,i = _inputData.readUnsignedByte();
S7812,UTF8DataInputJsonParser.java,2323,if (i > INT_SPACE) {
S7813,UTF8DataInputJsonParser.java,2324,if (i == INT_SLASH || i == INT_HASH) {
S7814,UTF8DataInputJsonParser.java,2327,return i;
S7815,UTF8DataInputJsonParser.java,2330,"return _skipColon2(i, true);"
S7816,UTF8DataInputJsonParser.java,2332,"return _skipColon2(i, false);"
S7817,UTF8DataInputJsonParser.java,2337,for (;; i = _inputData.readUnsignedByte()) {
S7818,UTF8DataInputJsonParser.java,2338,if (i > INT_SPACE) {
S7819,UTF8DataInputJsonParser.java,2339,if (i == INT_SLASH) {
S7820,UTF8DataInputJsonParser.java,2340,_skipComment();
S7821,UTF8DataInputJsonParser.java,2341,continue;
S7822,UTF8DataInputJsonParser.java,2343,if (i == INT_HASH) {
S7823,UTF8DataInputJsonParser.java,2344,if (_skipYAMLComment()) {
S7824,UTF8DataInputJsonParser.java,2345,continue;
S7825,UTF8DataInputJsonParser.java,2348,if (gotColon) {
S7826,UTF8DataInputJsonParser.java,2349,return i;
S7827,UTF8DataInputJsonParser.java,2351,if (i != INT_COLON) {
S7828,UTF8DataInputJsonParser.java,2352,"_reportUnexpectedChar(i, ""was expecting a colon to separate field name and value"");"
S7829,UTF8DataInputJsonParser.java,2354,gotColon = true;
S7830,UTF8DataInputJsonParser.java,2358,if (i == INT_CR || i == INT_LF) {
S7831,UTF8DataInputJsonParser.java,2359,++_currInputRow;
S7832,UTF8DataInputJsonParser.java,2367,if (!isEnabled(Feature.ALLOW_COMMENTS)) {
S7833,UTF8DataInputJsonParser.java,2368,"_reportUnexpectedChar('/', ""maybe a (non-standard) comment? (not recognized as one since Feature 'ALLOW_COMMENTS' not enabled for parser)"");"
S7834,UTF8DataInputJsonParser.java,2370,int c = _inputData.readUnsignedByte();
S7835,UTF8DataInputJsonParser.java,2371,if (c == '/') {
S7836,UTF8DataInputJsonParser.java,2372,_skipLine();
S7837,UTF8DataInputJsonParser.java,2373,} else if (c == '*') {
S7838,UTF8DataInputJsonParser.java,2374,_skipCComment();
S7839,UTF8DataInputJsonParser.java,2383,final int[] codes = CharTypes.getInputCodeComment();
S7840,UTF8DataInputJsonParser.java,2384,int i = _inputData.readUnsignedByte();
S7841,UTF8DataInputJsonParser.java,2389,int code = codes[i];
S7842,UTF8DataInputJsonParser.java,2390,if (code != 0) {
S7843,UTF8DataInputJsonParser.java,2391,switch (code) {
S7844,UTF8DataInputJsonParser.java,2393,i = _inputData.readUnsignedByte();
S7845,UTF8DataInputJsonParser.java,2394,if (i == INT_SLASH) {
S7846,UTF8DataInputJsonParser.java,2395,return;
S7847,UTF8DataInputJsonParser.java,2400,++_currInputRow;
S7848,UTF8DataInputJsonParser.java,2401,break;
S7849,UTF8DataInputJsonParser.java,2403,_skipUtf8_2();
S7850,UTF8DataInputJsonParser.java,2404,break;
S7851,UTF8DataInputJsonParser.java,2416,i = _inputData.readUnsignedByte();
S7852,UTF8DataInputJsonParser.java,2422,if (!isEnabled(Feature.ALLOW_YAML_COMMENTS)) {
S7853,UTF8DataInputJsonParser.java,2423,return false;
S7854,UTF8DataInputJsonParser.java,2425,_skipLine();
S7855,UTF8DataInputJsonParser.java,2426,return true;
S7856,UTF8DataInputJsonParser.java,2436,final int[] codes = CharTypes.getInputCodeComment();
S7857,UTF8DataInputJsonParser.java,2438,int i = _inputData.readUnsignedByte();
S7858,UTF8DataInputJsonParser.java,2439,int code = codes[i];
S7859,UTF8DataInputJsonParser.java,2440,if (code != 0) {
S7860,UTF8DataInputJsonParser.java,2441,switch (code) {
S7861,UTF8DataInputJsonParser.java,2444,++_currInputRow;
S7862,UTF8DataInputJsonParser.java,2445,return;
S7863,UTF8DataInputJsonParser.java,2470,int c = _inputData.readUnsignedByte();
S7864,UTF8DataInputJsonParser.java,2472,switch (c) {
S7865,UTF8DataInputJsonParser.java,2477,return '\t';
S7866,UTF8DataInputJsonParser.java,2479,return '\n';
S7867,UTF8DataInputJsonParser.java,2483,return '\r';
S7868,UTF8DataInputJsonParser.java,2489,return (char) c;
S7869,UTF8DataInputJsonParser.java,2492,break;
S7870,UTF8DataInputJsonParser.java,2495,return _handleUnrecognizedCharacterEscape((char) _decodeCharForError(c));
S7871,UTF8DataInputJsonParser.java,2499,int value = 0;
S7872,UTF8DataInputJsonParser.java,2500,for (int i = 0; i < 4; ++i) {
S7873,UTF8DataInputJsonParser.java,2501,int ch = _inputData.readUnsignedByte();
S7874,UTF8DataInputJsonParser.java,2502,int digit = CharTypes.charToHex(ch);
S7875,UTF8DataInputJsonParser.java,2503,if (digit < 0) {
S7876,UTF8DataInputJsonParser.java,2506,value = (value << 4) | digit;
S7877,UTF8DataInputJsonParser.java,2508,return (char) value;
S7878,UTF8DataInputJsonParser.java,2513,int c = firstByte & 0xFF;
S7879,UTF8DataInputJsonParser.java,2514,"if (c > 0x7F) { // if >= 0, is ascii and fine as is"
S7880,UTF8DataInputJsonParser.java,2518,if ((c & 0xE0) == 0xC0) { // 2 bytes (0x0080 - 0x07FF)
S7881,UTF8DataInputJsonParser.java,2519,c &= 0x1F;
S7882,UTF8DataInputJsonParser.java,2520,needed = 1;
S7883,UTF8DataInputJsonParser.java,2533,int d = _inputData.readUnsignedByte();
S7884,UTF8DataInputJsonParser.java,2534,if ((d & 0xC0) != 0x080) {
S7885,UTF8DataInputJsonParser.java,2537,c = (c << 6) | (d & 0x3F);
S7886,UTF8DataInputJsonParser.java,2539,if (needed > 1) { // needed == 1 means 2 bytes total
S7887,UTF8DataInputJsonParser.java,2554,return c;
S7888,UTF8DataInputJsonParser.java,2565,int d = _inputData.readUnsignedByte();
S7889,UTF8DataInputJsonParser.java,2566,if ((d & 0xC0) != 0x080) {
S7890,UTF8DataInputJsonParser.java,2569,return ((c & 0x1F) << 6) | (d & 0x3F);
S7891,UTF8DataInputJsonParser.java,2574,c1 &= 0x0F;
S7892,UTF8DataInputJsonParser.java,2575,int d = _inputData.readUnsignedByte();
S7893,UTF8DataInputJsonParser.java,2576,if ((d & 0xC0) != 0x080) {
S7894,UTF8DataInputJsonParser.java,2579,int c = (c1 << 6) | (d & 0x3F);
S7895,UTF8DataInputJsonParser.java,2580,d = _inputData.readUnsignedByte();
S7896,UTF8DataInputJsonParser.java,2581,if ((d & 0xC0) != 0x080) {
S7897,UTF8DataInputJsonParser.java,2584,c = (c << 6) | (d & 0x3F);
S7898,UTF8DataInputJsonParser.java,2585,return c;
S7899,UTF8DataInputJsonParser.java,2594,int d = _inputData.readUnsignedByte();
S7900,UTF8DataInputJsonParser.java,2595,if ((d & 0xC0) != 0x080) {
S7901,UTF8DataInputJsonParser.java,2598,c = ((c & 0x07) << 6) | (d & 0x3F);
S7902,UTF8DataInputJsonParser.java,2599,d = _inputData.readUnsignedByte();
S7903,UTF8DataInputJsonParser.java,2600,if ((d & 0xC0) != 0x080) {
S7904,UTF8DataInputJsonParser.java,2603,c = (c << 6) | (d & 0x3F);
S7905,UTF8DataInputJsonParser.java,2604,d = _inputData.readUnsignedByte();
S7906,UTF8DataInputJsonParser.java,2605,if ((d & 0xC0) != 0x080) {
S7907,UTF8DataInputJsonParser.java,2612,return ((c << 6) | (d & 0x3F)) - 0x10000;
S7908,UTF8DataInputJsonParser.java,2617,int c = _inputData.readUnsignedByte();
S7909,UTF8DataInputJsonParser.java,2618,if ((c & 0xC0) != 0x080) {
S7910,UTF8DataInputJsonParser.java,2663,"_reportInvalidToken(ch, matchedPart, ""'null', 'true', 'false' or NaN"");"
S7911,UTF8DataInputJsonParser.java,2669,StringBuilder sb = new StringBuilder(matchedPart);
S7912,UTF8DataInputJsonParser.java,2676,char c = (char) _decodeCharForError(ch);
S7913,UTF8DataInputJsonParser.java,2677,if (!Character.isJavaIdentifierPart(c)) {
S7914,UTF8DataInputJsonParser.java,2678,break;
S7915,UTF8DataInputJsonParser.java,2680,sb.append(c);
S7916,UTF8DataInputJsonParser.java,2681,ch = _inputData.readUnsignedByte();
S7917,UTF8DataInputJsonParser.java,2683,"_reportError(""Unrecognized token '""+sb.toString()+""': was expecting ""+msg);"
S7918,UTF8DataInputJsonParser.java,2710,if (arr == null) {
S7919,UTF8DataInputJsonParser.java,2713,"return Arrays.copyOf(arr, arr.length + more);"
S7920,UTF8DataInputJsonParser.java,2729,ByteArrayBuilder builder = _getByteArrayBuilder();
S7921,UTF8DataInputJsonParser.java,2736,ch = _inputData.readUnsignedByte();
S7922,UTF8DataInputJsonParser.java,2737,} while (ch <= INT_SPACE);
S7923,UTF8DataInputJsonParser.java,2738,int bits = b64variant.decodeBase64Char(ch);
S7924,UTF8DataInputJsonParser.java,2739,"if (bits < 0) { // reached the end, fair and square?"
S7925,UTF8DataInputJsonParser.java,2740,if (ch == INT_QUOTE) {
S7926,UTF8DataInputJsonParser.java,2741,return builder.toByteArray();
S7927,UTF8DataInputJsonParser.java,2743,"bits = _decodeBase64Escape(b64variant, ch, 0);"
S7928,UTF8DataInputJsonParser.java,2744,if (bits < 0) { // white space to skip
S7929,UTF8DataInputJsonParser.java,2745,continue;
S7930,UTF8DataInputJsonParser.java,2748,int decodedData = bits;
S7931,UTF8DataInputJsonParser.java,2751,ch = _inputData.readUnsignedByte();
S7932,UTF8DataInputJsonParser.java,2752,bits = b64variant.decodeBase64Char(ch);
S7933,UTF8DataInputJsonParser.java,2753,if (bits < 0) {
S7934,UTF8DataInputJsonParser.java,2754,"bits = _decodeBase64Escape(b64variant, ch, 1);"
S7935,UTF8DataInputJsonParser.java,2756,decodedData = (decodedData << 6) | bits;
S7936,UTF8DataInputJsonParser.java,2758,ch = _inputData.readUnsignedByte();
S7937,UTF8DataInputJsonParser.java,2759,bits = b64variant.decodeBase64Char(ch);
S7938,UTF8DataInputJsonParser.java,2762,if (bits < 0) {
S7939,UTF8DataInputJsonParser.java,2763,if (bits != Base64Variant.BASE64_VALUE_PADDING) {
S7940,UTF8DataInputJsonParser.java,2765,if (ch == INT_QUOTE) {
S7941,UTF8DataInputJsonParser.java,2766,decodedData >>= 4;
S7942,UTF8DataInputJsonParser.java,2767,builder.append(decodedData);
S7943,UTF8DataInputJsonParser.java,2768,if (b64variant.usesPadding()) {
S7944,UTF8DataInputJsonParser.java,2769,_handleBase64MissingPadding(b64variant);
S7945,UTF8DataInputJsonParser.java,2771,return builder.toByteArray();
S7946,UTF8DataInputJsonParser.java,2773,"bits = _decodeBase64Escape(b64variant, ch, 2);"
S7947,UTF8DataInputJsonParser.java,2775,if (bits == Base64Variant.BASE64_VALUE_PADDING) {
S7948,UTF8DataInputJsonParser.java,2776,ch = _inputData.readUnsignedByte();
S7949,UTF8DataInputJsonParser.java,2777,if (!b64variant.usesPaddingChar(ch)) {
S7950,UTF8DataInputJsonParser.java,2778,if ((ch != INT_BACKSLASH)
S7951,UTF8DataInputJsonParser.java,2784,decodedData >>= 4;
S7952,UTF8DataInputJsonParser.java,2785,builder.append(decodedData);
S7953,UTF8DataInputJsonParser.java,2786,continue;
S7954,UTF8DataInputJsonParser.java,2790,decodedData = (decodedData << 6) | bits;
S7955,UTF8DataInputJsonParser.java,2792,ch = _inputData.readUnsignedByte();
S7956,UTF8DataInputJsonParser.java,2793,bits = b64variant.decodeBase64Char(ch);
S7957,UTF8DataInputJsonParser.java,2794,if (bits < 0) {
S7958,UTF8DataInputJsonParser.java,2795,if (bits != Base64Variant.BASE64_VALUE_PADDING) {
S7959,UTF8DataInputJsonParser.java,2797,if (ch == INT_QUOTE) {
S7960,UTF8DataInputJsonParser.java,2798,decodedData >>= 2;
S7961,UTF8DataInputJsonParser.java,2799,builder.appendTwoBytes(decodedData);
S7962,UTF8DataInputJsonParser.java,2800,if (b64variant.usesPadding()) {
S7963,UTF8DataInputJsonParser.java,2801,_handleBase64MissingPadding(b64variant);
S7964,UTF8DataInputJsonParser.java,2803,return builder.toByteArray();
S7965,UTF8DataInputJsonParser.java,2805,"bits = _decodeBase64Escape(b64variant, ch, 3);"
S7966,UTF8DataInputJsonParser.java,2807,if (bits == Base64Variant.BASE64_VALUE_PADDING) {
S7967,UTF8DataInputJsonParser.java,2814,decodedData >>= 2;
S7968,UTF8DataInputJsonParser.java,2815,builder.appendTwoBytes(decodedData);
S7969,UTF8DataInputJsonParser.java,2816,continue;
S7970,UTF8DataInputJsonParser.java,2820,decodedData = (decodedData << 6) | bits;
S7971,UTF8DataInputJsonParser.java,2821,builder.appendThreeBytes(decodedData);
S7972,UTF8DataInputJsonParser.java,2833,"return new JsonLocation(_getSourceReference(), -1L, -1L, _tokenInputRow, -1);"
S7973,UTF8DataInputJsonParser.java,2838,"return new JsonLocation(_getSourceReference(), -1L, -1L, _currInputRow, -1);"
S7974,UTF8DataInputJsonParser.java,2848,if (i == INT_RBRACKET) {
S7975,UTF8DataInputJsonParser.java,2849,if (!_parsingContext.inArray()) {
S7976,UTF8DataInputJsonParser.java,2850,"_reportMismatchedEndMarker(i, '}');"
S7977,UTF8DataInputJsonParser.java,2852,_parsingContext = _parsingContext.clearAndGetParent();
S7978,UTF8DataInputJsonParser.java,2853,_currToken = JsonToken.END_ARRAY;
S7979,UTF8DataInputJsonParser.java,2855,if (i == INT_RCURLY) {
S7980,UTF8DataInputJsonParser.java,2856,if (!_parsingContext.inObject()) {
S7981,UTF8DataInputJsonParser.java,2857,"_reportMismatchedEndMarker(i, ']');"
S7982,UTF8DataInputJsonParser.java,2859,_parsingContext = _parsingContext.clearAndGetParent();
S7983,UTF8DataInputJsonParser.java,2860,_currToken = JsonToken.END_OBJECT;
S7984,UTF8DataInputJsonParser.java,2868,return (bytes == 4) ? q : (q | (-1 << (bytes << 3)));
S7985,UTF8JsonGenerator.java,32,private final static byte[] HEX_CHARS = CharTypes.copyHexBytes();
S7986,UTF8JsonGenerator.java,34,"private final static byte[] NULL_BYTES = { 'n', 'u', 'l', 'l' };"
S7987,UTF8JsonGenerator.java,35,"private final static byte[] TRUE_BYTES = { 't', 'r', 'u', 'e' };"
S7988,UTF8JsonGenerator.java,36,"private final static byte[] FALSE_BYTES = { 'f', 'a', 'l', 's', 'e' };"
S7989,UTF8JsonGenerator.java,55,"protected byte _quoteChar = '""'; // TODO: make configurable"
S7990,UTF8JsonGenerator.java,119,"super(ctxt, features, codec);"
S7991,UTF8JsonGenerator.java,120,_outputStream = out;
S7992,UTF8JsonGenerator.java,121,_bufferRecyclable = true;
S7993,UTF8JsonGenerator.java,122,_outputBuffer = ctxt.allocWriteEncodingBuffer();
S7994,UTF8JsonGenerator.java,123,_outputEnd = _outputBuffer.length;
S7995,UTF8JsonGenerator.java,129,_outputMaxContiguous = _outputEnd >> 3;
S7996,UTF8JsonGenerator.java,130,_charBuffer = ctxt.allocConcatBuffer();
S7997,UTF8JsonGenerator.java,131,_charBufferLength = _charBuffer.length;
S7998,UTF8JsonGenerator.java,134,if (isEnabled(Feature.ESCAPE_NON_ASCII)) {
S7999,UTF8JsonGenerator.java,164,return _outputStream;
S8000,UTF8JsonGenerator.java,170,return _outputTail;
S8001,UTF8JsonGenerator.java,182,if (_cfgPrettyPrinter != null) {
S8002,UTF8JsonGenerator.java,183,_writePPFieldName(name);
S8003,UTF8JsonGenerator.java,184,return;
S8004,UTF8JsonGenerator.java,186,final int status = _writeContext.writeFieldName(name);
S8005,UTF8JsonGenerator.java,187,if (status == JsonWriteContext.STATUS_EXPECT_VALUE) {
S8006,UTF8JsonGenerator.java,188,"_reportError(""Can not write a field name, expecting a value"");"
S8007,UTF8JsonGenerator.java,190,if (status == JsonWriteContext.STATUS_OK_AFTER_COMMA) { // need comma
S8008,UTF8JsonGenerator.java,191,if (_outputTail >= _outputEnd) {
S8009,UTF8JsonGenerator.java,194,_outputBuffer[_outputTail++] = BYTE_COMMA;
S8010,UTF8JsonGenerator.java,199,if (_cfgUnqNames) {
S8011,UTF8JsonGenerator.java,200,"_writeStringSegments(name, false);"
S8012,UTF8JsonGenerator.java,201,return;
S8013,UTF8JsonGenerator.java,203,final int len = name.length();
S8014,UTF8JsonGenerator.java,205,"if (len > _charBufferLength) { // no, offline"
S8015,UTF8JsonGenerator.java,209,if (_outputTail >= _outputEnd) {
S8016,UTF8JsonGenerator.java,212,_outputBuffer[_outputTail++] = _quoteChar;
S8017,UTF8JsonGenerator.java,214,if (len <= _outputMaxContiguous) {
S8018,UTF8JsonGenerator.java,215,if ((_outputTail + len) > _outputEnd) { // caller must ensure enough space
S8019,UTF8JsonGenerator.java,218,"_writeStringSegment(name, 0, len);"
S8020,UTF8JsonGenerator.java,223,if (_outputTail >= _outputEnd) {
S8021,UTF8JsonGenerator.java,226,_outputBuffer[_outputTail++] = _quoteChar;
S8022,UTF8JsonGenerator.java,232,if (_cfgPrettyPrinter != null) {
S8023,UTF8JsonGenerator.java,236,final int status = _writeContext.writeFieldName(name.getValue());
S8024,UTF8JsonGenerator.java,237,if (status == JsonWriteContext.STATUS_EXPECT_VALUE) {
S8025,UTF8JsonGenerator.java,240,if (status == JsonWriteContext.STATUS_OK_AFTER_COMMA) {
S8026,UTF8JsonGenerator.java,241,if (_outputTail >= _outputEnd) {
S8027,UTF8JsonGenerator.java,244,_outputBuffer[_outputTail++] = BYTE_COMMA;
S8028,UTF8JsonGenerator.java,246,if (_cfgUnqNames) {
S8029,UTF8JsonGenerator.java,250,if (_outputTail >= _outputEnd) {
S8030,UTF8JsonGenerator.java,253,_outputBuffer[_outputTail++] = _quoteChar;
S8031,UTF8JsonGenerator.java,254,"int len = name.appendQuotedUTF8(_outputBuffer, _outputTail);"
S8032,UTF8JsonGenerator.java,255,"if (len < 0) { // couldn't append, bit longer processing"
S8033,UTF8JsonGenerator.java,258,_outputTail += len;
S8034,UTF8JsonGenerator.java,260,if (_outputTail >= _outputEnd) {
S8035,UTF8JsonGenerator.java,263,_outputBuffer[_outputTail++] = _quoteChar;
S8036,UTF8JsonGenerator.java,284,"_verifyValueWrite(""start an array"");"
S8037,UTF8JsonGenerator.java,285,_writeContext = _writeContext.createChildArrayContext();
S8038,UTF8JsonGenerator.java,286,if (_cfgPrettyPrinter != null) {
S8039,UTF8JsonGenerator.java,287,_cfgPrettyPrinter.writeStartArray(this);
S8040,UTF8JsonGenerator.java,289,if (_outputTail >= _outputEnd) {
S8041,UTF8JsonGenerator.java,292,_outputBuffer[_outputTail++] = BYTE_LBRACKET;
S8042,UTF8JsonGenerator.java,299,if (!_writeContext.inArray()) {
S8043,UTF8JsonGenerator.java,302,if (_cfgPrettyPrinter != null) {
S8044,UTF8JsonGenerator.java,303,"_cfgPrettyPrinter.writeEndArray(this, _writeContext.getEntryCount());"
S8045,UTF8JsonGenerator.java,305,if (_outputTail >= _outputEnd) {
S8046,UTF8JsonGenerator.java,308,_outputBuffer[_outputTail++] = BYTE_RBRACKET;
S8047,UTF8JsonGenerator.java,310,_writeContext = _writeContext.clearAndGetParent();
S8048,UTF8JsonGenerator.java,316,"_verifyValueWrite(""start an object"");"
S8049,UTF8JsonGenerator.java,317,_writeContext = _writeContext.createChildObjectContext();
S8050,UTF8JsonGenerator.java,318,if (_cfgPrettyPrinter != null) {
S8051,UTF8JsonGenerator.java,319,_cfgPrettyPrinter.writeStartObject(this);
S8052,UTF8JsonGenerator.java,321,if (_outputTail >= _outputEnd) {
S8053,UTF8JsonGenerator.java,324,_outputBuffer[_outputTail++] = BYTE_LCURLY;
S8054,UTF8JsonGenerator.java,350,if (!_writeContext.inObject()) {
S8055,UTF8JsonGenerator.java,353,if (_cfgPrettyPrinter != null) {
S8056,UTF8JsonGenerator.java,354,"_cfgPrettyPrinter.writeEndObject(this, _writeContext.getEntryCount());"
S8057,UTF8JsonGenerator.java,356,if (_outputTail >= _outputEnd) {
S8058,UTF8JsonGenerator.java,359,_outputBuffer[_outputTail++] = BYTE_RCURLY;
S8059,UTF8JsonGenerator.java,361,_writeContext = _writeContext.clearAndGetParent();
S8060,UTF8JsonGenerator.java,370,int status = _writeContext.writeFieldName(name);
S8061,UTF8JsonGenerator.java,371,if (status == JsonWriteContext.STATUS_EXPECT_VALUE) {
S8062,UTF8JsonGenerator.java,374,if ((status == JsonWriteContext.STATUS_OK_AFTER_COMMA)) {
S8063,UTF8JsonGenerator.java,375,_cfgPrettyPrinter.writeObjectEntrySeparator(this);
S8064,UTF8JsonGenerator.java,377,_cfgPrettyPrinter.beforeObjectEntries(this);
S8065,UTF8JsonGenerator.java,379,if (_cfgUnqNames) {
S8066,UTF8JsonGenerator.java,383,final int len = name.length();
S8067,UTF8JsonGenerator.java,384,if (len > _charBufferLength) {
S8068,UTF8JsonGenerator.java,388,if (_outputTail >= _outputEnd) {
S8069,UTF8JsonGenerator.java,391,_outputBuffer[_outputTail++] = _quoteChar;
S8070,UTF8JsonGenerator.java,392,"name.getChars(0, len, _charBuffer, 0);"
S8071,UTF8JsonGenerator.java,394,if (len <= _outputMaxContiguous) {
S8072,UTF8JsonGenerator.java,395,if ((_outputTail + len) > _outputEnd) { // caller must ensure enough space
S8073,UTF8JsonGenerator.java,398,"_writeStringSegment(_charBuffer, 0, len);"
S8074,UTF8JsonGenerator.java,402,if (_outputTail >= _outputEnd) {
S8075,UTF8JsonGenerator.java,405,_outputBuffer[_outputTail++] = _quoteChar;
S8076,UTF8JsonGenerator.java,445,_verifyValueWrite(WRITE_STRING);
S8077,UTF8JsonGenerator.java,446,if (text == null) {
S8078,UTF8JsonGenerator.java,451,final int len = text.length();
S8079,UTF8JsonGenerator.java,452,if (len > _outputMaxContiguous) { // nope: off-line handling
S8080,UTF8JsonGenerator.java,453,"_writeStringSegments(text, true);"
S8081,UTF8JsonGenerator.java,454,return;
S8082,UTF8JsonGenerator.java,456,if ((_outputTail + len) >= _outputEnd) {
S8083,UTF8JsonGenerator.java,459,_outputBuffer[_outputTail++] = _quoteChar;
S8084,UTF8JsonGenerator.java,460,"_writeStringSegment(text, 0, len); // we checked space already above"
S8085,UTF8JsonGenerator.java,461,if (_outputTail >= _outputEnd) {
S8086,UTF8JsonGenerator.java,464,_outputBuffer[_outputTail++] = _quoteChar;
S8087,UTF8JsonGenerator.java,469,_verifyValueWrite(WRITE_STRING);
S8088,UTF8JsonGenerator.java,470,if (reader == null) {
S8089,UTF8JsonGenerator.java,471,"_reportError(""null reader"");"
S8090,UTF8JsonGenerator.java,474,int toRead = (len >= 0) ? len : Integer.MAX_VALUE;
S8091,UTF8JsonGenerator.java,476,final char[] buf = _charBuffer;
S8092,UTF8JsonGenerator.java,479,if ((_outputTail + len) >= _outputEnd) {
S8093,UTF8JsonGenerator.java,482,_outputBuffer[_outputTail++] = _quoteChar;
S8094,UTF8JsonGenerator.java,485,while (toRead > 0){
S8095,UTF8JsonGenerator.java,486,"int toReadNow = Math.min(toRead, buf.length);"
S8096,UTF8JsonGenerator.java,487,"int numRead = reader.read(buf, 0, toReadNow);"
S8097,UTF8JsonGenerator.java,488,if(numRead <= 0){
S8098,UTF8JsonGenerator.java,489,break;
S8099,UTF8JsonGenerator.java,491,if ((_outputTail + len) >= _outputEnd) {
S8100,UTF8JsonGenerator.java,494,"_writeStringSegments(buf, 0, numRead);"
S8101,UTF8JsonGenerator.java,496,toRead -= numRead;
S8102,UTF8JsonGenerator.java,500,if ((_outputTail + len) >= _outputEnd) {
S8103,UTF8JsonGenerator.java,503,_outputBuffer[_outputTail++] = _quoteChar;
S8104,UTF8JsonGenerator.java,505,if (toRead > 0 && len >= 0){
S8105,UTF8JsonGenerator.java,506,"_reportError(""Didn't read enough from reader"");"
S8106,UTF8JsonGenerator.java,513,_verifyValueWrite(WRITE_STRING);
S8107,UTF8JsonGenerator.java,514,if (_outputTail >= _outputEnd) {
S8108,UTF8JsonGenerator.java,517,_outputBuffer[_outputTail++] = _quoteChar;
S8109,UTF8JsonGenerator.java,519,if (len <= _outputMaxContiguous) {
S8110,UTF8JsonGenerator.java,520,if ((_outputTail + len) > _outputEnd) { // caller must ensure enough space
S8111,UTF8JsonGenerator.java,523,"_writeStringSegment(text, offset, len);"
S8112,UTF8JsonGenerator.java,525,"_writeStringSegments(text, offset, len);"
S8113,UTF8JsonGenerator.java,528,if (_outputTail >= _outputEnd) {
S8114,UTF8JsonGenerator.java,531,_outputBuffer[_outputTail++] = _quoteChar;
S8115,UTF8JsonGenerator.java,557,_verifyValueWrite(WRITE_STRING);
S8116,UTF8JsonGenerator.java,558,if (_outputTail >= _outputEnd) {
S8117,UTF8JsonGenerator.java,561,_outputBuffer[_outputTail++] = _quoteChar;
S8118,UTF8JsonGenerator.java,562,"_writeBytes(text, offset, length);"
S8119,UTF8JsonGenerator.java,563,if (_outputTail >= _outputEnd) {
S8120,UTF8JsonGenerator.java,566,_outputBuffer[_outputTail++] = _quoteChar;
S8121,UTF8JsonGenerator.java,572,_verifyValueWrite(WRITE_STRING);
S8122,UTF8JsonGenerator.java,573,if (_outputTail >= _outputEnd) {
S8123,UTF8JsonGenerator.java,576,_outputBuffer[_outputTail++] = _quoteChar;
S8124,UTF8JsonGenerator.java,578,if (len <= _outputMaxContiguous) {
S8125,UTF8JsonGenerator.java,579,"_writeUTF8Segment(text, offset, len);"
S8126,UTF8JsonGenerator.java,581,"_writeUTF8Segments(text, offset, len);"
S8127,UTF8JsonGenerator.java,583,if (_outputTail >= _outputEnd) {
S8128,UTF8JsonGenerator.java,586,_outputBuffer[_outputTail++] = _quoteChar;
S8129,UTF8JsonGenerator.java,597,final int len = text.length();
S8130,UTF8JsonGenerator.java,598,final char[] buf = _charBuffer;
S8131,UTF8JsonGenerator.java,599,if (len <= buf.length) {
S8132,UTF8JsonGenerator.java,600,"text.getChars(0, len, buf, 0);"
S8133,UTF8JsonGenerator.java,601,"writeRaw(buf, 0, len);"
S8134,UTF8JsonGenerator.java,603,"writeRaw(text, 0, len);"
S8135,UTF8JsonGenerator.java,610,final char[] buf = _charBuffer;
S8136,UTF8JsonGenerator.java,611,final int cbufLen = buf.length;
S8137,UTF8JsonGenerator.java,614,if (len <= cbufLen) {
S8138,UTF8JsonGenerator.java,623,"final int maxChunk = Math.min(cbufLen,"
S8139,UTF8JsonGenerator.java,625,final int maxBytes = maxChunk * 3;
S8140,UTF8JsonGenerator.java,627,while (len > 0) {
S8141,UTF8JsonGenerator.java,628,"int len2 = Math.min(maxChunk, len);"
S8142,UTF8JsonGenerator.java,629,"text.getChars(offset, offset+len2, buf, 0);"
S8143,UTF8JsonGenerator.java,630,if ((_outputTail + maxBytes) > _outputEnd) {
S8144,UTF8JsonGenerator.java,631,_flushBuffer();
S8145,UTF8JsonGenerator.java,639,if (len2 > 1) {
S8146,UTF8JsonGenerator.java,640,char ch = buf[len2-1];
S8147,UTF8JsonGenerator.java,641,if ((ch >= SURR1_FIRST) && (ch <= SURR1_LAST)) {
S8148,UTF8JsonGenerator.java,642,--len2;
S8149,UTF8JsonGenerator.java,645,"_writeRawSegment(buf, 0, len2);"
S8150,UTF8JsonGenerator.java,646,offset += len2;
S8151,UTF8JsonGenerator.java,647,len -= len2;
S8152,UTF8JsonGenerator.java,654,byte[] raw = text.asUnquotedUTF8();
S8153,UTF8JsonGenerator.java,655,if (raw.length > 0) {
S8154,UTF8JsonGenerator.java,656,_writeBytes(raw);
S8155,UTF8JsonGenerator.java,663,_verifyValueWrite(WRITE_RAW);
S8156,UTF8JsonGenerator.java,664,byte[] raw = text.asUnquotedUTF8();
S8157,UTF8JsonGenerator.java,665,if (raw.length > 0) {
S8158,UTF8JsonGenerator.java,666,_writeBytes(raw);
S8159,UTF8JsonGenerator.java,676,int len3 = len+len+len;
S8160,UTF8JsonGenerator.java,677,if ((_outputTail + len3) > _outputEnd) {
S8161,UTF8JsonGenerator.java,679,if (_outputEnd < len3) { // wouldn't be enough...
S8162,UTF8JsonGenerator.java,680,"_writeSegmentedRaw(cbuf, offset, len);"
S8163,UTF8JsonGenerator.java,681,return;
S8164,UTF8JsonGenerator.java,684,_flushBuffer();
S8165,UTF8JsonGenerator.java,687,len += offset; // now marks the end
S8166,UTF8JsonGenerator.java,691,while (offset < len) {
S8167,UTF8JsonGenerator.java,694,int ch = (int) cbuf[offset];
S8168,UTF8JsonGenerator.java,695,if (ch > 0x7F) {
S8169,UTF8JsonGenerator.java,696,break inner_loop;
S8170,UTF8JsonGenerator.java,698,_outputBuffer[_outputTail++] = (byte) ch;
S8171,UTF8JsonGenerator.java,699,if (++offset >= len) {
S8172,UTF8JsonGenerator.java,700,break main_loop;
S8173,UTF8JsonGenerator.java,703,char ch = cbuf[offset++];
S8174,UTF8JsonGenerator.java,704,if (ch < 0x800) { // 2-byte?
S8175,UTF8JsonGenerator.java,708,"offset = _outputRawMultiByteChar(ch, cbuf, offset, len);"
S8176,UTF8JsonGenerator.java,716,if ((_outputTail + 3) >= _outputEnd) {
S8177,UTF8JsonGenerator.java,719,final byte[] bbuf = _outputBuffer;
S8178,UTF8JsonGenerator.java,720,if (ch <= 0x7F) {
S8179,UTF8JsonGenerator.java,721,bbuf[_outputTail++] = (byte) ch;
S8180,UTF8JsonGenerator.java,736,final int end = _outputEnd;
S8181,UTF8JsonGenerator.java,737,final byte[] bbuf = _outputBuffer;
S8182,UTF8JsonGenerator.java,738,final int inputEnd = offset + len;
S8183,UTF8JsonGenerator.java,741,while (offset < inputEnd) {
S8184,UTF8JsonGenerator.java,744,int ch = (int) cbuf[offset];
S8185,UTF8JsonGenerator.java,745,if (ch >= 0x80) {
S8186,UTF8JsonGenerator.java,746,break inner_loop;
S8187,UTF8JsonGenerator.java,749,if (_outputTail >= end) {
S8188,UTF8JsonGenerator.java,752,bbuf[_outputTail++] = (byte) ch;
S8189,UTF8JsonGenerator.java,753,if (++offset >= inputEnd) {
S8190,UTF8JsonGenerator.java,754,break main_loop;
S8191,UTF8JsonGenerator.java,757,if ((_outputTail + 3) >= _outputEnd) {
S8192,UTF8JsonGenerator.java,760,char ch = cbuf[offset++];
S8193,UTF8JsonGenerator.java,761,if (ch < 0x800) { // 2-byte?
S8194,UTF8JsonGenerator.java,765,"offset = _outputRawMultiByteChar(ch, cbuf, offset, inputEnd);"
S8195,UTF8JsonGenerator.java,782,while (offset < end) {
S8196,UTF8JsonGenerator.java,785,int ch = (int) cbuf[offset];
S8197,UTF8JsonGenerator.java,786,if (ch > 0x7F) {
S8198,UTF8JsonGenerator.java,787,break inner_loop;
S8199,UTF8JsonGenerator.java,789,_outputBuffer[_outputTail++] = (byte) ch;
S8200,UTF8JsonGenerator.java,790,if (++offset >= end) {
S8201,UTF8JsonGenerator.java,791,break main_loop;
S8202,UTF8JsonGenerator.java,794,char ch = cbuf[offset++];
S8203,UTF8JsonGenerator.java,795,if (ch < 0x800) { // 2-byte?
S8204,UTF8JsonGenerator.java,799,"offset = _outputRawMultiByteChar(ch, cbuf, offset, end);"
S8205,UTF8JsonGenerator.java,815,_verifyValueWrite(WRITE_BINARY);
S8206,UTF8JsonGenerator.java,817,if (_outputTail >= _outputEnd) {
S8207,UTF8JsonGenerator.java,820,_outputBuffer[_outputTail++] = _quoteChar;
S8208,UTF8JsonGenerator.java,821,"_writeBinary(b64variant, data, offset, offset+len);"
S8209,UTF8JsonGenerator.java,823,if (_outputTail >= _outputEnd) {
S8210,UTF8JsonGenerator.java,826,_outputBuffer[_outputTail++] = _quoteChar;
S8211,UTF8JsonGenerator.java,834,_verifyValueWrite(WRITE_BINARY);
S8212,UTF8JsonGenerator.java,836,if (_outputTail >= _outputEnd) {
S8213,UTF8JsonGenerator.java,839,_outputBuffer[_outputTail++] = _quoteChar;
S8214,UTF8JsonGenerator.java,840,byte[] encodingBuffer = _ioContext.allocBase64Buffer();
S8215,UTF8JsonGenerator.java,843,if (dataLength < 0) { // length unknown
S8216,UTF8JsonGenerator.java,844,"bytes = _writeBinary(b64variant, data, encodingBuffer);"
S8217,UTF8JsonGenerator.java,846,"int missing = _writeBinary(b64variant, data, encodingBuffer, dataLength);"
S8218,UTF8JsonGenerator.java,847,if (missing > 0) {
S8219,UTF8JsonGenerator.java,850,bytes = dataLength;
S8220,UTF8JsonGenerator.java,853,_ioContext.releaseBase64Buffer(encodingBuffer);
S8221,UTF8JsonGenerator.java,856,if (_outputTail >= _outputEnd) {
S8222,UTF8JsonGenerator.java,859,_outputBuffer[_outputTail++] = _quoteChar;
S8223,UTF8JsonGenerator.java,860,return bytes;
S8224,UTF8JsonGenerator.java,896,_verifyValueWrite(WRITE_NUMBER);
S8225,UTF8JsonGenerator.java,898,if ((_outputTail + 11) >= _outputEnd) {
S8226,UTF8JsonGenerator.java,899,_flushBuffer();
S8227,UTF8JsonGenerator.java,901,if (_cfgNumbersAsStrings) {
S8228,UTF8JsonGenerator.java,905,"_outputTail = NumberOutput.outputInt(i, _outputBuffer, _outputTail);"
S8229,UTF8JsonGenerator.java,921,_verifyValueWrite(WRITE_NUMBER);
S8230,UTF8JsonGenerator.java,922,if (_cfgNumbersAsStrings) {
S8231,UTF8JsonGenerator.java,926,if ((_outputTail + 21) >= _outputEnd) {
S8232,UTF8JsonGenerator.java,928,_flushBuffer();
S8233,UTF8JsonGenerator.java,930,"_outputTail = NumberOutput.outputLong(l, _outputBuffer, _outputTail);"
S8234,UTF8JsonGenerator.java,946,_verifyValueWrite(WRITE_NUMBER);
S8235,UTF8JsonGenerator.java,947,if (value == null) {
S8236,UTF8JsonGenerator.java,949,} else if (_cfgNumbersAsStrings) {
S8237,UTF8JsonGenerator.java,952,writeRaw(value.toString());
S8238,UTF8JsonGenerator.java,960,if (_cfgNumbersAsStrings ||
S8239,UTF8JsonGenerator.java,967,_verifyValueWrite(WRITE_NUMBER);
S8240,UTF8JsonGenerator.java,968,writeRaw(String.valueOf(d));
S8241,UTF8JsonGenerator.java,974,if (_cfgNumbersAsStrings ||
S8242,UTF8JsonGenerator.java,982,_verifyValueWrite(WRITE_NUMBER);
S8243,UTF8JsonGenerator.java,983,writeRaw(String.valueOf(f));
S8244,UTF8JsonGenerator.java,990,_verifyValueWrite(WRITE_NUMBER);
S8245,UTF8JsonGenerator.java,991,if (value == null) {
S8246,UTF8JsonGenerator.java,993,} else  if (_cfgNumbersAsStrings) {
S8247,UTF8JsonGenerator.java,994,_writeQuotedRaw(_asString(value));
S8248,UTF8JsonGenerator.java,996,writeRaw(_asString(value));
S8249,UTF8JsonGenerator.java,1003,_verifyValueWrite(WRITE_NUMBER);
S8250,UTF8JsonGenerator.java,1004,if (_cfgNumbersAsStrings) {
S8251,UTF8JsonGenerator.java,1007,writeRaw(encodedValue);
S8252,UTF8JsonGenerator.java,1013,if (_outputTail >= _outputEnd) {
S8253,UTF8JsonGenerator.java,1016,_outputBuffer[_outputTail++] = _quoteChar;
S8254,UTF8JsonGenerator.java,1017,writeRaw(value);
S8255,UTF8JsonGenerator.java,1018,if (_outputTail >= _outputEnd) {
S8256,UTF8JsonGenerator.java,1021,_outputBuffer[_outputTail++] = _quoteChar;
S8257,UTF8JsonGenerator.java,1027,_verifyValueWrite(WRITE_BOOLEAN);
S8258,UTF8JsonGenerator.java,1028,if ((_outputTail + 5) >= _outputEnd) {
S8259,UTF8JsonGenerator.java,1031,byte[] keyword = state ? TRUE_BYTES : FALSE_BYTES;
S8260,UTF8JsonGenerator.java,1032,int len = keyword.length;
S8261,UTF8JsonGenerator.java,1033,"System.arraycopy(keyword, 0, _outputBuffer, _outputTail, len);"
S8262,UTF8JsonGenerator.java,1034,_outputTail += len;
S8263,UTF8JsonGenerator.java,1040,_verifyValueWrite(WRITE_NULL);
S8264,UTF8JsonGenerator.java,1041,_writeNull();
S8265,UTF8JsonGenerator.java,1053,final int status = _writeContext.writeValue();
S8266,UTF8JsonGenerator.java,1054,if (_cfgPrettyPrinter != null) {
S8267,UTF8JsonGenerator.java,1056,"_verifyPrettyValueWrite(typeMsg, status);"
S8268,UTF8JsonGenerator.java,1057,return;
S8269,UTF8JsonGenerator.java,1060,switch (status) {
S8270,UTF8JsonGenerator.java,1063,return;
S8271,UTF8JsonGenerator.java,1065,b = BYTE_COMMA;
S8272,UTF8JsonGenerator.java,1066,break;
S8273,UTF8JsonGenerator.java,1068,b = BYTE_COLON;
S8274,UTF8JsonGenerator.java,1069,break;
S8275,UTF8JsonGenerator.java,1071,if (_rootValueSeparator != null) {
S8276,UTF8JsonGenerator.java,1072,byte[] raw = _rootValueSeparator.asUnquotedUTF8();
S8277,UTF8JsonGenerator.java,1073,if (raw.length > 0) {
S8278,UTF8JsonGenerator.java,1074,_writeBytes(raw);
S8279,UTF8JsonGenerator.java,1077,return;
S8280,UTF8JsonGenerator.java,1079,_reportCantWriteValueExpectName(typeMsg);
S8281,UTF8JsonGenerator.java,1082,if (_outputTail >= _outputEnd) {
S8282,UTF8JsonGenerator.java,1085,_outputBuffer[_outputTail++] = b;
S8283,UTF8JsonGenerator.java,1097,_flushBuffer();
S8284,UTF8JsonGenerator.java,1098,if (_outputStream != null) {
S8285,UTF8JsonGenerator.java,1099,if (isEnabled(Feature.FLUSH_PASSED_TO_STREAM)) {
S8286,UTF8JsonGenerator.java,1100,_outputStream.flush();
S8287,UTF8JsonGenerator.java,1108,super.close();
S8288,UTF8JsonGenerator.java,1114,if ((_outputBuffer != null)
S8289,UTF8JsonGenerator.java,1117,JsonStreamContext ctxt = getOutputContext();
S8290,UTF8JsonGenerator.java,1118,if (ctxt.inArray()) {
S8291,UTF8JsonGenerator.java,1119,writeEndArray();
S8292,UTF8JsonGenerator.java,1120,} else if (ctxt.inObject()) {
S8293,UTF8JsonGenerator.java,1121,writeEndObject();
S8294,UTF8JsonGenerator.java,1127,_flushBuffer();
S8295,UTF8JsonGenerator.java,1128,_outputTail = 0; // just to ensure we don't think there's anything buffered
S8296,UTF8JsonGenerator.java,1136,if (_outputStream != null) {
S8297,UTF8JsonGenerator.java,1137,if (_ioContext.isResourceManaged() || isEnabled(Feature.AUTO_CLOSE_TARGET)) {
S8298,UTF8JsonGenerator.java,1138,_outputStream.close();
S8299,UTF8JsonGenerator.java,1139,} else if (isEnabled(Feature.FLUSH_PASSED_TO_STREAM)) {
S8300,UTF8JsonGenerator.java,1141,_outputStream.flush();
S8301,UTF8JsonGenerator.java,1145,_releaseBuffers();
S8302,UTF8JsonGenerator.java,1151,byte[] buf = _outputBuffer;
S8303,UTF8JsonGenerator.java,1152,if (buf != null && _bufferRecyclable) {
S8304,UTF8JsonGenerator.java,1153,_outputBuffer = null;
S8305,UTF8JsonGenerator.java,1154,_ioContext.releaseWriteEncodingBuffer(buf);
S8306,UTF8JsonGenerator.java,1156,char[] cbuf = _charBuffer;
S8307,UTF8JsonGenerator.java,1157,if (cbuf != null) {
S8308,UTF8JsonGenerator.java,1158,_charBuffer = null;
S8309,UTF8JsonGenerator.java,1159,_ioContext.releaseConcatBuffer(cbuf);
S8310,UTF8JsonGenerator.java,1171,final int len = bytes.length;
S8311,UTF8JsonGenerator.java,1172,if ((_outputTail + len) > _outputEnd) {
S8312,UTF8JsonGenerator.java,1180,"System.arraycopy(bytes, 0, _outputBuffer, _outputTail, len);"
S8313,UTF8JsonGenerator.java,1181,_outputTail += len;
S8314,UTF8JsonGenerator.java,1186,if ((_outputTail + len) > _outputEnd) {
S8315,UTF8JsonGenerator.java,1187,_flushBuffer();
S8316,UTF8JsonGenerator.java,1189,if (len > MAX_BYTES_TO_BUFFER) {
S8317,UTF8JsonGenerator.java,1190,"_outputStream.write(bytes, offset, len);"
S8318,UTF8JsonGenerator.java,1191,return;
S8319,UTF8JsonGenerator.java,1194,"System.arraycopy(bytes, offset, _outputBuffer, _outputTail, len);"
S8320,UTF8JsonGenerator.java,1195,_outputTail += len;
S8321,UTF8JsonGenerator.java,1213,if (addQuotes) {
S8322,UTF8JsonGenerator.java,1214,if (_outputTail >= _outputEnd) {
S8323,UTF8JsonGenerator.java,1217,_outputBuffer[_outputTail++] = _quoteChar;
S8324,UTF8JsonGenerator.java,1220,int left = text.length();
S8325,UTF8JsonGenerator.java,1221,int offset = 0;
S8326,UTF8JsonGenerator.java,1223,while (left > 0) {
S8327,UTF8JsonGenerator.java,1224,"int len = Math.min(_outputMaxContiguous, left);"
S8328,UTF8JsonGenerator.java,1225,if ((_outputTail + len) > _outputEnd) { // caller must ensure enough space
S8329,UTF8JsonGenerator.java,1226,_flushBuffer();
S8330,UTF8JsonGenerator.java,1228,"_writeStringSegment(text, offset, len);"
S8331,UTF8JsonGenerator.java,1229,offset += len;
S8332,UTF8JsonGenerator.java,1230,left -= len;
S8333,UTF8JsonGenerator.java,1233,if (addQuotes) {
S8334,UTF8JsonGenerator.java,1234,if (_outputTail >= _outputEnd) {
S8335,UTF8JsonGenerator.java,1237,_outputBuffer[_outputTail++] = _quoteChar;
S8336,UTF8JsonGenerator.java,1250,"int len = Math.min(_outputMaxContiguous, totalLen);"
S8337,UTF8JsonGenerator.java,1251,if ((_outputTail + len) > _outputEnd) { // caller must ensure enough space
S8338,UTF8JsonGenerator.java,1252,_flushBuffer();
S8339,UTF8JsonGenerator.java,1254,"_writeStringSegment(cbuf, offset, len);"
S8340,UTF8JsonGenerator.java,1255,offset += len;
S8341,UTF8JsonGenerator.java,1256,totalLen -= len;
S8342,UTF8JsonGenerator.java,1257,} while (totalLen > 0);
S8343,UTF8JsonGenerator.java,1293,"len += offset; // becomes end marker, then"
S8344,UTF8JsonGenerator.java,1295,int outputPtr = _outputTail;
S8345,UTF8JsonGenerator.java,1296,final byte[] outputBuffer = _outputBuffer;
S8346,UTF8JsonGenerator.java,1297,final int[] escCodes = _outputEscapes;
S8347,UTF8JsonGenerator.java,1299,while (offset < len) {
S8348,UTF8JsonGenerator.java,1300,int ch = cbuf[offset];
S8349,UTF8JsonGenerator.java,1302,if (ch > 0x7F || escCodes[ch] != 0) {
S8350,UTF8JsonGenerator.java,1303,break;
S8351,UTF8JsonGenerator.java,1305,outputBuffer[outputPtr++] = (byte) ch;
S8352,UTF8JsonGenerator.java,1306,++offset;
S8353,UTF8JsonGenerator.java,1308,_outputTail = outputPtr;
S8354,UTF8JsonGenerator.java,1309,if (offset < len) {
S8355,UTF8JsonGenerator.java,1311,if (_characterEscapes != null) {
S8356,UTF8JsonGenerator.java,1314,} else if (_maximumNonEscapedChar == 0) {
S8357,UTF8JsonGenerator.java,1315,"_writeStringSegment2(cbuf, offset, len);"
S8358,UTF8JsonGenerator.java,1327,"len += offset; // becomes end marker, then"
S8359,UTF8JsonGenerator.java,1329,int outputPtr = _outputTail;
S8360,UTF8JsonGenerator.java,1330,final byte[] outputBuffer = _outputBuffer;
S8361,UTF8JsonGenerator.java,1331,final int[] escCodes = _outputEscapes;
S8362,UTF8JsonGenerator.java,1333,while (offset < len) {
S8363,UTF8JsonGenerator.java,1334,int ch = text.charAt(offset);
S8364,UTF8JsonGenerator.java,1336,if (ch > 0x7F || escCodes[ch] != 0) {
S8365,UTF8JsonGenerator.java,1337,break;
S8366,UTF8JsonGenerator.java,1339,outputBuffer[outputPtr++] = (byte) ch;
S8367,UTF8JsonGenerator.java,1340,++offset;
S8368,UTF8JsonGenerator.java,1342,_outputTail = outputPtr;
S8369,UTF8JsonGenerator.java,1343,if (offset < len) {
S8370,UTF8JsonGenerator.java,1344,if (_characterEscapes != null) {
S8371,UTF8JsonGenerator.java,1345,"_writeCustomStringSegment2(text, offset, len);"
S8372,UTF8JsonGenerator.java,1346,} else if (_maximumNonEscapedChar == 0) {
S8373,UTF8JsonGenerator.java,1347,"_writeStringSegment2(text, offset, len);"
S8374,UTF8JsonGenerator.java,1349,"_writeStringSegmentASCII2(text, offset, len);"
S8375,UTF8JsonGenerator.java,1361,if ((_outputTail +  6 * (end - offset)) > _outputEnd) {
S8376,UTF8JsonGenerator.java,1362,_flushBuffer();
S8377,UTF8JsonGenerator.java,1365,int outputPtr = _outputTail;
S8378,UTF8JsonGenerator.java,1367,final byte[] outputBuffer = _outputBuffer;
S8379,UTF8JsonGenerator.java,1368,final int[] escCodes = _outputEscapes;
S8380,UTF8JsonGenerator.java,1370,while (offset < end) {
S8381,UTF8JsonGenerator.java,1371,int ch = cbuf[offset++];
S8382,UTF8JsonGenerator.java,1372,if (ch <= 0x7F) {
S8383,UTF8JsonGenerator.java,1373,if (escCodes[ch] == 0) {
S8384,UTF8JsonGenerator.java,1374,outputBuffer[outputPtr++] = (byte) ch;
S8385,UTF8JsonGenerator.java,1375,continue;
S8386,UTF8JsonGenerator.java,1377,int escape = escCodes[ch];
S8387,UTF8JsonGenerator.java,1378,"if (escape > 0) { // 2-char escape, fine"
S8388,UTF8JsonGenerator.java,1379,outputBuffer[outputPtr++] = BYTE_BACKSLASH;
S8389,UTF8JsonGenerator.java,1380,outputBuffer[outputPtr++] = (byte) escape;
S8390,UTF8JsonGenerator.java,1383,"outputPtr = _writeGenericEscape(ch, outputPtr);"
S8391,UTF8JsonGenerator.java,1385,continue;
S8392,UTF8JsonGenerator.java,1387,"if (ch <= 0x7FF) { // fine, just needs 2 byte output"
S8393,UTF8JsonGenerator.java,1388,outputBuffer[outputPtr++] = (byte) (0xc0 | (ch >> 6));
S8394,UTF8JsonGenerator.java,1389,outputBuffer[outputPtr++] = (byte) (0x80 | (ch & 0x3f));
S8395,UTF8JsonGenerator.java,1391,"outputPtr = _outputMultiByteChar(ch, outputPtr);"
S8396,UTF8JsonGenerator.java,1394,_outputTail = outputPtr;
S8397,UTF8JsonGenerator.java,1399,if ((_outputTail +  6 * (end - offset)) > _outputEnd) {
S8398,UTF8JsonGenerator.java,1400,_flushBuffer();
S8399,UTF8JsonGenerator.java,1403,int outputPtr = _outputTail;
S8400,UTF8JsonGenerator.java,1405,final byte[] outputBuffer = _outputBuffer;
S8401,UTF8JsonGenerator.java,1406,final int[] escCodes = _outputEscapes;
S8402,UTF8JsonGenerator.java,1408,while (offset < end) {
S8403,UTF8JsonGenerator.java,1409,int ch = text.charAt(offset++);
S8404,UTF8JsonGenerator.java,1410,if (ch <= 0x7F) {
S8405,UTF8JsonGenerator.java,1411,if (escCodes[ch] == 0) {
S8406,UTF8JsonGenerator.java,1412,outputBuffer[outputPtr++] = (byte) ch;
S8407,UTF8JsonGenerator.java,1413,continue;
S8408,UTF8JsonGenerator.java,1415,int escape = escCodes[ch];
S8409,UTF8JsonGenerator.java,1416,"if (escape > 0) { // 2-char escape, fine"
S8410,UTF8JsonGenerator.java,1417,outputBuffer[outputPtr++] = BYTE_BACKSLASH;
S8411,UTF8JsonGenerator.java,1418,outputBuffer[outputPtr++] = (byte) escape;
S8412,UTF8JsonGenerator.java,1421,"outputPtr = _writeGenericEscape(ch, outputPtr);"
S8413,UTF8JsonGenerator.java,1423,continue;
S8414,UTF8JsonGenerator.java,1425,"if (ch <= 0x7FF) { // fine, just needs 2 byte output"
S8415,UTF8JsonGenerator.java,1426,outputBuffer[outputPtr++] = (byte) (0xc0 | (ch >> 6));
S8416,UTF8JsonGenerator.java,1427,outputBuffer[outputPtr++] = (byte) (0x80 | (ch & 0x3f));
S8417,UTF8JsonGenerator.java,1429,"outputPtr = _outputMultiByteChar(ch, outputPtr);"
S8418,UTF8JsonGenerator.java,1432,_outputTail = outputPtr;
S8419,UTF8JsonGenerator.java,1493,if ((_outputTail +  6 * (end - offset)) > _outputEnd) {
S8420,UTF8JsonGenerator.java,1497,int outputPtr = _outputTail;
S8421,UTF8JsonGenerator.java,1499,final byte[] outputBuffer = _outputBuffer;
S8422,UTF8JsonGenerator.java,1500,final int[] escCodes = _outputEscapes;
S8423,UTF8JsonGenerator.java,1501,final int maxUnescaped = _maximumNonEscapedChar;
S8424,UTF8JsonGenerator.java,1503,while (offset < end) {
S8425,UTF8JsonGenerator.java,1504,int ch = text.charAt(offset++);
S8426,UTF8JsonGenerator.java,1505,if (ch <= 0x7F) {
S8427,UTF8JsonGenerator.java,1506,if (escCodes[ch] == 0) {
S8428,UTF8JsonGenerator.java,1507,outputBuffer[outputPtr++] = (byte) ch;
S8429,UTF8JsonGenerator.java,1508,continue;
S8430,UTF8JsonGenerator.java,1520,if (ch > maxUnescaped) { // [JACKSON-102] Allow forced escaping if non-ASCII (etc) chars:
S8431,UTF8JsonGenerator.java,1521,"outputPtr = _writeGenericEscape(ch, outputPtr);"
S8432,UTF8JsonGenerator.java,1522,continue;
S8433,UTF8JsonGenerator.java,1531,_outputTail = outputPtr;
S8434,UTF8JsonGenerator.java,1605,if ((_outputTail +  6 * (end - offset)) > _outputEnd) {
S8435,UTF8JsonGenerator.java,1608,int outputPtr = _outputTail;
S8436,UTF8JsonGenerator.java,1610,final byte[] outputBuffer = _outputBuffer;
S8437,UTF8JsonGenerator.java,1611,final int[] escCodes = _outputEscapes;
S8438,UTF8JsonGenerator.java,1613,final int maxUnescaped = (_maximumNonEscapedChar <= 0) ? 0xFFFF : _maximumNonEscapedChar;
S8439,UTF8JsonGenerator.java,1614,final CharacterEscapes customEscapes = _characterEscapes; // non-null
S8440,UTF8JsonGenerator.java,1616,while (offset < end) {
S8441,UTF8JsonGenerator.java,1617,int ch = text.charAt(offset++);
S8442,UTF8JsonGenerator.java,1618,if (ch <= 0x7F) {
S8443,UTF8JsonGenerator.java,1619,if (escCodes[ch] == 0) {
S8444,UTF8JsonGenerator.java,1620,outputBuffer[outputPtr++] = (byte) ch;
S8445,UTF8JsonGenerator.java,1621,continue;
S8446,UTF8JsonGenerator.java,1623,int escape = escCodes[ch];
S8447,UTF8JsonGenerator.java,1624,"if (escape > 0) { // 2-char escape, fine"
S8448,UTF8JsonGenerator.java,1625,outputBuffer[outputPtr++] = BYTE_BACKSLASH;
S8449,UTF8JsonGenerator.java,1626,outputBuffer[outputPtr++] = (byte) escape;
S8450,UTF8JsonGenerator.java,1627,} else if (escape == CharacterEscapes.ESCAPE_CUSTOM) {
S8451,UTF8JsonGenerator.java,1628,SerializableString esc = customEscapes.getEscapeSequence(ch);
S8452,UTF8JsonGenerator.java,1629,if (esc == null) {
S8453,UTF8JsonGenerator.java,1633,"outputPtr = _writeCustomEscape(outputBuffer, outputPtr, esc, end-offset);"
S8454,UTF8JsonGenerator.java,1634,} else {
S8455,UTF8JsonGenerator.java,1636,"outputPtr = _writeGenericEscape(ch, outputPtr);"
S8456,UTF8JsonGenerator.java,1638,continue;
S8457,UTF8JsonGenerator.java,1640,if (ch > maxUnescaped) { // [JACKSON-102] Allow forced escaping if non-ASCII (etc) chars:
S8458,UTF8JsonGenerator.java,1644,SerializableString esc = customEscapes.getEscapeSequence(ch);
S8459,UTF8JsonGenerator.java,1645,if (esc != null) {
S8460,UTF8JsonGenerator.java,1646,"outputPtr = _writeCustomEscape(outputBuffer, outputPtr, esc, end-offset);"
S8461,UTF8JsonGenerator.java,1647,continue;
S8462,UTF8JsonGenerator.java,1656,_outputTail = outputPtr;
S8463,UTF8JsonGenerator.java,1662,"byte[] raw = esc.asUnquotedUTF8(); // must be escaped at this point, shouldn't double-quote"
S8464,UTF8JsonGenerator.java,1663,int len = raw.length;
S8465,UTF8JsonGenerator.java,1664,"if (len > 6) { // may violate constraints we have, do offline"
S8466,UTF8JsonGenerator.java,1668,"System.arraycopy(raw, 0, outputBuffer, outputPtr, len);"
S8467,UTF8JsonGenerator.java,1669,return (outputPtr + len);
S8468,UTF8JsonGenerator.java,1711,"int len = Math.min(_outputMaxContiguous, totalLen);"
S8469,UTF8JsonGenerator.java,1712,"_writeUTF8Segment(utf8, offset, len);"
S8470,UTF8JsonGenerator.java,1713,offset += len;
S8471,UTF8JsonGenerator.java,1714,totalLen -= len;
S8472,UTF8JsonGenerator.java,1715,} while (totalLen > 0);
S8473,UTF8JsonGenerator.java,1722,final int[] escCodes = _outputEscapes;
S8474,UTF8JsonGenerator.java,1724,"for (int ptr = offset, end = offset + len; ptr < end; ) {"
S8475,UTF8JsonGenerator.java,1726,int ch = utf8[ptr++];
S8476,UTF8JsonGenerator.java,1727,if ((ch >= 0) && escCodes[ch] != 0) {
S8477,UTF8JsonGenerator.java,1728,"_writeUTF8Segment2(utf8, offset, len);"
S8478,UTF8JsonGenerator.java,1729,return;
S8479,UTF8JsonGenerator.java,1734,if ((_outputTail + len) > _outputEnd) { // enough room or need to flush?
S8480,UTF8JsonGenerator.java,1737,"System.arraycopy(utf8, offset, _outputBuffer, _outputTail, len);"
S8481,UTF8JsonGenerator.java,1738,_outputTail += len;
S8482,UTF8JsonGenerator.java,1744,int outputPtr = _outputTail;
S8483,UTF8JsonGenerator.java,1747,if ((outputPtr + (len * 6)) > _outputEnd) {
S8484,UTF8JsonGenerator.java,1748,_flushBuffer();
S8485,UTF8JsonGenerator.java,1749,outputPtr = _outputTail;
S8486,UTF8JsonGenerator.java,1752,final byte[] outputBuffer = _outputBuffer;
S8487,UTF8JsonGenerator.java,1753,final int[] escCodes = _outputEscapes;
S8488,UTF8JsonGenerator.java,1754,len += offset; // so 'len' becomes 'end'
S8489,UTF8JsonGenerator.java,1756,while (offset < len) {
S8490,UTF8JsonGenerator.java,1757,byte b = utf8[offset++];
S8491,UTF8JsonGenerator.java,1758,int ch = b;
S8492,UTF8JsonGenerator.java,1759,if (ch < 0 || escCodes[ch] == 0) {
S8493,UTF8JsonGenerator.java,1760,outputBuffer[outputPtr++] = b;
S8494,UTF8JsonGenerator.java,1761,continue;
S8495,UTF8JsonGenerator.java,1763,int escape = escCodes[ch];
S8496,UTF8JsonGenerator.java,1764,"if (escape > 0) { // 2-char escape, fine"
S8497,UTF8JsonGenerator.java,1765,outputBuffer[outputPtr++] = BYTE_BACKSLASH;
S8498,UTF8JsonGenerator.java,1766,outputBuffer[outputPtr++] = (byte) escape;
S8499,UTF8JsonGenerator.java,1769,"outputPtr = _writeGenericEscape(ch, outputPtr);"
S8500,UTF8JsonGenerator.java,1772,_outputTail = outputPtr;
S8501,UTF8JsonGenerator.java,1786,int safeInputEnd = inputEnd - 3;
S8502,UTF8JsonGenerator.java,1788,int safeOutputEnd = _outputEnd - 6;
S8503,UTF8JsonGenerator.java,1789,int chunksBeforeLF = b64variant.getMaxLineLength() >> 2;
S8504,UTF8JsonGenerator.java,1792,while (inputPtr <= safeInputEnd) {
S8505,UTF8JsonGenerator.java,1793,if (_outputTail > safeOutputEnd) { // need to flush
S8506,UTF8JsonGenerator.java,1794,_flushBuffer();
S8507,UTF8JsonGenerator.java,1797,int b24 = ((int) input[inputPtr++]) << 8;
S8508,UTF8JsonGenerator.java,1798,b24 |= ((int) input[inputPtr++]) & 0xFF;
S8509,UTF8JsonGenerator.java,1799,b24 = (b24 << 8) | (((int) input[inputPtr++]) & 0xFF);
S8510,UTF8JsonGenerator.java,1800,"_outputTail = b64variant.encodeBase64Chunk(b24, _outputBuffer, _outputTail);"
S8511,UTF8JsonGenerator.java,1801,if (--chunksBeforeLF <= 0) {
S8512,UTF8JsonGenerator.java,1810,"int inputLeft = inputEnd - inputPtr; // 0, 1 or 2"
S8513,UTF8JsonGenerator.java,1811,"if (inputLeft > 0) { // yes, but do we have room for output?"
S8514,UTF8JsonGenerator.java,1812,if (_outputTail > safeOutputEnd) { // don't really need 6 bytes but...
S8515,UTF8JsonGenerator.java,1815,int b24 = ((int) input[inputPtr++]) << 16;
S8516,UTF8JsonGenerator.java,1816,if (inputLeft == 2) {
S8517,UTF8JsonGenerator.java,1817,b24 |= (((int) input[inputPtr++]) & 0xFF) << 8;
S8518,UTF8JsonGenerator.java,1819,"_outputTail = b64variant.encodeBase64Partial(b24, inputLeft, _outputBuffer, _outputTail);"
S8519,UTF8JsonGenerator.java,1828,int inputPtr = 0;
S8520,UTF8JsonGenerator.java,1829,int inputEnd = 0;
S8521,UTF8JsonGenerator.java,1830,int lastFullOffset = -3;
S8522,UTF8JsonGenerator.java,1833,int safeOutputEnd = _outputEnd - 6;
S8523,UTF8JsonGenerator.java,1834,int chunksBeforeLF = b64variant.getMaxLineLength() >> 2;
S8524,UTF8JsonGenerator.java,1836,while (bytesLeft > 2) { // main loop for full triplets
S8525,UTF8JsonGenerator.java,1837,if (inputPtr > lastFullOffset) {
S8526,UTF8JsonGenerator.java,1838,"inputEnd = _readMore(data, readBuffer, inputPtr, inputEnd, bytesLeft);"
S8527,UTF8JsonGenerator.java,1839,inputPtr = 0;
S8528,UTF8JsonGenerator.java,1840,if (inputEnd < 3) { // required to try to read to have at least 3 bytes
S8529,UTF8JsonGenerator.java,1843,lastFullOffset = inputEnd-3;
S8530,UTF8JsonGenerator.java,1845,if (_outputTail > safeOutputEnd) { // need to flush
S8531,UTF8JsonGenerator.java,1848,int b24 = ((int) readBuffer[inputPtr++]) << 8;
S8532,UTF8JsonGenerator.java,1849,b24 |= ((int) readBuffer[inputPtr++]) & 0xFF;
S8533,UTF8JsonGenerator.java,1850,b24 = (b24 << 8) | (((int) readBuffer[inputPtr++]) & 0xFF);
S8534,UTF8JsonGenerator.java,1851,bytesLeft -= 3;
S8535,UTF8JsonGenerator.java,1852,"_outputTail = b64variant.encodeBase64Chunk(b24, _outputBuffer, _outputTail);"
S8536,UTF8JsonGenerator.java,1853,if (--chunksBeforeLF <= 0) {
S8537,UTF8JsonGenerator.java,1854,_outputBuffer[_outputTail++] = '\\';
S8538,UTF8JsonGenerator.java,1855,_outputBuffer[_outputTail++] = 'n';
S8539,UTF8JsonGenerator.java,1856,chunksBeforeLF = b64variant.getMaxLineLength() >> 2;
S8540,UTF8JsonGenerator.java,1861,if (bytesLeft > 0) {
S8541,UTF8JsonGenerator.java,1862,"inputEnd = _readMore(data, readBuffer, inputPtr, inputEnd, bytesLeft);"
S8542,UTF8JsonGenerator.java,1863,inputPtr = 0;
S8543,UTF8JsonGenerator.java,1864,"if (inputEnd > 0) { // yes, but do we have room for output?"
S8544,UTF8JsonGenerator.java,1865,if (_outputTail > safeOutputEnd) { // don't really need 6 bytes but...
S8545,UTF8JsonGenerator.java,1868,int b24 = ((int) readBuffer[inputPtr++]) << 16;
S8546,UTF8JsonGenerator.java,1870,if (inputPtr < inputEnd) {
S8547,UTF8JsonGenerator.java,1871,b24 |= (((int) readBuffer[inputPtr]) & 0xFF) << 8;
S8548,UTF8JsonGenerator.java,1872,amount = 2;
S8549,UTF8JsonGenerator.java,1874,amount = 1;
S8550,UTF8JsonGenerator.java,1876,"_outputTail = b64variant.encodeBase64Partial(b24, amount, _outputBuffer, _outputTail);"
S8551,UTF8JsonGenerator.java,1877,bytesLeft -= amount;
S8552,UTF8JsonGenerator.java,1880,return bytesLeft;
S8553,UTF8JsonGenerator.java,1888,int inputPtr = 0;
S8554,UTF8JsonGenerator.java,1889,int inputEnd = 0;
S8555,UTF8JsonGenerator.java,1890,int lastFullOffset = -3;
S8556,UTF8JsonGenerator.java,1891,int bytesDone = 0;
S8557,UTF8JsonGenerator.java,1894,int safeOutputEnd = _outputEnd - 6;
S8558,UTF8JsonGenerator.java,1895,int chunksBeforeLF = b64variant.getMaxLineLength() >> 2;
S8559,UTF8JsonGenerator.java,1899,if (inputPtr > lastFullOffset) { // need to load more
S8560,UTF8JsonGenerator.java,1900,"inputEnd = _readMore(data, readBuffer, inputPtr, inputEnd, readBuffer.length);"
S8561,UTF8JsonGenerator.java,1901,inputPtr = 0;
S8562,UTF8JsonGenerator.java,1902,if (inputEnd < 3) { // required to try to read to have at least 3 bytes
S8563,UTF8JsonGenerator.java,1903,break;
S8564,UTF8JsonGenerator.java,1905,lastFullOffset = inputEnd-3;
S8565,UTF8JsonGenerator.java,1907,if (_outputTail > safeOutputEnd) { // need to flush
S8566,UTF8JsonGenerator.java,1911,int b24 = ((int) readBuffer[inputPtr++]) << 8;
S8567,UTF8JsonGenerator.java,1912,b24 |= ((int) readBuffer[inputPtr++]) & 0xFF;
S8568,UTF8JsonGenerator.java,1913,b24 = (b24 << 8) | (((int) readBuffer[inputPtr++]) & 0xFF);
S8569,UTF8JsonGenerator.java,1914,bytesDone += 3;
S8570,UTF8JsonGenerator.java,1915,"_outputTail = b64variant.encodeBase64Chunk(b24, _outputBuffer, _outputTail);"
S8571,UTF8JsonGenerator.java,1916,if (--chunksBeforeLF <= 0) {
S8572,UTF8JsonGenerator.java,1917,_outputBuffer[_outputTail++] = '\\';
S8573,UTF8JsonGenerator.java,1918,_outputBuffer[_outputTail++] = 'n';
S8574,UTF8JsonGenerator.java,1919,chunksBeforeLF = b64variant.getMaxLineLength() >> 2;
S8575,UTF8JsonGenerator.java,1924,"if (inputPtr < inputEnd) { // yes, but do we have room for output?"
S8576,UTF8JsonGenerator.java,1925,if (_outputTail > safeOutputEnd) { // don't really need 6 bytes but...
S8577,UTF8JsonGenerator.java,1928,int b24 = ((int) readBuffer[inputPtr++]) << 16;
S8578,UTF8JsonGenerator.java,1929,int amount = 1;
S8579,UTF8JsonGenerator.java,1930,if (inputPtr < inputEnd) {
S8580,UTF8JsonGenerator.java,1931,b24 |= (((int) readBuffer[inputPtr]) & 0xFF) << 8;
S8581,UTF8JsonGenerator.java,1932,amount = 2;
S8582,UTF8JsonGenerator.java,1934,bytesDone += amount;
S8583,UTF8JsonGenerator.java,1935,"_outputTail = b64variant.encodeBase64Partial(b24, amount, _outputBuffer, _outputTail);"
S8584,UTF8JsonGenerator.java,1937,return bytesDone;
S8585,UTF8JsonGenerator.java,1945,int i = 0;
S8586,UTF8JsonGenerator.java,1946,while (inputPtr < inputEnd) {
S8587,UTF8JsonGenerator.java,1947,readBuffer[i++]  = readBuffer[inputPtr++];
S8588,UTF8JsonGenerator.java,1949,inputPtr = 0;
S8589,UTF8JsonGenerator.java,1950,inputEnd = i;
S8590,UTF8JsonGenerator.java,1951,"maxRead = Math.min(maxRead, readBuffer.length);"
S8591,UTF8JsonGenerator.java,1954,int length = maxRead - inputEnd;
S8592,UTF8JsonGenerator.java,1955,if (length == 0) {
S8593,UTF8JsonGenerator.java,1956,break;
S8594,UTF8JsonGenerator.java,1958,"int count = in.read(readBuffer, inputEnd, length);"
S8595,UTF8JsonGenerator.java,1959,if (count < 0) {
S8596,UTF8JsonGenerator.java,1960,return inputEnd;
S8597,UTF8JsonGenerator.java,1962,inputEnd += count;
S8598,UTF8JsonGenerator.java,1963,} while (inputEnd < 3);
S8599,UTF8JsonGenerator.java,1964,return inputEnd;
S8600,UTF8JsonGenerator.java,1982,if (ch >= SURR1_FIRST) {
S8601,UTF8JsonGenerator.java,1983,"if (ch <= SURR2_LAST) { // yes, outside of BMP"
S8602,UTF8JsonGenerator.java,1985,if (inputOffset >= inputEnd || cbuf == null) { // nope... have to note down
S8603,UTF8JsonGenerator.java,1989,"_outputSurrogates(ch, cbuf[inputOffset]);"
S8604,UTF8JsonGenerator.java,1990,return inputOffset+1;
S8605,UTF8JsonGenerator.java,2002,"int c = _decodeSurrogate(surr1, surr2);"
S8606,UTF8JsonGenerator.java,2003,if ((_outputTail + 4) > _outputEnd) {
S8607,UTF8JsonGenerator.java,2006,final byte[] bbuf = _outputBuffer;
S8608,UTF8JsonGenerator.java,2007,bbuf[_outputTail++] = (byte) (0xf0 | (c >> 18));
S8609,UTF8JsonGenerator.java,2008,bbuf[_outputTail++] = (byte) (0x80 | ((c >> 12) & 0x3f));
S8610,UTF8JsonGenerator.java,2009,bbuf[_outputTail++] = (byte) (0x80 | ((c >> 6) & 0x3f));
S8611,UTF8JsonGenerator.java,2010,bbuf[_outputTail++] = (byte) (0x80 | (c & 0x3f));
S8612,UTF8JsonGenerator.java,2024,byte[] bbuf = _outputBuffer;
S8613,UTF8JsonGenerator.java,2025,"if (ch >= SURR1_FIRST && ch <= SURR2_LAST) { // yes, outside of BMP; add an escape"
S8614,UTF8JsonGenerator.java,2030,bbuf[outputPtr++] = BYTE_BACKSLASH;
S8615,UTF8JsonGenerator.java,2031,bbuf[outputPtr++] = BYTE_u;
S8616,UTF8JsonGenerator.java,2033,bbuf[outputPtr++] = HEX_CHARS[(ch >> 12) & 0xF];
S8617,UTF8JsonGenerator.java,2034,bbuf[outputPtr++] = HEX_CHARS[(ch >> 8) & 0xF];
S8618,UTF8JsonGenerator.java,2035,bbuf[outputPtr++] = HEX_CHARS[(ch >> 4) & 0xF];
S8619,UTF8JsonGenerator.java,2036,bbuf[outputPtr++] = HEX_CHARS[ch & 0xF];
S8620,UTF8JsonGenerator.java,2039,bbuf[outputPtr++] = (byte) (0xe0 | (ch >> 12));
S8621,UTF8JsonGenerator.java,2040,bbuf[outputPtr++] = (byte) (0x80 | ((ch >> 6) & 0x3f));
S8622,UTF8JsonGenerator.java,2041,bbuf[outputPtr++] = (byte) (0x80 | (ch & 0x3f));
S8623,UTF8JsonGenerator.java,2043,return outputPtr;
S8624,UTF8JsonGenerator.java,2048,if ((_outputTail + 4) >= _outputEnd) {
S8625,UTF8JsonGenerator.java,2051,"System.arraycopy(NULL_BYTES, 0, _outputBuffer, _outputTail, 4);"
S8626,UTF8JsonGenerator.java,2052,_outputTail += 4;
S8627,UTF8JsonGenerator.java,2062,final byte[] bbuf = _outputBuffer;
S8628,UTF8JsonGenerator.java,2063,bbuf[outputPtr++] = BYTE_BACKSLASH;
S8629,UTF8JsonGenerator.java,2064,bbuf[outputPtr++] = BYTE_u;
S8630,UTF8JsonGenerator.java,2065,if (charToEscape > 0xFF) {
S8631,UTF8JsonGenerator.java,2066,int hi = (charToEscape >> 8) & 0xFF;
S8632,UTF8JsonGenerator.java,2067,bbuf[outputPtr++] = HEX_CHARS[hi >> 4];
S8633,UTF8JsonGenerator.java,2068,bbuf[outputPtr++] = HEX_CHARS[hi & 0xF];
S8634,UTF8JsonGenerator.java,2069,charToEscape &= 0xFF;
S8635,UTF8JsonGenerator.java,2070,} else {
S8636,UTF8JsonGenerator.java,2071,bbuf[outputPtr++] = BYTE_0;
S8637,UTF8JsonGenerator.java,2072,bbuf[outputPtr++] = BYTE_0;
S8638,UTF8JsonGenerator.java,2075,bbuf[outputPtr++] = HEX_CHARS[charToEscape >> 4];
S8639,UTF8JsonGenerator.java,2076,bbuf[outputPtr++] = HEX_CHARS[charToEscape & 0xF];
S8640,UTF8JsonGenerator.java,2077,return outputPtr;
S8641,UTF8JsonGenerator.java,2082,int len = _outputTail;
S8642,UTF8JsonGenerator.java,2083,if (len > 0) {
S8643,UTF8JsonGenerator.java,2084,_outputTail = 0;
S8644,UTF8JsonGenerator.java,2085,"_outputStream.write(_outputBuffer, 0, len);"
S8645,UTF8StreamJsonParser.java,24,private final static int[] _icUTF8 = CharTypes.getInputCodeUtf8();
S8646,UTF8StreamJsonParser.java,28,protected final static int[] _icLatin1 = CharTypes.getInputCodeLatin1();
S8647,UTF8StreamJsonParser.java,30,protected final static int FEAT_MASK_TRAILING_COMMA = Feature.ALLOW_TRAILING_COMMA.getMask();
S8648,UTF8StreamJsonParser.java,59,protected int[] _quadBuffer = new int[16];
S8649,UTF8StreamJsonParser.java,134,"super(ctxt, features);"
S8650,UTF8StreamJsonParser.java,135,_inputStream = in;
S8651,UTF8StreamJsonParser.java,136,_objectCodec = codec;
S8652,UTF8StreamJsonParser.java,137,_symbols = sym;
S8653,UTF8StreamJsonParser.java,138,_inputBuffer = inputBuffer;
S8654,UTF8StreamJsonParser.java,139,_inputPtr = start;
S8655,UTF8StreamJsonParser.java,140,_inputEnd = end;
S8656,UTF8StreamJsonParser.java,141,_currInputRowStart = start;
S8657,UTF8StreamJsonParser.java,143,_currInputProcessed = -start;
S8658,UTF8StreamJsonParser.java,144,_bufferRecyclable = bufferRecyclable;
S8659,UTF8StreamJsonParser.java,149,return _objectCodec;
S8660,UTF8StreamJsonParser.java,166,int count = _inputEnd - _inputPtr;
S8661,UTF8StreamJsonParser.java,167,if (count < 1) {
S8662,UTF8StreamJsonParser.java,171,int origPtr = _inputPtr;
S8663,UTF8StreamJsonParser.java,172,"out.write(_inputBuffer, origPtr, count);"
S8664,UTF8StreamJsonParser.java,173,return count;
S8665,UTF8StreamJsonParser.java,189,final int bufSize = _inputEnd;
S8666,UTF8StreamJsonParser.java,191,_currInputProcessed += _inputEnd;
S8667,UTF8StreamJsonParser.java,192,_currInputRowStart -= _inputEnd;
S8668,UTF8StreamJsonParser.java,197,_nameStartOffset -= bufSize;
S8669,UTF8StreamJsonParser.java,199,if (_inputStream != null) {
S8670,UTF8StreamJsonParser.java,200,int space = _inputBuffer.length;
S8671,UTF8StreamJsonParser.java,201,if (space == 0) { // only occurs when we've been closed
S8672,UTF8StreamJsonParser.java,205,"int count = _inputStream.read(_inputBuffer, 0, space);"
S8673,UTF8StreamJsonParser.java,206,if (count > 0) {
S8674,UTF8StreamJsonParser.java,207,_inputPtr = 0;
S8675,UTF8StreamJsonParser.java,208,_inputEnd = count;
S8676,UTF8StreamJsonParser.java,209,return true;
S8677,UTF8StreamJsonParser.java,212,_closeInput();
S8678,UTF8StreamJsonParser.java,214,if (count == 0) {
S8679,UTF8StreamJsonParser.java,218,return false;
S8680,UTF8StreamJsonParser.java,226,if (_inputStream != null) {
S8681,UTF8StreamJsonParser.java,227,if (_ioContext.isResourceManaged() || isEnabled(Feature.AUTO_CLOSE_SOURCE)) {
S8682,UTF8StreamJsonParser.java,228,_inputStream.close();
S8683,UTF8StreamJsonParser.java,230,_inputStream = null;
S8684,UTF8StreamJsonParser.java,243,super._releaseBuffers();
S8685,UTF8StreamJsonParser.java,245,_symbols.release();
S8686,UTF8StreamJsonParser.java,246,if (_bufferRecyclable) {
S8687,UTF8StreamJsonParser.java,247,byte[] buf = _inputBuffer;
S8688,UTF8StreamJsonParser.java,248,if (buf != null) {
S8689,UTF8StreamJsonParser.java,251,_inputBuffer = NO_BYTES;
S8690,UTF8StreamJsonParser.java,252,_ioContext.releaseReadIOBuffer(buf);
S8691,UTF8StreamJsonParser.java,266,if (_currToken == JsonToken.VALUE_STRING) {
S8692,UTF8StreamJsonParser.java,267,if (_tokenIncomplete) {
S8693,UTF8StreamJsonParser.java,268,_tokenIncomplete = false;
S8694,UTF8StreamJsonParser.java,269,return _finishAndReturnString(); // only strings can be incomplete
S8695,UTF8StreamJsonParser.java,271,return _textBuffer.contentsAsString();
S8696,UTF8StreamJsonParser.java,273,return _getText2(_currToken);
S8697,UTF8StreamJsonParser.java,279,JsonToken t = _currToken;
S8698,UTF8StreamJsonParser.java,280,if (t == JsonToken.VALUE_STRING) {
S8699,UTF8StreamJsonParser.java,281,if (_tokenIncomplete) {
S8700,UTF8StreamJsonParser.java,282,_tokenIncomplete = false;
S8701,UTF8StreamJsonParser.java,283,_finishString(); // only strings can be incomplete
S8702,UTF8StreamJsonParser.java,285,return _textBuffer.contentsToWriter(writer);
S8703,UTF8StreamJsonParser.java,309,if (_currToken == JsonToken.VALUE_STRING) {
S8704,UTF8StreamJsonParser.java,310,if (_tokenIncomplete) {
S8705,UTF8StreamJsonParser.java,311,_tokenIncomplete = false;
S8706,UTF8StreamJsonParser.java,312,return _finishAndReturnString(); // only strings can be incomplete
S8707,UTF8StreamJsonParser.java,314,return _textBuffer.contentsAsString();
S8708,UTF8StreamJsonParser.java,316,if (_currToken == JsonToken.FIELD_NAME) {
S8709,UTF8StreamJsonParser.java,317,return getCurrentName();
S8710,UTF8StreamJsonParser.java,319,return super.getValueAsString(null);
S8711,UTF8StreamJsonParser.java,326,if (_currToken == JsonToken.VALUE_STRING) {
S8712,UTF8StreamJsonParser.java,327,if (_tokenIncomplete) {
S8713,UTF8StreamJsonParser.java,328,_tokenIncomplete = false;
S8714,UTF8StreamJsonParser.java,329,return _finishAndReturnString(); // only strings can be incomplete
S8715,UTF8StreamJsonParser.java,333,if (_currToken == JsonToken.FIELD_NAME) {
S8716,UTF8StreamJsonParser.java,334,return getCurrentName();
S8717,UTF8StreamJsonParser.java,336,return super.getValueAsString(defValue);
S8718,UTF8StreamJsonParser.java,343,JsonToken t = _currToken;
S8719,UTF8StreamJsonParser.java,344,if ((t == JsonToken.VALUE_NUMBER_INT) || (t == JsonToken.VALUE_NUMBER_FLOAT)) {
S8720,UTF8StreamJsonParser.java,346,if ((_numTypesValid & NR_INT) == 0) {
S8721,UTF8StreamJsonParser.java,354,return _numberInt;
S8722,UTF8StreamJsonParser.java,363,JsonToken t = _currToken;
S8723,UTF8StreamJsonParser.java,364,if ((t == JsonToken.VALUE_NUMBER_INT) || (t == JsonToken.VALUE_NUMBER_FLOAT)) {
S8724,UTF8StreamJsonParser.java,366,if ((_numTypesValid & NR_INT) == 0) {
S8725,UTF8StreamJsonParser.java,374,return _numberInt;
S8726,UTF8StreamJsonParser.java,381,if (t == null) {
S8727,UTF8StreamJsonParser.java,382,return null;
S8728,UTF8StreamJsonParser.java,384,switch (t.id()) {
S8729,UTF8StreamJsonParser.java,386,return _parsingContext.getCurrentName();
S8730,UTF8StreamJsonParser.java,392,return _textBuffer.contentsAsString();
S8731,UTF8StreamJsonParser.java,394,return t.asString();
S8732,UTF8StreamJsonParser.java,401,if (_currToken != null) { // null only before/after document
S8733,UTF8StreamJsonParser.java,402,switch (_currToken.id()) {
S8734,UTF8StreamJsonParser.java,405,if (!_nameCopied) {
S8735,UTF8StreamJsonParser.java,406,String name = _parsingContext.getCurrentName();
S8736,UTF8StreamJsonParser.java,407,int nameLen = name.length();
S8737,UTF8StreamJsonParser.java,408,if (_nameCopyBuffer == null) {
S8738,UTF8StreamJsonParser.java,409,_nameCopyBuffer = _ioContext.allocNameCopyBuffer(nameLen);
S8739,UTF8StreamJsonParser.java,413,"name.getChars(0, nameLen, _nameCopyBuffer, 0);"
S8740,UTF8StreamJsonParser.java,414,_nameCopied = true;
S8741,UTF8StreamJsonParser.java,416,return _nameCopyBuffer;
S8742,UTF8StreamJsonParser.java,419,if (_tokenIncomplete) {
S8743,UTF8StreamJsonParser.java,426,return _textBuffer.getTextBuffer();
S8744,UTF8StreamJsonParser.java,432,return null;
S8745,UTF8StreamJsonParser.java,438,if (_currToken != null) { // null only before/after document
S8746,UTF8StreamJsonParser.java,439,switch (_currToken.id()) {
S8747,UTF8StreamJsonParser.java,442,return _parsingContext.getCurrentName().length();
S8748,UTF8StreamJsonParser.java,444,if (_tokenIncomplete) {
S8749,UTF8StreamJsonParser.java,445,_tokenIncomplete = false;
S8750,UTF8StreamJsonParser.java,446,_finishString(); // only strings can be incomplete
S8751,UTF8StreamJsonParser.java,451,return _textBuffer.size();
S8752,UTF8StreamJsonParser.java,457,return 0;
S8753,UTF8StreamJsonParser.java,464,if (_currToken != null) {
S8754,UTF8StreamJsonParser.java,465,switch (_currToken.id()) {
S8755,UTF8StreamJsonParser.java,467,return 0;
S8756,UTF8StreamJsonParser.java,469,if (_tokenIncomplete) {
S8757,UTF8StreamJsonParser.java,476,return _textBuffer.getTextOffset();
S8758,UTF8StreamJsonParser.java,480,return 0;
S8759,UTF8StreamJsonParser.java,486,if (_currToken != JsonToken.VALUE_STRING &&
S8760,UTF8StreamJsonParser.java,488,"_reportError(""Current token (""+_currToken+"") not VALUE_STRING or VALUE_EMBEDDED_OBJECT, can not access as binary"");"
S8761,UTF8StreamJsonParser.java,491,if (_tokenIncomplete) {
S8762,UTF8StreamJsonParser.java,493,_binaryValue = _decodeBase64(b64variant);
S8763,UTF8StreamJsonParser.java,494,} catch (IllegalArgumentException iae) {
S8764,UTF8StreamJsonParser.java,495,"throw _constructError(""Failed to decode VALUE_STRING as base64 (""+b64variant+""): ""+iae.getMessage());"
S8765,UTF8StreamJsonParser.java,498,_tokenIncomplete = false;
S8766,UTF8StreamJsonParser.java,500,if (_binaryValue == null) {
S8767,UTF8StreamJsonParser.java,502,ByteArrayBuilder builder = _getByteArrayBuilder();
S8768,UTF8StreamJsonParser.java,503,"_decodeBase64(getText(), builder, b64variant);"
S8769,UTF8StreamJsonParser.java,507,return _binaryValue;
S8770,UTF8StreamJsonParser.java,514,if (!_tokenIncomplete || _currToken != JsonToken.VALUE_STRING) {
S8771,UTF8StreamJsonParser.java,520,byte[] buf = _ioContext.allocBase64Buffer();
S8772,UTF8StreamJsonParser.java,522,"return _readBinary(b64variant, out, buf);"
S8773,UTF8StreamJsonParser.java,524,_ioContext.releaseBase64Buffer(buf);
S8774,UTF8StreamJsonParser.java,531,int outputPtr = 0;
S8775,UTF8StreamJsonParser.java,532,final int outputEnd = buffer.length - 3;
S8776,UTF8StreamJsonParser.java,533,int outputCount = 0;
S8777,UTF8StreamJsonParser.java,539,if (_inputPtr >= _inputEnd) {
S8778,UTF8StreamJsonParser.java,540,_loadMoreGuaranteed();
S8779,UTF8StreamJsonParser.java,542,ch = (int) _inputBuffer[_inputPtr++] & 0xFF;
S8780,UTF8StreamJsonParser.java,543,} while (ch <= INT_SPACE);
S8781,UTF8StreamJsonParser.java,544,int bits = b64variant.decodeBase64Char(ch);
S8782,UTF8StreamJsonParser.java,545,"if (bits < 0) { // reached the end, fair and square?"
S8783,UTF8StreamJsonParser.java,546,if (ch == INT_QUOTE) {
S8784,UTF8StreamJsonParser.java,547,break;
S8785,UTF8StreamJsonParser.java,556,if (outputPtr > outputEnd) {
S8786,UTF8StreamJsonParser.java,557,outputCount += outputPtr;
S8787,UTF8StreamJsonParser.java,558,"out.write(buffer, 0, outputPtr);"
S8788,UTF8StreamJsonParser.java,559,outputPtr = 0;
S8789,UTF8StreamJsonParser.java,562,int decodedData = bits;
S8790,UTF8StreamJsonParser.java,566,if (_inputPtr >= _inputEnd) {
S8791,UTF8StreamJsonParser.java,567,_loadMoreGuaranteed();
S8792,UTF8StreamJsonParser.java,569,ch = _inputBuffer[_inputPtr++] & 0xFF;
S8793,UTF8StreamJsonParser.java,570,bits = b64variant.decodeBase64Char(ch);
S8794,UTF8StreamJsonParser.java,571,if (bits < 0) {
S8795,UTF8StreamJsonParser.java,574,decodedData = (decodedData << 6) | bits;
S8796,UTF8StreamJsonParser.java,577,if (_inputPtr >= _inputEnd) {
S8797,UTF8StreamJsonParser.java,578,_loadMoreGuaranteed();
S8798,UTF8StreamJsonParser.java,580,ch = _inputBuffer[_inputPtr++] & 0xFF;
S8799,UTF8StreamJsonParser.java,581,bits = b64variant.decodeBase64Char(ch);
S8800,UTF8StreamJsonParser.java,584,if (bits < 0) {
S8801,UTF8StreamJsonParser.java,585,if (bits != Base64Variant.BASE64_VALUE_PADDING) {
S8802,UTF8StreamJsonParser.java,587,if (ch == INT_QUOTE) {
S8803,UTF8StreamJsonParser.java,596,"bits = _decodeBase64Escape(b64variant, ch, 2);"
S8804,UTF8StreamJsonParser.java,598,if (bits == Base64Variant.BASE64_VALUE_PADDING) {
S8805,UTF8StreamJsonParser.java,600,if (_inputPtr >= _inputEnd) {
S8806,UTF8StreamJsonParser.java,601,_loadMoreGuaranteed();
S8807,UTF8StreamJsonParser.java,603,ch = _inputBuffer[_inputPtr++] & 0xFF;
S8808,UTF8StreamJsonParser.java,604,if (!b64variant.usesPaddingChar(ch)) {
S8809,UTF8StreamJsonParser.java,605,"if (_decodeBase64Escape(b64variant, ch, 3) != Base64Variant.BASE64_VALUE_PADDING) {"
S8810,UTF8StreamJsonParser.java,610,decodedData >>= 4;
S8811,UTF8StreamJsonParser.java,611,buffer[outputPtr++] = (byte) decodedData;
S8812,UTF8StreamJsonParser.java,612,continue;
S8813,UTF8StreamJsonParser.java,616,decodedData = (decodedData << 6) | bits;
S8814,UTF8StreamJsonParser.java,618,if (_inputPtr >= _inputEnd) {
S8815,UTF8StreamJsonParser.java,619,_loadMoreGuaranteed();
S8816,UTF8StreamJsonParser.java,621,ch = _inputBuffer[_inputPtr++] & 0xFF;
S8817,UTF8StreamJsonParser.java,622,bits = b64variant.decodeBase64Char(ch);
S8818,UTF8StreamJsonParser.java,623,if (bits < 0) {
S8819,UTF8StreamJsonParser.java,624,if (bits != Base64Variant.BASE64_VALUE_PADDING) {
S8820,UTF8StreamJsonParser.java,626,if (ch == INT_QUOTE) {
S8821,UTF8StreamJsonParser.java,636,"bits = _decodeBase64Escape(b64variant, ch, 3);"
S8822,UTF8StreamJsonParser.java,638,if (bits == Base64Variant.BASE64_VALUE_PADDING) {
S8823,UTF8StreamJsonParser.java,645,decodedData >>= 2;
S8824,UTF8StreamJsonParser.java,646,buffer[outputPtr++] = (byte) (decodedData >> 8);
S8825,UTF8StreamJsonParser.java,647,buffer[outputPtr++] = (byte) decodedData;
S8826,UTF8StreamJsonParser.java,648,continue;
S8827,UTF8StreamJsonParser.java,652,decodedData = (decodedData << 6) | bits;
S8828,UTF8StreamJsonParser.java,653,buffer[outputPtr++] = (byte) (decodedData >> 16);
S8829,UTF8StreamJsonParser.java,654,buffer[outputPtr++] = (byte) (decodedData >> 8);
S8830,UTF8StreamJsonParser.java,655,buffer[outputPtr++] = (byte) decodedData;
S8831,UTF8StreamJsonParser.java,657,_tokenIncomplete = false;
S8832,UTF8StreamJsonParser.java,658,if (outputPtr > 0) {
S8833,UTF8StreamJsonParser.java,659,outputCount += outputPtr;
S8834,UTF8StreamJsonParser.java,660,"out.write(buffer, 0, outputPtr);"
S8835,UTF8StreamJsonParser.java,662,return outputCount;
S8836,UTF8StreamJsonParser.java,682,if (_currToken == JsonToken.FIELD_NAME) {
S8837,UTF8StreamJsonParser.java,683,return _nextAfterName();
S8838,UTF8StreamJsonParser.java,687,_numTypesValid = NR_UNKNOWN;
S8839,UTF8StreamJsonParser.java,688,if (_tokenIncomplete) {
S8840,UTF8StreamJsonParser.java,689,_skipString(); // only strings can be partial
S8841,UTF8StreamJsonParser.java,691,int i = _skipWSOrEnd();
S8842,UTF8StreamJsonParser.java,692,if (i < 0) { // end-of-input
S8843,UTF8StreamJsonParser.java,694,close();
S8844,UTF8StreamJsonParser.java,695,return (_currToken = null);
S8845,UTF8StreamJsonParser.java,698,_binaryValue = null;
S8846,UTF8StreamJsonParser.java,701,if (i == INT_RBRACKET) {
S8847,UTF8StreamJsonParser.java,702,_closeArrayScope();
S8848,UTF8StreamJsonParser.java,703,return (_currToken = JsonToken.END_ARRAY);
S8849,UTF8StreamJsonParser.java,705,if (i == INT_RCURLY) {
S8850,UTF8StreamJsonParser.java,706,_closeObjectScope();
S8851,UTF8StreamJsonParser.java,707,return (_currToken = JsonToken.END_OBJECT);
S8852,UTF8StreamJsonParser.java,711,if (_parsingContext.expectComma()) {
S8853,UTF8StreamJsonParser.java,712,if (i != INT_COMMA) {
S8854,UTF8StreamJsonParser.java,715,i = _skipWS();
S8855,UTF8StreamJsonParser.java,717,if ((_features & FEAT_MASK_TRAILING_COMMA) != 0) {
S8856,UTF8StreamJsonParser.java,727,if (!_parsingContext.inObject()) {
S8857,UTF8StreamJsonParser.java,728,_updateLocation();
S8858,UTF8StreamJsonParser.java,729,return _nextTokenNotInObject(i);
S8859,UTF8StreamJsonParser.java,732,_updateNameLocation();
S8860,UTF8StreamJsonParser.java,733,String n = _parseName(i);
S8861,UTF8StreamJsonParser.java,734,_parsingContext.setCurrentName(n);
S8862,UTF8StreamJsonParser.java,735,_currToken = JsonToken.FIELD_NAME;
S8863,UTF8StreamJsonParser.java,737,i = _skipColon();
S8864,UTF8StreamJsonParser.java,738,_updateLocation();
S8865,UTF8StreamJsonParser.java,741,if (i == INT_QUOTE) {
S8866,UTF8StreamJsonParser.java,742,_tokenIncomplete = true;
S8867,UTF8StreamJsonParser.java,743,_nextToken = JsonToken.VALUE_STRING;
S8868,UTF8StreamJsonParser.java,744,return _currToken;
S8869,UTF8StreamJsonParser.java,748,switch (i) {
S8870,UTF8StreamJsonParser.java,750,t = _parseNegNumber();
S8871,UTF8StreamJsonParser.java,751,break;
S8872,UTF8StreamJsonParser.java,765,t = _parsePosNumber(i);
S8873,UTF8StreamJsonParser.java,766,break;
S8874,UTF8StreamJsonParser.java,768,_matchFalse();
S8875,UTF8StreamJsonParser.java,769,t = JsonToken.VALUE_FALSE;
S8876,UTF8StreamJsonParser.java,770,break;
S8877,UTF8StreamJsonParser.java,772,_matchNull();
S8878,UTF8StreamJsonParser.java,773,t = JsonToken.VALUE_NULL;
S8879,UTF8StreamJsonParser.java,774,break;
S8880,UTF8StreamJsonParser.java,776,_matchTrue();
S8881,UTF8StreamJsonParser.java,777,t = JsonToken.VALUE_TRUE;
S8882,UTF8StreamJsonParser.java,778,break;
S8883,UTF8StreamJsonParser.java,780,t = JsonToken.START_ARRAY;
S8884,UTF8StreamJsonParser.java,781,break;
S8885,UTF8StreamJsonParser.java,783,t = JsonToken.START_OBJECT;
S8886,UTF8StreamJsonParser.java,784,break;
S8887,UTF8StreamJsonParser.java,787,t = _handleUnexpectedValue(i);
S8888,UTF8StreamJsonParser.java,789,_nextToken = t;
S8889,UTF8StreamJsonParser.java,790,return _currToken;
S8890,UTF8StreamJsonParser.java,795,if (i == INT_QUOTE) {
S8891,UTF8StreamJsonParser.java,796,_tokenIncomplete = true;
S8892,UTF8StreamJsonParser.java,797,return (_currToken = JsonToken.VALUE_STRING);
S8893,UTF8StreamJsonParser.java,799,switch (i) {
S8894,UTF8StreamJsonParser.java,801,"_parsingContext = _parsingContext.createChildArrayContext(_tokenInputRow, _tokenInputCol);"
S8895,UTF8StreamJsonParser.java,802,return (_currToken = JsonToken.START_ARRAY);
S8896,UTF8StreamJsonParser.java,804,"_parsingContext = _parsingContext.createChildObjectContext(_tokenInputRow, _tokenInputCol);"
S8897,UTF8StreamJsonParser.java,805,return (_currToken = JsonToken.START_OBJECT);
S8898,UTF8StreamJsonParser.java,807,_matchTrue();
S8899,UTF8StreamJsonParser.java,808,return (_currToken = JsonToken.VALUE_TRUE);
S8900,UTF8StreamJsonParser.java,810,_matchFalse();
S8901,UTF8StreamJsonParser.java,811,return (_currToken = JsonToken.VALUE_FALSE);
S8902,UTF8StreamJsonParser.java,813,_matchNull();
S8903,UTF8StreamJsonParser.java,814,return (_currToken = JsonToken.VALUE_NULL);
S8904,UTF8StreamJsonParser.java,816,return (_currToken = _parseNegNumber());
S8905,UTF8StreamJsonParser.java,830,return (_currToken = _parsePosNumber(i));
S8906,UTF8StreamJsonParser.java,832,return (_currToken = _handleUnexpectedValue(i));
S8907,UTF8StreamJsonParser.java,837,_nameCopied = false; // need to invalidate if it was copied
S8908,UTF8StreamJsonParser.java,838,JsonToken t = _nextToken;
S8909,UTF8StreamJsonParser.java,839,_nextToken = null;
S8910,UTF8StreamJsonParser.java,844,if (t == JsonToken.START_ARRAY) {
S8911,UTF8StreamJsonParser.java,845,"_parsingContext = _parsingContext.createChildArrayContext(_tokenInputRow, _tokenInputCol);"
S8912,UTF8StreamJsonParser.java,846,} else if (t == JsonToken.START_OBJECT) {
S8913,UTF8StreamJsonParser.java,847,"_parsingContext = _parsingContext.createChildObjectContext(_tokenInputRow, _tokenInputCol);"
S8914,UTF8StreamJsonParser.java,849,return (_currToken = t);
S8915,UTF8StreamJsonParser.java,870,_numTypesValid = NR_UNKNOWN;
S8916,UTF8StreamJsonParser.java,871,if (_currToken == JsonToken.FIELD_NAME) { // can't have name right after name
S8917,UTF8StreamJsonParser.java,872,_nextAfterName();
S8918,UTF8StreamJsonParser.java,873,return false;
S8919,UTF8StreamJsonParser.java,875,if (_tokenIncomplete) {
S8920,UTF8StreamJsonParser.java,876,_skipString();
S8921,UTF8StreamJsonParser.java,878,int i = _skipWSOrEnd();
S8922,UTF8StreamJsonParser.java,879,if (i < 0) { // end-of-input
S8923,UTF8StreamJsonParser.java,880,close();
S8924,UTF8StreamJsonParser.java,881,_currToken = null;
S8925,UTF8StreamJsonParser.java,882,return false;
S8926,UTF8StreamJsonParser.java,884,_binaryValue = null;
S8927,UTF8StreamJsonParser.java,887,if (i == INT_RBRACKET) {
S8928,UTF8StreamJsonParser.java,892,if (i == INT_RCURLY) {
S8929,UTF8StreamJsonParser.java,893,_closeObjectScope();
S8930,UTF8StreamJsonParser.java,894,_currToken = JsonToken.END_OBJECT;
S8931,UTF8StreamJsonParser.java,895,return false;
S8932,UTF8StreamJsonParser.java,899,if (_parsingContext.expectComma()) {
S8933,UTF8StreamJsonParser.java,900,if (i != INT_COMMA) {
S8934,UTF8StreamJsonParser.java,903,i = _skipWS();
S8935,UTF8StreamJsonParser.java,906,if ((_features & FEAT_MASK_TRAILING_COMMA) != 0) {
S8936,UTF8StreamJsonParser.java,913,if (!_parsingContext.inObject()) {
S8937,UTF8StreamJsonParser.java,914,_updateLocation();
S8938,UTF8StreamJsonParser.java,915,_nextTokenNotInObject(i);
S8939,UTF8StreamJsonParser.java,916,return false;
S8940,UTF8StreamJsonParser.java,920,_updateNameLocation();
S8941,UTF8StreamJsonParser.java,921,if (i == INT_QUOTE) {
S8942,UTF8StreamJsonParser.java,923,byte[] nameBytes = str.asQuotedUTF8();
S8943,UTF8StreamJsonParser.java,924,final int len = nameBytes.length;
S8944,UTF8StreamJsonParser.java,927,if ((_inputPtr + len + 4) < _inputEnd) { // maybe...
S8945,UTF8StreamJsonParser.java,929,final int end = _inputPtr+len;
S8946,UTF8StreamJsonParser.java,930,if (_inputBuffer[end] == INT_QUOTE) {
S8947,UTF8StreamJsonParser.java,931,int offset = 0;
S8948,UTF8StreamJsonParser.java,932,int ptr = _inputPtr;
S8949,UTF8StreamJsonParser.java,934,"if (ptr == end) { // yes, match!"
S8950,UTF8StreamJsonParser.java,935,_parsingContext.setCurrentName(str.getValue());
S8951,UTF8StreamJsonParser.java,936,i = _skipColonFast(ptr+1);
S8952,UTF8StreamJsonParser.java,937,_isNextTokenNameYes(i);
S8953,UTF8StreamJsonParser.java,938,return true;
S8954,UTF8StreamJsonParser.java,940,if (nameBytes[offset] != _inputBuffer[ptr]) {
S8955,UTF8StreamJsonParser.java,943,++offset;
S8956,UTF8StreamJsonParser.java,944,++ptr;
S8957,UTF8StreamJsonParser.java,949,"return _isNextTokenNameMaybe(i, str);"
S8958,UTF8StreamJsonParser.java,956,_numTypesValid = NR_UNKNOWN;
S8959,UTF8StreamJsonParser.java,957,if (_currToken == JsonToken.FIELD_NAME) {
S8960,UTF8StreamJsonParser.java,958,_nextAfterName();
S8961,UTF8StreamJsonParser.java,959,return null;
S8962,UTF8StreamJsonParser.java,961,if (_tokenIncomplete) {
S8963,UTF8StreamJsonParser.java,962,_skipString();
S8964,UTF8StreamJsonParser.java,964,int i = _skipWSOrEnd();
S8965,UTF8StreamJsonParser.java,965,if (i < 0) {
S8966,UTF8StreamJsonParser.java,966,close();
S8967,UTF8StreamJsonParser.java,967,_currToken = null;
S8968,UTF8StreamJsonParser.java,968,return null;
S8969,UTF8StreamJsonParser.java,970,_binaryValue = null;
S8970,UTF8StreamJsonParser.java,972,if (i == INT_RBRACKET) {
S8971,UTF8StreamJsonParser.java,977,if (i == INT_RCURLY) {
S8972,UTF8StreamJsonParser.java,978,_closeObjectScope();
S8973,UTF8StreamJsonParser.java,979,_currToken = JsonToken.END_OBJECT;
S8974,UTF8StreamJsonParser.java,980,return null;
S8975,UTF8StreamJsonParser.java,984,if (_parsingContext.expectComma()) {
S8976,UTF8StreamJsonParser.java,985,if (i != INT_COMMA) {
S8977,UTF8StreamJsonParser.java,988,i = _skipWS();
S8978,UTF8StreamJsonParser.java,990,if ((_features & FEAT_MASK_TRAILING_COMMA) != 0) {
S8979,UTF8StreamJsonParser.java,998,if (!_parsingContext.inObject()) {
S8980,UTF8StreamJsonParser.java,999,_updateLocation();
S8981,UTF8StreamJsonParser.java,1000,_nextTokenNotInObject(i);
S8982,UTF8StreamJsonParser.java,1001,return null;
S8983,UTF8StreamJsonParser.java,1004,_updateNameLocation();
S8984,UTF8StreamJsonParser.java,1005,final String nameStr = _parseName(i);
S8985,UTF8StreamJsonParser.java,1006,_parsingContext.setCurrentName(nameStr);
S8986,UTF8StreamJsonParser.java,1007,_currToken = JsonToken.FIELD_NAME;
S8987,UTF8StreamJsonParser.java,1009,i = _skipColon();
S8988,UTF8StreamJsonParser.java,1010,_updateLocation();
S8989,UTF8StreamJsonParser.java,1011,if (i == INT_QUOTE) {
S8990,UTF8StreamJsonParser.java,1012,_tokenIncomplete = true;
S8991,UTF8StreamJsonParser.java,1013,_nextToken = JsonToken.VALUE_STRING;
S8992,UTF8StreamJsonParser.java,1014,return nameStr;
S8993,UTF8StreamJsonParser.java,1017,switch (i) {
S8994,UTF8StreamJsonParser.java,1031,t = _parsePosNumber(i);
S8995,UTF8StreamJsonParser.java,1032,break;
S8996,UTF8StreamJsonParser.java,1046,t = JsonToken.START_ARRAY;
S8997,UTF8StreamJsonParser.java,1047,break;
S8998,UTF8StreamJsonParser.java,1049,t = JsonToken.START_OBJECT;
S8999,UTF8StreamJsonParser.java,1050,break;
S9000,UTF8StreamJsonParser.java,1055,_nextToken = t;
S9001,UTF8StreamJsonParser.java,1056,return nameStr;
S9002,UTF8StreamJsonParser.java,1062,int i = _inputBuffer[ptr++];
S9003,UTF8StreamJsonParser.java,1063,"if (i == INT_COLON) { // common case, no leading space"
S9004,UTF8StreamJsonParser.java,1064,i = _inputBuffer[ptr++];
S9005,UTF8StreamJsonParser.java,1065,if (i > INT_SPACE) { // nor trailing
S9006,UTF8StreamJsonParser.java,1066,if (i != INT_SLASH && i != INT_HASH) {
S9007,UTF8StreamJsonParser.java,1067,_inputPtr = ptr;
S9008,UTF8StreamJsonParser.java,1068,return i;
S9009,UTF8StreamJsonParser.java,1070,} else if (i == INT_SPACE || i == INT_TAB) {
S9010,UTF8StreamJsonParser.java,1071,i = (int) _inputBuffer[ptr++];
S9011,UTF8StreamJsonParser.java,1072,if (i > INT_SPACE) {
S9012,UTF8StreamJsonParser.java,1073,if (i != INT_SLASH && i != INT_HASH) {
S9013,UTF8StreamJsonParser.java,1074,_inputPtr = ptr;
S9014,UTF8StreamJsonParser.java,1075,return i;
S9015,UTF8StreamJsonParser.java,1082,if (i == INT_SPACE || i == INT_TAB) {
S9016,UTF8StreamJsonParser.java,1083,i = _inputBuffer[ptr++];
S9017,UTF8StreamJsonParser.java,1085,if (i == INT_COLON) {
S9018,UTF8StreamJsonParser.java,1086,i = _inputBuffer[ptr++];
S9019,UTF8StreamJsonParser.java,1087,if (i > INT_SPACE) {
S9020,UTF8StreamJsonParser.java,1088,if (i != INT_SLASH && i != INT_HASH) {
S9021,UTF8StreamJsonParser.java,1089,_inputPtr = ptr;
S9022,UTF8StreamJsonParser.java,1090,return i;
S9023,UTF8StreamJsonParser.java,1092,} else if (i == INT_SPACE || i == INT_TAB) {
S9024,UTF8StreamJsonParser.java,1093,i = (int) _inputBuffer[ptr++];
S9025,UTF8StreamJsonParser.java,1094,if (i > INT_SPACE) {
S9026,UTF8StreamJsonParser.java,1101,_inputPtr = ptr-1;
S9027,UTF8StreamJsonParser.java,1102,return _skipColon2(true);
S9028,UTF8StreamJsonParser.java,1110,_currToken = JsonToken.FIELD_NAME;
S9029,UTF8StreamJsonParser.java,1111,_updateLocation();
S9030,UTF8StreamJsonParser.java,1113,switch (i) {
S9031,UTF8StreamJsonParser.java,1115,_tokenIncomplete = true;
S9032,UTF8StreamJsonParser.java,1116,_nextToken = JsonToken.VALUE_STRING;
S9033,UTF8StreamJsonParser.java,1117,return;
S9034,UTF8StreamJsonParser.java,1119,_nextToken = JsonToken.START_ARRAY;
S9035,UTF8StreamJsonParser.java,1120,return;
S9036,UTF8StreamJsonParser.java,1137,_nextToken = _parseNegNumber();
S9037,UTF8StreamJsonParser.java,1138,return;
S9038,UTF8StreamJsonParser.java,1149,_nextToken = _parsePosNumber(i);
S9039,UTF8StreamJsonParser.java,1150,return;
S9040,UTF8StreamJsonParser.java,1159,String n = _parseName(i);
S9041,UTF8StreamJsonParser.java,1160,_parsingContext.setCurrentName(n);
S9042,UTF8StreamJsonParser.java,1161,final boolean match = n.equals(str.getValue());
S9043,UTF8StreamJsonParser.java,1162,_currToken = JsonToken.FIELD_NAME;
S9044,UTF8StreamJsonParser.java,1163,i = _skipColon();
S9045,UTF8StreamJsonParser.java,1164,_updateLocation();
S9046,UTF8StreamJsonParser.java,1167,if (i == INT_QUOTE) {
S9047,UTF8StreamJsonParser.java,1168,_tokenIncomplete = true;
S9048,UTF8StreamJsonParser.java,1169,_nextToken = JsonToken.VALUE_STRING;
S9049,UTF8StreamJsonParser.java,1170,return match;
S9050,UTF8StreamJsonParser.java,1174,switch (i) {
S9051,UTF8StreamJsonParser.java,1176,t = JsonToken.START_ARRAY;
S9052,UTF8StreamJsonParser.java,1177,break;
S9053,UTF8StreamJsonParser.java,1194,t = _parseNegNumber();
S9054,UTF8StreamJsonParser.java,1195,break;
S9055,UTF8StreamJsonParser.java,1206,t = _parsePosNumber(i);
S9056,UTF8StreamJsonParser.java,1207,break;
S9057,UTF8StreamJsonParser.java,1211,_nextToken = t;
S9058,UTF8StreamJsonParser.java,1212,return match;
S9059,UTF8StreamJsonParser.java,1219,if (_currToken == JsonToken.FIELD_NAME) { // mostly copied from '_nextAfterName'
S9060,UTF8StreamJsonParser.java,1220,_nameCopied = false;
S9061,UTF8StreamJsonParser.java,1221,JsonToken t = _nextToken;
S9062,UTF8StreamJsonParser.java,1222,_nextToken = null;
S9063,UTF8StreamJsonParser.java,1223,_currToken = t;
S9064,UTF8StreamJsonParser.java,1224,if (t == JsonToken.VALUE_STRING) {
S9065,UTF8StreamJsonParser.java,1225,if (_tokenIncomplete) {
S9066,UTF8StreamJsonParser.java,1226,_tokenIncomplete = false;
S9067,UTF8StreamJsonParser.java,1227,return _finishAndReturnString();
S9068,UTF8StreamJsonParser.java,1231,if (t == JsonToken.START_ARRAY) {
S9069,UTF8StreamJsonParser.java,1232,"_parsingContext = _parsingContext.createChildArrayContext(_tokenInputRow, _tokenInputCol);"
S9070,UTF8StreamJsonParser.java,1236,return null;
S9071,UTF8StreamJsonParser.java,1239,return (nextToken() == JsonToken.VALUE_STRING) ? getText() : null;
S9072,UTF8StreamJsonParser.java,1246,if (_currToken == JsonToken.FIELD_NAME) { // mostly copied from '_nextAfterName'
S9073,UTF8StreamJsonParser.java,1247,_nameCopied = false;
S9074,UTF8StreamJsonParser.java,1248,JsonToken t = _nextToken;
S9075,UTF8StreamJsonParser.java,1249,_nextToken = null;
S9076,UTF8StreamJsonParser.java,1250,_currToken = t;
S9077,UTF8StreamJsonParser.java,1251,if (t == JsonToken.VALUE_NUMBER_INT) {
S9078,UTF8StreamJsonParser.java,1252,return getIntValue();
S9079,UTF8StreamJsonParser.java,1254,if (t == JsonToken.START_ARRAY) {
S9080,UTF8StreamJsonParser.java,1255,"_parsingContext = _parsingContext.createChildArrayContext(_tokenInputRow, _tokenInputCol);"
S9081,UTF8StreamJsonParser.java,1256,} else if (t == JsonToken.START_OBJECT) {
S9082,UTF8StreamJsonParser.java,1259,return defaultValue;
S9083,UTF8StreamJsonParser.java,1262,return (nextToken() == JsonToken.VALUE_NUMBER_INT) ? getIntValue() : defaultValue;
S9084,UTF8StreamJsonParser.java,1269,if (_currToken == JsonToken.FIELD_NAME) { // mostly copied from '_nextAfterName'
S9085,UTF8StreamJsonParser.java,1270,_nameCopied = false;
S9086,UTF8StreamJsonParser.java,1271,JsonToken t = _nextToken;
S9087,UTF8StreamJsonParser.java,1272,_nextToken = null;
S9088,UTF8StreamJsonParser.java,1273,_currToken = t;
S9089,UTF8StreamJsonParser.java,1274,if (t == JsonToken.VALUE_NUMBER_INT) {
S9090,UTF8StreamJsonParser.java,1275,return getLongValue();
S9091,UTF8StreamJsonParser.java,1277,if (t == JsonToken.START_ARRAY) {
S9092,UTF8StreamJsonParser.java,1278,"_parsingContext = _parsingContext.createChildArrayContext(_tokenInputRow, _tokenInputCol);"
S9093,UTF8StreamJsonParser.java,1279,} else if (t == JsonToken.START_OBJECT) {
S9094,UTF8StreamJsonParser.java,1282,return defaultValue;
S9095,UTF8StreamJsonParser.java,1285,return (nextToken() == JsonToken.VALUE_NUMBER_INT) ? getLongValue() : defaultValue;
S9096,UTF8StreamJsonParser.java,1292,if (_currToken == JsonToken.FIELD_NAME) { // mostly copied from '_nextAfterName'
S9097,UTF8StreamJsonParser.java,1293,_nameCopied = false;
S9098,UTF8StreamJsonParser.java,1294,JsonToken t = _nextToken;
S9099,UTF8StreamJsonParser.java,1295,_nextToken = null;
S9100,UTF8StreamJsonParser.java,1296,_currToken = t;
S9101,UTF8StreamJsonParser.java,1297,if (t == JsonToken.VALUE_TRUE) {
S9102,UTF8StreamJsonParser.java,1298,return Boolean.TRUE;
S9103,UTF8StreamJsonParser.java,1300,if (t == JsonToken.VALUE_FALSE) {
S9104,UTF8StreamJsonParser.java,1303,if (t == JsonToken.START_ARRAY) {
S9105,UTF8StreamJsonParser.java,1304,"_parsingContext = _parsingContext.createChildArrayContext(_tokenInputRow, _tokenInputCol);"
S9106,UTF8StreamJsonParser.java,1305,} else if (t == JsonToken.START_OBJECT) {
S9107,UTF8StreamJsonParser.java,1308,return null;
S9108,UTF8StreamJsonParser.java,1311,JsonToken t = nextToken();
S9109,UTF8StreamJsonParser.java,1312,if (t == JsonToken.VALUE_TRUE) {
S9110,UTF8StreamJsonParser.java,1315,if (t == JsonToken.VALUE_FALSE) {
S9111,UTF8StreamJsonParser.java,1316,return Boolean.FALSE;
S9112,UTF8StreamJsonParser.java,1318,return null;
S9113,UTF8StreamJsonParser.java,1344,char[] outBuf = _textBuffer.emptyAndGetCurrentSegment();
S9114,UTF8StreamJsonParser.java,1346,if (c == INT_0) {
S9115,UTF8StreamJsonParser.java,1347,c = _verifyNoLeadingZeroes();
S9116,UTF8StreamJsonParser.java,1350,outBuf[0] = (char) c;
S9117,UTF8StreamJsonParser.java,1351,int intLen = 1;
S9118,UTF8StreamJsonParser.java,1352,int outPtr = 1;
S9119,UTF8StreamJsonParser.java,1355,"final int end = Math.min(_inputEnd, _inputPtr + outBuf.length - 1); // 1 == outPtr"
S9120,UTF8StreamJsonParser.java,1358,"if (_inputPtr >= end) { // split across boundary, offline"
S9121,UTF8StreamJsonParser.java,1359,"return _parseNumber2(outBuf, outPtr, false, intLen);"
S9122,UTF8StreamJsonParser.java,1361,c = (int) _inputBuffer[_inputPtr++] & 0xFF;
S9123,UTF8StreamJsonParser.java,1362,if (c < INT_0 || c > INT_9) {
S9124,UTF8StreamJsonParser.java,1363,break;
S9125,UTF8StreamJsonParser.java,1365,++intLen;
S9126,UTF8StreamJsonParser.java,1366,outBuf[outPtr++] = (char) c;
S9127,UTF8StreamJsonParser.java,1368,if (c == INT_PERIOD || c == INT_e || c == INT_E) {
S9128,UTF8StreamJsonParser.java,1369,"return _parseFloat(outBuf, outPtr, c, false, intLen);"
S9129,UTF8StreamJsonParser.java,1371,--_inputPtr; // to push back trailing char (comma etc)
S9130,UTF8StreamJsonParser.java,1372,_textBuffer.setCurrentLength(outPtr);
S9131,UTF8StreamJsonParser.java,1374,if (_parsingContext.inRoot()) {
S9132,UTF8StreamJsonParser.java,1375,_verifyRootSpace(c);
S9133,UTF8StreamJsonParser.java,1378,"return resetInt(false, intLen);"
S9134,UTF8StreamJsonParser.java,1383,char[] outBuf = _textBuffer.emptyAndGetCurrentSegment();
S9135,UTF8StreamJsonParser.java,1384,int outPtr = 0;
S9136,UTF8StreamJsonParser.java,1387,outBuf[outPtr++] = '-';
S9137,UTF8StreamJsonParser.java,1389,if (_inputPtr >= _inputEnd) {
S9138,UTF8StreamJsonParser.java,1390,_loadMoreGuaranteed();
S9139,UTF8StreamJsonParser.java,1392,int c = (int) _inputBuffer[_inputPtr++] & 0xFF;
S9140,UTF8StreamJsonParser.java,1394,if (c <= INT_0) {
S9141,UTF8StreamJsonParser.java,1396,if (c != INT_0) {
S9142,UTF8StreamJsonParser.java,1399,c = _verifyNoLeadingZeroes();
S9143,UTF8StreamJsonParser.java,1400,} else if (c > INT_9) {
S9144,UTF8StreamJsonParser.java,1401,"return _handleInvalidNumberStart(c, true);"
S9145,UTF8StreamJsonParser.java,1405,outBuf[outPtr++] = (char) c;
S9146,UTF8StreamJsonParser.java,1406,int intLen = 1;
S9147,UTF8StreamJsonParser.java,1410,"final int end = Math.min(_inputEnd, _inputPtr + outBuf.length - outPtr);"
S9148,UTF8StreamJsonParser.java,1413,if (_inputPtr >= end) {
S9149,UTF8StreamJsonParser.java,1415,"return _parseNumber2(outBuf, outPtr, true, intLen);"
S9150,UTF8StreamJsonParser.java,1417,c = (int) _inputBuffer[_inputPtr++] & 0xFF;
S9151,UTF8StreamJsonParser.java,1418,if (c < INT_0 || c > INT_9) {
S9152,UTF8StreamJsonParser.java,1419,break;
S9153,UTF8StreamJsonParser.java,1421,++intLen;
S9154,UTF8StreamJsonParser.java,1422,outBuf[outPtr++] = (char) c;
S9155,UTF8StreamJsonParser.java,1424,if (c == INT_PERIOD || c == INT_e || c == INT_E) {
S9156,UTF8StreamJsonParser.java,1425,"return _parseFloat(outBuf, outPtr, c, true, intLen);"
S9157,UTF8StreamJsonParser.java,1428,--_inputPtr; // to push back trailing char (comma etc)
S9158,UTF8StreamJsonParser.java,1429,_textBuffer.setCurrentLength(outPtr);
S9159,UTF8StreamJsonParser.java,1431,if (_parsingContext.inRoot()) {
S9160,UTF8StreamJsonParser.java,1432,_verifyRootSpace(c);
S9161,UTF8StreamJsonParser.java,1436,"return resetInt(true, intLen);"
S9162,UTF8StreamJsonParser.java,1448,if (_inputPtr >= _inputEnd && !_loadMore()) {
S9163,UTF8StreamJsonParser.java,1449,_textBuffer.setCurrentLength(outPtr);
S9164,UTF8StreamJsonParser.java,1450,"return resetInt(negative, intPartLength);"
S9165,UTF8StreamJsonParser.java,1452,int c = (int) _inputBuffer[_inputPtr++] & 0xFF;
S9166,UTF8StreamJsonParser.java,1453,if (c > INT_9 || c < INT_0) {
S9167,UTF8StreamJsonParser.java,1454,if (c == INT_PERIOD || c == INT_e || c == INT_E) {
S9168,UTF8StreamJsonParser.java,1455,"return _parseFloat(outBuf, outPtr, c, negative, intPartLength);"
S9169,UTF8StreamJsonParser.java,1459,if (outPtr >= outBuf.length) {
S9170,UTF8StreamJsonParser.java,1460,outBuf = _textBuffer.finishCurrentSegment();
S9171,UTF8StreamJsonParser.java,1461,outPtr = 0;
S9172,UTF8StreamJsonParser.java,1463,outBuf[outPtr++] = (char) c;
S9173,UTF8StreamJsonParser.java,1464,++intPartLength;
S9174,UTF8StreamJsonParser.java,1466,--_inputPtr; // to push back trailing char (comma etc)
S9175,UTF8StreamJsonParser.java,1467,_textBuffer.setCurrentLength(outPtr);
S9176,UTF8StreamJsonParser.java,1469,if (_parsingContext.inRoot()) {
S9177,UTF8StreamJsonParser.java,1470,_verifyRootSpace(_inputBuffer[_inputPtr++] & 0xFF);
S9178,UTF8StreamJsonParser.java,1474,"return resetInt(negative, intPartLength);"
S9179,UTF8StreamJsonParser.java,1485,if (_inputPtr >= _inputEnd && !_loadMore()) {
S9180,UTF8StreamJsonParser.java,1486,return INT_0;
S9181,UTF8StreamJsonParser.java,1488,int ch = _inputBuffer[_inputPtr] & 0xFF;
S9182,UTF8StreamJsonParser.java,1490,if (ch < INT_0 || ch > INT_9) {
S9183,UTF8StreamJsonParser.java,1491,return INT_0;
S9184,UTF8StreamJsonParser.java,1494,if (!isEnabled(Feature.ALLOW_NUMERIC_LEADING_ZEROS)) {
S9185,UTF8StreamJsonParser.java,1495,"reportInvalidNumber(""Leading zeroes not allowed"");"
S9186,UTF8StreamJsonParser.java,1498,++_inputPtr; // Leading zero to be skipped
S9187,UTF8StreamJsonParser.java,1499,if (ch == INT_0) {
S9188,UTF8StreamJsonParser.java,1500,while (_inputPtr < _inputEnd || _loadMore()) {
S9189,UTF8StreamJsonParser.java,1501,ch = _inputBuffer[_inputPtr] & 0xFF;
S9190,UTF8StreamJsonParser.java,1502,if (ch < INT_0 || ch > INT_9) { // followed by non-number; retain one zero
S9191,UTF8StreamJsonParser.java,1505,++_inputPtr; // skip previous zeroes
S9192,UTF8StreamJsonParser.java,1506,if (ch != INT_0) { // followed by other number; return
S9193,UTF8StreamJsonParser.java,1507,break;
S9194,UTF8StreamJsonParser.java,1511,return ch;
S9195,UTF8StreamJsonParser.java,1517,int fractLen = 0;
S9196,UTF8StreamJsonParser.java,1518,boolean eof = false;
S9197,UTF8StreamJsonParser.java,1521,"if (c == INT_PERIOD) { // yes, fraction"
S9198,UTF8StreamJsonParser.java,1522,if (outPtr >= outBuf.length) {
S9199,UTF8StreamJsonParser.java,1526,outBuf[outPtr++] = (char) c;
S9200,UTF8StreamJsonParser.java,1530,if (_inputPtr >= _inputEnd && !_loadMore()) {
S9201,UTF8StreamJsonParser.java,1531,eof = true;
S9202,UTF8StreamJsonParser.java,1532,break fract_loop;
S9203,UTF8StreamJsonParser.java,1534,c = (int) _inputBuffer[_inputPtr++] & 0xFF;
S9204,UTF8StreamJsonParser.java,1535,if (c < INT_0 || c > INT_9) {
S9205,UTF8StreamJsonParser.java,1536,break fract_loop;
S9206,UTF8StreamJsonParser.java,1538,++fractLen;
S9207,UTF8StreamJsonParser.java,1539,if (outPtr >= outBuf.length) {
S9208,UTF8StreamJsonParser.java,1543,outBuf[outPtr++] = (char) c;
S9209,UTF8StreamJsonParser.java,1546,if (fractLen == 0) {
S9210,UTF8StreamJsonParser.java,1551,int expLen = 0;
S9211,UTF8StreamJsonParser.java,1552,if (c == INT_e || c == INT_E) { // exponent?
S9212,UTF8StreamJsonParser.java,1553,if (outPtr >= outBuf.length) {
S9213,UTF8StreamJsonParser.java,1557,outBuf[outPtr++] = (char) c;
S9214,UTF8StreamJsonParser.java,1559,if (_inputPtr >= _inputEnd) {
S9215,UTF8StreamJsonParser.java,1560,_loadMoreGuaranteed();
S9216,UTF8StreamJsonParser.java,1562,c = (int) _inputBuffer[_inputPtr++] & 0xFF;
S9217,UTF8StreamJsonParser.java,1564,if (c == '-' || c == '+') {
S9218,UTF8StreamJsonParser.java,1565,if (outPtr >= outBuf.length) {
S9219,UTF8StreamJsonParser.java,1569,outBuf[outPtr++] = (char) c;
S9220,UTF8StreamJsonParser.java,1571,if (_inputPtr >= _inputEnd) {
S9221,UTF8StreamJsonParser.java,1572,_loadMoreGuaranteed();
S9222,UTF8StreamJsonParser.java,1574,c = (int) _inputBuffer[_inputPtr++] & 0xFF;
S9223,UTF8StreamJsonParser.java,1578,while (c >= INT_0 && c <= INT_9) {
S9224,UTF8StreamJsonParser.java,1579,++expLen;
S9225,UTF8StreamJsonParser.java,1580,if (outPtr >= outBuf.length) {
S9226,UTF8StreamJsonParser.java,1584,outBuf[outPtr++] = (char) c;
S9227,UTF8StreamJsonParser.java,1585,if (_inputPtr >= _inputEnd && !_loadMore()) {
S9228,UTF8StreamJsonParser.java,1586,eof = true;
S9229,UTF8StreamJsonParser.java,1587,break exp_loop;
S9230,UTF8StreamJsonParser.java,1589,c = (int) _inputBuffer[_inputPtr++] & 0xFF;
S9231,UTF8StreamJsonParser.java,1592,if (expLen == 0) {
S9232,UTF8StreamJsonParser.java,1598,if (!eof) {
S9233,UTF8StreamJsonParser.java,1599,--_inputPtr;
S9234,UTF8StreamJsonParser.java,1601,if (_parsingContext.inRoot()) {
S9235,UTF8StreamJsonParser.java,1602,_verifyRootSpace(c);
S9236,UTF8StreamJsonParser.java,1605,_textBuffer.setCurrentLength(outPtr);
S9237,UTF8StreamJsonParser.java,1608,"return resetFloat(negative, integerPartLength, fractLen, expLen);"
S9238,UTF8StreamJsonParser.java,1621,++_inputPtr;
S9239,UTF8StreamJsonParser.java,1623,switch (ch) {
S9240,UTF8StreamJsonParser.java,1626,return;
S9241,UTF8StreamJsonParser.java,1628,_skipCR();
S9242,UTF8StreamJsonParser.java,1629,return;
S9243,UTF8StreamJsonParser.java,1631,++_currInputRow;
S9244,UTF8StreamJsonParser.java,1632,_currInputRowStart = _inputPtr;
S9245,UTF8StreamJsonParser.java,1633,return;
S9246,UTF8StreamJsonParser.java,1635,_reportMissingRootWS(ch);
S9247,UTF8StreamJsonParser.java,1646,if (i != INT_QUOTE) {
S9248,UTF8StreamJsonParser.java,1647,return _handleOddName(i);
S9249,UTF8StreamJsonParser.java,1650,"if ((_inputPtr + 13) > _inputEnd) { // Need up to 12 chars, plus one trailing (quote)"
S9250,UTF8StreamJsonParser.java,1651,return slowParseName();
S9251,UTF8StreamJsonParser.java,1660,final byte[] input = _inputBuffer;
S9252,UTF8StreamJsonParser.java,1661,final int[] codes = _icLatin1;
S9253,UTF8StreamJsonParser.java,1663,int q = input[_inputPtr++] & 0xFF;
S9254,UTF8StreamJsonParser.java,1665,if (codes[q] == 0) {
S9255,UTF8StreamJsonParser.java,1666,i = input[_inputPtr++] & 0xFF;
S9256,UTF8StreamJsonParser.java,1667,if (codes[i] == 0) {
S9257,UTF8StreamJsonParser.java,1668,q = (q << 8) | i;
S9258,UTF8StreamJsonParser.java,1669,i = input[_inputPtr++] & 0xFF;
S9259,UTF8StreamJsonParser.java,1670,if (codes[i] == 0) {
S9260,UTF8StreamJsonParser.java,1671,q = (q << 8) | i;
S9261,UTF8StreamJsonParser.java,1672,i = input[_inputPtr++] & 0xFF;
S9262,UTF8StreamJsonParser.java,1673,if (codes[i] == 0) {
S9263,UTF8StreamJsonParser.java,1674,q = (q << 8) | i;
S9264,UTF8StreamJsonParser.java,1675,i = input[_inputPtr++] & 0xFF;
S9265,UTF8StreamJsonParser.java,1676,if (codes[i] == 0) {
S9266,UTF8StreamJsonParser.java,1677,_quad1 = q;
S9267,UTF8StreamJsonParser.java,1678,return parseMediumName(i);
S9268,UTF8StreamJsonParser.java,1680,if (i == INT_QUOTE) { // 4 byte/char case or broken
S9269,UTF8StreamJsonParser.java,1681,"return findName(q, 4);"
S9270,UTF8StreamJsonParser.java,1683,"return parseName(q, i, 4);"
S9271,UTF8StreamJsonParser.java,1685,if (i == INT_QUOTE) { // 3 byte/char case or broken
S9272,UTF8StreamJsonParser.java,1686,"return findName(q, 3);"
S9273,UTF8StreamJsonParser.java,1688,"return parseName(q, i, 3);"
S9274,UTF8StreamJsonParser.java,1690,if (i == INT_QUOTE) { // 2 byte/char case or broken
S9275,UTF8StreamJsonParser.java,1691,"return findName(q, 2);"
S9276,UTF8StreamJsonParser.java,1695,if (i == INT_QUOTE) { // one byte/char case or broken
S9277,UTF8StreamJsonParser.java,1696,"return findName(q, 1);"
S9278,UTF8StreamJsonParser.java,1700,"if (q == INT_QUOTE) { // special case, """""
S9279,UTF8StreamJsonParser.java,1703,"return parseName(0, q, 0); // quoting or invalid char"
S9280,UTF8StreamJsonParser.java,1708,final byte[] input = _inputBuffer;
S9281,UTF8StreamJsonParser.java,1709,final int[] codes = _icLatin1;
S9282,UTF8StreamJsonParser.java,1712,int i = input[_inputPtr++] & 0xFF;
S9283,UTF8StreamJsonParser.java,1713,if (codes[i] != 0) {
S9284,UTF8StreamJsonParser.java,1714,if (i == INT_QUOTE) { // 5 bytes
S9285,UTF8StreamJsonParser.java,1715,"return findName(_quad1, q2, 1);"
S9286,UTF8StreamJsonParser.java,1719,q2 = (q2 << 8) | i;
S9287,UTF8StreamJsonParser.java,1720,i = input[_inputPtr++] & 0xFF;
S9288,UTF8StreamJsonParser.java,1721,if (codes[i] != 0) {
S9289,UTF8StreamJsonParser.java,1722,if (i == INT_QUOTE) { // 6 bytes
S9290,UTF8StreamJsonParser.java,1723,"return findName(_quad1, q2, 2);"
S9291,UTF8StreamJsonParser.java,1727,q2 = (q2 << 8) | i;
S9292,UTF8StreamJsonParser.java,1728,i = input[_inputPtr++] & 0xFF;
S9293,UTF8StreamJsonParser.java,1729,if (codes[i] != 0) {
S9294,UTF8StreamJsonParser.java,1730,if (i == INT_QUOTE) { // 7 bytes
S9295,UTF8StreamJsonParser.java,1731,"return findName(_quad1, q2, 3);"
S9296,UTF8StreamJsonParser.java,1735,q2 = (q2 << 8) | i;
S9297,UTF8StreamJsonParser.java,1736,i = input[_inputPtr++] & 0xFF;
S9298,UTF8StreamJsonParser.java,1737,if (codes[i] != 0) {
S9299,UTF8StreamJsonParser.java,1738,if (i == INT_QUOTE) { // 8 bytes
S9300,UTF8StreamJsonParser.java,1739,"return findName(_quad1, q2, 4);"
S9301,UTF8StreamJsonParser.java,1743,"return parseMediumName2(i, q2);"
S9302,UTF8StreamJsonParser.java,1751,final byte[] input = _inputBuffer;
S9303,UTF8StreamJsonParser.java,1752,final int[] codes = _icLatin1;
S9304,UTF8StreamJsonParser.java,1755,int i = input[_inputPtr++] & 0xFF;
S9305,UTF8StreamJsonParser.java,1756,if (codes[i] != 0) {
S9306,UTF8StreamJsonParser.java,1757,if (i == INT_QUOTE) { // 9 bytes
S9307,UTF8StreamJsonParser.java,1758,"return findName(_quad1, q2, q3, 1);"
S9308,UTF8StreamJsonParser.java,1762,q3 = (q3 << 8) | i;
S9309,UTF8StreamJsonParser.java,1763,i = input[_inputPtr++] & 0xFF;
S9310,UTF8StreamJsonParser.java,1764,if (codes[i] != 0) {
S9311,UTF8StreamJsonParser.java,1765,if (i == INT_QUOTE) { // 10 bytes
S9312,UTF8StreamJsonParser.java,1766,"return findName(_quad1, q2, q3, 2);"
S9313,UTF8StreamJsonParser.java,1770,q3 = (q3 << 8) | i;
S9314,UTF8StreamJsonParser.java,1771,i = input[_inputPtr++] & 0xFF;
S9315,UTF8StreamJsonParser.java,1772,if (codes[i] != 0) {
S9316,UTF8StreamJsonParser.java,1773,if (i == INT_QUOTE) { // 11 bytes
S9317,UTF8StreamJsonParser.java,1774,"return findName(_quad1, q2, q3, 3);"
S9318,UTF8StreamJsonParser.java,1778,q3 = (q3 << 8) | i;
S9319,UTF8StreamJsonParser.java,1779,i = input[_inputPtr++] & 0xFF;
S9320,UTF8StreamJsonParser.java,1780,if (codes[i] != 0) {
S9321,UTF8StreamJsonParser.java,1781,if (i == INT_QUOTE) { // 12 bytes
S9322,UTF8StreamJsonParser.java,1782,"return findName(_quad1, q2, q3, 4);"
S9323,UTF8StreamJsonParser.java,1786,"return parseLongName(i, q2, q3);"
S9324,UTF8StreamJsonParser.java,1791,_quadBuffer[0] = _quad1;
S9325,UTF8StreamJsonParser.java,1792,_quadBuffer[1] = q2;
S9326,UTF8StreamJsonParser.java,1793,_quadBuffer[2] = q3;
S9327,UTF8StreamJsonParser.java,1796,final byte[] input = _inputBuffer;
S9328,UTF8StreamJsonParser.java,1797,final int[] codes = _icLatin1;
S9329,UTF8StreamJsonParser.java,1798,int qlen = 3;
S9330,UTF8StreamJsonParser.java,1800,while ((_inputPtr + 4) <= _inputEnd) {
S9331,UTF8StreamJsonParser.java,1801,int i = input[_inputPtr++] & 0xFF;
S9332,UTF8StreamJsonParser.java,1802,if (codes[i] != 0) {
S9333,UTF8StreamJsonParser.java,1803,if (i == INT_QUOTE) {
S9334,UTF8StreamJsonParser.java,1804,"return findName(_quadBuffer, qlen, q, 1);"
S9335,UTF8StreamJsonParser.java,1809,q = (q << 8) | i;
S9336,UTF8StreamJsonParser.java,1810,i = input[_inputPtr++] & 0xFF;
S9337,UTF8StreamJsonParser.java,1811,if (codes[i] != 0) {
S9338,UTF8StreamJsonParser.java,1812,if (i == INT_QUOTE) {
S9339,UTF8StreamJsonParser.java,1813,"return findName(_quadBuffer, qlen, q, 2);"
S9340,UTF8StreamJsonParser.java,1818,q = (q << 8) | i;
S9341,UTF8StreamJsonParser.java,1819,i = input[_inputPtr++] & 0xFF;
S9342,UTF8StreamJsonParser.java,1820,if (codes[i] != 0) {
S9343,UTF8StreamJsonParser.java,1821,if (i == INT_QUOTE) {
S9344,UTF8StreamJsonParser.java,1822,"return findName(_quadBuffer, qlen, q, 3);"
S9345,UTF8StreamJsonParser.java,1827,q = (q << 8) | i;
S9346,UTF8StreamJsonParser.java,1828,i = input[_inputPtr++] & 0xFF;
S9347,UTF8StreamJsonParser.java,1829,if (codes[i] != 0) {
S9348,UTF8StreamJsonParser.java,1830,if (i == INT_QUOTE) {
S9349,UTF8StreamJsonParser.java,1833,"return parseEscapedName(_quadBuffer, qlen, q, i, 4);"
S9350,UTF8StreamJsonParser.java,1837,if (qlen >= _quadBuffer.length) {
S9351,UTF8StreamJsonParser.java,1838,"_quadBuffer = growArrayBy(_quadBuffer, qlen);"
S9352,UTF8StreamJsonParser.java,1840,_quadBuffer[qlen++] = q;
S9353,UTF8StreamJsonParser.java,1841,q = i;
S9354,UTF8StreamJsonParser.java,1848,"return parseEscapedName(_quadBuffer, qlen, 0, q, 0);"
S9355,UTF8StreamJsonParser.java,1858,if (_inputPtr >= _inputEnd) {
S9356,UTF8StreamJsonParser.java,1859,if (!_loadMore()) {
S9357,UTF8StreamJsonParser.java,1863,int i = _inputBuffer[_inputPtr++] & 0xFF;
S9358,UTF8StreamJsonParser.java,1864,"if (i == INT_QUOTE) { // special case, """""
S9359,UTF8StreamJsonParser.java,1865,"return """";"
S9360,UTF8StreamJsonParser.java,1867,"return parseEscapedName(_quadBuffer, 0, 0, i, 0);"
S9361,UTF8StreamJsonParser.java,1871,"return parseEscapedName(_quadBuffer, 0, q1, ch, lastQuadBytes);"
S9362,UTF8StreamJsonParser.java,1897,final int[] codes = _icLatin1;
S9363,UTF8StreamJsonParser.java,1900,if (codes[ch] != 0) {
S9364,UTF8StreamJsonParser.java,1901,if (ch == INT_QUOTE) { // we are done
S9365,UTF8StreamJsonParser.java,1902,break;
S9366,UTF8StreamJsonParser.java,1905,if (ch != INT_BACKSLASH) {
S9367,UTF8StreamJsonParser.java,1907,"_throwUnquotedSpace(ch, ""name"");"
S9368,UTF8StreamJsonParser.java,1910,ch = _decodeEscaped();
S9369,UTF8StreamJsonParser.java,1915,if (ch > 127) {
S9370,UTF8StreamJsonParser.java,1917,if (currQuadBytes >= 4) {
S9371,UTF8StreamJsonParser.java,1925,if (ch < 0x800) { // 2-byte
S9372,UTF8StreamJsonParser.java,1926,currQuad = (currQuad << 8) | (0xc0 | (ch >> 6));
S9373,UTF8StreamJsonParser.java,1927,++currQuadBytes;
S9374,UTF8StreamJsonParser.java,1945,ch = 0x80 | (ch & 0x3f);
S9375,UTF8StreamJsonParser.java,1949,if (currQuadBytes < 4) {
S9376,UTF8StreamJsonParser.java,1950,++currQuadBytes;
S9377,UTF8StreamJsonParser.java,1951,currQuad = (currQuad << 8) | ch;
S9378,UTF8StreamJsonParser.java,1953,if (qlen >= quads.length) {
S9379,UTF8StreamJsonParser.java,1954,"_quadBuffer = quads = growArrayBy(quads, quads.length);"
S9380,UTF8StreamJsonParser.java,1956,quads[qlen++] = currQuad;
S9381,UTF8StreamJsonParser.java,1957,currQuad = ch;
S9382,UTF8StreamJsonParser.java,1958,currQuadBytes = 1;
S9383,UTF8StreamJsonParser.java,1960,if (_inputPtr >= _inputEnd) {
S9384,UTF8StreamJsonParser.java,1961,if (!_loadMore()) {
S9385,UTF8StreamJsonParser.java,1962,"_reportInvalidEOF("" in field name"", JsonToken.FIELD_NAME);"
S9386,UTF8StreamJsonParser.java,1965,ch = _inputBuffer[_inputPtr++] & 0xFF;
S9387,UTF8StreamJsonParser.java,1968,if (currQuadBytes > 0) {
S9388,UTF8StreamJsonParser.java,1969,if (qlen >= quads.length) {
S9389,UTF8StreamJsonParser.java,1972,"quads[qlen++] = _padLastQuad(currQuad, currQuadBytes);"
S9390,UTF8StreamJsonParser.java,1974,"String name = _symbols.findName(quads, qlen);"
S9391,UTF8StreamJsonParser.java,1975,if (name == null) {
S9392,UTF8StreamJsonParser.java,1976,"name = addName(quads, qlen, currQuadBytes);"
S9393,UTF8StreamJsonParser.java,1978,return name;
S9394,UTF8StreamJsonParser.java,1990,if (ch == INT_APOS && isEnabled(Feature.ALLOW_SINGLE_QUOTES)) {
S9395,UTF8StreamJsonParser.java,1991,return _parseAposName();
S9396,UTF8StreamJsonParser.java,1994,if (!isEnabled(Feature.ALLOW_UNQUOTED_FIELD_NAMES)) {
S9397,UTF8StreamJsonParser.java,1995,char c = (char) _decodeCharForError(ch);
S9398,UTF8StreamJsonParser.java,1996,"_reportUnexpectedChar(c, ""was expecting double-quote to start field name"");"
S9399,UTF8StreamJsonParser.java,2002,final int[] codes = CharTypes.getInputCodeUtf8JsNames();
S9400,UTF8StreamJsonParser.java,2004,if (codes[ch] != 0) {
S9401,UTF8StreamJsonParser.java,2011,int[] quads = _quadBuffer;
S9402,UTF8StreamJsonParser.java,2012,int qlen = 0;
S9403,UTF8StreamJsonParser.java,2013,int currQuad = 0;
S9404,UTF8StreamJsonParser.java,2014,int currQuadBytes = 0;
S9405,UTF8StreamJsonParser.java,2018,if (currQuadBytes < 4) {
S9406,UTF8StreamJsonParser.java,2019,++currQuadBytes;
S9407,UTF8StreamJsonParser.java,2020,currQuad = (currQuad << 8) | ch;
S9408,UTF8StreamJsonParser.java,2022,if (qlen >= quads.length) {
S9409,UTF8StreamJsonParser.java,2025,quads[qlen++] = currQuad;
S9410,UTF8StreamJsonParser.java,2026,currQuad = ch;
S9411,UTF8StreamJsonParser.java,2027,currQuadBytes = 1;
S9412,UTF8StreamJsonParser.java,2029,if (_inputPtr >= _inputEnd) {
S9413,UTF8StreamJsonParser.java,2030,if (!_loadMore()) {
S9414,UTF8StreamJsonParser.java,2034,ch = _inputBuffer[_inputPtr] & 0xFF;
S9415,UTF8StreamJsonParser.java,2035,if (codes[ch] != 0) {
S9416,UTF8StreamJsonParser.java,2036,break;
S9417,UTF8StreamJsonParser.java,2038,++_inputPtr;
S9418,UTF8StreamJsonParser.java,2041,if (currQuadBytes > 0) {
S9419,UTF8StreamJsonParser.java,2042,if (qlen >= quads.length) {
S9420,UTF8StreamJsonParser.java,2045,quads[qlen++] = currQuad;
S9421,UTF8StreamJsonParser.java,2047,"String name = _symbols.findName(quads, qlen);"
S9422,UTF8StreamJsonParser.java,2048,if (name == null) {
S9423,UTF8StreamJsonParser.java,2049,"name = addName(quads, qlen, currQuadBytes);"
S9424,UTF8StreamJsonParser.java,2051,return name;
S9425,UTF8StreamJsonParser.java,2061,if (_inputPtr >= _inputEnd) {
S9426,UTF8StreamJsonParser.java,2062,if (!_loadMore()) {
S9427,UTF8StreamJsonParser.java,2066,int ch = _inputBuffer[_inputPtr++] & 0xFF;
S9428,UTF8StreamJsonParser.java,2067,"if (ch == INT_APOS) { // special case, ''"
S9429,UTF8StreamJsonParser.java,2068,"return """";"
S9430,UTF8StreamJsonParser.java,2070,int[] quads = _quadBuffer;
S9431,UTF8StreamJsonParser.java,2071,int qlen = 0;
S9432,UTF8StreamJsonParser.java,2072,int currQuad = 0;
S9433,UTF8StreamJsonParser.java,2073,int currQuadBytes = 0;
S9434,UTF8StreamJsonParser.java,2077,final int[] codes = _icLatin1;
S9435,UTF8StreamJsonParser.java,2080,if (ch == INT_APOS) {
S9436,UTF8StreamJsonParser.java,2081,break;
S9437,UTF8StreamJsonParser.java,2084,"if ((codes[ch] != 0) && (ch != '""')) {"
S9438,UTF8StreamJsonParser.java,2128,if (currQuadBytes < 4) {
S9439,UTF8StreamJsonParser.java,2129,++currQuadBytes;
S9440,UTF8StreamJsonParser.java,2130,currQuad = (currQuad << 8) | ch;
S9441,UTF8StreamJsonParser.java,2132,if (qlen >= quads.length) {
S9442,UTF8StreamJsonParser.java,2135,quads[qlen++] = currQuad;
S9443,UTF8StreamJsonParser.java,2136,currQuad = ch;
S9444,UTF8StreamJsonParser.java,2137,currQuadBytes = 1;
S9445,UTF8StreamJsonParser.java,2139,if (_inputPtr >= _inputEnd) {
S9446,UTF8StreamJsonParser.java,2140,if (!_loadMore()) {
S9447,UTF8StreamJsonParser.java,2144,ch = _inputBuffer[_inputPtr++] & 0xFF;
S9448,UTF8StreamJsonParser.java,2147,if (currQuadBytes > 0) {
S9449,UTF8StreamJsonParser.java,2148,if (qlen >= quads.length) {
S9450,UTF8StreamJsonParser.java,2151,"quads[qlen++] = _padLastQuad(currQuad, currQuadBytes);"
S9451,UTF8StreamJsonParser.java,2153,"String name = _symbols.findName(quads, qlen);"
S9452,UTF8StreamJsonParser.java,2154,if (name == null) {
S9453,UTF8StreamJsonParser.java,2155,"name = addName(quads, qlen, currQuadBytes);"
S9454,UTF8StreamJsonParser.java,2157,return name;
S9455,UTF8StreamJsonParser.java,2168,"q1 = _padLastQuad(q1, lastQuadBytes);"
S9456,UTF8StreamJsonParser.java,2170,String name = _symbols.findName(q1);
S9457,UTF8StreamJsonParser.java,2171,if (name != null) {
S9458,UTF8StreamJsonParser.java,2172,return name;
S9459,UTF8StreamJsonParser.java,2175,_quadBuffer[0] = q1;
S9460,UTF8StreamJsonParser.java,2176,"return addName(_quadBuffer, 1, lastQuadBytes);"
S9461,UTF8StreamJsonParser.java,2181,"q2 = _padLastQuad(q2, lastQuadBytes);"
S9462,UTF8StreamJsonParser.java,2183,"String name = _symbols.findName(q1, q2);"
S9463,UTF8StreamJsonParser.java,2184,if (name != null) {
S9464,UTF8StreamJsonParser.java,2185,return name;
S9465,UTF8StreamJsonParser.java,2188,_quadBuffer[0] = q1;
S9466,UTF8StreamJsonParser.java,2189,_quadBuffer[1] = q2;
S9467,UTF8StreamJsonParser.java,2190,"return addName(_quadBuffer, 2, lastQuadBytes);"
S9468,UTF8StreamJsonParser.java,2195,"q3 = _padLastQuad(q3, lastQuadBytes);"
S9469,UTF8StreamJsonParser.java,2196,"String name = _symbols.findName(q1, q2, q3);"
S9470,UTF8StreamJsonParser.java,2197,if (name != null) {
S9471,UTF8StreamJsonParser.java,2198,return name;
S9472,UTF8StreamJsonParser.java,2200,int[] quads = _quadBuffer;
S9473,UTF8StreamJsonParser.java,2201,quads[0] = q1;
S9474,UTF8StreamJsonParser.java,2202,quads[1] = q2;
S9475,UTF8StreamJsonParser.java,2203,"quads[2] = _padLastQuad(q3, lastQuadBytes);"
S9476,UTF8StreamJsonParser.java,2204,"return addName(quads, 3, lastQuadBytes);"
S9477,UTF8StreamJsonParser.java,2209,if (qlen >= quads.length) {
S9478,UTF8StreamJsonParser.java,2212,"quads[qlen++] = _padLastQuad(lastQuad, lastQuadBytes);"
S9479,UTF8StreamJsonParser.java,2213,"String name = _symbols.findName(quads, qlen);"
S9480,UTF8StreamJsonParser.java,2214,if (name == null) {
S9481,UTF8StreamJsonParser.java,2215,"return addName(quads, qlen, lastQuadBytes);"
S9482,UTF8StreamJsonParser.java,2217,return name;
S9483,UTF8StreamJsonParser.java,2233,int byteLen = (qlen << 2) - 4 + lastQuadBytes;
S9484,UTF8StreamJsonParser.java,2242,if (lastQuadBytes < 4) {
S9485,UTF8StreamJsonParser.java,2243,lastQuad = quads[qlen-1];
S9486,UTF8StreamJsonParser.java,2245,quads[qlen-1] = (lastQuad << ((4 - lastQuadBytes) << 3));
S9487,UTF8StreamJsonParser.java,2247,lastQuad = 0;
S9488,UTF8StreamJsonParser.java,2251,char[] cbuf = _textBuffer.emptyAndGetCurrentSegment();
S9489,UTF8StreamJsonParser.java,2252,int cix = 0;
S9490,UTF8StreamJsonParser.java,2254,for (int ix = 0; ix < byteLen; ) {
S9491,UTF8StreamJsonParser.java,2255,"int ch = quads[ix >> 2]; // current quad, need to shift+mask"
S9492,UTF8StreamJsonParser.java,2256,int byteIx = (ix & 3);
S9493,UTF8StreamJsonParser.java,2257,ch = (ch >> ((3 - byteIx) << 3)) & 0xFF;
S9494,UTF8StreamJsonParser.java,2258,++ix;
S9495,UTF8StreamJsonParser.java,2260,if (ch > 127) { // multi-byte
S9496,UTF8StreamJsonParser.java,2262,if ((ch & 0xE0) == 0xC0) { // 2 bytes (0x0080 - 0x07FF)
S9497,UTF8StreamJsonParser.java,2263,ch &= 0x1F;
S9498,UTF8StreamJsonParser.java,2264,needed = 1;
S9499,UTF8StreamJsonParser.java,2265,} else if ((ch & 0xF0) == 0xE0) { // 3 bytes (0x0800 - 0xFFFF)
S9500,UTF8StreamJsonParser.java,2266,ch &= 0x0F;
S9501,UTF8StreamJsonParser.java,2267,needed = 2;
S9502,UTF8StreamJsonParser.java,2275,if ((ix + needed) > byteLen) {
S9503,UTF8StreamJsonParser.java,2280,"int ch2 = quads[ix >> 2]; // current quad, need to shift+mask"
S9504,UTF8StreamJsonParser.java,2281,byteIx = (ix & 3);
S9505,UTF8StreamJsonParser.java,2282,ch2 = (ch2 >> ((3 - byteIx) << 3));
S9506,UTF8StreamJsonParser.java,2283,++ix;
S9507,UTF8StreamJsonParser.java,2285,if ((ch2 & 0xC0) != 0x080) {
S9508,UTF8StreamJsonParser.java,2288,ch = (ch << 6) | (ch2 & 0x3F);
S9509,UTF8StreamJsonParser.java,2289,if (needed > 1) {
S9510,UTF8StreamJsonParser.java,2290,ch2 = quads[ix >> 2];
S9511,UTF8StreamJsonParser.java,2291,byteIx = (ix & 3);
S9512,UTF8StreamJsonParser.java,2292,ch2 = (ch2 >> ((3 - byteIx) << 3));
S9513,UTF8StreamJsonParser.java,2293,++ix;
S9514,UTF8StreamJsonParser.java,2295,if ((ch2 & 0xC0) != 0x080) {
S9515,UTF8StreamJsonParser.java,2298,ch = (ch << 6) | (ch2 & 0x3F);
S9516,UTF8StreamJsonParser.java,2299,if (needed > 2) { // 4 bytes? (need surrogates on output)
S9517,UTF8StreamJsonParser.java,2310,"if (needed > 2) { // surrogate pair? once again, let's output one here, one later on"
S9518,UTF8StreamJsonParser.java,2319,if (cix >= cbuf.length) {
S9519,UTF8StreamJsonParser.java,2322,cbuf[cix++] = (char) ch;
S9520,UTF8StreamJsonParser.java,2326,"String baseName = new String(cbuf, 0, cix);"
S9521,UTF8StreamJsonParser.java,2328,if (lastQuadBytes < 4) {
S9522,UTF8StreamJsonParser.java,2329,quads[qlen-1] = lastQuad;
S9523,UTF8StreamJsonParser.java,2331,"return _symbols.addName(baseName, quads, qlen);"
S9524,UTF8StreamJsonParser.java,2338,return (bytes == 4) ? q : (q | (-1 << (bytes << 3)));
S9525,UTF8StreamJsonParser.java,2348,if (!_loadMore()) { _reportInvalidEOF(); }
S9526,UTF8StreamJsonParser.java,2355,int ptr = _inputPtr;
S9527,UTF8StreamJsonParser.java,2356,if (ptr >= _inputEnd) {
S9528,UTF8StreamJsonParser.java,2357,_loadMoreGuaranteed();
S9529,UTF8StreamJsonParser.java,2358,ptr = _inputPtr;
S9530,UTF8StreamJsonParser.java,2360,int outPtr = 0;
S9531,UTF8StreamJsonParser.java,2361,char[] outBuf = _textBuffer.emptyAndGetCurrentSegment();
S9532,UTF8StreamJsonParser.java,2362,final int[] codes = _icUTF8;
S9533,UTF8StreamJsonParser.java,2364,"final int max = Math.min(_inputEnd, (ptr + outBuf.length));"
S9534,UTF8StreamJsonParser.java,2365,final byte[] inputBuffer = _inputBuffer;
S9535,UTF8StreamJsonParser.java,2366,while (ptr < max) {
S9536,UTF8StreamJsonParser.java,2367,int c = (int) inputBuffer[ptr] & 0xFF;
S9537,UTF8StreamJsonParser.java,2368,if (codes[c] != 0) {
S9538,UTF8StreamJsonParser.java,2369,if (c == INT_QUOTE) {
S9539,UTF8StreamJsonParser.java,2370,_inputPtr = ptr+1;
S9540,UTF8StreamJsonParser.java,2371,_textBuffer.setCurrentLength(outPtr);
S9541,UTF8StreamJsonParser.java,2372,return;
S9542,UTF8StreamJsonParser.java,2376,++ptr;
S9543,UTF8StreamJsonParser.java,2377,outBuf[outPtr++] = (char) c;
S9544,UTF8StreamJsonParser.java,2379,_inputPtr = ptr;
S9545,UTF8StreamJsonParser.java,2380,"_finishString2(outBuf, outPtr);"
S9546,UTF8StreamJsonParser.java,2389,int ptr = _inputPtr;
S9547,UTF8StreamJsonParser.java,2390,if (ptr >= _inputEnd) {
S9548,UTF8StreamJsonParser.java,2391,_loadMoreGuaranteed();
S9549,UTF8StreamJsonParser.java,2392,ptr = _inputPtr;
S9550,UTF8StreamJsonParser.java,2394,int outPtr = 0;
S9551,UTF8StreamJsonParser.java,2395,char[] outBuf = _textBuffer.emptyAndGetCurrentSegment();
S9552,UTF8StreamJsonParser.java,2396,final int[] codes = _icUTF8;
S9553,UTF8StreamJsonParser.java,2398,"final int max = Math.min(_inputEnd, (ptr + outBuf.length));"
S9554,UTF8StreamJsonParser.java,2399,final byte[] inputBuffer = _inputBuffer;
S9555,UTF8StreamJsonParser.java,2400,while (ptr < max) {
S9556,UTF8StreamJsonParser.java,2401,int c = (int) inputBuffer[ptr] & 0xFF;
S9557,UTF8StreamJsonParser.java,2402,if (codes[c] != 0) {
S9558,UTF8StreamJsonParser.java,2403,if (c == INT_QUOTE) {
S9559,UTF8StreamJsonParser.java,2404,_inputPtr = ptr+1;
S9560,UTF8StreamJsonParser.java,2405,return _textBuffer.setCurrentAndReturn(outPtr);
S9561,UTF8StreamJsonParser.java,2409,++ptr;
S9562,UTF8StreamJsonParser.java,2410,outBuf[outPtr++] = (char) c;
S9563,UTF8StreamJsonParser.java,2412,_inputPtr = ptr;
S9564,UTF8StreamJsonParser.java,2413,"_finishString2(outBuf, outPtr);"
S9565,UTF8StreamJsonParser.java,2414,return _textBuffer.contentsAsString();
S9566,UTF8StreamJsonParser.java,2423,final int[] codes = _icUTF8;
S9567,UTF8StreamJsonParser.java,2424,final byte[] inputBuffer = _inputBuffer;
S9568,UTF8StreamJsonParser.java,2431,int ptr = _inputPtr;
S9569,UTF8StreamJsonParser.java,2432,if (ptr >= _inputEnd) {
S9570,UTF8StreamJsonParser.java,2433,_loadMoreGuaranteed();
S9571,UTF8StreamJsonParser.java,2434,ptr = _inputPtr;
S9572,UTF8StreamJsonParser.java,2436,if (outPtr >= outBuf.length) {
S9573,UTF8StreamJsonParser.java,2437,outBuf = _textBuffer.finishCurrentSegment();
S9574,UTF8StreamJsonParser.java,2438,outPtr = 0;
S9575,UTF8StreamJsonParser.java,2440,"final int max = Math.min(_inputEnd, (ptr + (outBuf.length - outPtr)));"
S9576,UTF8StreamJsonParser.java,2441,while (ptr < max) {
S9577,UTF8StreamJsonParser.java,2442,c = (int) inputBuffer[ptr++] & 0xFF;
S9578,UTF8StreamJsonParser.java,2443,if (codes[c] != 0) {
S9579,UTF8StreamJsonParser.java,2444,_inputPtr = ptr;
S9580,UTF8StreamJsonParser.java,2445,break ascii_loop;
S9581,UTF8StreamJsonParser.java,2447,outBuf[outPtr++] = (char) c;
S9582,UTF8StreamJsonParser.java,2449,_inputPtr = ptr;
S9583,UTF8StreamJsonParser.java,2452,if (c == INT_QUOTE) {
S9584,UTF8StreamJsonParser.java,2453,break main_loop;
S9585,UTF8StreamJsonParser.java,2456,switch (codes[c]) {
S9586,UTF8StreamJsonParser.java,2458,c = _decodeEscaped();
S9587,UTF8StreamJsonParser.java,2459,break;
S9588,UTF8StreamJsonParser.java,2461,c = _decodeUtf8_2(c);
S9589,UTF8StreamJsonParser.java,2462,break;
S9590,UTF8StreamJsonParser.java,2464,if ((_inputEnd - _inputPtr) >= 2) {
S9591,UTF8StreamJsonParser.java,2465,c = _decodeUtf8_3fast(c);
S9592,UTF8StreamJsonParser.java,2467,c = _decodeUtf8_3(c);
S9593,UTF8StreamJsonParser.java,2469,break;
S9594,UTF8StreamJsonParser.java,2471,c = _decodeUtf8_4(c);
S9595,UTF8StreamJsonParser.java,2473,outBuf[outPtr++] = (char) (0xD800 | (c >> 10));
S9596,UTF8StreamJsonParser.java,2474,if (outPtr >= outBuf.length) {
S9597,UTF8StreamJsonParser.java,2478,c = 0xDC00 | (c & 0x3FF);
S9598,UTF8StreamJsonParser.java,2480,break;
S9599,UTF8StreamJsonParser.java,2482,if (c < INT_SPACE) {
S9600,UTF8StreamJsonParser.java,2484,"_throwUnquotedSpace(c, ""string value"");"
S9601,UTF8StreamJsonParser.java,2491,if (outPtr >= outBuf.length) {
S9602,UTF8StreamJsonParser.java,2496,outBuf[outPtr++] = (char) c;
S9603,UTF8StreamJsonParser.java,2498,_textBuffer.setCurrentLength(outPtr);
S9604,UTF8StreamJsonParser.java,2508,_tokenIncomplete = false;
S9605,UTF8StreamJsonParser.java,2511,final int[] codes = _icUTF8;
S9606,UTF8StreamJsonParser.java,2512,final byte[] inputBuffer = _inputBuffer;
S9607,UTF8StreamJsonParser.java,2520,int ptr = _inputPtr;
S9608,UTF8StreamJsonParser.java,2521,int max = _inputEnd;
S9609,UTF8StreamJsonParser.java,2522,if (ptr >= max) {
S9610,UTF8StreamJsonParser.java,2523,_loadMoreGuaranteed();
S9611,UTF8StreamJsonParser.java,2524,ptr = _inputPtr;
S9612,UTF8StreamJsonParser.java,2525,max = _inputEnd;
S9613,UTF8StreamJsonParser.java,2527,while (ptr < max) {
S9614,UTF8StreamJsonParser.java,2528,c = (int) inputBuffer[ptr++] & 0xFF;
S9615,UTF8StreamJsonParser.java,2529,if (codes[c] != 0) {
S9616,UTF8StreamJsonParser.java,2530,_inputPtr = ptr;
S9617,UTF8StreamJsonParser.java,2531,break ascii_loop;
S9618,UTF8StreamJsonParser.java,2534,_inputPtr = ptr;
S9619,UTF8StreamJsonParser.java,2537,if (c == INT_QUOTE) {
S9620,UTF8StreamJsonParser.java,2538,break main_loop;
S9621,UTF8StreamJsonParser.java,2541,switch (codes[c]) {
S9622,UTF8StreamJsonParser.java,2546,_skipUtf8_2();
S9623,UTF8StreamJsonParser.java,2547,break;
S9624,UTF8StreamJsonParser.java,2552,_skipUtf8_4(c);
S9625,UTF8StreamJsonParser.java,2553,break;
S9626,UTF8StreamJsonParser.java,2572,switch (c) {
S9627,UTF8StreamJsonParser.java,2581,if (!_parsingContext.inArray()) {
S9628,UTF8StreamJsonParser.java,2589,if (isEnabled(Feature.ALLOW_MISSING_VALUES)) {
S9629,UTF8StreamJsonParser.java,2590,--_inputPtr;
S9630,UTF8StreamJsonParser.java,2591,return JsonToken.VALUE_NULL;
S9631,UTF8StreamJsonParser.java,2597,"_reportUnexpectedChar(c, ""expected a value"");"
S9632,UTF8StreamJsonParser.java,2599,if (isEnabled(Feature.ALLOW_SINGLE_QUOTES)) {
S9633,UTF8StreamJsonParser.java,2600,return _handleApos();
S9634,UTF8StreamJsonParser.java,2604,"_matchToken(""NaN"", 1);"
S9635,UTF8StreamJsonParser.java,2605,if (isEnabled(Feature.ALLOW_NON_NUMERIC_NUMBERS)) {
S9636,UTF8StreamJsonParser.java,2606,"return resetAsNaN(""NaN"", Double.NaN);"
S9637,UTF8StreamJsonParser.java,2608,"_reportError(""Non-standard token 'NaN': enable JsonParser.Feature.ALLOW_NON_NUMERIC_NUMBERS to allow"");"
S9638,UTF8StreamJsonParser.java,2611,"_matchToken(""Infinity"", 1);"
S9639,UTF8StreamJsonParser.java,2612,if (isEnabled(Feature.ALLOW_NON_NUMERIC_NUMBERS)) {
S9640,UTF8StreamJsonParser.java,2613,"return resetAsNaN(""Infinity"", Double.POSITIVE_INFINITY);"
S9641,UTF8StreamJsonParser.java,2618,if (_inputPtr >= _inputEnd) {
S9642,UTF8StreamJsonParser.java,2619,if (!_loadMore()) {
S9643,UTF8StreamJsonParser.java,2623,"return _handleInvalidNumberStart(_inputBuffer[_inputPtr++] & 0xFF, false);"
S9644,UTF8StreamJsonParser.java,2626,if (Character.isJavaIdentifierStart(c)) {
S9645,UTF8StreamJsonParser.java,2627,"_reportInvalidToken(""""+((char) c), ""('true', 'false' or 'null')"");"
S9646,UTF8StreamJsonParser.java,2630,"_reportUnexpectedChar(c, ""expected a valid value (number, String, array, object, 'true', 'false' or 'null')"");"
S9647,UTF8StreamJsonParser.java,2636,int c = 0;
S9648,UTF8StreamJsonParser.java,2638,int outPtr = 0;
S9649,UTF8StreamJsonParser.java,2639,char[] outBuf = _textBuffer.emptyAndGetCurrentSegment();
S9650,UTF8StreamJsonParser.java,2642,final int[] codes = _icUTF8;
S9651,UTF8StreamJsonParser.java,2643,final byte[] inputBuffer = _inputBuffer;
S9652,UTF8StreamJsonParser.java,2650,if (_inputPtr >= _inputEnd) {
S9653,UTF8StreamJsonParser.java,2651,_loadMoreGuaranteed();
S9654,UTF8StreamJsonParser.java,2653,if (outPtr >= outBuf.length) {
S9655,UTF8StreamJsonParser.java,2657,int max = _inputEnd;
S9656,UTF8StreamJsonParser.java,2659,int max2 = _inputPtr + (outBuf.length - outPtr);
S9657,UTF8StreamJsonParser.java,2660,if (max2 < max) {
S9658,UTF8StreamJsonParser.java,2664,while (_inputPtr < max) {
S9659,UTF8StreamJsonParser.java,2665,c = (int) inputBuffer[_inputPtr++] & 0xFF;
S9660,UTF8StreamJsonParser.java,2666,if (c == INT_APOS || codes[c] != 0) {
S9661,UTF8StreamJsonParser.java,2667,break ascii_loop;
S9662,UTF8StreamJsonParser.java,2669,outBuf[outPtr++] = (char) c;
S9663,UTF8StreamJsonParser.java,2674,if (c == INT_APOS) {
S9664,UTF8StreamJsonParser.java,2675,break main_loop;
S9665,UTF8StreamJsonParser.java,2678,switch (codes[c]) {
S9666,UTF8StreamJsonParser.java,2680,c = _decodeEscaped();
S9667,UTF8StreamJsonParser.java,2681,break;
S9668,UTF8StreamJsonParser.java,2711,if (outPtr >= outBuf.length) {
S9669,UTF8StreamJsonParser.java,2716,outBuf[outPtr++] = (char) c;
S9670,UTF8StreamJsonParser.java,2718,_textBuffer.setCurrentLength(outPtr);
S9671,UTF8StreamJsonParser.java,2720,return JsonToken.VALUE_STRING;
S9672,UTF8StreamJsonParser.java,2735,while (ch == 'I') {
S9673,UTF8StreamJsonParser.java,2736,if (_inputPtr >= _inputEnd) {
S9674,UTF8StreamJsonParser.java,2737,if (!_loadMore()) {
S9675,UTF8StreamJsonParser.java,2741,ch = _inputBuffer[_inputPtr++];
S9676,UTF8StreamJsonParser.java,2743,if (ch == 'N') {
S9677,UTF8StreamJsonParser.java,2744,"match = neg ? ""-INF"" :""+INF"";"
S9678,UTF8StreamJsonParser.java,2745,} else if (ch == 'n') {
S9679,UTF8StreamJsonParser.java,2746,"match = neg ? ""-Infinity"" :""+Infinity"";"
S9680,UTF8StreamJsonParser.java,2750,"_matchToken(match, 3);"
S9681,UTF8StreamJsonParser.java,2751,if (isEnabled(Feature.ALLOW_NON_NUMERIC_NUMBERS)) {
S9682,UTF8StreamJsonParser.java,2752,"return resetAsNaN(match, neg ? Double.NEGATIVE_INFINITY : Double.POSITIVE_INFINITY);"
S9683,UTF8StreamJsonParser.java,2754,"_reportError(""Non-standard token '%s': enable JsonParser.Feature.ALLOW_NON_NUMERIC_NUMBERS to allow"","
S9684,UTF8StreamJsonParser.java,2757,"reportUnexpectedNumberChar(ch, ""expected digit (0-9) to follow minus sign, for valid numeric value"");"
S9685,UTF8StreamJsonParser.java,2764,int ptr = _inputPtr;
S9686,UTF8StreamJsonParser.java,2765,if ((ptr + 3) < _inputEnd) {
S9687,UTF8StreamJsonParser.java,2766,byte[] buf = _inputBuffer;
S9688,UTF8StreamJsonParser.java,2767,if ((buf[ptr++] == 'r')
S9689,UTF8StreamJsonParser.java,2770,int ch = buf[ptr] & 0xFF;
S9690,UTF8StreamJsonParser.java,2771,if (ch < INT_0 || (ch == INT_RBRACKET) || (ch == INT_RCURLY)) { // expected/allowed chars
S9691,UTF8StreamJsonParser.java,2772,_inputPtr = ptr;
S9692,UTF8StreamJsonParser.java,2773,return;
S9693,UTF8StreamJsonParser.java,2777,"_matchToken2(""true"", 1);"
S9694,UTF8StreamJsonParser.java,2782,int ptr = _inputPtr;
S9695,UTF8StreamJsonParser.java,2783,if ((ptr + 4) < _inputEnd) {
S9696,UTF8StreamJsonParser.java,2784,byte[] buf = _inputBuffer;
S9697,UTF8StreamJsonParser.java,2785,if ((buf[ptr++] == 'a')
S9698,UTF8StreamJsonParser.java,2789,int ch = buf[ptr] & 0xFF;
S9699,UTF8StreamJsonParser.java,2790,if (ch < INT_0 || (ch == INT_RBRACKET) || (ch == INT_RCURLY)) { // expected/allowed chars
S9700,UTF8StreamJsonParser.java,2791,_inputPtr = ptr;
S9701,UTF8StreamJsonParser.java,2792,return;
S9702,UTF8StreamJsonParser.java,2796,"_matchToken2(""false"", 1);"
S9703,UTF8StreamJsonParser.java,2801,int ptr = _inputPtr;
S9704,UTF8StreamJsonParser.java,2802,if ((ptr + 3) < _inputEnd) {
S9705,UTF8StreamJsonParser.java,2803,byte[] buf = _inputBuffer;
S9706,UTF8StreamJsonParser.java,2804,if ((buf[ptr++] == 'u')
S9707,UTF8StreamJsonParser.java,2807,int ch = buf[ptr] & 0xFF;
S9708,UTF8StreamJsonParser.java,2808,if (ch < INT_0 || (ch == INT_RBRACKET) || (ch == INT_RCURLY)) { // expected/allowed chars
S9709,UTF8StreamJsonParser.java,2809,_inputPtr = ptr;
S9710,UTF8StreamJsonParser.java,2810,return;
S9711,UTF8StreamJsonParser.java,2814,"_matchToken2(""null"", 1);"
S9712,UTF8StreamJsonParser.java,2819,final int len = matchStr.length();
S9713,UTF8StreamJsonParser.java,2820,if ((_inputPtr + len) >= _inputEnd) {
S9714,UTF8StreamJsonParser.java,2821,"_matchToken2(matchStr, i);"
S9715,UTF8StreamJsonParser.java,2822,return;
S9716,UTF8StreamJsonParser.java,2825,if (_inputBuffer[_inputPtr] != matchStr.charAt(i)) {
S9717,UTF8StreamJsonParser.java,2826,"_reportInvalidToken(matchStr.substring(0, i));"
S9718,UTF8StreamJsonParser.java,2828,++_inputPtr;
S9719,UTF8StreamJsonParser.java,2829,} while (++i < len);
S9720,UTF8StreamJsonParser.java,2831,int ch = _inputBuffer[_inputPtr] & 0xFF;
S9721,UTF8StreamJsonParser.java,2832,if (ch >= '0' && ch != ']' && ch != '}') { // expected/allowed chars
S9722,UTF8StreamJsonParser.java,2839,final int len = matchStr.length();
S9723,UTF8StreamJsonParser.java,2841,if (((_inputPtr >= _inputEnd) && !_loadMore())
S9724,UTF8StreamJsonParser.java,2843,"_reportInvalidToken(matchStr.substring(0, i));"
S9725,UTF8StreamJsonParser.java,2845,++_inputPtr;
S9726,UTF8StreamJsonParser.java,2846,} while (++i < len);
S9727,UTF8StreamJsonParser.java,2849,if (_inputPtr >= _inputEnd && !_loadMore()) {
S9728,UTF8StreamJsonParser.java,2850,return;
S9729,UTF8StreamJsonParser.java,2852,int ch = _inputBuffer[_inputPtr] & 0xFF;
S9730,UTF8StreamJsonParser.java,2853,if (ch >= '0' && ch != ']' && ch != '}') { // expected/allowed chars
S9731,UTF8StreamJsonParser.java,2854,"_checkMatchEnd(matchStr, i, ch);"
S9732,UTF8StreamJsonParser.java,2860,char c = (char) _decodeCharForError(ch);
S9733,UTF8StreamJsonParser.java,2861,if (Character.isJavaIdentifierPart(c)) {
S9734,UTF8StreamJsonParser.java,2862,"_reportInvalidToken(matchStr.substring(0, i));"
S9735,UTF8StreamJsonParser.java,2874,while (_inputPtr < _inputEnd) {
S9736,UTF8StreamJsonParser.java,2875,int i = _inputBuffer[_inputPtr++] & 0xFF;
S9737,UTF8StreamJsonParser.java,2876,if (i > INT_SPACE) {
S9738,UTF8StreamJsonParser.java,2877,if (i == INT_SLASH || i == INT_HASH) {
S9739,UTF8StreamJsonParser.java,2878,--_inputPtr;
S9740,UTF8StreamJsonParser.java,2879,return _skipWS2();
S9741,UTF8StreamJsonParser.java,2881,return i;
S9742,UTF8StreamJsonParser.java,2883,if (i != INT_SPACE) {
S9743,UTF8StreamJsonParser.java,2884,if (i == INT_LF) {
S9744,UTF8StreamJsonParser.java,2885,++_currInputRow;
S9745,UTF8StreamJsonParser.java,2886,_currInputRowStart = _inputPtr;
S9746,UTF8StreamJsonParser.java,2887,} else if (i == INT_CR) {
S9747,UTF8StreamJsonParser.java,2888,_skipCR();
S9748,UTF8StreamJsonParser.java,2894,return _skipWS2();
S9749,UTF8StreamJsonParser.java,2899,while (_inputPtr < _inputEnd || _loadMore()) {
S9750,UTF8StreamJsonParser.java,2900,int i = _inputBuffer[_inputPtr++] & 0xFF;
S9751,UTF8StreamJsonParser.java,2901,if (i > INT_SPACE) {
S9752,UTF8StreamJsonParser.java,2902,if (i == INT_SLASH) {
S9753,UTF8StreamJsonParser.java,2906,if (i == INT_HASH) {
S9754,UTF8StreamJsonParser.java,2907,if (_skipYAMLComment()) {
S9755,UTF8StreamJsonParser.java,2908,continue;
S9756,UTF8StreamJsonParser.java,2911,return i;
S9757,UTF8StreamJsonParser.java,2913,if (i != INT_SPACE) {
S9758,UTF8StreamJsonParser.java,2914,if (i == INT_LF) {
S9759,UTF8StreamJsonParser.java,2915,++_currInputRow;
S9760,UTF8StreamJsonParser.java,2916,_currInputRowStart = _inputPtr;
S9761,UTF8StreamJsonParser.java,2931,if (_inputPtr >= _inputEnd) {
S9762,UTF8StreamJsonParser.java,2932,if (!_loadMore()) {
S9763,UTF8StreamJsonParser.java,2933,return _eofAsNextChar();
S9764,UTF8StreamJsonParser.java,2936,int i = _inputBuffer[_inputPtr++] & 0xFF;
S9765,UTF8StreamJsonParser.java,2937,if (i > INT_SPACE) {
S9766,UTF8StreamJsonParser.java,2938,if (i == INT_SLASH || i == INT_HASH) {
S9767,UTF8StreamJsonParser.java,2939,--_inputPtr;
S9768,UTF8StreamJsonParser.java,2940,return _skipWSOrEnd2();
S9769,UTF8StreamJsonParser.java,2942,return i;
S9770,UTF8StreamJsonParser.java,2944,if (i != INT_SPACE) {
S9771,UTF8StreamJsonParser.java,2945,if (i == INT_LF) {
S9772,UTF8StreamJsonParser.java,2946,++_currInputRow;
S9773,UTF8StreamJsonParser.java,2947,_currInputRowStart = _inputPtr;
S9774,UTF8StreamJsonParser.java,2948,} else if (i == INT_CR) {
S9775,UTF8StreamJsonParser.java,2949,_skipCR();
S9776,UTF8StreamJsonParser.java,2950,} else if (i != INT_TAB) {
S9777,UTF8StreamJsonParser.java,2955,while (_inputPtr < _inputEnd) {
S9778,UTF8StreamJsonParser.java,2956,i = _inputBuffer[_inputPtr++] & 0xFF;
S9779,UTF8StreamJsonParser.java,2957,if (i > INT_SPACE) {
S9780,UTF8StreamJsonParser.java,2958,if (i == INT_SLASH || i == INT_HASH) {
S9781,UTF8StreamJsonParser.java,2959,--_inputPtr;
S9782,UTF8StreamJsonParser.java,2960,return _skipWSOrEnd2();
S9783,UTF8StreamJsonParser.java,2962,return i;
S9784,UTF8StreamJsonParser.java,2964,if (i != INT_SPACE) {
S9785,UTF8StreamJsonParser.java,2965,if (i == INT_LF) {
S9786,UTF8StreamJsonParser.java,2966,++_currInputRow;
S9787,UTF8StreamJsonParser.java,2967,_currInputRowStart = _inputPtr;
S9788,UTF8StreamJsonParser.java,2968,} else if (i == INT_CR) {
S9789,UTF8StreamJsonParser.java,2969,_skipCR();
S9790,UTF8StreamJsonParser.java,2975,return _skipWSOrEnd2();
S9791,UTF8StreamJsonParser.java,2980,while ((_inputPtr < _inputEnd) || _loadMore()) {
S9792,UTF8StreamJsonParser.java,2981,int i = _inputBuffer[_inputPtr++] & 0xFF;
S9793,UTF8StreamJsonParser.java,2982,if (i > INT_SPACE) {
S9794,UTF8StreamJsonParser.java,2983,if (i == INT_SLASH) {
S9795,UTF8StreamJsonParser.java,2984,_skipComment();
S9796,UTF8StreamJsonParser.java,2985,continue;
S9797,UTF8StreamJsonParser.java,2987,if (i == INT_HASH) {
S9798,UTF8StreamJsonParser.java,2988,if (_skipYAMLComment()) {
S9799,UTF8StreamJsonParser.java,2989,continue;
S9800,UTF8StreamJsonParser.java,2992,return i;
S9801,UTF8StreamJsonParser.java,2993,} else if (i != INT_SPACE) {
S9802,UTF8StreamJsonParser.java,2994,if (i == INT_LF) {
S9803,UTF8StreamJsonParser.java,2995,++_currInputRow;
S9804,UTF8StreamJsonParser.java,2996,_currInputRowStart = _inputPtr;
S9805,UTF8StreamJsonParser.java,2997,} else if (i == INT_CR) {
S9806,UTF8StreamJsonParser.java,2998,_skipCR();
S9807,UTF8StreamJsonParser.java,3005,return _eofAsNextChar();
S9808,UTF8StreamJsonParser.java,3010,if ((_inputPtr + 4) >= _inputEnd) {
S9809,UTF8StreamJsonParser.java,3011,return _skipColon2(false);
S9810,UTF8StreamJsonParser.java,3014,int i = _inputBuffer[_inputPtr];
S9811,UTF8StreamJsonParser.java,3015,"if (i == INT_COLON) { // common case, no leading space"
S9812,UTF8StreamJsonParser.java,3016,i = _inputBuffer[++_inputPtr];
S9813,UTF8StreamJsonParser.java,3017,if (i > INT_SPACE) { // nor trailing
S9814,UTF8StreamJsonParser.java,3018,if (i == INT_SLASH || i == INT_HASH) {
S9815,UTF8StreamJsonParser.java,3019,return _skipColon2(true);
S9816,UTF8StreamJsonParser.java,3021,++_inputPtr;
S9817,UTF8StreamJsonParser.java,3022,return i;
S9818,UTF8StreamJsonParser.java,3024,if (i == INT_SPACE || i == INT_TAB) {
S9819,UTF8StreamJsonParser.java,3025,i = (int) _inputBuffer[++_inputPtr];
S9820,UTF8StreamJsonParser.java,3026,if (i > INT_SPACE) {
S9821,UTF8StreamJsonParser.java,3027,if (i == INT_SLASH || i == INT_HASH) {
S9822,UTF8StreamJsonParser.java,3028,return _skipColon2(true);
S9823,UTF8StreamJsonParser.java,3030,++_inputPtr;
S9824,UTF8StreamJsonParser.java,3031,return i;
S9825,UTF8StreamJsonParser.java,3036,if (i == INT_SPACE || i == INT_TAB) {
S9826,UTF8StreamJsonParser.java,3037,i = _inputBuffer[++_inputPtr];
S9827,UTF8StreamJsonParser.java,3039,if (i == INT_COLON) {
S9828,UTF8StreamJsonParser.java,3040,i = _inputBuffer[++_inputPtr];
S9829,UTF8StreamJsonParser.java,3041,if (i > INT_SPACE) {
S9830,UTF8StreamJsonParser.java,3042,if (i == INT_SLASH || i == INT_HASH) {
S9831,UTF8StreamJsonParser.java,3043,return _skipColon2(true);
S9832,UTF8StreamJsonParser.java,3045,++_inputPtr;
S9833,UTF8StreamJsonParser.java,3046,return i;
S9834,UTF8StreamJsonParser.java,3048,if (i == INT_SPACE || i == INT_TAB) {
S9835,UTF8StreamJsonParser.java,3049,i = (int) _inputBuffer[++_inputPtr];
S9836,UTF8StreamJsonParser.java,3050,if (i > INT_SPACE) {
S9837,UTF8StreamJsonParser.java,3051,if (i == INT_SLASH || i == INT_HASH) {
S9838,UTF8StreamJsonParser.java,3054,++_inputPtr;
S9839,UTF8StreamJsonParser.java,3055,return i;
S9840,UTF8StreamJsonParser.java,3060,return _skipColon2(false);
S9841,UTF8StreamJsonParser.java,3065,while (_inputPtr < _inputEnd || _loadMore()) {
S9842,UTF8StreamJsonParser.java,3066,int i = _inputBuffer[_inputPtr++] & 0xFF;
S9843,UTF8StreamJsonParser.java,3068,if (i > INT_SPACE) {
S9844,UTF8StreamJsonParser.java,3069,if (i == INT_SLASH) {
S9845,UTF8StreamJsonParser.java,3070,_skipComment();
S9846,UTF8StreamJsonParser.java,3071,continue;
S9847,UTF8StreamJsonParser.java,3073,if (i == INT_HASH) {
S9848,UTF8StreamJsonParser.java,3074,if (_skipYAMLComment()) {
S9849,UTF8StreamJsonParser.java,3075,continue;
S9850,UTF8StreamJsonParser.java,3078,if (gotColon) {
S9851,UTF8StreamJsonParser.java,3079,return i;
S9852,UTF8StreamJsonParser.java,3081,if (i != INT_COLON) {
S9853,UTF8StreamJsonParser.java,3082,"_reportUnexpectedChar(i, ""was expecting a colon to separate field name and value"");"
S9854,UTF8StreamJsonParser.java,3084,gotColon = true;
S9855,UTF8StreamJsonParser.java,3085,} else if (i != INT_SPACE) {
S9856,UTF8StreamJsonParser.java,3086,if (i == INT_LF) {
S9857,UTF8StreamJsonParser.java,3087,++_currInputRow;
S9858,UTF8StreamJsonParser.java,3088,_currInputRowStart = _inputPtr;
S9859,UTF8StreamJsonParser.java,3089,} else if (i == INT_CR) {
S9860,UTF8StreamJsonParser.java,3091,} else if (i != INT_TAB) {
S9861,UTF8StreamJsonParser.java,3096,"_reportInvalidEOF("" within/between ""+_parsingContext.typeDesc()+"" entries"","
S9862,UTF8StreamJsonParser.java,3103,if (!isEnabled(Feature.ALLOW_COMMENTS)) {
S9863,UTF8StreamJsonParser.java,3104,"_reportUnexpectedChar('/', ""maybe a (non-standard) comment? (not recognized as one since Feature 'ALLOW_COMMENTS' not enabled for parser)"");"
S9864,UTF8StreamJsonParser.java,3107,if (_inputPtr >= _inputEnd && !_loadMore()) {
S9865,UTF8StreamJsonParser.java,3110,int c = _inputBuffer[_inputPtr++] & 0xFF;
S9866,UTF8StreamJsonParser.java,3111,if (c == INT_SLASH) {
S9867,UTF8StreamJsonParser.java,3112,_skipLine();
S9868,UTF8StreamJsonParser.java,3113,} else if (c == INT_ASTERISK) {
S9869,UTF8StreamJsonParser.java,3114,_skipCComment();
S9870,UTF8StreamJsonParser.java,3123,final int[] codes = CharTypes.getInputCodeComment();
S9871,UTF8StreamJsonParser.java,3127,while ((_inputPtr < _inputEnd) || _loadMore()) {
S9872,UTF8StreamJsonParser.java,3128,int i = (int) _inputBuffer[_inputPtr++] & 0xFF;
S9873,UTF8StreamJsonParser.java,3129,int code = codes[i];
S9874,UTF8StreamJsonParser.java,3130,if (code != 0) {
S9875,UTF8StreamJsonParser.java,3131,switch (code) {
S9876,UTF8StreamJsonParser.java,3133,if (_inputPtr >= _inputEnd && !_loadMore()) {
S9877,UTF8StreamJsonParser.java,3136,if (_inputBuffer[_inputPtr] == INT_SLASH) {
S9878,UTF8StreamJsonParser.java,3137,++_inputPtr;
S9879,UTF8StreamJsonParser.java,3138,return;
S9880,UTF8StreamJsonParser.java,3142,++_currInputRow;
S9881,UTF8StreamJsonParser.java,3143,_currInputRowStart = _inputPtr;
S9882,UTF8StreamJsonParser.java,3144,break;
S9883,UTF8StreamJsonParser.java,3149,_skipUtf8_2();
S9884,UTF8StreamJsonParser.java,3150,break;
S9885,UTF8StreamJsonParser.java,3168,if (!isEnabled(Feature.ALLOW_YAML_COMMENTS)) {
S9886,UTF8StreamJsonParser.java,3169,return false;
S9887,UTF8StreamJsonParser.java,3171,_skipLine();
S9888,UTF8StreamJsonParser.java,3172,return true;
S9889,UTF8StreamJsonParser.java,3182,final int[] codes = CharTypes.getInputCodeComment();
S9890,UTF8StreamJsonParser.java,3183,while ((_inputPtr < _inputEnd) || _loadMore()) {
S9891,UTF8StreamJsonParser.java,3184,int i = (int) _inputBuffer[_inputPtr++] & 0xFF;
S9892,UTF8StreamJsonParser.java,3185,int code = codes[i];
S9893,UTF8StreamJsonParser.java,3186,if (code != 0) {
S9894,UTF8StreamJsonParser.java,3187,switch (code) {
S9895,UTF8StreamJsonParser.java,3189,++_currInputRow;
S9896,UTF8StreamJsonParser.java,3190,_currInputRowStart = _inputPtr;
S9897,UTF8StreamJsonParser.java,3191,return;
S9898,UTF8StreamJsonParser.java,3219,if (_inputPtr >= _inputEnd) {
S9899,UTF8StreamJsonParser.java,3220,if (!_loadMore()) {
S9900,UTF8StreamJsonParser.java,3224,int c = (int) _inputBuffer[_inputPtr++];
S9901,UTF8StreamJsonParser.java,3226,switch (c) {
S9902,UTF8StreamJsonParser.java,3229,return '\b';
S9903,UTF8StreamJsonParser.java,3231,return '\t';
S9904,UTF8StreamJsonParser.java,3233,return '\n';
S9905,UTF8StreamJsonParser.java,3235,return '\f';
S9906,UTF8StreamJsonParser.java,3237,return '\r';
S9907,UTF8StreamJsonParser.java,3243,return (char) c;
S9908,UTF8StreamJsonParser.java,3246,break;
S9909,UTF8StreamJsonParser.java,3249,return _handleUnrecognizedCharacterEscape((char) _decodeCharForError(c));
S9910,UTF8StreamJsonParser.java,3253,int value = 0;
S9911,UTF8StreamJsonParser.java,3254,for (int i = 0; i < 4; ++i) {
S9912,UTF8StreamJsonParser.java,3255,if (_inputPtr >= _inputEnd) {
S9913,UTF8StreamJsonParser.java,3256,if (!_loadMore()) {
S9914,UTF8StreamJsonParser.java,3260,int ch = (int) _inputBuffer[_inputPtr++];
S9915,UTF8StreamJsonParser.java,3261,int digit = CharTypes.charToHex(ch);
S9916,UTF8StreamJsonParser.java,3262,if (digit < 0) {
S9917,UTF8StreamJsonParser.java,3265,value = (value << 4) | digit;
S9918,UTF8StreamJsonParser.java,3267,return (char) value;
S9919,UTF8StreamJsonParser.java,3272,int c = firstByte & 0xFF;
S9920,UTF8StreamJsonParser.java,3273,"if (c > 0x7F) { // if >= 0, is ascii and fine as is"
S9921,UTF8StreamJsonParser.java,3277,if ((c & 0xE0) == 0xC0) { // 2 bytes (0x0080 - 0x07FF)
S9922,UTF8StreamJsonParser.java,3278,c &= 0x1F;
S9923,UTF8StreamJsonParser.java,3279,needed = 1;
S9924,UTF8StreamJsonParser.java,3292,int d = nextByte();
S9925,UTF8StreamJsonParser.java,3293,if ((d & 0xC0) != 0x080) {
S9926,UTF8StreamJsonParser.java,3296,c = (c << 6) | (d & 0x3F);
S9927,UTF8StreamJsonParser.java,3298,if (needed > 1) { // needed == 1 means 2 bytes total
S9928,UTF8StreamJsonParser.java,3313,return c;
S9929,UTF8StreamJsonParser.java,3324,if (_inputPtr >= _inputEnd) {
S9930,UTF8StreamJsonParser.java,3325,_loadMoreGuaranteed();
S9931,UTF8StreamJsonParser.java,3327,int d = (int) _inputBuffer[_inputPtr++];
S9932,UTF8StreamJsonParser.java,3328,if ((d & 0xC0) != 0x080) {
S9933,UTF8StreamJsonParser.java,3331,return ((c & 0x1F) << 6) | (d & 0x3F);
S9934,UTF8StreamJsonParser.java,3336,if (_inputPtr >= _inputEnd) {
S9935,UTF8StreamJsonParser.java,3337,_loadMoreGuaranteed();
S9936,UTF8StreamJsonParser.java,3339,c1 &= 0x0F;
S9937,UTF8StreamJsonParser.java,3340,int d = (int) _inputBuffer[_inputPtr++];
S9938,UTF8StreamJsonParser.java,3341,if ((d & 0xC0) != 0x080) {
S9939,UTF8StreamJsonParser.java,3344,int c = (c1 << 6) | (d & 0x3F);
S9940,UTF8StreamJsonParser.java,3345,if (_inputPtr >= _inputEnd) {
S9941,UTF8StreamJsonParser.java,3346,_loadMoreGuaranteed();
S9942,UTF8StreamJsonParser.java,3348,d = (int) _inputBuffer[_inputPtr++];
S9943,UTF8StreamJsonParser.java,3349,if ((d & 0xC0) != 0x080) {
S9944,UTF8StreamJsonParser.java,3352,c = (c << 6) | (d & 0x3F);
S9945,UTF8StreamJsonParser.java,3353,return c;
S9946,UTF8StreamJsonParser.java,3358,c1 &= 0x0F;
S9947,UTF8StreamJsonParser.java,3359,int d = (int) _inputBuffer[_inputPtr++];
S9948,UTF8StreamJsonParser.java,3360,if ((d & 0xC0) != 0x080) {
S9949,UTF8StreamJsonParser.java,3363,int c = (c1 << 6) | (d & 0x3F);
S9950,UTF8StreamJsonParser.java,3364,d = (int) _inputBuffer[_inputPtr++];
S9951,UTF8StreamJsonParser.java,3365,if ((d & 0xC0) != 0x080) {
S9952,UTF8StreamJsonParser.java,3368,c = (c << 6) | (d & 0x3F);
S9953,UTF8StreamJsonParser.java,3369,return c;
S9954,UTF8StreamJsonParser.java,3378,if (_inputPtr >= _inputEnd) {
S9955,UTF8StreamJsonParser.java,3379,_loadMoreGuaranteed();
S9956,UTF8StreamJsonParser.java,3381,int d = (int) _inputBuffer[_inputPtr++];
S9957,UTF8StreamJsonParser.java,3382,if ((d & 0xC0) != 0x080) {
S9958,UTF8StreamJsonParser.java,3385,c = ((c & 0x07) << 6) | (d & 0x3F);
S9959,UTF8StreamJsonParser.java,3387,if (_inputPtr >= _inputEnd) {
S9960,UTF8StreamJsonParser.java,3388,_loadMoreGuaranteed();
S9961,UTF8StreamJsonParser.java,3390,d = (int) _inputBuffer[_inputPtr++];
S9962,UTF8StreamJsonParser.java,3391,if ((d & 0xC0) != 0x080) {
S9963,UTF8StreamJsonParser.java,3394,c = (c << 6) | (d & 0x3F);
S9964,UTF8StreamJsonParser.java,3395,if (_inputPtr >= _inputEnd) {
S9965,UTF8StreamJsonParser.java,3396,_loadMoreGuaranteed();
S9966,UTF8StreamJsonParser.java,3398,d = (int) _inputBuffer[_inputPtr++];
S9967,UTF8StreamJsonParser.java,3399,if ((d & 0xC0) != 0x080) {
S9968,UTF8StreamJsonParser.java,3406,return ((c << 6) | (d & 0x3F)) - 0x10000;
S9969,UTF8StreamJsonParser.java,3411,if (_inputPtr >= _inputEnd) {
S9970,UTF8StreamJsonParser.java,3412,_loadMoreGuaranteed();
S9971,UTF8StreamJsonParser.java,3414,int c = (int) _inputBuffer[_inputPtr++];
S9972,UTF8StreamJsonParser.java,3415,if ((c & 0xC0) != 0x080) {
S9973,UTF8StreamJsonParser.java,3444,if (_inputPtr >= _inputEnd) {
S9974,UTF8StreamJsonParser.java,3447,int d = (int) _inputBuffer[_inputPtr++];
S9975,UTF8StreamJsonParser.java,3448,if ((d & 0xC0) != 0x080) {
S9976,UTF8StreamJsonParser.java,3451,if (_inputPtr >= _inputEnd) {
S9977,UTF8StreamJsonParser.java,3454,d = (int) _inputBuffer[_inputPtr++];
S9978,UTF8StreamJsonParser.java,3455,if ((d & 0xC0) != 0x080) {
S9979,UTF8StreamJsonParser.java,3458,if (_inputPtr >= _inputEnd) {
S9980,UTF8StreamJsonParser.java,3461,d = (int) _inputBuffer[_inputPtr++];
S9981,UTF8StreamJsonParser.java,3462,if ((d & 0xC0) != 0x080) {
S9982,UTF8StreamJsonParser.java,3479,if (_inputPtr < _inputEnd || _loadMore()) {
S9983,UTF8StreamJsonParser.java,3480,if (_inputBuffer[_inputPtr] == BYTE_LF) {
S9984,UTF8StreamJsonParser.java,3481,++_inputPtr;
S9985,UTF8StreamJsonParser.java,3484,++_currInputRow;
S9986,UTF8StreamJsonParser.java,3485,_currInputRowStart = _inputPtr;
S9987,UTF8StreamJsonParser.java,3490,if (_inputPtr >= _inputEnd) {
S9988,UTF8StreamJsonParser.java,3493,return _inputBuffer[_inputPtr++] & 0xFF;
S9989,UTF8StreamJsonParser.java,3508,"_reportInvalidToken(matchedPart, ""'null', 'true', 'false' or NaN"");"
S9990,UTF8StreamJsonParser.java,3517,StringBuilder sb = new StringBuilder(matchedPart);
S9991,UTF8StreamJsonParser.java,3518,while ((_inputPtr < _inputEnd) || _loadMore()) {
S9992,UTF8StreamJsonParser.java,3519,int i = (int) _inputBuffer[_inputPtr++];
S9993,UTF8StreamJsonParser.java,3520,char c = (char) _decodeCharForError(i);
S9994,UTF8StreamJsonParser.java,3521,if (!Character.isJavaIdentifierPart(c)) {
S9995,UTF8StreamJsonParser.java,3524,break;
S9996,UTF8StreamJsonParser.java,3526,sb.append(c);
S9997,UTF8StreamJsonParser.java,3527,if (sb.length() >= MAX_ERROR_TOKEN_LENGTH) {
S9998,UTF8StreamJsonParser.java,3528,"sb.append(""..."");"
S9999,UTF8StreamJsonParser.java,3529,break;
S10000,UTF8StreamJsonParser.java,3532,"_reportError(""Unrecognized token '%s': was expecting %s"", sb, msg);"
S10001,UTF8StreamJsonParser.java,3572,ByteArrayBuilder builder = _getByteArrayBuilder();
S10002,UTF8StreamJsonParser.java,3578,if (_inputPtr >= _inputEnd) {
S10003,UTF8StreamJsonParser.java,3579,_loadMoreGuaranteed();
S10004,UTF8StreamJsonParser.java,3581,ch = (int) _inputBuffer[_inputPtr++] & 0xFF;
S10005,UTF8StreamJsonParser.java,3582,} while (ch <= INT_SPACE);
S10006,UTF8StreamJsonParser.java,3583,int bits = b64variant.decodeBase64Char(ch);
S10007,UTF8StreamJsonParser.java,3584,"if (bits < 0) { // reached the end, fair and square?"
S10008,UTF8StreamJsonParser.java,3585,if (ch == INT_QUOTE) {
S10009,UTF8StreamJsonParser.java,3586,return builder.toByteArray();
S10010,UTF8StreamJsonParser.java,3588,"bits = _decodeBase64Escape(b64variant, ch, 0);"
S10011,UTF8StreamJsonParser.java,3589,if (bits < 0) { // white space to skip
S10012,UTF8StreamJsonParser.java,3590,continue;
S10013,UTF8StreamJsonParser.java,3593,int decodedData = bits;
S10014,UTF8StreamJsonParser.java,3597,if (_inputPtr >= _inputEnd) {
S10015,UTF8StreamJsonParser.java,3598,_loadMoreGuaranteed();
S10016,UTF8StreamJsonParser.java,3600,ch = _inputBuffer[_inputPtr++] & 0xFF;
S10017,UTF8StreamJsonParser.java,3601,bits = b64variant.decodeBase64Char(ch);
S10018,UTF8StreamJsonParser.java,3602,if (bits < 0) {
S10019,UTF8StreamJsonParser.java,3603,"bits = _decodeBase64Escape(b64variant, ch, 1);"
S10020,UTF8StreamJsonParser.java,3605,decodedData = (decodedData << 6) | bits;
S10021,UTF8StreamJsonParser.java,3608,if (_inputPtr >= _inputEnd) {
S10022,UTF8StreamJsonParser.java,3609,_loadMoreGuaranteed();
S10023,UTF8StreamJsonParser.java,3611,ch = _inputBuffer[_inputPtr++] & 0xFF;
S10024,UTF8StreamJsonParser.java,3612,bits = b64variant.decodeBase64Char(ch);
S10025,UTF8StreamJsonParser.java,3615,if (bits < 0) {
S10026,UTF8StreamJsonParser.java,3616,if (bits != Base64Variant.BASE64_VALUE_PADDING) {
S10027,UTF8StreamJsonParser.java,3618,if (ch == INT_QUOTE) {
S10028,UTF8StreamJsonParser.java,3619,decodedData >>= 4;
S10029,UTF8StreamJsonParser.java,3620,builder.append(decodedData);
S10030,UTF8StreamJsonParser.java,3621,if (b64variant.usesPadding()) {
S10031,UTF8StreamJsonParser.java,3622,--_inputPtr; // to keep parser state bit more consistent
S10032,UTF8StreamJsonParser.java,3623,_handleBase64MissingPadding(b64variant);
S10033,UTF8StreamJsonParser.java,3625,return builder.toByteArray();
S10034,UTF8StreamJsonParser.java,3627,"bits = _decodeBase64Escape(b64variant, ch, 2);"
S10035,UTF8StreamJsonParser.java,3629,if (bits == Base64Variant.BASE64_VALUE_PADDING) {
S10036,UTF8StreamJsonParser.java,3631,if (_inputPtr >= _inputEnd) {
S10037,UTF8StreamJsonParser.java,3632,_loadMoreGuaranteed();
S10038,UTF8StreamJsonParser.java,3634,ch = _inputBuffer[_inputPtr++] & 0xFF;
S10039,UTF8StreamJsonParser.java,3635,if (!b64variant.usesPaddingChar(ch)) {
S10040,UTF8StreamJsonParser.java,3636,"if (_decodeBase64Escape(b64variant, ch, 3) != Base64Variant.BASE64_VALUE_PADDING) {"
S10041,UTF8StreamJsonParser.java,3641,decodedData >>= 4;
S10042,UTF8StreamJsonParser.java,3642,builder.append(decodedData);
S10043,UTF8StreamJsonParser.java,3643,continue;
S10044,UTF8StreamJsonParser.java,3647,decodedData = (decodedData << 6) | bits;
S10045,UTF8StreamJsonParser.java,3649,if (_inputPtr >= _inputEnd) {
S10046,UTF8StreamJsonParser.java,3650,_loadMoreGuaranteed();
S10047,UTF8StreamJsonParser.java,3652,ch = _inputBuffer[_inputPtr++] & 0xFF;
S10048,UTF8StreamJsonParser.java,3653,bits = b64variant.decodeBase64Char(ch);
S10049,UTF8StreamJsonParser.java,3654,if (bits < 0) {
S10050,UTF8StreamJsonParser.java,3655,if (bits != Base64Variant.BASE64_VALUE_PADDING) {
S10051,UTF8StreamJsonParser.java,3657,if (ch == INT_QUOTE) {
S10052,UTF8StreamJsonParser.java,3658,decodedData >>= 2;
S10053,UTF8StreamJsonParser.java,3659,builder.appendTwoBytes(decodedData);
S10054,UTF8StreamJsonParser.java,3660,if (b64variant.usesPadding()) {
S10055,UTF8StreamJsonParser.java,3661,--_inputPtr; // to keep parser state bit more consistent
S10056,UTF8StreamJsonParser.java,3662,_handleBase64MissingPadding(b64variant);
S10057,UTF8StreamJsonParser.java,3664,return builder.toByteArray();
S10058,UTF8StreamJsonParser.java,3666,"bits = _decodeBase64Escape(b64variant, ch, 3);"
S10059,UTF8StreamJsonParser.java,3668,if (bits == Base64Variant.BASE64_VALUE_PADDING) {
S10060,UTF8StreamJsonParser.java,3672,decodedData >>= 2;
S10061,UTF8StreamJsonParser.java,3673,builder.appendTwoBytes(decodedData);
S10062,UTF8StreamJsonParser.java,3674,continue;
S10063,UTF8StreamJsonParser.java,3678,decodedData = (decodedData << 6) | bits;
S10064,UTF8StreamJsonParser.java,3679,builder.appendThreeBytes(decodedData);
S10065,UTF8StreamJsonParser.java,3693,if (_currToken == JsonToken.FIELD_NAME) {
S10066,UTF8StreamJsonParser.java,3694,long total = _currInputProcessed + (_nameStartOffset-1);
S10067,UTF8StreamJsonParser.java,3695,"return new JsonLocation(_getSourceReference(),"
S10068,UTF8StreamJsonParser.java,3698,"return new JsonLocation(_getSourceReference(),"
S10069,UTF8StreamJsonParser.java,3706,int col = _inputPtr - _currInputRowStart + 1; // 1-based
S10070,UTF8StreamJsonParser.java,3707,"return new JsonLocation(_getSourceReference(),"
S10071,UTF8StreamJsonParser.java,3715,_tokenInputRow = _currInputRow;
S10072,UTF8StreamJsonParser.java,3716,final int ptr = _inputPtr;
S10073,UTF8StreamJsonParser.java,3717,_tokenInputTotal = _currInputProcessed + ptr;
S10074,UTF8StreamJsonParser.java,3718,_tokenInputCol = ptr - _currInputRowStart;
S10075,UTF8StreamJsonParser.java,3724,_nameStartRow = _currInputRow;
S10076,UTF8StreamJsonParser.java,3725,final int ptr = _inputPtr;
S10077,UTF8StreamJsonParser.java,3726,_nameStartOffset = ptr;
S10078,UTF8StreamJsonParser.java,3727,_nameStartCol = ptr - _currInputRowStart;
S10079,UTF8StreamJsonParser.java,3746,_updateLocation();
S10080,UTF8StreamJsonParser.java,3747,if (!_parsingContext.inArray()) {
S10081,UTF8StreamJsonParser.java,3748,"_reportMismatchedEndMarker(']', '}');"
S10082,UTF8StreamJsonParser.java,3750,_parsingContext = _parsingContext.clearAndGetParent();
S10083,UTF8StreamJsonParser.java,3754,_updateLocation();
S10084,UTF8StreamJsonParser.java,3755,if (!_parsingContext.inObject()) {
S10085,UTF8StreamJsonParser.java,3756,"_reportMismatchedEndMarker('}', ']');"
S10086,UTF8StreamJsonParser.java,3758,_parsingContext = _parsingContext.clearAndGetParent();
S10087,UTF8Writer.java,31,_context = ctxt;
S10088,UTF8Writer.java,32,_out = out;
S10089,UTF8Writer.java,34,_outBuffer = ctxt.allocWriteEncodingBuffer();
S10090,UTF8Writer.java,39,_outBufferEnd = _outBuffer.length - 4;
S10091,UTF8Writer.java,40,_outPtr = 0;
S10092,UTF8Writer.java,47,write(c);
S10093,UTF8Writer.java,48,return this;
S10094,UTF8Writer.java,55,if (_out != null) {
S10095,UTF8Writer.java,56,if (_outPtr > 0) {
S10096,UTF8Writer.java,57,"_out.write(_outBuffer, 0, _outPtr);"
S10097,UTF8Writer.java,58,_outPtr = 0;
S10098,UTF8Writer.java,60,OutputStream out = _out;
S10099,UTF8Writer.java,61,_out = null;
S10100,UTF8Writer.java,63,byte[] buf = _outBuffer;
S10101,UTF8Writer.java,64,if (buf != null) {
S10102,UTF8Writer.java,65,_outBuffer = null;
S10103,UTF8Writer.java,66,_context.releaseWriteEncodingBuffer(buf);
S10104,UTF8Writer.java,69,out.close();
S10105,UTF8Writer.java,74,int code = _surrogate;
S10106,UTF8Writer.java,75,_surrogate = 0;
S10107,UTF8Writer.java,76,if (code > 0) {
S10108,UTF8Writer.java,86,if (_out != null) {
S10109,UTF8Writer.java,87,if (_outPtr > 0) {
S10110,UTF8Writer.java,88,"_out.write(_outBuffer, 0, _outPtr);"
S10111,UTF8Writer.java,89,_outPtr = 0;
S10112,UTF8Writer.java,91,_out.flush();
S10113,UTF8Writer.java,99,"write(cbuf, 0, cbuf.length);"
S10114,UTF8Writer.java,106,if (len < 2) {
S10115,UTF8Writer.java,107,if (len == 1) {
S10116,UTF8Writer.java,108,write(cbuf[off]);
S10117,UTF8Writer.java,110,return;
S10118,UTF8Writer.java,114,if (_surrogate > 0) {
S10119,UTF8Writer.java,121,int outPtr = _outPtr;
S10120,UTF8Writer.java,122,byte[] outBuf = _outBuffer;
S10121,UTF8Writer.java,123,int outBufLast = _outBufferEnd; // has 4 'spare' bytes
S10122,UTF8Writer.java,126,len += off; // len will now be the end of input buffer
S10123,UTF8Writer.java,129,for (; off < len; ) {
S10124,UTF8Writer.java,133,if (outPtr >= outBufLast) {
S10125,UTF8Writer.java,138,int c = cbuf[off++];
S10126,UTF8Writer.java,140,"if (c < 0x80) { // If so, can do a tight inner loop:"
S10127,UTF8Writer.java,141,outBuf[outPtr++] = (byte)c;
S10128,UTF8Writer.java,143,int maxInCount = (len - off);
S10129,UTF8Writer.java,144,int maxOutCount = (outBufLast - outPtr);
S10130,UTF8Writer.java,146,if (maxInCount > maxOutCount) {
S10131,UTF8Writer.java,149,maxInCount += off;
S10132,UTF8Writer.java,152,if (off >= maxInCount) { // done with max. ascii seq
S10133,UTF8Writer.java,155,c = cbuf[off++];
S10134,UTF8Writer.java,156,if (c >= 0x80) {
S10135,UTF8Writer.java,157,break ascii_loop;
S10136,UTF8Writer.java,159,outBuf[outPtr++] = (byte) c;
S10137,UTF8Writer.java,164,if (c < 0x800) { // 2-byte
S10138,UTF8Writer.java,165,outBuf[outPtr++] = (byte) (0xc0 | (c >> 6));
S10139,UTF8Writer.java,166,outBuf[outPtr++] = (byte) (0x80 | (c & 0x3f));
S10140,UTF8Writer.java,169,if (c < SURR1_FIRST || c > SURR2_LAST) {
S10141,UTF8Writer.java,170,outBuf[outPtr++] = (byte) (0xe0 | (c >> 12));
S10142,UTF8Writer.java,171,outBuf[outPtr++] = (byte) (0x80 | ((c >> 6) & 0x3f));
S10143,UTF8Writer.java,172,outBuf[outPtr++] = (byte) (0x80 | (c & 0x3f));
S10144,UTF8Writer.java,173,continue;
S10145,UTF8Writer.java,196,_outPtr = outPtr;
S10146,UTF8Writer.java,203,if (_surrogate > 0) {
S10147,UTF8Writer.java,204,c = convertSurrogate(c);
S10148,UTF8Writer.java,206,} else if (c >= SURR1_FIRST && c <= SURR2_LAST) {
S10149,UTF8Writer.java,208,if (c > SURR1_LAST) {
S10150,UTF8Writer.java,209,illegalSurrogate(c);
S10151,UTF8Writer.java,212,_surrogate = c;
S10152,UTF8Writer.java,213,return;
S10153,UTF8Writer.java,216,"if (_outPtr >= _outBufferEnd) { // let's require enough room, first"
S10154,UTF8Writer.java,221,if (c < 0x80) { // ascii
S10155,UTF8Writer.java,222,_outBuffer[_outPtr++] = (byte) c;
S10156,UTF8Writer.java,224,int ptr = _outPtr;
S10157,UTF8Writer.java,225,if (c < 0x800) { // 2-byte
S10158,UTF8Writer.java,228,} else if (c <= 0xFFFF) { // 3 bytes
S10159,UTF8Writer.java,233,if (c > 0x10FFFF) { // illegal
S10160,UTF8Writer.java,236,_outBuffer[ptr++] = (byte) (0xf0 | (c >> 18));
S10161,UTF8Writer.java,237,_outBuffer[ptr++] = (byte) (0x80 | ((c >> 12) & 0x3f));
S10162,UTF8Writer.java,238,_outBuffer[ptr++] = (byte) (0x80 | ((c >> 6) & 0x3f));
S10163,UTF8Writer.java,239,_outBuffer[ptr++] = (byte) (0x80 | (c & 0x3f));
S10164,UTF8Writer.java,241,_outPtr = ptr;
S10165,UTF8Writer.java,248,"write(str, 0, str.length());"
S10166,UTF8Writer.java,254,if (len < 2) {
S10167,UTF8Writer.java,255,if (len == 1) {
S10168,UTF8Writer.java,256,write(str.charAt(off));
S10169,UTF8Writer.java,262,if (_surrogate > 0) {
S10170,UTF8Writer.java,269,int outPtr = _outPtr;
S10171,UTF8Writer.java,270,byte[] outBuf = _outBuffer;
S10172,UTF8Writer.java,271,int outBufLast = _outBufferEnd; // has 4 'spare' bytes
S10173,UTF8Writer.java,274,len += off; // len will now be the end of input buffer
S10174,UTF8Writer.java,277,for (; off < len; ) {
S10175,UTF8Writer.java,281,if (outPtr >= outBufLast) {
S10176,UTF8Writer.java,286,int c = str.charAt(off++);
S10177,UTF8Writer.java,288,"if (c < 0x80) { // If so, can do a tight inner loop:"
S10178,UTF8Writer.java,289,outBuf[outPtr++] = (byte)c;
S10179,UTF8Writer.java,291,int maxInCount = (len - off);
S10180,UTF8Writer.java,292,int maxOutCount = (outBufLast - outPtr);
S10181,UTF8Writer.java,294,if (maxInCount > maxOutCount) {
S10182,UTF8Writer.java,297,maxInCount += off;
S10183,UTF8Writer.java,300,if (off >= maxInCount) { // done with max. ascii seq
S10184,UTF8Writer.java,303,c = str.charAt(off++);
S10185,UTF8Writer.java,304,if (c >= 0x80) {
S10186,UTF8Writer.java,305,break ascii_loop;
S10187,UTF8Writer.java,307,outBuf[outPtr++] = (byte) c;
S10188,UTF8Writer.java,312,if (c < 0x800) { // 2-byte
S10189,UTF8Writer.java,313,outBuf[outPtr++] = (byte) (0xc0 | (c >> 6));
S10190,UTF8Writer.java,314,outBuf[outPtr++] = (byte) (0x80 | (c & 0x3f));
S10191,UTF8Writer.java,317,if (c < SURR1_FIRST || c > SURR2_LAST) {
S10192,UTF8Writer.java,318,outBuf[outPtr++] = (byte) (0xe0 | (c >> 12));
S10193,UTF8Writer.java,319,outBuf[outPtr++] = (byte) (0x80 | ((c >> 6) & 0x3f));
S10194,UTF8Writer.java,320,outBuf[outPtr++] = (byte) (0x80 | (c & 0x3f));
S10195,UTF8Writer.java,321,continue;
S10196,UTF8Writer.java,324,if (c > SURR1_LAST) { // must be from first range
S10197,UTF8Writer.java,328,_surrogate = c;
S10198,UTF8Writer.java,330,if (off >= len) { // unless we hit the end?
S10199,UTF8Writer.java,333,c = convertSurrogate(str.charAt(off++));
S10200,UTF8Writer.java,334,"if (c > 0x10FFFF) { // illegal, as per RFC 4627"
S10201,UTF8Writer.java,338,outBuf[outPtr++] = (byte) (0xf0 | (c >> 18));
S10202,UTF8Writer.java,339,outBuf[outPtr++] = (byte) (0x80 | ((c >> 12) & 0x3f));
S10203,UTF8Writer.java,340,outBuf[outPtr++] = (byte) (0x80 | ((c >> 6) & 0x3f));
S10204,UTF8Writer.java,341,outBuf[outPtr++] = (byte) (0x80 | (c & 0x3f));
S10205,UTF8Writer.java,344,_outPtr = outPtr;
S10206,UTF8Writer.java,359,int firstPart = _surrogate;
S10207,UTF8Writer.java,360,_surrogate = 0;
S10208,UTF8Writer.java,363,if (secondPart < SURR2_FIRST || secondPart > SURR2_LAST) {
S10209,UTF8Writer.java,364,"throw new IOException(""Broken surrogate pair: first char 0x""+Integer.toHexString(firstPart)+"", second 0x""+Integer.toHexString(secondPart)+""; illegal combination"");"
S10210,UTF8Writer.java,366,return 0x10000 + ((firstPart - SURR1_FIRST) << 10) + (secondPart - SURR2_FIRST);
S10211,UTF8Writer.java,370,throw new IOException(illegalSurrogateDesc(code));
S10212,UTF8Writer.java,375,if (code > 0x10FFFF) { // over max?
S10213,UTF8Writer.java,378,if (code >= SURR1_FIRST) {
S10214,UTF8Writer.java,379,if (code <= SURR1_LAST) { // Unmatched first part (closing without second part?)
S10215,UTF8Writer.java,382,"return ""Unmatched second part of surrogate pair (0x""+Integer.toHexString(code)+"")"";"
S10216,Version.java,21,"private final static Version UNKNOWN_VERSION = new Version(0, 0, 0, null, null, null);"
S10217,Version.java,53,_majorVersion = major;
S10218,Version.java,54,_minorVersion = minor;
S10219,Version.java,55,_patchLevel = patchLevel;
S10220,Version.java,56,_snapshotInfo = snapshotInfo;
S10221,Version.java,57,"_groupId = (groupId == null) ? """" : groupId;"
S10222,Version.java,58,"_artifactId = (artifactId == null) ? """" : artifactId;"
S10223,Version.java,65,public static Version unknownVersion() { return UNKNOWN_VERSION; }
S10224,Version.java,72,public boolean isSnapshot() { return (_snapshotInfo != null && _snapshotInfo.length() > 0); }
S10225,Version.java,88,return _groupId + '/' + _artifactId + '/' + toString();
S10226,Version.java,92,StringBuilder sb = new StringBuilder();
S10227,Version.java,93,sb.append(_majorVersion).append('.');
S10228,Version.java,94,sb.append(_minorVersion).append('.');
S10229,Version.java,95,sb.append(_patchLevel);
S10230,Version.java,96,if (isSnapshot()) {
S10231,Version.java,99,return sb.toString();
S10232,Version.java,109,if (o == this) return true;
S10233,Version.java,110,if (o == null) return false;
S10234,Version.java,111,if (o.getClass() != getClass()) return false;
S10235,Version.java,112,Version other = (Version) o;
S10236,Version.java,113,return (other._majorVersion == _majorVersion)
S10237,VersionUtil.java,28,"private final static Pattern V_SEP = Pattern.compile(""[-_./;:]"");"
S10238,VersionUtil.java,58,Version version = packageVersionFor(cls);
S10239,VersionUtil.java,59,return version == null ? Version.unknownVersion() : version;
S10240,VersionUtil.java,71,Version v = null;
S10241,VersionUtil.java,73,"String versionInfoClassName = cls.getPackage().getName() + "".PackageVersion"";"
S10242,VersionUtil.java,74,"Class<?> vClass = Class.forName(versionInfoClassName, true, cls.getClassLoader());"
S10243,VersionUtil.java,77,v = ((Versioned) vClass.getDeclaredConstructor().newInstance()).version();
S10244,VersionUtil.java,81,} catch (Exception e) { // ok to be missing (not good but acceptable)
S10245,VersionUtil.java,84,return (v == null) ? Version.unknownVersion() : v;
S10246,VersionUtil.java,105,"InputStream pomProperties = cl.getResourceAsStream(""META-INF/maven/"""
S10247,VersionUtil.java,107,if (pomProperties != null) {
S10248,VersionUtil.java,109,Properties props = new Properties();
S10249,VersionUtil.java,110,props.load(pomProperties);
S10250,VersionUtil.java,111,"String versionStr = props.getProperty(""version"");"
S10251,VersionUtil.java,112,"String pomPropertiesArtifactId = props.getProperty(""artifactId"");"
S10252,VersionUtil.java,113,"String pomPropertiesGroupId = props.getProperty(""groupId"");"
S10253,VersionUtil.java,114,"return parseVersion(versionStr, pomPropertiesGroupId, pomPropertiesArtifactId);"
S10254,VersionUtil.java,118,_close(pomProperties);
S10255,VersionUtil.java,129,if (s != null && (s = s.trim()).length() > 0) {
S10256,VersionUtil.java,130,String[] parts = V_SEP.split(s);
S10257,VersionUtil.java,131,"return new Version(parseVersionPart(parts[0]),"
S10258,VersionUtil.java,141,int number = 0;
S10259,VersionUtil.java,142,"for (int i = 0, len = s.length(); i < len; ++i) {"
S10260,VersionUtil.java,143,char c = s.charAt(i);
S10261,VersionUtil.java,144,if (c > '9' || c < '0') break;
S10262,VersionUtil.java,145,number = (number * 10) + (c - '0');
S10263,VersionUtil.java,147,return number;
S10264,VersionUtil.java,152,c.close();
S10265,VersionUtil.java,153,} catch (IOException e) { }
S10266,WritableTypeId.java,34,public enum Inclusion {
S10267,WritableTypeId.java,40,"WRAPPER_ARRAY,"
S10268,WritableTypeId.java,48,"WRAPPER_OBJECT,"
S10269,WritableTypeId.java,60,"METADATA_PROPERTY,"
S10270,WritableTypeId.java,76,"PAYLOAD_PROPERTY,"
S10271,WritableTypeId.java,92,PARENT_PROPERTY;
S10272,WriterBasedJsonGenerator.java,22,final protected static char[] HEX_CHARS = CharTypes.copyHexChars();
S10273,WriterBasedJsonGenerator.java,38,"protected char _quoteChar = '""'; // TODO: make configurable"
S10274,WriterBasedJsonGenerator.java,98,"super(ctxt, features, codec);"
S10275,WriterBasedJsonGenerator.java,99,_writer = w;
S10276,WriterBasedJsonGenerator.java,100,_outputBuffer = ctxt.allocConcatBuffer();
S10277,WriterBasedJsonGenerator.java,101,_outputEnd = _outputBuffer.length;
S10278,WriterBasedJsonGenerator.java,112,return _writer;
S10279,WriterBasedJsonGenerator.java,118,int len = _outputTail - _outputHead;
S10280,WriterBasedJsonGenerator.java,119,"return Math.max(0, len);"
S10281,WriterBasedJsonGenerator.java,124,public boolean canWriteFormattedNumbers() { return true; }
S10282,WriterBasedJsonGenerator.java,135,int status = _writeContext.writeFieldName(name);
S10283,WriterBasedJsonGenerator.java,136,if (status == JsonWriteContext.STATUS_EXPECT_VALUE) {
S10284,WriterBasedJsonGenerator.java,137,"_reportError(""Can not write a field name, expecting a value"");"
S10285,WriterBasedJsonGenerator.java,139,"_writeFieldName(name, (status == JsonWriteContext.STATUS_OK_AFTER_COMMA));"
S10286,WriterBasedJsonGenerator.java,146,int status = _writeContext.writeFieldName(name.getValue());
S10287,WriterBasedJsonGenerator.java,147,if (status == JsonWriteContext.STATUS_EXPECT_VALUE) {
S10288,WriterBasedJsonGenerator.java,150,"_writeFieldName(name, (status == JsonWriteContext.STATUS_OK_AFTER_COMMA));"
S10289,WriterBasedJsonGenerator.java,155,if (_cfgPrettyPrinter != null) {
S10290,WriterBasedJsonGenerator.java,156,"_writePPFieldName(name, commaBefore);"
S10291,WriterBasedJsonGenerator.java,157,return;
S10292,WriterBasedJsonGenerator.java,160,if ((_outputTail + 1) >= _outputEnd) {
S10293,WriterBasedJsonGenerator.java,163,if (commaBefore) {
S10294,WriterBasedJsonGenerator.java,164,"_outputBuffer[_outputTail++] = ',';"
S10295,WriterBasedJsonGenerator.java,167,if (_cfgUnqNames) {
S10296,WriterBasedJsonGenerator.java,168,_writeString(name);
S10297,WriterBasedJsonGenerator.java,169,return;
S10298,WriterBasedJsonGenerator.java,172,_outputBuffer[_outputTail++] = _quoteChar;
S10299,WriterBasedJsonGenerator.java,174,_writeString(name);
S10300,WriterBasedJsonGenerator.java,176,if (_outputTail >= _outputEnd) {
S10301,WriterBasedJsonGenerator.java,179,_outputBuffer[_outputTail++] = _quoteChar;
S10302,WriterBasedJsonGenerator.java,184,if (_cfgPrettyPrinter != null) {
S10303,WriterBasedJsonGenerator.java,189,if ((_outputTail + 1) >= _outputEnd) {
S10304,WriterBasedJsonGenerator.java,192,if (commaBefore) {
S10305,WriterBasedJsonGenerator.java,193,"_outputBuffer[_outputTail++] = ',';"
S10306,WriterBasedJsonGenerator.java,196,final char[] quoted = name.asQuotedChars();
S10307,WriterBasedJsonGenerator.java,197,if (_cfgUnqNames) {
S10308,WriterBasedJsonGenerator.java,202,_outputBuffer[_outputTail++] = _quoteChar;
S10309,WriterBasedJsonGenerator.java,204,final int qlen = quoted.length;
S10310,WriterBasedJsonGenerator.java,205,if ((_outputTail + qlen + 1) >= _outputEnd) {
S10311,WriterBasedJsonGenerator.java,213,"System.arraycopy(quoted, 0, _outputBuffer, _outputTail, qlen);"
S10312,WriterBasedJsonGenerator.java,214,_outputTail += qlen;
S10313,WriterBasedJsonGenerator.java,215,_outputBuffer[_outputTail++] = _quoteChar;
S10314,WriterBasedJsonGenerator.java,228,"_verifyValueWrite(""start an array"");"
S10315,WriterBasedJsonGenerator.java,229,_writeContext = _writeContext.createChildArrayContext();
S10316,WriterBasedJsonGenerator.java,230,if (_cfgPrettyPrinter != null) {
S10317,WriterBasedJsonGenerator.java,231,_cfgPrettyPrinter.writeStartArray(this);
S10318,WriterBasedJsonGenerator.java,233,if (_outputTail >= _outputEnd) {
S10319,WriterBasedJsonGenerator.java,236,_outputBuffer[_outputTail++] = '[';
S10320,WriterBasedJsonGenerator.java,243,if (!_writeContext.inArray()) {
S10321,WriterBasedJsonGenerator.java,244,"_reportError(""Current context not Array but ""+_writeContext.typeDesc());"
S10322,WriterBasedJsonGenerator.java,246,if (_cfgPrettyPrinter != null) {
S10323,WriterBasedJsonGenerator.java,247,"_cfgPrettyPrinter.writeEndArray(this, _writeContext.getEntryCount());"
S10324,WriterBasedJsonGenerator.java,249,if (_outputTail >= _outputEnd) {
S10325,WriterBasedJsonGenerator.java,252,_outputBuffer[_outputTail++] = ']';
S10326,WriterBasedJsonGenerator.java,254,_writeContext = _writeContext.clearAndGetParent();
S10327,WriterBasedJsonGenerator.java,260,"_verifyValueWrite(""start an object"");"
S10328,WriterBasedJsonGenerator.java,261,JsonWriteContext ctxt = _writeContext.createChildObjectContext();
S10329,WriterBasedJsonGenerator.java,262,_writeContext = ctxt;
S10330,WriterBasedJsonGenerator.java,263,if (forValue != null) {
S10331,WriterBasedJsonGenerator.java,264,ctxt.setCurrentValue(forValue);
S10332,WriterBasedJsonGenerator.java,266,if (_cfgPrettyPrinter != null) {
S10333,WriterBasedJsonGenerator.java,269,if (_outputTail >= _outputEnd) {
S10334,WriterBasedJsonGenerator.java,272,_outputBuffer[_outputTail++] = '{';
S10335,WriterBasedJsonGenerator.java,279,"_verifyValueWrite(""start an object"");"
S10336,WriterBasedJsonGenerator.java,280,_writeContext = _writeContext.createChildObjectContext();
S10337,WriterBasedJsonGenerator.java,281,if (_cfgPrettyPrinter != null) {
S10338,WriterBasedJsonGenerator.java,282,_cfgPrettyPrinter.writeStartObject(this);
S10339,WriterBasedJsonGenerator.java,284,if (_outputTail >= _outputEnd) {
S10340,WriterBasedJsonGenerator.java,287,_outputBuffer[_outputTail++] = '{';
S10341,WriterBasedJsonGenerator.java,294,if (!_writeContext.inObject()) {
S10342,WriterBasedJsonGenerator.java,295,"_reportError(""Current context not Object but ""+_writeContext.typeDesc());"
S10343,WriterBasedJsonGenerator.java,297,if (_cfgPrettyPrinter != null) {
S10344,WriterBasedJsonGenerator.java,298,"_cfgPrettyPrinter.writeEndObject(this, _writeContext.getEntryCount());"
S10345,WriterBasedJsonGenerator.java,300,if (_outputTail >= _outputEnd) {
S10346,WriterBasedJsonGenerator.java,303,_outputBuffer[_outputTail++] = '}';
S10347,WriterBasedJsonGenerator.java,305,_writeContext = _writeContext.clearAndGetParent();
S10348,WriterBasedJsonGenerator.java,314,if (commaBefore) {
S10349,WriterBasedJsonGenerator.java,315,_cfgPrettyPrinter.writeObjectEntrySeparator(this);
S10350,WriterBasedJsonGenerator.java,317,_cfgPrettyPrinter.beforeObjectEntries(this);
S10351,WriterBasedJsonGenerator.java,320,"if (_cfgUnqNames) {// non-standard, omit quotes"
S10352,WriterBasedJsonGenerator.java,323,if (_outputTail >= _outputEnd) {
S10353,WriterBasedJsonGenerator.java,326,_outputBuffer[_outputTail++] = _quoteChar;
S10354,WriterBasedJsonGenerator.java,327,_writeString(name);
S10355,WriterBasedJsonGenerator.java,328,if (_outputTail >= _outputEnd) {
S10356,WriterBasedJsonGenerator.java,331,_outputBuffer[_outputTail++] = _quoteChar;
S10357,WriterBasedJsonGenerator.java,368,_verifyValueWrite(WRITE_STRING);
S10358,WriterBasedJsonGenerator.java,369,if (text == null) {
S10359,WriterBasedJsonGenerator.java,370,_writeNull();
S10360,WriterBasedJsonGenerator.java,371,return;
S10361,WriterBasedJsonGenerator.java,373,if (_outputTail >= _outputEnd) {
S10362,WriterBasedJsonGenerator.java,376,_outputBuffer[_outputTail++] = _quoteChar;
S10363,WriterBasedJsonGenerator.java,377,_writeString(text);
S10364,WriterBasedJsonGenerator.java,379,if (_outputTail >= _outputEnd) {
S10365,WriterBasedJsonGenerator.java,382,_outputBuffer[_outputTail++] = _quoteChar;
S10366,WriterBasedJsonGenerator.java,387,_verifyValueWrite(WRITE_STRING);
S10367,WriterBasedJsonGenerator.java,388,if (reader == null) {
S10368,WriterBasedJsonGenerator.java,389,"_reportError(""null reader"");"
S10369,WriterBasedJsonGenerator.java,391,int toRead = (len >= 0) ? len : Integer.MAX_VALUE;
S10370,WriterBasedJsonGenerator.java,392,final char[] buf = _allocateCopyBuffer();
S10371,WriterBasedJsonGenerator.java,394,if ((_outputTail + len) >= _outputEnd) {
S10372,WriterBasedJsonGenerator.java,397,_outputBuffer[_outputTail++] = _quoteChar;
S10373,WriterBasedJsonGenerator.java,400,while (toRead > 0) {
S10374,WriterBasedJsonGenerator.java,401,"int toReadNow = Math.min(toRead, buf.length);"
S10375,WriterBasedJsonGenerator.java,402,"int numRead = reader.read(buf, 0, toReadNow);"
S10376,WriterBasedJsonGenerator.java,403,if (numRead <= 0) {
S10377,WriterBasedJsonGenerator.java,404,break;
S10378,WriterBasedJsonGenerator.java,406,if ((_outputTail + len) >= _outputEnd) {
S10379,WriterBasedJsonGenerator.java,409,"_writeString(buf, 0, numRead);"
S10380,WriterBasedJsonGenerator.java,412,toRead -= numRead;
S10381,WriterBasedJsonGenerator.java,415,if ((_outputTail + len) >= _outputEnd) {
S10382,WriterBasedJsonGenerator.java,418,_outputBuffer[_outputTail++] = _quoteChar;
S10383,WriterBasedJsonGenerator.java,420,if (toRead > 0 && len >= 0) {
S10384,WriterBasedJsonGenerator.java,421,"_reportError(""Didn't read enough from reader"");"
S10385,WriterBasedJsonGenerator.java,428,_verifyValueWrite(WRITE_STRING);
S10386,WriterBasedJsonGenerator.java,429,if (_outputTail >= _outputEnd) {
S10387,WriterBasedJsonGenerator.java,432,_outputBuffer[_outputTail++] = _quoteChar;
S10388,WriterBasedJsonGenerator.java,433,"_writeString(text, offset, len);"
S10389,WriterBasedJsonGenerator.java,435,if (_outputTail >= _outputEnd) {
S10390,WriterBasedJsonGenerator.java,438,_outputBuffer[_outputTail++] = _quoteChar;
S10391,WriterBasedJsonGenerator.java,444,_verifyValueWrite(WRITE_STRING);
S10392,WriterBasedJsonGenerator.java,445,if (_outputTail >= _outputEnd) {
S10393,WriterBasedJsonGenerator.java,448,_outputBuffer[_outputTail++] = _quoteChar;
S10394,WriterBasedJsonGenerator.java,450,char[] text = sstr.asQuotedChars();
S10395,WriterBasedJsonGenerator.java,451,final int len = text.length;
S10396,WriterBasedJsonGenerator.java,453,if (len < SHORT_WRITE) {
S10397,WriterBasedJsonGenerator.java,454,int room = _outputEnd - _outputTail;
S10398,WriterBasedJsonGenerator.java,455,if (len > room) {
S10399,WriterBasedJsonGenerator.java,458,"System.arraycopy(text, 0, _outputBuffer, _outputTail, len);"
S10400,WriterBasedJsonGenerator.java,459,_outputTail += len;
S10401,WriterBasedJsonGenerator.java,460,} else {
S10402,WriterBasedJsonGenerator.java,465,if (_outputTail >= _outputEnd) {
S10403,WriterBasedJsonGenerator.java,468,_outputBuffer[_outputTail++] = _quoteChar;
S10404,WriterBasedJsonGenerator.java,493,int len = text.length();
S10405,WriterBasedJsonGenerator.java,494,int room = _outputEnd - _outputTail;
S10406,WriterBasedJsonGenerator.java,496,if (room == 0) {
S10407,WriterBasedJsonGenerator.java,497,_flushBuffer();
S10408,WriterBasedJsonGenerator.java,498,room = _outputEnd - _outputTail;
S10409,WriterBasedJsonGenerator.java,501,if (room >= len) {
S10410,WriterBasedJsonGenerator.java,502,"text.getChars(0, len, _outputBuffer, _outputTail);"
S10411,WriterBasedJsonGenerator.java,503,_outputTail += len;
S10412,WriterBasedJsonGenerator.java,505,writeRawLong(text);
S10413,WriterBasedJsonGenerator.java,531,writeRaw(text.getValue());
S10414,WriterBasedJsonGenerator.java,538,if (len < SHORT_WRITE) {
S10415,WriterBasedJsonGenerator.java,539,int room = _outputEnd - _outputTail;
S10416,WriterBasedJsonGenerator.java,540,if (len > room) {
S10417,WriterBasedJsonGenerator.java,543,"System.arraycopy(text, offset, _outputBuffer, _outputTail, len);"
S10418,WriterBasedJsonGenerator.java,544,_outputTail += len;
S10419,WriterBasedJsonGenerator.java,545,return;
S10420,WriterBasedJsonGenerator.java,555,if (_outputTail >= _outputEnd) {
S10421,WriterBasedJsonGenerator.java,558,_outputBuffer[_outputTail++] = c;
S10422,WriterBasedJsonGenerator.java,563,int room = _outputEnd - _outputTail;
S10423,WriterBasedJsonGenerator.java,565,"text.getChars(0, room, _outputBuffer, _outputTail);"
S10424,WriterBasedJsonGenerator.java,566,_outputTail += room;
S10425,WriterBasedJsonGenerator.java,567,_flushBuffer();
S10426,WriterBasedJsonGenerator.java,568,int offset = room;
S10427,WriterBasedJsonGenerator.java,569,int len = text.length() - room;
S10428,WriterBasedJsonGenerator.java,571,while (len > _outputEnd) {
S10429,WriterBasedJsonGenerator.java,572,int amount = _outputEnd;
S10430,WriterBasedJsonGenerator.java,573,"text.getChars(offset, offset+amount, _outputBuffer, 0);"
S10431,WriterBasedJsonGenerator.java,574,_outputHead = 0;
S10432,WriterBasedJsonGenerator.java,575,_outputTail = amount;
S10433,WriterBasedJsonGenerator.java,576,_flushBuffer();
S10434,WriterBasedJsonGenerator.java,577,offset += amount;
S10435,WriterBasedJsonGenerator.java,578,len -= amount;
S10436,WriterBasedJsonGenerator.java,581,"text.getChars(offset, offset+len, _outputBuffer, 0);"
S10437,WriterBasedJsonGenerator.java,582,_outputHead = 0;
S10438,WriterBasedJsonGenerator.java,583,_outputTail = len;
S10439,WriterBasedJsonGenerator.java,596,_verifyValueWrite(WRITE_BINARY);
S10440,WriterBasedJsonGenerator.java,598,if (_outputTail >= _outputEnd) {
S10441,WriterBasedJsonGenerator.java,601,_outputBuffer[_outputTail++] = _quoteChar;
S10442,WriterBasedJsonGenerator.java,602,"_writeBinary(b64variant, data, offset, offset+len);"
S10443,WriterBasedJsonGenerator.java,604,if (_outputTail >= _outputEnd) {
S10444,WriterBasedJsonGenerator.java,607,_outputBuffer[_outputTail++] = _quoteChar;
S10445,WriterBasedJsonGenerator.java,615,_verifyValueWrite(WRITE_BINARY);
S10446,WriterBasedJsonGenerator.java,617,if (_outputTail >= _outputEnd) {
S10447,WriterBasedJsonGenerator.java,620,_outputBuffer[_outputTail++] = _quoteChar;
S10448,WriterBasedJsonGenerator.java,621,byte[] encodingBuffer = _ioContext.allocBase64Buffer();
S10449,WriterBasedJsonGenerator.java,624,if (dataLength < 0) { // length unknown
S10450,WriterBasedJsonGenerator.java,625,"bytes = _writeBinary(b64variant, data, encodingBuffer);"
S10451,WriterBasedJsonGenerator.java,627,"int missing = _writeBinary(b64variant, data, encodingBuffer, dataLength);"
S10452,WriterBasedJsonGenerator.java,628,if (missing > 0) {
S10453,WriterBasedJsonGenerator.java,631,bytes = dataLength;
S10454,WriterBasedJsonGenerator.java,634,_ioContext.releaseBase64Buffer(encodingBuffer);
S10455,WriterBasedJsonGenerator.java,637,if (_outputTail >= _outputEnd) {
S10456,WriterBasedJsonGenerator.java,640,_outputBuffer[_outputTail++] = _quoteChar;
S10457,WriterBasedJsonGenerator.java,641,return bytes;
S10458,WriterBasedJsonGenerator.java,653,_verifyValueWrite(WRITE_NUMBER);
S10459,WriterBasedJsonGenerator.java,654,if (_cfgNumbersAsStrings) {
S10460,WriterBasedJsonGenerator.java,659,if ((_outputTail + 6) >= _outputEnd) {
S10461,WriterBasedJsonGenerator.java,662,"_outputTail = NumberOutput.outputInt(s, _outputBuffer, _outputTail);"
S10462,WriterBasedJsonGenerator.java,677,_verifyValueWrite(WRITE_NUMBER);
S10463,WriterBasedJsonGenerator.java,678,if (_cfgNumbersAsStrings) {
S10464,WriterBasedJsonGenerator.java,679,_writeQuotedInt(i);
S10465,WriterBasedJsonGenerator.java,680,return;
S10466,WriterBasedJsonGenerator.java,683,if ((_outputTail + 11) >= _outputEnd) {
S10467,WriterBasedJsonGenerator.java,684,_flushBuffer();
S10468,WriterBasedJsonGenerator.java,686,"_outputTail = NumberOutput.outputInt(i, _outputBuffer, _outputTail);"
S10469,WriterBasedJsonGenerator.java,690,if ((_outputTail + 13) >= _outputEnd) {
S10470,WriterBasedJsonGenerator.java,693,_outputBuffer[_outputTail++] = _quoteChar;
S10471,WriterBasedJsonGenerator.java,694,"_outputTail = NumberOutput.outputInt(i, _outputBuffer, _outputTail);"
S10472,WriterBasedJsonGenerator.java,695,_outputBuffer[_outputTail++] = _quoteChar;
S10473,WriterBasedJsonGenerator.java,701,_verifyValueWrite(WRITE_NUMBER);
S10474,WriterBasedJsonGenerator.java,702,if (_cfgNumbersAsStrings) {
S10475,WriterBasedJsonGenerator.java,703,_writeQuotedLong(l);
S10476,WriterBasedJsonGenerator.java,704,return;
S10477,WriterBasedJsonGenerator.java,706,if ((_outputTail + 21) >= _outputEnd) {
S10478,WriterBasedJsonGenerator.java,708,_flushBuffer();
S10479,WriterBasedJsonGenerator.java,710,"_outputTail = NumberOutput.outputLong(l, _outputBuffer, _outputTail);"
S10480,WriterBasedJsonGenerator.java,714,if ((_outputTail + 23) >= _outputEnd) {
S10481,WriterBasedJsonGenerator.java,717,_outputBuffer[_outputTail++] = _quoteChar;
S10482,WriterBasedJsonGenerator.java,718,"_outputTail = NumberOutput.outputLong(l, _outputBuffer, _outputTail);"
S10483,WriterBasedJsonGenerator.java,719,_outputBuffer[_outputTail++] = _quoteChar;
S10484,WriterBasedJsonGenerator.java,727,_verifyValueWrite(WRITE_NUMBER);
S10485,WriterBasedJsonGenerator.java,728,if (value == null) {
S10486,WriterBasedJsonGenerator.java,730,} else if (_cfgNumbersAsStrings) {
S10487,WriterBasedJsonGenerator.java,731,_writeQuotedRaw(value.toString());
S10488,WriterBasedJsonGenerator.java,733,writeRaw(value.toString());
S10489,WriterBasedJsonGenerator.java,741,if (_cfgNumbersAsStrings ||
S10490,WriterBasedJsonGenerator.java,744,writeString(String.valueOf(d));
S10491,WriterBasedJsonGenerator.java,745,return;
S10492,WriterBasedJsonGenerator.java,748,_verifyValueWrite(WRITE_NUMBER);
S10493,WriterBasedJsonGenerator.java,749,writeRaw(String.valueOf(d));
S10494,WriterBasedJsonGenerator.java,755,if (_cfgNumbersAsStrings ||
S10495,WriterBasedJsonGenerator.java,758,writeString(String.valueOf(f));
S10496,WriterBasedJsonGenerator.java,759,return;
S10497,WriterBasedJsonGenerator.java,762,_verifyValueWrite(WRITE_NUMBER);
S10498,WriterBasedJsonGenerator.java,763,writeRaw(String.valueOf(f));
S10499,WriterBasedJsonGenerator.java,770,_verifyValueWrite(WRITE_NUMBER);
S10500,WriterBasedJsonGenerator.java,771,if (value == null) {
S10501,WriterBasedJsonGenerator.java,772,_writeNull();
S10502,WriterBasedJsonGenerator.java,773,} else  if (_cfgNumbersAsStrings) {
S10503,WriterBasedJsonGenerator.java,774,_writeQuotedRaw(_asString(value));
S10504,WriterBasedJsonGenerator.java,776,writeRaw(_asString(value));
S10505,WriterBasedJsonGenerator.java,783,_verifyValueWrite(WRITE_NUMBER);
S10506,WriterBasedJsonGenerator.java,784,if (_cfgNumbersAsStrings) {
S10507,WriterBasedJsonGenerator.java,785,_writeQuotedRaw(encodedValue);
S10508,WriterBasedJsonGenerator.java,787,writeRaw(encodedValue);
S10509,WriterBasedJsonGenerator.java,793,if (_outputTail >= _outputEnd) {
S10510,WriterBasedJsonGenerator.java,796,_outputBuffer[_outputTail++] = _quoteChar;
S10511,WriterBasedJsonGenerator.java,797,writeRaw(value);
S10512,WriterBasedJsonGenerator.java,798,if (_outputTail >= _outputEnd) {
S10513,WriterBasedJsonGenerator.java,801,_outputBuffer[_outputTail++] = _quoteChar;
S10514,WriterBasedJsonGenerator.java,807,_verifyValueWrite(WRITE_BOOLEAN);
S10515,WriterBasedJsonGenerator.java,808,if ((_outputTail + 5) >= _outputEnd) {
S10516,WriterBasedJsonGenerator.java,811,int ptr = _outputTail;
S10517,WriterBasedJsonGenerator.java,812,char[] buf = _outputBuffer;
S10518,WriterBasedJsonGenerator.java,813,if (state) {
S10519,WriterBasedJsonGenerator.java,814,buf[ptr] = 't';
S10520,WriterBasedJsonGenerator.java,815,buf[++ptr] = 'r';
S10521,WriterBasedJsonGenerator.java,816,buf[++ptr] = 'u';
S10522,WriterBasedJsonGenerator.java,817,buf[++ptr] = 'e';
S10523,WriterBasedJsonGenerator.java,819,buf[ptr] = 'f';
S10524,WriterBasedJsonGenerator.java,820,buf[++ptr] = 'a';
S10525,WriterBasedJsonGenerator.java,821,buf[++ptr] = 'l';
S10526,WriterBasedJsonGenerator.java,822,buf[++ptr] = 's';
S10527,WriterBasedJsonGenerator.java,823,buf[++ptr] = 'e';
S10528,WriterBasedJsonGenerator.java,825,_outputTail = ptr+1;
S10529,WriterBasedJsonGenerator.java,830,_verifyValueWrite(WRITE_NULL);
S10530,WriterBasedJsonGenerator.java,831,_writeNull();
S10531,WriterBasedJsonGenerator.java,843,final int status = _writeContext.writeValue();
S10532,WriterBasedJsonGenerator.java,844,if (_cfgPrettyPrinter != null) {
S10533,WriterBasedJsonGenerator.java,846,"_verifyPrettyValueWrite(typeMsg, status);"
S10534,WriterBasedJsonGenerator.java,847,return;
S10535,WriterBasedJsonGenerator.java,850,switch (status) {
S10536,WriterBasedJsonGenerator.java,853,return;
S10537,WriterBasedJsonGenerator.java,855,"c = ',';"
S10538,WriterBasedJsonGenerator.java,856,break;
S10539,WriterBasedJsonGenerator.java,858,c = ':';
S10540,WriterBasedJsonGenerator.java,859,break;
S10541,WriterBasedJsonGenerator.java,861,if (_rootValueSeparator != null) {
S10542,WriterBasedJsonGenerator.java,862,writeRaw(_rootValueSeparator.getValue());
S10543,WriterBasedJsonGenerator.java,864,return;
S10544,WriterBasedJsonGenerator.java,866,_reportCantWriteValueExpectName(typeMsg);
S10545,WriterBasedJsonGenerator.java,869,if (_outputTail >= _outputEnd) {
S10546,WriterBasedJsonGenerator.java,870,_flushBuffer();
S10547,WriterBasedJsonGenerator.java,872,_outputBuffer[_outputTail++] = c;
S10548,WriterBasedJsonGenerator.java,884,_flushBuffer();
S10549,WriterBasedJsonGenerator.java,885,if (_writer != null) {
S10550,WriterBasedJsonGenerator.java,886,if (isEnabled(Feature.FLUSH_PASSED_TO_STREAM)) {
S10551,WriterBasedJsonGenerator.java,887,_writer.flush();
S10552,WriterBasedJsonGenerator.java,895,super.close();
S10553,WriterBasedJsonGenerator.java,901,if (_outputBuffer != null
S10554,WriterBasedJsonGenerator.java,904,JsonStreamContext ctxt = getOutputContext();
S10555,WriterBasedJsonGenerator.java,905,if (ctxt.inArray()) {
S10556,WriterBasedJsonGenerator.java,906,writeEndArray();
S10557,WriterBasedJsonGenerator.java,907,} else if (ctxt.inObject()) {
S10558,WriterBasedJsonGenerator.java,908,writeEndObject();
S10559,WriterBasedJsonGenerator.java,914,_flushBuffer();
S10560,WriterBasedJsonGenerator.java,915,_outputHead = 0;
S10561,WriterBasedJsonGenerator.java,916,_outputTail = 0;
S10562,WriterBasedJsonGenerator.java,924,if (_writer != null) {
S10563,WriterBasedJsonGenerator.java,925,if (_ioContext.isResourceManaged() || isEnabled(Feature.AUTO_CLOSE_TARGET)) {
S10564,WriterBasedJsonGenerator.java,926,_writer.close();
S10565,WriterBasedJsonGenerator.java,927,} else  if (isEnabled(Feature.FLUSH_PASSED_TO_STREAM)) {
S10566,WriterBasedJsonGenerator.java,933,_releaseBuffers();
S10567,WriterBasedJsonGenerator.java,939,char[] buf = _outputBuffer;
S10568,WriterBasedJsonGenerator.java,940,if (buf != null) {
S10569,WriterBasedJsonGenerator.java,941,_outputBuffer = null;
S10570,WriterBasedJsonGenerator.java,942,_ioContext.releaseConcatBuffer(buf);
S10571,WriterBasedJsonGenerator.java,944,buf = _charBuffer;
S10572,WriterBasedJsonGenerator.java,945,if (buf != null) {
S10573,WriterBasedJsonGenerator.java,946,_charBuffer = null;
S10574,WriterBasedJsonGenerator.java,947,_ioContext.releaseNameCopyBuffer(buf);
S10575,WriterBasedJsonGenerator.java,964,final int len = text.length();
S10576,WriterBasedJsonGenerator.java,965,if (len > _outputEnd) { // Let's reserve space for entity at begin/end
S10577,WriterBasedJsonGenerator.java,966,_writeLongString(text);
S10578,WriterBasedJsonGenerator.java,967,return;
S10579,WriterBasedJsonGenerator.java,972,if ((_outputTail + len) > _outputEnd) {
S10580,WriterBasedJsonGenerator.java,975,"text.getChars(0, len, _outputBuffer, _outputTail);"
S10581,WriterBasedJsonGenerator.java,977,if (_characterEscapes != null) {
S10582,WriterBasedJsonGenerator.java,978,_writeStringCustom(len);
S10583,WriterBasedJsonGenerator.java,979,} else if (_maximumNonEscapedChar != 0) {
S10584,WriterBasedJsonGenerator.java,980,"_writeStringASCII(len, _maximumNonEscapedChar);"
S10585,WriterBasedJsonGenerator.java,982,_writeString2(len);
S10586,WriterBasedJsonGenerator.java,989,final int end = _outputTail + len;
S10587,WriterBasedJsonGenerator.java,990,final int[] escCodes = _outputEscapes;
S10588,WriterBasedJsonGenerator.java,991,final int escLen = escCodes.length;
S10589,WriterBasedJsonGenerator.java,994,while (_outputTail < end) {
S10590,WriterBasedJsonGenerator.java,998,char c = _outputBuffer[_outputTail];
S10591,WriterBasedJsonGenerator.java,999,if (c < escLen && escCodes[c] != 0) {
S10592,WriterBasedJsonGenerator.java,1000,break escape_loop;
S10593,WriterBasedJsonGenerator.java,1002,if (++_outputTail >= end) {
S10594,WriterBasedJsonGenerator.java,1003,break output_loop;
S10595,WriterBasedJsonGenerator.java,1011,int flushLen = (_outputTail - _outputHead);
S10596,WriterBasedJsonGenerator.java,1012,if (flushLen > 0) {
S10597,WriterBasedJsonGenerator.java,1013,"_writer.write(_outputBuffer, _outputHead, flushLen);"
S10598,WriterBasedJsonGenerator.java,1018,char c = _outputBuffer[_outputTail++];
S10599,WriterBasedJsonGenerator.java,1019,"_prependOrWriteCharacterEscape(c, escCodes[c]);"
S10600,WriterBasedJsonGenerator.java,1030,_flushBuffer();
S10601,WriterBasedJsonGenerator.java,1033,final int textLen = text.length();
S10602,WriterBasedJsonGenerator.java,1034,int offset = 0;
S10603,WriterBasedJsonGenerator.java,1036,int max = _outputEnd;
S10604,WriterBasedJsonGenerator.java,1037,int segmentLen = ((offset + max) > textLen)
S10605,WriterBasedJsonGenerator.java,1039,"text.getChars(offset, offset+segmentLen, _outputBuffer, 0);"
S10606,WriterBasedJsonGenerator.java,1040,if (_characterEscapes != null) {
S10607,WriterBasedJsonGenerator.java,1042,} else if (_maximumNonEscapedChar != 0) {
S10608,WriterBasedJsonGenerator.java,1045,_writeSegment(segmentLen);
S10609,WriterBasedJsonGenerator.java,1047,offset += segmentLen;
S10610,WriterBasedJsonGenerator.java,1048,} while (offset < textLen);
S10611,WriterBasedJsonGenerator.java,1062,final int[] escCodes = _outputEscapes;
S10612,WriterBasedJsonGenerator.java,1063,final int escLen = escCodes.length;
S10613,WriterBasedJsonGenerator.java,1065,int ptr = 0;
S10614,WriterBasedJsonGenerator.java,1066,int start = ptr;
S10615,WriterBasedJsonGenerator.java,1069,while (ptr < end) {
S10616,WriterBasedJsonGenerator.java,1073,c = _outputBuffer[ptr];
S10617,WriterBasedJsonGenerator.java,1074,if (c < escLen && escCodes[c] != 0) {
S10618,WriterBasedJsonGenerator.java,1075,break;
S10619,WriterBasedJsonGenerator.java,1077,if (++ptr >= end) {
S10620,WriterBasedJsonGenerator.java,1078,break;
S10621,WriterBasedJsonGenerator.java,1086,int flushLen = (ptr - start);
S10622,WriterBasedJsonGenerator.java,1087,if (flushLen > 0) {
S10623,WriterBasedJsonGenerator.java,1088,"_writer.write(_outputBuffer, start, flushLen);"
S10624,WriterBasedJsonGenerator.java,1089,if (ptr >= end) {
S10625,WriterBasedJsonGenerator.java,1090,break output_loop;
S10626,WriterBasedJsonGenerator.java,1093,++ptr;
S10627,WriterBasedJsonGenerator.java,1095,"start = _prependOrWriteCharacterEscape(_outputBuffer, ptr, end, c, escCodes[c]);"
S10628,WriterBasedJsonGenerator.java,1105,if (_characterEscapes != null) {
S10629,WriterBasedJsonGenerator.java,1109,if (_maximumNonEscapedChar != 0) {
S10630,WriterBasedJsonGenerator.java,1118,len += offset; // -> len marks the end from now on
S10631,WriterBasedJsonGenerator.java,1119,final int[] escCodes = _outputEscapes;
S10632,WriterBasedJsonGenerator.java,1120,final int escLen = escCodes.length;
S10633,WriterBasedJsonGenerator.java,1121,while (offset < len) {
S10634,WriterBasedJsonGenerator.java,1122,int start = offset;
S10635,WriterBasedJsonGenerator.java,1125,char c = text[offset];
S10636,WriterBasedJsonGenerator.java,1126,if (c < escLen && escCodes[c] != 0) {
S10637,WriterBasedJsonGenerator.java,1127,break;
S10638,WriterBasedJsonGenerator.java,1129,if (++offset >= len) {
S10639,WriterBasedJsonGenerator.java,1130,break;
S10640,WriterBasedJsonGenerator.java,1135,int newAmount = offset - start;
S10641,WriterBasedJsonGenerator.java,1136,if (newAmount < SHORT_WRITE) {
S10642,WriterBasedJsonGenerator.java,1138,if ((_outputTail + newAmount) > _outputEnd) {
S10643,WriterBasedJsonGenerator.java,1139,_flushBuffer();
S10644,WriterBasedJsonGenerator.java,1141,if (newAmount > 0) {
S10645,WriterBasedJsonGenerator.java,1142,"System.arraycopy(text, start, _outputBuffer, _outputTail, newAmount);"
S10646,WriterBasedJsonGenerator.java,1143,_outputTail += newAmount;
S10647,WriterBasedJsonGenerator.java,1146,_flushBuffer();
S10648,WriterBasedJsonGenerator.java,1147,"_writer.write(text, start, newAmount);"
S10649,WriterBasedJsonGenerator.java,1150,if (offset >= len) { // yup
S10650,WriterBasedJsonGenerator.java,1151,break;
S10651,WriterBasedJsonGenerator.java,1154,char c = text[offset++];
S10652,WriterBasedJsonGenerator.java,1155,"_appendCharacterEscape(c, escCodes[c]);"
S10653,WriterBasedJsonGenerator.java,1173,int end = _outputTail + len;
S10654,WriterBasedJsonGenerator.java,1174,final int[] escCodes = _outputEscapes;
S10655,WriterBasedJsonGenerator.java,1175,"final int escLimit = Math.min(escCodes.length, maxNonEscaped+1);"
S10656,WriterBasedJsonGenerator.java,1176,int escCode = 0;
S10657,WriterBasedJsonGenerator.java,1179,while (_outputTail < end) {
S10658,WriterBasedJsonGenerator.java,1184,c = _outputBuffer[_outputTail];
S10659,WriterBasedJsonGenerator.java,1185,if (c < escLimit) {
S10660,WriterBasedJsonGenerator.java,1186,escCode = escCodes[c];
S10661,WriterBasedJsonGenerator.java,1187,if (escCode != 0) {
S10662,WriterBasedJsonGenerator.java,1190,} else if (c > maxNonEscaped) {
S10663,WriterBasedJsonGenerator.java,1191,escCode = CharacterEscapes.ESCAPE_STANDARD;
S10664,WriterBasedJsonGenerator.java,1192,break escape_loop;
S10665,WriterBasedJsonGenerator.java,1194,if (++_outputTail >= end) {
S10666,WriterBasedJsonGenerator.java,1195,break output_loop;
S10667,WriterBasedJsonGenerator.java,1198,int flushLen = (_outputTail - _outputHead);
S10668,WriterBasedJsonGenerator.java,1199,if (flushLen > 0) {
S10669,WriterBasedJsonGenerator.java,1200,"_writer.write(_outputBuffer, _outputHead, flushLen);"
S10670,WriterBasedJsonGenerator.java,1202,++_outputTail;
S10671,WriterBasedJsonGenerator.java,1203,"_prependOrWriteCharacterEscape(c, escCode);"
S10672,WriterBasedJsonGenerator.java,1317,int end = _outputTail + len;
S10673,WriterBasedJsonGenerator.java,1318,final int[] escCodes = _outputEscapes;
S10674,WriterBasedJsonGenerator.java,1319,final int maxNonEscaped = (_maximumNonEscapedChar < 1) ? 0xFFFF : _maximumNonEscapedChar;
S10675,WriterBasedJsonGenerator.java,1320,"final int escLimit = Math.min(escCodes.length, maxNonEscaped+1);"
S10676,WriterBasedJsonGenerator.java,1321,int escCode = 0;
S10677,WriterBasedJsonGenerator.java,1322,final CharacterEscapes customEscapes = _characterEscapes;
S10678,WriterBasedJsonGenerator.java,1325,while (_outputTail < end) {
S10679,WriterBasedJsonGenerator.java,1330,c = _outputBuffer[_outputTail];
S10680,WriterBasedJsonGenerator.java,1331,if (c < escLimit) {
S10681,WriterBasedJsonGenerator.java,1332,escCode = escCodes[c];
S10682,WriterBasedJsonGenerator.java,1333,if (escCode != 0) {
S10683,WriterBasedJsonGenerator.java,1334,break escape_loop;
S10684,WriterBasedJsonGenerator.java,1336,} else if (c > maxNonEscaped) {
S10685,WriterBasedJsonGenerator.java,1337,escCode = CharacterEscapes.ESCAPE_STANDARD;
S10686,WriterBasedJsonGenerator.java,1338,break escape_loop;
S10687,WriterBasedJsonGenerator.java,1340,if ((_currentEscape = customEscapes.getEscapeSequence(c)) != null) {
S10688,WriterBasedJsonGenerator.java,1341,escCode = CharacterEscapes.ESCAPE_CUSTOM;
S10689,WriterBasedJsonGenerator.java,1342,break escape_loop;
S10690,WriterBasedJsonGenerator.java,1345,if (++_outputTail >= end) {
S10691,WriterBasedJsonGenerator.java,1346,break output_loop;
S10692,WriterBasedJsonGenerator.java,1349,int flushLen = (_outputTail - _outputHead);
S10693,WriterBasedJsonGenerator.java,1350,if (flushLen > 0) {
S10694,WriterBasedJsonGenerator.java,1351,"_writer.write(_outputBuffer, _outputHead, flushLen);"
S10695,WriterBasedJsonGenerator.java,1353,++_outputTail;
S10696,WriterBasedJsonGenerator.java,1354,"_prependOrWriteCharacterEscape(c, escCode);"
S10697,WriterBasedJsonGenerator.java,1477,int safeInputEnd = inputEnd - 3;
S10698,WriterBasedJsonGenerator.java,1479,int safeOutputEnd = _outputEnd - 6;
S10699,WriterBasedJsonGenerator.java,1480,int chunksBeforeLF = b64variant.getMaxLineLength() >> 2;
S10700,WriterBasedJsonGenerator.java,1483,while (inputPtr <= safeInputEnd) {
S10701,WriterBasedJsonGenerator.java,1484,if (_outputTail > safeOutputEnd) { // need to flush
S10702,WriterBasedJsonGenerator.java,1485,_flushBuffer();
S10703,WriterBasedJsonGenerator.java,1488,int b24 = ((int) input[inputPtr++]) << 8;
S10704,WriterBasedJsonGenerator.java,1489,b24 |= ((int) input[inputPtr++]) & 0xFF;
S10705,WriterBasedJsonGenerator.java,1490,b24 = (b24 << 8) | (((int) input[inputPtr++]) & 0xFF);
S10706,WriterBasedJsonGenerator.java,1491,"_outputTail = b64variant.encodeBase64Chunk(b24, _outputBuffer, _outputTail);"
S10707,WriterBasedJsonGenerator.java,1492,if (--chunksBeforeLF <= 0) {
S10708,WriterBasedJsonGenerator.java,1501,"int inputLeft = inputEnd - inputPtr; // 0, 1 or 2"
S10709,WriterBasedJsonGenerator.java,1502,"if (inputLeft > 0) { // yes, but do we have room for output?"
S10710,WriterBasedJsonGenerator.java,1503,if (_outputTail > safeOutputEnd) { // don't really need 6 bytes but...
S10711,WriterBasedJsonGenerator.java,1506,int b24 = ((int) input[inputPtr++]) << 16;
S10712,WriterBasedJsonGenerator.java,1507,if (inputLeft == 2) {
S10713,WriterBasedJsonGenerator.java,1508,b24 |= (((int) input[inputPtr++]) & 0xFF) << 8;
S10714,WriterBasedJsonGenerator.java,1510,"_outputTail = b64variant.encodeBase64Partial(b24, inputLeft, _outputBuffer, _outputTail);"
S10715,WriterBasedJsonGenerator.java,1519,int inputPtr = 0;
S10716,WriterBasedJsonGenerator.java,1520,int inputEnd = 0;
S10717,WriterBasedJsonGenerator.java,1521,int lastFullOffset = -3;
S10718,WriterBasedJsonGenerator.java,1524,int safeOutputEnd = _outputEnd - 6;
S10719,WriterBasedJsonGenerator.java,1525,int chunksBeforeLF = b64variant.getMaxLineLength() >> 2;
S10720,WriterBasedJsonGenerator.java,1527,while (bytesLeft > 2) { // main loop for full triplets
S10721,WriterBasedJsonGenerator.java,1528,if (inputPtr > lastFullOffset) {
S10722,WriterBasedJsonGenerator.java,1529,"inputEnd = _readMore(data, readBuffer, inputPtr, inputEnd, bytesLeft);"
S10723,WriterBasedJsonGenerator.java,1530,inputPtr = 0;
S10724,WriterBasedJsonGenerator.java,1531,if (inputEnd < 3) { // required to try to read to have at least 3 bytes
S10725,WriterBasedJsonGenerator.java,1534,lastFullOffset = inputEnd-3;
S10726,WriterBasedJsonGenerator.java,1536,if (_outputTail > safeOutputEnd) { // need to flush
S10727,WriterBasedJsonGenerator.java,1539,int b24 = ((int) readBuffer[inputPtr++]) << 8;
S10728,WriterBasedJsonGenerator.java,1540,b24 |= ((int) readBuffer[inputPtr++]) & 0xFF;
S10729,WriterBasedJsonGenerator.java,1541,b24 = (b24 << 8) | (((int) readBuffer[inputPtr++]) & 0xFF);
S10730,WriterBasedJsonGenerator.java,1542,bytesLeft -= 3;
S10731,WriterBasedJsonGenerator.java,1543,"_outputTail = b64variant.encodeBase64Chunk(b24, _outputBuffer, _outputTail);"
S10732,WriterBasedJsonGenerator.java,1544,if (--chunksBeforeLF <= 0) {
S10733,WriterBasedJsonGenerator.java,1545,_outputBuffer[_outputTail++] = '\\';
S10734,WriterBasedJsonGenerator.java,1546,_outputBuffer[_outputTail++] = 'n';
S10735,WriterBasedJsonGenerator.java,1547,chunksBeforeLF = b64variant.getMaxLineLength() >> 2;
S10736,WriterBasedJsonGenerator.java,1552,if (bytesLeft > 0) {
S10737,WriterBasedJsonGenerator.java,1553,"inputEnd = _readMore(data, readBuffer, inputPtr, inputEnd, bytesLeft);"
S10738,WriterBasedJsonGenerator.java,1554,inputPtr = 0;
S10739,WriterBasedJsonGenerator.java,1555,"if (inputEnd > 0) { // yes, but do we have room for output?"
S10740,WriterBasedJsonGenerator.java,1556,if (_outputTail > safeOutputEnd) { // don't really need 6 bytes but...
S10741,WriterBasedJsonGenerator.java,1559,int b24 = ((int) readBuffer[inputPtr++]) << 16;
S10742,WriterBasedJsonGenerator.java,1561,if (inputPtr < inputEnd) {
S10743,WriterBasedJsonGenerator.java,1562,b24 |= (((int) readBuffer[inputPtr]) & 0xFF) << 8;
S10744,WriterBasedJsonGenerator.java,1563,amount = 2;
S10745,WriterBasedJsonGenerator.java,1565,amount = 1;
S10746,WriterBasedJsonGenerator.java,1567,"_outputTail = b64variant.encodeBase64Partial(b24, amount, _outputBuffer, _outputTail);"
S10747,WriterBasedJsonGenerator.java,1568,bytesLeft -= amount;
S10748,WriterBasedJsonGenerator.java,1571,return bytesLeft;
S10749,WriterBasedJsonGenerator.java,1579,int inputPtr = 0;
S10750,WriterBasedJsonGenerator.java,1580,int inputEnd = 0;
S10751,WriterBasedJsonGenerator.java,1581,int lastFullOffset = -3;
S10752,WriterBasedJsonGenerator.java,1582,int bytesDone = 0;
S10753,WriterBasedJsonGenerator.java,1585,int safeOutputEnd = _outputEnd - 6;
S10754,WriterBasedJsonGenerator.java,1586,int chunksBeforeLF = b64variant.getMaxLineLength() >> 2;
S10755,WriterBasedJsonGenerator.java,1590,if (inputPtr > lastFullOffset) { // need to load more
S10756,WriterBasedJsonGenerator.java,1591,"inputEnd = _readMore(data, readBuffer, inputPtr, inputEnd, readBuffer.length);"
S10757,WriterBasedJsonGenerator.java,1592,inputPtr = 0;
S10758,WriterBasedJsonGenerator.java,1593,if (inputEnd < 3) { // required to try to read to have at least 3 bytes
S10759,WriterBasedJsonGenerator.java,1594,break;
S10760,WriterBasedJsonGenerator.java,1596,lastFullOffset = inputEnd-3;
S10761,WriterBasedJsonGenerator.java,1598,if (_outputTail > safeOutputEnd) { // need to flush
S10762,WriterBasedJsonGenerator.java,1602,int b24 = ((int) readBuffer[inputPtr++]) << 8;
S10763,WriterBasedJsonGenerator.java,1603,b24 |= ((int) readBuffer[inputPtr++]) & 0xFF;
S10764,WriterBasedJsonGenerator.java,1604,b24 = (b24 << 8) | (((int) readBuffer[inputPtr++]) & 0xFF);
S10765,WriterBasedJsonGenerator.java,1605,bytesDone += 3;
S10766,WriterBasedJsonGenerator.java,1606,"_outputTail = b64variant.encodeBase64Chunk(b24, _outputBuffer, _outputTail);"
S10767,WriterBasedJsonGenerator.java,1607,if (--chunksBeforeLF <= 0) {
S10768,WriterBasedJsonGenerator.java,1608,_outputBuffer[_outputTail++] = '\\';
S10769,WriterBasedJsonGenerator.java,1609,_outputBuffer[_outputTail++] = 'n';
S10770,WriterBasedJsonGenerator.java,1610,chunksBeforeLF = b64variant.getMaxLineLength() >> 2;
S10771,WriterBasedJsonGenerator.java,1615,"if (inputPtr < inputEnd) { // yes, but do we have room for output?"
S10772,WriterBasedJsonGenerator.java,1616,if (_outputTail > safeOutputEnd) { // don't really need 6 bytes but...
S10773,WriterBasedJsonGenerator.java,1619,int b24 = ((int) readBuffer[inputPtr++]) << 16;
S10774,WriterBasedJsonGenerator.java,1620,int amount = 1;
S10775,WriterBasedJsonGenerator.java,1621,if (inputPtr < inputEnd) {
S10776,WriterBasedJsonGenerator.java,1622,b24 |= (((int) readBuffer[inputPtr]) & 0xFF) << 8;
S10777,WriterBasedJsonGenerator.java,1623,amount = 2;
S10778,WriterBasedJsonGenerator.java,1625,bytesDone += amount;
S10779,WriterBasedJsonGenerator.java,1626,"_outputTail = b64variant.encodeBase64Partial(b24, amount, _outputBuffer, _outputTail);"
S10780,WriterBasedJsonGenerator.java,1628,return bytesDone;
S10781,WriterBasedJsonGenerator.java,1636,int i = 0;
S10782,WriterBasedJsonGenerator.java,1637,while (inputPtr < inputEnd) {
S10783,WriterBasedJsonGenerator.java,1638,readBuffer[i++]  = readBuffer[inputPtr++];
S10784,WriterBasedJsonGenerator.java,1640,inputPtr = 0;
S10785,WriterBasedJsonGenerator.java,1641,inputEnd = i;
S10786,WriterBasedJsonGenerator.java,1642,"maxRead = Math.min(maxRead, readBuffer.length);"
S10787,WriterBasedJsonGenerator.java,1645,int length = maxRead - inputEnd;
S10788,WriterBasedJsonGenerator.java,1646,if (length == 0) {
S10789,WriterBasedJsonGenerator.java,1647,break;
S10790,WriterBasedJsonGenerator.java,1649,"int count = in.read(readBuffer, inputEnd, length);"
S10791,WriterBasedJsonGenerator.java,1650,if (count < 0) {
S10792,WriterBasedJsonGenerator.java,1651,return inputEnd;
S10793,WriterBasedJsonGenerator.java,1653,inputEnd += count;
S10794,WriterBasedJsonGenerator.java,1654,} while (inputEnd < 3);
S10795,WriterBasedJsonGenerator.java,1655,return inputEnd;
S10796,WriterBasedJsonGenerator.java,1666,if ((_outputTail + 4) >= _outputEnd) {
S10797,WriterBasedJsonGenerator.java,1669,int ptr = _outputTail;
S10798,WriterBasedJsonGenerator.java,1670,char[] buf = _outputBuffer;
S10799,WriterBasedJsonGenerator.java,1671,buf[ptr] = 'n';
S10800,WriterBasedJsonGenerator.java,1672,buf[++ptr] = 'u';
S10801,WriterBasedJsonGenerator.java,1673,buf[++ptr] = 'l';
S10802,WriterBasedJsonGenerator.java,1674,buf[++ptr] = 'l';
S10803,WriterBasedJsonGenerator.java,1675,_outputTail = ptr+1;
S10804,WriterBasedJsonGenerator.java,1692,if (escCode >= 0) { // \\N (2 char)
S10805,WriterBasedJsonGenerator.java,1693,"if (_outputTail >= 2) { // fits, just prepend"
S10806,WriterBasedJsonGenerator.java,1694,int ptr = _outputTail - 2;
S10807,WriterBasedJsonGenerator.java,1695,_outputHead = ptr;
S10808,WriterBasedJsonGenerator.java,1696,_outputBuffer[ptr++] = '\\';
S10809,WriterBasedJsonGenerator.java,1697,_outputBuffer[ptr] = (char) escCode;
S10810,WriterBasedJsonGenerator.java,1698,return;
S10811,WriterBasedJsonGenerator.java,1710,"if (escCode != CharacterEscapes.ESCAPE_CUSTOM) { // std, \\uXXXX"
S10812,WriterBasedJsonGenerator.java,1711,"if (_outputTail >= 6) { // fits, prepend to buffer"
S10813,WriterBasedJsonGenerator.java,1712,char[] buf = _outputBuffer;
S10814,WriterBasedJsonGenerator.java,1713,int ptr = _outputTail - 6;
S10815,WriterBasedJsonGenerator.java,1714,_outputHead = ptr;
S10816,WriterBasedJsonGenerator.java,1715,buf[ptr] = '\\';
S10817,WriterBasedJsonGenerator.java,1716,buf[++ptr] = 'u';
S10818,WriterBasedJsonGenerator.java,1718,if (ch > 0xFF) { // beyond 8 bytes
S10819,WriterBasedJsonGenerator.java,1719,int hi = (ch >> 8) & 0xFF;
S10820,WriterBasedJsonGenerator.java,1720,buf[++ptr] = HEX_CHARS[hi >> 4];
S10821,WriterBasedJsonGenerator.java,1721,buf[++ptr] = HEX_CHARS[hi & 0xF];
S10822,WriterBasedJsonGenerator.java,1722,ch &= 0xFF;
S10823,WriterBasedJsonGenerator.java,1723,} else {
S10824,WriterBasedJsonGenerator.java,1724,buf[++ptr] = '0';
S10825,WriterBasedJsonGenerator.java,1725,buf[++ptr] = '0';
S10826,WriterBasedJsonGenerator.java,1727,buf[++ptr] = HEX_CHARS[ch >> 4];
S10827,WriterBasedJsonGenerator.java,1728,buf[++ptr] = HEX_CHARS[ch & 0xF];
S10828,WriterBasedJsonGenerator.java,1729,return;
S10829,WriterBasedJsonGenerator.java,1732,char[] buf = _entityBuffer;
S10830,WriterBasedJsonGenerator.java,1733,if (buf == null) {
S10831,WriterBasedJsonGenerator.java,1734,buf = _allocateEntityBuffer();
S10832,WriterBasedJsonGenerator.java,1736,_outputHead = _outputTail;
S10833,WriterBasedJsonGenerator.java,1737,if (ch > 0xFF) { // beyond 8 bytes
S10834,WriterBasedJsonGenerator.java,1738,int hi = (ch >> 8) & 0xFF;
S10835,WriterBasedJsonGenerator.java,1739,int lo = ch & 0xFF;
S10836,WriterBasedJsonGenerator.java,1740,buf[10] = HEX_CHARS[hi >> 4];
S10837,WriterBasedJsonGenerator.java,1741,buf[11] = HEX_CHARS[hi & 0xF];
S10838,WriterBasedJsonGenerator.java,1742,buf[12] = HEX_CHARS[lo >> 4];
S10839,WriterBasedJsonGenerator.java,1743,buf[13] = HEX_CHARS[lo & 0xF];
S10840,WriterBasedJsonGenerator.java,1744,"_writer.write(buf, 8, 6);"
S10841,WriterBasedJsonGenerator.java,1745,"} else { // We know it's a control char, so only the last 2 chars are non-0"
S10842,WriterBasedJsonGenerator.java,1746,buf[6] = HEX_CHARS[ch >> 4];
S10843,WriterBasedJsonGenerator.java,1747,buf[7] = HEX_CHARS[ch & 0xF];
S10844,WriterBasedJsonGenerator.java,1748,"_writer.write(buf, 2, 6);"
S10845,WriterBasedJsonGenerator.java,1750,return;
S10846,WriterBasedJsonGenerator.java,1754,if (_currentEscape == null) {
S10847,WriterBasedJsonGenerator.java,1755,escape = _characterEscapes.getEscapeSequence(ch).getValue();
S10848,WriterBasedJsonGenerator.java,1757,escape = _currentEscape.getValue();
S10849,WriterBasedJsonGenerator.java,1758,_currentEscape = null;
S10850,WriterBasedJsonGenerator.java,1760,int len = escape.length();
S10851,WriterBasedJsonGenerator.java,1761,"if (_outputTail >= len) { // fits in, prepend"
S10852,WriterBasedJsonGenerator.java,1762,int ptr = _outputTail - len;
S10853,WriterBasedJsonGenerator.java,1763,_outputHead = ptr;
S10854,WriterBasedJsonGenerator.java,1764,"escape.getChars(0, len, _outputBuffer, ptr);"
S10855,WriterBasedJsonGenerator.java,1765,return;
S10856,WriterBasedJsonGenerator.java,1783,if (escCode >= 0) { // \\N (2 char)
S10857,WriterBasedJsonGenerator.java,1784,"if (ptr > 1 && ptr < end) { // fits, just prepend"
S10858,WriterBasedJsonGenerator.java,1785,ptr -= 2;
S10859,WriterBasedJsonGenerator.java,1786,buffer[ptr] = '\\';
S10860,WriterBasedJsonGenerator.java,1787,buffer[ptr+1] = (char) escCode;
S10861,WriterBasedJsonGenerator.java,1789,char[] ent = _entityBuffer;
S10862,WriterBasedJsonGenerator.java,1790,if (ent == null) {
S10863,WriterBasedJsonGenerator.java,1791,ent = _allocateEntityBuffer();
S10864,WriterBasedJsonGenerator.java,1793,ent[1] = (char) escCode;
S10865,WriterBasedJsonGenerator.java,1794,"_writer.write(ent, 0, 2);"
S10866,WriterBasedJsonGenerator.java,1796,return ptr;
S10867,WriterBasedJsonGenerator.java,1798,"if (escCode != CharacterEscapes.ESCAPE_CUSTOM) { // std, \\uXXXX"
S10868,WriterBasedJsonGenerator.java,1799,"if (ptr > 5 && ptr < end) { // fits, prepend to buffer"
S10869,WriterBasedJsonGenerator.java,1800,ptr -= 6;
S10870,WriterBasedJsonGenerator.java,1801,buffer[ptr++] = '\\';
S10871,WriterBasedJsonGenerator.java,1802,buffer[ptr++] = 'u';
S10872,WriterBasedJsonGenerator.java,1804,if (ch > 0xFF) { // beyond 8 bytes
S10873,WriterBasedJsonGenerator.java,1810,buffer[ptr++] = '0';
S10874,WriterBasedJsonGenerator.java,1811,buffer[ptr++] = '0';
S10875,WriterBasedJsonGenerator.java,1813,buffer[ptr++] = HEX_CHARS[ch >> 4];
S10876,WriterBasedJsonGenerator.java,1814,buffer[ptr] = HEX_CHARS[ch & 0xF];
S10877,WriterBasedJsonGenerator.java,1815,ptr -= 5;
S10878,WriterBasedJsonGenerator.java,1837,return ptr;
S10879,WriterBasedJsonGenerator.java,1863,if (escCode >= 0) { // \\N (2 char)
S10880,WriterBasedJsonGenerator.java,1864,if ((_outputTail + 2) > _outputEnd) {
S10881,WriterBasedJsonGenerator.java,1867,_outputBuffer[_outputTail++] = '\\';
S10882,WriterBasedJsonGenerator.java,1868,_outputBuffer[_outputTail++] = (char) escCode;
S10883,WriterBasedJsonGenerator.java,1869,return;
S10884,WriterBasedJsonGenerator.java,1871,"if (escCode != CharacterEscapes.ESCAPE_CUSTOM) { // std, \\uXXXX"
S10885,WriterBasedJsonGenerator.java,1872,if ((_outputTail + 5) >= _outputEnd) {
S10886,WriterBasedJsonGenerator.java,1875,int ptr = _outputTail;
S10887,WriterBasedJsonGenerator.java,1876,char[] buf = _outputBuffer;
S10888,WriterBasedJsonGenerator.java,1877,buf[ptr++] = '\\';
S10889,WriterBasedJsonGenerator.java,1878,buf[ptr++] = 'u';
S10890,WriterBasedJsonGenerator.java,1880,if (ch > 0xFF) { // beyond 8 bytes
S10891,WriterBasedJsonGenerator.java,1886,buf[ptr++] = '0';
S10892,WriterBasedJsonGenerator.java,1887,buf[ptr++] = '0';
S10893,WriterBasedJsonGenerator.java,1889,buf[ptr++] = HEX_CHARS[ch >> 4];
S10894,WriterBasedJsonGenerator.java,1890,buf[ptr++] = HEX_CHARS[ch & 0xF];
S10895,WriterBasedJsonGenerator.java,1891,_outputTail = ptr;
S10896,WriterBasedJsonGenerator.java,1892,return;
S10897,WriterBasedJsonGenerator.java,1915,char[] buf = new char[14];
S10898,WriterBasedJsonGenerator.java,1917,buf[0] = '\\';
S10899,WriterBasedJsonGenerator.java,1919,buf[2] = '\\';
S10900,WriterBasedJsonGenerator.java,1920,buf[3] = 'u';
S10901,WriterBasedJsonGenerator.java,1921,buf[4] = '0';
S10902,WriterBasedJsonGenerator.java,1922,buf[5] = '0';
S10903,WriterBasedJsonGenerator.java,1924,buf[8] = '\\';
S10904,WriterBasedJsonGenerator.java,1925,buf[9] = 'u';
S10905,WriterBasedJsonGenerator.java,1926,_entityBuffer = buf;
S10906,WriterBasedJsonGenerator.java,1927,return buf;
S10907,WriterBasedJsonGenerator.java,1934,if (_charBuffer == null) {
S10908,WriterBasedJsonGenerator.java,1935,_charBuffer = _ioContext.allocNameCopyBuffer(2000);
S10909,WriterBasedJsonGenerator.java,1937,return _charBuffer;
S10910,WriterBasedJsonGenerator.java,1942,int len = _outputTail - _outputHead;
S10911,WriterBasedJsonGenerator.java,1943,if (len > 0) {
S10912,WriterBasedJsonGenerator.java,1944,int offset = _outputHead;
S10913,WriterBasedJsonGenerator.java,1945,_outputTail = _outputHead = 0;
S10914,WriterBasedJsonGenerator.java,1946,"_writer.write(_outputBuffer, offset, len);"
