rank,statement_id,file,line,code,ochiai_score,tie_size,r_worst
1,S2484,ReaderBasedJsonParser.java,897,break int_loop;,0.267261,1,1
2,S4021,UTF8StreamJsonParser.java,1228,break;,0.235702,1,2
3,S2035,ParserBase.java,529,_numberNegative = negative;,0.166667,6,8
3,S2036,ParserBase.java,530,_intLength = intLen;,0.166667,6,8
3,S2037,ParserBase.java,531,_fractLength = 0;,0.166667,6,8
3,S2038,ParserBase.java,532,_expLength = 0;,0.166667,6,8
3,S2039,ParserBase.java,533,_numTypesValid = NR_UNKNOWN; // to force parsing,0.166667,6,8
3,S2040,ParserBase.java,534,return JsonToken.VALUE_NUMBER_INT;,0.166667,6,8
9,S4022,UTF8StreamJsonParser.java,1230,++intLen;,0.150756,3,11
9,S4023,UTF8StreamJsonParser.java,1231,if (outPtr >= outBuf.length) {,0.150756,3,11
9,S4026,UTF8StreamJsonParser.java,1235,outBuf[outPtr++] = (char) c;,0.150756,3,11
12,S2485,ReaderBasedJsonParser.java,899,++intLen;,0.133631,1,12
13,S3904,UTF8StreamJsonParser.java,787,return (_currToken = _parseNumber(i));,0.123091,1,13
14,S1491,JsonReadContext.java,139,int ix = ++_index; // starts from -1,0.120386,2,15
14,S1492,JsonReadContext.java,140,return (_type != TYPE_ROOT && ix > 0);,0.120386,2,15
16,S692,CharTypes.java,195,public static int[] getInputCodeLatin1() { return sInputCodes; },0.119098,38,53
16,S697,CharTypes.java,202,public static int[] getInputCodeWS() { return sInputCodesWS; },0.119098,38,53
16,S1083,IOContext.java,127,return new TextBuffer(_bufferRecycler);,0.119098,38,53
16,S1417,JsonParser.java,221,protected JsonParser() { },0.119098,38,53
16,S1462,JsonReadContext.java,34,protected JsonReadContext _child = null;,0.119098,38,53
16,S1463,JsonReadContext.java,44,super();,0.119098,38,53
16,S1464,JsonReadContext.java,45,_type = type;,0.119098,38,53
16,S1465,JsonReadContext.java,46,_parent = parent;,0.119098,38,53
16,S1466,JsonReadContext.java,47,_lineNr = lineNr;,0.119098,38,53
16,S1467,JsonReadContext.java,48,_columnNr = colNr;,0.119098,38,53
16,S1468,JsonReadContext.java,49,_index = -1;,0.119098,38,53
16,S1474,JsonReadContext.java,70,"return new JsonReadContext(null, TYPE_ROOT, 1, 0);",0.119098,38,53
16,S1968,ParserBase.java,55,protected int _inputPtr = 0;,0.119098,38,53
16,S1969,ParserBase.java,60,protected int _inputEnd = 0;,0.119098,38,53
16,S1970,ParserBase.java,72,protected long _currInputProcessed = 0L;,0.119098,38,53
16,S1971,ParserBase.java,78,protected int _currInputRow = 1;,0.119098,38,53
16,S1972,ParserBase.java,86,protected int _currInputRowStart = 0;,0.119098,38,53
16,S1973,ParserBase.java,102,protected long _tokenInputTotal = 0;,0.119098,38,53
16,S1974,ParserBase.java,107,protected int _tokenInputRow = 1;,0.119098,38,53
16,S1975,ParserBase.java,113,protected int _tokenInputCol = 0;,0.119098,38,53
16,S1976,ParserBase.java,152,protected char[] _nameCopyBuffer = null;,0.119098,38,53
16,S1977,ParserBase.java,159,protected boolean _nameCopied = false;,0.119098,38,53
16,S1978,ParserBase.java,165,protected ByteArrayBuilder _byteArrayBuilder = null;,0.119098,38,53
16,S1979,ParserBase.java,196,final static BigInteger BI_MIN_INT = BigInteger.valueOf(Integer.MIN_VALUE);,0.119098,38,53
16,S1980,ParserBase.java,197,final static BigInteger BI_MAX_INT = BigInteger.valueOf(Integer.MAX_VALUE);,0.119098,38,53
16,S1981,ParserBase.java,199,final static BigInteger BI_MIN_LONG = BigInteger.valueOf(Long.MIN_VALUE);,0.119098,38,53
16,S1982,ParserBase.java,200,final static BigInteger BI_MAX_LONG = BigInteger.valueOf(Long.MAX_VALUE);,0.119098,38,53
16,S1983,ParserBase.java,202,final static BigDecimal BD_MIN_LONG = new BigDecimal(BI_MIN_LONG);,0.119098,38,53
16,S1984,ParserBase.java,203,final static BigDecimal BD_MAX_LONG = new BigDecimal(BI_MAX_LONG);,0.119098,38,53
16,S1985,ParserBase.java,205,final static BigDecimal BD_MIN_INT = new BigDecimal(BI_MIN_INT);,0.119098,38,53
16,S1986,ParserBase.java,206,final static BigDecimal BD_MAX_INT = new BigDecimal(BI_MAX_INT);,0.119098,38,53
16,S1987,ParserBase.java,235,protected int _numTypesValid = NR_UNKNOWN;,0.119098,38,53
16,S1988,ParserBase.java,287,super();,0.119098,38,53
16,S1989,ParserBase.java,288,_features = features;,0.119098,38,53
16,S1990,ParserBase.java,289,_ioContext = ctxt;,0.119098,38,53
16,S1991,ParserBase.java,290,_textBuffer = ctxt.constructTextBuffer();,0.119098,38,53
16,S1992,ParserBase.java,291,_parsingContext = JsonReadContext.createRootContext();,0.119098,38,53
16,S2178,ParserMinimalBase.java,66,protected ParserMinimalBase() { },0.119098,38,53
54,S1211,JsonFactory.java,497,return (_factoryFeatures & f.getMask()) != 0;,0.118678,1,54
55,S2989,TextBuffer.java,29,final static char[] NO_CHARS = new char[0];,0.117851,3,57
55,S2990,TextBuffer.java,85,private boolean _hasSegments = false;,0.117851,3,57
55,S2991,TextBuffer.java,123,_allocator = allocator;,0.117851,3,57
58,S1641,JsonToken.java,12,public enum JsonToken,0.112154,24,81
58,S1642,JsonToken.java,31,"NOT_AVAILABLE(null),",0.112154,24,81
58,S1643,JsonToken.java,37,"START_OBJECT(""{""),",0.112154,24,81
58,S1644,JsonToken.java,43,"END_OBJECT(""}""),",0.112154,24,81
58,S1645,JsonToken.java,49,"START_ARRAY(""[""),",0.112154,24,81
58,S1646,JsonToken.java,55,"END_ARRAY(""]""),",0.112154,24,81
58,S1647,JsonToken.java,61,"FIELD_NAME(null),",0.112154,24,81
58,S1648,JsonToken.java,73,"VALUE_EMBEDDED_OBJECT(null),",0.112154,24,81
58,S1649,JsonToken.java,80,"VALUE_STRING(null),",0.112154,24,81
58,S1650,JsonToken.java,88,"VALUE_NUMBER_INT(null),",0.112154,24,81
58,S1651,JsonToken.java,96,"VALUE_NUMBER_FLOAT(null),",0.112154,24,81
58,S1652,JsonToken.java,102,"VALUE_TRUE(""true""),",0.112154,24,81
58,S1653,JsonToken.java,108,"VALUE_FALSE(""false""),",0.112154,24,81
58,S1654,JsonToken.java,114,"VALUE_NULL(""null"")",0.112154,24,81
58,S1655,JsonToken.java,129,if (token == null) {,0.112154,24,81
58,S1656,JsonToken.java,130,_serialized = null;,0.112154,24,81
58,S1657,JsonToken.java,131,_serializedChars = null;,0.112154,24,81
58,S1658,JsonToken.java,132,_serializedBytes = null;,0.112154,24,81
58,S1659,JsonToken.java,134,_serialized = token;,0.112154,24,81
58,S1660,JsonToken.java,135,_serializedChars = token.toCharArray();,0.112154,24,81
58,S1661,JsonToken.java,137,int len = _serializedChars.length;,0.112154,24,81
58,S1662,JsonToken.java,138,_serializedBytes = new byte[len];,0.112154,24,81
58,S1663,JsonToken.java,139,for (int i = 0; i < len; ++i) {,0.112154,24,81
58,S1664,JsonToken.java,140,_serializedBytes[i] = (byte) _serializedChars[i];,0.112154,24,81
82,S1120,IOContext.java,246,if (buffer != null) {,0.110096,1,82
83,S151,BufferRecycler.java,84,if (type.size > minSize) {,0.109435,8,90
83,S152,BufferRecycler.java,85,minSize = type.size;,0.109435,8,90
83,S153,BufferRecycler.java,87,int ix = type.ordinal();,0.109435,8,90
83,S154,BufferRecycler.java,88,char[] buffer = _charBuffers[ix];,0.109435,8,90
83,S155,BufferRecycler.java,89,if (buffer == null || buffer.length < minSize) {,0.109435,8,90
83,S156,BufferRecycler.java,90,buffer = calloc(minSize);,0.109435,8,90
83,S158,BufferRecycler.java,94,return buffer;,0.109435,8,90
83,S161,BufferRecycler.java,115,return new char[size];,0.109435,8,90
91,S1497,JsonStreamContext.java,74,public final boolean inObject() { return _type == TYPE_OBJECT; },0.109109,1,91
92,S1299,JsonFactory.java,1414,"return new IOContext(_getBufferRecycler(), srcRef, resourceManaged);",0.108148,7,98
92,S1300,JsonFactory.java,1425,SoftReference<BufferRecycler> ref = _recyclerRef.get();,0.108148,7,98
92,S1301,JsonFactory.java,1426,BufferRecycler br = (ref == null) ? null : ref.get();,0.108148,7,98
92,S1302,JsonFactory.java,1428,if (br == null) {,0.108148,7,98
92,S1303,JsonFactory.java,1429,br = new BufferRecycler();,0.108148,7,98
92,S1304,JsonFactory.java,1430,_recyclerRef.set(new SoftReference<BufferRecycler>(br));,0.108148,7,98
92,S1305,JsonFactory.java,1432,return br;,0.108148,7,98
99,S128,BufferRecycler.java,15,public enum ByteBufferType {,0.107833,28,126
99,S129,BufferRecycler.java,16,READ_IO_BUFFER(4000),0.107833,28,126
99,S130,BufferRecycler.java,21,",WRITE_ENCODING_BUFFER(4000)",0.107833,28,126
99,S131,BufferRecycler.java,27,",WRITE_CONCAT_BUFFER(2000)",0.107833,28,126
99,S132,BufferRecycler.java,35,",BASE64_CODEC_BUFFER(2000)",0.107833,28,126
99,S133,BufferRecycler.java,40,ByteBufferType(int size) { this.size = size; },0.107833,28,126
99,S134,BufferRecycler.java,43,public enum CharBufferType {,0.107833,28,126
99,S135,BufferRecycler.java,44,TOKEN_BUFFER(2000) // Tokenizable input,0.107833,28,126
99,S136,BufferRecycler.java,45,",CONCAT_BUFFER(2000) // concatenated output",0.107833,28,126
99,S137,BufferRecycler.java,46,",TEXT_BUFFER(200) // Text content from input",0.107833,28,126
99,S138,BufferRecycler.java,47,",NAME_COPY_BUFFER(200) // Temporary buffer for getting name characters",0.107833,28,126
99,S139,BufferRecycler.java,52,CharBufferType(int size) { this.size = size; },0.107833,28,126
99,S140,BufferRecycler.java,55,final protected byte[][] _byteBuffers = new byte[ByteBufferType.values().length][];,0.107833,28,126
99,S141,BufferRecycler.java,56,final protected char[][] _charBuffers = new char[CharBufferType.values().length][];,0.107833,28,126
99,S142,BufferRecycler.java,58,public BufferRecycler() { },0.107833,28,126
99,S1070,IOContext.java,57,protected byte[] _readIOBuffer = null;,0.107833,28,126
99,S1071,IOContext.java,63,protected byte[] _writeEncodingBuffer = null;,0.107833,28,126
99,S1072,IOContext.java,69,protected byte[] _base64Buffer = null;,0.107833,28,126
99,S1073,IOContext.java,76,protected char[] _tokenCBuffer = null;,0.107833,28,126
99,S1074,IOContext.java,83,protected char[] _concatCBuffer = null;,0.107833,28,126
99,S1075,IOContext.java,91,protected char[] _nameCopyBuffer = null;,0.107833,28,126
99,S1076,IOContext.java,101,_bufferRecycler = br;,0.107833,28,126
99,S1077,IOContext.java,102,_sourceRef = sourceRef;,0.107833,28,126
99,S1078,IOContext.java,103,_managedResource = managedResource;,0.107833,28,126
99,S1494,JsonStreamContext.java,43,protected JsonStreamContext() { },0.107833,28,126
99,S4029,UTF8StreamJsonParser.java,1241,--_inputPtr; // to push back trailing char (comma etc),0.107833,28,126
99,S4030,UTF8StreamJsonParser.java,1242,_textBuffer.setCurrentLength(outPtr);,0.107833,28,126
99,S4031,UTF8StreamJsonParser.java,1246,"return resetInt(negative, intLen);",0.107833,28,126
127,S618,CharTypes.java,7,"private final static char[] HEX_CHARS = ""0123456789ABCDEF"".toCharArray();",0.1066,74,200
127,S619,CharTypes.java,10,int len = HEX_CHARS.length;,0.1066,74,200
127,S620,CharTypes.java,11,HEX_BYTES = new byte[len];,0.1066,74,200
127,S621,CharTypes.java,12,for (int i = 0; i < len; ++i) {,0.1066,74,200
127,S622,CharTypes.java,13,HEX_BYTES[i] = (byte) HEX_CHARS[i];,0.1066,74,200
127,S623,CharTypes.java,28,final int[] table = new int[256];,0.1066,74,200
127,S624,CharTypes.java,30,for (int i = 0; i < 32; ++i) {,0.1066,74,200
127,S625,CharTypes.java,31,table[i] = -1;,0.1066,74,200
127,S626,CharTypes.java,34,"table['""'] = 1;",0.1066,74,200
127,S627,CharTypes.java,35,table['\\'] = 1;,0.1066,74,200
127,S628,CharTypes.java,36,sInputCodes = table;,0.1066,74,200
127,S629,CharTypes.java,45,final int[] table = new int[sInputCodes.length];,0.1066,74,200
127,S630,CharTypes.java,46,"System.arraycopy(sInputCodes, 0, table, 0, table.length);",0.1066,74,200
127,S631,CharTypes.java,47,for (int c = 128; c < 256; ++c) {,0.1066,74,200
127,S632,CharTypes.java,51,if ((c & 0xE0) == 0xC0) { // 2 bytes (0x0080 - 0x07FF),0.1066,74,200
127,S633,CharTypes.java,52,code = 2;,0.1066,74,200
127,S634,CharTypes.java,53,} else if ((c & 0xF0) == 0xE0) { // 3 bytes (0x0800 - 0xFFFF),0.1066,74,200
127,S635,CharTypes.java,54,code = 3;,0.1066,74,200
127,S636,CharTypes.java,55,} else if ((c & 0xF8) == 0xF0) {,0.1066,74,200
127,S637,CharTypes.java,57,code = 4;,0.1066,74,200
127,S638,CharTypes.java,60,code = -1;,0.1066,74,200
127,S639,CharTypes.java,62,table[c] = code;,0.1066,74,200
127,S640,CharTypes.java,64,sInputCodesUTF8 = table;,0.1066,74,200
127,S641,CharTypes.java,75,final int[] table = new int[256];,0.1066,74,200
127,S642,CharTypes.java,77,"Arrays.fill(table, -1);",0.1066,74,200
127,S643,CharTypes.java,79,for (int i = 33; i < 256; ++i) {,0.1066,74,200
127,S644,CharTypes.java,80,if (Character.isJavaIdentifierPart((char) i)) {,0.1066,74,200
127,S645,CharTypes.java,81,table[i] = 0;,0.1066,74,200
127,S646,CharTypes.java,87,table['@'] = 0;,0.1066,74,200
127,S647,CharTypes.java,88,table['#'] = 0;,0.1066,74,200
127,S648,CharTypes.java,89,table['*'] = 0;,0.1066,74,200
127,S649,CharTypes.java,90,table['-'] = 0;,0.1066,74,200
127,S650,CharTypes.java,91,table['+'] = 0;,0.1066,74,200
127,S651,CharTypes.java,92,sInputCodesJsNames = table;,0.1066,74,200
127,S652,CharTypes.java,102,final int[] table = new int[256];,0.1066,74,200
127,S653,CharTypes.java,104,"System.arraycopy(sInputCodesJsNames, 0, table, 0, table.length);",0.1066,74,200
127,S654,CharTypes.java,105,"Arrays.fill(table, 128, 128, 0);",0.1066,74,200
127,S655,CharTypes.java,106,sInputCodesUtf8JsNames = table;,0.1066,74,200
127,S656,CharTypes.java,115,final int[] buf = new int[256];,0.1066,74,200
127,S657,CharTypes.java,117,"System.arraycopy(sInputCodesUTF8, 128, buf, 128, 128);",0.1066,74,200
127,S658,CharTypes.java,120,"Arrays.fill(buf, 0, 32, -1); // invalid white space",0.1066,74,200
127,S659,CharTypes.java,121,buf['\t'] = 0; // tab is still fine,0.1066,74,200
127,S660,CharTypes.java,122,"buf['\n'] = '\n'; // lf/cr need to be observed, ends cpp comment",0.1066,74,200
127,S661,CharTypes.java,123,buf['\r'] = '\r';,0.1066,74,200
127,S662,CharTypes.java,124,buf['*'] = '*'; // end marker for c-style comments,0.1066,74,200
127,S663,CharTypes.java,125,sInputCodesComment = buf;,0.1066,74,200
127,S664,CharTypes.java,136,final int[] buf = new int[256];,0.1066,74,200
127,S665,CharTypes.java,137,"System.arraycopy(sInputCodesUTF8, 128, buf, 128, 128);",0.1066,74,200
127,S666,CharTypes.java,142,"Arrays.fill(buf, 0, 32, -1); // invalid white space",0.1066,74,200
127,S667,CharTypes.java,143,buf[' '] = 1;,0.1066,74,200
127,S668,CharTypes.java,144,buf['\t'] = 1;,0.1066,74,200
127,S669,CharTypes.java,145,"buf['\n'] = '\n'; // lf/cr need to be observed, ends cpp comment",0.1066,74,200
127,S670,CharTypes.java,146,buf['\r'] = '\r';,0.1066,74,200
127,S671,CharTypes.java,147,buf['/'] = '/'; // start marker for c/cpp comments,0.1066,74,200
127,S672,CharTypes.java,148,buf['#'] = '#'; // start marker for YAML comments,0.1066,74,200
127,S673,CharTypes.java,149,sInputCodesWS = buf;,0.1066,74,200
127,S674,CharTypes.java,158,int[] table = new int[128];,0.1066,74,200
127,S675,CharTypes.java,160,for (int i = 0; i < 32; ++i) {,0.1066,74,200
127,S676,CharTypes.java,162,table[i] = CharacterEscapes.ESCAPE_STANDARD;,0.1066,74,200
127,S677,CharTypes.java,167,"table['""'] = '""';",0.1066,74,200
127,S678,CharTypes.java,168,table['\\'] = '\\';,0.1066,74,200
127,S679,CharTypes.java,170,table[0x08] = 'b';,0.1066,74,200
127,S680,CharTypes.java,171,table[0x09] = 't';,0.1066,74,200
127,S681,CharTypes.java,172,table[0x0C] = 'f';,0.1066,74,200
127,S682,CharTypes.java,173,table[0x0A] = 'n';,0.1066,74,200
127,S683,CharTypes.java,174,table[0x0D] = 'r';,0.1066,74,200
127,S684,CharTypes.java,175,sOutputEscapes128 = table;,0.1066,74,200
127,S685,CharTypes.java,183,final static int[] sHexValues = new int[128];,0.1066,74,200
127,S686,CharTypes.java,185,"Arrays.fill(sHexValues, -1);",0.1066,74,200
127,S687,CharTypes.java,186,for (int i = 0; i < 10; ++i) {,0.1066,74,200
127,S688,CharTypes.java,187,sHexValues['0' + i] = i;,0.1066,74,200
127,S689,CharTypes.java,189,for (int i = 0; i < 6; ++i) {,0.1066,74,200
127,S690,CharTypes.java,190,sHexValues['a' + i] = 10 + i;,0.1066,74,200
127,S691,CharTypes.java,191,sHexValues['A' + i] = 10 + i;,0.1066,74,200
201,S705,CharsToNameCanonicalizer.java,97,sBootstrapSymbolTable = new CharsToNameCanonicalizer();,0.106299,93,293
201,S706,CharsToNameCanonicalizer.java,217,long now = System.currentTimeMillis();,0.106299,93,293
201,S707,CharsToNameCanonicalizer.java,219,int seed = (((int) now) + ((int) (now >>> 32))) | 1;,0.106299,93,293
201,S708,CharsToNameCanonicalizer.java,220,return createRoot(seed);,0.106299,93,293
201,S709,CharsToNameCanonicalizer.java,224,return sBootstrapSymbolTable.makeOrphan(hashSeed);,0.106299,93,293
201,S710,CharsToNameCanonicalizer.java,236,_canonicalize = true;,0.106299,93,293
201,S711,CharsToNameCanonicalizer.java,237,_intern = true;,0.106299,93,293
201,S712,CharsToNameCanonicalizer.java,239,_dirty = true;,0.106299,93,293
201,S713,CharsToNameCanonicalizer.java,240,_hashSeed = 0;,0.106299,93,293
201,S714,CharsToNameCanonicalizer.java,241,_longestCollisionList = 0;,0.106299,93,293
201,S715,CharsToNameCanonicalizer.java,242,initTables(DEFAULT_TABLE_SIZE);,0.106299,93,293
201,S716,CharsToNameCanonicalizer.java,247,_symbols = new String[initialSize];,0.106299,93,293
201,S717,CharsToNameCanonicalizer.java,248,_buckets = new Bucket[initialSize >> 1];,0.106299,93,293
201,S718,CharsToNameCanonicalizer.java,250,_indexMask = initialSize - 1;,0.106299,93,293
201,S719,CharsToNameCanonicalizer.java,251,_size = 0;,0.106299,93,293
201,S720,CharsToNameCanonicalizer.java,252,_longestCollisionList = 0;,0.106299,93,293
201,S721,CharsToNameCanonicalizer.java,254,_sizeThreshold = _thresholdSize(initialSize);,0.106299,93,293
201,S722,CharsToNameCanonicalizer.java,258,return hashAreaSize - (hashAreaSize >> 2);,0.106299,93,293
201,S723,CharsToNameCanonicalizer.java,269,_parent = parent;,0.106299,93,293
201,S724,CharsToNameCanonicalizer.java,270,_canonicalize = canonicalize;,0.106299,93,293
201,S725,CharsToNameCanonicalizer.java,271,_intern = intern;,0.106299,93,293
201,S726,CharsToNameCanonicalizer.java,273,_symbols = symbols;,0.106299,93,293
201,S727,CharsToNameCanonicalizer.java,274,_buckets = buckets;,0.106299,93,293
201,S728,CharsToNameCanonicalizer.java,275,_size = size;,0.106299,93,293
201,S729,CharsToNameCanonicalizer.java,276,_hashSeed = hashSeed;,0.106299,93,293
201,S730,CharsToNameCanonicalizer.java,278,int arrayLen = (symbols.length);,0.106299,93,293
201,S731,CharsToNameCanonicalizer.java,279,_sizeThreshold = _thresholdSize(arrayLen);,0.106299,93,293
201,S732,CharsToNameCanonicalizer.java,280,_indexMask =  (arrayLen - 1);,0.106299,93,293
201,S733,CharsToNameCanonicalizer.java,281,_longestCollisionList = longestColl;,0.106299,93,293
201,S734,CharsToNameCanonicalizer.java,284,_dirty = false;,0.106299,93,293
201,S742,CharsToNameCanonicalizer.java,326,"return new CharsToNameCanonicalizer(null, true, true,",0.106299,93,293
201,S1164,JsonFactory.java,60,public enum Feature {,0.106299,93,293
201,S1165,JsonFactory.java,79,"INTERN_FIELD_NAMES(true),",0.106299,93,293
201,S1166,JsonFactory.java,89,CANONICALIZE_FIELD_NAMES(true),0.106299,93,293
201,S1167,JsonFactory.java,104,int flags = 0;,0.106299,93,293
201,S1168,JsonFactory.java,105,for (Feature f : values()) {,0.106299,93,293
201,S1169,JsonFactory.java,106,if (f.enabledByDefault()) {,0.106299,93,293
201,S1170,JsonFactory.java,107,flags |= f.getMask();,0.106299,93,293
201,S1171,JsonFactory.java,110,return flags;,0.106299,93,293
201,S1172,JsonFactory.java,115,_defaultState = defaultState;,0.106299,93,293
201,S1173,JsonFactory.java,118,public boolean enabledByDefault() { return _defaultState; },0.106299,93,293
201,S1174,JsonFactory.java,122,public int getMask() { return (1 << ordinal()); },0.106299,93,293
201,S1175,JsonFactory.java,140,protected final static int DEFAULT_FACTORY_FEATURE_FLAGS = JsonFactory.Feature.collectDefaults();,0.106299,93,293
201,S1176,JsonFactory.java,146,protected final static int DEFAULT_PARSER_FEATURE_FLAGS = JsonParser.Feature.collectDefaults();,0.106299,93,293
201,S1177,JsonFactory.java,152,protected final static int DEFAULT_GENERATOR_FEATURE_FLAGS = JsonGenerator.Feature.collectDefaults();,0.106299,93,293
201,S1178,JsonFactory.java,154,private final static SerializableString DEFAULT_ROOT_VALUE_SEPARATOR = DefaultPrettyPrinter.DEFAULT_ROOT_VALUE_SEPARATOR;,0.106299,93,293
201,S1179,JsonFactory.java,167,final protected static ThreadLocal<SoftReference<BufferRecycler>> _recyclerRef,0.106299,93,293
201,S1180,JsonFactory.java,175,protected final transient CharsToNameCanonicalizer _rootCharSymbols = CharsToNameCanonicalizer.createRoot();,0.106299,93,293
201,S1181,JsonFactory.java,184,protected final transient BytesToNameCanonicalizer _rootByteSymbols = BytesToNameCanonicalizer.createRoot();,0.106299,93,293
201,S1182,JsonFactory.java,204,protected int _factoryFeatures = DEFAULT_FACTORY_FEATURE_FLAGS;,0.106299,93,293
201,S1183,JsonFactory.java,209,protected int _parserFeatures = DEFAULT_PARSER_FEATURE_FLAGS;,0.106299,93,293
201,S1184,JsonFactory.java,214,protected int _generatorFeatures = DEFAULT_GENERATOR_FEATURE_FLAGS;,0.106299,93,293
201,S1185,JsonFactory.java,242,protected SerializableString _rootValueSeparator = DEFAULT_ROOT_VALUE_SEPARATOR;,0.106299,93,293
201,S1186,JsonFactory.java,260,public JsonFactory() { this((ObjectCodec) null); },0.106299,93,293
201,S1187,JsonFactory.java,262,public JsonFactory(ObjectCodec oc) { _objectCodec = oc; },0.106299,93,293
201,S1314,JsonGenerator.java,27,public enum Feature {,0.106299,93,293
201,S1315,JsonGenerator.java,41,"AUTO_CLOSE_TARGET(true),",0.106299,93,293
201,S1316,JsonGenerator.java,53,"AUTO_CLOSE_JSON_CONTENT(true),",0.106299,93,293
201,S1317,JsonGenerator.java,64,"QUOTE_FIELD_NAMES(true),",0.106299,93,293
201,S1318,JsonGenerator.java,78,"QUOTE_NON_NUMERIC_NUMBERS(true),",0.106299,93,293
201,S1319,JsonGenerator.java,95,"WRITE_NUMBERS_AS_STRINGS(false),",0.106299,93,293
201,S1320,JsonGenerator.java,107,"WRITE_BIGDECIMAL_AS_PLAIN(false),",0.106299,93,293
201,S1321,JsonGenerator.java,120,"FLUSH_PASSED_TO_STREAM(true),",0.106299,93,293
201,S1322,JsonGenerator.java,131,"ESCAPE_NON_ASCII(false),",0.106299,93,293
201,S1323,JsonGenerator.java,145,int flags = 0;,0.106299,93,293
201,S1324,JsonGenerator.java,146,for (Feature f : values()) {,0.106299,93,293
201,S1325,JsonGenerator.java,147,if (f.enabledByDefault()) {,0.106299,93,293
201,S1326,JsonGenerator.java,148,flags |= f.getMask();,0.106299,93,293
201,S1327,JsonGenerator.java,151,return flags;,0.106299,93,293
201,S1328,JsonGenerator.java,154,private Feature(boolean defaultState) {,0.106299,93,293
201,S1329,JsonGenerator.java,155,_mask = (1 << ordinal());,0.106299,93,293
201,S1330,JsonGenerator.java,156,_defaultState = defaultState;,0.106299,93,293
201,S1331,JsonGenerator.java,159,public boolean enabledByDefault() { return _defaultState; },0.106299,93,293
201,S1332,JsonGenerator.java,160,public int getMask() { return _mask; },0.106299,93,293
201,S1398,JsonParser.java,43,public enum Feature {,0.106299,93,293
201,S1399,JsonParser.java,59,"AUTO_CLOSE_SOURCE(true),",0.106299,93,293
201,S1400,JsonParser.java,75,"ALLOW_COMMENTS(false),",0.106299,93,293
201,S1401,JsonParser.java,89,"ALLOW_YAML_COMMENTS(false),",0.106299,93,293
201,S1402,JsonParser.java,100,"ALLOW_UNQUOTED_FIELD_NAMES(false),",0.106299,93,293
201,S1403,JsonParser.java,113,"ALLOW_SINGLE_QUOTES(false),",0.106299,93,293
201,S1404,JsonParser.java,126,"ALLOW_UNQUOTED_CONTROL_CHARS(false),",0.106299,93,293
201,S1405,JsonParser.java,137,"ALLOW_BACKSLASH_ESCAPING_ANY_CHARACTER(false),",0.106299,93,293
201,S1406,JsonParser.java,149,"ALLOW_NUMERIC_LEADING_ZEROS(false),",0.106299,93,293
201,S1407,JsonParser.java,169,"ALLOW_NON_NUMERIC_NUMBERS(false),",0.106299,93,293
201,S1408,JsonParser.java,184,int flags = 0;,0.106299,93,293
201,S1409,JsonParser.java,185,for (Feature f : values()) {,0.106299,93,293
201,S1410,JsonParser.java,186,if (f.enabledByDefault()) {,0.106299,93,293
201,S1411,JsonParser.java,187,flags |= f.getMask();,0.106299,93,293
201,S1412,JsonParser.java,190,return flags;,0.106299,93,293
201,S1413,JsonParser.java,193,private Feature(boolean defaultState) {,0.106299,93,293
201,S1414,JsonParser.java,194,_defaultState = defaultState;,0.106299,93,293
201,S1415,JsonParser.java,197,public boolean enabledByDefault() { return _defaultState; },0.106299,93,293
201,S1416,JsonParser.java,199,public int getMask() { return (1 << ordinal()); },0.106299,93,293
294,S333,BytesToNameCanonicalizer.java,241,_parent = null;,0.106,23,316
294,S334,BytesToNameCanonicalizer.java,242,_hashSeed = seed;,0.106,23,316
294,S335,BytesToNameCanonicalizer.java,243,_intern = intern;,0.106,23,316
294,S336,BytesToNameCanonicalizer.java,245,if (hashSize < MIN_HASH_SIZE) {,0.106,23,316
294,S337,BytesToNameCanonicalizer.java,251,if ((hashSize & (hashSize - 1)) != 0) { // only true if it's 2^N,0.106,23,316
294,S338,BytesToNameCanonicalizer.java,259,_tableInfo = new AtomicReference<TableInfo>(initTableInfo(hashSize));,0.106,23,316
294,S355,BytesToNameCanonicalizer.java,296,"return new TableInfo(0, // count",0.106,23,316
294,S356,BytesToNameCanonicalizer.java,322,long now = System.currentTimeMillis();,0.106,23,316
294,S357,BytesToNameCanonicalizer.java,324,int seed = (((int) now) + ((int) (now >>> 32))) | 1;,0.106,23,316
294,S358,BytesToNameCanonicalizer.java,325,return createRoot(seed);,0.106,23,316
294,S359,BytesToNameCanonicalizer.java,333,"return new BytesToNameCanonicalizer(DEFAULT_TABLE_SIZE, true, hashSeed);",0.106,23,316
294,S580,BytesToNameCanonicalizer.java,1120,this.count = count;,0.106,23,316
294,S581,BytesToNameCanonicalizer.java,1121,this.mainHashMask = mainHashMask;,0.106,23,316
294,S582,BytesToNameCanonicalizer.java,1122,this.mainHash = mainHash;,0.106,23,316
294,S583,BytesToNameCanonicalizer.java,1123,this.mainNames = mainNames;,0.106,23,316
294,S584,BytesToNameCanonicalizer.java,1124,this.collList = collList;,0.106,23,316
294,S585,BytesToNameCanonicalizer.java,1125,this.collCount = collCount;,0.106,23,316
294,S586,BytesToNameCanonicalizer.java,1126,this.collEnd = collEnd;,0.106,23,316
294,S587,BytesToNameCanonicalizer.java,1127,this.longestCollisionList = longestCollisionList;,0.106,23,316
294,S906,DefaultPrettyPrinter.java,29,"public final static SerializedString DEFAULT_ROOT_VALUE_SEPARATOR = new SerializedString("" "");",0.106,23,316
294,S2958,SerializedString.java,38,public SerializedString(String v) {,0.106,23,316
294,S2959,SerializedString.java,39,if (v == null) {,0.106,23,316
294,S2960,SerializedString.java,42,_value = v;,0.106,23,316
317,S4027,UTF8StreamJsonParser.java,1237,if (c == '.' || c == 'e' || c == 'E') {,0.105409,1,317
318,S4016,UTF8StreamJsonParser.java,1217,end = _inputEnd;,0.104257,1,318
319,S4010,UTF8StreamJsonParser.java,1206,if (c == INT_0) {,0.103142,8,326
319,S4012,UTF8StreamJsonParser.java,1211,outBuf[outPtr++] = (char) c;,0.103142,8,326
319,S4013,UTF8StreamJsonParser.java,1212,int intLen = 1;,0.103142,8,326
319,S4014,UTF8StreamJsonParser.java,1215,int end = _inputPtr + outBuf.length;,0.103142,8,326
319,S4015,UTF8StreamJsonParser.java,1216,if (end > _inputEnd) {,0.103142,8,326
319,S4017,UTF8StreamJsonParser.java,1222,if (_inputPtr >= end) {,0.103142,8,326
319,S4019,UTF8StreamJsonParser.java,1226,c = (int) _inputBuffer[_inputPtr++] & 0xFF;,0.103142,8,326
319,S4020,UTF8StreamJsonParser.java,1227,if (c < INT_0 || c > INT_9) {,0.103142,8,326
327,S4001,UTF8StreamJsonParser.java,1187,char[] outBuf = _textBuffer.emptyAndGetCurrentSegment();,0.102062,4,330
327,S4002,UTF8StreamJsonParser.java,1188,int outPtr = 0;,0.102062,4,330
327,S4003,UTF8StreamJsonParser.java,1189,boolean negative = (c == INT_MINUS);,0.102062,4,330
327,S4004,UTF8StreamJsonParser.java,1192,if (negative) {,0.102062,4,330
331,S2495,ReaderBasedJsonParser.java,923,int expLen = 0;,0.096225,7,337
331,S2496,ReaderBasedJsonParser.java,924,if (ch == 'e' || ch == 'E') { // and/or exponent,0.096225,7,337
331,S2508,ReaderBasedJsonParser.java,949,--ptr; // need to push back following separator,0.096225,7,337
331,S2509,ReaderBasedJsonParser.java,950,_inputPtr = ptr;,0.096225,7,337
331,S2510,ReaderBasedJsonParser.java,952,int len = ptr-startPtr;,0.096225,7,337
331,S2511,ReaderBasedJsonParser.java,953,"_textBuffer.resetWithShared(_inputBuffer, startPtr, len);",0.096225,7,337
331,S2512,ReaderBasedJsonParser.java,954,"return reset(negative, intLen, fractLen, expLen);",0.096225,7,337
338,S2033,ParserBase.java,522,"return resetInt(negative, intLen);",0.095346,3,340
338,S2486,ReaderBasedJsonParser.java,902,int fractLen = 0;,0.095346,3,340
338,S2487,ReaderBasedJsonParser.java,905,"if (ch == '.') { // yes, fraction",0.095346,3,340
341,S2479,ReaderBasedJsonParser.java,886,int intLen = 1; // already got one,0.093659,4,344
341,S2480,ReaderBasedJsonParser.java,892,if (ptr >= _inputEnd) {,0.093659,4,344
341,S2482,ReaderBasedJsonParser.java,895,ch = (int) _inputBuffer[ptr++];,0.093659,4,344
341,S2483,ReaderBasedJsonParser.java,896,if (ch < INT_0 || ch > INT_9) {,0.093659,4,344
345,S2032,ParserBase.java,521,if (fractLen < 1 && expLen < 1) { // integer,0.092848,2,346
345,S2477,ReaderBasedJsonParser.java,876,if (ch == INT_0) {,0.092848,2,346
347,S2442,ReaderBasedJsonParser.java,674,t = _parseNumber(i);,0.092057,7,353
347,S2443,ReaderBasedJsonParser.java,675,break;,0.092057,7,353
347,S2467,ReaderBasedJsonParser.java,853,boolean negative = (ch == INT_MINUS);,0.092057,7,353
347,S2468,ReaderBasedJsonParser.java,854,int ptr = _inputPtr;,0.092057,7,353
347,S2469,ReaderBasedJsonParser.java,855,int startPtr = ptr-1; // to include sign/digit already read,0.092057,7,353
347,S2470,ReaderBasedJsonParser.java,856,final int inputLen = _inputEnd;,0.092057,7,353
347,S2471,ReaderBasedJsonParser.java,860,if (negative) { // need to read the next digit,0.092057,7,353
354,S3006,TextBuffer.java,180,_resultString = null;,0.091287,6,359
354,S3007,TextBuffer.java,181,_resultArray = null;,0.091287,6,359
354,S3008,TextBuffer.java,184,_inputBuffer = buf;,0.091287,6,359
354,S3009,TextBuffer.java,185,_inputStart = start;,0.091287,6,359
354,S3010,TextBuffer.java,186,_inputLen = len;,0.091287,6,359
354,S3011,TextBuffer.java,189,if (_hasSegments) {,0.091287,6,359
360,S1241,JsonFactory.java,750,"IOContext ctxt = _createContext(in, false);",0.085126,3,362
360,S1242,JsonFactory.java,752,if (_inputDecorator != null) {,0.085126,3,362
360,S1244,JsonFactory.java,755,"return _createParser(in, ctxt);",0.085126,3,362
363,S217,ByteSourceJsonBootstrapper.java,86,_context = ctxt;,0.083918,14,376
363,S218,ByteSourceJsonBootstrapper.java,87,_in = in;,0.083918,14,376
363,S219,ByteSourceJsonBootstrapper.java,88,_inputBuffer = ctxt.allocReadIOBuffer();,0.083918,14,376
363,S220,ByteSourceJsonBootstrapper.java,89,_inputEnd = _inputPtr = 0;,0.083918,14,376
363,S221,ByteSourceJsonBootstrapper.java,90,_inputProcessed = 0;,0.083918,14,376
363,S222,ByteSourceJsonBootstrapper.java,91,_bufferRecyclable = true;,0.083918,14,376
363,S326,ByteSourceJsonBootstrapper.java,503,if (_in == null) { // block source,0.083918,14,376
363,S327,ByteSourceJsonBootstrapper.java,506,"count = _in.read(_inputBuffer, _inputEnd, _inputBuffer.length - _inputEnd);",0.083918,14,376
363,S328,ByteSourceJsonBootstrapper.java,508,if (count < 1) {,0.083918,14,376
363,S330,ByteSourceJsonBootstrapper.java,511,_inputEnd += count;,0.083918,14,376
363,S331,ByteSourceJsonBootstrapper.java,512,gotten += count;,0.083918,14,376
363,S1084,IOContext.java,137,_verifyAlloc(_readIOBuffer);,0.083918,14,376
363,S1085,IOContext.java,138,return (_readIOBuffer = _bufferRecycler.allocByteBuffer(BufferRecycler.ByteBufferType.READ_IO_BUFFER));,0.083918,14,376
363,S1280,JsonFactory.java,1244,"return new ByteSourceJsonBootstrapper(ctxt, in).constructParser(_parserFeatures,",0.083918,14,376
377,S3100,TextBuffer.java,571,_currentSize = len;,0.079057,1,377
378,S3097,TextBuffer.java,561,_currentSegment = curr = findBuffer(0);,0.077152,1,378
379,S2814,ReaderBasedJsonParser.java,1680,return i;,0.076696,11,389
379,S3087,TextBuffer.java,547,_inputStart = -1; // indicates shared buffer not used,0.076696,11,389
379,S3088,TextBuffer.java,548,_currentSize = 0;,0.076696,11,389
379,S3089,TextBuffer.java,549,_inputLen = 0;,0.076696,11,389
379,S3090,TextBuffer.java,551,_inputBuffer = null;,0.076696,11,389
379,S3091,TextBuffer.java,552,_resultString = null;,0.076696,11,389
379,S3092,TextBuffer.java,553,_resultArray = null;,0.076696,11,389
379,S3093,TextBuffer.java,556,if (_hasSegments) {,0.076696,11,389
379,S3095,TextBuffer.java,559,char[] curr = _currentSegment;,0.076696,11,389
379,S3096,TextBuffer.java,560,if (curr == null) {,0.076696,11,389
379,S3098,TextBuffer.java,563,return curr;,0.076696,11,389
390,S1245,JsonFactory.java,776,"IOContext ctxt = _createContext(r, false);",0.076249,4,393
390,S1246,JsonFactory.java,778,if (_inputDecorator != null) {,0.076249,4,393
390,S1248,JsonFactory.java,781,"return _createParser(r, ctxt);",0.076249,4,393
390,S3892,UTF8StreamJsonParser.java,751,switch (i) {,0.076249,4,393
394,S235,ByteSourceJsonBootstrapper.java,144,if (checkUTF32(quad)) {,0.07581,8,401
394,S237,ByteSourceJsonBootstrapper.java,146,} else if (checkUTF16(quad >>> 16)) {,0.07581,8,401
394,S308,ByteSourceJsonBootstrapper.java,433,return false;,0.07581,8,401
394,S309,ByteSourceJsonBootstrapper.java,442,if ((quad >> 8) == 0) { // 0x000000?? -> UTF32-BE,0.07581,8,401
394,S311,ByteSourceJsonBootstrapper.java,444,} else if ((quad & 0x00FFFFFF) == 0) { // 0x??000000 -> UTF32-LE,0.07581,8,401
394,S312,ByteSourceJsonBootstrapper.java,446,} else if ((quad & ~0x00FF0000) == 0) { // 0x00??0000 -> UTF32-in-order,0.07581,8,401
394,S313,ByteSourceJsonBootstrapper.java,448,} else if ((quad & ~0x0000FF00) == 0) { // 0x0000??00 -> UTF32-in-order,0.07581,8,401
394,S314,ByteSourceJsonBootstrapper.java,452,return false;,0.07581,8,401
402,S143,BufferRecycler.java,62,int ix = type.ordinal();,0.075378,15,416
402,S144,BufferRecycler.java,63,byte[] buffer = _byteBuffers[ix];,0.075378,15,416
402,S145,BufferRecycler.java,64,if (buffer == null) {,0.075378,15,416
402,S146,BufferRecycler.java,65,buffer = balloc(type.size);,0.075378,15,416
402,S148,BufferRecycler.java,69,return buffer;,0.075378,15,416
402,S160,BufferRecycler.java,110,return new byte[size];,0.075378,15,416
402,S232,ByteSourceJsonBootstrapper.java,130,int quad =  (_inputBuffer[_inputPtr] << 24),0.075378,15,416
402,S233,ByteSourceJsonBootstrapper.java,135,if (handleBOM(quad)) {,0.075378,15,416
402,S239,ByteSourceJsonBootstrapper.java,150,} else if (ensureLoaded(2)) {,0.075378,15,416
402,S299,ByteSourceJsonBootstrapper.java,396,switch (quad) {,0.075378,15,416
402,S300,ByteSourceJsonBootstrapper.java,413,int msw = quad >>> 16;,0.075378,15,416
402,S301,ByteSourceJsonBootstrapper.java,414,"if (msw == 0xFEFF) { // UTF-16, BE",0.075378,15,416
402,S302,ByteSourceJsonBootstrapper.java,420,"if (msw == 0xFFFE) { // UTF-16, LE",0.075378,15,416
402,S303,ByteSourceJsonBootstrapper.java,427,if ((quad >>> 8) == 0xEFBBBF) { // UTF-8,0.075378,15,416
402,S3030,TextBuffer.java,236,"return _allocator.allocCharBuffer(BufferRecycler.CharBufferType.TEXT_BUFFER, needed);",0.075378,15,416
417,S243,ByteSourceJsonBootstrapper.java,162,enc = JsonEncoding.UTF8;,0.074125,15,431
417,S321,ByteSourceJsonBootstrapper.java,467,return false;,0.074125,15,431
417,S3029,TextBuffer.java,235,if (_allocator != null) {,0.074125,15,431
417,S3832,UTF8StreamJsonParser.java,617,if (_tokenIncomplete) {,0.074125,15,431
417,S3834,UTF8StreamJsonParser.java,621,int i = _skipWSOrEnd();,0.074125,15,431
417,S3835,UTF8StreamJsonParser.java,622,if (i < 0) { // end-of-input,0.074125,15,431
417,S3838,UTF8StreamJsonParser.java,633,_tokenInputTotal = _currInputProcessed + _inputPtr - 1;,0.074125,15,431
417,S3839,UTF8StreamJsonParser.java,634,_tokenInputRow = _currInputRow;,0.074125,15,431
417,S3840,UTF8StreamJsonParser.java,635,_tokenInputCol = _inputPtr - _currInputRowStart - 1;,0.074125,15,431
417,S3841,UTF8StreamJsonParser.java,638,_binaryValue = null;,0.074125,15,431
417,S3842,UTF8StreamJsonParser.java,641,if (i == INT_RBRACKET) {,0.074125,15,431
417,S3847,UTF8StreamJsonParser.java,648,if (i == INT_RCURLY) {,0.074125,15,431
417,S3852,UTF8StreamJsonParser.java,657,if (_parsingContext.expectComma()) {,0.074125,15,431
417,S3855,UTF8StreamJsonParser.java,668,if (!_parsingContext.inObject()) {,0.074125,15,431
417,S3856,UTF8StreamJsonParser.java,669,return _nextTokenNotInObject(i);,0.074125,15,431
432,S263,ByteSourceJsonBootstrapper.java,233,if (canonicalize) {,0.073721,27,458
432,S264,ByteSourceJsonBootstrapper.java,234,"BytesToNameCanonicalizer can = rootByteSymbols.makeChild(canonicalize, intern);",0.073721,27,458
432,S265,ByteSourceJsonBootstrapper.java,235,"return new UTF8StreamJsonParser(_context, parserFeatures, _in, codec, can, _inputBuffer, _inputPtr, _inputEnd, _bufferRecyclable);",0.073721,27,458
432,S317,ByteSourceJsonBootstrapper.java,462,if ((i16 & 0xFF00) == 0) { // UTF-16BE,0.073721,27,458
432,S319,ByteSourceJsonBootstrapper.java,464,} else if ((i16 & 0x00FF) == 0) { // UTF-16LE,0.073721,27,458
432,S693,CharTypes.java,196,public static int[] getInputCodeUtf8() { return sInputCodesUTF8; },0.073721,27,458
432,S3690,UTF8StreamJsonParser.java,23,private final static int[] _icUTF8 = CharTypes.getInputCodeUtf8();,0.073721,27,458
432,S3691,UTF8StreamJsonParser.java,27,protected final static int[] _icLatin1 = CharTypes.getInputCodeLatin1();,0.073721,27,458
432,S3692,UTF8StreamJsonParser.java,30,private final static int[] _icWS = CharTypes.getInputCodeWS();,0.073721,27,458
432,S3693,UTF8StreamJsonParser.java,59,protected int[] _quadBuffer = new int[16];,0.073721,27,458
432,S3694,UTF8StreamJsonParser.java,66,protected boolean _tokenIncomplete = false;,0.073721,27,458
432,S3695,UTF8StreamJsonParser.java,114,"super(ctxt, features);",0.073721,27,458
432,S3696,UTF8StreamJsonParser.java,115,_inputStream = in;,0.073721,27,458
432,S3697,UTF8StreamJsonParser.java,116,_objectCodec = codec;,0.073721,27,458
432,S3698,UTF8StreamJsonParser.java,117,_symbols = sym;,0.073721,27,458
432,S3699,UTF8StreamJsonParser.java,118,_inputBuffer = inputBuffer;,0.073721,27,458
432,S3700,UTF8StreamJsonParser.java,119,_inputPtr = start;,0.073721,27,458
432,S3701,UTF8StreamJsonParser.java,120,_inputEnd = end;,0.073721,27,458
432,S3702,UTF8StreamJsonParser.java,121,_bufferRecyclable = bufferRecyclable;,0.073721,27,458
432,S3829,UTF8StreamJsonParser.java,609,_numTypesValid = NR_UNKNOWN;,0.073721,27,458
432,S3830,UTF8StreamJsonParser.java,614,if (_currToken == JsonToken.FIELD_NAME) {,0.073721,27,458
432,S3889,UTF8StreamJsonParser.java,747,if (i == INT_QUOTE) {,0.073721,27,458
432,S4483,UTF8StreamJsonParser.java,2542,final int[] codes = _icWS;,0.073721,27,458
432,S4484,UTF8StreamJsonParser.java,2543,while ((_inputPtr < _inputEnd) || loadMore()) {,0.073721,27,458
432,S4485,UTF8StreamJsonParser.java,2544,final int i = _inputBuffer[_inputPtr++] & 0xFF;,0.073721,27,458
432,S4486,UTF8StreamJsonParser.java,2545,switch (codes[i]) {,0.073721,27,458
432,S4487,UTF8StreamJsonParser.java,2547,return i;,0.073721,27,458
459,S215,ByteSourceJsonBootstrapper.java,74,protected boolean _bigEndian = true;,0.073324,29,487
459,S216,ByteSourceJsonBootstrapper.java,76,"protected int _bytesPerChar = 0; // 0 means ""dunno yet""",0.073324,29,487
459,S230,ByteSourceJsonBootstrapper.java,120,boolean foundEncoding = false;,0.073324,29,487
459,S231,ByteSourceJsonBootstrapper.java,129,if (ensureLoaded(4)) {,0.073324,29,487
459,S242,ByteSourceJsonBootstrapper.java,161,if (!foundEncoding) {,0.073324,29,487
459,S251,ByteSourceJsonBootstrapper.java,178,_context.setEncoding(enc);,0.073324,29,487
459,S252,ByteSourceJsonBootstrapper.java,179,return enc;,0.073324,29,487
459,S261,ByteSourceJsonBootstrapper.java,227,JsonEncoding enc = detectEncoding();,0.073324,29,487
459,S262,ByteSourceJsonBootstrapper.java,229,if (enc == JsonEncoding.UTF8) {,0.073324,29,487
459,S324,ByteSourceJsonBootstrapper.java,499,int gotten = (_inputEnd - _inputPtr);,0.073324,29,487
459,S325,ByteSourceJsonBootstrapper.java,500,while (gotten < minimum) {,0.073324,29,487
459,S332,ByteSourceJsonBootstrapper.java,514,return true;,0.073324,29,487
459,S339,BytesToNameCanonicalizer.java,268,_parent = parent;,0.073324,29,487
459,S340,BytesToNameCanonicalizer.java,269,_hashSeed = seed;,0.073324,29,487
459,S341,BytesToNameCanonicalizer.java,270,_intern = intern;,0.073324,29,487
459,S342,BytesToNameCanonicalizer.java,271,_tableInfo = null; // not used by child tables,0.073324,29,487
459,S343,BytesToNameCanonicalizer.java,274,_count = state.count;,0.073324,29,487
459,S344,BytesToNameCanonicalizer.java,275,_mainHashMask = state.mainHashMask;,0.073324,29,487
459,S345,BytesToNameCanonicalizer.java,276,_mainHash = state.mainHash;,0.073324,29,487
459,S346,BytesToNameCanonicalizer.java,277,_mainNames = state.mainNames;,0.073324,29,487
459,S347,BytesToNameCanonicalizer.java,278,_collList = state.collList;,0.073324,29,487
459,S348,BytesToNameCanonicalizer.java,279,_collCount = state.collCount;,0.073324,29,487
459,S349,BytesToNameCanonicalizer.java,280,_collEnd = state.collEnd;,0.073324,29,487
459,S350,BytesToNameCanonicalizer.java,281,_longestCollisionList = state.longestCollisionList;,0.073324,29,487
459,S351,BytesToNameCanonicalizer.java,284,_needRehash = false;,0.073324,29,487
459,S352,BytesToNameCanonicalizer.java,285,_mainHashShared = true;,0.073324,29,487
459,S353,BytesToNameCanonicalizer.java,286,_mainNamesShared = true;,0.073324,29,487
459,S354,BytesToNameCanonicalizer.java,287,_collListShared = true;,0.073324,29,487
459,S360,BytesToNameCanonicalizer.java,346,"return new BytesToNameCanonicalizer(this, intern, _hashSeed, _tableInfo.get());",0.073324,29,487
488,S2813,ReaderBasedJsonParser.java,1676,switch (codes[i]) {,0.072169,1,488
489,S2263,ReaderBasedJsonParser.java,125,_currInputProcessed += _inputEnd;,0.070711,30,518
489,S2264,ReaderBasedJsonParser.java,126,_currInputRowStart -= _inputEnd;,0.070711,30,518
489,S2265,ReaderBasedJsonParser.java,128,if (_reader != null) {,0.070711,30,518
489,S2266,ReaderBasedJsonParser.java,129,"int count = _reader.read(_inputBuffer, 0, _inputBuffer.length);",0.070711,30,518
489,S2267,ReaderBasedJsonParser.java,130,if (count > 0) {,0.070711,30,518
489,S2268,ReaderBasedJsonParser.java,131,_inputPtr = 0;,0.070711,30,518
489,S2269,ReaderBasedJsonParser.java,132,_inputEnd = count;,0.070711,30,518
489,S2270,ReaderBasedJsonParser.java,133,return true;,0.070711,30,518
489,S2386,ReaderBasedJsonParser.java,548,_numTypesValid = NR_UNKNOWN;,0.070711,30,518
489,S2387,ReaderBasedJsonParser.java,554,if (_currToken == JsonToken.FIELD_NAME) {,0.070711,30,518
489,S2389,ReaderBasedJsonParser.java,557,if (_tokenIncomplete) {,0.070711,30,518
489,S2391,ReaderBasedJsonParser.java,560,int i = _skipWSOrEnd();,0.070711,30,518
489,S2392,ReaderBasedJsonParser.java,561,if (i < 0) { // end-of-input,0.070711,30,518
489,S2395,ReaderBasedJsonParser.java,572,_tokenInputTotal = _currInputProcessed + _inputPtr - 1;,0.070711,30,518
489,S2396,ReaderBasedJsonParser.java,573,_tokenInputRow = _currInputRow;,0.070711,30,518
489,S2397,ReaderBasedJsonParser.java,574,_tokenInputCol = _inputPtr - _currInputRowStart - 1;,0.070711,30,518
489,S2398,ReaderBasedJsonParser.java,577,_binaryValue = null;,0.070711,30,518
489,S2399,ReaderBasedJsonParser.java,580,if (i == INT_RBRACKET) {,0.070711,30,518
489,S2404,ReaderBasedJsonParser.java,587,if (i == INT_RCURLY) {,0.070711,30,518
489,S2409,ReaderBasedJsonParser.java,596,if (_parsingContext.expectComma()) {,0.070711,30,518
489,S2412,ReaderBasedJsonParser.java,607,boolean inObject = _parsingContext.inObject();,0.070711,30,518
489,S2413,ReaderBasedJsonParser.java,608,if (inObject) {,0.070711,30,518
489,S2421,ReaderBasedJsonParser.java,624,switch (i) {,0.070711,30,518
489,S2445,ReaderBasedJsonParser.java,681,if (inObject) {,0.070711,30,518
489,S2448,ReaderBasedJsonParser.java,685,_currToken = t;,0.070711,30,518
489,S2449,ReaderBasedJsonParser.java,686,return t;,0.070711,30,518
489,S2808,ReaderBasedJsonParser.java,1670,final int[] codes = _icWS;,0.070711,30,518
489,S2809,ReaderBasedJsonParser.java,1671,while (_inputPtr < _inputEnd || loadMore()) {,0.070711,30,518
489,S2810,ReaderBasedJsonParser.java,1672,int i = (int) _inputBuffer[_inputPtr++];,0.070711,30,518
489,S2811,ReaderBasedJsonParser.java,1673,if (i >= 64) {,0.070711,30,518
519,S1281,JsonFactory.java,1273,"return new ReaderBasedJsonParser(ctxt, _parserFeatures, r, _objectCodec,",0.07036,1,519
520,S735,CharsToNameCanonicalizer.java,312,synchronized (this) {,0.070014,7,526
520,S736,CharsToNameCanonicalizer.java,313,symbols = _symbols;,0.070014,7,526
520,S737,CharsToNameCanonicalizer.java,314,buckets = _buckets;,0.070014,7,526
520,S738,CharsToNameCanonicalizer.java,315,size = _size;,0.070014,7,526
520,S739,CharsToNameCanonicalizer.java,316,hashSeed = _hashSeed;,0.070014,7,526
520,S740,CharsToNameCanonicalizer.java,317,longestCollisionList = _longestCollisionList;,0.070014,7,526
520,S741,CharsToNameCanonicalizer.java,320,"return new CharsToNameCanonicalizer(this, canonicalize, intern,",0.070014,7,526
527,S760,CharsToNameCanonicalizer.java,412,public int hashSeed() { return _hashSeed; },0.069673,12,538
527,S1090,IOContext.java,158,_verifyAlloc(_tokenCBuffer);,0.069673,12,538
527,S1091,IOContext.java,159,return (_tokenCBuffer = _bufferRecycler.allocCharBuffer(BufferRecycler.CharBufferType.TOKEN_BUFFER));,0.069673,12,538
527,S2248,ReaderBasedJsonParser.java,22,protected final static int[] _icLatin1 = CharTypes.getInputCodeLatin1();,0.069673,12,538
527,S2249,ReaderBasedJsonParser.java,25,private final static int[] _icWS = CharTypes.getInputCodeWS();,0.069673,12,538
527,S2250,ReaderBasedJsonParser.java,69,protected boolean _tokenIncomplete = false;,0.069673,12,538
527,S2251,ReaderBasedJsonParser.java,80,"super(ctxt, features);",0.069673,12,538
527,S2252,ReaderBasedJsonParser.java,81,_reader = r;,0.069673,12,538
527,S2253,ReaderBasedJsonParser.java,82,_inputBuffer = ctxt.allocTokenBuffer();,0.069673,12,538
527,S2254,ReaderBasedJsonParser.java,83,_objectCodec = codec;,0.069673,12,538
527,S2255,ReaderBasedJsonParser.java,84,_symbols = st;,0.069673,12,538
527,S2256,ReaderBasedJsonParser.java,85,_hashSeed = st.hashSeed();,0.069673,12,538
539,S1079,IOContext.java,107,_encoding = enc;,0.069338,9,547
539,S1154,JsonEncoding.java,18,public enum JsonEncoding {,0.069338,9,547
539,S1155,JsonEncoding.java,19,"UTF8(""UTF-8"", false), // N/A for big-endian, really",0.069338,9,547
539,S1156,JsonEncoding.java,20,"UTF16_BE(""UTF-16BE"", true),",0.069338,9,547
539,S1157,JsonEncoding.java,21,"UTF16_LE(""UTF-16LE"", false),",0.069338,9,547
539,S1158,JsonEncoding.java,22,"UTF32_BE(""UTF-32BE"", true),",0.069338,9,547
539,S1159,JsonEncoding.java,23,"UTF32_LE(""UTF-32LE"", false)",0.069338,9,547
539,S1160,JsonEncoding.java,32,_javaName = javaName;,0.069338,9,547
539,S1161,JsonEncoding.java,33,_bigEndian = bigEndian;,0.069338,9,547
548,S150,BufferRecycler.java,79,"return allocCharBuffer(type, 0);",0.059339,1,548
549,S1,Base64Variant.java,55,private final transient int[] _asciiToBase64 = new int[128];,0.0,4754,5302
549,S2,Base64Variant.java,61,private final transient char[] _base64ToAsciiC = new char[64];,0.0,4754,5302
549,S3,Base64Variant.java,67,private final transient byte[] _base64ToAsciiB = new byte[64];,0.0,4754,5302
549,S4,Base64Variant.java,111,_name = name;,0.0,4754,5302
549,S5,Base64Variant.java,112,_usesPadding = usesPadding;,0.0,4754,5302
549,S6,Base64Variant.java,113,_paddingChar = paddingChar;,0.0,4754,5302
549,S7,Base64Variant.java,114,_maxLineLength = maxLineLength;,0.0,4754,5302
549,S8,Base64Variant.java,119,int alphaLen = base64Alphabet.length();,0.0,4754,5302
549,S9,Base64Variant.java,120,if (alphaLen != 64) {,0.0,4754,5302
549,S10,Base64Variant.java,125,"base64Alphabet.getChars(0, alphaLen, _base64ToAsciiC, 0);",0.0,4754,5302
549,S11,Base64Variant.java,126,"Arrays.fill(_asciiToBase64, BASE64_VALUE_INVALID);",0.0,4754,5302
549,S12,Base64Variant.java,127,for (int i = 0; i < alphaLen; ++i) {,0.0,4754,5302
549,S13,Base64Variant.java,128,char alpha = _base64ToAsciiC[i];,0.0,4754,5302
549,S14,Base64Variant.java,129,_base64ToAsciiB[i] = (byte) alpha;,0.0,4754,5302
549,S15,Base64Variant.java,130,_asciiToBase64[alpha] = i;,0.0,4754,5302
549,S16,Base64Variant.java,134,if (usesPadding) {,0.0,4754,5302
549,S17,Base64Variant.java,135,_asciiToBase64[(int) paddingChar] = BASE64_VALUE_PADDING;,0.0,4754,5302
549,S18,Base64Variant.java,146,"this(base, name, base._usesPadding, base._paddingChar, maxLineLength);",0.0,4754,5302
549,S19,Base64Variant.java,156,_name = name;,0.0,4754,5302
549,S20,Base64Variant.java,157,byte[] srcB = base._base64ToAsciiB;,0.0,4754,5302
549,S21,Base64Variant.java,158,"System.arraycopy(srcB, 0, this._base64ToAsciiB, 0, srcB.length);",0.0,4754,5302
549,S22,Base64Variant.java,159,char[] srcC = base._base64ToAsciiC;,0.0,4754,5302
549,S23,Base64Variant.java,160,"System.arraycopy(srcC, 0, this._base64ToAsciiC, 0, srcC.length);",0.0,4754,5302
549,S24,Base64Variant.java,161,int[] srcV = base._asciiToBase64;,0.0,4754,5302
549,S25,Base64Variant.java,162,"System.arraycopy(srcV, 0, this._asciiToBase64, 0, srcV.length);",0.0,4754,5302
549,S26,Base64Variant.java,164,_usesPadding = usesPadding;,0.0,4754,5302
549,S27,Base64Variant.java,165,_paddingChar = paddingChar;,0.0,4754,5302
549,S28,Base64Variant.java,166,_maxLineLength = maxLineLength;,0.0,4754,5302
549,S29,Base64Variant.java,180,return Base64Variants.valueOf(_name);,0.0,4754,5302
549,S30,Base64Variant.java,191,public boolean usesPadding() { return _usesPadding; },0.0,4754,5302
549,S31,Base64Variant.java,192,public boolean usesPaddingChar(char c) { return c == _paddingChar; },0.0,4754,5302
549,S32,Base64Variant.java,193,public boolean usesPaddingChar(int ch) { return ch == (int) _paddingChar; },0.0,4754,5302
549,S33,Base64Variant.java,197,public int getMaxLineLength() { return _maxLineLength; },0.0,4754,5302
549,S34,Base64Variant.java,210,int ch = (int) c;,0.0,4754,5302
549,S35,Base64Variant.java,211,return (ch <= 127) ? _asciiToBase64[ch] : BASE64_VALUE_INVALID;,0.0,4754,5302
549,S36,Base64Variant.java,216,return (ch <= 127) ? _asciiToBase64[ch] : BASE64_VALUE_INVALID;,0.0,4754,5302
549,S37,Base64Variant.java,245,buffer[ptr++] = _base64ToAsciiC[(b24 >> 18) & 0x3F];,0.0,4754,5302
549,S38,Base64Variant.java,246,buffer[ptr++] = _base64ToAsciiC[(b24 >> 12) & 0x3F];,0.0,4754,5302
549,S39,Base64Variant.java,247,buffer[ptr++] = _base64ToAsciiC[(b24 >> 6) & 0x3F];,0.0,4754,5302
549,S40,Base64Variant.java,248,buffer[ptr++] = _base64ToAsciiC[b24 & 0x3F];,0.0,4754,5302
549,S41,Base64Variant.java,249,return ptr;,0.0,4754,5302
549,S42,Base64Variant.java,254,sb.append(_base64ToAsciiC[(b24 >> 18) & 0x3F]);,0.0,4754,5302
549,S43,Base64Variant.java,255,sb.append(_base64ToAsciiC[(b24 >> 12) & 0x3F]);,0.0,4754,5302
549,S44,Base64Variant.java,256,sb.append(_base64ToAsciiC[(b24 >> 6) & 0x3F]);,0.0,4754,5302
549,S45,Base64Variant.java,257,sb.append(_base64ToAsciiC[b24 & 0x3F]);,0.0,4754,5302
549,S46,Base64Variant.java,270,buffer[outPtr++] = _base64ToAsciiC[(bits >> 18) & 0x3F];,0.0,4754,5302
549,S47,Base64Variant.java,271,buffer[outPtr++] = _base64ToAsciiC[(bits >> 12) & 0x3F];,0.0,4754,5302
549,S48,Base64Variant.java,272,if (_usesPadding) {,0.0,4754,5302
549,S49,Base64Variant.java,273,buffer[outPtr++] = (outputBytes == 2) ?,0.0,4754,5302
549,S50,Base64Variant.java,275,buffer[outPtr++] = _paddingChar;,0.0,4754,5302
549,S51,Base64Variant.java,277,if (outputBytes == 2) {,0.0,4754,5302
549,S52,Base64Variant.java,278,buffer[outPtr++] = _base64ToAsciiC[(bits >> 6) & 0x3F];,0.0,4754,5302
549,S53,Base64Variant.java,281,return outPtr;,0.0,4754,5302
549,S54,Base64Variant.java,286,sb.append(_base64ToAsciiC[(bits >> 18) & 0x3F]);,0.0,4754,5302
549,S55,Base64Variant.java,287,sb.append(_base64ToAsciiC[(bits >> 12) & 0x3F]);,0.0,4754,5302
549,S56,Base64Variant.java,288,if (_usesPadding) {,0.0,4754,5302
549,S57,Base64Variant.java,289,sb.append((outputBytes == 2) ?,0.0,4754,5302
549,S58,Base64Variant.java,291,sb.append(_paddingChar);,0.0,4754,5302
549,S59,Base64Variant.java,293,if (outputBytes == 2) {,0.0,4754,5302
549,S60,Base64Variant.java,294,sb.append(_base64ToAsciiC[(bits >> 6) & 0x3F]);,0.0,4754,5302
549,S61,Base64Variant.java,311,buffer[ptr++] = _base64ToAsciiB[(b24 >> 18) & 0x3F];,0.0,4754,5302
549,S62,Base64Variant.java,312,buffer[ptr++] = _base64ToAsciiB[(b24 >> 12) & 0x3F];,0.0,4754,5302
549,S63,Base64Variant.java,313,buffer[ptr++] = _base64ToAsciiB[(b24 >> 6) & 0x3F];,0.0,4754,5302
549,S64,Base64Variant.java,314,buffer[ptr++] = _base64ToAsciiB[b24 & 0x3F];,0.0,4754,5302
549,S65,Base64Variant.java,315,return ptr;,0.0,4754,5302
549,S66,Base64Variant.java,328,buffer[outPtr++] = _base64ToAsciiB[(bits >> 18) & 0x3F];,0.0,4754,5302
549,S67,Base64Variant.java,329,buffer[outPtr++] = _base64ToAsciiB[(bits >> 12) & 0x3F];,0.0,4754,5302
549,S68,Base64Variant.java,330,if (_usesPadding) {,0.0,4754,5302
549,S69,Base64Variant.java,331,byte pb = (byte) _paddingChar;,0.0,4754,5302
549,S70,Base64Variant.java,332,buffer[outPtr++] = (outputBytes == 2) ?,0.0,4754,5302
549,S71,Base64Variant.java,334,buffer[outPtr++] = pb;,0.0,4754,5302
549,S72,Base64Variant.java,335,} else {,0.0,4754,5302
549,S73,Base64Variant.java,336,if (outputBytes == 2) {,0.0,4754,5302
549,S74,Base64Variant.java,337,buffer[outPtr++] = _base64ToAsciiB[(bits >> 6) & 0x3F];,0.0,4754,5302
549,S75,Base64Variant.java,340,return outPtr;,0.0,4754,5302
549,S76,Base64Variant.java,359,"return encode(input, false);",0.0,4754,5302
549,S77,Base64Variant.java,372,int inputEnd = input.length;,0.0,4754,5302
549,S78,Base64Variant.java,376,int outputLen = inputEnd + (inputEnd >> 2) + (inputEnd >> 3);,0.0,4754,5302
549,S79,Base64Variant.java,377,sb = new StringBuilder(outputLen);,0.0,4754,5302
549,S80,Base64Variant.java,379,if (addQuotes) {,0.0,4754,5302
549,S81,Base64Variant.java,383,int chunksBeforeLF = getMaxLineLength() >> 2;,0.0,4754,5302
549,S82,Base64Variant.java,386,int inputPtr = 0;,0.0,4754,5302
549,S83,Base64Variant.java,387,int safeInputEnd = inputEnd-3; // to get only full triplets,0.0,4754,5302
549,S84,Base64Variant.java,389,while (inputPtr <= safeInputEnd) {,0.0,4754,5302
549,S85,Base64Variant.java,391,int b24 = ((int) input[inputPtr++]) << 8;,0.0,4754,5302
549,S86,Base64Variant.java,392,b24 |= ((int) input[inputPtr++]) & 0xFF;,0.0,4754,5302
549,S87,Base64Variant.java,393,b24 = (b24 << 8) | (((int) input[inputPtr++]) & 0xFF);,0.0,4754,5302
549,S88,Base64Variant.java,394,"encodeBase64Chunk(sb, b24);",0.0,4754,5302
549,S89,Base64Variant.java,395,if (--chunksBeforeLF <= 0) {,0.0,4754,5302
549,S90,Base64Variant.java,397,sb.append('\\');,0.0,4754,5302
549,S91,Base64Variant.java,398,sb.append('n');,0.0,4754,5302
549,S92,Base64Variant.java,399,chunksBeforeLF = getMaxLineLength() >> 2;,0.0,4754,5302
549,S93,Base64Variant.java,404,"int inputLeft = inputEnd - inputPtr; // 0, 1 or 2",0.0,4754,5302
549,S94,Base64Variant.java,405,"if (inputLeft > 0) { // yes, but do we have room for output?",0.0,4754,5302
549,S95,Base64Variant.java,406,int b24 = ((int) input[inputPtr++]) << 16;,0.0,4754,5302
549,S96,Base64Variant.java,407,if (inputLeft == 2) {,0.0,4754,5302
549,S97,Base64Variant.java,408,b24 |= (((int) input[inputPtr++]) & 0xFF) << 8;,0.0,4754,5302
549,S98,Base64Variant.java,410,"encodeBase64Partial(sb, b24, inputLeft);",0.0,4754,5302
549,S99,Base64Variant.java,413,if (addQuotes) {,0.0,4754,5302
549,S100,Base64Variant.java,416,return sb.toString();,0.0,4754,5302
549,S101,Base64Variants.java,34,"MIME = new Base64Variant(""MIME"", STD_BASE64_ALPHABET, true, '=', 76);",0.0,4754,5302
549,S102,Base64Variants.java,45,"MIME_NO_LINEFEEDS = new Base64Variant(MIME, ""MIME-NO-LINEFEEDS"", Integer.MAX_VALUE);",0.0,4754,5302
549,S103,Base64Variants.java,52,"public final static Base64Variant PEM = new Base64Variant(MIME, ""PEM"", true, '=', 64);",0.0,4754,5302
549,S104,Base64Variants.java,67,StringBuffer sb = new StringBuffer(STD_BASE64_ALPHABET);,0.0,4754,5302
549,S105,Base64Variants.java,69,"sb.setCharAt(sb.indexOf(""+""), '-');",0.0,4754,5302
549,S106,Base64Variants.java,70,"sb.setCharAt(sb.indexOf(""/""), '_');",0.0,4754,5302
549,S107,Base64Variants.java,74,"MODIFIED_FOR_URL = new Base64Variant(""MODIFIED-FOR-URL"", sb.toString(), false, Base64Variant.PADDING_CHAR_NONE, Integer.MAX_VALUE);",0.0,4754,5302
549,S108,Base64Variants.java,84,return MIME_NO_LINEFEEDS;,0.0,4754,5302
549,S109,Base64Variants.java,92,if (MIME._name.equals(name)) {,0.0,4754,5302
549,S110,Base64Variants.java,95,if (MIME_NO_LINEFEEDS._name.equals(name)) {,0.0,4754,5302
549,S111,Base64Variants.java,98,if (PEM._name.equals(name)) {,0.0,4754,5302
549,S112,Base64Variants.java,99,return PEM;,0.0,4754,5302
549,S113,BaseReader.java,41,_context = context;,0.0,4754,5302
549,S114,BaseReader.java,42,_in = in;,0.0,4754,5302
549,S115,BaseReader.java,43,_buffer = buf;,0.0,4754,5302
549,S116,BaseReader.java,44,_ptr = ptr;,0.0,4754,5302
549,S117,BaseReader.java,45,_length = len;,0.0,4754,5302
549,S118,BaseReader.java,57,InputStream in = _in;,0.0,4754,5302
549,S119,BaseReader.java,59,if (in != null) {,0.0,4754,5302
549,S120,BaseReader.java,60,_in = null;,0.0,4754,5302
549,S121,BaseReader.java,61,freeBuffers();,0.0,4754,5302
549,S122,BaseReader.java,62,in.close();,0.0,4754,5302
549,S123,BaseReader.java,66,protected char[] _tmpBuf = null;,0.0,4754,5302
549,S124,BaseReader.java,98,byte[] buf = _buffer;,0.0,4754,5302
549,S125,BaseReader.java,99,if (buf != null) {,0.0,4754,5302
549,S126,BaseReader.java,100,_buffer = null;,0.0,4754,5302
549,S127,BaseReader.java,101,_context.releaseReadIOBuffer(buf);,0.0,4754,5302
549,S147,BufferRecycler.java,67,_byteBuffers[ix] = null;,0.0,4754,5302
549,S149,BufferRecycler.java,74,_byteBuffers[type.ordinal()] = buffer;,0.0,4754,5302
549,S157,BufferRecycler.java,92,_charBuffers[ix] = null;,0.0,4754,5302
549,S159,BufferRecycler.java,99,_charBuffers[type.ordinal()] = buffer;,0.0,4754,5302
549,S162,ByteArrayBuilder.java,27,private final static byte[] NO_BYTES = new byte[0];,0.0,4754,5302
549,S163,ByteArrayBuilder.java,48,private final LinkedList<byte[]> _pastBlocks = new LinkedList<byte[]>();,0.0,4754,5302
549,S164,ByteArrayBuilder.java,59,public ByteArrayBuilder() { this(null); },0.0,4754,5302
549,S165,ByteArrayBuilder.java,61,"public ByteArrayBuilder(BufferRecycler br) { this(br, INITIAL_BLOCK_SIZE); }",0.0,4754,5302
549,S166,ByteArrayBuilder.java,67,_bufferRecycler = br;,0.0,4754,5302
549,S167,ByteArrayBuilder.java,68,if (br == null) {,0.0,4754,5302
549,S168,ByteArrayBuilder.java,69,_currBlock = new byte[firstBlockSize];,0.0,4754,5302
549,S169,ByteArrayBuilder.java,77,_pastLen = 0;,0.0,4754,5302
549,S170,ByteArrayBuilder.java,78,_currBlockPtr = 0;,0.0,4754,5302
549,S171,ByteArrayBuilder.java,80,if (!_pastBlocks.isEmpty()) {,0.0,4754,5302
549,S172,ByteArrayBuilder.java,81,_pastBlocks.clear();,0.0,4754,5302
549,S173,ByteArrayBuilder.java,100,if (_currBlockPtr >= _currBlock.length) {,0.0,4754,5302
549,S174,ByteArrayBuilder.java,101,_allocMore();,0.0,4754,5302
549,S175,ByteArrayBuilder.java,103,_currBlock[_currBlockPtr++] = (byte) i;,0.0,4754,5302
549,S176,ByteArrayBuilder.java,108,if ((_currBlockPtr + 1) < _currBlock.length) {,0.0,4754,5302
549,S177,ByteArrayBuilder.java,109,_currBlock[_currBlockPtr++] = (byte) (b16 >> 8);,0.0,4754,5302
549,S178,ByteArrayBuilder.java,110,_currBlock[_currBlockPtr++] = (byte) b16;,0.0,4754,5302
549,S179,ByteArrayBuilder.java,119,if ((_currBlockPtr + 2) < _currBlock.length) {,0.0,4754,5302
549,S180,ByteArrayBuilder.java,120,_currBlock[_currBlockPtr++] = (byte) (b24 >> 16);,0.0,4754,5302
549,S181,ByteArrayBuilder.java,121,_currBlock[_currBlockPtr++] = (byte) (b24 >> 8);,0.0,4754,5302
549,S182,ByteArrayBuilder.java,122,_currBlock[_currBlockPtr++] = (byte) b24;,0.0,4754,5302
549,S183,ByteArrayBuilder.java,124,append(b24 >> 16);,0.0,4754,5302
549,S184,ByteArrayBuilder.java,125,append(b24 >> 8);,0.0,4754,5302
549,S185,ByteArrayBuilder.java,126,append(b24);,0.0,4754,5302
549,S186,ByteArrayBuilder.java,136,int totalLen = _pastLen + _currBlockPtr;,0.0,4754,5302
549,S187,ByteArrayBuilder.java,138,if (totalLen == 0) { // quick check: nothing aggregated?,0.0,4754,5302
549,S188,ByteArrayBuilder.java,142,byte[] result = new byte[totalLen];,0.0,4754,5302
549,S189,ByteArrayBuilder.java,143,int offset = 0;,0.0,4754,5302
549,S190,ByteArrayBuilder.java,145,for (byte[] block : _pastBlocks) {,0.0,4754,5302
549,S191,ByteArrayBuilder.java,146,int len = block.length;,0.0,4754,5302
549,S192,ByteArrayBuilder.java,147,"System.arraycopy(block, 0, result, offset, len);",0.0,4754,5302
549,S193,ByteArrayBuilder.java,148,offset += len;,0.0,4754,5302
549,S194,ByteArrayBuilder.java,150,"System.arraycopy(_currBlock, 0, result, offset, _currBlockPtr);",0.0,4754,5302
549,S195,ByteArrayBuilder.java,151,offset += _currBlockPtr;,0.0,4754,5302
549,S196,ByteArrayBuilder.java,152,if (offset != totalLen) { // just a sanity check,0.0,4754,5302
549,S197,ByteArrayBuilder.java,156,if (!_pastBlocks.isEmpty()) {,0.0,4754,5302
549,S198,ByteArrayBuilder.java,157,reset();,0.0,4754,5302
549,S199,ByteArrayBuilder.java,159,return result;,0.0,4754,5302
549,S200,ByteArrayBuilder.java,173,reset();,0.0,4754,5302
549,S201,ByteArrayBuilder.java,174,return _currBlock;,0.0,4754,5302
549,S202,ByteArrayBuilder.java,183,_allocMore();,0.0,4754,5302
549,S203,ByteArrayBuilder.java,184,return _currBlock;,0.0,4754,5302
549,S204,ByteArrayBuilder.java,198,_currBlockPtr = lastBlockLength;,0.0,4754,5302
549,S205,ByteArrayBuilder.java,199,return toByteArray();,0.0,4754,5302
549,S206,ByteArrayBuilder.java,203,return _currBlock;,0.0,4754,5302
549,S207,ByteArrayBuilder.java,207,_currBlockPtr = len;,0.0,4754,5302
549,S208,ByteArrayBuilder.java,211,return _currBlockPtr;,0.0,4754,5302
549,S209,ByteArrayBuilder.java,259,_pastLen += _currBlock.length;,0.0,4754,5302
549,S210,ByteArrayBuilder.java,267,"int newSize = Math.max((_pastLen >> 1), (INITIAL_BLOCK_SIZE + INITIAL_BLOCK_SIZE));",0.0,4754,5302
549,S211,ByteArrayBuilder.java,269,if (newSize > MAX_BLOCK_SIZE) {,0.0,4754,5302
549,S212,ByteArrayBuilder.java,272,_pastBlocks.add(_currBlock);,0.0,4754,5302
549,S213,ByteArrayBuilder.java,273,_currBlock = new byte[newSize];,0.0,4754,5302
549,S214,ByteArrayBuilder.java,274,_currBlockPtr = 0;,0.0,4754,5302
549,S223,ByteSourceJsonBootstrapper.java,96,_context = ctxt;,0.0,4754,5302
549,S224,ByteSourceJsonBootstrapper.java,97,_in = null;,0.0,4754,5302
549,S225,ByteSourceJsonBootstrapper.java,98,_inputBuffer = inputBuffer;,0.0,4754,5302
549,S226,ByteSourceJsonBootstrapper.java,99,_inputPtr = inputStart;,0.0,4754,5302
549,S227,ByteSourceJsonBootstrapper.java,100,_inputEnd = (inputStart + inputLen);,0.0,4754,5302
549,S228,ByteSourceJsonBootstrapper.java,102,_inputProcessed = -inputStart;,0.0,4754,5302
549,S229,ByteSourceJsonBootstrapper.java,103,_bufferRecyclable = false;,0.0,4754,5302
549,S234,ByteSourceJsonBootstrapper.java,136,foundEncoding = true;,0.0,4754,5302
549,S236,ByteSourceJsonBootstrapper.java,145,foundEncoding = true;,0.0,4754,5302
549,S238,ByteSourceJsonBootstrapper.java,147,foundEncoding = true;,0.0,4754,5302
549,S240,ByteSourceJsonBootstrapper.java,151,int i16 = ((_inputBuffer[_inputPtr] & 0xFF) << 8),0.0,4754,5302
549,S241,ByteSourceJsonBootstrapper.java,153,if (checkUTF16(i16)) {,0.0,4754,5302
549,S244,ByteSourceJsonBootstrapper.java,164,switch (_bytesPerChar) {,0.0,4754,5302
549,S245,ByteSourceJsonBootstrapper.java,166,enc = JsonEncoding.UTF8;,0.0,4754,5302
549,S246,ByteSourceJsonBootstrapper.java,167,break;,0.0,4754,5302
549,S247,ByteSourceJsonBootstrapper.java,169,enc = _bigEndian ? JsonEncoding.UTF16_BE : JsonEncoding.UTF16_LE;,0.0,4754,5302
549,S248,ByteSourceJsonBootstrapper.java,170,break;,0.0,4754,5302
549,S249,ByteSourceJsonBootstrapper.java,172,enc = _bigEndian ? JsonEncoding.UTF32_BE : JsonEncoding.UTF32_LE;,0.0,4754,5302
549,S250,ByteSourceJsonBootstrapper.java,173,break;,0.0,4754,5302
549,S253,ByteSourceJsonBootstrapper.java,192,JsonEncoding enc = _context.getEncoding();,0.0,4754,5302
549,S254,ByteSourceJsonBootstrapper.java,193,switch (enc) {,0.0,4754,5302
549,S255,ByteSourceJsonBootstrapper.java,196,"return new UTF32Reader(_context, _in, _inputBuffer, _inputPtr, _inputEnd,",0.0,4754,5302
549,S256,ByteSourceJsonBootstrapper.java,204,InputStream in = _in;,0.0,4754,5302
549,S257,ByteSourceJsonBootstrapper.java,206,if (in == null) {,0.0,4754,5302
549,S258,ByteSourceJsonBootstrapper.java,212,if (_inputPtr < _inputEnd) {,0.0,4754,5302
549,S259,ByteSourceJsonBootstrapper.java,213,"in = new MergedStream(_context, in, _inputBuffer, _inputPtr, _inputEnd);",0.0,4754,5302
549,S260,ByteSourceJsonBootstrapper.java,216,"return new InputStreamReader(in, enc.getJavaName());",0.0,4754,5302
549,S266,ByteSourceJsonBootstrapper.java,238,"return new ReaderBasedJsonParser(_context, parserFeatures, constructReader(), codec,",0.0,4754,5302
549,S267,ByteSourceJsonBootstrapper.java,259,if (!acc.hasMoreBytes()) {,0.0,4754,5302
549,S268,ByteSourceJsonBootstrapper.java,262,byte b = acc.nextByte();,0.0,4754,5302
549,S269,ByteSourceJsonBootstrapper.java,264,"if (b == UTF8_BOM_1) { // yes, looks like UTF-8 BOM",0.0,4754,5302
549,S270,ByteSourceJsonBootstrapper.java,283,"int ch = skipSpace(acc, b);",0.0,4754,5302
549,S271,ByteSourceJsonBootstrapper.java,284,if (ch < 0) {,0.0,4754,5302
549,S272,ByteSourceJsonBootstrapper.java,288,if (ch == '{') { // JSON object?,0.0,4754,5302
549,S273,ByteSourceJsonBootstrapper.java,290,ch = skipSpace(acc);,0.0,4754,5302
549,S274,ByteSourceJsonBootstrapper.java,291,if (ch < 0) {,0.0,4754,5302
549,S275,ByteSourceJsonBootstrapper.java,294,"if (ch == '""' || ch == '}') {",0.0,4754,5302
549,S276,ByteSourceJsonBootstrapper.java,295,return MatchStrength.SOLID_MATCH;,0.0,4754,5302
549,S277,ByteSourceJsonBootstrapper.java,302,if (ch == '[') {,0.0,4754,5302
549,S278,ByteSourceJsonBootstrapper.java,303,ch = skipSpace(acc);,0.0,4754,5302
549,S279,ByteSourceJsonBootstrapper.java,304,if (ch < 0) {,0.0,4754,5302
549,S280,ByteSourceJsonBootstrapper.java,308,if (ch == ']' || ch == '[') {,0.0,4754,5302
549,S281,ByteSourceJsonBootstrapper.java,311,return MatchStrength.SOLID_MATCH;,0.0,4754,5302
549,S282,ByteSourceJsonBootstrapper.java,314,strength = MatchStrength.WEAK_MATCH;,0.0,4754,5302
549,S283,ByteSourceJsonBootstrapper.java,317,"if (ch == '""') { // string value",0.0,4754,5302
549,S284,ByteSourceJsonBootstrapper.java,318,return strength;,0.0,4754,5302
549,S285,ByteSourceJsonBootstrapper.java,320,if (ch <= '9' && ch >= '0') { // number,0.0,4754,5302
549,S286,ByteSourceJsonBootstrapper.java,323,if (ch == '-') { // negative number,0.0,4754,5302
549,S287,ByteSourceJsonBootstrapper.java,331,if (ch == 'n') { // null,0.0,4754,5302
549,S288,ByteSourceJsonBootstrapper.java,334,if (ch == 't') { // true,0.0,4754,5302
549,S289,ByteSourceJsonBootstrapper.java,337,if (ch == 'f') { // false,0.0,4754,5302
549,S290,ByteSourceJsonBootstrapper.java,340,return MatchStrength.NO_MATCH;,0.0,4754,5302
549,S291,ByteSourceJsonBootstrapper.java,359,if (!acc.hasMoreBytes()) {,0.0,4754,5302
549,S292,ByteSourceJsonBootstrapper.java,362,"return skipSpace(acc, acc.nextByte());",0.0,4754,5302
549,S293,ByteSourceJsonBootstrapper.java,368,int ch = (int) b & 0xFF;,0.0,4754,5302
549,S294,ByteSourceJsonBootstrapper.java,369,if (!(ch == ' ' || ch == '\r' || ch == '\n' || ch == '\t')) {,0.0,4754,5302
549,S295,ByteSourceJsonBootstrapper.java,370,return ch;,0.0,4754,5302
549,S296,ByteSourceJsonBootstrapper.java,372,if (!acc.hasMoreBytes()) {,0.0,4754,5302
549,S297,ByteSourceJsonBootstrapper.java,375,b = acc.nextByte();,0.0,4754,5302
549,S298,ByteSourceJsonBootstrapper.java,376,ch = (int) b & 0xFF;,0.0,4754,5302
549,S304,ByteSourceJsonBootstrapper.java,428,_inputPtr += 3;,0.0,4754,5302
549,S305,ByteSourceJsonBootstrapper.java,429,_bytesPerChar = 1;,0.0,4754,5302
549,S306,ByteSourceJsonBootstrapper.java,430,_bigEndian = true; // doesn't really matter,0.0,4754,5302
549,S307,ByteSourceJsonBootstrapper.java,431,return true;,0.0,4754,5302
549,S310,ByteSourceJsonBootstrapper.java,443,_bigEndian = true;,0.0,4754,5302
549,S315,ByteSourceJsonBootstrapper.java,456,_bytesPerChar = 4;,0.0,4754,5302
549,S316,ByteSourceJsonBootstrapper.java,457,return true;,0.0,4754,5302
549,S318,ByteSourceJsonBootstrapper.java,463,_bigEndian = true;,0.0,4754,5302
549,S320,ByteSourceJsonBootstrapper.java,465,_bigEndian = false;,0.0,4754,5302
549,S322,ByteSourceJsonBootstrapper.java,471,_bytesPerChar = 2;,0.0,4754,5302
549,S323,ByteSourceJsonBootstrapper.java,472,return true;,0.0,4754,5302
549,S329,ByteSourceJsonBootstrapper.java,509,return false;,0.0,4754,5302
549,S361,BytesToNameCanonicalizer.java,359,if (_parent != null && maybeDirty()) {,0.0,4754,5302
549,S362,BytesToNameCanonicalizer.java,360,_parent.mergeChild(new TableInfo(this));,0.0,4754,5302
549,S363,BytesToNameCanonicalizer.java,364,_mainHashShared = true;,0.0,4754,5302
549,S364,BytesToNameCanonicalizer.java,365,_mainNamesShared = true;,0.0,4754,5302
549,S365,BytesToNameCanonicalizer.java,366,_collListShared = true;,0.0,4754,5302
549,S366,BytesToNameCanonicalizer.java,372,final int childCount = childState.count;,0.0,4754,5302
549,S367,BytesToNameCanonicalizer.java,373,TableInfo currState = _tableInfo.get();,0.0,4754,5302
549,S368,BytesToNameCanonicalizer.java,376,if (childCount <= currState.count) {,0.0,4754,5302
549,S369,BytesToNameCanonicalizer.java,377,return;,0.0,4754,5302
549,S370,BytesToNameCanonicalizer.java,386,if (childCount > MAX_ENTRIES_FOR_REUSE,0.0,4754,5302
549,S371,BytesToNameCanonicalizer.java,395,"_tableInfo.compareAndSet(currState, childState);",0.0,4754,5302
549,S372,BytesToNameCanonicalizer.java,406,if (_tableInfo != null) { // root table,0.0,4754,5302
549,S373,BytesToNameCanonicalizer.java,407,return _tableInfo.get().count;,0.0,4754,5302
549,S374,BytesToNameCanonicalizer.java,424,return !_mainHashShared;,0.0,4754,5302
549,S375,BytesToNameCanonicalizer.java,462,return Name1.getEmptyName();,0.0,4754,5302
549,S376,BytesToNameCanonicalizer.java,482,int hash = calcHash(firstQuad);,0.0,4754,5302
549,S377,BytesToNameCanonicalizer.java,483,int ix = (hash & _mainHashMask);,0.0,4754,5302
549,S378,BytesToNameCanonicalizer.java,484,int val = _mainHash[ix];,0.0,4754,5302
549,S379,BytesToNameCanonicalizer.java,489,if ((((val >> 8) ^ hash) << 8) == 0) { // match,0.0,4754,5302
549,S380,BytesToNameCanonicalizer.java,491,Name name = _mainNames[ix];,0.0,4754,5302
549,S381,BytesToNameCanonicalizer.java,492,if (name == null) { // main slot empty; can't find,0.0,4754,5302
549,S382,BytesToNameCanonicalizer.java,495,if (name.equals(firstQuad)) {,0.0,4754,5302
549,S383,BytesToNameCanonicalizer.java,496,return name;,0.0,4754,5302
549,S384,BytesToNameCanonicalizer.java,499,return null;,0.0,4754,5302
549,S385,BytesToNameCanonicalizer.java,502,val &= 0xFF;,0.0,4754,5302
549,S386,BytesToNameCanonicalizer.java,503,if (val > 0) { // 0 means 'empty',0.0,4754,5302
549,S387,BytesToNameCanonicalizer.java,504,val -= 1; // to convert from 1-based to 0...,0.0,4754,5302
549,S388,BytesToNameCanonicalizer.java,505,Bucket bucket = _collList[val];,0.0,4754,5302
549,S389,BytesToNameCanonicalizer.java,506,if (bucket != null) {,0.0,4754,5302
549,S390,BytesToNameCanonicalizer.java,507,"return bucket.find(hash, firstQuad, 0);",0.0,4754,5302
549,S391,BytesToNameCanonicalizer.java,511,return null;,0.0,4754,5302
549,S392,BytesToNameCanonicalizer.java,531,"int hash = (secondQuad == 0) ? calcHash(firstQuad) : calcHash(firstQuad, secondQuad);",0.0,4754,5302
549,S393,BytesToNameCanonicalizer.java,532,int ix = (hash & _mainHashMask);,0.0,4754,5302
549,S394,BytesToNameCanonicalizer.java,533,int val = _mainHash[ix];,0.0,4754,5302
549,S395,BytesToNameCanonicalizer.java,538,if ((((val >> 8) ^ hash) << 8) == 0) { // match,0.0,4754,5302
549,S396,BytesToNameCanonicalizer.java,540,Name name = _mainNames[ix];,0.0,4754,5302
549,S397,BytesToNameCanonicalizer.java,541,if (name == null) { // main slot empty; can't find,0.0,4754,5302
549,S398,BytesToNameCanonicalizer.java,544,"if (name.equals(firstQuad, secondQuad)) {",0.0,4754,5302
549,S399,BytesToNameCanonicalizer.java,545,return name;,0.0,4754,5302
549,S400,BytesToNameCanonicalizer.java,548,return null;,0.0,4754,5302
549,S401,BytesToNameCanonicalizer.java,551,val &= 0xFF;,0.0,4754,5302
549,S402,BytesToNameCanonicalizer.java,552,if (val > 0) { // 0 means 'empty',0.0,4754,5302
549,S403,BytesToNameCanonicalizer.java,553,val -= 1; // to convert from 1-based to 0...,0.0,4754,5302
549,S404,BytesToNameCanonicalizer.java,554,Bucket bucket = _collList[val];,0.0,4754,5302
549,S405,BytesToNameCanonicalizer.java,555,if (bucket != null) {,0.0,4754,5302
549,S406,BytesToNameCanonicalizer.java,556,"return bucket.find(hash, firstQuad, secondQuad);",0.0,4754,5302
549,S407,BytesToNameCanonicalizer.java,560,return null;,0.0,4754,5302
549,S408,BytesToNameCanonicalizer.java,582,if (qlen < 3) { // another sanity check,0.0,4754,5302
549,S409,BytesToNameCanonicalizer.java,583,"return findName(quads[0], (qlen < 2) ? 0 : quads[1]);",0.0,4754,5302
549,S410,BytesToNameCanonicalizer.java,585,"int hash = calcHash(quads, qlen);",0.0,4754,5302
549,S411,BytesToNameCanonicalizer.java,587,int ix = (hash & _mainHashMask);,0.0,4754,5302
549,S412,BytesToNameCanonicalizer.java,588,int val = _mainHash[ix];,0.0,4754,5302
549,S413,BytesToNameCanonicalizer.java,589,if ((((val >> 8) ^ hash) << 8) == 0) {,0.0,4754,5302
549,S414,BytesToNameCanonicalizer.java,590,Name name = _mainNames[ix];,0.0,4754,5302
549,S415,BytesToNameCanonicalizer.java,591,if (name == null // main slot empty; no collision list then either,0.0,4754,5302
549,S416,BytesToNameCanonicalizer.java,593,return name;,0.0,4754,5302
549,S417,BytesToNameCanonicalizer.java,595,} else if (val == 0) { // empty slot? no match,0.0,4754,5302
549,S418,BytesToNameCanonicalizer.java,596,return null;,0.0,4754,5302
549,S419,BytesToNameCanonicalizer.java,598,val &= 0xFF;,0.0,4754,5302
549,S420,BytesToNameCanonicalizer.java,599,if (val > 0) { // 0 means 'empty',0.0,4754,5302
549,S421,BytesToNameCanonicalizer.java,600,val -= 1; // to convert from 1-based to 0...,0.0,4754,5302
549,S422,BytesToNameCanonicalizer.java,601,Bucket bucket = _collList[val];,0.0,4754,5302
549,S423,BytesToNameCanonicalizer.java,602,if (bucket != null) {,0.0,4754,5302
549,S424,BytesToNameCanonicalizer.java,603,"return bucket.find(hash, quads, qlen);",0.0,4754,5302
549,S425,BytesToNameCanonicalizer.java,606,return null;,0.0,4754,5302
549,S426,BytesToNameCanonicalizer.java,628,if (_intern) {,0.0,4754,5302
549,S427,BytesToNameCanonicalizer.java,629,symbolStr = InternCache.instance.intern(symbolStr);,0.0,4754,5302
549,S428,BytesToNameCanonicalizer.java,632,if (qlen < 3) {,0.0,4754,5302
549,S429,BytesToNameCanonicalizer.java,633,"hash = (qlen == 1) ? calcHash(quads[0]) : calcHash(quads[0], quads[1]);",0.0,4754,5302
549,S430,BytesToNameCanonicalizer.java,635,"hash = calcHash(quads, qlen);",0.0,4754,5302
549,S431,BytesToNameCanonicalizer.java,637,"Name symbol = constructName(hash, symbolStr, quads, qlen);",0.0,4754,5302
549,S432,BytesToNameCanonicalizer.java,638,"_addSymbol(hash, symbol);",0.0,4754,5302
549,S433,BytesToNameCanonicalizer.java,639,return symbol;,0.0,4754,5302
549,S434,BytesToNameCanonicalizer.java,664,int hash = firstQuad ^ _hashSeed;,0.0,4754,5302
549,S435,BytesToNameCanonicalizer.java,665,hash += (hash >>> 15); // to xor hi- and low- 16-bits,0.0,4754,5302
549,S436,BytesToNameCanonicalizer.java,666,hash ^= (hash >>> 9); // as well as lowest 2 bytes,0.0,4754,5302
549,S437,BytesToNameCanonicalizer.java,667,return hash;,0.0,4754,5302
549,S438,BytesToNameCanonicalizer.java,675,int hash = firstQuad;,0.0,4754,5302
549,S439,BytesToNameCanonicalizer.java,676,hash ^= (hash >>> 15); // try mixing first and second byte pairs first,0.0,4754,5302
549,S440,BytesToNameCanonicalizer.java,677,hash += (secondQuad * MULT); // then add second quad,0.0,4754,5302
549,S441,BytesToNameCanonicalizer.java,678,hash ^= _hashSeed;,0.0,4754,5302
549,S442,BytesToNameCanonicalizer.java,679,hash += (hash >>> 7); // and shuffle some more,0.0,4754,5302
549,S443,BytesToNameCanonicalizer.java,680,return hash;,0.0,4754,5302
549,S444,BytesToNameCanonicalizer.java,686,if (qlen < 3) {,0.0,4754,5302
549,S445,BytesToNameCanonicalizer.java,695,int hash = quads[0] ^ _hashSeed;,0.0,4754,5302
549,S446,BytesToNameCanonicalizer.java,696,hash += (hash >>> 9);,0.0,4754,5302
549,S447,BytesToNameCanonicalizer.java,697,hash *= MULT;,0.0,4754,5302
549,S448,BytesToNameCanonicalizer.java,698,hash += quads[1];,0.0,4754,5302
549,S449,BytesToNameCanonicalizer.java,699,hash *= MULT2;,0.0,4754,5302
549,S450,BytesToNameCanonicalizer.java,700,hash += (hash >>> 15);,0.0,4754,5302
549,S451,BytesToNameCanonicalizer.java,701,hash ^= quads[2];,0.0,4754,5302
549,S452,BytesToNameCanonicalizer.java,702,hash += (hash >>> 17);,0.0,4754,5302
549,S453,BytesToNameCanonicalizer.java,704,for (int i = 3; i < qlen; ++i) {,0.0,4754,5302
549,S454,BytesToNameCanonicalizer.java,705,hash = (hash * MULT3) ^ quads[i];,0.0,4754,5302
549,S455,BytesToNameCanonicalizer.java,707,hash += (hash >>> 3);,0.0,4754,5302
549,S456,BytesToNameCanonicalizer.java,708,hash ^= (hash << 7);,0.0,4754,5302
549,S457,BytesToNameCanonicalizer.java,711,hash += (hash >>> 15); // to get high-order bits to mix more,0.0,4754,5302
549,S458,BytesToNameCanonicalizer.java,712,hash ^= (hash << 9); // as well as lowest 2 bytes,0.0,4754,5302
549,S459,BytesToNameCanonicalizer.java,713,return hash;,0.0,4754,5302
549,S460,BytesToNameCanonicalizer.java,791,if (_mainHashShared) { // always have to modify main entry,0.0,4754,5302
549,S461,BytesToNameCanonicalizer.java,792,unshareMain();,0.0,4754,5302
549,S462,BytesToNameCanonicalizer.java,795,if (_needRehash) {,0.0,4754,5302
549,S463,BytesToNameCanonicalizer.java,796,rehash();,0.0,4754,5302
549,S464,BytesToNameCanonicalizer.java,799,++_count;,0.0,4754,5302
549,S465,BytesToNameCanonicalizer.java,804,int ix = (hash & _mainHashMask);,0.0,4754,5302
549,S466,BytesToNameCanonicalizer.java,805,if (_mainNames[ix] == null) { // primary empty?,0.0,4754,5302
549,S467,BytesToNameCanonicalizer.java,806,_mainHash[ix] = (hash << 8);,0.0,4754,5302
549,S468,BytesToNameCanonicalizer.java,807,if (_mainNamesShared) {,0.0,4754,5302
549,S469,BytesToNameCanonicalizer.java,808,unshareNames();,0.0,4754,5302
549,S470,BytesToNameCanonicalizer.java,810,_mainNames[ix] = symbol;,0.0,4754,5302
549,S471,BytesToNameCanonicalizer.java,815,if (_collListShared) {,0.0,4754,5302
549,S472,BytesToNameCanonicalizer.java,816,unshareCollision(); // also allocates if list was null,0.0,4754,5302
549,S473,BytesToNameCanonicalizer.java,818,++_collCount;,0.0,4754,5302
549,S474,BytesToNameCanonicalizer.java,819,int entryValue = _mainHash[ix];,0.0,4754,5302
549,S475,BytesToNameCanonicalizer.java,820,int bucket = entryValue & 0xFF;,0.0,4754,5302
549,S476,BytesToNameCanonicalizer.java,821,if (bucket == 0) { // first spill over?,0.0,4754,5302
549,S477,BytesToNameCanonicalizer.java,822,"if (_collEnd <= LAST_VALID_BUCKET) { // yup, still unshared bucket",0.0,4754,5302
549,S478,BytesToNameCanonicalizer.java,823,bucket = _collEnd;,0.0,4754,5302
549,S479,BytesToNameCanonicalizer.java,824,++_collEnd;,0.0,4754,5302
549,S480,BytesToNameCanonicalizer.java,826,if (bucket >= _collList.length) {,0.0,4754,5302
549,S481,BytesToNameCanonicalizer.java,827,expandCollision();,0.0,4754,5302
549,S482,BytesToNameCanonicalizer.java,830,bucket = findBestBucket();,0.0,4754,5302
549,S483,BytesToNameCanonicalizer.java,833,_mainHash[ix] = (entryValue & ~0xFF) | (bucket + 1);,0.0,4754,5302
549,S484,BytesToNameCanonicalizer.java,835,--bucket; // 1-based index in value,0.0,4754,5302
549,S485,BytesToNameCanonicalizer.java,839,"Bucket newB = new Bucket(symbol, _collList[bucket]);",0.0,4754,5302
549,S486,BytesToNameCanonicalizer.java,840,_collList[bucket] = newB;,0.0,4754,5302
549,S487,BytesToNameCanonicalizer.java,842,"_longestCollisionList = Math.max(newB.length(), _longestCollisionList);",0.0,4754,5302
549,S488,BytesToNameCanonicalizer.java,843,if (_longestCollisionList > MAX_COLL_CHAIN_LENGTH) {,0.0,4754,5302
549,S489,BytesToNameCanonicalizer.java,852,int hashSize = _mainHash.length;,0.0,4754,5302
549,S490,BytesToNameCanonicalizer.java,853,if (_count > (hashSize >> 1)) {,0.0,4754,5302
549,S491,BytesToNameCanonicalizer.java,854,int hashQuarter = (hashSize >> 2);,0.0,4754,5302
549,S492,BytesToNameCanonicalizer.java,858,if (_count > (hashSize - hashQuarter)) {,0.0,4754,5302
549,S493,BytesToNameCanonicalizer.java,859,_needRehash = true;,0.0,4754,5302
549,S494,BytesToNameCanonicalizer.java,860,} else if (_collCount >= hashQuarter) {,0.0,4754,5302
549,S495,BytesToNameCanonicalizer.java,861,_needRehash = true;,0.0,4754,5302
549,S496,BytesToNameCanonicalizer.java,869,_needRehash = false;,0.0,4754,5302
549,S497,BytesToNameCanonicalizer.java,871,_mainNamesShared = false;,0.0,4754,5302
549,S498,BytesToNameCanonicalizer.java,877,int[] oldMainHash = _mainHash;,0.0,4754,5302
549,S499,BytesToNameCanonicalizer.java,878,int len = oldMainHash.length;,0.0,4754,5302
549,S500,BytesToNameCanonicalizer.java,879,int newLen = len+len;,0.0,4754,5302
549,S501,BytesToNameCanonicalizer.java,884,if (newLen > MAX_TABLE_SIZE) {,0.0,4754,5302
549,S502,BytesToNameCanonicalizer.java,889,_mainHash = new int[newLen];,0.0,4754,5302
549,S503,BytesToNameCanonicalizer.java,890,_mainHashMask = (newLen - 1);,0.0,4754,5302
549,S504,BytesToNameCanonicalizer.java,891,Name[] oldNames = _mainNames;,0.0,4754,5302
549,S505,BytesToNameCanonicalizer.java,892,_mainNames = new Name[newLen];,0.0,4754,5302
549,S506,BytesToNameCanonicalizer.java,893,int symbolsSeen = 0; // let's do a sanity check,0.0,4754,5302
549,S507,BytesToNameCanonicalizer.java,894,for (int i = 0; i < len; ++i) {,0.0,4754,5302
549,S508,BytesToNameCanonicalizer.java,895,Name symbol = oldNames[i];,0.0,4754,5302
549,S509,BytesToNameCanonicalizer.java,896,if (symbol != null) {,0.0,4754,5302
549,S510,BytesToNameCanonicalizer.java,897,++symbolsSeen;,0.0,4754,5302
549,S511,BytesToNameCanonicalizer.java,898,int hash = symbol.hashCode();,0.0,4754,5302
549,S512,BytesToNameCanonicalizer.java,899,int ix = (hash & _mainHashMask);,0.0,4754,5302
549,S513,BytesToNameCanonicalizer.java,900,_mainNames[ix] = symbol;,0.0,4754,5302
549,S514,BytesToNameCanonicalizer.java,901,_mainHash[ix] = hash << 8; // will clear spill index,0.0,4754,5302
549,S515,BytesToNameCanonicalizer.java,909,int oldEnd = _collEnd;,0.0,4754,5302
549,S516,BytesToNameCanonicalizer.java,910,if (oldEnd == 0) { // no prior collisions...,0.0,4754,5302
549,S517,BytesToNameCanonicalizer.java,915,_collCount = 0;,0.0,4754,5302
549,S518,BytesToNameCanonicalizer.java,916,_collEnd = 0;,0.0,4754,5302
549,S519,BytesToNameCanonicalizer.java,917,_collListShared = false;,0.0,4754,5302
549,S520,BytesToNameCanonicalizer.java,919,int maxColl = 0;,0.0,4754,5302
549,S521,BytesToNameCanonicalizer.java,921,Bucket[] oldBuckets = _collList;,0.0,4754,5302
549,S522,BytesToNameCanonicalizer.java,922,_collList = new Bucket[oldBuckets.length];,0.0,4754,5302
549,S523,BytesToNameCanonicalizer.java,923,for (int i = 0; i < oldEnd; ++i) {,0.0,4754,5302
549,S524,BytesToNameCanonicalizer.java,924,for (Bucket curr = oldBuckets[i]; curr != null; curr = curr._next) {,0.0,4754,5302
549,S525,BytesToNameCanonicalizer.java,925,++symbolsSeen;,0.0,4754,5302
549,S526,BytesToNameCanonicalizer.java,926,Name symbol = curr._name;,0.0,4754,5302
549,S527,BytesToNameCanonicalizer.java,927,int hash = symbol.hashCode();,0.0,4754,5302
549,S528,BytesToNameCanonicalizer.java,928,int ix = (hash & _mainHashMask);,0.0,4754,5302
549,S529,BytesToNameCanonicalizer.java,929,int val = _mainHash[ix];,0.0,4754,5302
549,S530,BytesToNameCanonicalizer.java,930,if (_mainNames[ix] == null) { // no primary entry?,0.0,4754,5302
549,S531,BytesToNameCanonicalizer.java,931,_mainHash[ix] = (hash << 8);,0.0,4754,5302
549,S532,BytesToNameCanonicalizer.java,932,_mainNames[ix] = symbol;,0.0,4754,5302
549,S533,BytesToNameCanonicalizer.java,934,++_collCount;,0.0,4754,5302
549,S534,BytesToNameCanonicalizer.java,935,int bucket = val & 0xFF;,0.0,4754,5302
549,S535,BytesToNameCanonicalizer.java,936,if (bucket == 0) { // first spill over?,0.0,4754,5302
549,S536,BytesToNameCanonicalizer.java,937,"if (_collEnd <= LAST_VALID_BUCKET) { // yup, still unshared bucket",0.0,4754,5302
549,S537,BytesToNameCanonicalizer.java,938,bucket = _collEnd;,0.0,4754,5302
549,S538,BytesToNameCanonicalizer.java,939,++_collEnd;,0.0,4754,5302
549,S539,BytesToNameCanonicalizer.java,941,if (bucket >= _collList.length) {,0.0,4754,5302
549,S540,BytesToNameCanonicalizer.java,945,bucket = findBestBucket();,0.0,4754,5302
549,S541,BytesToNameCanonicalizer.java,948,_mainHash[ix] = (val & ~0xFF) | (bucket + 1);,0.0,4754,5302
549,S542,BytesToNameCanonicalizer.java,950,--bucket; // 1-based index in value,0.0,4754,5302
549,S543,BytesToNameCanonicalizer.java,953,"Bucket newB = new Bucket(symbol, _collList[bucket]);",0.0,4754,5302
549,S544,BytesToNameCanonicalizer.java,954,_collList[bucket] = newB;,0.0,4754,5302
549,S545,BytesToNameCanonicalizer.java,955,"maxColl = Math.max(maxColl, newB.length());",0.0,4754,5302
549,S546,BytesToNameCanonicalizer.java,960,_longestCollisionList = maxColl;,0.0,4754,5302
549,S547,BytesToNameCanonicalizer.java,962,if (symbolsSeen != _count) { // sanity check,0.0,4754,5302
549,S548,BytesToNameCanonicalizer.java,989,Bucket[] buckets = _collList;,0.0,4754,5302
549,S549,BytesToNameCanonicalizer.java,990,int bestCount = Integer.MAX_VALUE;,0.0,4754,5302
549,S550,BytesToNameCanonicalizer.java,991,int bestIx = -1;,0.0,4754,5302
549,S551,BytesToNameCanonicalizer.java,993,"for (int i = 0, len = _collEnd; i < len; ++i) {",0.0,4754,5302
549,S552,BytesToNameCanonicalizer.java,994,int count = buckets[i].length();,0.0,4754,5302
549,S553,BytesToNameCanonicalizer.java,995,if (count < bestCount) {,0.0,4754,5302
549,S554,BytesToNameCanonicalizer.java,996,if (count == 1) { // best possible,0.0,4754,5302
549,S555,BytesToNameCanonicalizer.java,997,return i;,0.0,4754,5302
549,S556,BytesToNameCanonicalizer.java,999,bestCount = count;,0.0,4754,5302
549,S557,BytesToNameCanonicalizer.java,1000,bestIx = i;,0.0,4754,5302
549,S558,BytesToNameCanonicalizer.java,1003,return bestIx;,0.0,4754,5302
549,S559,BytesToNameCanonicalizer.java,1014,final int[] old = _mainHash;,0.0,4754,5302
549,S560,BytesToNameCanonicalizer.java,1015,"_mainHash = Arrays.copyOf(old, old.length);",0.0,4754,5302
549,S561,BytesToNameCanonicalizer.java,1016,_mainHashShared = false;,0.0,4754,5302
549,S562,BytesToNameCanonicalizer.java,1021,Bucket[] old = _collList;,0.0,4754,5302
549,S563,BytesToNameCanonicalizer.java,1022,if (old == null) {,0.0,4754,5302
549,S564,BytesToNameCanonicalizer.java,1023,_collList = new Bucket[INITIAL_COLLISION_LEN];,0.0,4754,5302
549,S565,BytesToNameCanonicalizer.java,1027,_collListShared = false;,0.0,4754,5302
549,S566,BytesToNameCanonicalizer.java,1032,final Name[] old = _mainNames;,0.0,4754,5302
549,S567,BytesToNameCanonicalizer.java,1033,"_mainNames = Arrays.copyOf(old, old.length);",0.0,4754,5302
549,S568,BytesToNameCanonicalizer.java,1034,_mainNamesShared = false;,0.0,4754,5302
549,S569,BytesToNameCanonicalizer.java,1039,final Bucket[] old = _collList;,0.0,4754,5302
549,S570,BytesToNameCanonicalizer.java,1040,"_collList = Arrays.copyOf(old, old.length * 2);",0.0,4754,5302
549,S571,BytesToNameCanonicalizer.java,1059,"if (qlen < 4) { // Need to check for 3 quad one, can do others too",0.0,4754,5302
549,S572,BytesToNameCanonicalizer.java,1060,switch (qlen) {,0.0,4754,5302
549,S573,BytesToNameCanonicalizer.java,1062,"return new Name1(name, hash, quads[0]);",0.0,4754,5302
549,S574,BytesToNameCanonicalizer.java,1064,"return new Name2(name, hash, quads[0], quads[1]);",0.0,4754,5302
549,S575,BytesToNameCanonicalizer.java,1066,"return new Name3(name, hash, quads[0], quads[1], quads[2]);",0.0,4754,5302
549,S576,BytesToNameCanonicalizer.java,1071,int[] buf = new int[qlen];,0.0,4754,5302
549,S577,BytesToNameCanonicalizer.java,1072,for (int i = 0; i < qlen; ++i) {,0.0,4754,5302
549,S578,BytesToNameCanonicalizer.java,1073,buf[i] = quads[i];,0.0,4754,5302
549,S579,BytesToNameCanonicalizer.java,1075,"return new NameN(name, hash, buf, qlen);",0.0,4754,5302
549,S588,BytesToNameCanonicalizer.java,1132,count = src._count;,0.0,4754,5302
549,S589,BytesToNameCanonicalizer.java,1133,mainHashMask = src._mainHashMask;,0.0,4754,5302
549,S590,BytesToNameCanonicalizer.java,1134,mainHash = src._mainHash;,0.0,4754,5302
549,S591,BytesToNameCanonicalizer.java,1135,mainNames = src._mainNames;,0.0,4754,5302
549,S592,BytesToNameCanonicalizer.java,1136,collList = src._collList;,0.0,4754,5302
549,S593,BytesToNameCanonicalizer.java,1137,collCount = src._collCount;,0.0,4754,5302
549,S594,BytesToNameCanonicalizer.java,1138,collEnd = src._collEnd;,0.0,4754,5302
549,S595,BytesToNameCanonicalizer.java,1139,longestCollisionList = src._longestCollisionList;,0.0,4754,5302
549,S596,BytesToNameCanonicalizer.java,1155,_name = name;,0.0,4754,5302
549,S597,BytesToNameCanonicalizer.java,1156,_next = next;,0.0,4754,5302
549,S598,BytesToNameCanonicalizer.java,1157,_length = (next == null) ? 1 : next._length+1;,0.0,4754,5302
549,S599,BytesToNameCanonicalizer.java,1160,public int length() { return _length; },0.0,4754,5302
549,S600,BytesToNameCanonicalizer.java,1164,if (_name.hashCode() == hash) {,0.0,4754,5302
549,S601,BytesToNameCanonicalizer.java,1165,"if (_name.equals(firstQuad, secondQuad)) {",0.0,4754,5302
549,S602,BytesToNameCanonicalizer.java,1166,return _name;,0.0,4754,5302
549,S603,BytesToNameCanonicalizer.java,1169,for (Bucket curr = _next; curr != null; curr = curr._next) {,0.0,4754,5302
549,S604,BytesToNameCanonicalizer.java,1170,Name currName = curr._name;,0.0,4754,5302
549,S605,BytesToNameCanonicalizer.java,1171,if (currName.hashCode() == hash) {,0.0,4754,5302
549,S606,BytesToNameCanonicalizer.java,1172,"if (currName.equals(firstQuad, secondQuad)) {",0.0,4754,5302
549,S607,BytesToNameCanonicalizer.java,1173,return currName;,0.0,4754,5302
549,S608,BytesToNameCanonicalizer.java,1177,return null;,0.0,4754,5302
549,S609,BytesToNameCanonicalizer.java,1182,if (_name.hashCode() == hash) {,0.0,4754,5302
549,S610,BytesToNameCanonicalizer.java,1183,"if (_name.equals(quads, qlen)) {",0.0,4754,5302
549,S611,BytesToNameCanonicalizer.java,1184,return _name;,0.0,4754,5302
549,S612,BytesToNameCanonicalizer.java,1187,for (Bucket curr = _next; curr != null; curr = curr._next) {,0.0,4754,5302
549,S613,BytesToNameCanonicalizer.java,1188,Name currName = curr._name;,0.0,4754,5302
549,S614,BytesToNameCanonicalizer.java,1189,if (currName.hashCode() == hash) {,0.0,4754,5302
549,S615,BytesToNameCanonicalizer.java,1190,"if (currName.equals(quads, qlen)) {",0.0,4754,5302
549,S616,BytesToNameCanonicalizer.java,1191,return currName;,0.0,4754,5302
549,S617,BytesToNameCanonicalizer.java,1195,return null;,0.0,4754,5302
549,S694,CharTypes.java,198,public static int[] getInputCodeLatin1JsNames() { return sInputCodesJsNames; },0.0,4754,5302
549,S695,CharTypes.java,199,public static int[] getInputCodeUtf8JsNames() { return sInputCodesUtf8JsNames; },0.0,4754,5302
549,S696,CharTypes.java,201,public static int[] getInputCodeComment() { return sInputCodesComment; },0.0,4754,5302
549,S698,CharTypes.java,211,public static int[] get7BitOutputEscapes() { return sOutputEscapes128; },0.0,4754,5302
549,S699,CharTypes.java,215,return (ch > 127) ? -1 : sHexValues[ch];,0.0,4754,5302
549,S700,CharTypes.java,253,return (char[]) HEX_CHARS.clone();,0.0,4754,5302
549,S701,CharTypes.java,258,return (byte[]) HEX_BYTES.clone();,0.0,4754,5302
549,S702,CharacterEscapes.java,12,public abstract class CharacterEscapes,0.0,4754,5302
549,S703,CharacterEscapes.java,69,int[] esc = CharTypes.get7BitOutputEscapes();,0.0,4754,5302
549,S704,CharacterEscapes.java,70,"return Arrays.copyOf(esc, esc.length);",0.0,4754,5302
549,S743,CharsToNameCanonicalizer.java,345,if (child.size() > MAX_ENTRIES_FOR_REUSE,0.0,4754,5302
549,S744,CharsToNameCanonicalizer.java,359,if (child.size() <= size()) { // nothing to add,0.0,4754,5302
549,S745,CharsToNameCanonicalizer.java,363,synchronized (this) {,0.0,4754,5302
549,S746,CharsToNameCanonicalizer.java,364,_symbols = child._symbols;,0.0,4754,5302
549,S747,CharsToNameCanonicalizer.java,365,_buckets = child._buckets;,0.0,4754,5302
549,S748,CharsToNameCanonicalizer.java,366,_size = child._size;,0.0,4754,5302
549,S749,CharsToNameCanonicalizer.java,367,_sizeThreshold = child._sizeThreshold;,0.0,4754,5302
549,S750,CharsToNameCanonicalizer.java,368,_indexMask = child._indexMask;,0.0,4754,5302
549,S751,CharsToNameCanonicalizer.java,369,_longestCollisionList = child._longestCollisionList;,0.0,4754,5302
549,S752,CharsToNameCanonicalizer.java,372,_dirty = false;,0.0,4754,5302
549,S753,CharsToNameCanonicalizer.java,380,if (!maybeDirty()) {,0.0,4754,5302
549,S754,CharsToNameCanonicalizer.java,381,return;,0.0,4754,5302
549,S755,CharsToNameCanonicalizer.java,383,if (_parent != null) {,0.0,4754,5302
549,S756,CharsToNameCanonicalizer.java,384,_parent.mergeChild(this);,0.0,4754,5302
549,S757,CharsToNameCanonicalizer.java,389,_dirty = false;,0.0,4754,5302
549,S758,CharsToNameCanonicalizer.java,399,public int size() { return _size; },0.0,4754,5302
549,S759,CharsToNameCanonicalizer.java,410,public boolean maybeDirty() { return _dirty; },0.0,4754,5302
549,S761,CharsToNameCanonicalizer.java,453,if (len < 1) { // empty Strings are simplest to handle up front,0.0,4754,5302
549,S762,CharsToNameCanonicalizer.java,454,"return """";",0.0,4754,5302
549,S763,CharsToNameCanonicalizer.java,456,if (!_canonicalize) { // [JACKSON-259],0.0,4754,5302
549,S764,CharsToNameCanonicalizer.java,465,int index = _hashToIndex(h);,0.0,4754,5302
549,S765,CharsToNameCanonicalizer.java,466,String sym = _symbols[index];,0.0,4754,5302
549,S766,CharsToNameCanonicalizer.java,469,if (sym != null) {,0.0,4754,5302
549,S767,CharsToNameCanonicalizer.java,471,if (sym.length() == len) {,0.0,4754,5302
549,S768,CharsToNameCanonicalizer.java,472,int i = 0;,0.0,4754,5302
549,S769,CharsToNameCanonicalizer.java,474,if (sym.charAt(i) != buffer[start+i]) {,0.0,4754,5302
549,S770,CharsToNameCanonicalizer.java,475,break;,0.0,4754,5302
549,S771,CharsToNameCanonicalizer.java,477,} while (++i < len);,0.0,4754,5302
549,S772,CharsToNameCanonicalizer.java,479,if (i == len) {,0.0,4754,5302
549,S773,CharsToNameCanonicalizer.java,480,return sym;,0.0,4754,5302
549,S774,CharsToNameCanonicalizer.java,484,Bucket b = _buckets[index >> 1];,0.0,4754,5302
549,S775,CharsToNameCanonicalizer.java,485,if (b != null) {,0.0,4754,5302
549,S776,CharsToNameCanonicalizer.java,486,"sym = b.find(buffer, start, len);",0.0,4754,5302
549,S777,CharsToNameCanonicalizer.java,487,if (sym != null) {,0.0,4754,5302
549,S778,CharsToNameCanonicalizer.java,488,return sym;,0.0,4754,5302
549,S779,CharsToNameCanonicalizer.java,493,if (!_dirty) { //need to do copy-on-write?,0.0,4754,5302
549,S780,CharsToNameCanonicalizer.java,494,copyArrays();,0.0,4754,5302
549,S781,CharsToNameCanonicalizer.java,495,_dirty = true;,0.0,4754,5302
549,S782,CharsToNameCanonicalizer.java,496,} else if (_size >= _sizeThreshold) { // Need to expand?,0.0,4754,5302
549,S783,CharsToNameCanonicalizer.java,497,rehash();,0.0,4754,5302
549,S784,CharsToNameCanonicalizer.java,501,"index = _hashToIndex(calcHash(buffer, start, len));",0.0,4754,5302
549,S785,CharsToNameCanonicalizer.java,504,"String newSymbol = new String(buffer, start, len);",0.0,4754,5302
549,S786,CharsToNameCanonicalizer.java,505,if (_intern) {,0.0,4754,5302
549,S787,CharsToNameCanonicalizer.java,506,newSymbol = InternCache.instance.intern(newSymbol);,0.0,4754,5302
549,S788,CharsToNameCanonicalizer.java,508,++_size;,0.0,4754,5302
549,S789,CharsToNameCanonicalizer.java,510,if (_symbols[index] == null) {,0.0,4754,5302
549,S790,CharsToNameCanonicalizer.java,511,_symbols[index] = newSymbol;,0.0,4754,5302
549,S791,CharsToNameCanonicalizer.java,513,int bix = (index >> 1);,0.0,4754,5302
549,S792,CharsToNameCanonicalizer.java,514,"Bucket newB = new Bucket(newSymbol, _buckets[bix]);",0.0,4754,5302
549,S793,CharsToNameCanonicalizer.java,515,_buckets[bix] = newB;,0.0,4754,5302
549,S794,CharsToNameCanonicalizer.java,516,"_longestCollisionList = Math.max(newB.length(), _longestCollisionList);",0.0,4754,5302
549,S795,CharsToNameCanonicalizer.java,517,if (_longestCollisionList > MAX_COLL_CHAIN_LENGTH) {,0.0,4754,5302
549,S796,CharsToNameCanonicalizer.java,522,return newSymbol;,0.0,4754,5302
549,S797,CharsToNameCanonicalizer.java,531,"rawHash += (rawHash >>> 15); // this seems to help quite a bit, at least for our tests",0.0,4754,5302
549,S798,CharsToNameCanonicalizer.java,532,return (rawHash & _indexMask);,0.0,4754,5302
549,S799,CharsToNameCanonicalizer.java,546,int hash = _hashSeed;,0.0,4754,5302
549,S800,CharsToNameCanonicalizer.java,547,for (int i = 0; i < len; ++i) {,0.0,4754,5302
549,S801,CharsToNameCanonicalizer.java,548,hash = (hash * HASH_MULT) + (int) buffer[i];,0.0,4754,5302
549,S802,CharsToNameCanonicalizer.java,551,return (hash == 0) ? 1 : hash;,0.0,4754,5302
549,S803,CharsToNameCanonicalizer.java,556,final int len = key.length();,0.0,4754,5302
549,S804,CharsToNameCanonicalizer.java,558,int hash = _hashSeed;,0.0,4754,5302
549,S805,CharsToNameCanonicalizer.java,559,for (int i = 0; i < len; ++i) {,0.0,4754,5302
549,S806,CharsToNameCanonicalizer.java,560,hash = (hash * HASH_MULT) + (int) key.charAt(i);,0.0,4754,5302
549,S807,CharsToNameCanonicalizer.java,563,return (hash == 0) ? 1 : hash;,0.0,4754,5302
549,S808,CharsToNameCanonicalizer.java,578,final String[] oldSyms = _symbols;,0.0,4754,5302
549,S809,CharsToNameCanonicalizer.java,579,"_symbols = Arrays.copyOf(oldSyms, oldSyms.length);",0.0,4754,5302
549,S810,CharsToNameCanonicalizer.java,580,final Bucket[] oldBuckets = _buckets;,0.0,4754,5302
549,S811,CharsToNameCanonicalizer.java,581,"_buckets = Arrays.copyOf(oldBuckets, oldBuckets.length);",0.0,4754,5302
549,S812,CharsToNameCanonicalizer.java,593,int size = _symbols.length;,0.0,4754,5302
549,S813,CharsToNameCanonicalizer.java,594,int newSize = size + size;,0.0,4754,5302
549,S814,CharsToNameCanonicalizer.java,600,if (newSize > MAX_TABLE_SIZE) {,0.0,4754,5302
549,S815,CharsToNameCanonicalizer.java,612,String[] oldSyms = _symbols;,0.0,4754,5302
549,S816,CharsToNameCanonicalizer.java,613,Bucket[] oldBuckets = _buckets;,0.0,4754,5302
549,S817,CharsToNameCanonicalizer.java,614,_symbols = new String[newSize];,0.0,4754,5302
549,S818,CharsToNameCanonicalizer.java,615,_buckets = new Bucket[newSize >> 1];,0.0,4754,5302
549,S819,CharsToNameCanonicalizer.java,617,_indexMask = newSize - 1;,0.0,4754,5302
549,S820,CharsToNameCanonicalizer.java,618,_sizeThreshold = _thresholdSize(newSize);,0.0,4754,5302
549,S821,CharsToNameCanonicalizer.java,620,int count = 0; // let's do sanity check,0.0,4754,5302
549,S822,CharsToNameCanonicalizer.java,625,int maxColl = 0;,0.0,4754,5302
549,S823,CharsToNameCanonicalizer.java,626,for (int i = 0; i < size; ++i) {,0.0,4754,5302
549,S824,CharsToNameCanonicalizer.java,627,String symbol = oldSyms[i];,0.0,4754,5302
549,S825,CharsToNameCanonicalizer.java,628,if (symbol != null) {,0.0,4754,5302
549,S826,CharsToNameCanonicalizer.java,629,++count;,0.0,4754,5302
549,S827,CharsToNameCanonicalizer.java,630,int index = _hashToIndex(calcHash(symbol));,0.0,4754,5302
549,S828,CharsToNameCanonicalizer.java,631,if (_symbols[index] == null) {,0.0,4754,5302
549,S829,CharsToNameCanonicalizer.java,632,_symbols[index] = symbol;,0.0,4754,5302
549,S830,CharsToNameCanonicalizer.java,634,int bix = (index >> 1);,0.0,4754,5302
549,S831,CharsToNameCanonicalizer.java,635,"Bucket newB = new Bucket(symbol, _buckets[bix]);",0.0,4754,5302
549,S832,CharsToNameCanonicalizer.java,636,_buckets[bix] = newB;,0.0,4754,5302
549,S833,CharsToNameCanonicalizer.java,637,"maxColl = Math.max(maxColl, newB.length());",0.0,4754,5302
549,S834,CharsToNameCanonicalizer.java,642,size >>= 1;,0.0,4754,5302
549,S835,CharsToNameCanonicalizer.java,643,for (int i = 0; i < size; ++i) {,0.0,4754,5302
549,S836,CharsToNameCanonicalizer.java,644,Bucket b = oldBuckets[i];,0.0,4754,5302
549,S837,CharsToNameCanonicalizer.java,645,while (b != null) {,0.0,4754,5302
549,S838,CharsToNameCanonicalizer.java,646,++count;,0.0,4754,5302
549,S839,CharsToNameCanonicalizer.java,647,String symbol = b.getSymbol();,0.0,4754,5302
549,S840,CharsToNameCanonicalizer.java,648,int index = _hashToIndex(calcHash(symbol));,0.0,4754,5302
549,S841,CharsToNameCanonicalizer.java,649,if (_symbols[index] == null) {,0.0,4754,5302
549,S842,CharsToNameCanonicalizer.java,650,_symbols[index] = symbol;,0.0,4754,5302
549,S843,CharsToNameCanonicalizer.java,652,int bix = (index >> 1);,0.0,4754,5302
549,S844,CharsToNameCanonicalizer.java,653,"Bucket newB = new Bucket(symbol, _buckets[bix]);",0.0,4754,5302
549,S845,CharsToNameCanonicalizer.java,654,_buckets[bix] = newB;,0.0,4754,5302
549,S846,CharsToNameCanonicalizer.java,655,"maxColl = Math.max(maxColl, newB.length());",0.0,4754,5302
549,S847,CharsToNameCanonicalizer.java,657,b = b.getNext();,0.0,4754,5302
549,S848,CharsToNameCanonicalizer.java,660,_longestCollisionList = maxColl;,0.0,4754,5302
549,S849,CharsToNameCanonicalizer.java,662,if (count != _size) {,0.0,4754,5302
549,S850,CharsToNameCanonicalizer.java,692,"public Bucket(String symbol, Bucket next) {",0.0,4754,5302
549,S851,CharsToNameCanonicalizer.java,693,_symbol = symbol;,0.0,4754,5302
549,S852,CharsToNameCanonicalizer.java,694,_next = next;,0.0,4754,5302
549,S853,CharsToNameCanonicalizer.java,695,_length = (next == null) ? 1 : next._length+1;,0.0,4754,5302
549,S854,CharsToNameCanonicalizer.java,698,public String getSymbol() { return _symbol; },0.0,4754,5302
549,S855,CharsToNameCanonicalizer.java,699,public Bucket getNext() { return _next; },0.0,4754,5302
549,S856,CharsToNameCanonicalizer.java,700,public int length() { return _length; },0.0,4754,5302
549,S857,CharsToNameCanonicalizer.java,703,String sym = _symbol;,0.0,4754,5302
549,S858,CharsToNameCanonicalizer.java,704,Bucket b = _next;,0.0,4754,5302
549,S859,CharsToNameCanonicalizer.java,707,if (sym.length() == len) {,0.0,4754,5302
549,S860,CharsToNameCanonicalizer.java,708,int i = 0;,0.0,4754,5302
549,S861,CharsToNameCanonicalizer.java,710,if (sym.charAt(i) != buf[start+i]) {,0.0,4754,5302
549,S862,CharsToNameCanonicalizer.java,711,break;,0.0,4754,5302
549,S863,CharsToNameCanonicalizer.java,713,} while (++i < len);,0.0,4754,5302
549,S864,CharsToNameCanonicalizer.java,714,if (i == len) {,0.0,4754,5302
549,S865,CharsToNameCanonicalizer.java,715,return sym;,0.0,4754,5302
549,S866,CharsToNameCanonicalizer.java,718,if (b == null) {,0.0,4754,5302
549,S867,CharsToNameCanonicalizer.java,719,break;,0.0,4754,5302
549,S868,CharsToNameCanonicalizer.java,721,sym = b.getSymbol();,0.0,4754,5302
549,S869,CharsToNameCanonicalizer.java,722,b = b.getNext();,0.0,4754,5302
549,S870,CharsToNameCanonicalizer.java,724,return null;,0.0,4754,5302
549,S871,DataFormatDetector.java,58,"this(detectors, MatchStrength.SOLID_MATCH, MatchStrength.WEAK_MATCH,",0.0,4754,5302
549,S872,DataFormatDetector.java,105,_detectors = detectors;,0.0,4754,5302
549,S873,DataFormatDetector.java,106,_optimalMatch = optMatch;,0.0,4754,5302
549,S874,DataFormatDetector.java,107,_minimalMatch = minMatch;,0.0,4754,5302
549,S875,DataFormatDetector.java,108,_maxInputLookahead = maxInputLookahead;,0.0,4754,5302
549,S876,DataFormatDetector.java,127,"return _findFormat(new InputAccessor.Std(in, new byte[_maxInputLookahead]));",0.0,4754,5302
549,S877,DataFormatDetector.java,187,JsonFactory bestMatch = null;,0.0,4754,5302
549,S878,DataFormatDetector.java,188,MatchStrength bestMatchStrength = null;,0.0,4754,5302
549,S879,DataFormatDetector.java,189,for (JsonFactory f : _detectors) {,0.0,4754,5302
549,S880,DataFormatDetector.java,190,acc.reset();,0.0,4754,5302
549,S881,DataFormatDetector.java,191,MatchStrength strength = f.hasFormat(acc);,0.0,4754,5302
549,S882,DataFormatDetector.java,193,if (strength == null || strength.ordinal() < _minimalMatch.ordinal()) {,0.0,4754,5302
549,S883,DataFormatDetector.java,194,continue;,0.0,4754,5302
549,S884,DataFormatDetector.java,197,if (bestMatch != null) {,0.0,4754,5302
549,S885,DataFormatDetector.java,203,bestMatch = f;,0.0,4754,5302
549,S886,DataFormatDetector.java,204,bestMatchStrength = strength;,0.0,4754,5302
549,S887,DataFormatDetector.java,205,if (strength.ordinal() >= _optimalMatch.ordinal()) {,0.0,4754,5302
549,S888,DataFormatDetector.java,206,break;,0.0,4754,5302
549,S889,DataFormatDetector.java,209,"return acc.createMatcher(bestMatch, bestMatchStrength);",0.0,4754,5302
549,S890,DataFormatMatcher.java,46,_originalStream = in;,0.0,4754,5302
549,S891,DataFormatMatcher.java,47,_bufferedData = buffered;,0.0,4754,5302
549,S892,DataFormatMatcher.java,48,_bufferedStart = bufferedStart;,0.0,4754,5302
549,S893,DataFormatMatcher.java,49,_bufferedLength = bufferedLength;,0.0,4754,5302
549,S894,DataFormatMatcher.java,50,_match = match;,0.0,4754,5302
549,S895,DataFormatMatcher.java,51,_matchStrength = strength;,0.0,4754,5302
549,S896,DataFormatMatcher.java,64,public boolean hasMatch() { return _match != null; },0.0,4754,5302
549,S897,DataFormatMatcher.java,71,return (_matchStrength == null) ? MatchStrength.INCONCLUSIVE : _matchStrength;,0.0,4754,5302
549,S898,DataFormatMatcher.java,77,public JsonFactory getMatch() { return _match; },0.0,4754,5302
549,S899,DataFormatMatcher.java,87,return _match.getFormatName();,0.0,4754,5302
549,S900,DataFormatMatcher.java,102,if (_match == null) {,0.0,4754,5302
549,S901,DataFormatMatcher.java,103,return null;,0.0,4754,5302
549,S902,DataFormatMatcher.java,105,if (_originalStream == null) {,0.0,4754,5302
549,S903,DataFormatMatcher.java,108,return _match.createParser(getDataStream());,0.0,4754,5302
549,S904,DataFormatMatcher.java,119,if (_originalStream == null) {,0.0,4754,5302
549,S905,DataFormatMatcher.java,122,"return new MergedStream(null, _originalStream, _bufferedData, _bufferedStart, _bufferedLength);",0.0,4754,5302
549,S907,DefaultPrettyPrinter.java,54,protected Indenter _arrayIndenter = FixedSpaceIndenter.instance;,0.0,4754,5302
549,S908,DefaultPrettyPrinter.java,62,protected Indenter _objectIndenter = Lf2SpacesIndenter.instance;,0.0,4754,5302
549,S909,DefaultPrettyPrinter.java,76,protected boolean _spacesInObjectEntries = true;,0.0,4754,5302
549,S910,DefaultPrettyPrinter.java,84,protected transient int _nesting = 0;,0.0,4754,5302
549,S911,DefaultPrettyPrinter.java,93,this(DEFAULT_ROOT_VALUE_SEPARATOR);,0.0,4754,5302
549,S912,DefaultPrettyPrinter.java,108,this((rootSeparator == null) ? null : new SerializedString(rootSeparator));,0.0,4754,5302
549,S913,DefaultPrettyPrinter.java,119,public DefaultPrettyPrinter(SerializableString rootSeparator) {,0.0,4754,5302
549,S914,DefaultPrettyPrinter.java,120,_rootSeparator = rootSeparator;,0.0,4754,5302
549,S915,DefaultPrettyPrinter.java,246,if (_rootSeparator != null) {,0.0,4754,5302
549,S916,DefaultPrettyPrinter.java,247,jg.writeRaw(_rootSeparator);,0.0,4754,5302
549,S917,DefaultPrettyPrinter.java,255,jg.writeRaw('{');,0.0,4754,5302
549,S918,DefaultPrettyPrinter.java,256,if (!_objectIndenter.isInline()) {,0.0,4754,5302
549,S919,DefaultPrettyPrinter.java,257,++_nesting;,0.0,4754,5302
549,S920,DefaultPrettyPrinter.java,265,"_objectIndenter.writeIndentation(jg, _nesting);",0.0,4754,5302
549,S921,DefaultPrettyPrinter.java,281,if (_spacesInObjectEntries) {,0.0,4754,5302
549,S922,DefaultPrettyPrinter.java,282,"jg.writeRaw("" : "");",0.0,4754,5302
549,S923,DefaultPrettyPrinter.java,301,"jg.writeRaw(',');",0.0,4754,5302
549,S924,DefaultPrettyPrinter.java,302,"_objectIndenter.writeIndentation(jg, _nesting);",0.0,4754,5302
549,S925,DefaultPrettyPrinter.java,309,if (!_objectIndenter.isInline()) {,0.0,4754,5302
549,S926,DefaultPrettyPrinter.java,310,--_nesting;,0.0,4754,5302
549,S927,DefaultPrettyPrinter.java,312,if (nrOfEntries > 0) {,0.0,4754,5302
549,S928,DefaultPrettyPrinter.java,313,"_objectIndenter.writeIndentation(jg, _nesting);",0.0,4754,5302
549,S929,DefaultPrettyPrinter.java,315,jg.writeRaw(' ');,0.0,4754,5302
549,S930,DefaultPrettyPrinter.java,317,jg.writeRaw('}');,0.0,4754,5302
549,S931,DefaultPrettyPrinter.java,324,if (!_arrayIndenter.isInline()) {,0.0,4754,5302
549,S932,DefaultPrettyPrinter.java,327,jg.writeRaw('[');,0.0,4754,5302
549,S933,DefaultPrettyPrinter.java,334,"_arrayIndenter.writeIndentation(jg, _nesting);",0.0,4754,5302
549,S934,DefaultPrettyPrinter.java,350,"jg.writeRaw(',');",0.0,4754,5302
549,S935,DefaultPrettyPrinter.java,351,"_arrayIndenter.writeIndentation(jg, _nesting);",0.0,4754,5302
549,S936,DefaultPrettyPrinter.java,358,if (!_arrayIndenter.isInline()) {,0.0,4754,5302
549,S937,DefaultPrettyPrinter.java,361,if (nrOfValues > 0) {,0.0,4754,5302
549,S938,DefaultPrettyPrinter.java,362,"_arrayIndenter.writeIndentation(jg, _nesting);",0.0,4754,5302
549,S939,DefaultPrettyPrinter.java,364,jg.writeRaw(' ');,0.0,4754,5302
549,S940,DefaultPrettyPrinter.java,366,jg.writeRaw(']');,0.0,4754,5302
549,S941,DefaultPrettyPrinter.java,378,public static class NopIndenter,0.0,4754,5302
549,S942,DefaultPrettyPrinter.java,381,public static final NopIndenter instance = new NopIndenter();,0.0,4754,5302
549,S943,DefaultPrettyPrinter.java,397,public static class FixedSpaceIndenter extends NopIndenter,0.0,4754,5302
549,S944,DefaultPrettyPrinter.java,400,public static final FixedSpaceIndenter instance = new FixedSpaceIndenter();,0.0,4754,5302
549,S945,DefaultPrettyPrinter.java,406,jg.writeRaw(' ');,0.0,4754,5302
549,S946,DefaultPrettyPrinter.java,410,public boolean isInline() { return true; },0.0,4754,5302
549,S947,DefaultPrettyPrinter.java,421,String lf = null;,0.0,4754,5302
549,S948,DefaultPrettyPrinter.java,423,"lf = System.getProperty(""line.separator"");",0.0,4754,5302
549,S949,DefaultPrettyPrinter.java,424,} catch (Throwable t) { } // access exception?,0.0,4754,5302
549,S950,DefaultPrettyPrinter.java,425,"SYS_LF = (lf == null) ? ""\n"" : lf;",0.0,4754,5302
549,S951,DefaultPrettyPrinter.java,429,final static char[] SPACES = new char[SPACE_COUNT];,0.0,4754,5302
549,S952,DefaultPrettyPrinter.java,431,"Arrays.fill(SPACES, ' ');",0.0,4754,5302
549,S953,DefaultPrettyPrinter.java,435,public static final Lf2SpacesIndenter instance = new Lf2SpacesIndenter();,0.0,4754,5302
549,S954,DefaultPrettyPrinter.java,442,public Lf2SpacesIndenter() { this(SYS_LF); },0.0,4754,5302
549,S955,DefaultPrettyPrinter.java,447,public Lf2SpacesIndenter(String lf) {,0.0,4754,5302
549,S956,DefaultPrettyPrinter.java,448,_lf = lf;,0.0,4754,5302
549,S957,DefaultPrettyPrinter.java,466,public boolean isInline() { return false; },0.0,4754,5302
549,S958,DefaultPrettyPrinter.java,472,jg.writeRaw(_lf);,0.0,4754,5302
549,S959,DefaultPrettyPrinter.java,473,if (level > 0) { // should we err on negative values (as there's some flaw?),0.0,4754,5302
549,S960,DefaultPrettyPrinter.java,474,level += level; // 2 spaces per level,0.0,4754,5302
549,S961,DefaultPrettyPrinter.java,475,while (level > SPACE_COUNT) { // should never happen but...,0.0,4754,5302
549,S962,DefaultPrettyPrinter.java,479,"jg.writeRaw(SPACES, 0, level);",0.0,4754,5302
549,S963,GeneratorBase.java,20,public abstract class GeneratorBase,0.0,4754,5302
549,S964,GeneratorBase.java,72,super();,0.0,4754,5302
549,S965,GeneratorBase.java,73,_features = features;,0.0,4754,5302
549,S966,GeneratorBase.java,74,_writeContext = JsonWriteContext.createRootContext();,0.0,4754,5302
549,S967,GeneratorBase.java,75,_objectCodec = codec;,0.0,4754,5302
549,S968,GeneratorBase.java,76,_cfgNumbersAsStrings = isEnabled(Feature.WRITE_NUMBERS_AS_STRINGS);,0.0,4754,5302
549,S969,GeneratorBase.java,96,_features |= f.getMask();,0.0,4754,5302
549,S970,GeneratorBase.java,97,if (f == Feature.WRITE_NUMBERS_AS_STRINGS) {,0.0,4754,5302
549,S971,GeneratorBase.java,99,} else if (f == Feature.ESCAPE_NON_ASCII) {,0.0,4754,5302
549,S972,GeneratorBase.java,100,setHighestNonEscapedChar(127);,0.0,4754,5302
549,S973,GeneratorBase.java,102,return this;,0.0,4754,5302
549,S974,GeneratorBase.java,120,return (_features & f.getMask()) != 0;,0.0,4754,5302
549,S975,GeneratorBase.java,139,if (getPrettyPrinter() != null) {,0.0,4754,5302
549,S976,GeneratorBase.java,142,return setPrettyPrinter(new DefaultPrettyPrinter());,0.0,4754,5302
549,S977,GeneratorBase.java,164,public final JsonWriteContext getOutputContext() { return _writeContext; },0.0,4754,5302
549,S978,GeneratorBase.java,204,"_verifyValueWrite(""write raw value"");",0.0,4754,5302
549,S979,GeneratorBase.java,205,writeRaw(text);,0.0,4754,5302
549,S980,GeneratorBase.java,260,if (value == null) {,0.0,4754,5302
549,S981,GeneratorBase.java,262,writeNull();,0.0,4754,5302
549,S982,GeneratorBase.java,269,if (_objectCodec != null) {,0.0,4754,5302
549,S983,GeneratorBase.java,273,_writeSimpleObject(value);,0.0,4754,5302
549,S984,GeneratorBase.java,304,_closed = true;,0.0,4754,5302
549,S985,GeneratorBase.java,308,public boolean isClosed() { return _closed; },0.0,4754,5302
549,S986,GeneratorBase.java,320,JsonToken t = jp.getCurrentToken();,0.0,4754,5302
549,S987,GeneratorBase.java,322,if (t == null) {,0.0,4754,5302
549,S988,GeneratorBase.java,325,switch(t) {,0.0,4754,5302
549,S989,GeneratorBase.java,327,writeStartObject();,0.0,4754,5302
549,S990,GeneratorBase.java,328,break;,0.0,4754,5302
549,S991,GeneratorBase.java,330,writeEndObject();,0.0,4754,5302
549,S992,GeneratorBase.java,331,break;,0.0,4754,5302
549,S993,GeneratorBase.java,333,writeStartArray();,0.0,4754,5302
549,S994,GeneratorBase.java,334,break;,0.0,4754,5302
549,S995,GeneratorBase.java,336,writeEndArray();,0.0,4754,5302
549,S996,GeneratorBase.java,337,break;,0.0,4754,5302
549,S997,GeneratorBase.java,339,writeFieldName(jp.getCurrentName());,0.0,4754,5302
549,S998,GeneratorBase.java,340,break;,0.0,4754,5302
549,S999,GeneratorBase.java,342,if (jp.hasTextCharacters()) {,0.0,4754,5302
549,S1000,GeneratorBase.java,343,"writeString(jp.getTextCharacters(), jp.getTextOffset(), jp.getTextLength());",0.0,4754,5302
549,S1001,GeneratorBase.java,349,switch (jp.getNumberType()) {,0.0,4754,5302
549,S1002,GeneratorBase.java,351,writeNumber(jp.getIntValue());,0.0,4754,5302
549,S1003,GeneratorBase.java,352,break;,0.0,4754,5302
549,S1004,GeneratorBase.java,361,switch (jp.getNumberType()) {,0.0,4754,5302
549,S1005,GeneratorBase.java,369,writeNumber(jp.getDoubleValue());,0.0,4754,5302
549,S1006,GeneratorBase.java,371,break;,0.0,4754,5302
549,S1007,GeneratorBase.java,373,writeBoolean(true);,0.0,4754,5302
549,S1008,GeneratorBase.java,374,break;,0.0,4754,5302
549,S1009,GeneratorBase.java,376,writeBoolean(false);,0.0,4754,5302
549,S1010,GeneratorBase.java,377,break;,0.0,4754,5302
549,S1011,GeneratorBase.java,379,writeNull();,0.0,4754,5302
549,S1012,GeneratorBase.java,380,break;,0.0,4754,5302
549,S1013,GeneratorBase.java,393,JsonToken t = jp.getCurrentToken();,0.0,4754,5302
549,S1014,GeneratorBase.java,396,if (t == JsonToken.FIELD_NAME) {,0.0,4754,5302
549,S1015,GeneratorBase.java,397,writeFieldName(jp.getCurrentName());,0.0,4754,5302
549,S1016,GeneratorBase.java,398,t = jp.nextToken();,0.0,4754,5302
549,S1017,GeneratorBase.java,402,switch (t) {,0.0,4754,5302
549,S1018,GeneratorBase.java,404,writeStartArray();,0.0,4754,5302
549,S1019,GeneratorBase.java,405,while (jp.nextToken() != JsonToken.END_ARRAY) {,0.0,4754,5302
549,S1020,GeneratorBase.java,406,copyCurrentStructure(jp);,0.0,4754,5302
549,S1021,GeneratorBase.java,408,writeEndArray();,0.0,4754,5302
549,S1022,GeneratorBase.java,409,break;,0.0,4754,5302
549,S1023,GeneratorBase.java,411,writeStartObject();,0.0,4754,5302
549,S1024,GeneratorBase.java,412,while (jp.nextToken() != JsonToken.END_OBJECT) {,0.0,4754,5302
549,S1025,GeneratorBase.java,413,copyCurrentStructure(jp);,0.0,4754,5302
549,S1026,GeneratorBase.java,415,writeEndObject();,0.0,4754,5302
549,S1027,GeneratorBase.java,416,break;,0.0,4754,5302
549,S1028,GeneratorBase.java,418,copyCurrentEvent(jp);,0.0,4754,5302
549,S1029,GeneratorBase.java,455,throw new JsonGenerationException(msg);,0.0,4754,5302
549,S1030,GeneratorBase.java,472,if (value == null) {,0.0,4754,5302
549,S1031,GeneratorBase.java,476,if (value instanceof String) {,0.0,4754,5302
549,S1032,GeneratorBase.java,480,if (value instanceof Number) {,0.0,4754,5302
549,S1033,GeneratorBase.java,481,Number n = (Number) value;,0.0,4754,5302
549,S1034,GeneratorBase.java,482,if (n instanceof Integer) {,0.0,4754,5302
549,S1035,GeneratorBase.java,483,writeNumber(n.intValue());,0.0,4754,5302
549,S1036,GeneratorBase.java,484,return;,0.0,4754,5302
549,S1037,GeneratorBase.java,485,} else if (n instanceof Long) {,0.0,4754,5302
549,S1038,GeneratorBase.java,486,writeNumber(n.longValue());,0.0,4754,5302
549,S1039,GeneratorBase.java,487,return;,0.0,4754,5302
549,S1040,GeneratorBase.java,488,} else if (n instanceof Double) {,0.0,4754,5302
549,S1041,GeneratorBase.java,489,writeNumber(n.doubleValue());,0.0,4754,5302
549,S1042,GeneratorBase.java,490,return;,0.0,4754,5302
549,S1043,GeneratorBase.java,491,} else if (n instanceof Float) {,0.0,4754,5302
549,S1044,GeneratorBase.java,492,writeNumber(n.floatValue());,0.0,4754,5302
549,S1045,GeneratorBase.java,493,return;,0.0,4754,5302
549,S1046,GeneratorBase.java,494,} else if (n instanceof Short) {,0.0,4754,5302
549,S1047,GeneratorBase.java,495,writeNumber(n.shortValue());,0.0,4754,5302
549,S1048,GeneratorBase.java,496,return;,0.0,4754,5302
549,S1049,GeneratorBase.java,497,} else if (n instanceof Byte) {,0.0,4754,5302
549,S1050,GeneratorBase.java,498,writeNumber(n.byteValue());,0.0,4754,5302
549,S1051,GeneratorBase.java,499,return;,0.0,4754,5302
549,S1052,GeneratorBase.java,500,} else if (n instanceof BigInteger) {,0.0,4754,5302
549,S1053,GeneratorBase.java,501,writeNumber((BigInteger) n);,0.0,4754,5302
549,S1054,GeneratorBase.java,502,return;,0.0,4754,5302
549,S1055,GeneratorBase.java,503,} else if (n instanceof BigDecimal) {,0.0,4754,5302
549,S1056,GeneratorBase.java,504,writeNumber((BigDecimal) n);,0.0,4754,5302
549,S1057,GeneratorBase.java,505,return;,0.0,4754,5302
549,S1058,GeneratorBase.java,509,} else if (n instanceof AtomicInteger) {,0.0,4754,5302
549,S1059,GeneratorBase.java,510,writeNumber(((AtomicInteger) n).get());,0.0,4754,5302
549,S1060,GeneratorBase.java,511,return;,0.0,4754,5302
549,S1061,GeneratorBase.java,512,} else if (n instanceof AtomicLong) {,0.0,4754,5302
549,S1062,GeneratorBase.java,513,writeNumber(((AtomicLong) n).get());,0.0,4754,5302
549,S1063,GeneratorBase.java,514,return;,0.0,4754,5302
549,S1064,GeneratorBase.java,519,} else if (value instanceof Boolean) {,0.0,4754,5302
549,S1065,GeneratorBase.java,520,writeBoolean((Boolean) value);,0.0,4754,5302
549,S1066,GeneratorBase.java,521,return;,0.0,4754,5302
549,S1067,GeneratorBase.java,522,} else if (value instanceof AtomicBoolean) {,0.0,4754,5302
549,S1068,GeneratorBase.java,523,writeBoolean(((AtomicBoolean) value).get());,0.0,4754,5302
549,S1069,GeneratorBase.java,524,return;,0.0,4754,5302
549,S1080,IOContext.java,116,public Object getSourceReference() { return _sourceRef; },0.0,4754,5302
549,S1081,IOContext.java,117,public JsonEncoding getEncoding() { return _encoding; },0.0,4754,5302
549,S1082,IOContext.java,118,public boolean isResourceManaged() { return _managedResource; },0.0,4754,5302
549,S1086,IOContext.java,143,_verifyAlloc(_writeEncodingBuffer);,0.0,4754,5302
549,S1087,IOContext.java,144,return (_writeEncodingBuffer = _bufferRecycler.allocByteBuffer(BufferRecycler.ByteBufferType.WRITE_ENCODING_BUFFER));,0.0,4754,5302
549,S1088,IOContext.java,152,_verifyAlloc(_base64Buffer);,0.0,4754,5302
549,S1089,IOContext.java,153,return (_base64Buffer = _bufferRecycler.allocByteBuffer(BufferRecycler.ByteBufferType.BASE64_CODEC_BUFFER));,0.0,4754,5302
549,S1092,IOContext.java,164,_verifyAlloc(_concatCBuffer);,0.0,4754,5302
549,S1093,IOContext.java,165,return (_concatCBuffer = _bufferRecycler.allocCharBuffer(BufferRecycler.CharBufferType.CONCAT_BUFFER));,0.0,4754,5302
549,S1094,IOContext.java,170,_verifyAlloc(_nameCopyBuffer);,0.0,4754,5302
549,S1095,IOContext.java,171,"return (_nameCopyBuffer = _bufferRecycler.allocCharBuffer(BufferRecycler.CharBufferType.NAME_COPY_BUFFER, minSize));",0.0,4754,5302
549,S1096,IOContext.java,180,if (buf != null) {,0.0,4754,5302
549,S1097,IOContext.java,184,"_verifyRelease(buf, _readIOBuffer);",0.0,4754,5302
549,S1098,IOContext.java,185,_readIOBuffer = null;,0.0,4754,5302
549,S1099,IOContext.java,186,"_bufferRecycler.releaseByteBuffer(BufferRecycler.ByteBufferType.READ_IO_BUFFER, buf);",0.0,4754,5302
549,S1100,IOContext.java,192,if (buf != null) {,0.0,4754,5302
549,S1101,IOContext.java,196,"_verifyRelease(buf, _writeEncodingBuffer);",0.0,4754,5302
549,S1102,IOContext.java,197,_writeEncodingBuffer = null;,0.0,4754,5302
549,S1103,IOContext.java,198,"_bufferRecycler.releaseByteBuffer(BufferRecycler.ByteBufferType.WRITE_ENCODING_BUFFER, buf);",0.0,4754,5302
549,S1104,IOContext.java,204,"if (buf != null) { // sanity checks, release once-and-only-once, must be one owned",0.0,4754,5302
549,S1105,IOContext.java,205,"_verifyRelease(buf, _base64Buffer);",0.0,4754,5302
549,S1106,IOContext.java,206,_base64Buffer = null;,0.0,4754,5302
549,S1107,IOContext.java,207,"_bufferRecycler.releaseByteBuffer(BufferRecycler.ByteBufferType.BASE64_CODEC_BUFFER, buf);",0.0,4754,5302
549,S1108,IOContext.java,213,if (buf != null) {,0.0,4754,5302
549,S1109,IOContext.java,214,"_verifyRelease(buf, _tokenCBuffer);",0.0,4754,5302
549,S1110,IOContext.java,215,_tokenCBuffer = null;,0.0,4754,5302
549,S1111,IOContext.java,216,"_bufferRecycler.releaseCharBuffer(BufferRecycler.CharBufferType.TOKEN_BUFFER, buf);",0.0,4754,5302
549,S1112,IOContext.java,222,if (buf != null) {,0.0,4754,5302
549,S1113,IOContext.java,223,"_verifyRelease(buf, _concatCBuffer);",0.0,4754,5302
549,S1114,IOContext.java,224,_concatCBuffer = null;,0.0,4754,5302
549,S1115,IOContext.java,225,"_bufferRecycler.releaseCharBuffer(BufferRecycler.CharBufferType.CONCAT_BUFFER, buf);",0.0,4754,5302
549,S1116,IOContext.java,231,if (buf != null) {,0.0,4754,5302
549,S1117,IOContext.java,232,"_verifyRelease(buf, _nameCopyBuffer);",0.0,4754,5302
549,S1118,IOContext.java,233,_nameCopyBuffer = null;,0.0,4754,5302
549,S1119,IOContext.java,234,"_bufferRecycler.releaseCharBuffer(BufferRecycler.CharBufferType.NAME_COPY_BUFFER, buf);",0.0,4754,5302
549,S1121,IOContext.java,253,if (toRelease != src) {,0.0,4754,5302
549,S1122,InputAccessor.java,66,_in = in;,0.0,4754,5302
549,S1123,InputAccessor.java,67,_buffer = buffer;,0.0,4754,5302
549,S1124,InputAccessor.java,68,_bufferedStart = 0;,0.0,4754,5302
549,S1125,InputAccessor.java,69,_ptr = 0;,0.0,4754,5302
549,S1126,InputAccessor.java,70,_bufferedEnd = 0;,0.0,4754,5302
549,S1127,InputAccessor.java,104,if (_ptr < _bufferedEnd) { // already got more,0.0,4754,5302
549,S1128,InputAccessor.java,105,return true;,0.0,4754,5302
549,S1129,InputAccessor.java,107,if (_in == null) { // nowhere to read from,0.0,4754,5302
549,S1130,InputAccessor.java,110,int amount = _buffer.length - _ptr;,0.0,4754,5302
549,S1131,InputAccessor.java,111,if (amount < 1) { // can not load any more,0.0,4754,5302
549,S1132,InputAccessor.java,114,"int count = _in.read(_buffer, _ptr, amount);",0.0,4754,5302
549,S1133,InputAccessor.java,115,if (count <= 0) { // EOF,0.0,4754,5302
549,S1134,InputAccessor.java,118,_bufferedEnd += count;,0.0,4754,5302
549,S1135,InputAccessor.java,119,return true;,0.0,4754,5302
549,S1136,InputAccessor.java,126,if (_ptr >= _bufferedEnd) {,0.0,4754,5302
549,S1137,InputAccessor.java,131,return _buffer[_ptr++];,0.0,4754,5302
549,S1138,InputAccessor.java,136,_ptr = _bufferedStart;,0.0,4754,5302
549,S1139,InputAccessor.java,147,"return new DataFormatMatcher(_in, _buffer, _bufferedStart, (_bufferedEnd - _bufferedStart),",0.0,4754,5302
549,S1140,InputDecorator.java,11,public abstract class InputDecorator,0.0,4754,5302
549,S1141,InternCache.java,28,public final static InternCache instance = new InternCache();,0.0,4754,5302
549,S1142,InternCache.java,35,private final static Object _flushLock = new Object();,0.0,4754,5302
549,S1143,InternCache.java,38,"super(MAX_ENTRIES, 0.8f, 4);",0.0,4754,5302
549,S1144,InternCache.java,43,String result = get(input);,0.0,4754,5302
549,S1145,InternCache.java,44,if (result != null) {,0.0,4754,5302
549,S1146,InternCache.java,45,return result;,0.0,4754,5302
549,S1147,InternCache.java,53,if (size() >= MAX_ENTRIES) {,0.0,4754,5302
549,S1148,InternCache.java,58,synchronized (_flushLock) {,0.0,4754,5302
549,S1149,InternCache.java,59,if (size() >= MAX_ENTRIES) {,0.0,4754,5302
549,S1150,InternCache.java,60,clear();,0.0,4754,5302
549,S1151,InternCache.java,64,result = input.intern();,0.0,4754,5302
549,S1152,InternCache.java,65,"put(result, result);",0.0,4754,5302
549,S1153,InternCache.java,66,return result;,0.0,4754,5302
549,S1162,JsonEncoding.java,41,public String getJavaName() { return _javaName; },0.0,4754,5302
549,S1163,JsonEncoding.java,51,public boolean isBigEndian() { return _bigEndian; },0.0,4754,5302
549,S1188,JsonFactory.java,271,_objectCodec = null;,0.0,4754,5302
549,S1189,JsonFactory.java,272,_factoryFeatures = src._factoryFeatures;,0.0,4754,5302
549,S1190,JsonFactory.java,273,_parserFeatures = src._parserFeatures;,0.0,4754,5302
549,S1191,JsonFactory.java,274,_generatorFeatures = src._generatorFeatures;,0.0,4754,5302
549,S1192,JsonFactory.java,275,_characterEscapes = src._characterEscapes;,0.0,4754,5302
549,S1193,JsonFactory.java,276,_inputDecorator = src._inputDecorator;,0.0,4754,5302
549,S1194,JsonFactory.java,277,_outputDecorator = src._outputDecorator;,0.0,4754,5302
549,S1195,JsonFactory.java,278,_rootValueSeparator = src._rootValueSeparator;,0.0,4754,5302
549,S1196,JsonFactory.java,302,_checkInvalidCopy(JsonFactory.class);,0.0,4754,5302
549,S1197,JsonFactory.java,304,"return new JsonFactory(this, null);",0.0,4754,5302
549,S1198,JsonFactory.java,313,if (getClass() != exp) {,0.0,4754,5302
549,S1199,JsonFactory.java,331,"return new JsonFactory(this, _objectCodec);",0.0,4754,5302
549,S1200,JsonFactory.java,409,if (getClass() == JsonFactory.class) {,0.0,4754,5302
549,S1201,JsonFactory.java,410,return FORMAT_NAME_JSON;,0.0,4754,5302
549,S1202,JsonFactory.java,418,if (getClass() == JsonFactory.class) {,0.0,4754,5302
549,S1203,JsonFactory.java,419,return hasJSONFormat(acc);,0.0,4754,5302
549,S1204,JsonFactory.java,447,return ByteSourceJsonBootstrapper.hasJSONFormat(acc);,0.0,4754,5302
549,S1205,JsonFactory.java,458,return PackageVersion.VERSION;,0.0,4754,5302
549,S1206,JsonFactory.java,472,return state ? enable(f) : disable(f);,0.0,4754,5302
549,S1207,JsonFactory.java,480,_factoryFeatures |= f.getMask();,0.0,4754,5302
549,S1208,JsonFactory.java,481,return this;,0.0,4754,5302
549,S1209,JsonFactory.java,489,_factoryFeatures &= ~f.getMask();,0.0,4754,5302
549,S1210,JsonFactory.java,490,return this;,0.0,4754,5302
549,S1212,JsonFactory.java,511,return state ? enable(f) : disable(f);,0.0,4754,5302
549,S1213,JsonFactory.java,519,_parserFeatures |= f.getMask();,0.0,4754,5302
549,S1214,JsonFactory.java,520,return this;,0.0,4754,5302
549,S1215,JsonFactory.java,528,_parserFeatures &= ~f.getMask();,0.0,4754,5302
549,S1216,JsonFactory.java,529,return this;,0.0,4754,5302
549,S1217,JsonFactory.java,536,return (_parserFeatures & f.getMask()) != 0;,0.0,4754,5302
549,S1218,JsonFactory.java,551,_inputDecorator = d;,0.0,4754,5302
549,S1219,JsonFactory.java,552,return this;,0.0,4754,5302
549,S1220,JsonFactory.java,566,return state ? enable(f) : disable(f);,0.0,4754,5302
549,S1221,JsonFactory.java,575,_generatorFeatures |= f.getMask();,0.0,4754,5302
549,S1222,JsonFactory.java,576,return this;,0.0,4754,5302
549,S1223,JsonFactory.java,584,_generatorFeatures &= ~f.getMask();,0.0,4754,5302
549,S1224,JsonFactory.java,585,return this;,0.0,4754,5302
549,S1225,JsonFactory.java,592,return (_generatorFeatures & f.getMask()) != 0;,0.0,4754,5302
549,S1226,JsonFactory.java,608,_characterEscapes = esc;,0.0,4754,5302
549,S1227,JsonFactory.java,609,return this;,0.0,4754,5302
549,S1228,JsonFactory.java,624,_outputDecorator = d;,0.0,4754,5302
549,S1229,JsonFactory.java,625,return this;,0.0,4754,5302
549,S1230,JsonFactory.java,638,_rootValueSeparator = (sep == null) ? null : new SerializedString(sep);,0.0,4754,5302
549,S1231,JsonFactory.java,639,return this;,0.0,4754,5302
549,S1232,JsonFactory.java,667,public ObjectCodec getCodec() { return _objectCodec; },0.0,4754,5302
549,S1233,JsonFactory.java,693,"IOContext ctxt = _createContext(f, true);",0.0,4754,5302
549,S1234,JsonFactory.java,694,InputStream in = new FileInputStream(f);,0.0,4754,5302
549,S1235,JsonFactory.java,696,if (_inputDecorator != null) {,0.0,4754,5302
549,S1236,JsonFactory.java,699,"return _createParser(in, ctxt);",0.0,4754,5302
549,S1237,JsonFactory.java,721,"IOContext ctxt = _createContext(url, true);",0.0,4754,5302
549,S1238,JsonFactory.java,722,InputStream in = _optimizedStreamFromURL(url);,0.0,4754,5302
549,S1239,JsonFactory.java,724,if (_inputDecorator != null) {,0.0,4754,5302
549,S1240,JsonFactory.java,727,"return _createParser(in, ctxt);",0.0,4754,5302
549,S1243,JsonFactory.java,753,"in = _inputDecorator.decorate(ctxt, in);",0.0,4754,5302
549,S1247,JsonFactory.java,779,"r = _inputDecorator.decorate(ctxt, r);",0.0,4754,5302
549,S1249,JsonFactory.java,793,"IOContext ctxt = _createContext(data, true);",0.0,4754,5302
549,S1250,JsonFactory.java,795,if (_inputDecorator != null) {,0.0,4754,5302
549,S1251,JsonFactory.java,796,"InputStream in = _inputDecorator.decorate(ctxt, data, 0, data.length);",0.0,4754,5302
549,S1252,JsonFactory.java,797,if (in != null) {,0.0,4754,5302
549,S1253,JsonFactory.java,798,"return _createParser(in, ctxt);",0.0,4754,5302
549,S1254,JsonFactory.java,801,"return _createParser(data, 0, data.length, ctxt);",0.0,4754,5302
549,S1255,JsonFactory.java,817,"IOContext ctxt = _createContext(data, true);",0.0,4754,5302
549,S1256,JsonFactory.java,819,if (_inputDecorator != null) {,0.0,4754,5302
549,S1257,JsonFactory.java,825,"return _createParser(data, offset, len, ctxt);",0.0,4754,5302
549,S1258,JsonFactory.java,837,Reader r = new StringReader(content);,0.0,4754,5302
549,S1259,JsonFactory.java,839,"IOContext ctxt = _createContext(r, true);",0.0,4754,5302
549,S1260,JsonFactory.java,841,if (_inputDecorator != null) {,0.0,4754,5302
549,S1261,JsonFactory.java,844,"return _createParser(r, ctxt);",0.0,4754,5302
549,S1262,JsonFactory.java,1034,"IOContext ctxt = _createContext(out, false);",0.0,4754,5302
549,S1263,JsonFactory.java,1035,ctxt.setEncoding(enc);,0.0,4754,5302
549,S1264,JsonFactory.java,1036,if (enc == JsonEncoding.UTF8) {,0.0,4754,5302
549,S1265,JsonFactory.java,1038,if (_outputDecorator != null) {,0.0,4754,5302
549,S1266,JsonFactory.java,1039,"out = _outputDecorator.decorate(ctxt, out);",0.0,4754,5302
549,S1267,JsonFactory.java,1041,"return _createUTF8Generator(out, ctxt);",0.0,4754,5302
549,S1268,JsonFactory.java,1060,"return createGenerator(out, JsonEncoding.UTF8);",0.0,4754,5302
549,S1269,JsonFactory.java,1081,"IOContext ctxt = _createContext(out, false);",0.0,4754,5302
549,S1270,JsonFactory.java,1083,if (_outputDecorator != null) {,0.0,4754,5302
549,S1271,JsonFactory.java,1084,"out = _outputDecorator.decorate(ctxt, out);",0.0,4754,5302
549,S1272,JsonFactory.java,1086,"return _createGenerator(out, ctxt);",0.0,4754,5302
549,S1273,JsonFactory.java,1108,OutputStream out = new FileOutputStream(f);,0.0,4754,5302
549,S1274,JsonFactory.java,1110,"IOContext ctxt = _createContext(out, true);",0.0,4754,5302
549,S1275,JsonFactory.java,1111,ctxt.setEncoding(enc);,0.0,4754,5302
549,S1276,JsonFactory.java,1112,if (enc == JsonEncoding.UTF8) {,0.0,4754,5302
549,S1277,JsonFactory.java,1119,"Writer w = _createWriter(out, enc, ctxt);",0.0,4754,5302
549,S1278,JsonFactory.java,1121,if (_outputDecorator != null) {,0.0,4754,5302
549,S1279,JsonFactory.java,1124,"return _createGenerator(w, ctxt);",0.0,4754,5302
549,S1282,JsonFactory.java,1300,"return new ByteSourceJsonBootstrapper(ctxt, data, offset, len).constructParser(_parserFeatures,",0.0,4754,5302
549,S1283,JsonFactory.java,1334,"WriterBasedJsonGenerator gen = new WriterBasedJsonGenerator(ctxt,",0.0,4754,5302
549,S1284,JsonFactory.java,1336,if (_characterEscapes != null) {,0.0,4754,5302
549,S1285,JsonFactory.java,1337,gen.setCharacterEscapes(_characterEscapes);,0.0,4754,5302
549,S1286,JsonFactory.java,1339,SerializableString rootSep = _rootValueSeparator;,0.0,4754,5302
549,S1287,JsonFactory.java,1340,if (rootSep != DEFAULT_ROOT_VALUE_SEPARATOR) {,0.0,4754,5302
549,S1288,JsonFactory.java,1341,gen.setRootValueSeparator(rootSep);,0.0,4754,5302
549,S1289,JsonFactory.java,1343,return gen;,0.0,4754,5302
549,S1290,JsonFactory.java,1370,"UTF8JsonGenerator gen = new UTF8JsonGenerator(ctxt,",0.0,4754,5302
549,S1291,JsonFactory.java,1372,if (_characterEscapes != null) {,0.0,4754,5302
549,S1292,JsonFactory.java,1373,gen.setCharacterEscapes(_characterEscapes);,0.0,4754,5302
549,S1293,JsonFactory.java,1375,SerializableString rootSep = _rootValueSeparator;,0.0,4754,5302
549,S1294,JsonFactory.java,1376,if (rootSep != DEFAULT_ROOT_VALUE_SEPARATOR) {,0.0,4754,5302
549,S1295,JsonFactory.java,1377,gen.setRootValueSeparator(rootSep);,0.0,4754,5302
549,S1296,JsonFactory.java,1379,return gen;,0.0,4754,5302
549,S1297,JsonFactory.java,1395,if (enc == JsonEncoding.UTF8) { // We have optimized writer for UTF-8,0.0,4754,5302
549,S1298,JsonFactory.java,1399,"return new OutputStreamWriter(out, enc.getJavaName());",0.0,4754,5302
549,S1306,JsonFactory.java,1443,"if (""file"".equals(url.getProtocol())) {",0.0,4754,5302
549,S1307,JsonFactory.java,1450,String host = url.getHost();,0.0,4754,5302
549,S1308,JsonFactory.java,1451,if (host == null || host.length() == 0) {,0.0,4754,5302
549,S1309,JsonFactory.java,1453,String path = url.getPath();,0.0,4754,5302
549,S1310,JsonFactory.java,1454,if (path.indexOf('%') < 0) {,0.0,4754,5302
549,S1311,JsonFactory.java,1455,return new FileInputStream(url.getPath());,0.0,4754,5302
549,S1312,JsonFactory.java,1461,return url.openStream();,0.0,4754,5302
549,S1313,JsonGenerationException.java,25,"super(msg, (JsonLocation)null);",0.0,4754,5302
549,S1333,JsonGenerator.java,182,protected JsonGenerator() { },0.0,4754,5302
549,S1334,JsonGenerator.java,343,_cfgPrettyPrinter = pp;,0.0,4754,5302
549,S1335,JsonGenerator.java,344,return this;,0.0,4754,5302
549,S1336,JsonGenerator.java,354,return _cfgPrettyPrinter;,0.0,4754,5302
549,S1337,JsonGenerator.java,825,"writeBinary(Base64Variants.getDefaultVariant(), data, 0, data.length);",0.0,4754,5302
549,S1338,JsonGenerator.java,843,"return writeBinary(Base64Variants.getDefaultVariant(), data, dataLength);",0.0,4754,5302
549,S1339,JsonGenerator.java,1109,writeFieldName(fieldName);,0.0,4754,5302
549,S1340,JsonGenerator.java,1110,writeBoolean(value);,0.0,4754,5302
549,S1341,JsonGenerator.java,1124,writeFieldName(fieldName);,0.0,4754,5302
549,S1342,JsonGenerator.java,1125,writeNull();,0.0,4754,5302
549,S1343,JsonGenerator.java,1139,writeFieldName(fieldName);,0.0,4754,5302
549,S1344,JsonGenerator.java,1140,writeNumber(value);,0.0,4754,5302
549,S1345,JsonGenerator.java,1154,writeFieldName(fieldName);,0.0,4754,5302
549,S1346,JsonGenerator.java,1155,writeNumber(value);,0.0,4754,5302
549,S1347,JsonGenerator.java,1169,writeFieldName(fieldName);,0.0,4754,5302
549,S1348,JsonGenerator.java,1170,writeNumber(value);,0.0,4754,5302
549,S1349,JsonGenerator.java,1184,writeFieldName(fieldName);,0.0,4754,5302
549,S1350,JsonGenerator.java,1185,writeNumber(value);,0.0,4754,5302
549,S1351,JsonGenerator.java,1200,writeFieldName(fieldName);,0.0,4754,5302
549,S1352,JsonGenerator.java,1201,writeNumber(value);,0.0,4754,5302
549,S1353,JsonGenerator.java,1236,writeFieldName(fieldName);,0.0,4754,5302
549,S1354,JsonGenerator.java,1237,writeStartArray();,0.0,4754,5302
549,S1355,JsonGenerator.java,1256,writeFieldName(fieldName);,0.0,4754,5302
549,S1356,JsonGenerator.java,1257,writeStartObject();,0.0,4754,5302
549,S1357,JsonGenerator.java,1272,writeFieldName(fieldName);,0.0,4754,5302
549,S1358,JsonGenerator.java,1273,writeObject(pojo);,0.0,4754,5302
549,S1359,JsonGeneratorImpl.java,31,protected final static int[] sOutputEscapes = CharTypes.get7BitOutputEscapes();,0.0,4754,5302
549,S1360,JsonGeneratorImpl.java,53,protected int[] _outputEscapes = sOutputEscapes;,0.0,4754,5302
549,S1361,JsonGeneratorImpl.java,84,protected SerializableString _rootValueSeparator,0.0,4754,5302
549,S1362,JsonGeneratorImpl.java,95,"super(features, codec);",0.0,4754,5302
549,S1363,JsonGeneratorImpl.java,96,_ioContext = ctxt;,0.0,4754,5302
549,S1364,JsonGeneratorImpl.java,97,if (isEnabled(Feature.ESCAPE_NON_ASCII)) {,0.0,4754,5302
549,S1365,JsonGeneratorImpl.java,110,_maximumNonEscapedChar = (charCode < 0) ? 0 : charCode;,0.0,4754,5302
549,S1366,JsonGeneratorImpl.java,111,return this;,0.0,4754,5302
549,S1367,JsonGeneratorImpl.java,122,_characterEscapes = esc;,0.0,4754,5302
549,S1368,JsonGeneratorImpl.java,123,if (esc == null) { // revert to standard escapes,0.0,4754,5302
549,S1369,JsonGeneratorImpl.java,126,_outputEscapes = esc.getEscapeCodesForAscii();,0.0,4754,5302
549,S1370,JsonGeneratorImpl.java,128,return this;,0.0,4754,5302
549,S1371,JsonGeneratorImpl.java,142,_rootValueSeparator = sep;,0.0,4754,5302
549,S1372,JsonGeneratorImpl.java,143,return this;,0.0,4754,5302
549,S1373,JsonGeneratorImpl.java,154,return VersionUtil.versionFor(getClass());,0.0,4754,5302
549,S1374,JsonGeneratorImpl.java,169,writeFieldName(fieldName);,0.0,4754,5302
549,S1375,JsonGeneratorImpl.java,170,writeString(value);,0.0,4754,5302
549,S1376,JsonLocation.java,22,"public final static JsonLocation NA = new JsonLocation(""N/A"", -1L, -1L, -1, -1);",0.0,4754,5302
549,S1377,JsonLocation.java,44,"this(srcRef, -1L, totalChars, lineNr, colNr);",0.0,4754,5302
549,S1378,JsonLocation.java,50,_sourceRef = sourceRef;,0.0,4754,5302
549,S1379,JsonLocation.java,51,_totalBytes = totalBytes;,0.0,4754,5302
549,S1380,JsonLocation.java,52,_totalChars = totalChars;,0.0,4754,5302
549,S1381,JsonLocation.java,53,_lineNr = lineNr;,0.0,4754,5302
549,S1382,JsonLocation.java,54,_columnNr = columnNr;,0.0,4754,5302
549,S1383,JsonLocation.java,70,public int getLineNr() { return _lineNr; },0.0,4754,5302
549,S1384,JsonLocation.java,75,public int getColumnNr() { return _columnNr; },0.0,4754,5302
549,S1385,JsonLocation.java,95,StringBuilder sb = new StringBuilder(80);,0.0,4754,5302
549,S1386,JsonLocation.java,96,"sb.append(""[Source: "");",0.0,4754,5302
549,S1387,JsonLocation.java,97,if (_sourceRef == null) {,0.0,4754,5302
549,S1388,JsonLocation.java,100,sb.append(_sourceRef.toString());,0.0,4754,5302
549,S1389,JsonLocation.java,102,"sb.append(""; line: "");",0.0,4754,5302
549,S1390,JsonLocation.java,103,sb.append(_lineNr);,0.0,4754,5302
549,S1391,JsonLocation.java,104,"sb.append("", column: "");",0.0,4754,5302
549,S1392,JsonLocation.java,105,sb.append(_columnNr);,0.0,4754,5302
549,S1393,JsonLocation.java,106,sb.append(']');,0.0,4754,5302
549,S1394,JsonLocation.java,107,return sb.toString();,0.0,4754,5302
549,S1395,JsonParseException.java,20,"super(msg, loc);",0.0,4754,5302
549,S1396,JsonParser.java,36,public enum NumberType {,0.0,4754,5302
549,S1397,JsonParser.java,37,"INT, LONG, BIG_INTEGER, FLOAT, DOUBLE, BIG_DECIMAL",0.0,4754,5302
549,S1418,JsonParser.java,424,_features |= f.getMask();,0.0,4754,5302
549,S1419,JsonParser.java,425,return this;,0.0,4754,5302
549,S1420,JsonParser.java,434,_features &= ~f.getMask();,0.0,4754,5302
549,S1421,JsonParser.java,435,return this;,0.0,4754,5302
549,S1422,JsonParser.java,444,if (state) {,0.0,4754,5302
549,S1423,JsonParser.java,445,enable(f);,0.0,4754,5302
549,S1424,JsonParser.java,447,disable(f);,0.0,4754,5302
549,S1425,JsonParser.java,449,return this;,0.0,4754,5302
549,S1426,JsonParser.java,456,return (_features & f.getMask()) != 0;,0.0,4754,5302
549,S1427,JsonParser.java,536,return (nextToken() == JsonToken.FIELD_NAME) && str.getValue().equals(getCurrentName());,0.0,4754,5302
549,S1428,JsonParser.java,1037,JsonToken t = getCurrentToken();,0.0,4754,5302
549,S1429,JsonParser.java,1038,if (t == JsonToken.VALUE_TRUE) return true;,0.0,4754,5302
549,S1430,JsonParser.java,1039,if (t == JsonToken.VALUE_FALSE) return false;,0.0,4754,5302
549,S1431,JsonParser.java,1040,"throw new JsonParseException(""Current token (""+t+"") not of boolean type"", getCurrentLocation());",0.0,4754,5302
549,S1432,JsonParser.java,1091,return getBinaryValue(Base64Variants.getDefaultVariant());,0.0,4754,5302
549,S1433,JsonParser.java,1109,"return readBinaryValue(Base64Variants.getDefaultVariant(), out);",0.0,4754,5302
549,S1434,JsonParser.java,1178,return getValueAsLong(0);,0.0,4754,5302
549,S1435,JsonParser.java,1208,return getValueAsDouble(0.0);,0.0,4754,5302
549,S1436,JsonParser.java,1238,return getValueAsBoolean(false);,0.0,4754,5302
549,S1437,JsonParser.java,1465,ObjectCodec codec = getCodec();,0.0,4754,5302
549,S1438,JsonParser.java,1466,if (codec == null) {,0.0,4754,5302
549,S1439,JsonParser.java,1467,"throw new IllegalStateException(""No ObjectCodec defined for the parser, can not deserialize JSON into JsonNode tree"");",0.0,4754,5302
549,S1440,JsonParser.java,1484,"return new JsonParseException(msg, getCurrentLocation());",0.0,4754,5302
549,S1441,JsonProcessingException.java,27,super(msg);,0.0,4754,5302
549,S1442,JsonProcessingException.java,28,if (rootCause != null) {,0.0,4754,5302
549,S1443,JsonProcessingException.java,31,_location = loc;,0.0,4754,5302
549,S1444,JsonProcessingException.java,41,"this(msg, loc, null);",0.0,4754,5302
549,S1445,JsonProcessingException.java,55,return _location;,0.0,4754,5302
549,S1446,JsonProcessingException.java,88,return null;,0.0,4754,5302
549,S1447,JsonProcessingException.java,103,String msg = super.getMessage();,0.0,4754,5302
549,S1448,JsonProcessingException.java,104,if (msg == null) {,0.0,4754,5302
549,S1449,JsonProcessingException.java,107,JsonLocation loc = getLocation();,0.0,4754,5302
549,S1450,JsonProcessingException.java,108,String suffix = getMessageSuffix();,0.0,4754,5302
549,S1451,JsonProcessingException.java,110,if (loc != null || suffix != null) {,0.0,4754,5302
549,S1452,JsonProcessingException.java,111,StringBuilder sb = new StringBuilder(100);,0.0,4754,5302
549,S1453,JsonProcessingException.java,112,sb.append(msg);,0.0,4754,5302
549,S1454,JsonProcessingException.java,113,if (suffix != null) {,0.0,4754,5302
549,S1455,JsonProcessingException.java,116,if (loc != null) {,0.0,4754,5302
549,S1456,JsonProcessingException.java,117,sb.append('\n');,0.0,4754,5302
549,S1457,JsonProcessingException.java,118,"sb.append("" at "");",0.0,4754,5302
549,S1458,JsonProcessingException.java,119,sb.append(loc.toString());,0.0,4754,5302
549,S1459,JsonProcessingException.java,121,msg = sb.toString();,0.0,4754,5302
549,S1460,JsonProcessingException.java,123,return msg;,0.0,4754,5302
549,S1461,JsonReadContext.java,11,public final class JsonReadContext,0.0,4754,5302
549,S1469,JsonReadContext.java,54,_type = type;,0.0,4754,5302
549,S1470,JsonReadContext.java,55,_index = -1;,0.0,4754,5302
549,S1471,JsonReadContext.java,56,_lineNr = lineNr;,0.0,4754,5302
549,S1472,JsonReadContext.java,57,_columnNr = colNr;,0.0,4754,5302
549,S1473,JsonReadContext.java,58,_currentName = null;,0.0,4754,5302
549,S1475,JsonReadContext.java,75,JsonReadContext ctxt = _child;,0.0,4754,5302
549,S1476,JsonReadContext.java,76,if (ctxt == null) {,0.0,4754,5302
549,S1477,JsonReadContext.java,77,"_child = ctxt = new JsonReadContext(this, TYPE_ARRAY, lineNr, colNr);",0.0,4754,5302
549,S1478,JsonReadContext.java,78,return ctxt;,0.0,4754,5302
549,S1479,JsonReadContext.java,80,"ctxt.reset(TYPE_ARRAY, lineNr, colNr);",0.0,4754,5302
549,S1480,JsonReadContext.java,81,return ctxt;,0.0,4754,5302
549,S1481,JsonReadContext.java,86,JsonReadContext ctxt = _child;,0.0,4754,5302
549,S1482,JsonReadContext.java,87,if (ctxt == null) {,0.0,4754,5302
549,S1483,JsonReadContext.java,88,"_child = ctxt = new JsonReadContext(this, TYPE_OBJECT, lineNr, colNr);",0.0,4754,5302
549,S1484,JsonReadContext.java,89,return ctxt;,0.0,4754,5302
549,S1485,JsonReadContext.java,91,"ctxt.reset(TYPE_OBJECT, lineNr, colNr);",0.0,4754,5302
549,S1486,JsonReadContext.java,92,return ctxt;,0.0,4754,5302
549,S1487,JsonReadContext.java,102,public String getCurrentName() { return _currentName; },0.0,4754,5302
549,S1488,JsonReadContext.java,105,public JsonReadContext getParent() { return _parent; },0.0,4754,5302
549,S1489,JsonReadContext.java,122,long totalChars = -1L;,0.0,4754,5302
549,S1490,JsonReadContext.java,124,"return new JsonLocation(srcRef, totalChars, _lineNr, _columnNr);",0.0,4754,5302
549,S1493,JsonReadContext.java,145,_currentName = name;,0.0,4754,5302
549,S1495,JsonStreamContext.java,61,public final boolean inArray() { return _type == TYPE_ARRAY; },0.0,4754,5302
549,S1496,JsonStreamContext.java,68,public final boolean inRoot() { return _type == TYPE_ROOT; },0.0,4754,5302
549,S1498,JsonStreamContext.java,82,switch (_type) {,0.0,4754,5302
549,S1499,JsonStreamContext.java,83,"case TYPE_ROOT: return ""ROOT"";",0.0,4754,5302
549,S1500,JsonStreamContext.java,84,"case TYPE_ARRAY: return ""ARRAY"";",0.0,4754,5302
549,S1501,JsonStreamContext.java,85,"case TYPE_OBJECT: return ""OBJECT"";",0.0,4754,5302
549,S1502,JsonStreamContext.java,95,return _index + 1;,0.0,4754,5302
549,S1503,JsonStreamContext.java,103,return (_index < 0) ? 0 : _index;,0.0,4754,5302
549,S1504,JsonStringEncoder.java,19,private final static char[] HEX_CHARS = CharTypes.copyHexChars();,0.0,4754,5302
549,S1505,JsonStringEncoder.java,21,private final static byte[] HEX_BYTES = CharTypes.copyHexBytes();,0.0,4754,5302
549,S1506,JsonStringEncoder.java,37,final protected static ThreadLocal<SoftReference<JsonStringEncoder>> _threadEncoder,0.0,4754,5302
549,S1507,JsonStringEncoder.java,65,_quoteBuffer = new char[6];,0.0,4754,5302
549,S1508,JsonStringEncoder.java,66,_quoteBuffer[0] = '\\';,0.0,4754,5302
549,S1509,JsonStringEncoder.java,67,_quoteBuffer[2] = '0';,0.0,4754,5302
549,S1510,JsonStringEncoder.java,68,_quoteBuffer[3] = '0';,0.0,4754,5302
549,S1511,JsonStringEncoder.java,77,SoftReference<JsonStringEncoder> ref = _threadEncoder.get();,0.0,4754,5302
549,S1512,JsonStringEncoder.java,78,JsonStringEncoder enc = (ref == null) ? null : ref.get();,0.0,4754,5302
549,S1513,JsonStringEncoder.java,80,if (enc == null) {,0.0,4754,5302
549,S1514,JsonStringEncoder.java,81,enc = new JsonStringEncoder();,0.0,4754,5302
549,S1515,JsonStringEncoder.java,82,_threadEncoder.set(new SoftReference<JsonStringEncoder>(enc));,0.0,4754,5302
549,S1516,JsonStringEncoder.java,84,return enc;,0.0,4754,5302
549,S1517,JsonStringEncoder.java,99,TextBuffer textBuffer = _textBuffer;,0.0,4754,5302
549,S1518,JsonStringEncoder.java,100,if (textBuffer == null) {,0.0,4754,5302
549,S1519,JsonStringEncoder.java,102,_textBuffer = textBuffer = new TextBuffer(null);,0.0,4754,5302
549,S1520,JsonStringEncoder.java,104,char[] outputBuffer = textBuffer.emptyAndGetCurrentSegment();,0.0,4754,5302
549,S1521,JsonStringEncoder.java,105,final int[] escCodes = CharTypes.get7BitOutputEscapes();,0.0,4754,5302
549,S1522,JsonStringEncoder.java,106,final int escCodeCount = escCodes.length;,0.0,4754,5302
549,S1523,JsonStringEncoder.java,107,int inPtr = 0;,0.0,4754,5302
549,S1524,JsonStringEncoder.java,108,final int inputLen = input.length();,0.0,4754,5302
549,S1525,JsonStringEncoder.java,109,int outPtr = 0;,0.0,4754,5302
549,S1526,JsonStringEncoder.java,112,while (inPtr < inputLen) {,0.0,4754,5302
549,S1527,JsonStringEncoder.java,115,char c = input.charAt(inPtr);,0.0,4754,5302
549,S1528,JsonStringEncoder.java,116,if (c < escCodeCount && escCodes[c] != 0) {,0.0,4754,5302
549,S1529,JsonStringEncoder.java,117,break tight_loop;,0.0,4754,5302
549,S1530,JsonStringEncoder.java,119,if (outPtr >= outputBuffer.length) {,0.0,4754,5302
549,S1531,JsonStringEncoder.java,123,outputBuffer[outPtr++] = c;,0.0,4754,5302
549,S1532,JsonStringEncoder.java,124,if (++inPtr >= inputLen) {,0.0,4754,5302
549,S1533,JsonStringEncoder.java,125,break outer_loop;,0.0,4754,5302
549,S1534,JsonStringEncoder.java,129,char d = input.charAt(inPtr++);,0.0,4754,5302
549,S1535,JsonStringEncoder.java,130,int escCode = escCodes[d];,0.0,4754,5302
549,S1536,JsonStringEncoder.java,131,int length = (escCode < 0),0.0,4754,5302
549,S1537,JsonStringEncoder.java,135,if ((outPtr + length) > outputBuffer.length) {,0.0,4754,5302
549,S1538,JsonStringEncoder.java,136,int first = outputBuffer.length - outPtr;,0.0,4754,5302
549,S1539,JsonStringEncoder.java,137,if (first > 0) {,0.0,4754,5302
549,S1540,JsonStringEncoder.java,140,outputBuffer = textBuffer.finishCurrentSegment();,0.0,4754,5302
549,S1541,JsonStringEncoder.java,141,int second = length - first;,0.0,4754,5302
549,S1542,JsonStringEncoder.java,142,"System.arraycopy(_quoteBuffer, first, outputBuffer, 0, second);",0.0,4754,5302
549,S1543,JsonStringEncoder.java,143,outPtr = second;,0.0,4754,5302
549,S1544,JsonStringEncoder.java,144,} else {,0.0,4754,5302
549,S1545,JsonStringEncoder.java,145,"System.arraycopy(_quoteBuffer, 0, outputBuffer, outPtr, length);",0.0,4754,5302
549,S1546,JsonStringEncoder.java,146,outPtr += length;,0.0,4754,5302
549,S1547,JsonStringEncoder.java,149,textBuffer.setCurrentLength(outPtr);,0.0,4754,5302
549,S1548,JsonStringEncoder.java,150,return textBuffer.contentsAsArray();,0.0,4754,5302
549,S1549,JsonStringEncoder.java,160,ByteArrayBuilder byteBuilder = _byteBuilder;,0.0,4754,5302
549,S1550,JsonStringEncoder.java,161,if (byteBuilder == null) {,0.0,4754,5302
549,S1551,JsonStringEncoder.java,163,_byteBuilder = byteBuilder = new ByteArrayBuilder(null);,0.0,4754,5302
549,S1552,JsonStringEncoder.java,165,int inputPtr = 0;,0.0,4754,5302
549,S1553,JsonStringEncoder.java,166,int inputEnd = text.length();,0.0,4754,5302
549,S1554,JsonStringEncoder.java,167,int outputPtr = 0;,0.0,4754,5302
549,S1555,JsonStringEncoder.java,168,byte[] outputBuffer = byteBuilder.resetAndGetFirstSegment();,0.0,4754,5302
549,S1556,JsonStringEncoder.java,171,while (inputPtr < inputEnd) {,0.0,4754,5302
549,S1557,JsonStringEncoder.java,172,final int[] escCodes = CharTypes.get7BitOutputEscapes();,0.0,4754,5302
549,S1558,JsonStringEncoder.java,176,int ch = text.charAt(inputPtr);,0.0,4754,5302
549,S1559,JsonStringEncoder.java,177,if (ch > 0x7F || escCodes[ch] != 0) {,0.0,4754,5302
549,S1560,JsonStringEncoder.java,178,break inner_loop;,0.0,4754,5302
549,S1561,JsonStringEncoder.java,180,if (outputPtr >= outputBuffer.length) {,0.0,4754,5302
549,S1562,JsonStringEncoder.java,184,outputBuffer[outputPtr++] = (byte) ch;,0.0,4754,5302
549,S1563,JsonStringEncoder.java,185,if (++inputPtr >= inputEnd) {,0.0,4754,5302
549,S1564,JsonStringEncoder.java,186,break main_loop;,0.0,4754,5302
549,S1565,JsonStringEncoder.java,189,if (outputPtr >= outputBuffer.length) {,0.0,4754,5302
549,S1566,JsonStringEncoder.java,190,outputBuffer = byteBuilder.finishCurrentSegment();,0.0,4754,5302
549,S1567,JsonStringEncoder.java,191,outputPtr = 0;,0.0,4754,5302
549,S1568,JsonStringEncoder.java,194,int ch = (int) text.charAt(inputPtr++);,0.0,4754,5302
549,S1569,JsonStringEncoder.java,195,if (ch <= 0x7F) { // needs quoting,0.0,4754,5302
549,S1570,JsonStringEncoder.java,196,int escape = escCodes[ch];,0.0,4754,5302
549,S1571,JsonStringEncoder.java,198,"outputPtr = _appendByteEscape(ch, escape, byteBuilder, outputPtr);",0.0,4754,5302
549,S1572,JsonStringEncoder.java,199,outputBuffer = byteBuilder.getCurrentSegment();,0.0,4754,5302
549,S1573,JsonStringEncoder.java,200,continue main_loop;,0.0,4754,5302
549,S1574,JsonStringEncoder.java,201,"} else if (ch <= 0x7FF) { // fine, just needs 2 byte output",0.0,4754,5302
549,S1575,JsonStringEncoder.java,202,outputBuffer[outputPtr++] = (byte) (0xc0 | (ch >> 6));,0.0,4754,5302
549,S1576,JsonStringEncoder.java,203,ch = (0x80 | (ch & 0x3f));,0.0,4754,5302
549,S1577,JsonStringEncoder.java,206,if (ch < SURR1_FIRST || ch > SURR2_LAST) { // nope,0.0,4754,5302
549,S1578,JsonStringEncoder.java,207,outputBuffer[outputPtr++] = (byte) (0xe0 | (ch >> 12));,0.0,4754,5302
549,S1579,JsonStringEncoder.java,208,if (outputPtr >= outputBuffer.length) {,0.0,4754,5302
549,S1580,JsonStringEncoder.java,209,outputBuffer = byteBuilder.finishCurrentSegment();,0.0,4754,5302
549,S1581,JsonStringEncoder.java,210,outputPtr = 0;,0.0,4754,5302
549,S1582,JsonStringEncoder.java,212,outputBuffer[outputPtr++] = (byte) (0x80 | ((ch >> 6) & 0x3f));,0.0,4754,5302
549,S1583,JsonStringEncoder.java,213,ch = (0x80 | (ch & 0x3f));,0.0,4754,5302
549,S1584,JsonStringEncoder.java,240,if (outputPtr >= outputBuffer.length) {,0.0,4754,5302
549,S1585,JsonStringEncoder.java,241,outputBuffer = byteBuilder.finishCurrentSegment();,0.0,4754,5302
549,S1586,JsonStringEncoder.java,242,outputPtr = 0;,0.0,4754,5302
549,S1587,JsonStringEncoder.java,244,outputBuffer[outputPtr++] = (byte) ch;,0.0,4754,5302
549,S1588,JsonStringEncoder.java,246,return _byteBuilder.completeAndCoalesce(outputPtr);,0.0,4754,5302
549,S1589,JsonStringEncoder.java,256,ByteArrayBuilder byteBuilder = _byteBuilder;,0.0,4754,5302
549,S1590,JsonStringEncoder.java,257,if (byteBuilder == null) {,0.0,4754,5302
549,S1591,JsonStringEncoder.java,259,_byteBuilder = byteBuilder = new ByteArrayBuilder(null);,0.0,4754,5302
549,S1592,JsonStringEncoder.java,261,int inputPtr = 0;,0.0,4754,5302
549,S1593,JsonStringEncoder.java,262,int inputEnd = text.length();,0.0,4754,5302
549,S1594,JsonStringEncoder.java,263,int outputPtr = 0;,0.0,4754,5302
549,S1595,JsonStringEncoder.java,264,byte[] outputBuffer = byteBuilder.resetAndGetFirstSegment();,0.0,4754,5302
549,S1596,JsonStringEncoder.java,265,int outputEnd = outputBuffer.length;,0.0,4754,5302
549,S1597,JsonStringEncoder.java,268,while (inputPtr < inputEnd) {,0.0,4754,5302
549,S1598,JsonStringEncoder.java,269,int c = text.charAt(inputPtr++);,0.0,4754,5302
549,S1599,JsonStringEncoder.java,272,while (c <= 0x7F) {,0.0,4754,5302
549,S1600,JsonStringEncoder.java,273,if (outputPtr >= outputEnd) {,0.0,4754,5302
549,S1601,JsonStringEncoder.java,278,outputBuffer[outputPtr++] = (byte) c;,0.0,4754,5302
549,S1602,JsonStringEncoder.java,279,if (inputPtr >= inputEnd) {,0.0,4754,5302
549,S1603,JsonStringEncoder.java,280,break main_loop;,0.0,4754,5302
549,S1604,JsonStringEncoder.java,282,c = text.charAt(inputPtr++);,0.0,4754,5302
549,S1605,JsonStringEncoder.java,286,if (outputPtr >= outputEnd) {,0.0,4754,5302
549,S1606,JsonStringEncoder.java,287,outputBuffer = byteBuilder.finishCurrentSegment();,0.0,4754,5302
549,S1607,JsonStringEncoder.java,288,outputEnd = outputBuffer.length;,0.0,4754,5302
549,S1608,JsonStringEncoder.java,289,outputPtr = 0;,0.0,4754,5302
549,S1609,JsonStringEncoder.java,291,if (c < 0x800) { // 2-byte,0.0,4754,5302
549,S1610,JsonStringEncoder.java,292,outputBuffer[outputPtr++] = (byte) (0xc0 | (c >> 6));,0.0,4754,5302
549,S1611,JsonStringEncoder.java,295,if (c < SURR1_FIRST || c > SURR2_LAST) { // nope,0.0,4754,5302
549,S1612,JsonStringEncoder.java,296,outputBuffer[outputPtr++] = (byte) (0xe0 | (c >> 12));,0.0,4754,5302
549,S1613,JsonStringEncoder.java,297,if (outputPtr >= outputEnd) {,0.0,4754,5302
549,S1614,JsonStringEncoder.java,298,outputBuffer = byteBuilder.finishCurrentSegment();,0.0,4754,5302
549,S1615,JsonStringEncoder.java,299,outputEnd = outputBuffer.length;,0.0,4754,5302
549,S1616,JsonStringEncoder.java,300,outputPtr = 0;,0.0,4754,5302
549,S1617,JsonStringEncoder.java,302,outputBuffer[outputPtr++] = (byte) (0x80 | ((c >> 6) & 0x3f));,0.0,4754,5302
549,S1618,JsonStringEncoder.java,330,if (outputPtr >= outputEnd) {,0.0,4754,5302
549,S1619,JsonStringEncoder.java,331,outputBuffer = byteBuilder.finishCurrentSegment();,0.0,4754,5302
549,S1620,JsonStringEncoder.java,332,outputEnd = outputBuffer.length;,0.0,4754,5302
549,S1621,JsonStringEncoder.java,333,outputPtr = 0;,0.0,4754,5302
549,S1622,JsonStringEncoder.java,335,outputBuffer[outputPtr++] = (byte) (0x80 | (c & 0x3f));,0.0,4754,5302
549,S1623,JsonStringEncoder.java,337,return _byteBuilder.completeAndCoalesce(outputPtr);,0.0,4754,5302
549,S1624,JsonStringEncoder.java,348,quoteBuffer[1] = 'u';,0.0,4754,5302
549,S1625,JsonStringEncoder.java,350,quoteBuffer[4] = HEX_CHARS[value >> 4];,0.0,4754,5302
549,S1626,JsonStringEncoder.java,351,quoteBuffer[5] = HEX_CHARS[value & 0xF];,0.0,4754,5302
549,S1627,JsonStringEncoder.java,352,return 6;,0.0,4754,5302
549,S1628,JsonStringEncoder.java,357,quoteBuffer[1] = (char) escCode;,0.0,4754,5302
549,S1629,JsonStringEncoder.java,358,return 2;,0.0,4754,5302
549,S1630,JsonStringEncoder.java,363,byteBuilder.setCurrentSegmentLength(ptr);,0.0,4754,5302
549,S1631,JsonStringEncoder.java,364,byteBuilder.append(INT_BACKSLASH);,0.0,4754,5302
549,S1632,JsonStringEncoder.java,365,if (escCode < 0) { // standard escape,0.0,4754,5302
549,S1633,JsonStringEncoder.java,366,byteBuilder.append(INT_U);,0.0,4754,5302
549,S1634,JsonStringEncoder.java,367,if (ch > 0xFF) {,0.0,4754,5302
549,S1635,JsonStringEncoder.java,373,byteBuilder.append(INT_0);,0.0,4754,5302
549,S1636,JsonStringEncoder.java,374,byteBuilder.append(INT_0);,0.0,4754,5302
549,S1637,JsonStringEncoder.java,376,byteBuilder.append(HEX_BYTES[ch >> 4]);,0.0,4754,5302
549,S1638,JsonStringEncoder.java,377,byteBuilder.append(HEX_BYTES[ch & 0xF]);,0.0,4754,5302
549,S1639,JsonStringEncoder.java,379,byteBuilder.append((byte) escCode);,0.0,4754,5302
549,S1640,JsonStringEncoder.java,381,return byteBuilder.getCurrentSegmentLength();,0.0,4754,5302
549,S1665,JsonToken.java,145,public String asString() { return _serialized; },0.0,4754,5302
549,S1666,JsonWriteContext.java,35,protected JsonWriteContext _child = null;,0.0,4754,5302
549,S1667,JsonWriteContext.java,57,super();,0.0,4754,5302
549,S1668,JsonWriteContext.java,58,_type = type;,0.0,4754,5302
549,S1669,JsonWriteContext.java,59,_parent = parent;,0.0,4754,5302
549,S1670,JsonWriteContext.java,60,_index = -1;,0.0,4754,5302
549,S1671,JsonWriteContext.java,67,"return new JsonWriteContext(TYPE_ROOT, null);",0.0,4754,5302
549,S1672,JsonWriteContext.java,71,_type = type;,0.0,4754,5302
549,S1673,JsonWriteContext.java,72,_index = -1;,0.0,4754,5302
549,S1674,JsonWriteContext.java,73,_currentName = null;,0.0,4754,5302
549,S1675,JsonWriteContext.java,74,_gotName = false;,0.0,4754,5302
549,S1676,JsonWriteContext.java,75,return this;,0.0,4754,5302
549,S1677,JsonWriteContext.java,80,JsonWriteContext ctxt = _child;,0.0,4754,5302
549,S1678,JsonWriteContext.java,81,if (ctxt == null) {,0.0,4754,5302
549,S1679,JsonWriteContext.java,82,"_child = ctxt = new JsonWriteContext(TYPE_ARRAY, this);",0.0,4754,5302
549,S1680,JsonWriteContext.java,83,return ctxt;,0.0,4754,5302
549,S1681,JsonWriteContext.java,85,return ctxt.reset(TYPE_ARRAY);,0.0,4754,5302
549,S1682,JsonWriteContext.java,90,JsonWriteContext ctxt = _child;,0.0,4754,5302
549,S1683,JsonWriteContext.java,91,if (ctxt == null) {,0.0,4754,5302
549,S1684,JsonWriteContext.java,92,"_child = ctxt = new JsonWriteContext(TYPE_OBJECT, this);",0.0,4754,5302
549,S1685,JsonWriteContext.java,93,return ctxt;,0.0,4754,5302
549,S1686,JsonWriteContext.java,95,return ctxt.reset(TYPE_OBJECT);,0.0,4754,5302
549,S1687,JsonWriteContext.java,101,public final JsonWriteContext getParent() { return _parent; },0.0,4754,5302
549,S1688,JsonWriteContext.java,104,public final String getCurrentName() { return _currentName; },0.0,4754,5302
549,S1689,JsonWriteContext.java,115,_gotName = true;,0.0,4754,5302
549,S1690,JsonWriteContext.java,116,_currentName = name;,0.0,4754,5302
549,S1691,JsonWriteContext.java,117,return (_index < 0) ? STATUS_OK_AS_IS : STATUS_OK_AFTER_COMMA;,0.0,4754,5302
549,S1692,JsonWriteContext.java,123,if (_type == TYPE_OBJECT) {,0.0,4754,5302
549,S1693,JsonWriteContext.java,124,_gotName = false;,0.0,4754,5302
549,S1694,JsonWriteContext.java,125,++_index;,0.0,4754,5302
549,S1695,JsonWriteContext.java,126,return STATUS_OK_AFTER_COLON;,0.0,4754,5302
549,S1696,JsonWriteContext.java,130,if (_type == TYPE_ARRAY) {,0.0,4754,5302
549,S1697,JsonWriteContext.java,131,int ix = _index;,0.0,4754,5302
549,S1698,JsonWriteContext.java,132,++_index;,0.0,4754,5302
549,S1699,JsonWriteContext.java,133,return (ix < 0) ? STATUS_OK_AS_IS : STATUS_OK_AFTER_COMMA;,0.0,4754,5302
549,S1700,JsonWriteContext.java,138,++_index;,0.0,4754,5302
549,S1701,JsonWriteContext.java,139,return (_index == 0) ? STATUS_OK_AS_IS : STATUS_OK_AFTER_SPACE;,0.0,4754,5302
549,S1702,MatchStrength.java,10,public enum MatchStrength,0.0,4754,5302
549,S1703,MatchStrength.java,15,"NO_MATCH,",0.0,4754,5302
549,S1704,MatchStrength.java,25,"INCONCLUSIVE,",0.0,4754,5302
549,S1705,MatchStrength.java,37,"WEAK_MATCH,",0.0,4754,5302
549,S1706,MatchStrength.java,48,"SOLID_MATCH,",0.0,4754,5302
549,S1707,MatchStrength.java,60,FULL_MATCH,0.0,4754,5302
549,S1708,MergedStream.java,29,_context = context;,0.0,4754,5302
549,S1709,MergedStream.java,30,_in = in;,0.0,4754,5302
549,S1710,MergedStream.java,31,_buffer = buf;,0.0,4754,5302
549,S1711,MergedStream.java,32,_ptr = start;,0.0,4754,5302
549,S1712,MergedStream.java,33,_end = end;,0.0,4754,5302
549,S1713,MergedStream.java,39,if (_buffer != null) {,0.0,4754,5302
549,S1714,MergedStream.java,42,return _in.available();,0.0,4754,5302
549,S1715,MergedStream.java,48,freeMergedBuffer();,0.0,4754,5302
549,S1716,MergedStream.java,49,_in.close();,0.0,4754,5302
549,S1717,MergedStream.java,89,if (_buffer != null) {,0.0,4754,5302
549,S1718,MergedStream.java,90,int avail = _end - _ptr;,0.0,4754,5302
549,S1719,MergedStream.java,91,if (len > avail) {,0.0,4754,5302
549,S1720,MergedStream.java,92,len = avail;,0.0,4754,5302
549,S1721,MergedStream.java,94,"System.arraycopy(_buffer, _ptr, b, off, len);",0.0,4754,5302
549,S1722,MergedStream.java,95,_ptr += len;,0.0,4754,5302
549,S1723,MergedStream.java,96,if (_ptr >= _end) {,0.0,4754,5302
549,S1724,MergedStream.java,97,freeMergedBuffer();,0.0,4754,5302
549,S1725,MergedStream.java,99,return len;,0.0,4754,5302
549,S1726,MergedStream.java,101,"return _in.read(b, off, len);",0.0,4754,5302
549,S1727,MergedStream.java,137,byte[] buf = _buffer;,0.0,4754,5302
549,S1728,MergedStream.java,138,if (buf != null) {,0.0,4754,5302
549,S1729,MergedStream.java,139,_buffer = null;,0.0,4754,5302
549,S1730,MergedStream.java,140,if (_context != null) {,0.0,4754,5302
549,S1731,MergedStream.java,141,_context.releaseReadIOBuffer(buf);,0.0,4754,5302
549,S1732,MinimalPrettyPrinter.java,36,protected String _rootValueSeparator = DEFAULT_ROOT_VALUE_SEPARATOR;,0.0,4754,5302
549,S1733,MinimalPrettyPrinter.java,45,this(DEFAULT_ROOT_VALUE_SEPARATOR);,0.0,4754,5302
549,S1734,MinimalPrettyPrinter.java,48,public MinimalPrettyPrinter(String rootValueSeparator) {,0.0,4754,5302
549,S1735,MinimalPrettyPrinter.java,49,_rootValueSeparator = rootValueSeparator;,0.0,4754,5302
549,S1736,MinimalPrettyPrinter.java,74,jg.writeRaw('{');,0.0,4754,5302
549,S1737,MinimalPrettyPrinter.java,95,jg.writeRaw(':');,0.0,4754,5302
549,S1738,MinimalPrettyPrinter.java,109,"jg.writeRaw(',');",0.0,4754,5302
549,S1739,MinimalPrettyPrinter.java,116,jg.writeRaw('}');,0.0,4754,5302
549,S1740,MinimalPrettyPrinter.java,123,jg.writeRaw('[');,0.0,4754,5302
549,S1741,MinimalPrettyPrinter.java,144,"jg.writeRaw(',');",0.0,4754,5302
549,S1742,MinimalPrettyPrinter.java,151,jg.writeRaw(']');,0.0,4754,5302
549,S1743,Name.java,16,"protected Name(String name, int hashCode) {",0.0,4754,5302
549,S1744,Name.java,17,_name = name;,0.0,4754,5302
549,S1745,Name.java,18,_hashCode = hashCode;,0.0,4754,5302
549,S1746,Name.java,21,public String getName() { return _name; },0.0,4754,5302
549,S1747,Name.java,43,@Override public final int hashCode() { return _hashCode; },0.0,4754,5302
549,S1748,Name1.java,15,"final static Name1 sEmptyName = new Name1("""", 0, 0);",0.0,4754,5302
549,S1749,Name1.java,21,"super(name, hash);",0.0,4754,5302
549,S1750,Name1.java,22,mQuad = quad;,0.0,4754,5302
549,S1751,Name1.java,25,static Name1 getEmptyName() { return sEmptyName; },0.0,4754,5302
549,S1752,Name1.java,30,return (quad == mQuad);,0.0,4754,5302
549,S1753,Name1.java,36,return (quad1 == mQuad) && (quad2 == 0);,0.0,4754,5302
549,S1754,Name2.java,21,"super(name, hash);",0.0,4754,5302
549,S1755,Name2.java,22,mQuad1 = quad1;,0.0,4754,5302
549,S1756,Name2.java,23,mQuad2 = quad2;,0.0,4754,5302
549,S1757,Name2.java,32,return (quad1 == mQuad1) && (quad2 == mQuad2);,0.0,4754,5302
549,S1758,Name3.java,17,"super(name, hash);",0.0,4754,5302
549,S1759,Name3.java,18,mQuad1 = q1;,0.0,4754,5302
549,S1760,Name3.java,19,mQuad2 = q2;,0.0,4754,5302
549,S1761,Name3.java,20,mQuad3 = q3;,0.0,4754,5302
549,S1762,Name3.java,34,return (qlen == 3),0.0,4754,5302
549,S1763,NameN.java,15,"super(name, hash);",0.0,4754,5302
549,S1764,NameN.java,19,if (quadLen < 3) {,0.0,4754,5302
549,S1765,NameN.java,22,mQuads = quads;,0.0,4754,5302
549,S1766,NameN.java,23,mQuadLen = quadLen;,0.0,4754,5302
549,S1767,NameN.java,37,if (qlen != mQuadLen) {,0.0,4754,5302
549,S1768,NameN.java,61,for (int i = 0; i < qlen; ++i) {,0.0,4754,5302
549,S1769,NameN.java,62,if (quads[i] != mQuads[i]) {,0.0,4754,5302
549,S1770,NameN.java,66,return true;,0.0,4754,5302
549,S1771,NumberInput.java,18,final static String MIN_LONG_STR_NO_SIGN = String.valueOf(Long.MIN_VALUE).substring(1);,0.0,4754,5302
549,S1772,NumberInput.java,19,final static String MAX_LONG_STR = String.valueOf(Long.MAX_VALUE);,0.0,4754,5302
549,S1773,NumberInput.java,30,int num = digitChars[offset] - '0';,0.0,4754,5302
549,S1774,NumberInput.java,31,len += offset;,0.0,4754,5302
549,S1775,NumberInput.java,33,if (++offset < len) {,0.0,4754,5302
549,S1776,NumberInput.java,34,num = (num * 10) + (digitChars[offset] - '0');,0.0,4754,5302
549,S1777,NumberInput.java,35,if (++offset < len) {,0.0,4754,5302
549,S1778,NumberInput.java,36,num = (num * 10) + (digitChars[offset] - '0');,0.0,4754,5302
549,S1779,NumberInput.java,37,if (++offset < len) {,0.0,4754,5302
549,S1780,NumberInput.java,38,num = (num * 10) + (digitChars[offset] - '0');,0.0,4754,5302
549,S1781,NumberInput.java,39,if (++offset < len) {,0.0,4754,5302
549,S1782,NumberInput.java,40,num = (num * 10) + (digitChars[offset] - '0');,0.0,4754,5302
549,S1783,NumberInput.java,41,if (++offset < len) {,0.0,4754,5302
549,S1784,NumberInput.java,42,num = (num * 10) + (digitChars[offset] - '0');,0.0,4754,5302
549,S1785,NumberInput.java,43,if (++offset < len) {,0.0,4754,5302
549,S1786,NumberInput.java,44,num = (num * 10) + (digitChars[offset] - '0');,0.0,4754,5302
549,S1787,NumberInput.java,45,if (++offset < len) {,0.0,4754,5302
549,S1788,NumberInput.java,46,num = (num * 10) + (digitChars[offset] - '0');,0.0,4754,5302
549,S1789,NumberInput.java,47,if (++offset < len) {,0.0,4754,5302
549,S1790,NumberInput.java,48,num = (num * 10) + (digitChars[offset] - '0');,0.0,4754,5302
549,S1791,NumberInput.java,57,return num;,0.0,4754,5302
549,S1792,NumberInput.java,120,int len1 = len-9;,0.0,4754,5302
549,S1793,NumberInput.java,121,"long val = parseInt(digitChars, offset, len1) * L_BILLION;",0.0,4754,5302
549,S1794,NumberInput.java,122,"return val + (long) parseInt(digitChars, offset+len1, 9);",0.0,4754,5302
549,S1795,NumberInput.java,150,String cmpStr = negative ? MIN_LONG_STR_NO_SIGN : MAX_LONG_STR;,0.0,4754,5302
549,S1796,NumberInput.java,151,int cmpLen = cmpStr.length();,0.0,4754,5302
549,S1797,NumberInput.java,152,if (len < cmpLen) return true;,0.0,4754,5302
549,S1798,NumberInput.java,153,if (len > cmpLen) return false;,0.0,4754,5302
549,S1799,NumberInput.java,155,for (int i = 0; i < cmpLen; ++i) {,0.0,4754,5302
549,S1800,NumberInput.java,156,int diff = digitChars[offset+i] - cmpStr.charAt(i);,0.0,4754,5302
549,S1801,NumberInput.java,157,if (diff != 0) {,0.0,4754,5302
549,S1802,NumberInput.java,158,return (diff < 0);,0.0,4754,5302
549,S1803,NumberInput.java,161,return true;,0.0,4754,5302
549,S1804,NumberInput.java,229,if (input == null) {,0.0,4754,5302
549,S1805,NumberInput.java,232,input = input.trim();,0.0,4754,5302
549,S1806,NumberInput.java,233,int len = input.length();,0.0,4754,5302
549,S1807,NumberInput.java,234,if (len == 0) {,0.0,4754,5302
549,S1808,NumberInput.java,238,int i = 0;,0.0,4754,5302
549,S1809,NumberInput.java,239,if (i < len) { // skip leading sign:,0.0,4754,5302
549,S1810,NumberInput.java,240,char c = input.charAt(0);,0.0,4754,5302
549,S1811,NumberInput.java,241,"if (c == '+') { // for plus, actually physically remove",0.0,4754,5302
549,S1812,NumberInput.java,244,"} else if (c == '-') { // minus, just skip for checks, must retain",0.0,4754,5302
549,S1813,NumberInput.java,245,++i;,0.0,4754,5302
549,S1814,NumberInput.java,248,for (; i < len; ++i) {,0.0,4754,5302
549,S1815,NumberInput.java,249,char c = input.charAt(i);,0.0,4754,5302
549,S1816,NumberInput.java,251,if (c > '9' || c < '0') {,0.0,4754,5302
549,S1817,NumberInput.java,253,return (long) parseDouble(input);,0.0,4754,5302
549,S1818,NumberInput.java,254,} catch (NumberFormatException e) {,0.0,4754,5302
549,S1819,NumberInput.java,255,return defaultValue;,0.0,4754,5302
549,S1820,NumberInput.java,260,return Long.parseLong(input);,0.0,4754,5302
549,S1821,NumberInput.java,267,if (input == null) {,0.0,4754,5302
549,S1822,NumberInput.java,270,input = input.trim();,0.0,4754,5302
549,S1823,NumberInput.java,271,int len = input.length();,0.0,4754,5302
549,S1824,NumberInput.java,272,if (len == 0) {,0.0,4754,5302
549,S1825,NumberInput.java,276,return parseDouble(input);,0.0,4754,5302
549,S1826,NumberInput.java,277,} catch (NumberFormatException e) { },0.0,4754,5302
549,S1827,NumberInput.java,278,return defaultValue;,0.0,4754,5302
549,S1828,NumberInput.java,287,if (NASTY_SMALL_DOUBLE.equals(numStr)) {,0.0,4754,5302
549,S1829,NumberInput.java,290,return Double.parseDouble(numStr);,0.0,4754,5302
549,S1830,NumberInput.java,296,return new BigDecimal(numStr);,0.0,4754,5302
549,S1831,NumberInput.java,297,} catch (NumberFormatException e) {,0.0,4754,5302
549,S1832,NumberInput.java,298,throw _badBigDecimal(numStr);,0.0,4754,5302
549,S1833,NumberInput.java,317,"return new NumberFormatException(""Value \""""+str+""\"" can not be represented as BigDecimal"");",0.0,4754,5302
549,S1834,NumberOutput.java,7,private static int MILLION = 1000000;,0.0,4754,5302
549,S1835,NumberOutput.java,8,private static int BILLION = 1000000000;,0.0,4754,5302
549,S1836,NumberOutput.java,9,private static long TEN_BILLION_L = 10000000000L;,0.0,4754,5302
549,S1837,NumberOutput.java,10,private static long THOUSAND_L = 1000L;,0.0,4754,5302
549,S1838,NumberOutput.java,12,private static long MIN_INT_AS_LONG = (long) Integer.MIN_VALUE;,0.0,4754,5302
549,S1839,NumberOutput.java,13,private static long MAX_INT_AS_LONG = (long) Integer.MAX_VALUE;,0.0,4754,5302
549,S1840,NumberOutput.java,15,final static String SMALLEST_LONG = String.valueOf(Long.MIN_VALUE);,0.0,4754,5302
549,S1841,NumberOutput.java,17,final static char[] LEADING_TRIPLETS = new char[4000];,0.0,4754,5302
549,S1842,NumberOutput.java,18,final static char[] FULL_TRIPLETS = new char[4000];,0.0,4754,5302
549,S1843,NumberOutput.java,23,int ix = 0;,0.0,4754,5302
549,S1844,NumberOutput.java,24,for (int i1 = 0; i1 < 10; ++i1) {,0.0,4754,5302
549,S1845,NumberOutput.java,25,char f1 = (char) ('0' + i1);,0.0,4754,5302
549,S1846,NumberOutput.java,26,char l1 = (i1 == 0) ? NULL_CHAR : f1;,0.0,4754,5302
549,S1847,NumberOutput.java,27,for (int i2 = 0; i2 < 10; ++i2) {,0.0,4754,5302
549,S1848,NumberOutput.java,28,char f2 = (char) ('0' + i2);,0.0,4754,5302
549,S1849,NumberOutput.java,29,char l2 = (i1 == 0 && i2 == 0) ? NULL_CHAR : f2;,0.0,4754,5302
549,S1850,NumberOutput.java,30,for (int i3 = 0; i3 < 10; ++i3) {,0.0,4754,5302
549,S1851,NumberOutput.java,32,char f3 = (char) ('0' + i3);,0.0,4754,5302
549,S1852,NumberOutput.java,33,LEADING_TRIPLETS[ix] = l1;,0.0,4754,5302
549,S1853,NumberOutput.java,34,LEADING_TRIPLETS[ix+1] = l2;,0.0,4754,5302
549,S1854,NumberOutput.java,35,LEADING_TRIPLETS[ix+2] = f3;,0.0,4754,5302
549,S1855,NumberOutput.java,36,FULL_TRIPLETS[ix] = f1;,0.0,4754,5302
549,S1856,NumberOutput.java,37,FULL_TRIPLETS[ix+1] = f2;,0.0,4754,5302
549,S1857,NumberOutput.java,38,FULL_TRIPLETS[ix+2] = f3;,0.0,4754,5302
549,S1858,NumberOutput.java,39,ix += 4;,0.0,4754,5302
549,S1859,NumberOutput.java,45,final static byte[] FULL_TRIPLETS_B = new byte[4000];,0.0,4754,5302
549,S1860,NumberOutput.java,47,for (int i = 0; i < 4000; ++i) {,0.0,4754,5302
549,S1861,NumberOutput.java,48,FULL_TRIPLETS_B[i] = (byte) FULL_TRIPLETS[i];,0.0,4754,5302
549,S1862,NumberOutput.java,52,final static String[] sSmallIntStrs = new String[] {,0.0,4754,5302
549,S1863,NumberOutput.java,55,final static String[] sSmallIntStrs2 = new String[] {,0.0,4754,5302
549,S1864,NumberOutput.java,70,if (value < 0) {,0.0,4754,5302
549,S1865,NumberOutput.java,71,if (value == Integer.MIN_VALUE) {,0.0,4754,5302
549,S1866,NumberOutput.java,77,buffer[offset++] = '-';,0.0,4754,5302
549,S1867,NumberOutput.java,78,value = -value;,0.0,4754,5302
549,S1868,NumberOutput.java,81,if (value < MILLION) { // at most 2 triplets...,0.0,4754,5302
549,S1869,NumberOutput.java,82,if (value < 1000) {,0.0,4754,5302
549,S1870,NumberOutput.java,83,if (value < 10) {,0.0,4754,5302
549,S1871,NumberOutput.java,84,buffer[offset++] = (char) ('0' + value);,0.0,4754,5302
549,S1872,NumberOutput.java,86,"offset = outputLeadingTriplet(value, buffer, offset);",0.0,4754,5302
549,S1873,NumberOutput.java,89,int thousands = value / 1000;,0.0,4754,5302
549,S1874,NumberOutput.java,90,value -= (thousands * 1000); // == value % 1000,0.0,4754,5302
549,S1875,NumberOutput.java,91,"offset = outputLeadingTriplet(thousands, buffer, offset);",0.0,4754,5302
549,S1876,NumberOutput.java,92,"offset = outputFullTriplet(value, buffer, offset);",0.0,4754,5302
549,S1877,NumberOutput.java,94,return offset;,0.0,4754,5302
549,S1878,NumberOutput.java,102,boolean hasBillions = (value >= BILLION);,0.0,4754,5302
549,S1879,NumberOutput.java,103,if (hasBillions) {,0.0,4754,5302
549,S1880,NumberOutput.java,104,value -= BILLION;,0.0,4754,5302
549,S1881,NumberOutput.java,105,if (value >= BILLION) {,0.0,4754,5302
549,S1882,NumberOutput.java,106,value -= BILLION;,0.0,4754,5302
549,S1883,NumberOutput.java,107,buffer[offset++] = '2';,0.0,4754,5302
549,S1884,NumberOutput.java,112,int newValue = value / 1000;,0.0,4754,5302
549,S1885,NumberOutput.java,113,int ones = (value - (newValue * 1000)); // == value % 1000,0.0,4754,5302
549,S1886,NumberOutput.java,114,value = newValue;,0.0,4754,5302
549,S1887,NumberOutput.java,115,newValue /= 1000;,0.0,4754,5302
549,S1888,NumberOutput.java,116,int thousands = (value - (newValue * 1000));,0.0,4754,5302
549,S1889,NumberOutput.java,119,if (hasBillions) {,0.0,4754,5302
549,S1890,NumberOutput.java,120,"offset = outputFullTriplet(newValue, buffer, offset);",0.0,4754,5302
549,S1891,NumberOutput.java,124,"offset = outputFullTriplet(thousands, buffer, offset);",0.0,4754,5302
549,S1892,NumberOutput.java,125,"offset = outputFullTriplet(ones, buffer, offset);",0.0,4754,5302
549,S1893,NumberOutput.java,126,return offset;,0.0,4754,5302
549,S1894,NumberOutput.java,131,if (value < 0) {,0.0,4754,5302
549,S1895,NumberOutput.java,132,if (value == Integer.MIN_VALUE) {,0.0,4754,5302
549,S1896,NumberOutput.java,135,buffer[offset++] = '-';,0.0,4754,5302
549,S1897,NumberOutput.java,136,value = -value;,0.0,4754,5302
549,S1898,NumberOutput.java,139,if (value < MILLION) { // at most 2 triplets...,0.0,4754,5302
549,S1899,NumberOutput.java,140,if (value < 1000) {,0.0,4754,5302
549,S1900,NumberOutput.java,141,if (value < 10) {,0.0,4754,5302
549,S1901,NumberOutput.java,142,buffer[offset++] = (byte) ('0' + value);,0.0,4754,5302
549,S1902,NumberOutput.java,144,"offset = outputLeadingTriplet(value, buffer, offset);",0.0,4754,5302
549,S1903,NumberOutput.java,152,return offset;,0.0,4754,5302
549,S1904,NumberOutput.java,186,if (value < 0L) {,0.0,4754,5302
549,S1905,NumberOutput.java,190,if (value > MIN_INT_AS_LONG) {,0.0,4754,5302
549,S1906,NumberOutput.java,191,"return outputInt((int) value, buffer, offset);",0.0,4754,5302
549,S1907,NumberOutput.java,193,if (value == Long.MIN_VALUE) {,0.0,4754,5302
549,S1908,NumberOutput.java,195,int len = SMALLEST_LONG.length();,0.0,4754,5302
549,S1909,NumberOutput.java,196,"SMALLEST_LONG.getChars(0, len, buffer, offset);",0.0,4754,5302
549,S1910,NumberOutput.java,197,return (offset + len);,0.0,4754,5302
549,S1911,NumberOutput.java,199,buffer[offset++] = '-';,0.0,4754,5302
549,S1912,NumberOutput.java,200,value = -value;,0.0,4754,5302
549,S1913,NumberOutput.java,202,if (value <= MAX_INT_AS_LONG) {,0.0,4754,5302
549,S1914,NumberOutput.java,203,"return outputInt((int) value, buffer, offset);",0.0,4754,5302
549,S1915,NumberOutput.java,210,int origOffset = offset;,0.0,4754,5302
549,S1916,NumberOutput.java,211,offset += calcLongStrLength(value);,0.0,4754,5302
549,S1917,NumberOutput.java,212,int ptr = offset;,0.0,4754,5302
549,S1918,NumberOutput.java,215,while (value > MAX_INT_AS_LONG) { // full triplet,0.0,4754,5302
549,S1919,NumberOutput.java,216,ptr -= 3;,0.0,4754,5302
549,S1920,NumberOutput.java,217,long newValue = value / THOUSAND_L;,0.0,4754,5302
549,S1921,NumberOutput.java,218,int triplet = (int) (value - newValue * THOUSAND_L);,0.0,4754,5302
549,S1922,NumberOutput.java,219,"outputFullTriplet(triplet, buffer, ptr);",0.0,4754,5302
549,S1923,NumberOutput.java,220,value = newValue;,0.0,4754,5302
549,S1924,NumberOutput.java,223,int ivalue = (int) value;,0.0,4754,5302
549,S1925,NumberOutput.java,224,while (ivalue >= 1000) { // still full triplet,0.0,4754,5302
549,S1926,NumberOutput.java,225,ptr -= 3;,0.0,4754,5302
549,S1927,NumberOutput.java,226,int newValue = ivalue / 1000;,0.0,4754,5302
549,S1928,NumberOutput.java,227,int triplet = ivalue - (newValue * 1000);,0.0,4754,5302
549,S1929,NumberOutput.java,228,"outputFullTriplet(triplet, buffer, ptr);",0.0,4754,5302
549,S1930,NumberOutput.java,229,ivalue = newValue;,0.0,4754,5302
549,S1931,NumberOutput.java,232,"outputLeadingTriplet(ivalue, buffer, origOffset);",0.0,4754,5302
549,S1932,NumberOutput.java,234,return offset;,0.0,4754,5302
549,S1933,NumberOutput.java,330,int digitOffset = (triplet << 2);,0.0,4754,5302
549,S1934,NumberOutput.java,331,char c = LEADING_TRIPLETS[digitOffset++];,0.0,4754,5302
549,S1935,NumberOutput.java,332,if (c != NULL_CHAR) {,0.0,4754,5302
549,S1936,NumberOutput.java,333,buffer[offset++] = c;,0.0,4754,5302
549,S1937,NumberOutput.java,335,c = LEADING_TRIPLETS[digitOffset++];,0.0,4754,5302
549,S1938,NumberOutput.java,336,if (c != NULL_CHAR) {,0.0,4754,5302
549,S1939,NumberOutput.java,337,buffer[offset++] = c;,0.0,4754,5302
549,S1940,NumberOutput.java,340,buffer[offset++] = LEADING_TRIPLETS[digitOffset];,0.0,4754,5302
549,S1941,NumberOutput.java,341,return offset;,0.0,4754,5302
549,S1942,NumberOutput.java,346,int digitOffset = (triplet << 2);,0.0,4754,5302
549,S1943,NumberOutput.java,347,char c = LEADING_TRIPLETS[digitOffset++];,0.0,4754,5302
549,S1944,NumberOutput.java,348,if (c != NULL_CHAR) {,0.0,4754,5302
549,S1945,NumberOutput.java,351,c = LEADING_TRIPLETS[digitOffset++];,0.0,4754,5302
549,S1946,NumberOutput.java,352,if (c != NULL_CHAR) {,0.0,4754,5302
549,S1947,NumberOutput.java,353,buffer[offset++] = (byte) c;,0.0,4754,5302
549,S1948,NumberOutput.java,356,buffer[offset++] = (byte) LEADING_TRIPLETS[digitOffset];,0.0,4754,5302
549,S1949,NumberOutput.java,357,return offset;,0.0,4754,5302
549,S1950,NumberOutput.java,362,int digitOffset = (triplet << 2);,0.0,4754,5302
549,S1951,NumberOutput.java,363,buffer[offset++] = FULL_TRIPLETS[digitOffset++];,0.0,4754,5302
549,S1952,NumberOutput.java,364,buffer[offset++] = FULL_TRIPLETS[digitOffset++];,0.0,4754,5302
549,S1953,NumberOutput.java,365,buffer[offset++] = FULL_TRIPLETS[digitOffset];,0.0,4754,5302
549,S1954,NumberOutput.java,366,return offset;,0.0,4754,5302
549,S1955,NumberOutput.java,385,int len = 10;,0.0,4754,5302
549,S1956,NumberOutput.java,386,long comp = TEN_BILLION_L;,0.0,4754,5302
549,S1957,NumberOutput.java,389,while (posValue >= comp) {,0.0,4754,5302
549,S1958,NumberOutput.java,390,if (len == 19) {,0.0,4754,5302
549,S1959,NumberOutput.java,391,break;,0.0,4754,5302
549,S1960,NumberOutput.java,393,++len;,0.0,4754,5302
549,S1961,NumberOutput.java,394,comp = (comp << 3) + (comp << 1); // 10x,0.0,4754,5302
549,S1962,NumberOutput.java,396,return len;,0.0,4754,5302
549,S1963,OutputDecorator.java,11,public abstract class OutputDecorator,0.0,4754,5302
549,S1964,PackageVersion.java,12,public final class PackageVersion implements Versioned {,0.0,4754,5302
549,S1965,PackageVersion.java,13,public final static Version VERSION = VersionUtil.parseVersion(,0.0,4754,5302
549,S1966,PackageVersion.java,18,return VERSION;,0.0,4754,5302
549,S1967,ParserBase.java,22,public abstract class ParserBase,0.0,4754,5302
549,S1993,ParserBase.java,296,return PackageVersion.VERSION;,0.0,4754,5302
549,S1994,ParserBase.java,314,if (_currToken == JsonToken.START_OBJECT || _currToken == JsonToken.START_ARRAY) {,0.0,4754,5302
549,S1995,ParserBase.java,315,JsonReadContext parent = _parsingContext.getParent();,0.0,4754,5302
549,S1996,ParserBase.java,316,return parent.getCurrentName();,0.0,4754,5302
549,S1997,ParserBase.java,318,return _parsingContext.getCurrentName();,0.0,4754,5302
549,S1998,ParserBase.java,325,JsonReadContext ctxt = _parsingContext;,0.0,4754,5302
549,S1999,ParserBase.java,326,if (_currToken == JsonToken.START_OBJECT || _currToken == JsonToken.START_ARRAY) {,0.0,4754,5302
549,S2000,ParserBase.java,327,ctxt = ctxt.getParent();,0.0,4754,5302
549,S2001,ParserBase.java,329,ctxt.setCurrentName(name);,0.0,4754,5302
549,S2002,ParserBase.java,335,if (!_closed) {,0.0,4754,5302
549,S2003,ParserBase.java,336,_closed = true;,0.0,4754,5302
549,S2004,ParserBase.java,338,_closeInput();,0.0,4754,5302
549,S2005,ParserBase.java,342,_releaseBuffers();,0.0,4754,5302
549,S2006,ParserBase.java,348,public boolean isClosed() { return _closed; },0.0,4754,5302
549,S2007,ParserBase.java,353,return _parsingContext;,0.0,4754,5302
549,S2008,ParserBase.java,364,"return new JsonLocation(_ioContext.getSourceReference(),",0.0,4754,5302
549,S2009,ParserBase.java,377,int col = _inputPtr - _currInputRowStart + 1; // 1-based,0.0,4754,5302
549,S2010,ParserBase.java,378,"return new JsonLocation(_ioContext.getSourceReference(),",0.0,4754,5302
549,S2011,ParserBase.java,392,if (_currToken == JsonToken.VALUE_STRING) {,0.0,4754,5302
549,S2012,ParserBase.java,393,return true; // usually true,0.0,4754,5302
549,S2013,ParserBase.java,404,return null;,0.0,4754,5302
549,S2014,ParserBase.java,413,public long getTokenCharacterOffset() { return _tokenInputTotal; },0.0,4754,5302
549,S2015,ParserBase.java,414,public int getTokenLineNr() { return _tokenInputRow; },0.0,4754,5302
549,S2016,ParserBase.java,417,int col = _tokenInputCol;,0.0,4754,5302
549,S2017,ParserBase.java,418,return (col < 0) ? col : (col + 1);,0.0,4754,5302
549,S2018,ParserBase.java,430,if (!loadMore()) {,0.0,4754,5302
549,S2019,ParserBase.java,461,_textBuffer.releaseBuffers();,0.0,4754,5302
549,S2020,ParserBase.java,462,char[] buf = _nameCopyBuffer;,0.0,4754,5302
549,S2021,ParserBase.java,463,if (buf != null) {,0.0,4754,5302
549,S2022,ParserBase.java,464,_nameCopyBuffer = null;,0.0,4754,5302
549,S2023,ParserBase.java,465,_ioContext.releaseNameCopyBuffer(buf);,0.0,4754,5302
549,S2024,ParserBase.java,477,if (!_parsingContext.inRoot()) {,0.0,4754,5302
549,S2025,ParserBase.java,478,"_reportInvalidEOF("": expected close marker for ""+_parsingContext.getTypeDesc()+"" (from ""+_parsingContext.getStartLocation(_ioContext.getSourceReference())+"")"");",0.0,4754,5302
549,S2026,ParserBase.java,491,"String startDesc = """"+_parsingContext.getStartLocation(_ioContext.getSourceReference());",0.0,4754,5302
549,S2027,ParserBase.java,492,"_reportError(""Unexpected close marker '""+((char) actCh)+""': expected '""+expCh+""' (for ""+_parsingContext.getTypeDesc()+"" starting at ""+startDesc+"")"");",0.0,4754,5302
549,S2028,ParserBase.java,503,if (_byteArrayBuilder == null) {,0.0,4754,5302
549,S2029,ParserBase.java,504,_byteArrayBuilder = new ByteArrayBuilder();,0.0,4754,5302
549,S2030,ParserBase.java,506,_byteArrayBuilder.reset();,0.0,4754,5302
549,S2031,ParserBase.java,508,return _byteArrayBuilder;,0.0,4754,5302
549,S2034,ParserBase.java,524,"return resetFloat(negative, intLen, fractLen, expLen);",0.0,4754,5302
549,S2041,ParserBase.java,539,_numberNegative = negative;,0.0,4754,5302
549,S2042,ParserBase.java,540,_intLength = intLen;,0.0,4754,5302
549,S2043,ParserBase.java,541,_fractLength = fractLen;,0.0,4754,5302
549,S2044,ParserBase.java,542,_expLength = expLen;,0.0,4754,5302
549,S2045,ParserBase.java,543,_numTypesValid = NR_UNKNOWN; // to force parsing,0.0,4754,5302
549,S2046,ParserBase.java,544,return JsonToken.VALUE_NUMBER_FLOAT;,0.0,4754,5302
549,S2047,ParserBase.java,549,_textBuffer.resetWithString(valueStr);,0.0,4754,5302
549,S2048,ParserBase.java,550,_numberDouble = value;,0.0,4754,5302
549,S2049,ParserBase.java,551,_numTypesValid = NR_DOUBLE;,0.0,4754,5302
549,S2050,ParserBase.java,552,return JsonToken.VALUE_NUMBER_FLOAT;,0.0,4754,5302
549,S2051,ParserBase.java,564,if (_numTypesValid == NR_UNKNOWN) {,0.0,4754,5302
549,S2052,ParserBase.java,568,if (_currToken == JsonToken.VALUE_NUMBER_INT) {,0.0,4754,5302
549,S2053,ParserBase.java,569,if ((_numTypesValid & NR_INT) != 0) {,0.0,4754,5302
549,S2054,ParserBase.java,570,return _numberInt;,0.0,4754,5302
549,S2055,ParserBase.java,597,if (_numTypesValid == NR_UNKNOWN) {,0.0,4754,5302
549,S2056,ParserBase.java,598,_parseNumericValue(NR_UNKNOWN); // will also check event type,0.0,4754,5302
549,S2057,ParserBase.java,600,if (_currToken == JsonToken.VALUE_NUMBER_INT) {,0.0,4754,5302
549,S2058,ParserBase.java,601,if ((_numTypesValid & NR_INT) != 0) {,0.0,4754,5302
549,S2059,ParserBase.java,602,return NumberType.INT;,0.0,4754,5302
549,S2060,ParserBase.java,604,if ((_numTypesValid & NR_LONG) != 0) {,0.0,4754,5302
549,S2061,ParserBase.java,605,return NumberType.LONG;,0.0,4754,5302
549,S2062,ParserBase.java,607,return NumberType.BIG_INTEGER;,0.0,4754,5302
549,S2063,ParserBase.java,616,if ((_numTypesValid & NR_BIGDECIMAL) != 0) {,0.0,4754,5302
549,S2064,ParserBase.java,619,return NumberType.DOUBLE;,0.0,4754,5302
549,S2065,ParserBase.java,625,if ((_numTypesValid & NR_INT) == 0) {,0.0,4754,5302
549,S2066,ParserBase.java,626,if (_numTypesValid == NR_UNKNOWN) { // not parsed at all,0.0,4754,5302
549,S2067,ParserBase.java,627,_parseNumericValue(NR_INT); // will also check event type,0.0,4754,5302
549,S2068,ParserBase.java,629,if ((_numTypesValid & NR_INT) == 0) { // wasn't an int natively?,0.0,4754,5302
549,S2069,ParserBase.java,630,"convertNumberToInt(); // let's make it so, if possible",0.0,4754,5302
549,S2070,ParserBase.java,633,return _numberInt;,0.0,4754,5302
549,S2071,ParserBase.java,639,if ((_numTypesValid & NR_LONG) == 0) {,0.0,4754,5302
549,S2072,ParserBase.java,640,if (_numTypesValid == NR_UNKNOWN) {,0.0,4754,5302
549,S2073,ParserBase.java,641,_parseNumericValue(NR_LONG);,0.0,4754,5302
549,S2074,ParserBase.java,643,if ((_numTypesValid & NR_LONG) == 0) {,0.0,4754,5302
549,S2075,ParserBase.java,644,convertNumberToLong();,0.0,4754,5302
549,S2076,ParserBase.java,647,return _numberLong;,0.0,4754,5302
549,S2077,ParserBase.java,653,if ((_numTypesValid & NR_BIGINT) == 0) {,0.0,4754,5302
549,S2078,ParserBase.java,661,return _numberBigInt;,0.0,4754,5302
549,S2079,ParserBase.java,682,if ((_numTypesValid & NR_DOUBLE) == 0) {,0.0,4754,5302
549,S2080,ParserBase.java,683,if (_numTypesValid == NR_UNKNOWN) {,0.0,4754,5302
549,S2081,ParserBase.java,684,_parseNumericValue(NR_DOUBLE);,0.0,4754,5302
549,S2082,ParserBase.java,686,if ((_numTypesValid & NR_DOUBLE) == 0) {,0.0,4754,5302
549,S2083,ParserBase.java,687,convertNumberToDouble();,0.0,4754,5302
549,S2084,ParserBase.java,690,return _numberDouble;,0.0,4754,5302
549,S2085,ParserBase.java,696,if ((_numTypesValid & NR_BIGDECIMAL) == 0) {,0.0,4754,5302
549,S2086,ParserBase.java,697,if (_numTypesValid == NR_UNKNOWN) {,0.0,4754,5302
549,S2087,ParserBase.java,700,if ((_numTypesValid & NR_BIGDECIMAL) == 0) {,0.0,4754,5302
549,S2088,ParserBase.java,701,convertNumberToBigDecimal();,0.0,4754,5302
549,S2089,ParserBase.java,704,return _numberBigDecimal;,0.0,4754,5302
549,S2090,ParserBase.java,726,if (_currToken == JsonToken.VALUE_NUMBER_INT) {,0.0,4754,5302
549,S2091,ParserBase.java,727,char[] buf = _textBuffer.getTextBuffer();,0.0,4754,5302
549,S2092,ParserBase.java,728,int offset = _textBuffer.getTextOffset();,0.0,4754,5302
549,S2093,ParserBase.java,729,int len = _intLength;,0.0,4754,5302
549,S2094,ParserBase.java,730,if (_numberNegative) {,0.0,4754,5302
549,S2095,ParserBase.java,731,++offset;,0.0,4754,5302
549,S2096,ParserBase.java,733,if (len <= 9) { // definitely fits in int,0.0,4754,5302
549,S2097,ParserBase.java,734,"int i = NumberInput.parseInt(buf, offset, len);",0.0,4754,5302
549,S2098,ParserBase.java,735,_numberInt = _numberNegative ? -i : i;,0.0,4754,5302
549,S2099,ParserBase.java,736,_numTypesValid = NR_INT;,0.0,4754,5302
549,S2100,ParserBase.java,737,return;,0.0,4754,5302
549,S2101,ParserBase.java,739,if (len <= 18) { // definitely fits AND is easy to parse using 2 int parse calls,0.0,4754,5302
549,S2102,ParserBase.java,740,"long l = NumberInput.parseLong(buf, offset, len);",0.0,4754,5302
549,S2103,ParserBase.java,741,if (_numberNegative) {,0.0,4754,5302
549,S2104,ParserBase.java,742,l = -l;,0.0,4754,5302
549,S2105,ParserBase.java,745,if (len == 10) {,0.0,4754,5302
549,S2106,ParserBase.java,746,if (_numberNegative) {,0.0,4754,5302
549,S2107,ParserBase.java,747,if (l >= MIN_INT_L) {,0.0,4754,5302
549,S2108,ParserBase.java,748,_numberInt = (int) l;,0.0,4754,5302
549,S2109,ParserBase.java,749,_numTypesValid = NR_INT;,0.0,4754,5302
549,S2110,ParserBase.java,750,return;,0.0,4754,5302
549,S2111,ParserBase.java,753,if (l <= MAX_INT_L) {,0.0,4754,5302
549,S2112,ParserBase.java,754,_numberInt = (int) l;,0.0,4754,5302
549,S2113,ParserBase.java,755,_numTypesValid = NR_INT;,0.0,4754,5302
549,S2114,ParserBase.java,756,return;,0.0,4754,5302
549,S2115,ParserBase.java,760,_numberLong = l;,0.0,4754,5302
549,S2116,ParserBase.java,761,_numTypesValid = NR_LONG;,0.0,4754,5302
549,S2117,ParserBase.java,762,return;,0.0,4754,5302
549,S2118,ParserBase.java,764,"_parseSlowInt(expType, buf, offset, len);",0.0,4754,5302
549,S2119,ParserBase.java,765,return;,0.0,4754,5302
549,S2120,ParserBase.java,767,if (_currToken == JsonToken.VALUE_NUMBER_FLOAT) {,0.0,4754,5302
549,S2121,ParserBase.java,768,_parseSlowFloat(expType);,0.0,4754,5302
549,S2122,ParserBase.java,769,return;,0.0,4754,5302
549,S2123,ParserBase.java,771,"_reportError(""Current token (""+_currToken+"") not numeric, can not use numeric value accessors"");",0.0,4754,5302
549,S2124,ParserBase.java,785,if (expType == NR_BIGDECIMAL) {,0.0,4754,5302
549,S2125,ParserBase.java,790,_numberDouble = _textBuffer.contentsAsDouble();,0.0,4754,5302
549,S2126,ParserBase.java,791,_numTypesValid = NR_DOUBLE;,0.0,4754,5302
549,S2127,ParserBase.java,802,String numStr = _textBuffer.contentsAsString();,0.0,4754,5302
549,S2128,ParserBase.java,805,"if (NumberInput.inLongRange(buf, offset, len, _numberNegative)) {",0.0,4754,5302
549,S2129,ParserBase.java,807,_numberLong = Long.parseLong(numStr);,0.0,4754,5302
549,S2130,ParserBase.java,808,_numTypesValid = NR_LONG;,0.0,4754,5302
549,S2131,ParserBase.java,811,_numberBigInt = new BigInteger(numStr);,0.0,4754,5302
549,S2132,ParserBase.java,812,_numTypesValid = NR_BIGINT;,0.0,4754,5302
549,S2133,ParserBase.java,830,if ((_numTypesValid & NR_LONG) != 0) {,0.0,4754,5302
549,S2134,ParserBase.java,832,int result = (int) _numberLong;,0.0,4754,5302
549,S2135,ParserBase.java,833,if (((long) result) != _numberLong) {,0.0,4754,5302
549,S2136,ParserBase.java,834,"_reportError(""Numeric value (""+getText()+"") out of range of int"");",0.0,4754,5302
549,S2137,ParserBase.java,843,} else if ((_numTypesValid & NR_DOUBLE) != 0) {,0.0,4754,5302
549,S2138,ParserBase.java,845,if (_numberDouble < MIN_INT_D || _numberDouble > MAX_INT_D) {,0.0,4754,5302
549,S2139,ParserBase.java,848,_numberInt = (int) _numberDouble;,0.0,4754,5302
549,S2140,ParserBase.java,858,_numTypesValid |= NR_INT;,0.0,4754,5302
549,S2141,ParserBase.java,864,if ((_numTypesValid & NR_INT) != 0) {,0.0,4754,5302
549,S2142,ParserBase.java,865,_numberLong = (long) _numberInt;,0.0,4754,5302
549,S2143,ParserBase.java,866,} else if ((_numTypesValid & NR_BIGINT) != 0) {,0.0,4754,5302
549,S2144,ParserBase.java,867,if (BI_MIN_LONG.compareTo(_numberBigInt) > 0,0.0,4754,5302
549,S2145,ParserBase.java,869,reportOverflowLong();,0.0,4754,5302
549,S2146,ParserBase.java,872,} else if ((_numTypesValid & NR_DOUBLE) != 0) {,0.0,4754,5302
549,S2147,ParserBase.java,874,if (_numberDouble < MIN_LONG_D || _numberDouble > MAX_LONG_D) {,0.0,4754,5302
549,S2148,ParserBase.java,877,_numberLong = (long) _numberDouble;,0.0,4754,5302
549,S2149,ParserBase.java,887,_numTypesValid |= NR_LONG;,0.0,4754,5302
549,S2150,ParserBase.java,917,if ((_numTypesValid & NR_BIGDECIMAL) != 0) {,0.0,4754,5302
549,S2151,ParserBase.java,919,} else if ((_numTypesValid & NR_BIGINT) != 0) {,0.0,4754,5302
549,S2152,ParserBase.java,921,} else if ((_numTypesValid & NR_LONG) != 0) {,0.0,4754,5302
549,S2153,ParserBase.java,922,_numberDouble = (double) _numberLong;,0.0,4754,5302
549,S2154,ParserBase.java,923,} else if ((_numTypesValid & NR_INT) != 0) {,0.0,4754,5302
549,S2155,ParserBase.java,924,_numberDouble = (double) _numberInt;,0.0,4754,5302
549,S2156,ParserBase.java,928,_numTypesValid |= NR_DOUBLE;,0.0,4754,5302
549,S2157,ParserBase.java,940,if ((_numTypesValid & NR_DOUBLE) != 0) {,0.0,4754,5302
549,S2158,ParserBase.java,945,_numberBigDecimal = NumberInput.parseBigDecimal(getText());,0.0,4754,5302
549,S2159,ParserBase.java,955,_numTypesValid |= NR_BIGDECIMAL;,0.0,4754,5302
549,S2160,ParserBase.java,977,"_reportError(""Invalid numeric value: ""+msg);",0.0,4754,5302
549,S2161,ParserBase.java,989,"_reportError(""Numeric value (""+getText()+"") out of range of long (""+Long.MIN_VALUE+"" - ""+Long.MAX_VALUE+"")"");",0.0,4754,5302
549,S2162,ParserBase.java,1012,if (ch != '\\') {,0.0,4754,5302
549,S2163,ParserBase.java,1015,int unescaped = _decodeEscaped();,0.0,4754,5302
549,S2164,ParserBase.java,1017,if (unescaped <= INT_SPACE) {,0.0,4754,5302
549,S2165,ParserBase.java,1018,if (index == 0) { // whitespace only allowed to be skipped between triplets,0.0,4754,5302
549,S2166,ParserBase.java,1019,return -1;,0.0,4754,5302
549,S2167,ParserBase.java,1023,int bits = b64variant.decodeBase64Char(unescaped);,0.0,4754,5302
549,S2168,ParserBase.java,1024,if (bits < 0) {,0.0,4754,5302
549,S2169,ParserBase.java,1027,return bits;,0.0,4754,5302
549,S2170,ParserBase.java,1034,if (ch != '\\') {,0.0,4754,5302
549,S2171,ParserBase.java,1037,char unescaped = _decodeEscaped();,0.0,4754,5302
549,S2172,ParserBase.java,1039,if (unescaped <= INT_SPACE) {,0.0,4754,5302
549,S2173,ParserBase.java,1040,if (index == 0) { // whitespace only allowed to be skipped between triplets,0.0,4754,5302
549,S2174,ParserBase.java,1041,return -1;,0.0,4754,5302
549,S2175,ParserBase.java,1045,int bits = b64variant.decodeBase64Char(unescaped);,0.0,4754,5302
549,S2176,ParserBase.java,1046,if (bits < 0) {,0.0,4754,5302
549,S2177,ParserBase.java,1049,return bits;,0.0,4754,5302
549,S2179,ParserMinimalBase.java,100,return _currToken;,0.0,4754,5302
549,S2180,ParserMinimalBase.java,105,return _currToken != null;,0.0,4754,5302
549,S2181,ParserMinimalBase.java,116,JsonToken t = nextToken();,0.0,4754,5302
549,S2182,ParserMinimalBase.java,117,if (t == JsonToken.FIELD_NAME) {,0.0,4754,5302
549,S2183,ParserMinimalBase.java,118,t = nextToken();,0.0,4754,5302
549,S2184,ParserMinimalBase.java,120,return t;,0.0,4754,5302
549,S2185,ParserMinimalBase.java,127,if (_currToken != JsonToken.START_OBJECT,0.0,4754,5302
549,S2186,ParserMinimalBase.java,129,return this;,0.0,4754,5302
549,S2187,ParserMinimalBase.java,131,int open = 1;,0.0,4754,5302
549,S2188,ParserMinimalBase.java,137,JsonToken t = nextToken();,0.0,4754,5302
549,S2189,ParserMinimalBase.java,138,if (t == null) {,0.0,4754,5302
549,S2190,ParserMinimalBase.java,146,switch (t) {,0.0,4754,5302
549,S2191,ParserMinimalBase.java,149,++open;,0.0,4754,5302
549,S2192,ParserMinimalBase.java,150,break;,0.0,4754,5302
549,S2193,ParserMinimalBase.java,153,if (--open == 0) {,0.0,4754,5302
549,S2194,ParserMinimalBase.java,154,return this;,0.0,4754,5302
549,S2195,ParserMinimalBase.java,194,if (_currToken != null) {,0.0,4754,5302
549,S2196,ParserMinimalBase.java,195,_lastClearedToken = _currToken;,0.0,4754,5302
549,S2197,ParserMinimalBase.java,196,_currToken = null;,0.0,4754,5302
549,S2198,ParserMinimalBase.java,249,if (_currToken != null) {,0.0,4754,5302
549,S2199,ParserMinimalBase.java,250,switch (_currToken) {,0.0,4754,5302
549,S2200,ParserMinimalBase.java,252,return getIntValue() != 0;,0.0,4754,5302
549,S2201,ParserMinimalBase.java,254,return true;,0.0,4754,5302
549,S2202,ParserMinimalBase.java,257,return false;,0.0,4754,5302
549,S2203,ParserMinimalBase.java,266,String str = getText().trim();,0.0,4754,5302
549,S2204,ParserMinimalBase.java,267,"if (""true"".equals(str)) {",0.0,4754,5302
549,S2205,ParserMinimalBase.java,268,return true;,0.0,4754,5302
549,S2206,ParserMinimalBase.java,270,if (_hasTextualNull(str)) {,0.0,4754,5302
549,S2207,ParserMinimalBase.java,276,return defaultValue;,0.0,4754,5302
549,S2208,ParserMinimalBase.java,314,if (_currToken != null) {,0.0,4754,5302
549,S2209,ParserMinimalBase.java,315,switch (_currToken) {,0.0,4754,5302
549,S2210,ParserMinimalBase.java,318,return getLongValue();,0.0,4754,5302
549,S2211,ParserMinimalBase.java,320,return 1;,0.0,4754,5302
549,S2212,ParserMinimalBase.java,323,return 0;,0.0,4754,5302
549,S2213,ParserMinimalBase.java,325,String str = getText();,0.0,4754,5302
549,S2214,ParserMinimalBase.java,326,if (_hasTextualNull(str)) {,0.0,4754,5302
549,S2215,ParserMinimalBase.java,329,"return NumberInput.parseAsLong(str, defaultValue);",0.0,4754,5302
549,S2216,ParserMinimalBase.java,340,return defaultValue;,0.0,4754,5302
549,S2217,ParserMinimalBase.java,347,if (_currToken != null) {,0.0,4754,5302
549,S2218,ParserMinimalBase.java,348,switch (_currToken) {,0.0,4754,5302
549,S2219,ParserMinimalBase.java,351,return getDoubleValue();,0.0,4754,5302
549,S2220,ParserMinimalBase.java,353,return 1;,0.0,4754,5302
549,S2221,ParserMinimalBase.java,356,return 0;,0.0,4754,5302
549,S2222,ParserMinimalBase.java,358,String str = getText();,0.0,4754,5302
549,S2223,ParserMinimalBase.java,359,if (_hasTextualNull(str)) {,0.0,4754,5302
549,S2224,ParserMinimalBase.java,362,"return NumberInput.parseAsDouble(str, defaultValue);",0.0,4754,5302
549,S2225,ParserMinimalBase.java,372,return defaultValue;,0.0,4754,5302
549,S2226,ParserMinimalBase.java,457,"return ""null"".equals(value);",0.0,4754,5302
549,S2227,ParserMinimalBase.java,469,if (ch < 0) { // sanity check,0.0,4754,5302
549,S2228,ParserMinimalBase.java,472,"String msg = ""Unexpected character (""+_getCharDesc(ch)+"")"";",0.0,4754,5302
549,S2229,ParserMinimalBase.java,473,if (comment != null) {,0.0,4754,5302
549,S2230,ParserMinimalBase.java,474,"msg += "": ""+comment;",0.0,4754,5302
549,S2231,ParserMinimalBase.java,476,_reportError(msg);,0.0,4754,5302
549,S2232,ParserMinimalBase.java,488,"_reportError(""Unexpected end-of-input""+msg);",0.0,4754,5302
549,S2233,ParserMinimalBase.java,516,if (!isEnabled(Feature.ALLOW_UNQUOTED_CONTROL_CHARS) || i >= INT_SPACE) {,0.0,4754,5302
549,S2234,ParserMinimalBase.java,517,char c = (char) i;,0.0,4754,5302
549,S2235,ParserMinimalBase.java,518,"String msg = ""Illegal unquoted character (""+_getCharDesc(c)+""): has to be escaped using backslash to be included in ""+ctxtDesc;",0.0,4754,5302
549,S2236,ParserMinimalBase.java,519,_reportError(msg);,0.0,4754,5302
549,S2237,ParserMinimalBase.java,526,if (isEnabled(Feature.ALLOW_BACKSLASH_ESCAPING_ANY_CHARACTER)) {,0.0,4754,5302
549,S2238,ParserMinimalBase.java,527,return ch;,0.0,4754,5302
549,S2239,ParserMinimalBase.java,530,if (ch == '\'' && isEnabled(Feature.ALLOW_SINGLE_QUOTES)) {,0.0,4754,5302
549,S2240,ParserMinimalBase.java,531,return ch;,0.0,4754,5302
549,S2241,ParserMinimalBase.java,533,"_reportError(""Unrecognized character escape ""+_getCharDesc(ch));",0.0,4754,5302
549,S2242,ParserMinimalBase.java,545,char c = (char) ch;,0.0,4754,5302
549,S2243,ParserMinimalBase.java,546,if (Character.isISOControl(c)) {,0.0,4754,5302
549,S2244,ParserMinimalBase.java,547,"return ""(CTRL-CHAR, code ""+ch+"")"";",0.0,4754,5302
549,S2245,ParserMinimalBase.java,549,if (ch > 255) {,0.0,4754,5302
549,S2246,ParserMinimalBase.java,552,"return ""'""+c+""' (code ""+ch+"")"";",0.0,4754,5302
549,S2247,ParserMinimalBase.java,558,throw _constructError(msg);,0.0,4754,5302
549,S2257,ReaderBasedJsonParser.java,96,return _objectCodec;,0.0,4754,5302
549,S2258,ReaderBasedJsonParser.java,107,int count = _inputEnd - _inputPtr;,0.0,4754,5302
549,S2259,ReaderBasedJsonParser.java,108,if (count < 1) {,0.0,4754,5302
549,S2260,ReaderBasedJsonParser.java,112,int origPtr = _inputPtr;,0.0,4754,5302
549,S2261,ReaderBasedJsonParser.java,113,"w.write(_inputBuffer, origPtr, count);",0.0,4754,5302
549,S2262,ReaderBasedJsonParser.java,114,return count;,0.0,4754,5302
549,S2271,ReaderBasedJsonParser.java,136,_closeInput();,0.0,4754,5302
549,S2272,ReaderBasedJsonParser.java,138,if (count == 0) {,0.0,4754,5302
549,S2273,ReaderBasedJsonParser.java,142,return false;,0.0,4754,5302
549,S2274,ReaderBasedJsonParser.java,148,if (_inputPtr >= _inputEnd) {,0.0,4754,5302
549,S2275,ReaderBasedJsonParser.java,149,if (!loadMore()) {,0.0,4754,5302
549,S2276,ReaderBasedJsonParser.java,153,return _inputBuffer[_inputPtr++];,0.0,4754,5302
549,S2277,ReaderBasedJsonParser.java,166,if (_reader != null) {,0.0,4754,5302
549,S2278,ReaderBasedJsonParser.java,167,if (_ioContext.isResourceManaged() || isEnabled(Feature.AUTO_CLOSE_SOURCE)) {,0.0,4754,5302
549,S2279,ReaderBasedJsonParser.java,168,_reader.close();,0.0,4754,5302
549,S2280,ReaderBasedJsonParser.java,170,_reader = null;,0.0,4754,5302
549,S2281,ReaderBasedJsonParser.java,184,super._releaseBuffers();,0.0,4754,5302
549,S2282,ReaderBasedJsonParser.java,185,char[] buf = _inputBuffer;,0.0,4754,5302
549,S2283,ReaderBasedJsonParser.java,186,if (buf != null) {,0.0,4754,5302
549,S2284,ReaderBasedJsonParser.java,187,_inputBuffer = null;,0.0,4754,5302
549,S2285,ReaderBasedJsonParser.java,188,_ioContext.releaseTokenBuffer(buf);,0.0,4754,5302
549,S2286,ReaderBasedJsonParser.java,208,JsonToken t = _currToken;,0.0,4754,5302
549,S2287,ReaderBasedJsonParser.java,209,if (t == JsonToken.VALUE_STRING) {,0.0,4754,5302
549,S2288,ReaderBasedJsonParser.java,210,if (_tokenIncomplete) {,0.0,4754,5302
549,S2289,ReaderBasedJsonParser.java,211,_tokenIncomplete = false;,0.0,4754,5302
549,S2290,ReaderBasedJsonParser.java,212,_finishString(); // only strings can be incomplete,0.0,4754,5302
549,S2291,ReaderBasedJsonParser.java,214,return _textBuffer.contentsAsString();,0.0,4754,5302
549,S2292,ReaderBasedJsonParser.java,216,return _getText2(t);,0.0,4754,5302
549,S2293,ReaderBasedJsonParser.java,252,if (t == null) {,0.0,4754,5302
549,S2294,ReaderBasedJsonParser.java,255,switch (t) {,0.0,4754,5302
549,S2295,ReaderBasedJsonParser.java,257,return _parsingContext.getCurrentName();,0.0,4754,5302
549,S2296,ReaderBasedJsonParser.java,263,return _textBuffer.contentsAsString();,0.0,4754,5302
549,S2297,ReaderBasedJsonParser.java,265,return t.asString();,0.0,4754,5302
549,S2298,ReaderBasedJsonParser.java,273,if (_currToken != null) { // null only before/after document,0.0,4754,5302
549,S2299,ReaderBasedJsonParser.java,274,switch (_currToken) {,0.0,4754,5302
549,S2300,ReaderBasedJsonParser.java,277,if (!_nameCopied) {,0.0,4754,5302
549,S2301,ReaderBasedJsonParser.java,278,String name = _parsingContext.getCurrentName();,0.0,4754,5302
549,S2302,ReaderBasedJsonParser.java,279,int nameLen = name.length();,0.0,4754,5302
549,S2303,ReaderBasedJsonParser.java,280,if (_nameCopyBuffer == null) {,0.0,4754,5302
549,S2304,ReaderBasedJsonParser.java,281,_nameCopyBuffer = _ioContext.allocNameCopyBuffer(nameLen);,0.0,4754,5302
549,S2305,ReaderBasedJsonParser.java,285,"name.getChars(0, nameLen, _nameCopyBuffer, 0);",0.0,4754,5302
549,S2306,ReaderBasedJsonParser.java,286,_nameCopied = true;,0.0,4754,5302
549,S2307,ReaderBasedJsonParser.java,288,return _nameCopyBuffer;,0.0,4754,5302
549,S2308,ReaderBasedJsonParser.java,291,if (_tokenIncomplete) {,0.0,4754,5302
549,S2309,ReaderBasedJsonParser.java,292,_tokenIncomplete = false;,0.0,4754,5302
549,S2310,ReaderBasedJsonParser.java,293,_finishString(); // only strings can be incomplete,0.0,4754,5302
549,S2311,ReaderBasedJsonParser.java,298,return _textBuffer.getTextBuffer();,0.0,4754,5302
549,S2312,ReaderBasedJsonParser.java,311,if (_currToken != null) { // null only before/after document,0.0,4754,5302
549,S2313,ReaderBasedJsonParser.java,312,switch (_currToken) {,0.0,4754,5302
549,S2314,ReaderBasedJsonParser.java,315,return _parsingContext.getCurrentName().length();,0.0,4754,5302
549,S2315,ReaderBasedJsonParser.java,317,if (_tokenIncomplete) {,0.0,4754,5302
549,S2316,ReaderBasedJsonParser.java,318,_tokenIncomplete = false;,0.0,4754,5302
549,S2317,ReaderBasedJsonParser.java,319,_finishString(); // only strings can be incomplete,0.0,4754,5302
549,S2318,ReaderBasedJsonParser.java,324,return _textBuffer.size();,0.0,4754,5302
549,S2319,ReaderBasedJsonParser.java,337,if (_currToken != null) {,0.0,4754,5302
549,S2320,ReaderBasedJsonParser.java,338,switch (_currToken) {,0.0,4754,5302
549,S2321,ReaderBasedJsonParser.java,340,return 0;,0.0,4754,5302
549,S2322,ReaderBasedJsonParser.java,342,if (_tokenIncomplete) {,0.0,4754,5302
549,S2323,ReaderBasedJsonParser.java,349,return _textBuffer.getTextOffset();,0.0,4754,5302
549,S2324,ReaderBasedJsonParser.java,360,if (_currToken != JsonToken.VALUE_STRING &&,0.0,4754,5302
549,S2325,ReaderBasedJsonParser.java,367,if (_tokenIncomplete) {,0.0,4754,5302
549,S2326,ReaderBasedJsonParser.java,369,_binaryValue = _decodeBase64(b64variant);,0.0,4754,5302
549,S2327,ReaderBasedJsonParser.java,376,_tokenIncomplete = false;,0.0,4754,5302
549,S2328,ReaderBasedJsonParser.java,385,return _binaryValue;,0.0,4754,5302
549,S2329,ReaderBasedJsonParser.java,393,if (!_tokenIncomplete || _currToken != JsonToken.VALUE_STRING) {,0.0,4754,5302
549,S2330,ReaderBasedJsonParser.java,399,byte[] buf = _ioContext.allocBase64Buffer();,0.0,4754,5302
549,S2331,ReaderBasedJsonParser.java,401,"return _readBinary(b64variant, out, buf);",0.0,4754,5302
549,S2332,ReaderBasedJsonParser.java,403,_ioContext.releaseBase64Buffer(buf);,0.0,4754,5302
549,S2333,ReaderBasedJsonParser.java,410,int outputPtr = 0;,0.0,4754,5302
549,S2334,ReaderBasedJsonParser.java,411,final int outputEnd = buffer.length - 3;,0.0,4754,5302
549,S2335,ReaderBasedJsonParser.java,412,int outputCount = 0;,0.0,4754,5302
549,S2336,ReaderBasedJsonParser.java,418,if (_inputPtr >= _inputEnd) {,0.0,4754,5302
549,S2337,ReaderBasedJsonParser.java,421,ch = _inputBuffer[_inputPtr++];,0.0,4754,5302
549,S2338,ReaderBasedJsonParser.java,422,} while (ch <= INT_SPACE);,0.0,4754,5302
549,S2339,ReaderBasedJsonParser.java,423,int bits = b64variant.decodeBase64Char(ch);,0.0,4754,5302
549,S2340,ReaderBasedJsonParser.java,424,"if (bits < 0) { // reached the end, fair and square?",0.0,4754,5302
549,S2341,ReaderBasedJsonParser.java,425,"if (ch == '""') {",0.0,4754,5302
549,S2342,ReaderBasedJsonParser.java,426,break;,0.0,4754,5302
549,S2343,ReaderBasedJsonParser.java,435,if (outputPtr > outputEnd) {,0.0,4754,5302
549,S2344,ReaderBasedJsonParser.java,436,outputCount += outputPtr;,0.0,4754,5302
549,S2345,ReaderBasedJsonParser.java,437,"out.write(buffer, 0, outputPtr);",0.0,4754,5302
549,S2346,ReaderBasedJsonParser.java,438,outputPtr = 0;,0.0,4754,5302
549,S2347,ReaderBasedJsonParser.java,441,int decodedData = bits;,0.0,4754,5302
549,S2348,ReaderBasedJsonParser.java,445,if (_inputPtr >= _inputEnd) {,0.0,4754,5302
549,S2349,ReaderBasedJsonParser.java,448,ch = _inputBuffer[_inputPtr++];,0.0,4754,5302
549,S2350,ReaderBasedJsonParser.java,449,bits = b64variant.decodeBase64Char(ch);,0.0,4754,5302
549,S2351,ReaderBasedJsonParser.java,450,if (bits < 0) {,0.0,4754,5302
549,S2352,ReaderBasedJsonParser.java,453,decodedData = (decodedData << 6) | bits;,0.0,4754,5302
549,S2353,ReaderBasedJsonParser.java,456,if (_inputPtr >= _inputEnd) {,0.0,4754,5302
549,S2354,ReaderBasedJsonParser.java,457,loadMoreGuaranteed();,0.0,4754,5302
549,S2355,ReaderBasedJsonParser.java,459,ch = _inputBuffer[_inputPtr++];,0.0,4754,5302
549,S2356,ReaderBasedJsonParser.java,460,bits = b64variant.decodeBase64Char(ch);,0.0,4754,5302
549,S2357,ReaderBasedJsonParser.java,463,if (bits < 0) {,0.0,4754,5302
549,S2358,ReaderBasedJsonParser.java,464,if (bits != Base64Variant.BASE64_VALUE_PADDING) {,0.0,4754,5302
549,S2359,ReaderBasedJsonParser.java,473,if (bits == Base64Variant.BASE64_VALUE_PADDING) {,0.0,4754,5302
549,S2360,ReaderBasedJsonParser.java,475,if (_inputPtr >= _inputEnd) {,0.0,4754,5302
549,S2361,ReaderBasedJsonParser.java,478,ch = _inputBuffer[_inputPtr++];,0.0,4754,5302
549,S2362,ReaderBasedJsonParser.java,479,if (!b64variant.usesPaddingChar(ch)) {,0.0,4754,5302
549,S2363,ReaderBasedJsonParser.java,483,decodedData >>= 4;,0.0,4754,5302
549,S2364,ReaderBasedJsonParser.java,484,buffer[outputPtr++] = (byte) decodedData;,0.0,4754,5302
549,S2365,ReaderBasedJsonParser.java,485,continue;,0.0,4754,5302
549,S2366,ReaderBasedJsonParser.java,489,decodedData = (decodedData << 6) | bits;,0.0,4754,5302
549,S2367,ReaderBasedJsonParser.java,491,if (_inputPtr >= _inputEnd) {,0.0,4754,5302
549,S2368,ReaderBasedJsonParser.java,494,ch = _inputBuffer[_inputPtr++];,0.0,4754,5302
549,S2369,ReaderBasedJsonParser.java,495,bits = b64variant.decodeBase64Char(ch);,0.0,4754,5302
549,S2370,ReaderBasedJsonParser.java,496,if (bits < 0) {,0.0,4754,5302
549,S2371,ReaderBasedJsonParser.java,497,if (bits != Base64Variant.BASE64_VALUE_PADDING) {,0.0,4754,5302
549,S2372,ReaderBasedJsonParser.java,507,if (bits == Base64Variant.BASE64_VALUE_PADDING) {,0.0,4754,5302
549,S2373,ReaderBasedJsonParser.java,514,decodedData >>= 2;,0.0,4754,5302
549,S2374,ReaderBasedJsonParser.java,515,buffer[outputPtr++] = (byte) (decodedData >> 8);,0.0,4754,5302
549,S2375,ReaderBasedJsonParser.java,516,buffer[outputPtr++] = (byte) decodedData;,0.0,4754,5302
549,S2376,ReaderBasedJsonParser.java,517,continue;,0.0,4754,5302
549,S2377,ReaderBasedJsonParser.java,521,decodedData = (decodedData << 6) | bits;,0.0,4754,5302
549,S2378,ReaderBasedJsonParser.java,522,buffer[outputPtr++] = (byte) (decodedData >> 16);,0.0,4754,5302
549,S2379,ReaderBasedJsonParser.java,523,buffer[outputPtr++] = (byte) (decodedData >> 8);,0.0,4754,5302
549,S2380,ReaderBasedJsonParser.java,524,buffer[outputPtr++] = (byte) decodedData;,0.0,4754,5302
549,S2381,ReaderBasedJsonParser.java,526,_tokenIncomplete = false;,0.0,4754,5302
549,S2382,ReaderBasedJsonParser.java,527,if (outputPtr > 0) {,0.0,4754,5302
549,S2383,ReaderBasedJsonParser.java,528,outputCount += outputPtr;,0.0,4754,5302
549,S2384,ReaderBasedJsonParser.java,529,"out.write(buffer, 0, outputPtr);",0.0,4754,5302
549,S2385,ReaderBasedJsonParser.java,531,return outputCount;,0.0,4754,5302
549,S2388,ReaderBasedJsonParser.java,555,return _nextAfterName();,0.0,4754,5302
549,S2390,ReaderBasedJsonParser.java,558,_skipString(); // only strings can be partial,0.0,4754,5302
549,S2393,ReaderBasedJsonParser.java,565,close();,0.0,4754,5302
549,S2394,ReaderBasedJsonParser.java,566,return (_currToken = null);,0.0,4754,5302
549,S2400,ReaderBasedJsonParser.java,581,if (!_parsingContext.inArray()) {,0.0,4754,5302
549,S2401,ReaderBasedJsonParser.java,582,"_reportMismatchedEndMarker(i, '}');",0.0,4754,5302
549,S2402,ReaderBasedJsonParser.java,584,_parsingContext = _parsingContext.getParent();,0.0,4754,5302
549,S2403,ReaderBasedJsonParser.java,585,return (_currToken = JsonToken.END_ARRAY);,0.0,4754,5302
549,S2405,ReaderBasedJsonParser.java,588,if (!_parsingContext.inObject()) {,0.0,4754,5302
549,S2406,ReaderBasedJsonParser.java,589,"_reportMismatchedEndMarker(i, ']');",0.0,4754,5302
549,S2407,ReaderBasedJsonParser.java,591,_parsingContext = _parsingContext.getParent();,0.0,4754,5302
549,S2408,ReaderBasedJsonParser.java,592,return (_currToken = JsonToken.END_OBJECT);,0.0,4754,5302
549,S2410,ReaderBasedJsonParser.java,597,if (i != INT_COMMA) {,0.0,4754,5302
549,S2411,ReaderBasedJsonParser.java,600,i = _skipWS();,0.0,4754,5302
549,S2414,ReaderBasedJsonParser.java,610,String name = _parseName(i);,0.0,4754,5302
549,S2415,ReaderBasedJsonParser.java,611,_parsingContext.setCurrentName(name);,0.0,4754,5302
549,S2416,ReaderBasedJsonParser.java,612,_currToken = JsonToken.FIELD_NAME;,0.0,4754,5302
549,S2417,ReaderBasedJsonParser.java,613,i = _skipWS();,0.0,4754,5302
549,S2418,ReaderBasedJsonParser.java,614,if (i != INT_COLON) {,0.0,4754,5302
549,S2419,ReaderBasedJsonParser.java,615,"_reportUnexpectedChar(i, ""was expecting a colon to separate field name and value"");",0.0,4754,5302
549,S2420,ReaderBasedJsonParser.java,617,i = _skipWS();,0.0,4754,5302
549,S2422,ReaderBasedJsonParser.java,626,_tokenIncomplete = true;,0.0,4754,5302
549,S2423,ReaderBasedJsonParser.java,627,t = JsonToken.VALUE_STRING;,0.0,4754,5302
549,S2424,ReaderBasedJsonParser.java,628,break;,0.0,4754,5302
549,S2425,ReaderBasedJsonParser.java,630,if (!inObject) {,0.0,4754,5302
549,S2426,ReaderBasedJsonParser.java,631,"_parsingContext = _parsingContext.createChildArrayContext(_tokenInputRow, _tokenInputCol);",0.0,4754,5302
549,S2427,ReaderBasedJsonParser.java,633,t = JsonToken.START_ARRAY;,0.0,4754,5302
549,S2428,ReaderBasedJsonParser.java,634,break;,0.0,4754,5302
549,S2429,ReaderBasedJsonParser.java,636,if (!inObject) {,0.0,4754,5302
549,S2430,ReaderBasedJsonParser.java,637,"_parsingContext = _parsingContext.createChildObjectContext(_tokenInputRow, _tokenInputCol);",0.0,4754,5302
549,S2431,ReaderBasedJsonParser.java,639,t = JsonToken.START_OBJECT;,0.0,4754,5302
549,S2432,ReaderBasedJsonParser.java,640,break;,0.0,4754,5302
549,S2433,ReaderBasedJsonParser.java,647,"_matchToken(""true"", 1);",0.0,4754,5302
549,S2434,ReaderBasedJsonParser.java,648,t = JsonToken.VALUE_TRUE;,0.0,4754,5302
549,S2435,ReaderBasedJsonParser.java,649,break;,0.0,4754,5302
549,S2436,ReaderBasedJsonParser.java,651,"_matchToken(""false"", 1);",0.0,4754,5302
549,S2437,ReaderBasedJsonParser.java,652,t = JsonToken.VALUE_FALSE;,0.0,4754,5302
549,S2438,ReaderBasedJsonParser.java,653,break;,0.0,4754,5302
549,S2439,ReaderBasedJsonParser.java,655,"_matchToken(""null"", 1);",0.0,4754,5302
549,S2440,ReaderBasedJsonParser.java,656,t = JsonToken.VALUE_NULL;,0.0,4754,5302
549,S2441,ReaderBasedJsonParser.java,657,break;,0.0,4754,5302
549,S2444,ReaderBasedJsonParser.java,677,t = _handleOddValue(i);,0.0,4754,5302
549,S2446,ReaderBasedJsonParser.java,682,_nextToken = t;,0.0,4754,5302
549,S2447,ReaderBasedJsonParser.java,683,return _currToken;,0.0,4754,5302
549,S2450,ReaderBasedJsonParser.java,691,_nameCopied = false; // need to invalidate if it was copied,0.0,4754,5302
549,S2451,ReaderBasedJsonParser.java,692,JsonToken t = _nextToken;,0.0,4754,5302
549,S2452,ReaderBasedJsonParser.java,693,_nextToken = null;,0.0,4754,5302
549,S2453,ReaderBasedJsonParser.java,695,if (t == JsonToken.START_ARRAY) {,0.0,4754,5302
549,S2454,ReaderBasedJsonParser.java,696,"_parsingContext = _parsingContext.createChildArrayContext(_tokenInputRow, _tokenInputCol);",0.0,4754,5302
549,S2455,ReaderBasedJsonParser.java,697,} else if (t == JsonToken.START_OBJECT) {,0.0,4754,5302
549,S2456,ReaderBasedJsonParser.java,698,"_parsingContext = _parsingContext.createChildObjectContext(_tokenInputRow, _tokenInputCol);",0.0,4754,5302
549,S2457,ReaderBasedJsonParser.java,700,return (_currToken = t);,0.0,4754,5302
549,S2458,ReaderBasedJsonParser.java,766,if (_currToken == JsonToken.FIELD_NAME) { // mostly copied from '_nextAfterName',0.0,4754,5302
549,S2459,ReaderBasedJsonParser.java,767,_nameCopied = false;,0.0,4754,5302
549,S2460,ReaderBasedJsonParser.java,768,JsonToken t = _nextToken;,0.0,4754,5302
549,S2461,ReaderBasedJsonParser.java,769,_nextToken = null;,0.0,4754,5302
549,S2462,ReaderBasedJsonParser.java,770,_currToken = t;,0.0,4754,5302
549,S2463,ReaderBasedJsonParser.java,771,if (t == JsonToken.VALUE_NUMBER_INT) {,0.0,4754,5302
549,S2464,ReaderBasedJsonParser.java,772,return getLongValue();,0.0,4754,5302
549,S2465,ReaderBasedJsonParser.java,821,super.close();,0.0,4754,5302
549,S2466,ReaderBasedJsonParser.java,822,_symbols.release();,0.0,4754,5302
549,S2472,ReaderBasedJsonParser.java,861,if (ptr >= _inputEnd) {,0.0,4754,5302
549,S2473,ReaderBasedJsonParser.java,864,ch = _inputBuffer[ptr++];,0.0,4754,5302
549,S2474,ReaderBasedJsonParser.java,866,if (ch > INT_9 || ch < INT_0) {,0.0,4754,5302
549,S2475,ReaderBasedJsonParser.java,867,_inputPtr = ptr;,0.0,4754,5302
549,S2476,ReaderBasedJsonParser.java,868,"return _handleInvalidNumberStart(ch, true);",0.0,4754,5302
549,S2478,ReaderBasedJsonParser.java,877,break dummy_loop;,0.0,4754,5302
549,S2481,ReaderBasedJsonParser.java,893,break dummy_loop;,0.0,4754,5302
549,S2488,ReaderBasedJsonParser.java,908,if (ptr >= inputLen) {,0.0,4754,5302
549,S2489,ReaderBasedJsonParser.java,909,break dummy_loop;,0.0,4754,5302
549,S2490,ReaderBasedJsonParser.java,911,ch = (int) _inputBuffer[ptr++];,0.0,4754,5302
549,S2491,ReaderBasedJsonParser.java,912,if (ch < INT_0 || ch > INT_9) {,0.0,4754,5302
549,S2492,ReaderBasedJsonParser.java,913,break fract_loop;,0.0,4754,5302
549,S2493,ReaderBasedJsonParser.java,915,++fractLen;,0.0,4754,5302
549,S2494,ReaderBasedJsonParser.java,918,if (fractLen == 0) {,0.0,4754,5302
549,S2497,ReaderBasedJsonParser.java,925,if (ptr >= inputLen) {,0.0,4754,5302
549,S2498,ReaderBasedJsonParser.java,926,break dummy_loop;,0.0,4754,5302
549,S2499,ReaderBasedJsonParser.java,929,ch = (int) _inputBuffer[ptr++];,0.0,4754,5302
549,S2500,ReaderBasedJsonParser.java,930,"if (ch == INT_MINUS || ch == INT_PLUS) { // yup, skip for now",0.0,4754,5302
549,S2501,ReaderBasedJsonParser.java,931,if (ptr >= inputLen) {,0.0,4754,5302
549,S2502,ReaderBasedJsonParser.java,934,ch = (int) _inputBuffer[ptr++];,0.0,4754,5302
549,S2503,ReaderBasedJsonParser.java,936,while (ch <= INT_9 && ch >= INT_0) {,0.0,4754,5302
549,S2504,ReaderBasedJsonParser.java,937,++expLen;,0.0,4754,5302
549,S2505,ReaderBasedJsonParser.java,938,if (ptr >= inputLen) {,0.0,4754,5302
549,S2506,ReaderBasedJsonParser.java,941,ch = (int) _inputBuffer[ptr++];,0.0,4754,5302
549,S2507,ReaderBasedJsonParser.java,944,if (expLen == 0) {,0.0,4754,5302
549,S2513,ReaderBasedJsonParser.java,957,_inputPtr = negative ? (startPtr+1) : startPtr;,0.0,4754,5302
549,S2514,ReaderBasedJsonParser.java,958,return _parseNumber2(negative);,0.0,4754,5302
549,S2515,ReaderBasedJsonParser.java,970,char[] outBuf = _textBuffer.emptyAndGetCurrentSegment();,0.0,4754,5302
549,S2516,ReaderBasedJsonParser.java,971,int outPtr = 0;,0.0,4754,5302
549,S2517,ReaderBasedJsonParser.java,974,if (negative) {,0.0,4754,5302
549,S2518,ReaderBasedJsonParser.java,975,outBuf[outPtr++] = '-';,0.0,4754,5302
549,S2519,ReaderBasedJsonParser.java,979,int intLen = 0;,0.0,4754,5302
549,S2520,ReaderBasedJsonParser.java,980,"char c = (_inputPtr < _inputEnd) ? _inputBuffer[_inputPtr++] : getNextChar(""No digit following minus sign"");",0.0,4754,5302
549,S2521,ReaderBasedJsonParser.java,981,if (c == '0') {,0.0,4754,5302
549,S2522,ReaderBasedJsonParser.java,982,c = _verifyNoLeadingZeroes();,0.0,4754,5302
549,S2523,ReaderBasedJsonParser.java,984,boolean eof = false;,0.0,4754,5302
549,S2524,ReaderBasedJsonParser.java,988,while (c >= '0' && c <= '9') {,0.0,4754,5302
549,S2525,ReaderBasedJsonParser.java,989,++intLen;,0.0,4754,5302
549,S2526,ReaderBasedJsonParser.java,990,if (outPtr >= outBuf.length) {,0.0,4754,5302
549,S2527,ReaderBasedJsonParser.java,991,outBuf = _textBuffer.finishCurrentSegment();,0.0,4754,5302
549,S2528,ReaderBasedJsonParser.java,992,outPtr = 0;,0.0,4754,5302
549,S2529,ReaderBasedJsonParser.java,994,outBuf[outPtr++] = c;,0.0,4754,5302
549,S2530,ReaderBasedJsonParser.java,995,if (_inputPtr >= _inputEnd && !loadMore()) {,0.0,4754,5302
549,S2531,ReaderBasedJsonParser.java,997,c = CHAR_NULL;,0.0,4754,5302
549,S2532,ReaderBasedJsonParser.java,998,eof = true;,0.0,4754,5302
549,S2533,ReaderBasedJsonParser.java,999,break int_loop;,0.0,4754,5302
549,S2534,ReaderBasedJsonParser.java,1001,c = _inputBuffer[_inputPtr++];,0.0,4754,5302
549,S2535,ReaderBasedJsonParser.java,1004,if (intLen == 0) {,0.0,4754,5302
549,S2536,ReaderBasedJsonParser.java,1008,int fractLen = 0;,0.0,4754,5302
549,S2537,ReaderBasedJsonParser.java,1010,"if (c == '.') { // yes, fraction",0.0,4754,5302
549,S2538,ReaderBasedJsonParser.java,1011,outBuf[outPtr++] = c;,0.0,4754,5302
549,S2539,ReaderBasedJsonParser.java,1015,if (_inputPtr >= _inputEnd && !loadMore()) {,0.0,4754,5302
549,S2540,ReaderBasedJsonParser.java,1016,eof = true;,0.0,4754,5302
549,S2541,ReaderBasedJsonParser.java,1017,break fract_loop;,0.0,4754,5302
549,S2542,ReaderBasedJsonParser.java,1019,c = _inputBuffer[_inputPtr++];,0.0,4754,5302
549,S2543,ReaderBasedJsonParser.java,1020,if (c < INT_0 || c > INT_9) {,0.0,4754,5302
549,S2544,ReaderBasedJsonParser.java,1021,break fract_loop;,0.0,4754,5302
549,S2545,ReaderBasedJsonParser.java,1023,++fractLen;,0.0,4754,5302
549,S2546,ReaderBasedJsonParser.java,1024,if (outPtr >= outBuf.length) {,0.0,4754,5302
549,S2547,ReaderBasedJsonParser.java,1028,outBuf[outPtr++] = c;,0.0,4754,5302
549,S2548,ReaderBasedJsonParser.java,1031,if (fractLen == 0) {,0.0,4754,5302
549,S2549,ReaderBasedJsonParser.java,1036,int expLen = 0;,0.0,4754,5302
549,S2550,ReaderBasedJsonParser.java,1037,if (c == 'e' || c == 'E') { // exponent?,0.0,4754,5302
549,S2551,ReaderBasedJsonParser.java,1038,if (outPtr >= outBuf.length) {,0.0,4754,5302
549,S2552,ReaderBasedJsonParser.java,1042,outBuf[outPtr++] = c;,0.0,4754,5302
549,S2553,ReaderBasedJsonParser.java,1044,c = (_inputPtr < _inputEnd) ? _inputBuffer[_inputPtr++],0.0,4754,5302
549,S2554,ReaderBasedJsonParser.java,1047,if (c == '-' || c == '+') {,0.0,4754,5302
549,S2555,ReaderBasedJsonParser.java,1048,if (outPtr >= outBuf.length) {,0.0,4754,5302
549,S2556,ReaderBasedJsonParser.java,1052,outBuf[outPtr++] = c;,0.0,4754,5302
549,S2557,ReaderBasedJsonParser.java,1054,c = (_inputPtr < _inputEnd) ? _inputBuffer[_inputPtr++],0.0,4754,5302
549,S2558,ReaderBasedJsonParser.java,1059,while (c <= INT_9 && c >= INT_0) {,0.0,4754,5302
549,S2559,ReaderBasedJsonParser.java,1060,++expLen;,0.0,4754,5302
549,S2560,ReaderBasedJsonParser.java,1061,if (outPtr >= outBuf.length) {,0.0,4754,5302
549,S2561,ReaderBasedJsonParser.java,1065,outBuf[outPtr++] = c;,0.0,4754,5302
549,S2562,ReaderBasedJsonParser.java,1066,if (_inputPtr >= _inputEnd && !loadMore()) {,0.0,4754,5302
549,S2563,ReaderBasedJsonParser.java,1070,c = _inputBuffer[_inputPtr++];,0.0,4754,5302
549,S2564,ReaderBasedJsonParser.java,1073,if (expLen == 0) {,0.0,4754,5302
549,S2565,ReaderBasedJsonParser.java,1079,if (!eof) {,0.0,4754,5302
549,S2566,ReaderBasedJsonParser.java,1080,--_inputPtr;,0.0,4754,5302
549,S2567,ReaderBasedJsonParser.java,1082,_textBuffer.setCurrentLength(outPtr);,0.0,4754,5302
549,S2568,ReaderBasedJsonParser.java,1084,"return reset(negative, intLen, fractLen, expLen);",0.0,4754,5302
549,S2569,ReaderBasedJsonParser.java,1094,if (_inputPtr >= _inputEnd && !loadMore()) {,0.0,4754,5302
549,S2570,ReaderBasedJsonParser.java,1095,return '0';,0.0,4754,5302
549,S2571,ReaderBasedJsonParser.java,1097,char ch = _inputBuffer[_inputPtr];,0.0,4754,5302
549,S2572,ReaderBasedJsonParser.java,1099,if (ch < '0' || ch > '9') {,0.0,4754,5302
549,S2573,ReaderBasedJsonParser.java,1100,return '0';,0.0,4754,5302
549,S2574,ReaderBasedJsonParser.java,1102,if (!isEnabled(Feature.ALLOW_NUMERIC_LEADING_ZEROS)) {,0.0,4754,5302
549,S2575,ReaderBasedJsonParser.java,1103,"reportInvalidNumber(""Leading zeroes not allowed"");",0.0,4754,5302
549,S2576,ReaderBasedJsonParser.java,1106,++_inputPtr; // Leading zero to be skipped,0.0,4754,5302
549,S2577,ReaderBasedJsonParser.java,1107,if (ch == INT_0) {,0.0,4754,5302
549,S2578,ReaderBasedJsonParser.java,1108,while (_inputPtr < _inputEnd || loadMore()) {,0.0,4754,5302
549,S2579,ReaderBasedJsonParser.java,1109,ch = _inputBuffer[_inputPtr];,0.0,4754,5302
549,S2580,ReaderBasedJsonParser.java,1110,if (ch < '0' || ch > '9') { // followed by non-number; retain one zero,0.0,4754,5302
549,S2581,ReaderBasedJsonParser.java,1113,++_inputPtr; // skip previous zero,0.0,4754,5302
549,S2582,ReaderBasedJsonParser.java,1114,if (ch != '0') { // followed by other number; return,0.0,4754,5302
549,S2583,ReaderBasedJsonParser.java,1115,break;,0.0,4754,5302
549,S2584,ReaderBasedJsonParser.java,1119,return ch;,0.0,4754,5302
549,S2585,ReaderBasedJsonParser.java,1128,if (ch == 'I') {,0.0,4754,5302
549,S2586,ReaderBasedJsonParser.java,1129,if (_inputPtr >= _inputEnd) {,0.0,4754,5302
549,S2587,ReaderBasedJsonParser.java,1134,ch = _inputBuffer[_inputPtr++];,0.0,4754,5302
549,S2588,ReaderBasedJsonParser.java,1135,if (ch == 'N') {,0.0,4754,5302
549,S2589,ReaderBasedJsonParser.java,1136,"String match = negative ? ""-INF"" :""+INF"";",0.0,4754,5302
549,S2590,ReaderBasedJsonParser.java,1137,"_matchToken(match, 3);",0.0,4754,5302
549,S2591,ReaderBasedJsonParser.java,1138,if (isEnabled(Feature.ALLOW_NON_NUMERIC_NUMBERS)) {,0.0,4754,5302
549,S2592,ReaderBasedJsonParser.java,1139,"return resetAsNaN(match, negative ? Double.NEGATIVE_INFINITY : Double.POSITIVE_INFINITY);",0.0,4754,5302
549,S2593,ReaderBasedJsonParser.java,1141,"_reportError(""Non-standard token '""+match+""': enable JsonParser.Feature.ALLOW_NON_NUMERIC_NUMBERS to allow"");",0.0,4754,5302
549,S2594,ReaderBasedJsonParser.java,1143,"String match = negative ? ""-Infinity"" :""+Infinity"";",0.0,4754,5302
549,S2595,ReaderBasedJsonParser.java,1144,"_matchToken(match, 3);",0.0,4754,5302
549,S2596,ReaderBasedJsonParser.java,1145,if (isEnabled(Feature.ALLOW_NON_NUMERIC_NUMBERS)) {,0.0,4754,5302
549,S2597,ReaderBasedJsonParser.java,1146,"return resetAsNaN(match, negative ? Double.NEGATIVE_INFINITY : Double.POSITIVE_INFINITY);",0.0,4754,5302
549,S2598,ReaderBasedJsonParser.java,1172,if (i != INT_QUOTE) {,0.0,4754,5302
549,S2599,ReaderBasedJsonParser.java,1173,return _handleOddName(i);,0.0,4754,5302
549,S2600,ReaderBasedJsonParser.java,1179,int ptr = _inputPtr;,0.0,4754,5302
549,S2601,ReaderBasedJsonParser.java,1180,int hash = _hashSeed;,0.0,4754,5302
549,S2602,ReaderBasedJsonParser.java,1181,final int inputLen = _inputEnd;,0.0,4754,5302
549,S2603,ReaderBasedJsonParser.java,1183,if (ptr < inputLen) {,0.0,4754,5302
549,S2604,ReaderBasedJsonParser.java,1184,final int[] codes = _icLatin1;,0.0,4754,5302
549,S2605,ReaderBasedJsonParser.java,1185,final int maxCode = codes.length;,0.0,4754,5302
549,S2606,ReaderBasedJsonParser.java,1188,int ch = _inputBuffer[ptr];,0.0,4754,5302
549,S2607,ReaderBasedJsonParser.java,1189,if (ch < maxCode && codes[ch] != 0) {,0.0,4754,5302
549,S2608,ReaderBasedJsonParser.java,1190,"if (ch == '""') {",0.0,4754,5302
549,S2609,ReaderBasedJsonParser.java,1191,int start = _inputPtr;,0.0,4754,5302
549,S2610,ReaderBasedJsonParser.java,1192,_inputPtr = ptr+1; // to skip the quote,0.0,4754,5302
549,S2611,ReaderBasedJsonParser.java,1193,"return _symbols.findSymbol(_inputBuffer, start, ptr - start, hash);",0.0,4754,5302
549,S2612,ReaderBasedJsonParser.java,1197,hash = (hash * CharsToNameCanonicalizer.HASH_MULT) + ch;,0.0,4754,5302
549,S2613,ReaderBasedJsonParser.java,1198,++ptr;,0.0,4754,5302
549,S2614,ReaderBasedJsonParser.java,1199,} while (ptr < inputLen);,0.0,4754,5302
549,S2615,ReaderBasedJsonParser.java,1202,int start = _inputPtr;,0.0,4754,5302
549,S2616,ReaderBasedJsonParser.java,1203,_inputPtr = ptr;,0.0,4754,5302
549,S2617,ReaderBasedJsonParser.java,1204,"return _parseName2(start, hash, INT_QUOTE);",0.0,4754,5302
549,S2618,ReaderBasedJsonParser.java,1209,"_textBuffer.resetWithShared(_inputBuffer, startPtr, (_inputPtr - startPtr));",0.0,4754,5302
549,S2619,ReaderBasedJsonParser.java,1214,char[] outBuf = _textBuffer.getCurrentSegment();,0.0,4754,5302
549,S2620,ReaderBasedJsonParser.java,1215,int outPtr = _textBuffer.getCurrentSegmentSize();,0.0,4754,5302
549,S2621,ReaderBasedJsonParser.java,1218,if (_inputPtr >= _inputEnd) {,0.0,4754,5302
549,S2622,ReaderBasedJsonParser.java,1219,if (!loadMore()) {,0.0,4754,5302
549,S2623,ReaderBasedJsonParser.java,1220,"_reportInvalidEOF("": was expecting closing '""+((char) endChar)+""' for name"");",0.0,4754,5302
549,S2624,ReaderBasedJsonParser.java,1223,char c = _inputBuffer[_inputPtr++];,0.0,4754,5302
549,S2625,ReaderBasedJsonParser.java,1224,int i = (int) c;,0.0,4754,5302
549,S2626,ReaderBasedJsonParser.java,1225,if (i <= INT_BACKSLASH) {,0.0,4754,5302
549,S2627,ReaderBasedJsonParser.java,1226,if (i == INT_BACKSLASH) {,0.0,4754,5302
549,S2628,ReaderBasedJsonParser.java,1231,c = _decodeEscaped();,0.0,4754,5302
549,S2629,ReaderBasedJsonParser.java,1232,} else if (i <= endChar) {,0.0,4754,5302
549,S2630,ReaderBasedJsonParser.java,1233,if (i == endChar) {,0.0,4754,5302
549,S2631,ReaderBasedJsonParser.java,1234,break;,0.0,4754,5302
549,S2632,ReaderBasedJsonParser.java,1236,if (i < INT_SPACE) {,0.0,4754,5302
549,S2633,ReaderBasedJsonParser.java,1237,"_throwUnquotedSpace(i, ""name"");",0.0,4754,5302
549,S2634,ReaderBasedJsonParser.java,1241,hash = (hash * CharsToNameCanonicalizer.HASH_MULT) + i;,0.0,4754,5302
549,S2635,ReaderBasedJsonParser.java,1243,outBuf[outPtr++] = c;,0.0,4754,5302
549,S2636,ReaderBasedJsonParser.java,1246,if (outPtr >= outBuf.length) {,0.0,4754,5302
549,S2637,ReaderBasedJsonParser.java,1251,_textBuffer.setCurrentLength(outPtr);,0.0,4754,5302
549,S2638,ReaderBasedJsonParser.java,1253,TextBuffer tb = _textBuffer;,0.0,4754,5302
549,S2639,ReaderBasedJsonParser.java,1254,char[] buf = tb.getTextBuffer();,0.0,4754,5302
549,S2640,ReaderBasedJsonParser.java,1255,int start = tb.getTextOffset();,0.0,4754,5302
549,S2641,ReaderBasedJsonParser.java,1256,int len = tb.size();,0.0,4754,5302
549,S2642,ReaderBasedJsonParser.java,1258,"return _symbols.findSymbol(buf, start, len, hash);",0.0,4754,5302
549,S2643,ReaderBasedJsonParser.java,1271,if (i == '\'' && isEnabled(Feature.ALLOW_SINGLE_QUOTES)) {,0.0,4754,5302
549,S2644,ReaderBasedJsonParser.java,1272,return _parseAposName();,0.0,4754,5302
549,S2645,ReaderBasedJsonParser.java,1275,if (!isEnabled(Feature.ALLOW_UNQUOTED_FIELD_NAMES)) {,0.0,4754,5302
549,S2646,ReaderBasedJsonParser.java,1276,"_reportUnexpectedChar(i, ""was expecting double-quote to start field name"");",0.0,4754,5302
549,S2647,ReaderBasedJsonParser.java,1278,final int[] codes = CharTypes.getInputCodeLatin1JsNames();,0.0,4754,5302
549,S2648,ReaderBasedJsonParser.java,1279,final int maxCode = codes.length;,0.0,4754,5302
549,S2649,ReaderBasedJsonParser.java,1284,"if (i < maxCode) { // identifier, and not a number",0.0,4754,5302
549,S2650,ReaderBasedJsonParser.java,1285,firstOk = (codes[i] == 0) && (i < INT_0 || i > INT_9);,0.0,4754,5302
549,S2651,ReaderBasedJsonParser.java,1289,if (!firstOk) {,0.0,4754,5302
549,S2652,ReaderBasedJsonParser.java,1292,int ptr = _inputPtr;,0.0,4754,5302
549,S2653,ReaderBasedJsonParser.java,1293,int hash = _hashSeed;,0.0,4754,5302
549,S2654,ReaderBasedJsonParser.java,1294,final int inputLen = _inputEnd;,0.0,4754,5302
549,S2655,ReaderBasedJsonParser.java,1296,if (ptr < inputLen) {,0.0,4754,5302
549,S2656,ReaderBasedJsonParser.java,1298,int ch = _inputBuffer[ptr];,0.0,4754,5302
549,S2657,ReaderBasedJsonParser.java,1299,if (ch < maxCode) {,0.0,4754,5302
549,S2658,ReaderBasedJsonParser.java,1300,if (codes[ch] != 0) {,0.0,4754,5302
549,S2659,ReaderBasedJsonParser.java,1301,int start = _inputPtr-1; // -1 to bring back first char,0.0,4754,5302
549,S2660,ReaderBasedJsonParser.java,1302,_inputPtr = ptr;,0.0,4754,5302
549,S2661,ReaderBasedJsonParser.java,1303,"return _symbols.findSymbol(_inputBuffer, start, ptr - start, hash);",0.0,4754,5302
549,S2662,ReaderBasedJsonParser.java,1310,hash = (hash * CharsToNameCanonicalizer.HASH_MULT) + ch;,0.0,4754,5302
549,S2663,ReaderBasedJsonParser.java,1311,++ptr;,0.0,4754,5302
549,S2664,ReaderBasedJsonParser.java,1312,} while (ptr < inputLen);,0.0,4754,5302
549,S2665,ReaderBasedJsonParser.java,1314,int start = _inputPtr-1;,0.0,4754,5302
549,S2666,ReaderBasedJsonParser.java,1315,_inputPtr = ptr;,0.0,4754,5302
549,S2667,ReaderBasedJsonParser.java,1316,"return _handleOddName2(start, hash, codes);",0.0,4754,5302
549,S2668,ReaderBasedJsonParser.java,1322,int ptr = _inputPtr;,0.0,4754,5302
549,S2669,ReaderBasedJsonParser.java,1323,int hash = _hashSeed;,0.0,4754,5302
549,S2670,ReaderBasedJsonParser.java,1324,final int inputLen = _inputEnd;,0.0,4754,5302
549,S2671,ReaderBasedJsonParser.java,1326,if (ptr < inputLen) {,0.0,4754,5302
549,S2672,ReaderBasedJsonParser.java,1327,final int[] codes = _icLatin1;,0.0,4754,5302
549,S2673,ReaderBasedJsonParser.java,1328,final int maxCode = codes.length;,0.0,4754,5302
549,S2674,ReaderBasedJsonParser.java,1331,int ch = _inputBuffer[ptr];,0.0,4754,5302
549,S2675,ReaderBasedJsonParser.java,1332,if (ch == '\'') {,0.0,4754,5302
549,S2676,ReaderBasedJsonParser.java,1333,int start = _inputPtr;,0.0,4754,5302
549,S2677,ReaderBasedJsonParser.java,1334,_inputPtr = ptr+1; // to skip the quote,0.0,4754,5302
549,S2678,ReaderBasedJsonParser.java,1335,"return _symbols.findSymbol(_inputBuffer, start, ptr - start, hash);",0.0,4754,5302
549,S2679,ReaderBasedJsonParser.java,1337,if (ch < maxCode && codes[ch] != 0) {,0.0,4754,5302
549,S2680,ReaderBasedJsonParser.java,1338,break;,0.0,4754,5302
549,S2681,ReaderBasedJsonParser.java,1340,hash = (hash * CharsToNameCanonicalizer.HASH_MULT) + ch;,0.0,4754,5302
549,S2682,ReaderBasedJsonParser.java,1341,++ptr;,0.0,4754,5302
549,S2683,ReaderBasedJsonParser.java,1342,} while (ptr < inputLen);,0.0,4754,5302
549,S2684,ReaderBasedJsonParser.java,1345,int start = _inputPtr;,0.0,4754,5302
549,S2685,ReaderBasedJsonParser.java,1346,_inputPtr = ptr;,0.0,4754,5302
549,S2686,ReaderBasedJsonParser.java,1348,"return _parseName2(start, hash, '\'');",0.0,4754,5302
549,S2687,ReaderBasedJsonParser.java,1358,switch (i) {,0.0,4754,5302
549,S2688,ReaderBasedJsonParser.java,1367,if (isEnabled(Feature.ALLOW_SINGLE_QUOTES)) {,0.0,4754,5302
549,S2689,ReaderBasedJsonParser.java,1368,return _handleApos();,0.0,4754,5302
549,S2690,ReaderBasedJsonParser.java,1372,"_matchToken(""NaN"", 1);",0.0,4754,5302
549,S2691,ReaderBasedJsonParser.java,1373,if (isEnabled(Feature.ALLOW_NON_NUMERIC_NUMBERS)) {,0.0,4754,5302
549,S2692,ReaderBasedJsonParser.java,1374,"return resetAsNaN(""NaN"", Double.NaN);",0.0,4754,5302
549,S2693,ReaderBasedJsonParser.java,1376,"_reportError(""Non-standard token 'NaN': enable JsonParser.Feature.ALLOW_NON_NUMERIC_NUMBERS to allow"");",0.0,4754,5302
549,S2694,ReaderBasedJsonParser.java,1379,"_matchToken(""Infinity"", 1);",0.0,4754,5302
549,S2695,ReaderBasedJsonParser.java,1380,if (isEnabled(Feature.ALLOW_NON_NUMERIC_NUMBERS)) {,0.0,4754,5302
549,S2696,ReaderBasedJsonParser.java,1381,"return resetAsNaN(""Infinity"", Double.POSITIVE_INFINITY);",0.0,4754,5302
549,S2697,ReaderBasedJsonParser.java,1386,if (_inputPtr >= _inputEnd) {,0.0,4754,5302
549,S2698,ReaderBasedJsonParser.java,1391,"return _handleInvalidNumberStart(_inputBuffer[_inputPtr++], false);",0.0,4754,5302
549,S2699,ReaderBasedJsonParser.java,1394,if (Character.isJavaIdentifierStart(i)) {,0.0,4754,5302
549,S2700,ReaderBasedJsonParser.java,1395,"_reportInvalidToken(""""+((char) i), ""('true', 'false' or 'null')"");",0.0,4754,5302
549,S2701,ReaderBasedJsonParser.java,1398,"_reportUnexpectedChar(i, ""expected a valid value (number, String, array, object, 'true', 'false' or 'null')"");",0.0,4754,5302
549,S2702,ReaderBasedJsonParser.java,1404,char[] outBuf = _textBuffer.emptyAndGetCurrentSegment();,0.0,4754,5302
549,S2703,ReaderBasedJsonParser.java,1405,int outPtr = _textBuffer.getCurrentSegmentSize();,0.0,4754,5302
549,S2704,ReaderBasedJsonParser.java,1408,if (_inputPtr >= _inputEnd) {,0.0,4754,5302
549,S2705,ReaderBasedJsonParser.java,1413,char c = _inputBuffer[_inputPtr++];,0.0,4754,5302
549,S2706,ReaderBasedJsonParser.java,1414,int i = (int) c;,0.0,4754,5302
549,S2707,ReaderBasedJsonParser.java,1415,if (i <= '\\') {,0.0,4754,5302
549,S2708,ReaderBasedJsonParser.java,1416,if (i == '\\') {,0.0,4754,5302
549,S2709,ReaderBasedJsonParser.java,1421,c = _decodeEscaped();,0.0,4754,5302
549,S2710,ReaderBasedJsonParser.java,1422,} else if (i <= '\'') {,0.0,4754,5302
549,S2711,ReaderBasedJsonParser.java,1423,if (i == '\'') {,0.0,4754,5302
549,S2712,ReaderBasedJsonParser.java,1424,break;,0.0,4754,5302
549,S2713,ReaderBasedJsonParser.java,1426,if (i < INT_SPACE) {,0.0,4754,5302
549,S2714,ReaderBasedJsonParser.java,1432,if (outPtr >= outBuf.length) {,0.0,4754,5302
549,S2715,ReaderBasedJsonParser.java,1437,outBuf[outPtr++] = c;,0.0,4754,5302
549,S2716,ReaderBasedJsonParser.java,1439,_textBuffer.setCurrentLength(outPtr);,0.0,4754,5302
549,S2717,ReaderBasedJsonParser.java,1440,return JsonToken.VALUE_STRING;,0.0,4754,5302
549,S2718,ReaderBasedJsonParser.java,1445,"_textBuffer.resetWithShared(_inputBuffer, startPtr, (_inputPtr - startPtr));",0.0,4754,5302
549,S2719,ReaderBasedJsonParser.java,1446,char[] outBuf = _textBuffer.getCurrentSegment();,0.0,4754,5302
549,S2720,ReaderBasedJsonParser.java,1447,int outPtr = _textBuffer.getCurrentSegmentSize();,0.0,4754,5302
549,S2721,ReaderBasedJsonParser.java,1448,final int maxCode = codes.length;,0.0,4754,5302
549,S2722,ReaderBasedJsonParser.java,1451,if (_inputPtr >= _inputEnd) {,0.0,4754,5302
549,S2723,ReaderBasedJsonParser.java,1452,if (!loadMore()) { // acceptable for now (will error out later),0.0,4754,5302
549,S2724,ReaderBasedJsonParser.java,1456,char c = _inputBuffer[_inputPtr];,0.0,4754,5302
549,S2725,ReaderBasedJsonParser.java,1457,int i = (int) c;,0.0,4754,5302
549,S2726,ReaderBasedJsonParser.java,1458,if (i <= maxCode) {,0.0,4754,5302
549,S2727,ReaderBasedJsonParser.java,1459,if (codes[i] != 0) {,0.0,4754,5302
549,S2728,ReaderBasedJsonParser.java,1460,break;,0.0,4754,5302
549,S2729,ReaderBasedJsonParser.java,1465,++_inputPtr;,0.0,4754,5302
549,S2730,ReaderBasedJsonParser.java,1466,hash = (hash * CharsToNameCanonicalizer.HASH_MULT) + i;,0.0,4754,5302
549,S2731,ReaderBasedJsonParser.java,1468,outBuf[outPtr++] = c;,0.0,4754,5302
549,S2732,ReaderBasedJsonParser.java,1471,if (outPtr >= outBuf.length) {,0.0,4754,5302
549,S2733,ReaderBasedJsonParser.java,1476,_textBuffer.setCurrentLength(outPtr);,0.0,4754,5302
549,S2734,ReaderBasedJsonParser.java,1478,TextBuffer tb = _textBuffer;,0.0,4754,5302
549,S2735,ReaderBasedJsonParser.java,1479,char[] buf = tb.getTextBuffer();,0.0,4754,5302
549,S2736,ReaderBasedJsonParser.java,1480,int start = tb.getTextOffset();,0.0,4754,5302
549,S2737,ReaderBasedJsonParser.java,1481,int len = tb.size();,0.0,4754,5302
549,S2738,ReaderBasedJsonParser.java,1483,"return _symbols.findSymbol(buf, start, len, hash);",0.0,4754,5302
549,S2739,ReaderBasedJsonParser.java,1494,int ptr = _inputPtr;,0.0,4754,5302
549,S2740,ReaderBasedJsonParser.java,1495,final int inputLen = _inputEnd;,0.0,4754,5302
549,S2741,ReaderBasedJsonParser.java,1497,if (ptr < inputLen) {,0.0,4754,5302
549,S2742,ReaderBasedJsonParser.java,1498,final int[] codes = _icLatin1;,0.0,4754,5302
549,S2743,ReaderBasedJsonParser.java,1499,final int maxCode = codes.length;,0.0,4754,5302
549,S2744,ReaderBasedJsonParser.java,1502,int ch = _inputBuffer[ptr];,0.0,4754,5302
549,S2745,ReaderBasedJsonParser.java,1503,if (ch < maxCode && codes[ch] != 0) {,0.0,4754,5302
549,S2746,ReaderBasedJsonParser.java,1504,"if (ch == '""') {",0.0,4754,5302
549,S2747,ReaderBasedJsonParser.java,1505,"_textBuffer.resetWithShared(_inputBuffer, _inputPtr, (ptr-_inputPtr));",0.0,4754,5302
549,S2748,ReaderBasedJsonParser.java,1506,_inputPtr = ptr+1;,0.0,4754,5302
549,S2749,ReaderBasedJsonParser.java,1508,return;,0.0,4754,5302
549,S2750,ReaderBasedJsonParser.java,1512,++ptr;,0.0,4754,5302
549,S2751,ReaderBasedJsonParser.java,1513,} while (ptr < inputLen);,0.0,4754,5302
549,S2752,ReaderBasedJsonParser.java,1519,"_textBuffer.resetWithCopy(_inputBuffer, _inputPtr, (ptr-_inputPtr));",0.0,4754,5302
549,S2753,ReaderBasedJsonParser.java,1520,_inputPtr = ptr;,0.0,4754,5302
549,S2754,ReaderBasedJsonParser.java,1521,_finishString2();,0.0,4754,5302
549,S2755,ReaderBasedJsonParser.java,1526,char[] outBuf = _textBuffer.getCurrentSegment();,0.0,4754,5302
549,S2756,ReaderBasedJsonParser.java,1527,int outPtr = _textBuffer.getCurrentSegmentSize();,0.0,4754,5302
549,S2757,ReaderBasedJsonParser.java,1530,if (_inputPtr >= _inputEnd) {,0.0,4754,5302
549,S2758,ReaderBasedJsonParser.java,1531,if (!loadMore()) {,0.0,4754,5302
549,S2759,ReaderBasedJsonParser.java,1535,char c = _inputBuffer[_inputPtr++];,0.0,4754,5302
549,S2760,ReaderBasedJsonParser.java,1536,int i = (int) c;,0.0,4754,5302
549,S2761,ReaderBasedJsonParser.java,1537,if (i <= INT_BACKSLASH) {,0.0,4754,5302
549,S2762,ReaderBasedJsonParser.java,1538,if (i == INT_BACKSLASH) {,0.0,4754,5302
549,S2763,ReaderBasedJsonParser.java,1543,c = _decodeEscaped();,0.0,4754,5302
549,S2764,ReaderBasedJsonParser.java,1544,} else if (i <= INT_QUOTE) {,0.0,4754,5302
549,S2765,ReaderBasedJsonParser.java,1545,if (i == INT_QUOTE) {,0.0,4754,5302
549,S2766,ReaderBasedJsonParser.java,1546,break;,0.0,4754,5302
549,S2767,ReaderBasedJsonParser.java,1548,if (i < INT_SPACE) {,0.0,4754,5302
549,S2768,ReaderBasedJsonParser.java,1549,"_throwUnquotedSpace(i, ""string value"");",0.0,4754,5302
549,S2769,ReaderBasedJsonParser.java,1554,if (outPtr >= outBuf.length) {,0.0,4754,5302
549,S2770,ReaderBasedJsonParser.java,1555,outBuf = _textBuffer.finishCurrentSegment();,0.0,4754,5302
549,S2771,ReaderBasedJsonParser.java,1556,outPtr = 0;,0.0,4754,5302
549,S2772,ReaderBasedJsonParser.java,1559,outBuf[outPtr++] = c;,0.0,4754,5302
549,S2773,ReaderBasedJsonParser.java,1561,_textBuffer.setCurrentLength(outPtr);,0.0,4754,5302
549,S2774,ReaderBasedJsonParser.java,1571,_tokenIncomplete = false;,0.0,4754,5302
549,S2775,ReaderBasedJsonParser.java,1573,int inputPtr = _inputPtr;,0.0,4754,5302
549,S2776,ReaderBasedJsonParser.java,1574,int inputLen = _inputEnd;,0.0,4754,5302
549,S2777,ReaderBasedJsonParser.java,1575,char[] inputBuffer = _inputBuffer;,0.0,4754,5302
549,S2778,ReaderBasedJsonParser.java,1578,if (inputPtr >= inputLen) {,0.0,4754,5302
549,S2779,ReaderBasedJsonParser.java,1586,char c = inputBuffer[inputPtr++];,0.0,4754,5302
549,S2780,ReaderBasedJsonParser.java,1587,int i = (int) c;,0.0,4754,5302
549,S2781,ReaderBasedJsonParser.java,1588,if (i <= INT_BACKSLASH) {,0.0,4754,5302
549,S2782,ReaderBasedJsonParser.java,1589,if (i == INT_BACKSLASH) {,0.0,4754,5302
549,S2783,ReaderBasedJsonParser.java,1598,} else if (i <= INT_QUOTE) {,0.0,4754,5302
549,S2784,ReaderBasedJsonParser.java,1599,if (i == INT_QUOTE) {,0.0,4754,5302
549,S2785,ReaderBasedJsonParser.java,1600,_inputPtr = inputPtr;,0.0,4754,5302
549,S2786,ReaderBasedJsonParser.java,1601,break;,0.0,4754,5302
549,S2787,ReaderBasedJsonParser.java,1603,if (i < INT_SPACE) {,0.0,4754,5302
549,S2788,ReaderBasedJsonParser.java,1624,if (_inputPtr < _inputEnd || loadMore()) {,0.0,4754,5302
549,S2789,ReaderBasedJsonParser.java,1625,if (_inputBuffer[_inputPtr] == '\n') {,0.0,4754,5302
549,S2790,ReaderBasedJsonParser.java,1626,++_inputPtr;,0.0,4754,5302
549,S2791,ReaderBasedJsonParser.java,1629,++_currInputRow;,0.0,4754,5302
549,S2792,ReaderBasedJsonParser.java,1630,_currInputRowStart = _inputPtr;,0.0,4754,5302
549,S2793,ReaderBasedJsonParser.java,1635,final int[] codes = _icWS;,0.0,4754,5302
549,S2794,ReaderBasedJsonParser.java,1636,while (_inputPtr < _inputEnd || loadMore()) {,0.0,4754,5302
549,S2795,ReaderBasedJsonParser.java,1637,int i = (int) _inputBuffer[_inputPtr++];,0.0,4754,5302
549,S2796,ReaderBasedJsonParser.java,1638,if (i >= 64) {,0.0,4754,5302
549,S2797,ReaderBasedJsonParser.java,1639,return i;,0.0,4754,5302
549,S2798,ReaderBasedJsonParser.java,1641,switch (codes[i]) {,0.0,4754,5302
549,S2799,ReaderBasedJsonParser.java,1645,return i;,0.0,4754,5302
549,S2800,ReaderBasedJsonParser.java,1647,continue;,0.0,4754,5302
549,S2801,ReaderBasedJsonParser.java,1649,++_currInputRow;,0.0,4754,5302
549,S2802,ReaderBasedJsonParser.java,1650,_currInputRowStart = _inputPtr;,0.0,4754,5302
549,S2803,ReaderBasedJsonParser.java,1651,break;,0.0,4754,5302
549,S2804,ReaderBasedJsonParser.java,1653,_skipCR();,0.0,4754,5302
549,S2805,ReaderBasedJsonParser.java,1654,break;,0.0,4754,5302
549,S2806,ReaderBasedJsonParser.java,1659,if (!_skipYAMLComment()) {,0.0,4754,5302
549,S2807,ReaderBasedJsonParser.java,1660,return i;,0.0,4754,5302
549,S2812,ReaderBasedJsonParser.java,1674,return i;,0.0,4754,5302
549,S2815,ReaderBasedJsonParser.java,1682,continue;,0.0,4754,5302
549,S2816,ReaderBasedJsonParser.java,1684,++_currInputRow;,0.0,4754,5302
549,S2817,ReaderBasedJsonParser.java,1685,_currInputRowStart = _inputPtr;,0.0,4754,5302
549,S2818,ReaderBasedJsonParser.java,1686,break;,0.0,4754,5302
549,S2819,ReaderBasedJsonParser.java,1688,_skipCR();,0.0,4754,5302
549,S2820,ReaderBasedJsonParser.java,1689,break;,0.0,4754,5302
549,S2821,ReaderBasedJsonParser.java,1691,_skipComment();,0.0,4754,5302
549,S2822,ReaderBasedJsonParser.java,1692,break;,0.0,4754,5302
549,S2823,ReaderBasedJsonParser.java,1694,if (!_skipYAMLComment()) {,0.0,4754,5302
549,S2824,ReaderBasedJsonParser.java,1701,_handleEOF();,0.0,4754,5302
549,S2825,ReaderBasedJsonParser.java,1702,return -1;,0.0,4754,5302
549,S2826,ReaderBasedJsonParser.java,1707,if (!isEnabled(Feature.ALLOW_COMMENTS)) {,0.0,4754,5302
549,S2827,ReaderBasedJsonParser.java,1708,"_reportUnexpectedChar('/', ""maybe a (non-standard) comment? (not recognized as one since Feature 'ALLOW_COMMENTS' not enabled for parser)"");",0.0,4754,5302
549,S2828,ReaderBasedJsonParser.java,1711,if (_inputPtr >= _inputEnd && !loadMore()) {,0.0,4754,5302
549,S2829,ReaderBasedJsonParser.java,1714,char c = _inputBuffer[_inputPtr++];,0.0,4754,5302
549,S2830,ReaderBasedJsonParser.java,1715,if (c == '/') {,0.0,4754,5302
549,S2831,ReaderBasedJsonParser.java,1716,_skipLine();,0.0,4754,5302
549,S2832,ReaderBasedJsonParser.java,1717,} else if (c == '*') {,0.0,4754,5302
549,S2833,ReaderBasedJsonParser.java,1718,_skipCComment();,0.0,4754,5302
549,S2834,ReaderBasedJsonParser.java,1728,while ((_inputPtr < _inputEnd) || loadMore()) {,0.0,4754,5302
549,S2835,ReaderBasedJsonParser.java,1729,int i = (int) _inputBuffer[_inputPtr++];,0.0,4754,5302
549,S2836,ReaderBasedJsonParser.java,1730,if (i <= '*') {,0.0,4754,5302
549,S2837,ReaderBasedJsonParser.java,1731,if (i == '*') { // end?,0.0,4754,5302
549,S2838,ReaderBasedJsonParser.java,1732,if ((_inputPtr >= _inputEnd) && !loadMore()) {,0.0,4754,5302
549,S2839,ReaderBasedJsonParser.java,1735,if (_inputBuffer[_inputPtr] == INT_SLASH) {,0.0,4754,5302
549,S2840,ReaderBasedJsonParser.java,1736,++_inputPtr;,0.0,4754,5302
549,S2841,ReaderBasedJsonParser.java,1737,return;,0.0,4754,5302
549,S2842,ReaderBasedJsonParser.java,1741,if (i < INT_SPACE) {,0.0,4754,5302
549,S2843,ReaderBasedJsonParser.java,1742,if (i == INT_LF) {,0.0,4754,5302
549,S2844,ReaderBasedJsonParser.java,1743,++_currInputRow;,0.0,4754,5302
549,S2845,ReaderBasedJsonParser.java,1744,_currInputRowStart = _inputPtr;,0.0,4754,5302
549,S2846,ReaderBasedJsonParser.java,1758,if (!isEnabled(Feature.ALLOW_YAML_COMMENTS)) {,0.0,4754,5302
549,S2847,ReaderBasedJsonParser.java,1759,return false;,0.0,4754,5302
549,S2848,ReaderBasedJsonParser.java,1761,_skipLine();,0.0,4754,5302
549,S2849,ReaderBasedJsonParser.java,1762,return true;,0.0,4754,5302
549,S2850,ReaderBasedJsonParser.java,1768,while ((_inputPtr < _inputEnd) || loadMore()) {,0.0,4754,5302
549,S2851,ReaderBasedJsonParser.java,1769,int i = (int) _inputBuffer[_inputPtr++];,0.0,4754,5302
549,S2852,ReaderBasedJsonParser.java,1770,if (i < INT_SPACE) {,0.0,4754,5302
549,S2853,ReaderBasedJsonParser.java,1771,if (i == INT_LF) {,0.0,4754,5302
549,S2854,ReaderBasedJsonParser.java,1772,++_currInputRow;,0.0,4754,5302
549,S2855,ReaderBasedJsonParser.java,1773,_currInputRowStart = _inputPtr;,0.0,4754,5302
549,S2856,ReaderBasedJsonParser.java,1774,break;,0.0,4754,5302
549,S2857,ReaderBasedJsonParser.java,1788,if (_inputPtr >= _inputEnd) {,0.0,4754,5302
549,S2858,ReaderBasedJsonParser.java,1789,if (!loadMore()) {,0.0,4754,5302
549,S2859,ReaderBasedJsonParser.java,1793,char c = _inputBuffer[_inputPtr++];,0.0,4754,5302
549,S2860,ReaderBasedJsonParser.java,1795,switch ((int) c) {,0.0,4754,5302
549,S2861,ReaderBasedJsonParser.java,1798,return '\b';,0.0,4754,5302
549,S2862,ReaderBasedJsonParser.java,1800,return '\t';,0.0,4754,5302
549,S2863,ReaderBasedJsonParser.java,1802,return '\n';,0.0,4754,5302
549,S2864,ReaderBasedJsonParser.java,1804,return '\f';,0.0,4754,5302
549,S2865,ReaderBasedJsonParser.java,1806,return '\r';,0.0,4754,5302
549,S2866,ReaderBasedJsonParser.java,1812,return c;,0.0,4754,5302
549,S2867,ReaderBasedJsonParser.java,1815,break;,0.0,4754,5302
549,S2868,ReaderBasedJsonParser.java,1818,return _handleUnrecognizedCharacterEscape(c);,0.0,4754,5302
549,S2869,ReaderBasedJsonParser.java,1822,int value = 0;,0.0,4754,5302
549,S2870,ReaderBasedJsonParser.java,1823,for (int i = 0; i < 4; ++i) {,0.0,4754,5302
549,S2871,ReaderBasedJsonParser.java,1824,if (_inputPtr >= _inputEnd) {,0.0,4754,5302
549,S2872,ReaderBasedJsonParser.java,1829,int ch = (int) _inputBuffer[_inputPtr++];,0.0,4754,5302
549,S2873,ReaderBasedJsonParser.java,1830,int digit = CharTypes.charToHex(ch);,0.0,4754,5302
549,S2874,ReaderBasedJsonParser.java,1831,if (digit < 0) {,0.0,4754,5302
549,S2875,ReaderBasedJsonParser.java,1832,"_reportUnexpectedChar(ch, ""expected a hex-digit for character escape sequence"");",0.0,4754,5302
549,S2876,ReaderBasedJsonParser.java,1834,value = (value << 4) | digit;,0.0,4754,5302
549,S2877,ReaderBasedJsonParser.java,1836,return (char) value;,0.0,4754,5302
549,S2878,ReaderBasedJsonParser.java,1844,final int len = matchStr.length();,0.0,4754,5302
549,S2879,ReaderBasedJsonParser.java,1847,if (_inputPtr >= _inputEnd) {,0.0,4754,5302
549,S2880,ReaderBasedJsonParser.java,1848,if (!loadMore()) {,0.0,4754,5302
549,S2881,ReaderBasedJsonParser.java,1849,"_reportInvalidToken(matchStr.substring(0, i));",0.0,4754,5302
549,S2882,ReaderBasedJsonParser.java,1852,if (_inputBuffer[_inputPtr] != matchStr.charAt(i)) {,0.0,4754,5302
549,S2883,ReaderBasedJsonParser.java,1853,"_reportInvalidToken(matchStr.substring(0, i));",0.0,4754,5302
549,S2884,ReaderBasedJsonParser.java,1855,++_inputPtr;,0.0,4754,5302
549,S2885,ReaderBasedJsonParser.java,1856,} while (++i < len);,0.0,4754,5302
549,S2886,ReaderBasedJsonParser.java,1859,if (_inputPtr >= _inputEnd) {,0.0,4754,5302
549,S2887,ReaderBasedJsonParser.java,1860,if (!loadMore()) {,0.0,4754,5302
549,S2888,ReaderBasedJsonParser.java,1861,return;,0.0,4754,5302
549,S2889,ReaderBasedJsonParser.java,1864,char c = _inputBuffer[_inputPtr];,0.0,4754,5302
549,S2890,ReaderBasedJsonParser.java,1865,if (c < '0' || c == ']' || c == '}') { // expected/allowed chars,0.0,4754,5302
549,S2891,ReaderBasedJsonParser.java,1866,return;,0.0,4754,5302
549,S2892,ReaderBasedJsonParser.java,1869,if (Character.isJavaIdentifierPart(c)) {,0.0,4754,5302
549,S2893,ReaderBasedJsonParser.java,1870,"_reportInvalidToken(matchStr.substring(0, i));",0.0,4754,5302
549,S2894,ReaderBasedJsonParser.java,1888,ByteArrayBuilder builder = _getByteArrayBuilder();,0.0,4754,5302
549,S2895,ReaderBasedJsonParser.java,1895,if (_inputPtr >= _inputEnd) {,0.0,4754,5302
549,S2896,ReaderBasedJsonParser.java,1896,loadMoreGuaranteed();,0.0,4754,5302
549,S2897,ReaderBasedJsonParser.java,1898,ch = _inputBuffer[_inputPtr++];,0.0,4754,5302
549,S2898,ReaderBasedJsonParser.java,1899,} while (ch <= INT_SPACE);,0.0,4754,5302
549,S2899,ReaderBasedJsonParser.java,1900,int bits = b64variant.decodeBase64Char(ch);,0.0,4754,5302
549,S2900,ReaderBasedJsonParser.java,1901,if (bits < 0) {,0.0,4754,5302
549,S2901,ReaderBasedJsonParser.java,1902,"if (ch == '""') { // reached the end, fair and square?",0.0,4754,5302
549,S2902,ReaderBasedJsonParser.java,1903,return builder.toByteArray();,0.0,4754,5302
549,S2903,ReaderBasedJsonParser.java,1905,"bits = _decodeBase64Escape(b64variant, ch, 0);",0.0,4754,5302
549,S2904,ReaderBasedJsonParser.java,1906,if (bits < 0) { // white space to skip,0.0,4754,5302
549,S2905,ReaderBasedJsonParser.java,1907,continue;,0.0,4754,5302
549,S2906,ReaderBasedJsonParser.java,1910,int decodedData = bits;,0.0,4754,5302
549,S2907,ReaderBasedJsonParser.java,1914,if (_inputPtr >= _inputEnd) {,0.0,4754,5302
549,S2908,ReaderBasedJsonParser.java,1917,ch = _inputBuffer[_inputPtr++];,0.0,4754,5302
549,S2909,ReaderBasedJsonParser.java,1918,bits = b64variant.decodeBase64Char(ch);,0.0,4754,5302
549,S2910,ReaderBasedJsonParser.java,1919,if (bits < 0) {,0.0,4754,5302
549,S2911,ReaderBasedJsonParser.java,1920,"bits = _decodeBase64Escape(b64variant, ch, 1);",0.0,4754,5302
549,S2912,ReaderBasedJsonParser.java,1922,decodedData = (decodedData << 6) | bits;,0.0,4754,5302
549,S2913,ReaderBasedJsonParser.java,1925,if (_inputPtr >= _inputEnd) {,0.0,4754,5302
549,S2914,ReaderBasedJsonParser.java,1926,loadMoreGuaranteed();,0.0,4754,5302
549,S2915,ReaderBasedJsonParser.java,1928,ch = _inputBuffer[_inputPtr++];,0.0,4754,5302
549,S2916,ReaderBasedJsonParser.java,1929,bits = b64variant.decodeBase64Char(ch);,0.0,4754,5302
549,S2917,ReaderBasedJsonParser.java,1932,if (bits < 0) {,0.0,4754,5302
549,S2918,ReaderBasedJsonParser.java,1933,if (bits != Base64Variant.BASE64_VALUE_PADDING) {,0.0,4754,5302
549,S2919,ReaderBasedJsonParser.java,1935,"if (ch == '""' && !b64variant.usesPadding()) {",0.0,4754,5302
549,S2920,ReaderBasedJsonParser.java,1936,decodedData >>= 4;,0.0,4754,5302
549,S2921,ReaderBasedJsonParser.java,1937,builder.append(decodedData);,0.0,4754,5302
549,S2922,ReaderBasedJsonParser.java,1938,return builder.toByteArray();,0.0,4754,5302
549,S2923,ReaderBasedJsonParser.java,1942,if (bits == Base64Variant.BASE64_VALUE_PADDING) {,0.0,4754,5302
549,S2924,ReaderBasedJsonParser.java,1944,if (_inputPtr >= _inputEnd) {,0.0,4754,5302
549,S2925,ReaderBasedJsonParser.java,1947,ch = _inputBuffer[_inputPtr++];,0.0,4754,5302
549,S2926,ReaderBasedJsonParser.java,1948,if (!b64variant.usesPaddingChar(ch)) {,0.0,4754,5302
549,S2927,ReaderBasedJsonParser.java,1952,decodedData >>= 4;,0.0,4754,5302
549,S2928,ReaderBasedJsonParser.java,1953,builder.append(decodedData);,0.0,4754,5302
549,S2929,ReaderBasedJsonParser.java,1954,continue;,0.0,4754,5302
549,S2930,ReaderBasedJsonParser.java,1959,decodedData = (decodedData << 6) | bits;,0.0,4754,5302
549,S2931,ReaderBasedJsonParser.java,1961,if (_inputPtr >= _inputEnd) {,0.0,4754,5302
549,S2932,ReaderBasedJsonParser.java,1964,ch = _inputBuffer[_inputPtr++];,0.0,4754,5302
549,S2933,ReaderBasedJsonParser.java,1965,bits = b64variant.decodeBase64Char(ch);,0.0,4754,5302
549,S2934,ReaderBasedJsonParser.java,1966,if (bits < 0) {,0.0,4754,5302
549,S2935,ReaderBasedJsonParser.java,1967,if (bits != Base64Variant.BASE64_VALUE_PADDING) {,0.0,4754,5302
549,S2936,ReaderBasedJsonParser.java,1969,"if (ch == '""' && !b64variant.usesPadding()) {",0.0,4754,5302
549,S2937,ReaderBasedJsonParser.java,1970,decodedData >>= 2;,0.0,4754,5302
549,S2938,ReaderBasedJsonParser.java,1971,builder.appendTwoBytes(decodedData);,0.0,4754,5302
549,S2939,ReaderBasedJsonParser.java,1972,return builder.toByteArray();,0.0,4754,5302
549,S2940,ReaderBasedJsonParser.java,1974,"bits = _decodeBase64Escape(b64variant, ch, 3);",0.0,4754,5302
549,S2941,ReaderBasedJsonParser.java,1976,if (bits == Base64Variant.BASE64_VALUE_PADDING) {,0.0,4754,5302
549,S2942,ReaderBasedJsonParser.java,1982,decodedData >>= 2;,0.0,4754,5302
549,S2943,ReaderBasedJsonParser.java,1983,builder.appendTwoBytes(decodedData);,0.0,4754,5302
549,S2944,ReaderBasedJsonParser.java,1984,continue;,0.0,4754,5302
549,S2945,ReaderBasedJsonParser.java,1989,decodedData = (decodedData << 6) | bits;,0.0,4754,5302
549,S2946,ReaderBasedJsonParser.java,1990,builder.appendThreeBytes(decodedData);,0.0,4754,5302
549,S2947,ReaderBasedJsonParser.java,2001,"_reportInvalidToken(matchedPart, ""'null', 'true', 'false' or NaN"");",0.0,4754,5302
549,S2948,ReaderBasedJsonParser.java,2007,StringBuilder sb = new StringBuilder(matchedPart);,0.0,4754,5302
549,S2949,ReaderBasedJsonParser.java,2013,if (_inputPtr >= _inputEnd) {,0.0,4754,5302
549,S2950,ReaderBasedJsonParser.java,2014,if (!loadMore()) {,0.0,4754,5302
549,S2951,ReaderBasedJsonParser.java,2015,break;,0.0,4754,5302
549,S2952,ReaderBasedJsonParser.java,2018,char c = _inputBuffer[_inputPtr];,0.0,4754,5302
549,S2953,ReaderBasedJsonParser.java,2019,if (!Character.isJavaIdentifierPart(c)) {,0.0,4754,5302
549,S2954,ReaderBasedJsonParser.java,2020,break;,0.0,4754,5302
549,S2955,ReaderBasedJsonParser.java,2022,++_inputPtr;,0.0,4754,5302
549,S2956,ReaderBasedJsonParser.java,2023,sb.append(c);,0.0,4754,5302
549,S2957,ReaderBasedJsonParser.java,2025,"_reportError(""Unrecognized token '""+sb.toString()+""': was expecting "");",0.0,4754,5302
549,S2961,SerializedString.java,60,_jdkSerializeValue = in.readUTF();,0.0,4754,5302
549,S2962,SerializedString.java,64,out.writeUTF(_value);,0.0,4754,5302
549,S2963,SerializedString.java,68,return new SerializedString(_jdkSerializeValue);,0.0,4754,5302
549,S2964,SerializedString.java,78,public final String getValue() { return _value; },0.0,4754,5302
549,S2965,SerializedString.java,89,char[] result = _quotedChars;,0.0,4754,5302
549,S2966,SerializedString.java,90,if (result == null) {,0.0,4754,5302
549,S2967,SerializedString.java,91,result = JsonStringEncoder.getInstance().quoteAsString(_value);,0.0,4754,5302
549,S2968,SerializedString.java,92,_quotedChars = result;,0.0,4754,5302
549,S2969,SerializedString.java,94,return result;,0.0,4754,5302
549,S2970,SerializedString.java,104,byte[] result = _unquotedUTF8Ref;,0.0,4754,5302
549,S2971,SerializedString.java,105,if (result == null) {,0.0,4754,5302
549,S2972,SerializedString.java,106,result = JsonStringEncoder.getInstance().encodeAsUTF8(_value);,0.0,4754,5302
549,S2973,SerializedString.java,107,_unquotedUTF8Ref  = result;,0.0,4754,5302
549,S2974,SerializedString.java,109,return result;,0.0,4754,5302
549,S2975,SerializedString.java,119,byte[] result = _quotedUTF8Ref;,0.0,4754,5302
549,S2976,SerializedString.java,120,if (result == null) {,0.0,4754,5302
549,S2977,SerializedString.java,121,result = JsonStringEncoder.getInstance().quoteAsUTF8(_value);,0.0,4754,5302
549,S2978,SerializedString.java,122,_quotedUTF8Ref = result;,0.0,4754,5302
549,S2979,SerializedString.java,124,return result;,0.0,4754,5302
549,S2980,SerializedString.java,136,byte[] result = _quotedUTF8Ref;,0.0,4754,5302
549,S2981,SerializedString.java,137,if (result == null) {,0.0,4754,5302
549,S2982,SerializedString.java,138,result = JsonStringEncoder.getInstance().quoteAsUTF8(_value);,0.0,4754,5302
549,S2983,SerializedString.java,139,_quotedUTF8Ref = result;,0.0,4754,5302
549,S2984,SerializedString.java,141,final int length = result.length;,0.0,4754,5302
549,S2985,SerializedString.java,142,if ((offset + length) > buffer.length) {,0.0,4754,5302
549,S2986,SerializedString.java,145,"System.arraycopy(result, 0, buffer, offset, length);",0.0,4754,5302
549,S2987,SerializedString.java,146,return length;,0.0,4754,5302
549,S2988,SerializedString.java,259,public final String toString() { return _value; },0.0,4754,5302
549,S2992,TextBuffer.java,137,if (_allocator == null) {,0.0,4754,5302
549,S2993,TextBuffer.java,140,if (_currentSegment != null) {,0.0,4754,5302
549,S2994,TextBuffer.java,142,resetWithEmpty();,0.0,4754,5302
549,S2995,TextBuffer.java,144,char[] buf = _currentSegment;,0.0,4754,5302
549,S2996,TextBuffer.java,145,_currentSegment = null;,0.0,4754,5302
549,S2997,TextBuffer.java,146,"_allocator.releaseCharBuffer(BufferRecycler.CharBufferType.TEXT_BUFFER, buf);",0.0,4754,5302
549,S2998,TextBuffer.java,157,_inputStart = -1; // indicates shared buffer not used,0.0,4754,5302
549,S2999,TextBuffer.java,158,_currentSize = 0;,0.0,4754,5302
549,S3000,TextBuffer.java,159,_inputLen = 0;,0.0,4754,5302
549,S3001,TextBuffer.java,161,_inputBuffer = null;,0.0,4754,5302
549,S3002,TextBuffer.java,162,_resultString = null;,0.0,4754,5302
549,S3003,TextBuffer.java,163,_resultArray = null;,0.0,4754,5302
549,S3004,TextBuffer.java,166,if (_hasSegments) {,0.0,4754,5302
549,S3005,TextBuffer.java,167,clearSegments();,0.0,4754,5302
549,S3012,TextBuffer.java,196,_inputBuffer = null;,0.0,4754,5302
549,S3013,TextBuffer.java,197,_inputStart = -1; // indicates shared buffer not used,0.0,4754,5302
549,S3014,TextBuffer.java,198,_inputLen = 0;,0.0,4754,5302
549,S3015,TextBuffer.java,200,_resultString = null;,0.0,4754,5302
549,S3016,TextBuffer.java,201,_resultArray = null;,0.0,4754,5302
549,S3017,TextBuffer.java,204,if (_hasSegments) {,0.0,4754,5302
549,S3018,TextBuffer.java,206,} else if (_currentSegment == null) {,0.0,4754,5302
549,S3019,TextBuffer.java,207,_currentSegment = findBuffer(len);,0.0,4754,5302
549,S3020,TextBuffer.java,209,_currentSize = _segmentSize = 0;,0.0,4754,5302
549,S3021,TextBuffer.java,210,"append(buf, start, len);",0.0,4754,5302
549,S3022,TextBuffer.java,215,_inputBuffer = null;,0.0,4754,5302
549,S3023,TextBuffer.java,216,_inputStart = -1;,0.0,4754,5302
549,S3024,TextBuffer.java,217,_inputLen = 0;,0.0,4754,5302
549,S3025,TextBuffer.java,219,_resultString = value;,0.0,4754,5302
549,S3026,TextBuffer.java,220,_resultArray = null;,0.0,4754,5302
549,S3027,TextBuffer.java,222,if (_hasSegments) {,0.0,4754,5302
549,S3028,TextBuffer.java,225,_currentSize = 0;,0.0,4754,5302
549,S3031,TextBuffer.java,238,"return new char[Math.max(needed, MIN_SEGMENT_LEN)];",0.0,4754,5302
549,S3032,TextBuffer.java,243,_hasSegments = false;,0.0,4754,5302
549,S3033,TextBuffer.java,251,_segments.clear();,0.0,4754,5302
549,S3034,TextBuffer.java,252,_currentSize = _segmentSize = 0;,0.0,4754,5302
549,S3035,TextBuffer.java,265,if (_inputStart >= 0) { // shared copy from input buf,0.0,4754,5302
549,S3036,TextBuffer.java,266,return _inputLen;,0.0,4754,5302
549,S3037,TextBuffer.java,268,if (_resultArray != null) {,0.0,4754,5302
549,S3038,TextBuffer.java,271,if (_resultString != null) {,0.0,4754,5302
549,S3039,TextBuffer.java,275,return _segmentSize + _currentSize;,0.0,4754,5302
549,S3040,TextBuffer.java,284,return (_inputStart >= 0) ? _inputStart : 0;,0.0,4754,5302
549,S3041,TextBuffer.java,307,if (_inputStart >= 0) {,0.0,4754,5302
549,S3042,TextBuffer.java,308,return _inputBuffer;,0.0,4754,5302
549,S3043,TextBuffer.java,310,if (_resultArray != null) {,0.0,4754,5302
549,S3044,TextBuffer.java,313,if (_resultString != null) {,0.0,4754,5302
549,S3045,TextBuffer.java,314,return (_resultArray = _resultString.toCharArray());,0.0,4754,5302
549,S3046,TextBuffer.java,317,if (!_hasSegments) {,0.0,4754,5302
549,S3047,TextBuffer.java,318,return _currentSegment;,0.0,4754,5302
549,S3048,TextBuffer.java,321,return contentsAsArray();,0.0,4754,5302
549,S3049,TextBuffer.java,332,if (_resultString == null) {,0.0,4754,5302
549,S3050,TextBuffer.java,334,if (_resultArray != null) {,0.0,4754,5302
549,S3051,TextBuffer.java,335,_resultString = new String(_resultArray);,0.0,4754,5302
549,S3052,TextBuffer.java,338,if (_inputStart >= 0) {,0.0,4754,5302
549,S3053,TextBuffer.java,339,if (_inputLen < 1) {,0.0,4754,5302
549,S3054,TextBuffer.java,342,"_resultString = new String(_inputBuffer, _inputStart, _inputLen);",0.0,4754,5302
549,S3055,TextBuffer.java,345,int segLen = _segmentSize;,0.0,4754,5302
549,S3056,TextBuffer.java,346,int currLen = _currentSize;,0.0,4754,5302
549,S3057,TextBuffer.java,348,if (segLen == 0) { // yup,0.0,4754,5302
549,S3058,TextBuffer.java,349,"_resultString = (currLen == 0) ? """" : new String(_currentSegment, 0, currLen);",0.0,4754,5302
549,S3059,TextBuffer.java,351,StringBuilder sb = new StringBuilder(segLen + currLen);,0.0,4754,5302
549,S3060,TextBuffer.java,353,if (_segments != null) {,0.0,4754,5302
549,S3061,TextBuffer.java,354,"for (int i = 0, len = _segments.size(); i < len; ++i) {",0.0,4754,5302
549,S3062,TextBuffer.java,355,char[] curr = _segments.get(i);,0.0,4754,5302
549,S3063,TextBuffer.java,356,"sb.append(curr, 0, curr.length);",0.0,4754,5302
549,S3064,TextBuffer.java,360,"sb.append(_currentSegment, 0, _currentSize);",0.0,4754,5302
549,S3065,TextBuffer.java,361,_resultString = sb.toString();,0.0,4754,5302
549,S3066,TextBuffer.java,366,return _resultString;,0.0,4754,5302
549,S3067,TextBuffer.java,371,char[] result = _resultArray;,0.0,4754,5302
549,S3068,TextBuffer.java,372,if (result == null) {,0.0,4754,5302
549,S3069,TextBuffer.java,373,_resultArray = result = buildResultArray();,0.0,4754,5302
549,S3070,TextBuffer.java,375,return result;,0.0,4754,5302
549,S3071,TextBuffer.java,408,return NumberInput.parseDouble(contentsAsString());,0.0,4754,5302
549,S3072,TextBuffer.java,446,if (_inputStart >= 0) {,0.0,4754,5302
549,S3073,TextBuffer.java,449,_resultString = null;,0.0,4754,5302
549,S3074,TextBuffer.java,450,_resultArray = null;,0.0,4754,5302
549,S3075,TextBuffer.java,453,char[] curr = _currentSegment;,0.0,4754,5302
549,S3076,TextBuffer.java,454,int max = curr.length - _currentSize;,0.0,4754,5302
549,S3077,TextBuffer.java,456,if (max >= len) {,0.0,4754,5302
549,S3078,TextBuffer.java,457,"System.arraycopy(c, start, curr, _currentSize, len);",0.0,4754,5302
549,S3079,TextBuffer.java,458,_currentSize += len;,0.0,4754,5302
549,S3080,TextBuffer.java,459,return;,0.0,4754,5302
549,S3081,TextBuffer.java,530,if (_inputStart >= 0) {,0.0,4754,5302
549,S3082,TextBuffer.java,531,unshare(1);,0.0,4754,5302
549,S3083,TextBuffer.java,533,char[] curr = _currentSegment;,0.0,4754,5302
549,S3084,TextBuffer.java,534,if (curr == null) {,0.0,4754,5302
549,S3085,TextBuffer.java,536,} else if (_currentSize >= curr.length) {,0.0,4754,5302
549,S3086,TextBuffer.java,541,return _currentSegment;,0.0,4754,5302
549,S3094,TextBuffer.java,557,clearSegments();,0.0,4754,5302
549,S3099,TextBuffer.java,567,return _currentSize;,0.0,4754,5302
549,S3101,TextBuffer.java,576,if (_segments == null) {,0.0,4754,5302
549,S3102,TextBuffer.java,577,_segments = new ArrayList<char[]>();,0.0,4754,5302
549,S3103,TextBuffer.java,579,_hasSegments = true;,0.0,4754,5302
549,S3104,TextBuffer.java,580,_segments.add(_currentSegment);,0.0,4754,5302
549,S3105,TextBuffer.java,581,int oldLen = _currentSegment.length;,0.0,4754,5302
549,S3106,TextBuffer.java,582,_segmentSize += oldLen;,0.0,4754,5302
549,S3107,TextBuffer.java,584,"int newLen = Math.min(oldLen + (oldLen >> 1), MAX_SEGMENT_LEN);",0.0,4754,5302
549,S3108,TextBuffer.java,585,char[] curr = _charArray(newLen);,0.0,4754,5302
549,S3109,TextBuffer.java,586,_currentSize = 0;,0.0,4754,5302
549,S3110,TextBuffer.java,587,_currentSegment = curr;,0.0,4754,5302
549,S3111,TextBuffer.java,588,return curr;,0.0,4754,5302
549,S3112,TextBuffer.java,635,int sharedLen = _inputLen;,0.0,4754,5302
549,S3113,TextBuffer.java,636,_inputLen = 0;,0.0,4754,5302
549,S3114,TextBuffer.java,637,char[] inputBuf = _inputBuffer;,0.0,4754,5302
549,S3115,TextBuffer.java,638,_inputBuffer = null;,0.0,4754,5302
549,S3116,TextBuffer.java,639,int start = _inputStart;,0.0,4754,5302
549,S3117,TextBuffer.java,640,_inputStart = -1;,0.0,4754,5302
549,S3118,TextBuffer.java,643,int needed = sharedLen+needExtra;,0.0,4754,5302
549,S3119,TextBuffer.java,644,if (_currentSegment == null || needed > _currentSegment.length) {,0.0,4754,5302
549,S3120,TextBuffer.java,645,_currentSegment = findBuffer(needed);,0.0,4754,5302
549,S3121,TextBuffer.java,647,if (sharedLen > 0) {,0.0,4754,5302
549,S3122,TextBuffer.java,648,"System.arraycopy(inputBuf, start, _currentSegment, 0, sharedLen);",0.0,4754,5302
549,S3123,TextBuffer.java,650,_segmentSize = 0;,0.0,4754,5302
549,S3124,TextBuffer.java,651,_currentSize = sharedLen;,0.0,4754,5302
549,S3125,TextBuffer.java,680,if (_resultString != null) { // Can take a shortcut...,0.0,4754,5302
549,S3126,TextBuffer.java,684,if (_inputStart >= 0) {,0.0,4754,5302
549,S3127,TextBuffer.java,696,int size = size();,0.0,4754,5302
549,S3128,TextBuffer.java,697,if (size < 1) {,0.0,4754,5302
549,S3129,TextBuffer.java,700,int offset = 0;,0.0,4754,5302
549,S3130,TextBuffer.java,701,final char[] result = _charArray(size);,0.0,4754,5302
549,S3131,TextBuffer.java,702,if (_segments != null) {,0.0,4754,5302
549,S3132,TextBuffer.java,703,"for (int i = 0, len = _segments.size(); i < len; ++i) {",0.0,4754,5302
549,S3133,TextBuffer.java,704,char[] curr = (char[]) _segments.get(i);,0.0,4754,5302
549,S3134,TextBuffer.java,705,int currLen = curr.length;,0.0,4754,5302
549,S3135,TextBuffer.java,706,"System.arraycopy(curr, 0, result, offset, currLen);",0.0,4754,5302
549,S3136,TextBuffer.java,707,offset += currLen;,0.0,4754,5302
549,S3137,TextBuffer.java,710,"System.arraycopy(_currentSegment, 0, result, offset, _currentSize);",0.0,4754,5302
549,S3138,TextBuffer.java,711,return result;,0.0,4754,5302
549,S3139,TextBuffer.java,715,return new char[len];,0.0,4754,5302
549,S3140,UTF32Reader.java,10,public class UTF32Reader,0.0,4754,5302
549,S3141,UTF32Reader.java,20,protected char _surrogate = NULL_CHAR;,0.0,4754,5302
549,S3142,UTF32Reader.java,25,protected int _charCount = 0;,0.0,4754,5302
549,S3143,UTF32Reader.java,30,protected int _byteCount = 0;,0.0,4754,5302
549,S3144,UTF32Reader.java,44,"super(ctxt, in, buf, ptr, len);",0.0,4754,5302
549,S3145,UTF32Reader.java,45,_bigEndian = isBigEndian;,0.0,4754,5302
549,S3146,UTF32Reader.java,46,_managedBuffers = (in != null);,0.0,4754,5302
549,S3147,UTF32Reader.java,60,if (_buffer == null) {,0.0,4754,5302
549,S3148,UTF32Reader.java,63,if (len < 1) {,0.0,4754,5302
549,S3149,UTF32Reader.java,67,if (start < 0 || (start+len) > cbuf.length) {,0.0,4754,5302
549,S3150,UTF32Reader.java,71,len += start;,0.0,4754,5302
549,S3151,UTF32Reader.java,72,int outPtr = start;,0.0,4754,5302
549,S3152,UTF32Reader.java,75,if (_surrogate != NULL_CHAR) {,0.0,4754,5302
549,S3153,UTF32Reader.java,83,int left = (_length - _ptr);,0.0,4754,5302
549,S3154,UTF32Reader.java,84,if (left < 4) {,0.0,4754,5302
549,S3155,UTF32Reader.java,85,if (!loadMore(left)) { // (legal) EOF?,0.0,4754,5302
549,S3156,UTF32Reader.java,86,return -1;,0.0,4754,5302
549,S3157,UTF32Reader.java,92,while (outPtr < len) {,0.0,4754,5302
549,S3158,UTF32Reader.java,93,int ptr = _ptr;,0.0,4754,5302
549,S3159,UTF32Reader.java,96,if (_bigEndian) {,0.0,4754,5302
549,S3160,UTF32Reader.java,97,ch = (_buffer[ptr] << 24) | ((_buffer[ptr+1] & 0xFF) << 16),0.0,4754,5302
549,S3161,UTF32Reader.java,103,_ptr += 4;,0.0,4754,5302
549,S3162,UTF32Reader.java,107,if (ch > 0xFFFF) { // need to split into surrogates?,0.0,4754,5302
549,S3163,UTF32Reader.java,122,cbuf[outPtr++] = (char) ch;,0.0,4754,5302
549,S3164,UTF32Reader.java,123,if (_ptr >= _length) {,0.0,4754,5302
549,S3165,UTF32Reader.java,124,break main_loop;,0.0,4754,5302
549,S3166,UTF32Reader.java,128,len = outPtr - start;,0.0,4754,5302
549,S3167,UTF32Reader.java,129,_charCount += len;,0.0,4754,5302
549,S3168,UTF32Reader.java,130,return len;,0.0,4754,5302
549,S3169,UTF32Reader.java,168,_byteCount += (_length - available);,0.0,4754,5302
549,S3170,UTF32Reader.java,171,if (available > 0) {,0.0,4754,5302
549,S3171,UTF32Reader.java,183,_ptr = 0;,0.0,4754,5302
549,S3172,UTF32Reader.java,184,int count = (_in == null) ? -1 : _in.read(_buffer);,0.0,4754,5302
549,S3173,UTF32Reader.java,185,if (count < 1) {,0.0,4754,5302
549,S3174,UTF32Reader.java,186,_length = 0;,0.0,4754,5302
549,S3175,UTF32Reader.java,187,if (count < 0) { // -1,0.0,4754,5302
549,S3176,UTF32Reader.java,188,if (_managedBuffers) {,0.0,4754,5302
549,S3177,UTF32Reader.java,191,return false;,0.0,4754,5302
549,S3178,UTF8JsonGenerator.java,35,final static byte[] HEX_CHARS = CharTypes.copyHexBytes();,0.0,4754,5302
549,S3179,UTF8JsonGenerator.java,37,"private final static byte[] NULL_BYTES = { 'n', 'u', 'l', 'l' };",0.0,4754,5302
549,S3180,UTF8JsonGenerator.java,38,"private final static byte[] TRUE_BYTES = { 't', 'r', 'u', 'e' };",0.0,4754,5302
549,S3181,UTF8JsonGenerator.java,39,"private final static byte[] FALSE_BYTES = { 'f', 'a', 'l', 's', 'e' };",0.0,4754,5302
549,S3182,UTF8JsonGenerator.java,62,protected int _outputTail = 0;,0.0,4754,5302
549,S3183,UTF8JsonGenerator.java,108,"super(ctxt, features, codec);",0.0,4754,5302
549,S3184,UTF8JsonGenerator.java,109,_outputStream = out;,0.0,4754,5302
549,S3185,UTF8JsonGenerator.java,110,_bufferRecyclable = true;,0.0,4754,5302
549,S3186,UTF8JsonGenerator.java,111,_outputBuffer = ctxt.allocWriteEncodingBuffer();,0.0,4754,5302
549,S3187,UTF8JsonGenerator.java,112,_outputEnd = _outputBuffer.length;,0.0,4754,5302
549,S3188,UTF8JsonGenerator.java,118,_outputMaxContiguous = _outputEnd >> 3;,0.0,4754,5302
549,S3189,UTF8JsonGenerator.java,119,_charBuffer = ctxt.allocConcatBuffer();,0.0,4754,5302
549,S3190,UTF8JsonGenerator.java,120,_charBufferLength = _charBuffer.length;,0.0,4754,5302
549,S3191,UTF8JsonGenerator.java,123,if (isEnabled(Feature.ESCAPE_NON_ASCII)) {,0.0,4754,5302
549,S3192,UTF8JsonGenerator.java,165,int status = _writeContext.writeFieldName(name);,0.0,4754,5302
549,S3193,UTF8JsonGenerator.java,166,if (status == JsonWriteContext.STATUS_EXPECT_VALUE) {,0.0,4754,5302
549,S3194,UTF8JsonGenerator.java,169,if (_cfgPrettyPrinter != null) {,0.0,4754,5302
549,S3195,UTF8JsonGenerator.java,170,"_writePPFieldName(name, (status == JsonWriteContext.STATUS_OK_AFTER_COMMA));",0.0,4754,5302
549,S3196,UTF8JsonGenerator.java,171,return;,0.0,4754,5302
549,S3197,UTF8JsonGenerator.java,173,if (status == JsonWriteContext.STATUS_OK_AFTER_COMMA) { // need comma,0.0,4754,5302
549,S3198,UTF8JsonGenerator.java,174,if (_outputTail >= _outputEnd) {,0.0,4754,5302
549,S3199,UTF8JsonGenerator.java,177,_outputBuffer[_outputTail++] = BYTE_COMMA;,0.0,4754,5302
549,S3200,UTF8JsonGenerator.java,179,_writeFieldName(name);,0.0,4754,5302
549,S3201,UTF8JsonGenerator.java,187,int status = _writeContext.writeFieldName(name.getValue());,0.0,4754,5302
549,S3202,UTF8JsonGenerator.java,188,if (status == JsonWriteContext.STATUS_EXPECT_VALUE) {,0.0,4754,5302
549,S3203,UTF8JsonGenerator.java,191,if (_cfgPrettyPrinter != null) {,0.0,4754,5302
549,S3204,UTF8JsonGenerator.java,195,if (status == JsonWriteContext.STATUS_OK_AFTER_COMMA) {,0.0,4754,5302
549,S3205,UTF8JsonGenerator.java,196,if (_outputTail >= _outputEnd) {,0.0,4754,5302
549,S3206,UTF8JsonGenerator.java,199,_outputBuffer[_outputTail++] = BYTE_COMMA;,0.0,4754,5302
549,S3207,UTF8JsonGenerator.java,201,_writeFieldName(name);,0.0,4754,5302
549,S3208,UTF8JsonGenerator.java,213,"_verifyValueWrite(""start an array"");",0.0,4754,5302
549,S3209,UTF8JsonGenerator.java,214,_writeContext = _writeContext.createChildArrayContext();,0.0,4754,5302
549,S3210,UTF8JsonGenerator.java,215,if (_cfgPrettyPrinter != null) {,0.0,4754,5302
549,S3211,UTF8JsonGenerator.java,216,_cfgPrettyPrinter.writeStartArray(this);,0.0,4754,5302
549,S3212,UTF8JsonGenerator.java,218,if (_outputTail >= _outputEnd) {,0.0,4754,5302
549,S3213,UTF8JsonGenerator.java,221,_outputBuffer[_outputTail++] = BYTE_LBRACKET;,0.0,4754,5302
549,S3214,UTF8JsonGenerator.java,228,if (!_writeContext.inArray()) {,0.0,4754,5302
549,S3215,UTF8JsonGenerator.java,231,if (_cfgPrettyPrinter != null) {,0.0,4754,5302
549,S3216,UTF8JsonGenerator.java,232,"_cfgPrettyPrinter.writeEndArray(this, _writeContext.getEntryCount());",0.0,4754,5302
549,S3217,UTF8JsonGenerator.java,234,if (_outputTail >= _outputEnd) {,0.0,4754,5302
549,S3218,UTF8JsonGenerator.java,237,_outputBuffer[_outputTail++] = BYTE_RBRACKET;,0.0,4754,5302
549,S3219,UTF8JsonGenerator.java,239,_writeContext = _writeContext.getParent();,0.0,4754,5302
549,S3220,UTF8JsonGenerator.java,245,"_verifyValueWrite(""start an object"");",0.0,4754,5302
549,S3221,UTF8JsonGenerator.java,246,_writeContext = _writeContext.createChildObjectContext();,0.0,4754,5302
549,S3222,UTF8JsonGenerator.java,247,if (_cfgPrettyPrinter != null) {,0.0,4754,5302
549,S3223,UTF8JsonGenerator.java,248,_cfgPrettyPrinter.writeStartObject(this);,0.0,4754,5302
549,S3224,UTF8JsonGenerator.java,250,if (_outputTail >= _outputEnd) {,0.0,4754,5302
549,S3225,UTF8JsonGenerator.java,253,_outputBuffer[_outputTail++] = BYTE_LCURLY;,0.0,4754,5302
549,S3226,UTF8JsonGenerator.java,260,if (!_writeContext.inObject()) {,0.0,4754,5302
549,S3227,UTF8JsonGenerator.java,263,if (_cfgPrettyPrinter != null) {,0.0,4754,5302
549,S3228,UTF8JsonGenerator.java,264,"_cfgPrettyPrinter.writeEndObject(this, _writeContext.getEntryCount());",0.0,4754,5302
549,S3229,UTF8JsonGenerator.java,266,if (_outputTail >= _outputEnd) {,0.0,4754,5302
549,S3230,UTF8JsonGenerator.java,269,_outputBuffer[_outputTail++] = BYTE_RCURLY;,0.0,4754,5302
549,S3231,UTF8JsonGenerator.java,271,_writeContext = _writeContext.getParent();,0.0,4754,5302
549,S3232,UTF8JsonGenerator.java,280,if (!isEnabled(Feature.QUOTE_FIELD_NAMES)) {,0.0,4754,5302
549,S3233,UTF8JsonGenerator.java,284,if (_outputTail >= _outputEnd) {,0.0,4754,5302
549,S3234,UTF8JsonGenerator.java,287,_outputBuffer[_outputTail++] = BYTE_QUOTE;,0.0,4754,5302
549,S3235,UTF8JsonGenerator.java,289,final int len = name.length();,0.0,4754,5302
549,S3236,UTF8JsonGenerator.java,290,"if (len <= _charBufferLength) { // yes, fits right in",0.0,4754,5302
549,S3237,UTF8JsonGenerator.java,291,"name.getChars(0, len, _charBuffer, 0);",0.0,4754,5302
549,S3238,UTF8JsonGenerator.java,293,if (len <= _outputMaxContiguous) {,0.0,4754,5302
549,S3239,UTF8JsonGenerator.java,294,if ((_outputTail + len) > _outputEnd) { // caller must ensure enough space,0.0,4754,5302
549,S3240,UTF8JsonGenerator.java,297,"_writeStringSegment(_charBuffer, 0, len);",0.0,4754,5302
549,S3241,UTF8JsonGenerator.java,306,if (_outputTail >= _outputEnd) {,0.0,4754,5302
549,S3242,UTF8JsonGenerator.java,309,_outputBuffer[_outputTail++] = BYTE_QUOTE;,0.0,4754,5302
549,S3243,UTF8JsonGenerator.java,315,if (!isEnabled(Feature.QUOTE_FIELD_NAMES)) {,0.0,4754,5302
549,S3244,UTF8JsonGenerator.java,324,if (_outputTail >= _outputEnd) {,0.0,4754,5302
549,S3245,UTF8JsonGenerator.java,327,_outputBuffer[_outputTail++] = BYTE_QUOTE;,0.0,4754,5302
549,S3246,UTF8JsonGenerator.java,328,"int len = name.appendQuotedUTF8(_outputBuffer, _outputTail);",0.0,4754,5302
549,S3247,UTF8JsonGenerator.java,329,"if (len < 0) { // couldn't append, bit longer processing",0.0,4754,5302
549,S3248,UTF8JsonGenerator.java,332,_outputTail += len;,0.0,4754,5302
549,S3249,UTF8JsonGenerator.java,334,if (_outputTail >= _outputEnd) {,0.0,4754,5302
549,S3250,UTF8JsonGenerator.java,337,_outputBuffer[_outputTail++] = BYTE_QUOTE;,0.0,4754,5302
549,S3251,UTF8JsonGenerator.java,347,if (commaBefore) {,0.0,4754,5302
549,S3252,UTF8JsonGenerator.java,348,_cfgPrettyPrinter.writeObjectEntrySeparator(this);,0.0,4754,5302
549,S3253,UTF8JsonGenerator.java,350,_cfgPrettyPrinter.beforeObjectEntries(this);,0.0,4754,5302
549,S3254,UTF8JsonGenerator.java,353,if (isEnabled(Feature.QUOTE_FIELD_NAMES)) { // standard,0.0,4754,5302
549,S3255,UTF8JsonGenerator.java,354,if (_outputTail >= _outputEnd) {,0.0,4754,5302
549,S3256,UTF8JsonGenerator.java,357,_outputBuffer[_outputTail++] = BYTE_QUOTE;,0.0,4754,5302
549,S3257,UTF8JsonGenerator.java,358,final int len = name.length();,0.0,4754,5302
549,S3258,UTF8JsonGenerator.java,359,"if (len <= _charBufferLength) { // yes, fits right in",0.0,4754,5302
549,S3259,UTF8JsonGenerator.java,360,"name.getChars(0, len, _charBuffer, 0);",0.0,4754,5302
549,S3260,UTF8JsonGenerator.java,362,if (len <= _outputMaxContiguous) {,0.0,4754,5302
549,S3261,UTF8JsonGenerator.java,363,if ((_outputTail + len) > _outputEnd) { // caller must ensure enough space,0.0,4754,5302
549,S3262,UTF8JsonGenerator.java,366,"_writeStringSegment(_charBuffer, 0, len);",0.0,4754,5302
549,S3263,UTF8JsonGenerator.java,373,if (_outputTail >= _outputEnd) {,0.0,4754,5302
549,S3264,UTF8JsonGenerator.java,376,_outputBuffer[_outputTail++] = BYTE_QUOTE;,0.0,4754,5302
549,S3265,UTF8JsonGenerator.java,377,"} else { // non-standard, omit quotes",0.0,4754,5302
549,S3266,UTF8JsonGenerator.java,417,"_verifyValueWrite(""write text value"");",0.0,4754,5302
549,S3267,UTF8JsonGenerator.java,418,if (text == null) {,0.0,4754,5302
549,S3268,UTF8JsonGenerator.java,423,final int len = text.length();,0.0,4754,5302
549,S3269,UTF8JsonGenerator.java,424,if (len > _charBufferLength) { // nope: off-line handling,0.0,4754,5302
549,S3270,UTF8JsonGenerator.java,425,_writeLongString(text);,0.0,4754,5302
549,S3271,UTF8JsonGenerator.java,426,return;,0.0,4754,5302
549,S3272,UTF8JsonGenerator.java,429,"text.getChars(0, len, _charBuffer, 0);",0.0,4754,5302
549,S3273,UTF8JsonGenerator.java,431,if (len > _outputMaxContiguous) {,0.0,4754,5302
549,S3274,UTF8JsonGenerator.java,432,"_writeLongString(_charBuffer, 0, len);",0.0,4754,5302
549,S3275,UTF8JsonGenerator.java,433,return;,0.0,4754,5302
549,S3276,UTF8JsonGenerator.java,435,if ((_outputTail + len) >= _outputEnd) {,0.0,4754,5302
549,S3277,UTF8JsonGenerator.java,438,_outputBuffer[_outputTail++] = BYTE_QUOTE;,0.0,4754,5302
549,S3278,UTF8JsonGenerator.java,439,"_writeStringSegment(_charBuffer, 0, len); // we checked space already above",0.0,4754,5302
549,S3279,UTF8JsonGenerator.java,443,if (_outputTail >= _outputEnd) {,0.0,4754,5302
549,S3280,UTF8JsonGenerator.java,446,_outputBuffer[_outputTail++] = BYTE_QUOTE;,0.0,4754,5302
549,S3281,UTF8JsonGenerator.java,452,if (_outputTail >= _outputEnd) {,0.0,4754,5302
549,S3282,UTF8JsonGenerator.java,455,_outputBuffer[_outputTail++] = BYTE_QUOTE;,0.0,4754,5302
549,S3283,UTF8JsonGenerator.java,456,_writeStringSegments(text);,0.0,4754,5302
549,S3284,UTF8JsonGenerator.java,457,if (_outputTail >= _outputEnd) {,0.0,4754,5302
549,S3285,UTF8JsonGenerator.java,460,_outputBuffer[_outputTail++] = BYTE_QUOTE;,0.0,4754,5302
549,S3286,UTF8JsonGenerator.java,466,if (_outputTail >= _outputEnd) {,0.0,4754,5302
549,S3287,UTF8JsonGenerator.java,469,_outputBuffer[_outputTail++] = BYTE_QUOTE;,0.0,4754,5302
549,S3288,UTF8JsonGenerator.java,470,"_writeStringSegments(_charBuffer, 0, len);",0.0,4754,5302
549,S3289,UTF8JsonGenerator.java,471,if (_outputTail >= _outputEnd) {,0.0,4754,5302
549,S3290,UTF8JsonGenerator.java,474,_outputBuffer[_outputTail++] = BYTE_QUOTE;,0.0,4754,5302
549,S3291,UTF8JsonGenerator.java,481,"_verifyValueWrite(""write text value"");",0.0,4754,5302
549,S3292,UTF8JsonGenerator.java,482,if (_outputTail >= _outputEnd) {,0.0,4754,5302
549,S3293,UTF8JsonGenerator.java,485,_outputBuffer[_outputTail++] = BYTE_QUOTE;,0.0,4754,5302
549,S3294,UTF8JsonGenerator.java,487,if (len <= _outputMaxContiguous) {,0.0,4754,5302
549,S3295,UTF8JsonGenerator.java,488,if ((_outputTail + len) > _outputEnd) { // caller must ensure enough space,0.0,4754,5302
549,S3296,UTF8JsonGenerator.java,491,"_writeStringSegment(text, offset, len);",0.0,4754,5302
549,S3297,UTF8JsonGenerator.java,493,"_writeStringSegments(text, offset, len);",0.0,4754,5302
549,S3298,UTF8JsonGenerator.java,496,if (_outputTail >= _outputEnd) {,0.0,4754,5302
549,S3299,UTF8JsonGenerator.java,499,_outputBuffer[_outputTail++] = BYTE_QUOTE;,0.0,4754,5302
549,S3300,UTF8JsonGenerator.java,527,"_verifyValueWrite(""write text value"");",0.0,4754,5302
549,S3301,UTF8JsonGenerator.java,528,if (_outputTail >= _outputEnd) {,0.0,4754,5302
549,S3302,UTF8JsonGenerator.java,531,_outputBuffer[_outputTail++] = BYTE_QUOTE;,0.0,4754,5302
549,S3303,UTF8JsonGenerator.java,532,"_writeBytes(text, offset, length);",0.0,4754,5302
549,S3304,UTF8JsonGenerator.java,533,if (_outputTail >= _outputEnd) {,0.0,4754,5302
549,S3305,UTF8JsonGenerator.java,536,_outputBuffer[_outputTail++] = BYTE_QUOTE;,0.0,4754,5302
549,S3306,UTF8JsonGenerator.java,543,"_verifyValueWrite(""write text value"");",0.0,4754,5302
549,S3307,UTF8JsonGenerator.java,544,if (_outputTail >= _outputEnd) {,0.0,4754,5302
549,S3308,UTF8JsonGenerator.java,547,_outputBuffer[_outputTail++] = BYTE_QUOTE;,0.0,4754,5302
549,S3309,UTF8JsonGenerator.java,549,if (len <= _outputMaxContiguous) {,0.0,4754,5302
549,S3310,UTF8JsonGenerator.java,550,"_writeUTF8Segment(text, offset, len);",0.0,4754,5302
549,S3311,UTF8JsonGenerator.java,552,"_writeUTF8Segments(text, offset, len);",0.0,4754,5302
549,S3312,UTF8JsonGenerator.java,554,if (_outputTail >= _outputEnd) {,0.0,4754,5302
549,S3313,UTF8JsonGenerator.java,557,_outputBuffer[_outputTail++] = BYTE_QUOTE;,0.0,4754,5302
549,S3314,UTF8JsonGenerator.java,570,int start = 0;,0.0,4754,5302
549,S3315,UTF8JsonGenerator.java,571,int len = text.length();,0.0,4754,5302
549,S3316,UTF8JsonGenerator.java,572,while (len > 0) {,0.0,4754,5302
549,S3317,UTF8JsonGenerator.java,573,char[] buf = _charBuffer;,0.0,4754,5302
549,S3318,UTF8JsonGenerator.java,574,final int blen = buf.length;,0.0,4754,5302
549,S3319,UTF8JsonGenerator.java,575,final int len2 = (len < blen) ? len : blen;,0.0,4754,5302
549,S3320,UTF8JsonGenerator.java,576,"text.getChars(start, start+len2, buf, 0);",0.0,4754,5302
549,S3321,UTF8JsonGenerator.java,577,"writeRaw(buf, 0, len2);",0.0,4754,5302
549,S3322,UTF8JsonGenerator.java,578,start += len2;,0.0,4754,5302
549,S3323,UTF8JsonGenerator.java,579,len -= len2;,0.0,4754,5302
549,S3324,UTF8JsonGenerator.java,614,int len3 = len+len+len;,0.0,4754,5302
549,S3325,UTF8JsonGenerator.java,615,if ((_outputTail + len3) > _outputEnd) {,0.0,4754,5302
549,S3326,UTF8JsonGenerator.java,625,len += offset; // now marks the end,0.0,4754,5302
549,S3327,UTF8JsonGenerator.java,629,while (offset < len) {,0.0,4754,5302
549,S3328,UTF8JsonGenerator.java,632,int ch = (int) cbuf[offset];,0.0,4754,5302
549,S3329,UTF8JsonGenerator.java,633,if (ch > 0x7F) {,0.0,4754,5302
549,S3330,UTF8JsonGenerator.java,636,_outputBuffer[_outputTail++] = (byte) ch;,0.0,4754,5302
549,S3331,UTF8JsonGenerator.java,637,if (++offset >= len) {,0.0,4754,5302
549,S3332,UTF8JsonGenerator.java,638,break main_loop;,0.0,4754,5302
549,S3333,UTF8JsonGenerator.java,655,if ((_outputTail + 3) >= _outputEnd) {,0.0,4754,5302
549,S3334,UTF8JsonGenerator.java,658,final byte[] bbuf = _outputBuffer;,0.0,4754,5302
549,S3335,UTF8JsonGenerator.java,659,if (ch <= 0x7F) {,0.0,4754,5302
549,S3336,UTF8JsonGenerator.java,660,bbuf[_outputTail++] = (byte) ch;,0.0,4754,5302
549,S3337,UTF8JsonGenerator.java,720,"_verifyValueWrite(""write binary value"");",0.0,4754,5302
549,S3338,UTF8JsonGenerator.java,722,if (_outputTail >= _outputEnd) {,0.0,4754,5302
549,S3339,UTF8JsonGenerator.java,725,_outputBuffer[_outputTail++] = BYTE_QUOTE;,0.0,4754,5302
549,S3340,UTF8JsonGenerator.java,726,"_writeBinary(b64variant, data, offset, offset+len);",0.0,4754,5302
549,S3341,UTF8JsonGenerator.java,728,if (_outputTail >= _outputEnd) {,0.0,4754,5302
549,S3342,UTF8JsonGenerator.java,731,_outputBuffer[_outputTail++] = BYTE_QUOTE;,0.0,4754,5302
549,S3343,UTF8JsonGenerator.java,739,"_verifyValueWrite(""write binary value"");",0.0,4754,5302
549,S3344,UTF8JsonGenerator.java,741,if (_outputTail >= _outputEnd) {,0.0,4754,5302
549,S3345,UTF8JsonGenerator.java,744,_outputBuffer[_outputTail++] = BYTE_QUOTE;,0.0,4754,5302
549,S3346,UTF8JsonGenerator.java,745,byte[] encodingBuffer = _ioContext.allocBase64Buffer();,0.0,4754,5302
549,S3347,UTF8JsonGenerator.java,748,if (dataLength < 0) { // length unknown,0.0,4754,5302
549,S3348,UTF8JsonGenerator.java,749,"bytes = _writeBinary(b64variant, data, encodingBuffer);",0.0,4754,5302
549,S3349,UTF8JsonGenerator.java,751,"int missing = _writeBinary(b64variant, data, encodingBuffer, dataLength);",0.0,4754,5302
549,S3350,UTF8JsonGenerator.java,752,if (missing > 0) {,0.0,4754,5302
549,S3351,UTF8JsonGenerator.java,755,bytes = dataLength;,0.0,4754,5302
549,S3352,UTF8JsonGenerator.java,758,_ioContext.releaseBase64Buffer(encodingBuffer);,0.0,4754,5302
549,S3353,UTF8JsonGenerator.java,761,if (_outputTail >= _outputEnd) {,0.0,4754,5302
549,S3354,UTF8JsonGenerator.java,764,_outputBuffer[_outputTail++] = BYTE_QUOTE;,0.0,4754,5302
549,S3355,UTF8JsonGenerator.java,765,return bytes;,0.0,4754,5302
549,S3356,UTF8JsonGenerator.java,803,"_verifyValueWrite(""write number"");",0.0,4754,5302
549,S3357,UTF8JsonGenerator.java,805,if ((_outputTail + 11) >= _outputEnd) {,0.0,4754,5302
549,S3358,UTF8JsonGenerator.java,806,_flushBuffer();,0.0,4754,5302
549,S3359,UTF8JsonGenerator.java,808,if (_cfgNumbersAsStrings) {,0.0,4754,5302
549,S3360,UTF8JsonGenerator.java,812,"_outputTail = NumberOutput.outputInt(i, _outputBuffer, _outputTail);",0.0,4754,5302
549,S3361,UTF8JsonGenerator.java,942,"_verifyValueWrite(""write boolean value"");",0.0,4754,5302
549,S3362,UTF8JsonGenerator.java,943,if ((_outputTail + 5) >= _outputEnd) {,0.0,4754,5302
549,S3363,UTF8JsonGenerator.java,946,byte[] keyword = state ? TRUE_BYTES : FALSE_BYTES;,0.0,4754,5302
549,S3364,UTF8JsonGenerator.java,947,int len = keyword.length;,0.0,4754,5302
549,S3365,UTF8JsonGenerator.java,948,"System.arraycopy(keyword, 0, _outputBuffer, _outputTail, len);",0.0,4754,5302
549,S3366,UTF8JsonGenerator.java,949,_outputTail += len;,0.0,4754,5302
549,S3367,UTF8JsonGenerator.java,970,int status = _writeContext.writeValue();,0.0,4754,5302
549,S3368,UTF8JsonGenerator.java,971,if (status == JsonWriteContext.STATUS_EXPECT_NAME) {,0.0,4754,5302
549,S3369,UTF8JsonGenerator.java,974,if (_cfgPrettyPrinter == null) {,0.0,4754,5302
549,S3370,UTF8JsonGenerator.java,976,switch (status) {,0.0,4754,5302
549,S3371,UTF8JsonGenerator.java,978,b = BYTE_COMMA;,0.0,4754,5302
549,S3372,UTF8JsonGenerator.java,979,break;,0.0,4754,5302
549,S3373,UTF8JsonGenerator.java,981,b = BYTE_COLON;,0.0,4754,5302
549,S3374,UTF8JsonGenerator.java,982,break;,0.0,4754,5302
549,S3375,UTF8JsonGenerator.java,993,return;,0.0,4754,5302
549,S3376,UTF8JsonGenerator.java,995,if (_outputTail >= _outputEnd) {,0.0,4754,5302
549,S3377,UTF8JsonGenerator.java,996,_flushBuffer();,0.0,4754,5302
549,S3378,UTF8JsonGenerator.java,998,_outputBuffer[_outputTail] = b;,0.0,4754,5302
549,S3379,UTF8JsonGenerator.java,999,++_outputTail;,0.0,4754,5302
549,S3380,UTF8JsonGenerator.java,1000,return;,0.0,4754,5302
549,S3381,UTF8JsonGenerator.java,1003,"_verifyPrettyValueWrite(typeMsg, status);",0.0,4754,5302
549,S3382,UTF8JsonGenerator.java,1010,switch (status) {,0.0,4754,5302
549,S3383,UTF8JsonGenerator.java,1012,_cfgPrettyPrinter.writeArrayValueSeparator(this);,0.0,4754,5302
549,S3384,UTF8JsonGenerator.java,1013,break;,0.0,4754,5302
549,S3385,UTF8JsonGenerator.java,1015,_cfgPrettyPrinter.writeObjectFieldValueSeparator(this);,0.0,4754,5302
549,S3386,UTF8JsonGenerator.java,1016,break;,0.0,4754,5302
549,S3387,UTF8JsonGenerator.java,1022,if (_writeContext.inArray()) {,0.0,4754,5302
549,S3388,UTF8JsonGenerator.java,1023,_cfgPrettyPrinter.beforeArrayValues(this);,0.0,4754,5302
549,S3389,UTF8JsonGenerator.java,1024,} else if (_writeContext.inObject()) {,0.0,4754,5302
549,S3390,UTF8JsonGenerator.java,1044,_flushBuffer();,0.0,4754,5302
549,S3391,UTF8JsonGenerator.java,1045,if (_outputStream != null) {,0.0,4754,5302
549,S3392,UTF8JsonGenerator.java,1046,if (isEnabled(Feature.FLUSH_PASSED_TO_STREAM)) {,0.0,4754,5302
549,S3393,UTF8JsonGenerator.java,1047,_outputStream.flush();,0.0,4754,5302
549,S3394,UTF8JsonGenerator.java,1056,super.close();,0.0,4754,5302
549,S3395,UTF8JsonGenerator.java,1062,if (_outputBuffer != null,0.0,4754,5302
549,S3396,UTF8JsonGenerator.java,1065,JsonStreamContext ctxt = getOutputContext();,0.0,4754,5302
549,S3397,UTF8JsonGenerator.java,1066,if (ctxt.inArray()) {,0.0,4754,5302
549,S3398,UTF8JsonGenerator.java,1067,writeEndArray();,0.0,4754,5302
549,S3399,UTF8JsonGenerator.java,1068,} else if (ctxt.inObject()) {,0.0,4754,5302
549,S3400,UTF8JsonGenerator.java,1075,_flushBuffer();,0.0,4754,5302
549,S3401,UTF8JsonGenerator.java,1083,if (_outputStream != null) {,0.0,4754,5302
549,S3402,UTF8JsonGenerator.java,1084,if (_ioContext.isResourceManaged() || isEnabled(Feature.AUTO_CLOSE_TARGET)) {,0.0,4754,5302
549,S3403,UTF8JsonGenerator.java,1085,_outputStream.close();,0.0,4754,5302
549,S3404,UTF8JsonGenerator.java,1086,} else  if (isEnabled(Feature.FLUSH_PASSED_TO_STREAM)) {,0.0,4754,5302
549,S3405,UTF8JsonGenerator.java,1088,_outputStream.flush();,0.0,4754,5302
549,S3406,UTF8JsonGenerator.java,1092,_releaseBuffers();,0.0,4754,5302
549,S3407,UTF8JsonGenerator.java,1098,byte[] buf = _outputBuffer;,0.0,4754,5302
549,S3408,UTF8JsonGenerator.java,1099,if (buf != null && _bufferRecyclable) {,0.0,4754,5302
549,S3409,UTF8JsonGenerator.java,1100,_outputBuffer = null;,0.0,4754,5302
549,S3410,UTF8JsonGenerator.java,1101,_ioContext.releaseWriteEncodingBuffer(buf);,0.0,4754,5302
549,S3411,UTF8JsonGenerator.java,1103,char[] cbuf = _charBuffer;,0.0,4754,5302
549,S3412,UTF8JsonGenerator.java,1104,if (cbuf != null) {,0.0,4754,5302
549,S3413,UTF8JsonGenerator.java,1105,_charBuffer = null;,0.0,4754,5302
549,S3414,UTF8JsonGenerator.java,1106,_ioContext.releaseConcatBuffer(cbuf);,0.0,4754,5302
549,S3415,UTF8JsonGenerator.java,1133,if ((_outputTail + len) > _outputEnd) {,0.0,4754,5302
549,S3416,UTF8JsonGenerator.java,1134,_flushBuffer();,0.0,4754,5302
549,S3417,UTF8JsonGenerator.java,1136,if (len > MAX_BYTES_TO_BUFFER) {,0.0,4754,5302
549,S3418,UTF8JsonGenerator.java,1137,"_outputStream.write(bytes, offset, len);",0.0,4754,5302
549,S3419,UTF8JsonGenerator.java,1138,return;,0.0,4754,5302
549,S3420,UTF8JsonGenerator.java,1141,"System.arraycopy(bytes, offset, _outputBuffer, _outputTail, len);",0.0,4754,5302
549,S3421,UTF8JsonGenerator.java,1142,_outputTail += len;,0.0,4754,5302
549,S3422,UTF8JsonGenerator.java,1161,int left = text.length();,0.0,4754,5302
549,S3423,UTF8JsonGenerator.java,1162,int offset = 0;,0.0,4754,5302
549,S3424,UTF8JsonGenerator.java,1163,final char[] cbuf = _charBuffer;,0.0,4754,5302
549,S3425,UTF8JsonGenerator.java,1165,while (left > 0) {,0.0,4754,5302
549,S3426,UTF8JsonGenerator.java,1166,"int len = Math.min(_outputMaxContiguous, left);",0.0,4754,5302
549,S3427,UTF8JsonGenerator.java,1167,"text.getChars(offset, offset+len, cbuf, 0);",0.0,4754,5302
549,S3428,UTF8JsonGenerator.java,1168,if ((_outputTail + len) > _outputEnd) { // caller must ensure enough space,0.0,4754,5302
549,S3429,UTF8JsonGenerator.java,1169,_flushBuffer();,0.0,4754,5302
549,S3430,UTF8JsonGenerator.java,1171,"_writeStringSegment(cbuf, 0, len);",0.0,4754,5302
549,S3431,UTF8JsonGenerator.java,1172,offset += len;,0.0,4754,5302
549,S3432,UTF8JsonGenerator.java,1173,left -= len;,0.0,4754,5302
549,S3433,UTF8JsonGenerator.java,1187,"int len = Math.min(_outputMaxContiguous, totalLen);",0.0,4754,5302
549,S3434,UTF8JsonGenerator.java,1188,if ((_outputTail + len) > _outputEnd) { // caller must ensure enough space,0.0,4754,5302
549,S3435,UTF8JsonGenerator.java,1189,_flushBuffer();,0.0,4754,5302
549,S3436,UTF8JsonGenerator.java,1191,"_writeStringSegment(cbuf, offset, len);",0.0,4754,5302
549,S3437,UTF8JsonGenerator.java,1192,offset += len;,0.0,4754,5302
549,S3438,UTF8JsonGenerator.java,1193,totalLen -= len;,0.0,4754,5302
549,S3439,UTF8JsonGenerator.java,1194,} while (totalLen > 0);,0.0,4754,5302
549,S3440,UTF8JsonGenerator.java,1217,"len += offset; // becomes end marker, then",0.0,4754,5302
549,S3441,UTF8JsonGenerator.java,1219,int outputPtr = _outputTail;,0.0,4754,5302
549,S3442,UTF8JsonGenerator.java,1220,final byte[] outputBuffer = _outputBuffer;,0.0,4754,5302
549,S3443,UTF8JsonGenerator.java,1221,final int[] escCodes = _outputEscapes;,0.0,4754,5302
549,S3444,UTF8JsonGenerator.java,1223,while (offset < len) {,0.0,4754,5302
549,S3445,UTF8JsonGenerator.java,1224,int ch = cbuf[offset];,0.0,4754,5302
549,S3446,UTF8JsonGenerator.java,1226,if (ch > 0x7F || escCodes[ch] != 0) {,0.0,4754,5302
549,S3447,UTF8JsonGenerator.java,1227,break;,0.0,4754,5302
549,S3448,UTF8JsonGenerator.java,1229,outputBuffer[outputPtr++] = (byte) ch;,0.0,4754,5302
549,S3449,UTF8JsonGenerator.java,1230,++offset;,0.0,4754,5302
549,S3450,UTF8JsonGenerator.java,1232,_outputTail = outputPtr;,0.0,4754,5302
549,S3451,UTF8JsonGenerator.java,1233,if (offset < len) {,0.0,4754,5302
549,S3452,UTF8JsonGenerator.java,1235,if (_characterEscapes != null) {,0.0,4754,5302
549,S3453,UTF8JsonGenerator.java,1236,"_writeCustomStringSegment2(cbuf, offset, len);",0.0,4754,5302
549,S3454,UTF8JsonGenerator.java,1238,} else if (_maximumNonEscapedChar == 0) {,0.0,4754,5302
549,S3455,UTF8JsonGenerator.java,1239,"_writeStringSegment2(cbuf, offset, len);",0.0,4754,5302
549,S3456,UTF8JsonGenerator.java,1241,"_writeStringSegmentASCII2(cbuf, offset, len);",0.0,4754,5302
549,S3457,UTF8JsonGenerator.java,1255,if ((_outputTail +  6 * (end - offset)) > _outputEnd) {,0.0,4754,5302
549,S3458,UTF8JsonGenerator.java,1256,_flushBuffer();,0.0,4754,5302
549,S3459,UTF8JsonGenerator.java,1259,int outputPtr = _outputTail;,0.0,4754,5302
549,S3460,UTF8JsonGenerator.java,1261,final byte[] outputBuffer = _outputBuffer;,0.0,4754,5302
549,S3461,UTF8JsonGenerator.java,1262,final int[] escCodes = _outputEscapes;,0.0,4754,5302
549,S3462,UTF8JsonGenerator.java,1264,while (offset < end) {,0.0,4754,5302
549,S3463,UTF8JsonGenerator.java,1265,int ch = cbuf[offset++];,0.0,4754,5302
549,S3464,UTF8JsonGenerator.java,1266,if (ch <= 0x7F) {,0.0,4754,5302
549,S3465,UTF8JsonGenerator.java,1267,if (escCodes[ch] == 0) {,0.0,4754,5302
549,S3466,UTF8JsonGenerator.java,1268,outputBuffer[outputPtr++] = (byte) ch;,0.0,4754,5302
549,S3467,UTF8JsonGenerator.java,1269,continue;,0.0,4754,5302
549,S3468,UTF8JsonGenerator.java,1271,int escape = escCodes[ch];,0.0,4754,5302
549,S3469,UTF8JsonGenerator.java,1272,"if (escape > 0) { // 2-char escape, fine",0.0,4754,5302
549,S3470,UTF8JsonGenerator.java,1273,outputBuffer[outputPtr++] = BYTE_BACKSLASH;,0.0,4754,5302
549,S3471,UTF8JsonGenerator.java,1274,outputBuffer[outputPtr++] = (byte) escape;,0.0,4754,5302
549,S3472,UTF8JsonGenerator.java,1277,"outputPtr = _writeGenericEscape(ch, outputPtr);",0.0,4754,5302
549,S3473,UTF8JsonGenerator.java,1279,continue;,0.0,4754,5302
549,S3474,UTF8JsonGenerator.java,1281,"if (ch <= 0x7FF) { // fine, just needs 2 byte output",0.0,4754,5302
549,S3475,UTF8JsonGenerator.java,1282,outputBuffer[outputPtr++] = (byte) (0xc0 | (ch >> 6));,0.0,4754,5302
549,S3476,UTF8JsonGenerator.java,1283,outputBuffer[outputPtr++] = (byte) (0x80 | (ch & 0x3f));,0.0,4754,5302
549,S3477,UTF8JsonGenerator.java,1285,"outputPtr = _outputMultiByteChar(ch, outputPtr);",0.0,4754,5302
549,S3478,UTF8JsonGenerator.java,1288,_outputTail = outputPtr;,0.0,4754,5302
549,S3479,UTF8JsonGenerator.java,1306,if ((_outputTail +  6 * (end - offset)) > _outputEnd) {,0.0,4754,5302
549,S3480,UTF8JsonGenerator.java,1310,int outputPtr = _outputTail;,0.0,4754,5302
549,S3481,UTF8JsonGenerator.java,1312,final byte[] outputBuffer = _outputBuffer;,0.0,4754,5302
549,S3482,UTF8JsonGenerator.java,1313,final int[] escCodes = _outputEscapes;,0.0,4754,5302
549,S3483,UTF8JsonGenerator.java,1314,final int maxUnescaped = _maximumNonEscapedChar;,0.0,4754,5302
549,S3484,UTF8JsonGenerator.java,1316,while (offset < end) {,0.0,4754,5302
549,S3485,UTF8JsonGenerator.java,1317,int ch = cbuf[offset++];,0.0,4754,5302
549,S3486,UTF8JsonGenerator.java,1318,if (ch <= 0x7F) {,0.0,4754,5302
549,S3487,UTF8JsonGenerator.java,1319,if (escCodes[ch] == 0) {,0.0,4754,5302
549,S3488,UTF8JsonGenerator.java,1320,outputBuffer[outputPtr++] = (byte) ch;,0.0,4754,5302
549,S3489,UTF8JsonGenerator.java,1321,continue;,0.0,4754,5302
549,S3490,UTF8JsonGenerator.java,1333,if (ch > maxUnescaped) { // [JACKSON-102] Allow forced escaping if non-ASCII (etc) chars:,0.0,4754,5302
549,S3491,UTF8JsonGenerator.java,1334,"outputPtr = _writeGenericEscape(ch, outputPtr);",0.0,4754,5302
549,S3492,UTF8JsonGenerator.java,1335,continue;,0.0,4754,5302
549,S3493,UTF8JsonGenerator.java,1344,_outputTail = outputPtr;,0.0,4754,5302
549,S3494,UTF8JsonGenerator.java,1362,if ((_outputTail +  6 * (end - offset)) > _outputEnd) {,0.0,4754,5302
549,S3495,UTF8JsonGenerator.java,1365,int outputPtr = _outputTail;,0.0,4754,5302
549,S3496,UTF8JsonGenerator.java,1367,final byte[] outputBuffer = _outputBuffer;,0.0,4754,5302
549,S3497,UTF8JsonGenerator.java,1368,final int[] escCodes = _outputEscapes;,0.0,4754,5302
549,S3498,UTF8JsonGenerator.java,1370,final int maxUnescaped = (_maximumNonEscapedChar <= 0) ? 0xFFFF : _maximumNonEscapedChar;,0.0,4754,5302
549,S3499,UTF8JsonGenerator.java,1371,final CharacterEscapes customEscapes = _characterEscapes; // non-null,0.0,4754,5302
549,S3500,UTF8JsonGenerator.java,1373,while (offset < end) {,0.0,4754,5302
549,S3501,UTF8JsonGenerator.java,1374,int ch = cbuf[offset++];,0.0,4754,5302
549,S3502,UTF8JsonGenerator.java,1375,if (ch <= 0x7F) {,0.0,4754,5302
549,S3503,UTF8JsonGenerator.java,1376,if (escCodes[ch] == 0) {,0.0,4754,5302
549,S3504,UTF8JsonGenerator.java,1377,outputBuffer[outputPtr++] = (byte) ch;,0.0,4754,5302
549,S3505,UTF8JsonGenerator.java,1378,continue;,0.0,4754,5302
549,S3506,UTF8JsonGenerator.java,1380,int escape = escCodes[ch];,0.0,4754,5302
549,S3507,UTF8JsonGenerator.java,1381,"if (escape > 0) { // 2-char escape, fine",0.0,4754,5302
549,S3508,UTF8JsonGenerator.java,1382,outputBuffer[outputPtr++] = BYTE_BACKSLASH;,0.0,4754,5302
549,S3509,UTF8JsonGenerator.java,1383,outputBuffer[outputPtr++] = (byte) escape;,0.0,4754,5302
549,S3510,UTF8JsonGenerator.java,1384,} else if (escape == CharacterEscapes.ESCAPE_CUSTOM) {,0.0,4754,5302
549,S3511,UTF8JsonGenerator.java,1385,SerializableString esc = customEscapes.getEscapeSequence(ch);,0.0,4754,5302
549,S3512,UTF8JsonGenerator.java,1386,if (esc == null) {,0.0,4754,5302
549,S3513,UTF8JsonGenerator.java,1390,"outputPtr = _writeCustomEscape(outputBuffer, outputPtr, esc, end-offset);",0.0,4754,5302
549,S3514,UTF8JsonGenerator.java,1391,} else {,0.0,4754,5302
549,S3515,UTF8JsonGenerator.java,1393,"outputPtr = _writeGenericEscape(ch, outputPtr);",0.0,4754,5302
549,S3516,UTF8JsonGenerator.java,1395,continue;,0.0,4754,5302
549,S3517,UTF8JsonGenerator.java,1397,if (ch > maxUnescaped) { // [JACKSON-102] Allow forced escaping if non-ASCII (etc) chars:,0.0,4754,5302
549,S3518,UTF8JsonGenerator.java,1401,SerializableString esc = customEscapes.getEscapeSequence(ch);,0.0,4754,5302
549,S3519,UTF8JsonGenerator.java,1402,if (esc != null) {,0.0,4754,5302
549,S3520,UTF8JsonGenerator.java,1403,"outputPtr = _writeCustomEscape(outputBuffer, outputPtr, esc, end-offset);",0.0,4754,5302
549,S3521,UTF8JsonGenerator.java,1404,continue;,0.0,4754,5302
549,S3522,UTF8JsonGenerator.java,1413,_outputTail = outputPtr;,0.0,4754,5302
549,S3523,UTF8JsonGenerator.java,1419,"byte[] raw = esc.asUnquotedUTF8(); // must be escaped at this point, shouldn't double-quote",0.0,4754,5302
549,S3524,UTF8JsonGenerator.java,1420,int len = raw.length;,0.0,4754,5302
549,S3525,UTF8JsonGenerator.java,1421,"if (len > 6) { // may violate constraints we have, do offline",0.0,4754,5302
549,S3526,UTF8JsonGenerator.java,1425,"System.arraycopy(raw, 0, outputBuffer, outputPtr, len);",0.0,4754,5302
549,S3527,UTF8JsonGenerator.java,1426,return (outputPtr + len);,0.0,4754,5302
549,S3528,UTF8JsonGenerator.java,1468,"int len = Math.min(_outputMaxContiguous, totalLen);",0.0,4754,5302
549,S3529,UTF8JsonGenerator.java,1469,"_writeUTF8Segment(utf8, offset, len);",0.0,4754,5302
549,S3530,UTF8JsonGenerator.java,1470,offset += len;,0.0,4754,5302
549,S3531,UTF8JsonGenerator.java,1471,totalLen -= len;,0.0,4754,5302
549,S3532,UTF8JsonGenerator.java,1472,} while (totalLen > 0);,0.0,4754,5302
549,S3533,UTF8JsonGenerator.java,1479,final int[] escCodes = _outputEscapes;,0.0,4754,5302
549,S3534,UTF8JsonGenerator.java,1481,"for (int ptr = offset, end = offset + len; ptr < end; ) {",0.0,4754,5302
549,S3535,UTF8JsonGenerator.java,1483,int ch = utf8[ptr++];,0.0,4754,5302
549,S3536,UTF8JsonGenerator.java,1484,if ((ch >= 0) && escCodes[ch] != 0) {,0.0,4754,5302
549,S3537,UTF8JsonGenerator.java,1485,"_writeUTF8Segment2(utf8, offset, len);",0.0,4754,5302
549,S3538,UTF8JsonGenerator.java,1486,return;,0.0,4754,5302
549,S3539,UTF8JsonGenerator.java,1491,if ((_outputTail + len) > _outputEnd) { // enough room or need to flush?,0.0,4754,5302
549,S3540,UTF8JsonGenerator.java,1494,"System.arraycopy(utf8, offset, _outputBuffer, _outputTail, len);",0.0,4754,5302
549,S3541,UTF8JsonGenerator.java,1495,_outputTail += len;,0.0,4754,5302
549,S3542,UTF8JsonGenerator.java,1501,int outputPtr = _outputTail;,0.0,4754,5302
549,S3543,UTF8JsonGenerator.java,1504,if ((outputPtr + (len * 6)) > _outputEnd) {,0.0,4754,5302
549,S3544,UTF8JsonGenerator.java,1505,_flushBuffer();,0.0,4754,5302
549,S3545,UTF8JsonGenerator.java,1506,outputPtr = _outputTail;,0.0,4754,5302
549,S3546,UTF8JsonGenerator.java,1509,final byte[] outputBuffer = _outputBuffer;,0.0,4754,5302
549,S3547,UTF8JsonGenerator.java,1510,final int[] escCodes = _outputEscapes;,0.0,4754,5302
549,S3548,UTF8JsonGenerator.java,1511,len += offset; // so 'len' becomes 'end',0.0,4754,5302
549,S3549,UTF8JsonGenerator.java,1513,while (offset < len) {,0.0,4754,5302
549,S3550,UTF8JsonGenerator.java,1514,byte b = utf8[offset++];,0.0,4754,5302
549,S3551,UTF8JsonGenerator.java,1515,int ch = b;,0.0,4754,5302
549,S3552,UTF8JsonGenerator.java,1516,if (ch < 0 || escCodes[ch] == 0) {,0.0,4754,5302
549,S3553,UTF8JsonGenerator.java,1517,outputBuffer[outputPtr++] = b;,0.0,4754,5302
549,S3554,UTF8JsonGenerator.java,1518,continue;,0.0,4754,5302
549,S3555,UTF8JsonGenerator.java,1520,int escape = escCodes[ch];,0.0,4754,5302
549,S3556,UTF8JsonGenerator.java,1521,"if (escape > 0) { // 2-char escape, fine",0.0,4754,5302
549,S3557,UTF8JsonGenerator.java,1522,outputBuffer[outputPtr++] = BYTE_BACKSLASH;,0.0,4754,5302
549,S3558,UTF8JsonGenerator.java,1523,outputBuffer[outputPtr++] = (byte) escape;,0.0,4754,5302
549,S3559,UTF8JsonGenerator.java,1526,"outputPtr = _writeGenericEscape(ch, outputPtr);",0.0,4754,5302
549,S3560,UTF8JsonGenerator.java,1529,_outputTail = outputPtr;,0.0,4754,5302
549,S3561,UTF8JsonGenerator.java,1543,int safeInputEnd = inputEnd - 3;,0.0,4754,5302
549,S3562,UTF8JsonGenerator.java,1545,int safeOutputEnd = _outputEnd - 6;,0.0,4754,5302
549,S3563,UTF8JsonGenerator.java,1546,int chunksBeforeLF = b64variant.getMaxLineLength() >> 2;,0.0,4754,5302
549,S3564,UTF8JsonGenerator.java,1549,while (inputPtr <= safeInputEnd) {,0.0,4754,5302
549,S3565,UTF8JsonGenerator.java,1550,if (_outputTail > safeOutputEnd) { // need to flush,0.0,4754,5302
549,S3566,UTF8JsonGenerator.java,1551,_flushBuffer();,0.0,4754,5302
549,S3567,UTF8JsonGenerator.java,1554,int b24 = ((int) input[inputPtr++]) << 8;,0.0,4754,5302
549,S3568,UTF8JsonGenerator.java,1555,b24 |= ((int) input[inputPtr++]) & 0xFF;,0.0,4754,5302
549,S3569,UTF8JsonGenerator.java,1556,b24 = (b24 << 8) | (((int) input[inputPtr++]) & 0xFF);,0.0,4754,5302
549,S3570,UTF8JsonGenerator.java,1557,"_outputTail = b64variant.encodeBase64Chunk(b24, _outputBuffer, _outputTail);",0.0,4754,5302
549,S3571,UTF8JsonGenerator.java,1558,if (--chunksBeforeLF <= 0) {,0.0,4754,5302
549,S3572,UTF8JsonGenerator.java,1567,"int inputLeft = inputEnd - inputPtr; // 0, 1 or 2",0.0,4754,5302
549,S3573,UTF8JsonGenerator.java,1568,"if (inputLeft > 0) { // yes, but do we have room for output?",0.0,4754,5302
549,S3574,UTF8JsonGenerator.java,1569,if (_outputTail > safeOutputEnd) { // don't really need 6 bytes but...,0.0,4754,5302
549,S3575,UTF8JsonGenerator.java,1572,int b24 = ((int) input[inputPtr++]) << 16;,0.0,4754,5302
549,S3576,UTF8JsonGenerator.java,1573,if (inputLeft == 2) {,0.0,4754,5302
549,S3577,UTF8JsonGenerator.java,1574,b24 |= (((int) input[inputPtr++]) & 0xFF) << 8;,0.0,4754,5302
549,S3578,UTF8JsonGenerator.java,1576,"_outputTail = b64variant.encodeBase64Partial(b24, inputLeft, _outputBuffer, _outputTail);",0.0,4754,5302
549,S3579,UTF8JsonGenerator.java,1585,int inputPtr = 0;,0.0,4754,5302
549,S3580,UTF8JsonGenerator.java,1586,int inputEnd = 0;,0.0,4754,5302
549,S3581,UTF8JsonGenerator.java,1587,int lastFullOffset = -3;,0.0,4754,5302
549,S3582,UTF8JsonGenerator.java,1590,int safeOutputEnd = _outputEnd - 6;,0.0,4754,5302
549,S3583,UTF8JsonGenerator.java,1591,int chunksBeforeLF = b64variant.getMaxLineLength() >> 2;,0.0,4754,5302
549,S3584,UTF8JsonGenerator.java,1593,while (bytesLeft > 2) { // main loop for full triplets,0.0,4754,5302
549,S3585,UTF8JsonGenerator.java,1594,if (inputPtr > lastFullOffset) {,0.0,4754,5302
549,S3586,UTF8JsonGenerator.java,1595,"inputEnd = _readMore(data, readBuffer, inputPtr, inputEnd, bytesLeft);",0.0,4754,5302
549,S3587,UTF8JsonGenerator.java,1596,inputPtr = 0;,0.0,4754,5302
549,S3588,UTF8JsonGenerator.java,1597,if (inputEnd < 3) { // required to try to read to have at least 3 bytes,0.0,4754,5302
549,S3589,UTF8JsonGenerator.java,1600,lastFullOffset = inputEnd-3;,0.0,4754,5302
549,S3590,UTF8JsonGenerator.java,1602,if (_outputTail > safeOutputEnd) { // need to flush,0.0,4754,5302
549,S3591,UTF8JsonGenerator.java,1605,int b24 = ((int) readBuffer[inputPtr++]) << 8;,0.0,4754,5302
549,S3592,UTF8JsonGenerator.java,1606,b24 |= ((int) readBuffer[inputPtr++]) & 0xFF;,0.0,4754,5302
549,S3593,UTF8JsonGenerator.java,1607,b24 = (b24 << 8) | (((int) readBuffer[inputPtr++]) & 0xFF);,0.0,4754,5302
549,S3594,UTF8JsonGenerator.java,1608,bytesLeft -= 3;,0.0,4754,5302
549,S3595,UTF8JsonGenerator.java,1609,"_outputTail = b64variant.encodeBase64Chunk(b24, _outputBuffer, _outputTail);",0.0,4754,5302
549,S3596,UTF8JsonGenerator.java,1610,if (--chunksBeforeLF <= 0) {,0.0,4754,5302
549,S3597,UTF8JsonGenerator.java,1611,_outputBuffer[_outputTail++] = '\\';,0.0,4754,5302
549,S3598,UTF8JsonGenerator.java,1612,_outputBuffer[_outputTail++] = 'n';,0.0,4754,5302
549,S3599,UTF8JsonGenerator.java,1613,chunksBeforeLF = b64variant.getMaxLineLength() >> 2;,0.0,4754,5302
549,S3600,UTF8JsonGenerator.java,1618,if (bytesLeft > 0) {,0.0,4754,5302
549,S3601,UTF8JsonGenerator.java,1619,"inputEnd = _readMore(data, readBuffer, inputPtr, inputEnd, bytesLeft);",0.0,4754,5302
549,S3602,UTF8JsonGenerator.java,1620,inputPtr = 0;,0.0,4754,5302
549,S3603,UTF8JsonGenerator.java,1621,"if (inputEnd > 0) { // yes, but do we have room for output?",0.0,4754,5302
549,S3604,UTF8JsonGenerator.java,1622,if (_outputTail > safeOutputEnd) { // don't really need 6 bytes but...,0.0,4754,5302
549,S3605,UTF8JsonGenerator.java,1625,int b24 = ((int) readBuffer[inputPtr++]) << 16;,0.0,4754,5302
549,S3606,UTF8JsonGenerator.java,1627,if (inputPtr < inputEnd) {,0.0,4754,5302
549,S3607,UTF8JsonGenerator.java,1628,b24 |= (((int) readBuffer[inputPtr]) & 0xFF) << 8;,0.0,4754,5302
549,S3608,UTF8JsonGenerator.java,1629,amount = 2;,0.0,4754,5302
549,S3609,UTF8JsonGenerator.java,1631,amount = 1;,0.0,4754,5302
549,S3610,UTF8JsonGenerator.java,1633,"_outputTail = b64variant.encodeBase64Partial(b24, amount, _outputBuffer, _outputTail);",0.0,4754,5302
549,S3611,UTF8JsonGenerator.java,1634,bytesLeft -= amount;,0.0,4754,5302
549,S3612,UTF8JsonGenerator.java,1637,return bytesLeft;,0.0,4754,5302
549,S3613,UTF8JsonGenerator.java,1645,int inputPtr = 0;,0.0,4754,5302
549,S3614,UTF8JsonGenerator.java,1646,int inputEnd = 0;,0.0,4754,5302
549,S3615,UTF8JsonGenerator.java,1647,int lastFullOffset = -3;,0.0,4754,5302
549,S3616,UTF8JsonGenerator.java,1648,int bytesDone = 0;,0.0,4754,5302
549,S3617,UTF8JsonGenerator.java,1651,int safeOutputEnd = _outputEnd - 6;,0.0,4754,5302
549,S3618,UTF8JsonGenerator.java,1652,int chunksBeforeLF = b64variant.getMaxLineLength() >> 2;,0.0,4754,5302
549,S3619,UTF8JsonGenerator.java,1656,if (inputPtr > lastFullOffset) { // need to load more,0.0,4754,5302
549,S3620,UTF8JsonGenerator.java,1657,"inputEnd = _readMore(data, readBuffer, inputPtr, inputEnd, readBuffer.length);",0.0,4754,5302
549,S3621,UTF8JsonGenerator.java,1658,inputPtr = 0;,0.0,4754,5302
549,S3622,UTF8JsonGenerator.java,1659,if (inputEnd < 3) { // required to try to read to have at least 3 bytes,0.0,4754,5302
549,S3623,UTF8JsonGenerator.java,1660,break;,0.0,4754,5302
549,S3624,UTF8JsonGenerator.java,1662,lastFullOffset = inputEnd-3;,0.0,4754,5302
549,S3625,UTF8JsonGenerator.java,1664,if (_outputTail > safeOutputEnd) { // need to flush,0.0,4754,5302
549,S3626,UTF8JsonGenerator.java,1668,int b24 = ((int) readBuffer[inputPtr++]) << 8;,0.0,4754,5302
549,S3627,UTF8JsonGenerator.java,1669,b24 |= ((int) readBuffer[inputPtr++]) & 0xFF;,0.0,4754,5302
549,S3628,UTF8JsonGenerator.java,1670,b24 = (b24 << 8) | (((int) readBuffer[inputPtr++]) & 0xFF);,0.0,4754,5302
549,S3629,UTF8JsonGenerator.java,1671,bytesDone += 3;,0.0,4754,5302
549,S3630,UTF8JsonGenerator.java,1672,"_outputTail = b64variant.encodeBase64Chunk(b24, _outputBuffer, _outputTail);",0.0,4754,5302
549,S3631,UTF8JsonGenerator.java,1673,if (--chunksBeforeLF <= 0) {,0.0,4754,5302
549,S3632,UTF8JsonGenerator.java,1674,_outputBuffer[_outputTail++] = '\\';,0.0,4754,5302
549,S3633,UTF8JsonGenerator.java,1675,_outputBuffer[_outputTail++] = 'n';,0.0,4754,5302
549,S3634,UTF8JsonGenerator.java,1676,chunksBeforeLF = b64variant.getMaxLineLength() >> 2;,0.0,4754,5302
549,S3635,UTF8JsonGenerator.java,1681,"if (inputPtr < inputEnd) { // yes, but do we have room for output?",0.0,4754,5302
549,S3636,UTF8JsonGenerator.java,1682,if (_outputTail > safeOutputEnd) { // don't really need 6 bytes but...,0.0,4754,5302
549,S3637,UTF8JsonGenerator.java,1685,int b24 = ((int) readBuffer[inputPtr++]) << 16;,0.0,4754,5302
549,S3638,UTF8JsonGenerator.java,1686,int amount = 1;,0.0,4754,5302
549,S3639,UTF8JsonGenerator.java,1687,if (inputPtr < inputEnd) {,0.0,4754,5302
549,S3640,UTF8JsonGenerator.java,1688,b24 |= (((int) readBuffer[inputPtr]) & 0xFF) << 8;,0.0,4754,5302
549,S3641,UTF8JsonGenerator.java,1689,amount = 2;,0.0,4754,5302
549,S3642,UTF8JsonGenerator.java,1691,bytesDone += amount;,0.0,4754,5302
549,S3643,UTF8JsonGenerator.java,1692,"_outputTail = b64variant.encodeBase64Partial(b24, amount, _outputBuffer, _outputTail);",0.0,4754,5302
549,S3644,UTF8JsonGenerator.java,1694,return bytesDone;,0.0,4754,5302
549,S3645,UTF8JsonGenerator.java,1702,int i = 0;,0.0,4754,5302
549,S3646,UTF8JsonGenerator.java,1703,while (inputPtr < inputEnd) {,0.0,4754,5302
549,S3647,UTF8JsonGenerator.java,1704,readBuffer[i++]  = readBuffer[inputPtr++];,0.0,4754,5302
549,S3648,UTF8JsonGenerator.java,1706,inputPtr = 0;,0.0,4754,5302
549,S3649,UTF8JsonGenerator.java,1707,inputEnd = i;,0.0,4754,5302
549,S3650,UTF8JsonGenerator.java,1708,"maxRead = Math.min(maxRead, readBuffer.length);",0.0,4754,5302
549,S3651,UTF8JsonGenerator.java,1711,int length = maxRead - inputEnd;,0.0,4754,5302
549,S3652,UTF8JsonGenerator.java,1712,if (length == 0) {,0.0,4754,5302
549,S3653,UTF8JsonGenerator.java,1713,break;,0.0,4754,5302
549,S3654,UTF8JsonGenerator.java,1715,"int count = in.read(readBuffer, inputEnd, length);",0.0,4754,5302
549,S3655,UTF8JsonGenerator.java,1716,if (count < 0) {,0.0,4754,5302
549,S3656,UTF8JsonGenerator.java,1717,return inputEnd;,0.0,4754,5302
549,S3657,UTF8JsonGenerator.java,1719,inputEnd += count;,0.0,4754,5302
549,S3658,UTF8JsonGenerator.java,1720,} while (inputEnd < 3);,0.0,4754,5302
549,S3659,UTF8JsonGenerator.java,1721,return inputEnd;,0.0,4754,5302
549,S3660,UTF8JsonGenerator.java,1782,byte[] bbuf = _outputBuffer;,0.0,4754,5302
549,S3661,UTF8JsonGenerator.java,1783,"if (ch >= SURR1_FIRST && ch <= SURR2_LAST) { // yes, outside of BMP; add an escape",0.0,4754,5302
549,S3662,UTF8JsonGenerator.java,1784,bbuf[outputPtr++] = BYTE_BACKSLASH;,0.0,4754,5302
549,S3663,UTF8JsonGenerator.java,1785,bbuf[outputPtr++] = BYTE_u;,0.0,4754,5302
549,S3664,UTF8JsonGenerator.java,1787,bbuf[outputPtr++] = HEX_CHARS[(ch >> 12) & 0xF];,0.0,4754,5302
549,S3665,UTF8JsonGenerator.java,1788,bbuf[outputPtr++] = HEX_CHARS[(ch >> 8) & 0xF];,0.0,4754,5302
549,S3666,UTF8JsonGenerator.java,1789,bbuf[outputPtr++] = HEX_CHARS[(ch >> 4) & 0xF];,0.0,4754,5302
549,S3667,UTF8JsonGenerator.java,1790,bbuf[outputPtr++] = HEX_CHARS[ch & 0xF];,0.0,4754,5302
549,S3668,UTF8JsonGenerator.java,1792,bbuf[outputPtr++] = (byte) (0xe0 | (ch >> 12));,0.0,4754,5302
549,S3669,UTF8JsonGenerator.java,1793,bbuf[outputPtr++] = (byte) (0x80 | ((ch >> 6) & 0x3f));,0.0,4754,5302
549,S3670,UTF8JsonGenerator.java,1794,bbuf[outputPtr++] = (byte) (0x80 | (ch & 0x3f));,0.0,4754,5302
549,S3671,UTF8JsonGenerator.java,1796,return outputPtr;,0.0,4754,5302
549,S3672,UTF8JsonGenerator.java,1827,final byte[] bbuf = _outputBuffer;,0.0,4754,5302
549,S3673,UTF8JsonGenerator.java,1828,bbuf[outputPtr++] = BYTE_BACKSLASH;,0.0,4754,5302
549,S3674,UTF8JsonGenerator.java,1829,bbuf[outputPtr++] = BYTE_u;,0.0,4754,5302
549,S3675,UTF8JsonGenerator.java,1830,if (charToEscape > 0xFF) {,0.0,4754,5302
549,S3676,UTF8JsonGenerator.java,1831,int hi = (charToEscape >> 8) & 0xFF;,0.0,4754,5302
549,S3677,UTF8JsonGenerator.java,1832,bbuf[outputPtr++] = HEX_CHARS[hi >> 4];,0.0,4754,5302
549,S3678,UTF8JsonGenerator.java,1833,bbuf[outputPtr++] = HEX_CHARS[hi & 0xF];,0.0,4754,5302
549,S3679,UTF8JsonGenerator.java,1834,charToEscape &= 0xFF;,0.0,4754,5302
549,S3680,UTF8JsonGenerator.java,1835,} else {,0.0,4754,5302
549,S3681,UTF8JsonGenerator.java,1836,bbuf[outputPtr++] = BYTE_0;,0.0,4754,5302
549,S3682,UTF8JsonGenerator.java,1837,bbuf[outputPtr++] = BYTE_0;,0.0,4754,5302
549,S3683,UTF8JsonGenerator.java,1840,bbuf[outputPtr++] = HEX_CHARS[charToEscape >> 4];,0.0,4754,5302
549,S3684,UTF8JsonGenerator.java,1841,bbuf[outputPtr++] = HEX_CHARS[charToEscape & 0xF];,0.0,4754,5302
549,S3685,UTF8JsonGenerator.java,1842,return outputPtr;,0.0,4754,5302
549,S3686,UTF8JsonGenerator.java,1847,int len = _outputTail;,0.0,4754,5302
549,S3687,UTF8JsonGenerator.java,1848,if (len > 0) {,0.0,4754,5302
549,S3688,UTF8JsonGenerator.java,1849,_outputTail = 0;,0.0,4754,5302
549,S3689,UTF8JsonGenerator.java,1850,"_outputStream.write(_outputBuffer, 0, len);",0.0,4754,5302
549,S3703,UTF8StreamJsonParser.java,126,return _objectCodec;,0.0,4754,5302
549,S3704,UTF8StreamJsonParser.java,143,int count = _inputEnd - _inputPtr;,0.0,4754,5302
549,S3705,UTF8StreamJsonParser.java,144,if (count < 1) {,0.0,4754,5302
549,S3706,UTF8StreamJsonParser.java,148,int origPtr = _inputPtr;,0.0,4754,5302
549,S3707,UTF8StreamJsonParser.java,149,"out.write(_inputBuffer, origPtr, count);",0.0,4754,5302
549,S3708,UTF8StreamJsonParser.java,150,return count;,0.0,4754,5302
549,S3709,UTF8StreamJsonParser.java,168,_currInputProcessed += _inputEnd;,0.0,4754,5302
549,S3710,UTF8StreamJsonParser.java,169,_currInputRowStart -= _inputEnd;,0.0,4754,5302
549,S3711,UTF8StreamJsonParser.java,171,if (_inputStream != null) {,0.0,4754,5302
549,S3712,UTF8StreamJsonParser.java,172,"int count = _inputStream.read(_inputBuffer, 0, _inputBuffer.length);",0.0,4754,5302
549,S3713,UTF8StreamJsonParser.java,173,if (count > 0) {,0.0,4754,5302
549,S3714,UTF8StreamJsonParser.java,174,_inputPtr = 0;,0.0,4754,5302
549,S3715,UTF8StreamJsonParser.java,175,_inputEnd = count;,0.0,4754,5302
549,S3716,UTF8StreamJsonParser.java,176,return true;,0.0,4754,5302
549,S3717,UTF8StreamJsonParser.java,179,_closeInput();,0.0,4754,5302
549,S3718,UTF8StreamJsonParser.java,181,if (count == 0) {,0.0,4754,5302
549,S3719,UTF8StreamJsonParser.java,185,return false;,0.0,4754,5302
549,S3720,UTF8StreamJsonParser.java,233,if (_inputStream != null) {,0.0,4754,5302
549,S3721,UTF8StreamJsonParser.java,234,if (_ioContext.isResourceManaged() || isEnabled(Feature.AUTO_CLOSE_SOURCE)) {,0.0,4754,5302
549,S3722,UTF8StreamJsonParser.java,235,_inputStream.close();,0.0,4754,5302
549,S3723,UTF8StreamJsonParser.java,237,_inputStream = null;,0.0,4754,5302
549,S3724,UTF8StreamJsonParser.java,250,super._releaseBuffers();,0.0,4754,5302
549,S3725,UTF8StreamJsonParser.java,251,if (_bufferRecyclable) {,0.0,4754,5302
549,S3726,UTF8StreamJsonParser.java,252,byte[] buf = _inputBuffer;,0.0,4754,5302
549,S3727,UTF8StreamJsonParser.java,253,if (buf != null) {,0.0,4754,5302
549,S3728,UTF8StreamJsonParser.java,254,_inputBuffer = null;,0.0,4754,5302
549,S3729,UTF8StreamJsonParser.java,255,_ioContext.releaseReadIOBuffer(buf);,0.0,4754,5302
549,S3730,UTF8StreamJsonParser.java,270,if (_currToken == JsonToken.VALUE_STRING) {,0.0,4754,5302
549,S3731,UTF8StreamJsonParser.java,271,if (_tokenIncomplete) {,0.0,4754,5302
549,S3732,UTF8StreamJsonParser.java,272,_tokenIncomplete = false;,0.0,4754,5302
549,S3733,UTF8StreamJsonParser.java,273,_finishString(); // only strings can be incomplete,0.0,4754,5302
549,S3734,UTF8StreamJsonParser.java,275,return _textBuffer.contentsAsString();,0.0,4754,5302
549,S3735,UTF8StreamJsonParser.java,277,return _getText2(_currToken);,0.0,4754,5302
549,S3736,UTF8StreamJsonParser.java,312,if (t == null) {,0.0,4754,5302
549,S3737,UTF8StreamJsonParser.java,313,return null;,0.0,4754,5302
549,S3738,UTF8StreamJsonParser.java,315,switch (t) {,0.0,4754,5302
549,S3739,UTF8StreamJsonParser.java,317,return _parsingContext.getCurrentName();,0.0,4754,5302
549,S3740,UTF8StreamJsonParser.java,323,return _textBuffer.contentsAsString();,0.0,4754,5302
549,S3741,UTF8StreamJsonParser.java,333,if (_currToken != null) { // null only before/after document,0.0,4754,5302
549,S3742,UTF8StreamJsonParser.java,334,switch (_currToken) {,0.0,4754,5302
549,S3743,UTF8StreamJsonParser.java,337,if (!_nameCopied) {,0.0,4754,5302
549,S3744,UTF8StreamJsonParser.java,338,String name = _parsingContext.getCurrentName();,0.0,4754,5302
549,S3745,UTF8StreamJsonParser.java,339,int nameLen = name.length();,0.0,4754,5302
549,S3746,UTF8StreamJsonParser.java,340,if (_nameCopyBuffer == null) {,0.0,4754,5302
549,S3747,UTF8StreamJsonParser.java,341,_nameCopyBuffer = _ioContext.allocNameCopyBuffer(nameLen);,0.0,4754,5302
549,S3748,UTF8StreamJsonParser.java,345,"name.getChars(0, nameLen, _nameCopyBuffer, 0);",0.0,4754,5302
549,S3749,UTF8StreamJsonParser.java,346,_nameCopied = true;,0.0,4754,5302
549,S3750,UTF8StreamJsonParser.java,348,return _nameCopyBuffer;,0.0,4754,5302
549,S3751,UTF8StreamJsonParser.java,351,if (_tokenIncomplete) {,0.0,4754,5302
549,S3752,UTF8StreamJsonParser.java,358,return _textBuffer.getTextBuffer();,0.0,4754,5302
549,S3753,UTF8StreamJsonParser.java,364,return null;,0.0,4754,5302
549,S3754,UTF8StreamJsonParser.java,371,if (_currToken != null) { // null only before/after document,0.0,4754,5302
549,S3755,UTF8StreamJsonParser.java,372,switch (_currToken) {,0.0,4754,5302
549,S3756,UTF8StreamJsonParser.java,375,return _parsingContext.getCurrentName().length();,0.0,4754,5302
549,S3757,UTF8StreamJsonParser.java,377,if (_tokenIncomplete) {,0.0,4754,5302
549,S3758,UTF8StreamJsonParser.java,378,_tokenIncomplete = false;,0.0,4754,5302
549,S3759,UTF8StreamJsonParser.java,379,_finishString(); // only strings can be incomplete,0.0,4754,5302
549,S3760,UTF8StreamJsonParser.java,384,return _textBuffer.size();,0.0,4754,5302
549,S3761,UTF8StreamJsonParser.java,390,return 0;,0.0,4754,5302
549,S3762,UTF8StreamJsonParser.java,397,if (_currToken != null) {,0.0,4754,5302
549,S3763,UTF8StreamJsonParser.java,398,switch (_currToken) {,0.0,4754,5302
549,S3764,UTF8StreamJsonParser.java,400,return 0;,0.0,4754,5302
549,S3765,UTF8StreamJsonParser.java,402,if (_tokenIncomplete) {,0.0,4754,5302
549,S3766,UTF8StreamJsonParser.java,409,return _textBuffer.getTextOffset();,0.0,4754,5302
549,S3767,UTF8StreamJsonParser.java,413,return 0;,0.0,4754,5302
549,S3768,UTF8StreamJsonParser.java,420,if (_currToken != JsonToken.VALUE_STRING &&,0.0,4754,5302
549,S3769,UTF8StreamJsonParser.java,427,if (_tokenIncomplete) {,0.0,4754,5302
549,S3770,UTF8StreamJsonParser.java,429,_binaryValue = _decodeBase64(b64variant);,0.0,4754,5302
549,S3771,UTF8StreamJsonParser.java,436,_tokenIncomplete = false;,0.0,4754,5302
549,S3772,UTF8StreamJsonParser.java,445,return _binaryValue;,0.0,4754,5302
549,S3773,UTF8StreamJsonParser.java,453,if (!_tokenIncomplete || _currToken != JsonToken.VALUE_STRING) {,0.0,4754,5302
549,S3774,UTF8StreamJsonParser.java,459,byte[] buf = _ioContext.allocBase64Buffer();,0.0,4754,5302
549,S3775,UTF8StreamJsonParser.java,461,"return _readBinary(b64variant, out, buf);",0.0,4754,5302
549,S3776,UTF8StreamJsonParser.java,463,_ioContext.releaseBase64Buffer(buf);,0.0,4754,5302
549,S3777,UTF8StreamJsonParser.java,471,int outputPtr = 0;,0.0,4754,5302
549,S3778,UTF8StreamJsonParser.java,472,final int outputEnd = buffer.length - 3;,0.0,4754,5302
549,S3779,UTF8StreamJsonParser.java,473,int outputCount = 0;,0.0,4754,5302
549,S3780,UTF8StreamJsonParser.java,479,if (_inputPtr >= _inputEnd) {,0.0,4754,5302
549,S3781,UTF8StreamJsonParser.java,482,ch = (int) _inputBuffer[_inputPtr++] & 0xFF;,0.0,4754,5302
549,S3782,UTF8StreamJsonParser.java,483,} while (ch <= INT_SPACE);,0.0,4754,5302
549,S3783,UTF8StreamJsonParser.java,484,int bits = b64variant.decodeBase64Char(ch);,0.0,4754,5302
549,S3784,UTF8StreamJsonParser.java,485,"if (bits < 0) { // reached the end, fair and square?",0.0,4754,5302
549,S3785,UTF8StreamJsonParser.java,486,if (ch == INT_QUOTE) {,0.0,4754,5302
549,S3786,UTF8StreamJsonParser.java,487,break;,0.0,4754,5302
549,S3787,UTF8StreamJsonParser.java,496,if (outputPtr > outputEnd) {,0.0,4754,5302
549,S3788,UTF8StreamJsonParser.java,497,outputCount += outputPtr;,0.0,4754,5302
549,S3789,UTF8StreamJsonParser.java,498,"out.write(buffer, 0, outputPtr);",0.0,4754,5302
549,S3790,UTF8StreamJsonParser.java,499,outputPtr = 0;,0.0,4754,5302
549,S3791,UTF8StreamJsonParser.java,502,int decodedData = bits;,0.0,4754,5302
549,S3792,UTF8StreamJsonParser.java,506,if (_inputPtr >= _inputEnd) {,0.0,4754,5302
549,S3793,UTF8StreamJsonParser.java,509,ch = _inputBuffer[_inputPtr++] & 0xFF;,0.0,4754,5302
549,S3794,UTF8StreamJsonParser.java,510,bits = b64variant.decodeBase64Char(ch);,0.0,4754,5302
549,S3795,UTF8StreamJsonParser.java,511,if (bits < 0) {,0.0,4754,5302
549,S3796,UTF8StreamJsonParser.java,514,decodedData = (decodedData << 6) | bits;,0.0,4754,5302
549,S3797,UTF8StreamJsonParser.java,517,if (_inputPtr >= _inputEnd) {,0.0,4754,5302
549,S3798,UTF8StreamJsonParser.java,520,ch = _inputBuffer[_inputPtr++] & 0xFF;,0.0,4754,5302
549,S3799,UTF8StreamJsonParser.java,521,bits = b64variant.decodeBase64Char(ch);,0.0,4754,5302
549,S3800,UTF8StreamJsonParser.java,524,if (bits < 0) {,0.0,4754,5302
549,S3801,UTF8StreamJsonParser.java,525,if (bits != Base64Variant.BASE64_VALUE_PADDING) {,0.0,4754,5302
549,S3802,UTF8StreamJsonParser.java,534,if (bits == Base64Variant.BASE64_VALUE_PADDING) {,0.0,4754,5302
549,S3803,UTF8StreamJsonParser.java,536,if (_inputPtr >= _inputEnd) {,0.0,4754,5302
549,S3804,UTF8StreamJsonParser.java,539,ch = _inputBuffer[_inputPtr++] & 0xFF;,0.0,4754,5302
549,S3805,UTF8StreamJsonParser.java,540,if (!b64variant.usesPaddingChar(ch)) {,0.0,4754,5302
549,S3806,UTF8StreamJsonParser.java,544,decodedData >>= 4;,0.0,4754,5302
549,S3807,UTF8StreamJsonParser.java,545,buffer[outputPtr++] = (byte) decodedData;,0.0,4754,5302
549,S3808,UTF8StreamJsonParser.java,546,continue;,0.0,4754,5302
549,S3809,UTF8StreamJsonParser.java,550,decodedData = (decodedData << 6) | bits;,0.0,4754,5302
549,S3810,UTF8StreamJsonParser.java,552,if (_inputPtr >= _inputEnd) {,0.0,4754,5302
549,S3811,UTF8StreamJsonParser.java,555,ch = _inputBuffer[_inputPtr++] & 0xFF;,0.0,4754,5302
549,S3812,UTF8StreamJsonParser.java,556,bits = b64variant.decodeBase64Char(ch);,0.0,4754,5302
549,S3813,UTF8StreamJsonParser.java,557,if (bits < 0) {,0.0,4754,5302
549,S3814,UTF8StreamJsonParser.java,558,if (bits != Base64Variant.BASE64_VALUE_PADDING) {,0.0,4754,5302
549,S3815,UTF8StreamJsonParser.java,568,if (bits == Base64Variant.BASE64_VALUE_PADDING) {,0.0,4754,5302
549,S3816,UTF8StreamJsonParser.java,575,decodedData >>= 2;,0.0,4754,5302
549,S3817,UTF8StreamJsonParser.java,576,buffer[outputPtr++] = (byte) (decodedData >> 8);,0.0,4754,5302
549,S3818,UTF8StreamJsonParser.java,577,buffer[outputPtr++] = (byte) decodedData;,0.0,4754,5302
549,S3819,UTF8StreamJsonParser.java,578,continue;,0.0,4754,5302
549,S3820,UTF8StreamJsonParser.java,582,decodedData = (decodedData << 6) | bits;,0.0,4754,5302
549,S3821,UTF8StreamJsonParser.java,583,buffer[outputPtr++] = (byte) (decodedData >> 16);,0.0,4754,5302
549,S3822,UTF8StreamJsonParser.java,584,buffer[outputPtr++] = (byte) (decodedData >> 8);,0.0,4754,5302
549,S3823,UTF8StreamJsonParser.java,585,buffer[outputPtr++] = (byte) decodedData;,0.0,4754,5302
549,S3824,UTF8StreamJsonParser.java,587,_tokenIncomplete = false;,0.0,4754,5302
549,S3825,UTF8StreamJsonParser.java,588,if (outputPtr > 0) {,0.0,4754,5302
549,S3826,UTF8StreamJsonParser.java,589,outputCount += outputPtr;,0.0,4754,5302
549,S3827,UTF8StreamJsonParser.java,590,"out.write(buffer, 0, outputPtr);",0.0,4754,5302
549,S3828,UTF8StreamJsonParser.java,592,return outputCount;,0.0,4754,5302
549,S3831,UTF8StreamJsonParser.java,615,return _nextAfterName();,0.0,4754,5302
549,S3833,UTF8StreamJsonParser.java,618,_skipString(); // only strings can be partial,0.0,4754,5302
549,S3836,UTF8StreamJsonParser.java,626,close();,0.0,4754,5302
549,S3837,UTF8StreamJsonParser.java,627,return (_currToken = null);,0.0,4754,5302
549,S3843,UTF8StreamJsonParser.java,642,if (!_parsingContext.inArray()) {,0.0,4754,5302
549,S3844,UTF8StreamJsonParser.java,643,"_reportMismatchedEndMarker(i, '}');",0.0,4754,5302
549,S3845,UTF8StreamJsonParser.java,645,_parsingContext = _parsingContext.getParent();,0.0,4754,5302
549,S3846,UTF8StreamJsonParser.java,646,return (_currToken = JsonToken.END_ARRAY);,0.0,4754,5302
549,S3848,UTF8StreamJsonParser.java,649,if (!_parsingContext.inObject()) {,0.0,4754,5302
549,S3849,UTF8StreamJsonParser.java,650,"_reportMismatchedEndMarker(i, ']');",0.0,4754,5302
549,S3850,UTF8StreamJsonParser.java,652,_parsingContext = _parsingContext.getParent();,0.0,4754,5302
549,S3851,UTF8StreamJsonParser.java,653,return (_currToken = JsonToken.END_OBJECT);,0.0,4754,5302
549,S3853,UTF8StreamJsonParser.java,658,if (i != INT_COMMA) {,0.0,4754,5302
549,S3854,UTF8StreamJsonParser.java,661,i = _skipWS();,0.0,4754,5302
549,S3857,UTF8StreamJsonParser.java,672,Name n = _parseFieldName(i);,0.0,4754,5302
549,S3858,UTF8StreamJsonParser.java,673,_parsingContext.setCurrentName(n.getName());,0.0,4754,5302
549,S3859,UTF8StreamJsonParser.java,674,_currToken = JsonToken.FIELD_NAME;,0.0,4754,5302
549,S3860,UTF8StreamJsonParser.java,677,if (_inputPtr < _inputEnd && _inputBuffer[_inputPtr] == ':') {,0.0,4754,5302
549,S3861,UTF8StreamJsonParser.java,678,++_inputPtr;,0.0,4754,5302
549,S3862,UTF8StreamJsonParser.java,680,i = _skipWS();,0.0,4754,5302
549,S3863,UTF8StreamJsonParser.java,681,if (i != INT_COLON) {,0.0,4754,5302
549,S3864,UTF8StreamJsonParser.java,682,"_reportUnexpectedChar(i, ""was expecting a colon to separate field name and value"");",0.0,4754,5302
549,S3865,UTF8StreamJsonParser.java,685,i = _skipWS();,0.0,4754,5302
549,S3866,UTF8StreamJsonParser.java,688,if (i == INT_QUOTE) {,0.0,4754,5302
549,S3867,UTF8StreamJsonParser.java,689,_tokenIncomplete = true;,0.0,4754,5302
549,S3868,UTF8StreamJsonParser.java,690,_nextToken = JsonToken.VALUE_STRING;,0.0,4754,5302
549,S3869,UTF8StreamJsonParser.java,691,return _currToken;,0.0,4754,5302
549,S3870,UTF8StreamJsonParser.java,695,switch (i) {,0.0,4754,5302
549,S3871,UTF8StreamJsonParser.java,697,t = JsonToken.START_ARRAY;,0.0,4754,5302
549,S3872,UTF8StreamJsonParser.java,698,break;,0.0,4754,5302
549,S3873,UTF8StreamJsonParser.java,700,t = JsonToken.START_OBJECT;,0.0,4754,5302
549,S3874,UTF8StreamJsonParser.java,701,break;,0.0,4754,5302
549,S3875,UTF8StreamJsonParser.java,708,"_matchToken(""true"", 1);",0.0,4754,5302
549,S3876,UTF8StreamJsonParser.java,709,t = JsonToken.VALUE_TRUE;,0.0,4754,5302
549,S3877,UTF8StreamJsonParser.java,710,break;,0.0,4754,5302
549,S3878,UTF8StreamJsonParser.java,712,"_matchToken(""false"", 1);",0.0,4754,5302
549,S3879,UTF8StreamJsonParser.java,713,t = JsonToken.VALUE_FALSE;,0.0,4754,5302
549,S3880,UTF8StreamJsonParser.java,714,break;,0.0,4754,5302
549,S3881,UTF8StreamJsonParser.java,716,"_matchToken(""null"", 1);",0.0,4754,5302
549,S3882,UTF8StreamJsonParser.java,717,t = JsonToken.VALUE_NULL;,0.0,4754,5302
549,S3883,UTF8StreamJsonParser.java,718,break;,0.0,4754,5302
549,S3884,UTF8StreamJsonParser.java,735,t = _parseNumber(i);,0.0,4754,5302
549,S3885,UTF8StreamJsonParser.java,736,break;,0.0,4754,5302
549,S3886,UTF8StreamJsonParser.java,738,t = _handleUnexpectedValue(i);,0.0,4754,5302
549,S3887,UTF8StreamJsonParser.java,740,_nextToken = t;,0.0,4754,5302
549,S3888,UTF8StreamJsonParser.java,741,return _currToken;,0.0,4754,5302
549,S3890,UTF8StreamJsonParser.java,748,_tokenIncomplete = true;,0.0,4754,5302
549,S3891,UTF8StreamJsonParser.java,749,return (_currToken = JsonToken.VALUE_STRING);,0.0,4754,5302
549,S3893,UTF8StreamJsonParser.java,753,"_parsingContext = _parsingContext.createChildArrayContext(_tokenInputRow, _tokenInputCol);",0.0,4754,5302
549,S3894,UTF8StreamJsonParser.java,754,return (_currToken = JsonToken.START_ARRAY);,0.0,4754,5302
549,S3895,UTF8StreamJsonParser.java,756,"_parsingContext = _parsingContext.createChildObjectContext(_tokenInputRow, _tokenInputCol);",0.0,4754,5302
549,S3896,UTF8StreamJsonParser.java,757,return (_currToken = JsonToken.START_OBJECT);,0.0,4754,5302
549,S3897,UTF8StreamJsonParser.java,762,"_reportUnexpectedChar(i, ""expected a value"");",0.0,4754,5302
549,S3898,UTF8StreamJsonParser.java,764,"_matchToken(""true"", 1);",0.0,4754,5302
549,S3899,UTF8StreamJsonParser.java,765,return (_currToken = JsonToken.VALUE_TRUE);,0.0,4754,5302
549,S3900,UTF8StreamJsonParser.java,767,"_matchToken(""false"", 1);",0.0,4754,5302
549,S3901,UTF8StreamJsonParser.java,768,return (_currToken = JsonToken.VALUE_FALSE);,0.0,4754,5302
549,S3902,UTF8StreamJsonParser.java,770,"_matchToken(""null"", 1);",0.0,4754,5302
549,S3903,UTF8StreamJsonParser.java,771,return (_currToken = JsonToken.VALUE_NULL);,0.0,4754,5302
549,S3905,UTF8StreamJsonParser.java,789,return (_currToken = _handleUnexpectedValue(i));,0.0,4754,5302
549,S3906,UTF8StreamJsonParser.java,794,_nameCopied = false; // need to invalidate if it was copied,0.0,4754,5302
549,S3907,UTF8StreamJsonParser.java,795,JsonToken t = _nextToken;,0.0,4754,5302
549,S3908,UTF8StreamJsonParser.java,796,_nextToken = null;,0.0,4754,5302
549,S3909,UTF8StreamJsonParser.java,798,if (t == JsonToken.START_ARRAY) {,0.0,4754,5302
549,S3910,UTF8StreamJsonParser.java,799,"_parsingContext = _parsingContext.createChildArrayContext(_tokenInputRow, _tokenInputCol);",0.0,4754,5302
549,S3911,UTF8StreamJsonParser.java,800,} else if (t == JsonToken.START_OBJECT) {,0.0,4754,5302
549,S3912,UTF8StreamJsonParser.java,801,"_parsingContext = _parsingContext.createChildObjectContext(_tokenInputRow, _tokenInputCol);",0.0,4754,5302
549,S3913,UTF8StreamJsonParser.java,803,return (_currToken = t);,0.0,4754,5302
549,S3914,UTF8StreamJsonParser.java,809,super.close();,0.0,4754,5302
549,S3915,UTF8StreamJsonParser.java,811,_symbols.release();,0.0,4754,5302
549,S3916,UTF8StreamJsonParser.java,826,_numTypesValid = NR_UNKNOWN;,0.0,4754,5302
549,S3917,UTF8StreamJsonParser.java,827,if (_currToken == JsonToken.FIELD_NAME) { // can't have name right after name,0.0,4754,5302
549,S3918,UTF8StreamJsonParser.java,828,_nextAfterName();,0.0,4754,5302
549,S3919,UTF8StreamJsonParser.java,829,return false;,0.0,4754,5302
549,S3920,UTF8StreamJsonParser.java,831,if (_tokenIncomplete) {,0.0,4754,5302
549,S3921,UTF8StreamJsonParser.java,832,_skipString();,0.0,4754,5302
549,S3922,UTF8StreamJsonParser.java,834,int i = _skipWSOrEnd();,0.0,4754,5302
549,S3923,UTF8StreamJsonParser.java,835,if (i < 0) { // end-of-input,0.0,4754,5302
549,S3924,UTF8StreamJsonParser.java,836,close();,0.0,4754,5302
549,S3925,UTF8StreamJsonParser.java,837,_currToken = null;,0.0,4754,5302
549,S3926,UTF8StreamJsonParser.java,838,return false;,0.0,4754,5302
549,S3927,UTF8StreamJsonParser.java,840,_tokenInputTotal = _currInputProcessed + _inputPtr - 1;,0.0,4754,5302
549,S3928,UTF8StreamJsonParser.java,841,_tokenInputRow = _currInputRow;,0.0,4754,5302
549,S3929,UTF8StreamJsonParser.java,842,_tokenInputCol = _inputPtr - _currInputRowStart - 1;,0.0,4754,5302
549,S3930,UTF8StreamJsonParser.java,845,_binaryValue = null;,0.0,4754,5302
549,S3931,UTF8StreamJsonParser.java,848,if (i == INT_RBRACKET) {,0.0,4754,5302
549,S3932,UTF8StreamJsonParser.java,856,if (i == INT_RCURLY) {,0.0,4754,5302
549,S3933,UTF8StreamJsonParser.java,857,if (!_parsingContext.inObject()) {,0.0,4754,5302
549,S3934,UTF8StreamJsonParser.java,860,_parsingContext = _parsingContext.getParent();,0.0,4754,5302
549,S3935,UTF8StreamJsonParser.java,861,_currToken = JsonToken.END_OBJECT;,0.0,4754,5302
549,S3936,UTF8StreamJsonParser.java,862,return false;,0.0,4754,5302
549,S3937,UTF8StreamJsonParser.java,866,if (_parsingContext.expectComma()) {,0.0,4754,5302
549,S3938,UTF8StreamJsonParser.java,867,if (i != INT_COMMA) {,0.0,4754,5302
549,S3939,UTF8StreamJsonParser.java,870,i = _skipWS();,0.0,4754,5302
549,S3940,UTF8StreamJsonParser.java,873,if (!_parsingContext.inObject()) {,0.0,4754,5302
549,S3941,UTF8StreamJsonParser.java,874,_nextTokenNotInObject(i);,0.0,4754,5302
549,S3942,UTF8StreamJsonParser.java,875,return false;,0.0,4754,5302
549,S3943,UTF8StreamJsonParser.java,879,if (i == INT_QUOTE) {,0.0,4754,5302
549,S3944,UTF8StreamJsonParser.java,881,byte[] nameBytes = str.asQuotedUTF8();,0.0,4754,5302
549,S3945,UTF8StreamJsonParser.java,882,final int len = nameBytes.length;,0.0,4754,5302
549,S3946,UTF8StreamJsonParser.java,883,if ((_inputPtr + len) < _inputEnd) { // maybe...,0.0,4754,5302
549,S3947,UTF8StreamJsonParser.java,885,final int end = _inputPtr+len;,0.0,4754,5302
549,S3948,UTF8StreamJsonParser.java,886,if (_inputBuffer[end] == INT_QUOTE) {,0.0,4754,5302
549,S3949,UTF8StreamJsonParser.java,887,int offset = 0;,0.0,4754,5302
549,S3950,UTF8StreamJsonParser.java,888,final int ptr = _inputPtr;,0.0,4754,5302
549,S3951,UTF8StreamJsonParser.java,890,"if (offset == len) { // yes, match!",0.0,4754,5302
549,S3952,UTF8StreamJsonParser.java,891,_inputPtr = end+1; // skip current value first,0.0,4754,5302
549,S3953,UTF8StreamJsonParser.java,893,_parsingContext.setCurrentName(str.getValue());,0.0,4754,5302
549,S3954,UTF8StreamJsonParser.java,894,_currToken = JsonToken.FIELD_NAME;,0.0,4754,5302
549,S3955,UTF8StreamJsonParser.java,896,_isNextTokenNameYes();,0.0,4754,5302
549,S3956,UTF8StreamJsonParser.java,897,return true;,0.0,4754,5302
549,S3957,UTF8StreamJsonParser.java,899,if (nameBytes[offset] != _inputBuffer[ptr+offset]) {,0.0,4754,5302
549,S3958,UTF8StreamJsonParser.java,902,++offset;,0.0,4754,5302
549,S3959,UTF8StreamJsonParser.java,907,"return _isNextTokenNameMaybe(i, str);",0.0,4754,5302
549,S3960,UTF8StreamJsonParser.java,915,if (_inputPtr < (_inputEnd-1) && _inputBuffer[_inputPtr] == INT_COLON) { // fast case first,0.0,4754,5302
549,S3961,UTF8StreamJsonParser.java,916,i = _inputBuffer[++_inputPtr];,0.0,4754,5302
549,S3962,UTF8StreamJsonParser.java,917,++_inputPtr;,0.0,4754,5302
549,S3963,UTF8StreamJsonParser.java,918,if (i == INT_QUOTE) {,0.0,4754,5302
549,S3964,UTF8StreamJsonParser.java,923,if (i == INT_LCURLY) {,0.0,4754,5302
549,S3965,UTF8StreamJsonParser.java,927,if (i == INT_LBRACKET) {,0.0,4754,5302
549,S3966,UTF8StreamJsonParser.java,931,i &= 0xFF;,0.0,4754,5302
549,S3967,UTF8StreamJsonParser.java,932,if (i <= INT_SPACE || i == INT_SLASH) {,0.0,4754,5302
549,S3968,UTF8StreamJsonParser.java,933,--_inputPtr;,0.0,4754,5302
549,S3969,UTF8StreamJsonParser.java,934,i = _skipWS();,0.0,4754,5302
549,S3970,UTF8StreamJsonParser.java,937,i = _skipColon();,0.0,4754,5302
549,S3971,UTF8StreamJsonParser.java,939,switch (i) {,0.0,4754,5302
549,S3972,UTF8StreamJsonParser.java,941,_tokenIncomplete = true;,0.0,4754,5302
549,S3973,UTF8StreamJsonParser.java,942,_nextToken = JsonToken.VALUE_STRING;,0.0,4754,5302
549,S3974,UTF8StreamJsonParser.java,943,return;,0.0,4754,5302
549,S3975,UTF8StreamJsonParser.java,976,_nextToken = _parseNumber(i);,0.0,4754,5302
549,S3976,UTF8StreamJsonParser.java,977,return;,0.0,4754,5302
549,S3977,UTF8StreamJsonParser.java,987,Name n = _parseFieldName(i);,0.0,4754,5302
549,S3978,UTF8StreamJsonParser.java,990,String nameStr = n.getName();,0.0,4754,5302
549,S3979,UTF8StreamJsonParser.java,991,_parsingContext.setCurrentName(nameStr);,0.0,4754,5302
549,S3980,UTF8StreamJsonParser.java,992,match = nameStr.equals(str.getValue());,0.0,4754,5302
549,S3981,UTF8StreamJsonParser.java,994,_currToken = JsonToken.FIELD_NAME;,0.0,4754,5302
549,S3982,UTF8StreamJsonParser.java,995,i = _skipWS();,0.0,4754,5302
549,S3983,UTF8StreamJsonParser.java,996,if (i != INT_COLON) {,0.0,4754,5302
549,S3984,UTF8StreamJsonParser.java,999,i = _skipWS();,0.0,4754,5302
549,S3985,UTF8StreamJsonParser.java,1002,if (i == INT_QUOTE) {,0.0,4754,5302
549,S3986,UTF8StreamJsonParser.java,1003,_tokenIncomplete = true;,0.0,4754,5302
549,S3987,UTF8StreamJsonParser.java,1004,_nextToken = JsonToken.VALUE_STRING;,0.0,4754,5302
549,S3988,UTF8StreamJsonParser.java,1005,return match;,0.0,4754,5302
549,S3989,UTF8StreamJsonParser.java,1009,switch (i) {,0.0,4754,5302
549,S3990,UTF8StreamJsonParser.java,1044,t = _parseNumber(i);,0.0,4754,5302
549,S3991,UTF8StreamJsonParser.java,1045,break;,0.0,4754,5302
549,S3992,UTF8StreamJsonParser.java,1049,_nextToken = t;,0.0,4754,5302
549,S3993,UTF8StreamJsonParser.java,1050,return match;,0.0,4754,5302
549,S3994,UTF8StreamJsonParser.java,1110,if (_currToken == JsonToken.FIELD_NAME) { // mostly copied from '_nextAfterName',0.0,4754,5302
549,S3995,UTF8StreamJsonParser.java,1111,_nameCopied = false;,0.0,4754,5302
549,S3996,UTF8StreamJsonParser.java,1112,JsonToken t = _nextToken;,0.0,4754,5302
549,S3997,UTF8StreamJsonParser.java,1113,_nextToken = null;,0.0,4754,5302
549,S3998,UTF8StreamJsonParser.java,1114,_currToken = t;,0.0,4754,5302
549,S3999,UTF8StreamJsonParser.java,1115,if (t == JsonToken.VALUE_NUMBER_INT) {,0.0,4754,5302
549,S4000,UTF8StreamJsonParser.java,1116,return getLongValue();,0.0,4754,5302
549,S4005,UTF8StreamJsonParser.java,1193,outBuf[outPtr++] = '-';,0.0,4754,5302
549,S4006,UTF8StreamJsonParser.java,1195,if (_inputPtr >= _inputEnd) {,0.0,4754,5302
549,S4007,UTF8StreamJsonParser.java,1198,c = (int) _inputBuffer[_inputPtr++] & 0xFF;,0.0,4754,5302
549,S4008,UTF8StreamJsonParser.java,1200,if (c < INT_0 || c > INT_9) {,0.0,4754,5302
549,S4009,UTF8StreamJsonParser.java,1201,"return _handleInvalidNumberStart(c, true);",0.0,4754,5302
549,S4011,UTF8StreamJsonParser.java,1207,c = _verifyNoLeadingZeroes();,0.0,4754,5302
549,S4018,UTF8StreamJsonParser.java,1224,"return _parserNumber2(outBuf, outPtr, negative, intLen);",0.0,4754,5302
549,S4024,UTF8StreamJsonParser.java,1232,outBuf = _textBuffer.finishCurrentSegment();,0.0,4754,5302
549,S4025,UTF8StreamJsonParser.java,1233,outPtr = 0;,0.0,4754,5302
549,S4028,UTF8StreamJsonParser.java,1238,"return _parseFloat(outBuf, outPtr, c, negative, intLen);",0.0,4754,5302
549,S4032,UTF8StreamJsonParser.java,1259,if (_inputPtr >= _inputEnd && !loadMore()) {,0.0,4754,5302
549,S4033,UTF8StreamJsonParser.java,1260,_textBuffer.setCurrentLength(outPtr);,0.0,4754,5302
549,S4034,UTF8StreamJsonParser.java,1261,"return resetInt(negative, intPartLength);",0.0,4754,5302
549,S4035,UTF8StreamJsonParser.java,1263,int c = (int) _inputBuffer[_inputPtr++] & 0xFF;,0.0,4754,5302
549,S4036,UTF8StreamJsonParser.java,1264,if (c > INT_9 || c < INT_0) {,0.0,4754,5302
549,S4037,UTF8StreamJsonParser.java,1265,if (c == '.' || c == 'e' || c == 'E') {,0.0,4754,5302
549,S4038,UTF8StreamJsonParser.java,1270,if (outPtr >= outBuf.length) {,0.0,4754,5302
549,S4039,UTF8StreamJsonParser.java,1274,outBuf[outPtr++] = (char) c;,0.0,4754,5302
549,S4040,UTF8StreamJsonParser.java,1275,++intPartLength;,0.0,4754,5302
549,S4041,UTF8StreamJsonParser.java,1277,--_inputPtr; // to push back trailing char (comma etc),0.0,4754,5302
549,S4042,UTF8StreamJsonParser.java,1278,_textBuffer.setCurrentLength(outPtr);,0.0,4754,5302
549,S4043,UTF8StreamJsonParser.java,1282,"return resetInt(negative, intPartLength);",0.0,4754,5302
549,S4044,UTF8StreamJsonParser.java,1294,if (_inputPtr >= _inputEnd && !loadMore()) {,0.0,4754,5302
549,S4045,UTF8StreamJsonParser.java,1297,int ch = _inputBuffer[_inputPtr] & 0xFF;,0.0,4754,5302
549,S4046,UTF8StreamJsonParser.java,1299,if (ch < INT_0 || ch > INT_9) {,0.0,4754,5302
549,S4047,UTF8StreamJsonParser.java,1300,return INT_0;,0.0,4754,5302
549,S4048,UTF8StreamJsonParser.java,1303,if (!isEnabled(Feature.ALLOW_NUMERIC_LEADING_ZEROS)) {,0.0,4754,5302
549,S4049,UTF8StreamJsonParser.java,1304,"reportInvalidNumber(""Leading zeroes not allowed"");",0.0,4754,5302
549,S4050,UTF8StreamJsonParser.java,1307,++_inputPtr; // Leading zero to be skipped,0.0,4754,5302
549,S4051,UTF8StreamJsonParser.java,1308,if (ch == INT_0) {,0.0,4754,5302
549,S4052,UTF8StreamJsonParser.java,1309,while (_inputPtr < _inputEnd || loadMore()) {,0.0,4754,5302
549,S4053,UTF8StreamJsonParser.java,1310,ch = _inputBuffer[_inputPtr] & 0xFF;,0.0,4754,5302
549,S4054,UTF8StreamJsonParser.java,1311,if (ch < INT_0 || ch > INT_9) { // followed by non-number; retain one zero,0.0,4754,5302
549,S4055,UTF8StreamJsonParser.java,1314,++_inputPtr; // skip previous zeroes,0.0,4754,5302
549,S4056,UTF8StreamJsonParser.java,1315,if (ch != INT_0) { // followed by other number; return,0.0,4754,5302
549,S4057,UTF8StreamJsonParser.java,1316,break;,0.0,4754,5302
549,S4058,UTF8StreamJsonParser.java,1320,return ch;,0.0,4754,5302
549,S4059,UTF8StreamJsonParser.java,1327,int fractLen = 0;,0.0,4754,5302
549,S4060,UTF8StreamJsonParser.java,1328,boolean eof = false;,0.0,4754,5302
549,S4061,UTF8StreamJsonParser.java,1331,"if (c == '.') { // yes, fraction",0.0,4754,5302
549,S4062,UTF8StreamJsonParser.java,1332,outBuf[outPtr++] = (char) c;,0.0,4754,5302
549,S4063,UTF8StreamJsonParser.java,1336,if (_inputPtr >= _inputEnd && !loadMore()) {,0.0,4754,5302
549,S4064,UTF8StreamJsonParser.java,1340,c = (int) _inputBuffer[_inputPtr++] & 0xFF;,0.0,4754,5302
549,S4065,UTF8StreamJsonParser.java,1341,if (c < INT_0 || c > INT_9) {,0.0,4754,5302
549,S4066,UTF8StreamJsonParser.java,1342,break fract_loop;,0.0,4754,5302
549,S4067,UTF8StreamJsonParser.java,1344,++fractLen;,0.0,4754,5302
549,S4068,UTF8StreamJsonParser.java,1345,if (outPtr >= outBuf.length) {,0.0,4754,5302
549,S4069,UTF8StreamJsonParser.java,1349,outBuf[outPtr++] = (char) c;,0.0,4754,5302
549,S4070,UTF8StreamJsonParser.java,1352,if (fractLen == 0) {,0.0,4754,5302
549,S4071,UTF8StreamJsonParser.java,1357,int expLen = 0;,0.0,4754,5302
549,S4072,UTF8StreamJsonParser.java,1358,if (c == 'e' || c == 'E') { // exponent?,0.0,4754,5302
549,S4073,UTF8StreamJsonParser.java,1359,if (outPtr >= outBuf.length) {,0.0,4754,5302
549,S4074,UTF8StreamJsonParser.java,1363,outBuf[outPtr++] = (char) c;,0.0,4754,5302
549,S4075,UTF8StreamJsonParser.java,1365,if (_inputPtr >= _inputEnd) {,0.0,4754,5302
549,S4076,UTF8StreamJsonParser.java,1366,loadMoreGuaranteed();,0.0,4754,5302
549,S4077,UTF8StreamJsonParser.java,1368,c = (int) _inputBuffer[_inputPtr++] & 0xFF;,0.0,4754,5302
549,S4078,UTF8StreamJsonParser.java,1370,if (c == '-' || c == '+') {,0.0,4754,5302
549,S4079,UTF8StreamJsonParser.java,1371,if (outPtr >= outBuf.length) {,0.0,4754,5302
549,S4080,UTF8StreamJsonParser.java,1375,outBuf[outPtr++] = (char) c;,0.0,4754,5302
549,S4081,UTF8StreamJsonParser.java,1377,if (_inputPtr >= _inputEnd) {,0.0,4754,5302
549,S4082,UTF8StreamJsonParser.java,1380,c = (int) _inputBuffer[_inputPtr++] & 0xFF;,0.0,4754,5302
549,S4083,UTF8StreamJsonParser.java,1384,while (c <= INT_9 && c >= INT_0) {,0.0,4754,5302
549,S4084,UTF8StreamJsonParser.java,1385,++expLen;,0.0,4754,5302
549,S4085,UTF8StreamJsonParser.java,1386,if (outPtr >= outBuf.length) {,0.0,4754,5302
549,S4086,UTF8StreamJsonParser.java,1390,outBuf[outPtr++] = (char) c;,0.0,4754,5302
549,S4087,UTF8StreamJsonParser.java,1391,if (_inputPtr >= _inputEnd && !loadMore()) {,0.0,4754,5302
549,S4088,UTF8StreamJsonParser.java,1395,c = (int) _inputBuffer[_inputPtr++] & 0xFF;,0.0,4754,5302
549,S4089,UTF8StreamJsonParser.java,1398,if (expLen == 0) {,0.0,4754,5302
549,S4090,UTF8StreamJsonParser.java,1404,if (!eof) {,0.0,4754,5302
549,S4091,UTF8StreamJsonParser.java,1405,--_inputPtr;,0.0,4754,5302
549,S4092,UTF8StreamJsonParser.java,1408,_textBuffer.setCurrentLength(outPtr);,0.0,4754,5302
549,S4093,UTF8StreamJsonParser.java,1411,"return resetFloat(negative, integerPartLength, fractLen, expLen);",0.0,4754,5302
549,S4094,UTF8StreamJsonParser.java,1433,if (i != INT_QUOTE) {,0.0,4754,5302
549,S4095,UTF8StreamJsonParser.java,1434,return _handleOddName(i);,0.0,4754,5302
549,S4096,UTF8StreamJsonParser.java,1437,"if ((_inputPtr + 9) > _inputEnd) { // Need 8 chars, plus one trailing (quote)",0.0,4754,5302
549,S4097,UTF8StreamJsonParser.java,1438,return slowParseName();,0.0,4754,5302
549,S4098,UTF8StreamJsonParser.java,1447,final byte[] input = _inputBuffer;,0.0,4754,5302
549,S4099,UTF8StreamJsonParser.java,1448,final int[] codes = _icLatin1;,0.0,4754,5302
549,S4100,UTF8StreamJsonParser.java,1450,int q = input[_inputPtr++] & 0xFF;,0.0,4754,5302
549,S4101,UTF8StreamJsonParser.java,1452,if (codes[q] == 0) {,0.0,4754,5302
549,S4102,UTF8StreamJsonParser.java,1453,i = input[_inputPtr++] & 0xFF;,0.0,4754,5302
549,S4103,UTF8StreamJsonParser.java,1454,if (codes[i] == 0) {,0.0,4754,5302
549,S4104,UTF8StreamJsonParser.java,1455,q = (q << 8) | i;,0.0,4754,5302
549,S4105,UTF8StreamJsonParser.java,1456,i = input[_inputPtr++] & 0xFF;,0.0,4754,5302
549,S4106,UTF8StreamJsonParser.java,1457,if (codes[i] == 0) {,0.0,4754,5302
549,S4107,UTF8StreamJsonParser.java,1458,q = (q << 8) | i;,0.0,4754,5302
549,S4108,UTF8StreamJsonParser.java,1459,i = input[_inputPtr++] & 0xFF;,0.0,4754,5302
549,S4109,UTF8StreamJsonParser.java,1460,if (codes[i] == 0) {,0.0,4754,5302
549,S4110,UTF8StreamJsonParser.java,1461,q = (q << 8) | i;,0.0,4754,5302
549,S4111,UTF8StreamJsonParser.java,1462,i = input[_inputPtr++] & 0xFF;,0.0,4754,5302
549,S4112,UTF8StreamJsonParser.java,1463,if (codes[i] == 0) {,0.0,4754,5302
549,S4113,UTF8StreamJsonParser.java,1464,_quad1 = q;,0.0,4754,5302
549,S4114,UTF8StreamJsonParser.java,1465,"return parseMediumName(i, codes);",0.0,4754,5302
549,S4115,UTF8StreamJsonParser.java,1467,if (i == INT_QUOTE) { // one byte/char case or broken,0.0,4754,5302
549,S4116,UTF8StreamJsonParser.java,1468,"return findName(q, 4);",0.0,4754,5302
549,S4117,UTF8StreamJsonParser.java,1470,"return parseName(q, i, 4);",0.0,4754,5302
549,S4118,UTF8StreamJsonParser.java,1472,if (i == INT_QUOTE) { // one byte/char case or broken,0.0,4754,5302
549,S4119,UTF8StreamJsonParser.java,1473,"return findName(q, 3);",0.0,4754,5302
549,S4120,UTF8StreamJsonParser.java,1477,if (i == INT_QUOTE) { // one byte/char case or broken,0.0,4754,5302
549,S4121,UTF8StreamJsonParser.java,1478,"return findName(q, 2);",0.0,4754,5302
549,S4122,UTF8StreamJsonParser.java,1482,if (i == INT_QUOTE) { // one byte/char case or broken,0.0,4754,5302
549,S4123,UTF8StreamJsonParser.java,1483,"return findName(q, 1);",0.0,4754,5302
549,S4124,UTF8StreamJsonParser.java,1485,"return parseName(q, i, 1);",0.0,4754,5302
549,S4125,UTF8StreamJsonParser.java,1487,"if (q == INT_QUOTE) { // special case, """"",0.0,4754,5302
549,S4126,UTF8StreamJsonParser.java,1490,"return parseName(0, q, 0); // quoting or invalid char",0.0,4754,5302
549,S4127,UTF8StreamJsonParser.java,1497,int i = _inputBuffer[_inputPtr++] & 0xFF;,0.0,4754,5302
549,S4128,UTF8StreamJsonParser.java,1498,if (codes[i] != 0) {,0.0,4754,5302
549,S4129,UTF8StreamJsonParser.java,1499,if (i == INT_QUOTE) { // 5 bytes,0.0,4754,5302
549,S4130,UTF8StreamJsonParser.java,1500,"return findName(_quad1, q2, 1);",0.0,4754,5302
549,S4131,UTF8StreamJsonParser.java,1504,q2 = (q2 << 8) | i;,0.0,4754,5302
549,S4132,UTF8StreamJsonParser.java,1505,i = _inputBuffer[_inputPtr++] & 0xFF;,0.0,4754,5302
549,S4133,UTF8StreamJsonParser.java,1506,if (codes[i] != 0) {,0.0,4754,5302
549,S4134,UTF8StreamJsonParser.java,1507,if (i == INT_QUOTE) { // 6 bytes,0.0,4754,5302
549,S4135,UTF8StreamJsonParser.java,1508,"return findName(_quad1, q2, 2);",0.0,4754,5302
549,S4136,UTF8StreamJsonParser.java,1512,q2 = (q2 << 8) | i;,0.0,4754,5302
549,S4137,UTF8StreamJsonParser.java,1513,i = _inputBuffer[_inputPtr++] & 0xFF;,0.0,4754,5302
549,S4138,UTF8StreamJsonParser.java,1514,if (codes[i] != 0) {,0.0,4754,5302
549,S4139,UTF8StreamJsonParser.java,1515,if (i == INT_QUOTE) { // 7 bytes,0.0,4754,5302
549,S4140,UTF8StreamJsonParser.java,1516,"return findName(_quad1, q2, 3);",0.0,4754,5302
549,S4141,UTF8StreamJsonParser.java,1520,q2 = (q2 << 8) | i;,0.0,4754,5302
549,S4142,UTF8StreamJsonParser.java,1521,i = _inputBuffer[_inputPtr++] & 0xFF;,0.0,4754,5302
549,S4143,UTF8StreamJsonParser.java,1522,if (codes[i] != 0) {,0.0,4754,5302
549,S4144,UTF8StreamJsonParser.java,1523,if (i == INT_QUOTE) { // 8 bytes,0.0,4754,5302
549,S4145,UTF8StreamJsonParser.java,1524,"return findName(_quad1, q2, 4);",0.0,4754,5302
549,S4146,UTF8StreamJsonParser.java,1528,_quadBuffer[0] = _quad1;,0.0,4754,5302
549,S4147,UTF8StreamJsonParser.java,1529,_quadBuffer[1] = q2;,0.0,4754,5302
549,S4148,UTF8StreamJsonParser.java,1530,return parseLongName(i);,0.0,4754,5302
549,S4149,UTF8StreamJsonParser.java,1537,final int[] codes = _icLatin1;,0.0,4754,5302
549,S4150,UTF8StreamJsonParser.java,1538,int qlen = 2;,0.0,4754,5302
549,S4151,UTF8StreamJsonParser.java,1545,if ((_inputEnd - _inputPtr) < 4) {,0.0,4754,5302
549,S4152,UTF8StreamJsonParser.java,1546,"return parseEscapedName(_quadBuffer, qlen, 0, q, 0);",0.0,4754,5302
549,S4153,UTF8StreamJsonParser.java,1550,int i = _inputBuffer[_inputPtr++] & 0xFF;,0.0,4754,5302
549,S4154,UTF8StreamJsonParser.java,1551,if (codes[i] != 0) {,0.0,4754,5302
549,S4155,UTF8StreamJsonParser.java,1552,if (i == INT_QUOTE) {,0.0,4754,5302
549,S4156,UTF8StreamJsonParser.java,1553,"return findName(_quadBuffer, qlen, q, 1);",0.0,4754,5302
549,S4157,UTF8StreamJsonParser.java,1558,q = (q << 8) | i;,0.0,4754,5302
549,S4158,UTF8StreamJsonParser.java,1559,i = _inputBuffer[_inputPtr++] & 0xFF;,0.0,4754,5302
549,S4159,UTF8StreamJsonParser.java,1560,if (codes[i] != 0) {,0.0,4754,5302
549,S4160,UTF8StreamJsonParser.java,1561,if (i == INT_QUOTE) {,0.0,4754,5302
549,S4161,UTF8StreamJsonParser.java,1562,"return findName(_quadBuffer, qlen, q, 2);",0.0,4754,5302
549,S4162,UTF8StreamJsonParser.java,1567,q = (q << 8) | i;,0.0,4754,5302
549,S4163,UTF8StreamJsonParser.java,1568,i = _inputBuffer[_inputPtr++] & 0xFF;,0.0,4754,5302
549,S4164,UTF8StreamJsonParser.java,1569,if (codes[i] != 0) {,0.0,4754,5302
549,S4165,UTF8StreamJsonParser.java,1570,if (i == INT_QUOTE) {,0.0,4754,5302
549,S4166,UTF8StreamJsonParser.java,1571,"return findName(_quadBuffer, qlen, q, 3);",0.0,4754,5302
549,S4167,UTF8StreamJsonParser.java,1576,q = (q << 8) | i;,0.0,4754,5302
549,S4168,UTF8StreamJsonParser.java,1577,i = _inputBuffer[_inputPtr++] & 0xFF;,0.0,4754,5302
549,S4169,UTF8StreamJsonParser.java,1578,if (codes[i] != 0) {,0.0,4754,5302
549,S4170,UTF8StreamJsonParser.java,1579,if (i == INT_QUOTE) {,0.0,4754,5302
549,S4171,UTF8StreamJsonParser.java,1582,"return parseEscapedName(_quadBuffer, qlen, q, i, 4);",0.0,4754,5302
549,S4172,UTF8StreamJsonParser.java,1586,if (qlen >= _quadBuffer.length) {,0.0,4754,5302
549,S4173,UTF8StreamJsonParser.java,1587,"_quadBuffer = growArrayBy(_quadBuffer, qlen);",0.0,4754,5302
549,S4174,UTF8StreamJsonParser.java,1589,_quadBuffer[qlen++] = q;,0.0,4754,5302
549,S4175,UTF8StreamJsonParser.java,1590,q = i;,0.0,4754,5302
549,S4176,UTF8StreamJsonParser.java,1602,if (_inputPtr >= _inputEnd) {,0.0,4754,5302
549,S4177,UTF8StreamJsonParser.java,1607,int i = _inputBuffer[_inputPtr++] & 0xFF;,0.0,4754,5302
549,S4178,UTF8StreamJsonParser.java,1608,"if (i == INT_QUOTE) { // special case, """"",0.0,4754,5302
549,S4179,UTF8StreamJsonParser.java,1609,return BytesToNameCanonicalizer.getEmptyName();,0.0,4754,5302
549,S4180,UTF8StreamJsonParser.java,1611,"return parseEscapedName(_quadBuffer, 0, 0, i, 0);",0.0,4754,5302
549,S4181,UTF8StreamJsonParser.java,1617,"return parseEscapedName(_quadBuffer, 0, q1, ch, lastQuadBytes);",0.0,4754,5302
549,S4182,UTF8StreamJsonParser.java,1643,final int[] codes = _icLatin1;,0.0,4754,5302
549,S4183,UTF8StreamJsonParser.java,1646,if (codes[ch] != 0) {,0.0,4754,5302
549,S4184,UTF8StreamJsonParser.java,1647,if (ch == INT_QUOTE) { // we are done,0.0,4754,5302
549,S4185,UTF8StreamJsonParser.java,1648,break;,0.0,4754,5302
549,S4186,UTF8StreamJsonParser.java,1651,if (ch != INT_BACKSLASH) {,0.0,4754,5302
549,S4187,UTF8StreamJsonParser.java,1653,"_throwUnquotedSpace(ch, ""name"");",0.0,4754,5302
549,S4188,UTF8StreamJsonParser.java,1656,ch = _decodeEscaped();,0.0,4754,5302
549,S4189,UTF8StreamJsonParser.java,1663,if (ch > 127) {,0.0,4754,5302
549,S4190,UTF8StreamJsonParser.java,1697,if (currQuadBytes < 4) {,0.0,4754,5302
549,S4191,UTF8StreamJsonParser.java,1698,++currQuadBytes;,0.0,4754,5302
549,S4192,UTF8StreamJsonParser.java,1699,currQuad = (currQuad << 8) | ch;,0.0,4754,5302
549,S4193,UTF8StreamJsonParser.java,1701,if (qlen >= quads.length) {,0.0,4754,5302
549,S4194,UTF8StreamJsonParser.java,1704,quads[qlen++] = currQuad;,0.0,4754,5302
549,S4195,UTF8StreamJsonParser.java,1705,currQuad = ch;,0.0,4754,5302
549,S4196,UTF8StreamJsonParser.java,1706,currQuadBytes = 1;,0.0,4754,5302
549,S4197,UTF8StreamJsonParser.java,1708,if (_inputPtr >= _inputEnd) {,0.0,4754,5302
549,S4198,UTF8StreamJsonParser.java,1709,if (!loadMore()) {,0.0,4754,5302
549,S4199,UTF8StreamJsonParser.java,1710,"_reportInvalidEOF("" in field name"");",0.0,4754,5302
549,S4200,UTF8StreamJsonParser.java,1713,ch = _inputBuffer[_inputPtr++] & 0xFF;,0.0,4754,5302
549,S4201,UTF8StreamJsonParser.java,1716,if (currQuadBytes > 0) {,0.0,4754,5302
549,S4202,UTF8StreamJsonParser.java,1717,if (qlen >= quads.length) {,0.0,4754,5302
549,S4203,UTF8StreamJsonParser.java,1720,quads[qlen++] = currQuad;,0.0,4754,5302
549,S4204,UTF8StreamJsonParser.java,1722,"Name name = _symbols.findName(quads, qlen);",0.0,4754,5302
549,S4205,UTF8StreamJsonParser.java,1723,if (name == null) {,0.0,4754,5302
549,S4206,UTF8StreamJsonParser.java,1724,"name = addName(quads, qlen, currQuadBytes);",0.0,4754,5302
549,S4207,UTF8StreamJsonParser.java,1726,return name;,0.0,4754,5302
549,S4208,UTF8StreamJsonParser.java,1739,if (ch == '\'' && isEnabled(Feature.ALLOW_SINGLE_QUOTES)) {,0.0,4754,5302
549,S4209,UTF8StreamJsonParser.java,1740,return _parseAposName();,0.0,4754,5302
549,S4210,UTF8StreamJsonParser.java,1743,if (!isEnabled(Feature.ALLOW_UNQUOTED_FIELD_NAMES)) {,0.0,4754,5302
549,S4211,UTF8StreamJsonParser.java,1744,"_reportUnexpectedChar(ch, ""was expecting double-quote to start field name"");",0.0,4754,5302
549,S4212,UTF8StreamJsonParser.java,1750,final int[] codes = CharTypes.getInputCodeUtf8JsNames();,0.0,4754,5302
549,S4213,UTF8StreamJsonParser.java,1752,if (codes[ch] != 0) {,0.0,4754,5302
549,S4214,UTF8StreamJsonParser.java,1760,int[] quads = _quadBuffer;,0.0,4754,5302
549,S4215,UTF8StreamJsonParser.java,1761,int qlen = 0;,0.0,4754,5302
549,S4216,UTF8StreamJsonParser.java,1762,int currQuad = 0;,0.0,4754,5302
549,S4217,UTF8StreamJsonParser.java,1763,int currQuadBytes = 0;,0.0,4754,5302
549,S4218,UTF8StreamJsonParser.java,1767,if (currQuadBytes < 4) {,0.0,4754,5302
549,S4219,UTF8StreamJsonParser.java,1768,++currQuadBytes;,0.0,4754,5302
549,S4220,UTF8StreamJsonParser.java,1769,currQuad = (currQuad << 8) | ch;,0.0,4754,5302
549,S4221,UTF8StreamJsonParser.java,1771,if (qlen >= quads.length) {,0.0,4754,5302
549,S4222,UTF8StreamJsonParser.java,1774,quads[qlen++] = currQuad;,0.0,4754,5302
549,S4223,UTF8StreamJsonParser.java,1775,currQuad = ch;,0.0,4754,5302
549,S4224,UTF8StreamJsonParser.java,1776,currQuadBytes = 1;,0.0,4754,5302
549,S4225,UTF8StreamJsonParser.java,1778,if (_inputPtr >= _inputEnd) {,0.0,4754,5302
549,S4226,UTF8StreamJsonParser.java,1783,ch = _inputBuffer[_inputPtr] & 0xFF;,0.0,4754,5302
549,S4227,UTF8StreamJsonParser.java,1784,if (codes[ch] != 0) {,0.0,4754,5302
549,S4228,UTF8StreamJsonParser.java,1785,break;,0.0,4754,5302
549,S4229,UTF8StreamJsonParser.java,1787,++_inputPtr;,0.0,4754,5302
549,S4230,UTF8StreamJsonParser.java,1790,if (currQuadBytes > 0) {,0.0,4754,5302
549,S4231,UTF8StreamJsonParser.java,1791,if (qlen >= quads.length) {,0.0,4754,5302
549,S4232,UTF8StreamJsonParser.java,1794,quads[qlen++] = currQuad;,0.0,4754,5302
549,S4233,UTF8StreamJsonParser.java,1796,"Name name = _symbols.findName(quads, qlen);",0.0,4754,5302
549,S4234,UTF8StreamJsonParser.java,1797,if (name == null) {,0.0,4754,5302
549,S4235,UTF8StreamJsonParser.java,1798,"name = addName(quads, qlen, currQuadBytes);",0.0,4754,5302
549,S4236,UTF8StreamJsonParser.java,1800,return name;,0.0,4754,5302
549,S4237,UTF8StreamJsonParser.java,1811,if (_inputPtr >= _inputEnd) {,0.0,4754,5302
549,S4238,UTF8StreamJsonParser.java,1816,int ch = _inputBuffer[_inputPtr++] & 0xFF;,0.0,4754,5302
549,S4239,UTF8StreamJsonParser.java,1817,"if (ch == '\'') { // special case, ''",0.0,4754,5302
549,S4240,UTF8StreamJsonParser.java,1818,return BytesToNameCanonicalizer.getEmptyName();,0.0,4754,5302
549,S4241,UTF8StreamJsonParser.java,1820,int[] quads = _quadBuffer;,0.0,4754,5302
549,S4242,UTF8StreamJsonParser.java,1821,int qlen = 0;,0.0,4754,5302
549,S4243,UTF8StreamJsonParser.java,1822,int currQuad = 0;,0.0,4754,5302
549,S4244,UTF8StreamJsonParser.java,1823,int currQuadBytes = 0;,0.0,4754,5302
549,S4245,UTF8StreamJsonParser.java,1827,final int[] codes = _icLatin1;,0.0,4754,5302
549,S4246,UTF8StreamJsonParser.java,1830,if (ch == '\'') {,0.0,4754,5302
549,S4247,UTF8StreamJsonParser.java,1831,break;,0.0,4754,5302
549,S4248,UTF8StreamJsonParser.java,1834,"if (ch != '""' && codes[ch] != 0) {",0.0,4754,5302
549,S4249,UTF8StreamJsonParser.java,1882,if (currQuadBytes < 4) {,0.0,4754,5302
549,S4250,UTF8StreamJsonParser.java,1883,++currQuadBytes;,0.0,4754,5302
549,S4251,UTF8StreamJsonParser.java,1884,currQuad = (currQuad << 8) | ch;,0.0,4754,5302
549,S4252,UTF8StreamJsonParser.java,1886,if (qlen >= quads.length) {,0.0,4754,5302
549,S4253,UTF8StreamJsonParser.java,1889,quads[qlen++] = currQuad;,0.0,4754,5302
549,S4254,UTF8StreamJsonParser.java,1890,currQuad = ch;,0.0,4754,5302
549,S4255,UTF8StreamJsonParser.java,1891,currQuadBytes = 1;,0.0,4754,5302
549,S4256,UTF8StreamJsonParser.java,1893,if (_inputPtr >= _inputEnd) {,0.0,4754,5302
549,S4257,UTF8StreamJsonParser.java,1898,ch = _inputBuffer[_inputPtr++] & 0xFF;,0.0,4754,5302
549,S4258,UTF8StreamJsonParser.java,1901,if (currQuadBytes > 0) {,0.0,4754,5302
549,S4259,UTF8StreamJsonParser.java,1902,if (qlen >= quads.length) {,0.0,4754,5302
549,S4260,UTF8StreamJsonParser.java,1905,quads[qlen++] = currQuad;,0.0,4754,5302
549,S4261,UTF8StreamJsonParser.java,1907,"Name name = _symbols.findName(quads, qlen);",0.0,4754,5302
549,S4262,UTF8StreamJsonParser.java,1908,if (name == null) {,0.0,4754,5302
549,S4263,UTF8StreamJsonParser.java,1909,"name = addName(quads, qlen, currQuadBytes);",0.0,4754,5302
549,S4264,UTF8StreamJsonParser.java,1911,return name;,0.0,4754,5302
549,S4265,UTF8StreamJsonParser.java,1924,Name name = _symbols.findName(q1);,0.0,4754,5302
549,S4266,UTF8StreamJsonParser.java,1925,if (name != null) {,0.0,4754,5302
549,S4267,UTF8StreamJsonParser.java,1926,return name;,0.0,4754,5302
549,S4268,UTF8StreamJsonParser.java,1929,_quadBuffer[0] = q1;,0.0,4754,5302
549,S4269,UTF8StreamJsonParser.java,1930,"return addName(_quadBuffer, 1, lastQuadBytes);",0.0,4754,5302
549,S4270,UTF8StreamJsonParser.java,1937,"Name name = _symbols.findName(q1, q2);",0.0,4754,5302
549,S4271,UTF8StreamJsonParser.java,1938,if (name != null) {,0.0,4754,5302
549,S4272,UTF8StreamJsonParser.java,1939,return name;,0.0,4754,5302
549,S4273,UTF8StreamJsonParser.java,1942,_quadBuffer[0] = q1;,0.0,4754,5302
549,S4274,UTF8StreamJsonParser.java,1943,_quadBuffer[1] = q2;,0.0,4754,5302
549,S4275,UTF8StreamJsonParser.java,1944,"return addName(_quadBuffer, 2, lastQuadBytes);",0.0,4754,5302
549,S4276,UTF8StreamJsonParser.java,1950,if (qlen >= quads.length) {,0.0,4754,5302
549,S4277,UTF8StreamJsonParser.java,1953,quads[qlen++] = lastQuad;,0.0,4754,5302
549,S4278,UTF8StreamJsonParser.java,1954,"Name name = _symbols.findName(quads, qlen);",0.0,4754,5302
549,S4279,UTF8StreamJsonParser.java,1955,if (name == null) {,0.0,4754,5302
549,S4280,UTF8StreamJsonParser.java,1956,"return addName(quads, qlen, lastQuadBytes);",0.0,4754,5302
549,S4281,UTF8StreamJsonParser.java,1958,return name;,0.0,4754,5302
549,S4282,UTF8StreamJsonParser.java,1975,int byteLen = (qlen << 2) - 4 + lastQuadBytes;,0.0,4754,5302
549,S4283,UTF8StreamJsonParser.java,1984,if (lastQuadBytes < 4) {,0.0,4754,5302
549,S4284,UTF8StreamJsonParser.java,1985,lastQuad = quads[qlen-1];,0.0,4754,5302
549,S4285,UTF8StreamJsonParser.java,1987,quads[qlen-1] = (lastQuad << ((4 - lastQuadBytes) << 3));,0.0,4754,5302
549,S4286,UTF8StreamJsonParser.java,1989,lastQuad = 0;,0.0,4754,5302
549,S4287,UTF8StreamJsonParser.java,1993,char[] cbuf = _textBuffer.emptyAndGetCurrentSegment();,0.0,4754,5302
549,S4288,UTF8StreamJsonParser.java,1994,int cix = 0;,0.0,4754,5302
549,S4289,UTF8StreamJsonParser.java,1996,for (int ix = 0; ix < byteLen; ) {,0.0,4754,5302
549,S4290,UTF8StreamJsonParser.java,1997,"int ch = quads[ix >> 2]; // current quad, need to shift+mask",0.0,4754,5302
549,S4291,UTF8StreamJsonParser.java,1998,int byteIx = (ix & 3);,0.0,4754,5302
549,S4292,UTF8StreamJsonParser.java,1999,ch = (ch >> ((3 - byteIx) << 3)) & 0xFF;,0.0,4754,5302
549,S4293,UTF8StreamJsonParser.java,2000,++ix;,0.0,4754,5302
549,S4294,UTF8StreamJsonParser.java,2002,if (ch > 127) { // multi-byte,0.0,4754,5302
549,S4295,UTF8StreamJsonParser.java,2004,if ((ch & 0xE0) == 0xC0) { // 2 bytes (0x0080 - 0x07FF),0.0,4754,5302
549,S4296,UTF8StreamJsonParser.java,2005,ch &= 0x1F;,0.0,4754,5302
549,S4297,UTF8StreamJsonParser.java,2006,needed = 1;,0.0,4754,5302
549,S4298,UTF8StreamJsonParser.java,2007,} else if ((ch & 0xF0) == 0xE0) { // 3 bytes (0x0800 - 0xFFFF),0.0,4754,5302
549,S4299,UTF8StreamJsonParser.java,2008,ch &= 0x0F;,0.0,4754,5302
549,S4300,UTF8StreamJsonParser.java,2009,needed = 2;,0.0,4754,5302
549,S4301,UTF8StreamJsonParser.java,2017,if ((ix + needed) > byteLen) {,0.0,4754,5302
549,S4302,UTF8StreamJsonParser.java,2022,"int ch2 = quads[ix >> 2]; // current quad, need to shift+mask",0.0,4754,5302
549,S4303,UTF8StreamJsonParser.java,2023,byteIx = (ix & 3);,0.0,4754,5302
549,S4304,UTF8StreamJsonParser.java,2024,ch2 = (ch2 >> ((3 - byteIx) << 3));,0.0,4754,5302
549,S4305,UTF8StreamJsonParser.java,2025,++ix;,0.0,4754,5302
549,S4306,UTF8StreamJsonParser.java,2027,if ((ch2 & 0xC0) != 0x080) {,0.0,4754,5302
549,S4307,UTF8StreamJsonParser.java,2030,ch = (ch << 6) | (ch2 & 0x3F);,0.0,4754,5302
549,S4308,UTF8StreamJsonParser.java,2031,if (needed > 1) {,0.0,4754,5302
549,S4309,UTF8StreamJsonParser.java,2032,ch2 = quads[ix >> 2];,0.0,4754,5302
549,S4310,UTF8StreamJsonParser.java,2033,byteIx = (ix & 3);,0.0,4754,5302
549,S4311,UTF8StreamJsonParser.java,2034,ch2 = (ch2 >> ((3 - byteIx) << 3));,0.0,4754,5302
549,S4312,UTF8StreamJsonParser.java,2035,++ix;,0.0,4754,5302
549,S4313,UTF8StreamJsonParser.java,2037,if ((ch2 & 0xC0) != 0x080) {,0.0,4754,5302
549,S4314,UTF8StreamJsonParser.java,2040,ch = (ch << 6) | (ch2 & 0x3F);,0.0,4754,5302
549,S4315,UTF8StreamJsonParser.java,2041,if (needed > 2) { // 4 bytes? (need surrogates on output),0.0,4754,5302
549,S4316,UTF8StreamJsonParser.java,2052,"if (needed > 2) { // surrogate pair? once again, let's output one here, one later on",0.0,4754,5302
549,S4317,UTF8StreamJsonParser.java,2061,if (cix >= cbuf.length) {,0.0,4754,5302
549,S4318,UTF8StreamJsonParser.java,2064,cbuf[cix++] = (char) ch;,0.0,4754,5302
549,S4319,UTF8StreamJsonParser.java,2068,"String baseName = new String(cbuf, 0, cix);",0.0,4754,5302
549,S4320,UTF8StreamJsonParser.java,2070,if (lastQuadBytes < 4) {,0.0,4754,5302
549,S4321,UTF8StreamJsonParser.java,2071,quads[qlen-1] = lastQuad;,0.0,4754,5302
549,S4322,UTF8StreamJsonParser.java,2073,"return _symbols.addName(baseName, quads, qlen);",0.0,4754,5302
549,S4323,UTF8StreamJsonParser.java,2086,int ptr = _inputPtr;,0.0,4754,5302
549,S4324,UTF8StreamJsonParser.java,2087,if (ptr >= _inputEnd) {,0.0,4754,5302
549,S4325,UTF8StreamJsonParser.java,2091,int outPtr = 0;,0.0,4754,5302
549,S4326,UTF8StreamJsonParser.java,2092,char[] outBuf = _textBuffer.emptyAndGetCurrentSegment();,0.0,4754,5302
549,S4327,UTF8StreamJsonParser.java,2093,final int[] codes = _icUTF8;,0.0,4754,5302
549,S4328,UTF8StreamJsonParser.java,2095,"final int max = Math.min(_inputEnd, (ptr + outBuf.length));",0.0,4754,5302
549,S4329,UTF8StreamJsonParser.java,2096,final byte[] inputBuffer = _inputBuffer;,0.0,4754,5302
549,S4330,UTF8StreamJsonParser.java,2097,while (ptr < max) {,0.0,4754,5302
549,S4331,UTF8StreamJsonParser.java,2098,int c = (int) inputBuffer[ptr] & 0xFF;,0.0,4754,5302
549,S4332,UTF8StreamJsonParser.java,2099,if (codes[c] != 0) {,0.0,4754,5302
549,S4333,UTF8StreamJsonParser.java,2100,if (c == INT_QUOTE) {,0.0,4754,5302
549,S4334,UTF8StreamJsonParser.java,2101,_inputPtr = ptr+1;,0.0,4754,5302
549,S4335,UTF8StreamJsonParser.java,2102,_textBuffer.setCurrentLength(outPtr);,0.0,4754,5302
549,S4336,UTF8StreamJsonParser.java,2103,return;,0.0,4754,5302
549,S4337,UTF8StreamJsonParser.java,2107,++ptr;,0.0,4754,5302
549,S4338,UTF8StreamJsonParser.java,2108,outBuf[outPtr++] = (char) c;,0.0,4754,5302
549,S4339,UTF8StreamJsonParser.java,2110,_inputPtr = ptr;,0.0,4754,5302
549,S4340,UTF8StreamJsonParser.java,2111,"_finishString2(outBuf, outPtr);",0.0,4754,5302
549,S4341,UTF8StreamJsonParser.java,2120,final int[] codes = _icUTF8;,0.0,4754,5302
549,S4342,UTF8StreamJsonParser.java,2121,final byte[] inputBuffer = _inputBuffer;,0.0,4754,5302
549,S4343,UTF8StreamJsonParser.java,2128,int ptr = _inputPtr;,0.0,4754,5302
549,S4344,UTF8StreamJsonParser.java,2129,if (ptr >= _inputEnd) {,0.0,4754,5302
549,S4345,UTF8StreamJsonParser.java,2130,loadMoreGuaranteed();,0.0,4754,5302
549,S4346,UTF8StreamJsonParser.java,2131,ptr = _inputPtr;,0.0,4754,5302
549,S4347,UTF8StreamJsonParser.java,2133,if (outPtr >= outBuf.length) {,0.0,4754,5302
549,S4348,UTF8StreamJsonParser.java,2134,outBuf = _textBuffer.finishCurrentSegment();,0.0,4754,5302
549,S4349,UTF8StreamJsonParser.java,2135,outPtr = 0;,0.0,4754,5302
549,S4350,UTF8StreamJsonParser.java,2137,"final int max = Math.min(_inputEnd, (ptr + (outBuf.length - outPtr)));",0.0,4754,5302
549,S4351,UTF8StreamJsonParser.java,2138,while (ptr < max) {,0.0,4754,5302
549,S4352,UTF8StreamJsonParser.java,2139,c = (int) inputBuffer[ptr++] & 0xFF;,0.0,4754,5302
549,S4353,UTF8StreamJsonParser.java,2140,if (codes[c] != 0) {,0.0,4754,5302
549,S4354,UTF8StreamJsonParser.java,2141,_inputPtr = ptr;,0.0,4754,5302
549,S4355,UTF8StreamJsonParser.java,2142,break ascii_loop;,0.0,4754,5302
549,S4356,UTF8StreamJsonParser.java,2144,outBuf[outPtr++] = (char) c;,0.0,4754,5302
549,S4357,UTF8StreamJsonParser.java,2146,_inputPtr = ptr;,0.0,4754,5302
549,S4358,UTF8StreamJsonParser.java,2149,if (c == INT_QUOTE) {,0.0,4754,5302
549,S4359,UTF8StreamJsonParser.java,2150,break main_loop;,0.0,4754,5302
549,S4360,UTF8StreamJsonParser.java,2153,switch (codes[c]) {,0.0,4754,5302
549,S4361,UTF8StreamJsonParser.java,2155,c = _decodeEscaped();,0.0,4754,5302
549,S4362,UTF8StreamJsonParser.java,2156,break;,0.0,4754,5302
549,S4363,UTF8StreamJsonParser.java,2158,c = _decodeUtf8_2(c);,0.0,4754,5302
549,S4364,UTF8StreamJsonParser.java,2159,break;,0.0,4754,5302
549,S4365,UTF8StreamJsonParser.java,2161,if ((_inputEnd - _inputPtr) >= 2) {,0.0,4754,5302
549,S4366,UTF8StreamJsonParser.java,2162,c = _decodeUtf8_3fast(c);,0.0,4754,5302
549,S4367,UTF8StreamJsonParser.java,2164,c = _decodeUtf8_3(c);,0.0,4754,5302
549,S4368,UTF8StreamJsonParser.java,2166,break;,0.0,4754,5302
549,S4369,UTF8StreamJsonParser.java,2168,c = _decodeUtf8_4(c);,0.0,4754,5302
549,S4370,UTF8StreamJsonParser.java,2170,outBuf[outPtr++] = (char) (0xD800 | (c >> 10));,0.0,4754,5302
549,S4371,UTF8StreamJsonParser.java,2171,if (outPtr >= outBuf.length) {,0.0,4754,5302
549,S4372,UTF8StreamJsonParser.java,2175,c = 0xDC00 | (c & 0x3FF);,0.0,4754,5302
549,S4373,UTF8StreamJsonParser.java,2177,break;,0.0,4754,5302
549,S4374,UTF8StreamJsonParser.java,2179,if (c < INT_SPACE) {,0.0,4754,5302
549,S4375,UTF8StreamJsonParser.java,2181,"_throwUnquotedSpace(c, ""string value"");",0.0,4754,5302
549,S4376,UTF8StreamJsonParser.java,2188,if (outPtr >= outBuf.length) {,0.0,4754,5302
549,S4377,UTF8StreamJsonParser.java,2193,outBuf[outPtr++] = (char) c;,0.0,4754,5302
549,S4378,UTF8StreamJsonParser.java,2195,_textBuffer.setCurrentLength(outPtr);,0.0,4754,5302
549,S4379,UTF8StreamJsonParser.java,2205,_tokenIncomplete = false;,0.0,4754,5302
549,S4380,UTF8StreamJsonParser.java,2208,final int[] codes = _icUTF8;,0.0,4754,5302
549,S4381,UTF8StreamJsonParser.java,2209,final byte[] inputBuffer = _inputBuffer;,0.0,4754,5302
549,S4382,UTF8StreamJsonParser.java,2217,int ptr = _inputPtr;,0.0,4754,5302
549,S4383,UTF8StreamJsonParser.java,2218,int max = _inputEnd;,0.0,4754,5302
549,S4384,UTF8StreamJsonParser.java,2219,if (ptr >= max) {,0.0,4754,5302
549,S4385,UTF8StreamJsonParser.java,2224,while (ptr < max) {,0.0,4754,5302
549,S4386,UTF8StreamJsonParser.java,2225,c = (int) inputBuffer[ptr++] & 0xFF;,0.0,4754,5302
549,S4387,UTF8StreamJsonParser.java,2226,if (codes[c] != 0) {,0.0,4754,5302
549,S4388,UTF8StreamJsonParser.java,2227,_inputPtr = ptr;,0.0,4754,5302
549,S4389,UTF8StreamJsonParser.java,2228,break ascii_loop;,0.0,4754,5302
549,S4390,UTF8StreamJsonParser.java,2234,if (c == INT_QUOTE) {,0.0,4754,5302
549,S4391,UTF8StreamJsonParser.java,2235,break main_loop;,0.0,4754,5302
549,S4392,UTF8StreamJsonParser.java,2238,switch (codes[c]) {,0.0,4754,5302
549,S4393,UTF8StreamJsonParser.java,2243,_skipUtf8_2(c);,0.0,4754,5302
549,S4394,UTF8StreamJsonParser.java,2244,break;,0.0,4754,5302
549,S4395,UTF8StreamJsonParser.java,2249,_skipUtf8_4(c);,0.0,4754,5302
549,S4396,UTF8StreamJsonParser.java,2250,break;,0.0,4754,5302
549,S4397,UTF8StreamJsonParser.java,2271,switch (c) {,0.0,4754,5302
549,S4398,UTF8StreamJsonParser.java,2273,if (isEnabled(Feature.ALLOW_SINGLE_QUOTES)) {,0.0,4754,5302
549,S4399,UTF8StreamJsonParser.java,2274,return _handleApos();,0.0,4754,5302
549,S4400,UTF8StreamJsonParser.java,2278,"_matchToken(""NaN"", 1);",0.0,4754,5302
549,S4401,UTF8StreamJsonParser.java,2279,if (isEnabled(Feature.ALLOW_NON_NUMERIC_NUMBERS)) {,0.0,4754,5302
549,S4402,UTF8StreamJsonParser.java,2280,"return resetAsNaN(""NaN"", Double.NaN);",0.0,4754,5302
549,S4403,UTF8StreamJsonParser.java,2282,"_reportError(""Non-standard token 'NaN': enable JsonParser.Feature.ALLOW_NON_NUMERIC_NUMBERS to allow"");",0.0,4754,5302
549,S4404,UTF8StreamJsonParser.java,2285,"_matchToken(""Infinity"", 1);",0.0,4754,5302
549,S4405,UTF8StreamJsonParser.java,2286,if (isEnabled(Feature.ALLOW_NON_NUMERIC_NUMBERS)) {,0.0,4754,5302
549,S4406,UTF8StreamJsonParser.java,2287,"return resetAsNaN(""Infinity"", Double.POSITIVE_INFINITY);",0.0,4754,5302
549,S4407,UTF8StreamJsonParser.java,2292,if (_inputPtr >= _inputEnd) {,0.0,4754,5302
549,S4408,UTF8StreamJsonParser.java,2297,"return _handleInvalidNumberStart(_inputBuffer[_inputPtr++] & 0xFF, false);",0.0,4754,5302
549,S4409,UTF8StreamJsonParser.java,2300,if (Character.isJavaIdentifierStart(c)) {,0.0,4754,5302
549,S4410,UTF8StreamJsonParser.java,2301,"_reportInvalidToken(""""+((char) c), ""('true', 'false' or 'null')"");",0.0,4754,5302
549,S4411,UTF8StreamJsonParser.java,2304,"_reportUnexpectedChar(c, ""expected a valid value (number, String, array, object, 'true', 'false' or 'null')"");",0.0,4754,5302
549,S4412,UTF8StreamJsonParser.java,2311,int c = 0;,0.0,4754,5302
549,S4413,UTF8StreamJsonParser.java,2313,int outPtr = 0;,0.0,4754,5302
549,S4414,UTF8StreamJsonParser.java,2314,char[] outBuf = _textBuffer.emptyAndGetCurrentSegment();,0.0,4754,5302
549,S4415,UTF8StreamJsonParser.java,2317,final int[] codes = _icUTF8;,0.0,4754,5302
549,S4416,UTF8StreamJsonParser.java,2318,final byte[] inputBuffer = _inputBuffer;,0.0,4754,5302
549,S4417,UTF8StreamJsonParser.java,2325,if (_inputPtr >= _inputEnd) {,0.0,4754,5302
549,S4418,UTF8StreamJsonParser.java,2328,if (outPtr >= outBuf.length) {,0.0,4754,5302
549,S4419,UTF8StreamJsonParser.java,2332,int max = _inputEnd;,0.0,4754,5302
549,S4420,UTF8StreamJsonParser.java,2334,int max2 = _inputPtr + (outBuf.length - outPtr);,0.0,4754,5302
549,S4421,UTF8StreamJsonParser.java,2335,if (max2 < max) {,0.0,4754,5302
549,S4422,UTF8StreamJsonParser.java,2339,while (_inputPtr < max) {,0.0,4754,5302
549,S4423,UTF8StreamJsonParser.java,2340,c = (int) inputBuffer[_inputPtr++] & 0xFF;,0.0,4754,5302
549,S4424,UTF8StreamJsonParser.java,2341,if (c == '\'' || codes[c] != 0) {,0.0,4754,5302
549,S4425,UTF8StreamJsonParser.java,2342,break ascii_loop;,0.0,4754,5302
549,S4426,UTF8StreamJsonParser.java,2344,outBuf[outPtr++] = (char) c;,0.0,4754,5302
549,S4427,UTF8StreamJsonParser.java,2349,if (c == '\'') {,0.0,4754,5302
549,S4428,UTF8StreamJsonParser.java,2350,break main_loop;,0.0,4754,5302
549,S4429,UTF8StreamJsonParser.java,2353,switch (codes[c]) {,0.0,4754,5302
549,S4430,UTF8StreamJsonParser.java,2355,"if (c != '\'') { // marked as special, isn't here",0.0,4754,5302
549,S4431,UTF8StreamJsonParser.java,2356,c = _decodeEscaped();,0.0,4754,5302
549,S4432,UTF8StreamJsonParser.java,2388,if (outPtr >= outBuf.length) {,0.0,4754,5302
549,S4433,UTF8StreamJsonParser.java,2393,outBuf[outPtr++] = (char) c;,0.0,4754,5302
549,S4434,UTF8StreamJsonParser.java,2395,_textBuffer.setCurrentLength(outPtr);,0.0,4754,5302
549,S4435,UTF8StreamJsonParser.java,2397,return JsonToken.VALUE_STRING;,0.0,4754,5302
549,S4436,UTF8StreamJsonParser.java,2407,while (ch == 'I') {,0.0,4754,5302
549,S4437,UTF8StreamJsonParser.java,2408,if (_inputPtr >= _inputEnd) {,0.0,4754,5302
549,S4438,UTF8StreamJsonParser.java,2413,ch = _inputBuffer[_inputPtr++];,0.0,4754,5302
549,S4439,UTF8StreamJsonParser.java,2415,if (ch == 'N') {,0.0,4754,5302
549,S4440,UTF8StreamJsonParser.java,2416,"match = neg ? ""-INF"" :""+INF"";",0.0,4754,5302
549,S4441,UTF8StreamJsonParser.java,2417,} else if (ch == 'n') {,0.0,4754,5302
549,S4442,UTF8StreamJsonParser.java,2418,"match = neg ? ""-Infinity"" :""+Infinity"";",0.0,4754,5302
549,S4443,UTF8StreamJsonParser.java,2422,"_matchToken(match, 3);",0.0,4754,5302
549,S4444,UTF8StreamJsonParser.java,2423,if (isEnabled(Feature.ALLOW_NON_NUMERIC_NUMBERS)) {,0.0,4754,5302
549,S4445,UTF8StreamJsonParser.java,2424,"return resetAsNaN(match, neg ? Double.NEGATIVE_INFINITY : Double.POSITIVE_INFINITY);",0.0,4754,5302
549,S4446,UTF8StreamJsonParser.java,2426,"_reportError(""Non-standard token '""+match+""': enable JsonParser.Feature.ALLOW_NON_NUMERIC_NUMBERS to allow"");",0.0,4754,5302
549,S4447,UTF8StreamJsonParser.java,2435,final int len = matchStr.length();,0.0,4754,5302
549,S4448,UTF8StreamJsonParser.java,2438,if (((_inputPtr >= _inputEnd) && !loadMore()),0.0,4754,5302
549,S4449,UTF8StreamJsonParser.java,2440,"_reportInvalidToken(matchStr.substring(0, i));",0.0,4754,5302
549,S4450,UTF8StreamJsonParser.java,2442,++_inputPtr;,0.0,4754,5302
549,S4451,UTF8StreamJsonParser.java,2443,} while (++i < len);,0.0,4754,5302
549,S4452,UTF8StreamJsonParser.java,2446,if (_inputPtr >= _inputEnd && !loadMore()) {,0.0,4754,5302
549,S4453,UTF8StreamJsonParser.java,2447,return;,0.0,4754,5302
549,S4454,UTF8StreamJsonParser.java,2449,int ch = _inputBuffer[_inputPtr] & 0xFF;,0.0,4754,5302
549,S4455,UTF8StreamJsonParser.java,2450,if (ch < '0' || ch == ']' || ch == '}') { // expected/allowed chars,0.0,4754,5302
549,S4456,UTF8StreamJsonParser.java,2451,return;,0.0,4754,5302
549,S4457,UTF8StreamJsonParser.java,2454,char c = (char) _decodeCharForError(ch);,0.0,4754,5302
549,S4458,UTF8StreamJsonParser.java,2455,if (Character.isJavaIdentifierPart(c)) {,0.0,4754,5302
549,S4459,UTF8StreamJsonParser.java,2456,"_reportInvalidToken(matchStr.substring(0, i));",0.0,4754,5302
549,S4460,UTF8StreamJsonParser.java,2463,"_reportInvalidToken(matchedPart, ""'null', 'true', 'false' or NaN"");",0.0,4754,5302
549,S4461,UTF8StreamJsonParser.java,2469,StringBuilder sb = new StringBuilder(matchedPart);,0.0,4754,5302
549,S4462,UTF8StreamJsonParser.java,2476,if (_inputPtr >= _inputEnd && !loadMore()) {,0.0,4754,5302
549,S4463,UTF8StreamJsonParser.java,2477,break;,0.0,4754,5302
549,S4464,UTF8StreamJsonParser.java,2479,int i = (int) _inputBuffer[_inputPtr++];,0.0,4754,5302
549,S4465,UTF8StreamJsonParser.java,2480,char c = (char) _decodeCharForError(i);,0.0,4754,5302
549,S4466,UTF8StreamJsonParser.java,2481,if (!Character.isJavaIdentifierPart(c)) {,0.0,4754,5302
549,S4467,UTF8StreamJsonParser.java,2482,break;,0.0,4754,5302
549,S4468,UTF8StreamJsonParser.java,2484,sb.append(c);,0.0,4754,5302
549,S4469,UTF8StreamJsonParser.java,2486,"_reportError(""Unrecognized token '""+sb.toString()+""': was expecting ""+msg);",0.0,4754,5302
549,S4470,UTF8StreamJsonParser.java,2497,final int[] codes = _icWS;,0.0,4754,5302
549,S4471,UTF8StreamJsonParser.java,2498,while (_inputPtr < _inputEnd || loadMore()) {,0.0,4754,5302
549,S4472,UTF8StreamJsonParser.java,2499,final int i = _inputBuffer[_inputPtr++] & 0xFF;,0.0,4754,5302
549,S4473,UTF8StreamJsonParser.java,2500,switch (codes[i]) {,0.0,4754,5302
549,S4474,UTF8StreamJsonParser.java,2502,return i;,0.0,4754,5302
549,S4475,UTF8StreamJsonParser.java,2504,continue;,0.0,4754,5302
549,S4476,UTF8StreamJsonParser.java,2515,++_currInputRow;,0.0,4754,5302
549,S4477,UTF8StreamJsonParser.java,2516,_currInputRowStart = _inputPtr;,0.0,4754,5302
549,S4478,UTF8StreamJsonParser.java,2517,break;,0.0,4754,5302
549,S4479,UTF8StreamJsonParser.java,2519,_skipCR();,0.0,4754,5302
549,S4480,UTF8StreamJsonParser.java,2520,break;,0.0,4754,5302
549,S4481,UTF8StreamJsonParser.java,2525,if (!_skipYAMLComment()) {,0.0,4754,5302
549,S4482,UTF8StreamJsonParser.java,2526,return i;,0.0,4754,5302
549,S4488,UTF8StreamJsonParser.java,2549,continue;,0.0,4754,5302
549,S4489,UTF8StreamJsonParser.java,2560,++_currInputRow;,0.0,4754,5302
549,S4490,UTF8StreamJsonParser.java,2561,_currInputRowStart = _inputPtr;,0.0,4754,5302
549,S4491,UTF8StreamJsonParser.java,2562,break;,0.0,4754,5302
549,S4492,UTF8StreamJsonParser.java,2564,_skipCR();,0.0,4754,5302
549,S4493,UTF8StreamJsonParser.java,2565,break;,0.0,4754,5302
549,S4494,UTF8StreamJsonParser.java,2567,_skipComment();,0.0,4754,5302
549,S4495,UTF8StreamJsonParser.java,2568,break;,0.0,4754,5302
549,S4496,UTF8StreamJsonParser.java,2570,if (!_skipYAMLComment()) {,0.0,4754,5302
549,S4497,UTF8StreamJsonParser.java,2582,_handleEOF();,0.0,4754,5302
549,S4498,UTF8StreamJsonParser.java,2583,return -1;,0.0,4754,5302
549,S4499,UTF8StreamJsonParser.java,2592,if (_inputPtr >= _inputEnd) {,0.0,4754,5302
549,S4500,UTF8StreamJsonParser.java,2596,int i = _inputBuffer[_inputPtr++];,0.0,4754,5302
549,S4501,UTF8StreamJsonParser.java,2597,if (i == INT_COLON) {,0.0,4754,5302
549,S4502,UTF8StreamJsonParser.java,2598,if (_inputPtr < _inputEnd) {,0.0,4754,5302
549,S4503,UTF8StreamJsonParser.java,2607,i &= 0xFF;,0.0,4754,5302
549,S4504,UTF8StreamJsonParser.java,2611,switch (i) {,0.0,4754,5302
549,S4505,UTF8StreamJsonParser.java,2614,break;,0.0,4754,5302
549,S4506,UTF8StreamJsonParser.java,2626,if (i < INT_SPACE) {,0.0,4754,5302
549,S4507,UTF8StreamJsonParser.java,2631,if (_inputPtr >= _inputEnd) {,0.0,4754,5302
549,S4508,UTF8StreamJsonParser.java,2634,i = _inputBuffer[_inputPtr++] & 0xFF;,0.0,4754,5302
549,S4509,UTF8StreamJsonParser.java,2636,if (i != INT_COLON) {,0.0,4754,5302
549,S4510,UTF8StreamJsonParser.java,2642,while (_inputPtr < _inputEnd || loadMore()) {,0.0,4754,5302
549,S4511,UTF8StreamJsonParser.java,2643,i = _inputBuffer[_inputPtr++] & 0xFF;,0.0,4754,5302
549,S4512,UTF8StreamJsonParser.java,2644,if (i > INT_SPACE) {,0.0,4754,5302
549,S4513,UTF8StreamJsonParser.java,2645,if (i != INT_SLASH) {,0.0,4754,5302
549,S4514,UTF8StreamJsonParser.java,2646,return i;,0.0,4754,5302
549,S4515,UTF8StreamJsonParser.java,2665,if (!isEnabled(Feature.ALLOW_COMMENTS)) {,0.0,4754,5302
549,S4516,UTF8StreamJsonParser.java,2666,"_reportUnexpectedChar('/', ""maybe a (non-standard) comment? (not recognized as one since Feature 'ALLOW_COMMENTS' not enabled for parser)"");",0.0,4754,5302
549,S4517,UTF8StreamJsonParser.java,2669,if (_inputPtr >= _inputEnd && !loadMore()) {,0.0,4754,5302
549,S4518,UTF8StreamJsonParser.java,2672,int c = _inputBuffer[_inputPtr++] & 0xFF;,0.0,4754,5302
549,S4519,UTF8StreamJsonParser.java,2673,if (c == '/') {,0.0,4754,5302
549,S4520,UTF8StreamJsonParser.java,2674,_skipLine();,0.0,4754,5302
549,S4521,UTF8StreamJsonParser.java,2675,} else if (c == '*') {,0.0,4754,5302
549,S4522,UTF8StreamJsonParser.java,2676,_skipCComment();,0.0,4754,5302
549,S4523,UTF8StreamJsonParser.java,2685,final int[] codes = CharTypes.getInputCodeComment();,0.0,4754,5302
549,S4524,UTF8StreamJsonParser.java,2689,while ((_inputPtr < _inputEnd) || loadMore()) {,0.0,4754,5302
549,S4525,UTF8StreamJsonParser.java,2690,int i = (int) _inputBuffer[_inputPtr++] & 0xFF;,0.0,4754,5302
549,S4526,UTF8StreamJsonParser.java,2691,int code = codes[i];,0.0,4754,5302
549,S4527,UTF8StreamJsonParser.java,2692,if (code != 0) {,0.0,4754,5302
549,S4528,UTF8StreamJsonParser.java,2693,switch (code) {,0.0,4754,5302
549,S4529,UTF8StreamJsonParser.java,2695,if (_inputPtr >= _inputEnd && !loadMore()) {,0.0,4754,5302
549,S4530,UTF8StreamJsonParser.java,2698,if (_inputBuffer[_inputPtr] == INT_SLASH) {,0.0,4754,5302
549,S4531,UTF8StreamJsonParser.java,2699,++_inputPtr;,0.0,4754,5302
549,S4532,UTF8StreamJsonParser.java,2700,return;,0.0,4754,5302
549,S4533,UTF8StreamJsonParser.java,2704,++_currInputRow;,0.0,4754,5302
549,S4534,UTF8StreamJsonParser.java,2705,_currInputRowStart = _inputPtr;,0.0,4754,5302
549,S4535,UTF8StreamJsonParser.java,2706,break;,0.0,4754,5302
549,S4536,UTF8StreamJsonParser.java,2711,_skipUtf8_2(i);,0.0,4754,5302
549,S4537,UTF8StreamJsonParser.java,2712,break;,0.0,4754,5302
549,S4538,UTF8StreamJsonParser.java,2730,if (!isEnabled(Feature.ALLOW_YAML_COMMENTS)) {,0.0,4754,5302
549,S4539,UTF8StreamJsonParser.java,2731,return false;,0.0,4754,5302
549,S4540,UTF8StreamJsonParser.java,2733,_skipLine();,0.0,4754,5302
549,S4541,UTF8StreamJsonParser.java,2734,return true;,0.0,4754,5302
549,S4542,UTF8StreamJsonParser.java,2744,final int[] codes = CharTypes.getInputCodeComment();,0.0,4754,5302
549,S4543,UTF8StreamJsonParser.java,2745,while ((_inputPtr < _inputEnd) || loadMore()) {,0.0,4754,5302
549,S4544,UTF8StreamJsonParser.java,2746,int i = (int) _inputBuffer[_inputPtr++] & 0xFF;,0.0,4754,5302
549,S4545,UTF8StreamJsonParser.java,2747,int code = codes[i];,0.0,4754,5302
549,S4546,UTF8StreamJsonParser.java,2748,if (code != 0) {,0.0,4754,5302
549,S4547,UTF8StreamJsonParser.java,2749,switch (code) {,0.0,4754,5302
549,S4548,UTF8StreamJsonParser.java,2751,++_currInputRow;,0.0,4754,5302
549,S4549,UTF8StreamJsonParser.java,2752,_currInputRowStart = _inputPtr;,0.0,4754,5302
549,S4550,UTF8StreamJsonParser.java,2753,return;,0.0,4754,5302
549,S4551,UTF8StreamJsonParser.java,2781,if (_inputPtr >= _inputEnd) {,0.0,4754,5302
549,S4552,UTF8StreamJsonParser.java,2782,if (!loadMore()) {,0.0,4754,5302
549,S4553,UTF8StreamJsonParser.java,2786,int c = (int) _inputBuffer[_inputPtr++];,0.0,4754,5302
549,S4554,UTF8StreamJsonParser.java,2788,switch ((int) c) {,0.0,4754,5302
549,S4555,UTF8StreamJsonParser.java,2791,return '\b';,0.0,4754,5302
549,S4556,UTF8StreamJsonParser.java,2793,return '\t';,0.0,4754,5302
549,S4557,UTF8StreamJsonParser.java,2795,return '\n';,0.0,4754,5302
549,S4558,UTF8StreamJsonParser.java,2797,return '\f';,0.0,4754,5302
549,S4559,UTF8StreamJsonParser.java,2799,return '\r';,0.0,4754,5302
549,S4560,UTF8StreamJsonParser.java,2805,return (char) c;,0.0,4754,5302
549,S4561,UTF8StreamJsonParser.java,2808,break;,0.0,4754,5302
549,S4562,UTF8StreamJsonParser.java,2811,return _handleUnrecognizedCharacterEscape((char) _decodeCharForError(c));,0.0,4754,5302
549,S4563,UTF8StreamJsonParser.java,2815,int value = 0;,0.0,4754,5302
549,S4564,UTF8StreamJsonParser.java,2816,for (int i = 0; i < 4; ++i) {,0.0,4754,5302
549,S4565,UTF8StreamJsonParser.java,2817,if (_inputPtr >= _inputEnd) {,0.0,4754,5302
549,S4566,UTF8StreamJsonParser.java,2818,if (!loadMore()) {,0.0,4754,5302
549,S4567,UTF8StreamJsonParser.java,2822,int ch = (int) _inputBuffer[_inputPtr++];,0.0,4754,5302
549,S4568,UTF8StreamJsonParser.java,2823,int digit = CharTypes.charToHex(ch);,0.0,4754,5302
549,S4569,UTF8StreamJsonParser.java,2824,if (digit < 0) {,0.0,4754,5302
549,S4570,UTF8StreamJsonParser.java,2827,value = (value << 4) | digit;,0.0,4754,5302
549,S4571,UTF8StreamJsonParser.java,2829,return (char) value;,0.0,4754,5302
549,S4572,UTF8StreamJsonParser.java,2834,int c = (int) firstByte;,0.0,4754,5302
549,S4573,UTF8StreamJsonParser.java,2835,"if (c < 0) { // if >= 0, is ascii and fine as is",0.0,4754,5302
549,S4574,UTF8StreamJsonParser.java,2875,return c;,0.0,4754,5302
549,S4575,UTF8StreamJsonParser.java,2886,if (_inputPtr >= _inputEnd) {,0.0,4754,5302
549,S4576,UTF8StreamJsonParser.java,2887,loadMoreGuaranteed();,0.0,4754,5302
549,S4577,UTF8StreamJsonParser.java,2889,int d = (int) _inputBuffer[_inputPtr++];,0.0,4754,5302
549,S4578,UTF8StreamJsonParser.java,2890,if ((d & 0xC0) != 0x080) {,0.0,4754,5302
549,S4579,UTF8StreamJsonParser.java,2893,return ((c & 0x1F) << 6) | (d & 0x3F);,0.0,4754,5302
549,S4580,UTF8StreamJsonParser.java,2898,if (_inputPtr >= _inputEnd) {,0.0,4754,5302
549,S4581,UTF8StreamJsonParser.java,2899,loadMoreGuaranteed();,0.0,4754,5302
549,S4582,UTF8StreamJsonParser.java,2901,c1 &= 0x0F;,0.0,4754,5302
549,S4583,UTF8StreamJsonParser.java,2902,int d = (int) _inputBuffer[_inputPtr++];,0.0,4754,5302
549,S4584,UTF8StreamJsonParser.java,2903,if ((d & 0xC0) != 0x080) {,0.0,4754,5302
549,S4585,UTF8StreamJsonParser.java,2906,int c = (c1 << 6) | (d & 0x3F);,0.0,4754,5302
549,S4586,UTF8StreamJsonParser.java,2907,if (_inputPtr >= _inputEnd) {,0.0,4754,5302
549,S4587,UTF8StreamJsonParser.java,2908,loadMoreGuaranteed();,0.0,4754,5302
549,S4588,UTF8StreamJsonParser.java,2910,d = (int) _inputBuffer[_inputPtr++];,0.0,4754,5302
549,S4589,UTF8StreamJsonParser.java,2911,if ((d & 0xC0) != 0x080) {,0.0,4754,5302
549,S4590,UTF8StreamJsonParser.java,2914,c = (c << 6) | (d & 0x3F);,0.0,4754,5302
549,S4591,UTF8StreamJsonParser.java,2915,return c;,0.0,4754,5302
549,S4592,UTF8StreamJsonParser.java,2920,c1 &= 0x0F;,0.0,4754,5302
549,S4593,UTF8StreamJsonParser.java,2921,int d = (int) _inputBuffer[_inputPtr++];,0.0,4754,5302
549,S4594,UTF8StreamJsonParser.java,2922,if ((d & 0xC0) != 0x080) {,0.0,4754,5302
549,S4595,UTF8StreamJsonParser.java,2925,int c = (c1 << 6) | (d & 0x3F);,0.0,4754,5302
549,S4596,UTF8StreamJsonParser.java,2926,d = (int) _inputBuffer[_inputPtr++];,0.0,4754,5302
549,S4597,UTF8StreamJsonParser.java,2927,if ((d & 0xC0) != 0x080) {,0.0,4754,5302
549,S4598,UTF8StreamJsonParser.java,2930,c = (c << 6) | (d & 0x3F);,0.0,4754,5302
549,S4599,UTF8StreamJsonParser.java,2931,return c;,0.0,4754,5302
549,S4600,UTF8StreamJsonParser.java,2940,if (_inputPtr >= _inputEnd) {,0.0,4754,5302
549,S4601,UTF8StreamJsonParser.java,2943,int d = (int) _inputBuffer[_inputPtr++];,0.0,4754,5302
549,S4602,UTF8StreamJsonParser.java,2944,if ((d & 0xC0) != 0x080) {,0.0,4754,5302
549,S4603,UTF8StreamJsonParser.java,2947,c = ((c & 0x07) << 6) | (d & 0x3F);,0.0,4754,5302
549,S4604,UTF8StreamJsonParser.java,2949,if (_inputPtr >= _inputEnd) {,0.0,4754,5302
549,S4605,UTF8StreamJsonParser.java,2952,d = (int) _inputBuffer[_inputPtr++];,0.0,4754,5302
549,S4606,UTF8StreamJsonParser.java,2953,if ((d & 0xC0) != 0x080) {,0.0,4754,5302
549,S4607,UTF8StreamJsonParser.java,2956,c = (c << 6) | (d & 0x3F);,0.0,4754,5302
549,S4608,UTF8StreamJsonParser.java,2957,if (_inputPtr >= _inputEnd) {,0.0,4754,5302
549,S4609,UTF8StreamJsonParser.java,2960,d = (int) _inputBuffer[_inputPtr++];,0.0,4754,5302
549,S4610,UTF8StreamJsonParser.java,2961,if ((d & 0xC0) != 0x080) {,0.0,4754,5302
549,S4611,UTF8StreamJsonParser.java,2968,return ((c << 6) | (d & 0x3F)) - 0x10000;,0.0,4754,5302
549,S4612,UTF8StreamJsonParser.java,2973,if (_inputPtr >= _inputEnd) {,0.0,4754,5302
549,S4613,UTF8StreamJsonParser.java,2976,c = (int) _inputBuffer[_inputPtr++];,0.0,4754,5302
549,S4614,UTF8StreamJsonParser.java,2977,if ((c & 0xC0) != 0x080) {,0.0,4754,5302
549,S4615,UTF8StreamJsonParser.java,3006,if (_inputPtr >= _inputEnd) {,0.0,4754,5302
549,S4616,UTF8StreamJsonParser.java,3009,int d = (int) _inputBuffer[_inputPtr++];,0.0,4754,5302
549,S4617,UTF8StreamJsonParser.java,3010,if ((d & 0xC0) != 0x080) {,0.0,4754,5302
549,S4618,UTF8StreamJsonParser.java,3013,if (_inputPtr >= _inputEnd) {,0.0,4754,5302
549,S4619,UTF8StreamJsonParser.java,3016,d = (int) _inputBuffer[_inputPtr++];,0.0,4754,5302
549,S4620,UTF8StreamJsonParser.java,3017,if ((d & 0xC0) != 0x080) {,0.0,4754,5302
549,S4621,UTF8StreamJsonParser.java,3020,if (_inputPtr >= _inputEnd) {,0.0,4754,5302
549,S4622,UTF8StreamJsonParser.java,3023,d = (int) _inputBuffer[_inputPtr++];,0.0,4754,5302
549,S4623,UTF8StreamJsonParser.java,3024,if ((d & 0xC0) != 0x080) {,0.0,4754,5302
549,S4624,UTF8StreamJsonParser.java,3041,if (_inputPtr < _inputEnd || loadMore()) {,0.0,4754,5302
549,S4625,UTF8StreamJsonParser.java,3042,if (_inputBuffer[_inputPtr] == BYTE_LF) {,0.0,4754,5302
549,S4626,UTF8StreamJsonParser.java,3043,++_inputPtr;,0.0,4754,5302
549,S4627,UTF8StreamJsonParser.java,3046,++_currInputRow;,0.0,4754,5302
549,S4628,UTF8StreamJsonParser.java,3047,_currInputRowStart = _inputPtr;,0.0,4754,5302
549,S4629,UTF8StreamJsonParser.java,3095,if (arr == null) {,0.0,4754,5302
549,S4630,UTF8StreamJsonParser.java,3098,"return Arrays.copyOf(arr, arr.length + more);",0.0,4754,5302
549,S4631,UTF8StreamJsonParser.java,3114,ByteArrayBuilder builder = _getByteArrayBuilder();,0.0,4754,5302
549,S4632,UTF8StreamJsonParser.java,3121,if (_inputPtr >= _inputEnd) {,0.0,4754,5302
549,S4633,UTF8StreamJsonParser.java,3124,ch = (int) _inputBuffer[_inputPtr++] & 0xFF;,0.0,4754,5302
549,S4634,UTF8StreamJsonParser.java,3125,} while (ch <= INT_SPACE);,0.0,4754,5302
549,S4635,UTF8StreamJsonParser.java,3126,int bits = b64variant.decodeBase64Char(ch);,0.0,4754,5302
549,S4636,UTF8StreamJsonParser.java,3127,"if (bits < 0) { // reached the end, fair and square?",0.0,4754,5302
549,S4637,UTF8StreamJsonParser.java,3128,if (ch == INT_QUOTE) {,0.0,4754,5302
549,S4638,UTF8StreamJsonParser.java,3129,return builder.toByteArray();,0.0,4754,5302
549,S4639,UTF8StreamJsonParser.java,3131,"bits = _decodeBase64Escape(b64variant, ch, 0);",0.0,4754,5302
549,S4640,UTF8StreamJsonParser.java,3132,if (bits < 0) { // white space to skip,0.0,4754,5302
549,S4641,UTF8StreamJsonParser.java,3133,continue;,0.0,4754,5302
549,S4642,UTF8StreamJsonParser.java,3136,int decodedData = bits;,0.0,4754,5302
549,S4643,UTF8StreamJsonParser.java,3140,if (_inputPtr >= _inputEnd) {,0.0,4754,5302
549,S4644,UTF8StreamJsonParser.java,3143,ch = _inputBuffer[_inputPtr++] & 0xFF;,0.0,4754,5302
549,S4645,UTF8StreamJsonParser.java,3144,bits = b64variant.decodeBase64Char(ch);,0.0,4754,5302
549,S4646,UTF8StreamJsonParser.java,3145,if (bits < 0) {,0.0,4754,5302
549,S4647,UTF8StreamJsonParser.java,3146,"bits = _decodeBase64Escape(b64variant, ch, 1);",0.0,4754,5302
549,S4648,UTF8StreamJsonParser.java,3148,decodedData = (decodedData << 6) | bits;,0.0,4754,5302
549,S4649,UTF8StreamJsonParser.java,3151,if (_inputPtr >= _inputEnd) {,0.0,4754,5302
549,S4650,UTF8StreamJsonParser.java,3154,ch = _inputBuffer[_inputPtr++] & 0xFF;,0.0,4754,5302
549,S4651,UTF8StreamJsonParser.java,3155,bits = b64variant.decodeBase64Char(ch);,0.0,4754,5302
549,S4652,UTF8StreamJsonParser.java,3158,if (bits < 0) {,0.0,4754,5302
549,S4653,UTF8StreamJsonParser.java,3159,if (bits != Base64Variant.BASE64_VALUE_PADDING) {,0.0,4754,5302
549,S4654,UTF8StreamJsonParser.java,3161,"if (ch == '""' && !b64variant.usesPadding()) {",0.0,4754,5302
549,S4655,UTF8StreamJsonParser.java,3162,decodedData >>= 4;,0.0,4754,5302
549,S4656,UTF8StreamJsonParser.java,3163,builder.append(decodedData);,0.0,4754,5302
549,S4657,UTF8StreamJsonParser.java,3164,return builder.toByteArray();,0.0,4754,5302
549,S4658,UTF8StreamJsonParser.java,3168,if (bits == Base64Variant.BASE64_VALUE_PADDING) {,0.0,4754,5302
549,S4659,UTF8StreamJsonParser.java,3170,if (_inputPtr >= _inputEnd) {,0.0,4754,5302
549,S4660,UTF8StreamJsonParser.java,3173,ch = _inputBuffer[_inputPtr++] & 0xFF;,0.0,4754,5302
549,S4661,UTF8StreamJsonParser.java,3174,if (!b64variant.usesPaddingChar(ch)) {,0.0,4754,5302
549,S4662,UTF8StreamJsonParser.java,3178,decodedData >>= 4;,0.0,4754,5302
549,S4663,UTF8StreamJsonParser.java,3179,builder.append(decodedData);,0.0,4754,5302
549,S4664,UTF8StreamJsonParser.java,3180,continue;,0.0,4754,5302
549,S4665,UTF8StreamJsonParser.java,3184,decodedData = (decodedData << 6) | bits;,0.0,4754,5302
549,S4666,UTF8StreamJsonParser.java,3186,if (_inputPtr >= _inputEnd) {,0.0,4754,5302
549,S4667,UTF8StreamJsonParser.java,3189,ch = _inputBuffer[_inputPtr++] & 0xFF;,0.0,4754,5302
549,S4668,UTF8StreamJsonParser.java,3190,bits = b64variant.decodeBase64Char(ch);,0.0,4754,5302
549,S4669,UTF8StreamJsonParser.java,3191,if (bits < 0) {,0.0,4754,5302
549,S4670,UTF8StreamJsonParser.java,3192,if (bits != Base64Variant.BASE64_VALUE_PADDING) {,0.0,4754,5302
549,S4671,UTF8StreamJsonParser.java,3194,"if (ch == '""' && !b64variant.usesPadding()) {",0.0,4754,5302
549,S4672,UTF8StreamJsonParser.java,3195,decodedData >>= 2;,0.0,4754,5302
549,S4673,UTF8StreamJsonParser.java,3196,builder.appendTwoBytes(decodedData);,0.0,4754,5302
549,S4674,UTF8StreamJsonParser.java,3197,return builder.toByteArray();,0.0,4754,5302
549,S4675,UTF8StreamJsonParser.java,3199,"bits = _decodeBase64Escape(b64variant, ch, 3);",0.0,4754,5302
549,S4676,UTF8StreamJsonParser.java,3201,if (bits == Base64Variant.BASE64_VALUE_PADDING) {,0.0,4754,5302
549,S4677,UTF8StreamJsonParser.java,3208,decodedData >>= 2;,0.0,4754,5302
549,S4678,UTF8StreamJsonParser.java,3209,builder.appendTwoBytes(decodedData);,0.0,4754,5302
549,S4679,UTF8StreamJsonParser.java,3210,continue;,0.0,4754,5302
549,S4680,UTF8StreamJsonParser.java,3214,decodedData = (decodedData << 6) | bits;,0.0,4754,5302
549,S4681,UTF8StreamJsonParser.java,3215,builder.appendThreeBytes(decodedData);,0.0,4754,5302
549,S4682,Version.java,22,"private final static Version UNKNOWN_VERSION = new Version(0, 0, 0, null, null, null);",0.0,4754,5302
549,S4683,Version.java,54,_majorVersion = major;,0.0,4754,5302
549,S4684,Version.java,55,_minorVersion = minor;,0.0,4754,5302
549,S4685,Version.java,56,_patchLevel = patchLevel;,0.0,4754,5302
549,S4686,Version.java,57,_snapshotInfo = snapshotInfo;,0.0,4754,5302
549,S4687,Version.java,58,"_groupId = (groupId == null) ? """" : groupId;",0.0,4754,5302
549,S4688,Version.java,59,"_artifactId = (artifactId == null) ? """" : artifactId;",0.0,4754,5302
549,S4689,Version.java,109,if (o == this) return true;,0.0,4754,5302
549,S4690,VersionUtil.java,25,"private final static Pattern VERSION_SEPARATOR = Pattern.compile(""[-_./;:]"");",0.0,4754,5302
549,S4691,VersionUtil.java,76,Version packageVersion = packageVersionFor(cls);,0.0,4754,5302
549,S4692,VersionUtil.java,77,if (packageVersion != null) {,0.0,4754,5302
549,S4693,VersionUtil.java,78,return packageVersion;,0.0,4754,5302
549,S4694,VersionUtil.java,104,"String versionInfoClassName = cls.getPackage().getName() + "".PackageVersion"";",0.0,4754,5302
549,S4695,VersionUtil.java,105,"Class<?> vClass = Class.forName(versionInfoClassName, true, cls.getClassLoader());",0.0,4754,5302
549,S4696,VersionUtil.java,108,return ((Versioned) vClass.newInstance()).version();,0.0,4754,5302
549,S4697,VersionUtil.java,179,if (versionStr != null && (versionStr = versionStr.trim()).length() > 0) {,0.0,4754,5302
549,S4698,VersionUtil.java,180,String[] parts = VERSION_SEPARATOR.split(versionStr);,0.0,4754,5302
549,S4699,VersionUtil.java,181,"return new Version(parseVersionPart(parts[0]),",0.0,4754,5302
549,S4700,VersionUtil.java,192,int number = 0;,0.0,4754,5302
549,S4701,VersionUtil.java,193,"for (int i = 0, len = partStr.length(); i < len; ++i) {",0.0,4754,5302
549,S4702,VersionUtil.java,194,char c = partStr.charAt(i);,0.0,4754,5302
549,S4703,VersionUtil.java,195,if (c > '9' || c < '0') break;,0.0,4754,5302
549,S4704,VersionUtil.java,196,number = (number * 10) + (c - '0');,0.0,4754,5302
549,S4705,VersionUtil.java,198,return number;,0.0,4754,5302
549,S4706,WriterBasedJsonGenerator.java,19,final protected static char[] HEX_CHARS = CharTypes.copyHexChars();,0.0,4754,5302
549,S4707,WriterBasedJsonGenerator.java,38,protected int _outputHead = 0;,0.0,4754,5302
549,S4708,WriterBasedJsonGenerator.java,44,protected int _outputTail = 0;,0.0,4754,5302
549,S4709,WriterBasedJsonGenerator.java,74,"super(ctxt, features, codec);",0.0,4754,5302
549,S4710,WriterBasedJsonGenerator.java,75,_writer = w;,0.0,4754,5302
549,S4711,WriterBasedJsonGenerator.java,76,_outputBuffer = ctxt.allocConcatBuffer();,0.0,4754,5302
549,S4712,WriterBasedJsonGenerator.java,77,_outputEnd = _outputBuffer.length;,0.0,4754,5302
549,S4713,WriterBasedJsonGenerator.java,100,int status = _writeContext.writeFieldName(name);,0.0,4754,5302
549,S4714,WriterBasedJsonGenerator.java,101,if (status == JsonWriteContext.STATUS_EXPECT_VALUE) {,0.0,4754,5302
549,S4715,WriterBasedJsonGenerator.java,104,"_writeFieldName(name, (status == JsonWriteContext.STATUS_OK_AFTER_COMMA));",0.0,4754,5302
549,S4716,WriterBasedJsonGenerator.java,112,int status = _writeContext.writeFieldName(name.getValue());,0.0,4754,5302
549,S4717,WriterBasedJsonGenerator.java,113,if (status == JsonWriteContext.STATUS_EXPECT_VALUE) {,0.0,4754,5302
549,S4718,WriterBasedJsonGenerator.java,116,"_writeFieldName(name, (status == JsonWriteContext.STATUS_OK_AFTER_COMMA));",0.0,4754,5302
549,S4719,WriterBasedJsonGenerator.java,128,"_verifyValueWrite(""start an array"");",0.0,4754,5302
549,S4720,WriterBasedJsonGenerator.java,129,_writeContext = _writeContext.createChildArrayContext();,0.0,4754,5302
549,S4721,WriterBasedJsonGenerator.java,130,if (_cfgPrettyPrinter != null) {,0.0,4754,5302
549,S4722,WriterBasedJsonGenerator.java,131,_cfgPrettyPrinter.writeStartArray(this);,0.0,4754,5302
549,S4723,WriterBasedJsonGenerator.java,133,if (_outputTail >= _outputEnd) {,0.0,4754,5302
549,S4724,WriterBasedJsonGenerator.java,136,_outputBuffer[_outputTail++] = '[';,0.0,4754,5302
549,S4725,WriterBasedJsonGenerator.java,143,if (!_writeContext.inArray()) {,0.0,4754,5302
549,S4726,WriterBasedJsonGenerator.java,144,"_reportError(""Current context not an ARRAY but ""+_writeContext.getTypeDesc());",0.0,4754,5302
549,S4727,WriterBasedJsonGenerator.java,146,if (_cfgPrettyPrinter != null) {,0.0,4754,5302
549,S4728,WriterBasedJsonGenerator.java,147,"_cfgPrettyPrinter.writeEndArray(this, _writeContext.getEntryCount());",0.0,4754,5302
549,S4729,WriterBasedJsonGenerator.java,149,if (_outputTail >= _outputEnd) {,0.0,4754,5302
549,S4730,WriterBasedJsonGenerator.java,152,_outputBuffer[_outputTail++] = ']';,0.0,4754,5302
549,S4731,WriterBasedJsonGenerator.java,154,_writeContext = _writeContext.getParent();,0.0,4754,5302
549,S4732,WriterBasedJsonGenerator.java,160,"_verifyValueWrite(""start an object"");",0.0,4754,5302
549,S4733,WriterBasedJsonGenerator.java,161,_writeContext = _writeContext.createChildObjectContext();,0.0,4754,5302
549,S4734,WriterBasedJsonGenerator.java,162,if (_cfgPrettyPrinter != null) {,0.0,4754,5302
549,S4735,WriterBasedJsonGenerator.java,163,_cfgPrettyPrinter.writeStartObject(this);,0.0,4754,5302
549,S4736,WriterBasedJsonGenerator.java,165,if (_outputTail >= _outputEnd) {,0.0,4754,5302
549,S4737,WriterBasedJsonGenerator.java,168,_outputBuffer[_outputTail++] = '{';,0.0,4754,5302
549,S4738,WriterBasedJsonGenerator.java,175,if (!_writeContext.inObject()) {,0.0,4754,5302
549,S4739,WriterBasedJsonGenerator.java,176,"_reportError(""Current context not an object but ""+_writeContext.getTypeDesc());",0.0,4754,5302
549,S4740,WriterBasedJsonGenerator.java,178,if (_cfgPrettyPrinter != null) {,0.0,4754,5302
549,S4741,WriterBasedJsonGenerator.java,179,"_cfgPrettyPrinter.writeEndObject(this, _writeContext.getEntryCount());",0.0,4754,5302
549,S4742,WriterBasedJsonGenerator.java,181,if (_outputTail >= _outputEnd) {,0.0,4754,5302
549,S4743,WriterBasedJsonGenerator.java,184,_outputBuffer[_outputTail++] = '}';,0.0,4754,5302
549,S4744,WriterBasedJsonGenerator.java,186,_writeContext = _writeContext.getParent();,0.0,4754,5302
549,S4745,WriterBasedJsonGenerator.java,192,if (_cfgPrettyPrinter != null) {,0.0,4754,5302
549,S4746,WriterBasedJsonGenerator.java,193,"_writePPFieldName(name, commaBefore);",0.0,4754,5302
549,S4747,WriterBasedJsonGenerator.java,194,return;,0.0,4754,5302
549,S4748,WriterBasedJsonGenerator.java,197,if ((_outputTail + 1) >= _outputEnd) {,0.0,4754,5302
549,S4749,WriterBasedJsonGenerator.java,200,if (commaBefore) {,0.0,4754,5302
549,S4750,WriterBasedJsonGenerator.java,201,"_outputBuffer[_outputTail++] = ',';",0.0,4754,5302
549,S4751,WriterBasedJsonGenerator.java,207,if (!isEnabled(Feature.QUOTE_FIELD_NAMES)) {,0.0,4754,5302
549,S4752,WriterBasedJsonGenerator.java,208,_writeString(name);,0.0,4754,5302
549,S4753,WriterBasedJsonGenerator.java,209,return;,0.0,4754,5302
549,S4754,WriterBasedJsonGenerator.java,213,"_outputBuffer[_outputTail++] = '""';",0.0,4754,5302
549,S4755,WriterBasedJsonGenerator.java,215,_writeString(name);,0.0,4754,5302
549,S4756,WriterBasedJsonGenerator.java,217,if (_outputTail >= _outputEnd) {,0.0,4754,5302
549,S4757,WriterBasedJsonGenerator.java,220,"_outputBuffer[_outputTail++] = '""';",0.0,4754,5302
549,S4758,WriterBasedJsonGenerator.java,226,if (_cfgPrettyPrinter != null) {,0.0,4754,5302
549,S4759,WriterBasedJsonGenerator.java,231,if ((_outputTail + 1) >= _outputEnd) {,0.0,4754,5302
549,S4760,WriterBasedJsonGenerator.java,234,if (commaBefore) {,0.0,4754,5302
549,S4761,WriterBasedJsonGenerator.java,235,"_outputBuffer[_outputTail++] = ',';",0.0,4754,5302
549,S4762,WriterBasedJsonGenerator.java,240,final char[] quoted = name.asQuotedChars();,0.0,4754,5302
549,S4763,WriterBasedJsonGenerator.java,241,if (!isEnabled(Feature.QUOTE_FIELD_NAMES)) {,0.0,4754,5302
549,S4764,WriterBasedJsonGenerator.java,246,"_outputBuffer[_outputTail++] = '""';",0.0,4754,5302
549,S4765,WriterBasedJsonGenerator.java,248,final int qlen = quoted.length;,0.0,4754,5302
549,S4766,WriterBasedJsonGenerator.java,249,if ((_outputTail + qlen + 1) >= _outputEnd) {,0.0,4754,5302
549,S4767,WriterBasedJsonGenerator.java,257,"System.arraycopy(quoted, 0, _outputBuffer, _outputTail, qlen);",0.0,4754,5302
549,S4768,WriterBasedJsonGenerator.java,258,_outputTail += qlen;,0.0,4754,5302
549,S4769,WriterBasedJsonGenerator.java,259,"_outputBuffer[_outputTail++] = '""';",0.0,4754,5302
549,S4770,WriterBasedJsonGenerator.java,270,if (commaBefore) {,0.0,4754,5302
549,S4771,WriterBasedJsonGenerator.java,271,_cfgPrettyPrinter.writeObjectEntrySeparator(this);,0.0,4754,5302
549,S4772,WriterBasedJsonGenerator.java,273,_cfgPrettyPrinter.beforeObjectEntries(this);,0.0,4754,5302
549,S4773,WriterBasedJsonGenerator.java,276,if (isEnabled(Feature.QUOTE_FIELD_NAMES)) { // standard,0.0,4754,5302
549,S4774,WriterBasedJsonGenerator.java,277,if (_outputTail >= _outputEnd) {,0.0,4754,5302
549,S4775,WriterBasedJsonGenerator.java,280,"_outputBuffer[_outputTail++] = '""';",0.0,4754,5302
549,S4776,WriterBasedJsonGenerator.java,281,_writeString(name);,0.0,4754,5302
549,S4777,WriterBasedJsonGenerator.java,282,if (_outputTail >= _outputEnd) {,0.0,4754,5302
549,S4778,WriterBasedJsonGenerator.java,285,"_outputBuffer[_outputTail++] = '""';",0.0,4754,5302
549,S4779,WriterBasedJsonGenerator.java,326,"_verifyValueWrite(""write text value"");",0.0,4754,5302
549,S4780,WriterBasedJsonGenerator.java,327,if (text == null) {,0.0,4754,5302
549,S4781,WriterBasedJsonGenerator.java,328,_writeNull();,0.0,4754,5302
549,S4782,WriterBasedJsonGenerator.java,329,return;,0.0,4754,5302
549,S4783,WriterBasedJsonGenerator.java,331,if (_outputTail >= _outputEnd) {,0.0,4754,5302
549,S4784,WriterBasedJsonGenerator.java,334,"_outputBuffer[_outputTail++] = '""';",0.0,4754,5302
549,S4785,WriterBasedJsonGenerator.java,335,_writeString(text);,0.0,4754,5302
549,S4786,WriterBasedJsonGenerator.java,337,if (_outputTail >= _outputEnd) {,0.0,4754,5302
549,S4787,WriterBasedJsonGenerator.java,340,"_outputBuffer[_outputTail++] = '""';",0.0,4754,5302
549,S4788,WriterBasedJsonGenerator.java,347,"_verifyValueWrite(""write text value"");",0.0,4754,5302
549,S4789,WriterBasedJsonGenerator.java,348,if (_outputTail >= _outputEnd) {,0.0,4754,5302
549,S4790,WriterBasedJsonGenerator.java,351,"_outputBuffer[_outputTail++] = '""';",0.0,4754,5302
549,S4791,WriterBasedJsonGenerator.java,352,"_writeString(text, offset, len);",0.0,4754,5302
549,S4792,WriterBasedJsonGenerator.java,354,if (_outputTail >= _outputEnd) {,0.0,4754,5302
549,S4793,WriterBasedJsonGenerator.java,357,"_outputBuffer[_outputTail++] = '""';",0.0,4754,5302
549,S4794,WriterBasedJsonGenerator.java,418,int len = text.length();,0.0,4754,5302
549,S4795,WriterBasedJsonGenerator.java,419,int room = _outputEnd - _outputTail;,0.0,4754,5302
549,S4796,WriterBasedJsonGenerator.java,421,if (room == 0) {,0.0,4754,5302
549,S4797,WriterBasedJsonGenerator.java,426,if (room >= len) {,0.0,4754,5302
549,S4798,WriterBasedJsonGenerator.java,427,"text.getChars(0, len, _outputBuffer, _outputTail);",0.0,4754,5302
549,S4799,WriterBasedJsonGenerator.java,428,_outputTail += len;,0.0,4754,5302
549,S4800,WriterBasedJsonGenerator.java,457,writeRaw(text.getValue());,0.0,4754,5302
549,S4801,WriterBasedJsonGenerator.java,465,if (len < SHORT_WRITE) {,0.0,4754,5302
549,S4802,WriterBasedJsonGenerator.java,466,int room = _outputEnd - _outputTail;,0.0,4754,5302
549,S4803,WriterBasedJsonGenerator.java,467,if (len > room) {,0.0,4754,5302
549,S4804,WriterBasedJsonGenerator.java,470,"System.arraycopy(text, offset, _outputBuffer, _outputTail, len);",0.0,4754,5302
549,S4805,WriterBasedJsonGenerator.java,471,_outputTail += len;,0.0,4754,5302
549,S4806,WriterBasedJsonGenerator.java,472,return;,0.0,4754,5302
549,S4807,WriterBasedJsonGenerator.java,483,if (_outputTail >= _outputEnd) {,0.0,4754,5302
549,S4808,WriterBasedJsonGenerator.java,486,_outputBuffer[_outputTail++] = c;,0.0,4754,5302
549,S4809,WriterBasedJsonGenerator.java,525,"_verifyValueWrite(""write binary value"");",0.0,4754,5302
549,S4810,WriterBasedJsonGenerator.java,527,if (_outputTail >= _outputEnd) {,0.0,4754,5302
549,S4811,WriterBasedJsonGenerator.java,530,"_outputBuffer[_outputTail++] = '""';",0.0,4754,5302
549,S4812,WriterBasedJsonGenerator.java,531,"_writeBinary(b64variant, data, offset, offset+len);",0.0,4754,5302
549,S4813,WriterBasedJsonGenerator.java,533,if (_outputTail >= _outputEnd) {,0.0,4754,5302
549,S4814,WriterBasedJsonGenerator.java,536,"_outputBuffer[_outputTail++] = '""';",0.0,4754,5302
549,S4815,WriterBasedJsonGenerator.java,544,"_verifyValueWrite(""write binary value"");",0.0,4754,5302
549,S4816,WriterBasedJsonGenerator.java,546,if (_outputTail >= _outputEnd) {,0.0,4754,5302
549,S4817,WriterBasedJsonGenerator.java,549,"_outputBuffer[_outputTail++] = '""';",0.0,4754,5302
549,S4818,WriterBasedJsonGenerator.java,550,byte[] encodingBuffer = _ioContext.allocBase64Buffer();,0.0,4754,5302
549,S4819,WriterBasedJsonGenerator.java,553,if (dataLength < 0) { // length unknown,0.0,4754,5302
549,S4820,WriterBasedJsonGenerator.java,554,"bytes = _writeBinary(b64variant, data, encodingBuffer);",0.0,4754,5302
549,S4821,WriterBasedJsonGenerator.java,556,"int missing = _writeBinary(b64variant, data, encodingBuffer, dataLength);",0.0,4754,5302
549,S4822,WriterBasedJsonGenerator.java,557,if (missing > 0) {,0.0,4754,5302
549,S4823,WriterBasedJsonGenerator.java,560,bytes = dataLength;,0.0,4754,5302
549,S4824,WriterBasedJsonGenerator.java,563,_ioContext.releaseBase64Buffer(encodingBuffer);,0.0,4754,5302
549,S4825,WriterBasedJsonGenerator.java,566,if (_outputTail >= _outputEnd) {,0.0,4754,5302
549,S4826,WriterBasedJsonGenerator.java,569,"_outputBuffer[_outputTail++] = '""';",0.0,4754,5302
549,S4827,WriterBasedJsonGenerator.java,570,return bytes;,0.0,4754,5302
549,S4828,WriterBasedJsonGenerator.java,583,"_verifyValueWrite(""write number"");",0.0,4754,5302
549,S4829,WriterBasedJsonGenerator.java,584,if (_cfgNumbersAsStrings) {,0.0,4754,5302
549,S4830,WriterBasedJsonGenerator.java,589,if ((_outputTail + 6) >= _outputEnd) {,0.0,4754,5302
549,S4831,WriterBasedJsonGenerator.java,592,"_outputTail = NumberOutput.outputInt(s, _outputBuffer, _outputTail);",0.0,4754,5302
549,S4832,WriterBasedJsonGenerator.java,608,"_verifyValueWrite(""write number"");",0.0,4754,5302
549,S4833,WriterBasedJsonGenerator.java,609,if (_cfgNumbersAsStrings) {,0.0,4754,5302
549,S4834,WriterBasedJsonGenerator.java,610,_writeQuotedInt(i);,0.0,4754,5302
549,S4835,WriterBasedJsonGenerator.java,611,return;,0.0,4754,5302
549,S4836,WriterBasedJsonGenerator.java,614,if ((_outputTail + 11) >= _outputEnd) {,0.0,4754,5302
549,S4837,WriterBasedJsonGenerator.java,615,_flushBuffer();,0.0,4754,5302
549,S4838,WriterBasedJsonGenerator.java,617,"_outputTail = NumberOutput.outputInt(i, _outputBuffer, _outputTail);",0.0,4754,5302
549,S4839,WriterBasedJsonGenerator.java,621,if ((_outputTail + 13) >= _outputEnd) {,0.0,4754,5302
549,S4840,WriterBasedJsonGenerator.java,624,"_outputBuffer[_outputTail++] = '""';",0.0,4754,5302
549,S4841,WriterBasedJsonGenerator.java,625,"_outputTail = NumberOutput.outputInt(i, _outputBuffer, _outputTail);",0.0,4754,5302
549,S4842,WriterBasedJsonGenerator.java,626,"_outputBuffer[_outputTail++] = '""';",0.0,4754,5302
549,S4843,WriterBasedJsonGenerator.java,633,"_verifyValueWrite(""write number"");",0.0,4754,5302
549,S4844,WriterBasedJsonGenerator.java,634,if (_cfgNumbersAsStrings) {,0.0,4754,5302
549,S4845,WriterBasedJsonGenerator.java,635,_writeQuotedLong(l);,0.0,4754,5302
549,S4846,WriterBasedJsonGenerator.java,636,return;,0.0,4754,5302
549,S4847,WriterBasedJsonGenerator.java,638,if ((_outputTail + 21) >= _outputEnd) {,0.0,4754,5302
549,S4848,WriterBasedJsonGenerator.java,642,"_outputTail = NumberOutput.outputLong(l, _outputBuffer, _outputTail);",0.0,4754,5302
549,S4849,WriterBasedJsonGenerator.java,646,if ((_outputTail + 23) >= _outputEnd) {,0.0,4754,5302
549,S4850,WriterBasedJsonGenerator.java,649,"_outputBuffer[_outputTail++] = '""';",0.0,4754,5302
549,S4851,WriterBasedJsonGenerator.java,650,"_outputTail = NumberOutput.outputLong(l, _outputBuffer, _outputTail);",0.0,4754,5302
549,S4852,WriterBasedJsonGenerator.java,651,"_outputBuffer[_outputTail++] = '""';",0.0,4754,5302
549,S4853,WriterBasedJsonGenerator.java,660,"_verifyValueWrite(""write number"");",0.0,4754,5302
549,S4854,WriterBasedJsonGenerator.java,661,if (value == null) {,0.0,4754,5302
549,S4855,WriterBasedJsonGenerator.java,663,} else if (_cfgNumbersAsStrings) {,0.0,4754,5302
549,S4856,WriterBasedJsonGenerator.java,664,_writeQuotedRaw(value);,0.0,4754,5302
549,S4857,WriterBasedJsonGenerator.java,666,writeRaw(value.toString());,0.0,4754,5302
549,S4858,WriterBasedJsonGenerator.java,675,if (_cfgNumbersAsStrings ||,0.0,4754,5302
549,S4859,WriterBasedJsonGenerator.java,679,writeString(String.valueOf(d));,0.0,4754,5302
549,S4860,WriterBasedJsonGenerator.java,680,return;,0.0,4754,5302
549,S4861,WriterBasedJsonGenerator.java,683,"_verifyValueWrite(""write number"");",0.0,4754,5302
549,S4862,WriterBasedJsonGenerator.java,684,writeRaw(String.valueOf(d));,0.0,4754,5302
549,S4863,WriterBasedJsonGenerator.java,691,if (_cfgNumbersAsStrings ||,0.0,4754,5302
549,S4864,WriterBasedJsonGenerator.java,695,writeString(String.valueOf(f));,0.0,4754,5302
549,S4865,WriterBasedJsonGenerator.java,696,return;,0.0,4754,5302
549,S4866,WriterBasedJsonGenerator.java,699,"_verifyValueWrite(""write number"");",0.0,4754,5302
549,S4867,WriterBasedJsonGenerator.java,700,writeRaw(String.valueOf(f));,0.0,4754,5302
549,S4868,WriterBasedJsonGenerator.java,708,"_verifyValueWrite(""write number"");",0.0,4754,5302
549,S4869,WriterBasedJsonGenerator.java,709,if (value == null) {,0.0,4754,5302
549,S4870,WriterBasedJsonGenerator.java,710,_writeNull();,0.0,4754,5302
549,S4871,WriterBasedJsonGenerator.java,711,} else if (_cfgNumbersAsStrings) {,0.0,4754,5302
549,S4872,WriterBasedJsonGenerator.java,712,_writeQuotedRaw(value);,0.0,4754,5302
549,S4873,WriterBasedJsonGenerator.java,713,} else if (isEnabled(Feature.WRITE_BIGDECIMAL_AS_PLAIN)) {,0.0,4754,5302
549,S4874,WriterBasedJsonGenerator.java,714,writeRaw(value.toPlainString());,0.0,4754,5302
549,S4875,WriterBasedJsonGenerator.java,716,writeRaw(value.toString());,0.0,4754,5302
549,S4876,WriterBasedJsonGenerator.java,724,"_verifyValueWrite(""write number"");",0.0,4754,5302
549,S4877,WriterBasedJsonGenerator.java,725,if (_cfgNumbersAsStrings) {,0.0,4754,5302
549,S4878,WriterBasedJsonGenerator.java,726,_writeQuotedRaw(encodedValue);,0.0,4754,5302
549,S4879,WriterBasedJsonGenerator.java,728,writeRaw(encodedValue);,0.0,4754,5302
549,S4880,WriterBasedJsonGenerator.java,734,if (_outputTail >= _outputEnd) {,0.0,4754,5302
549,S4881,WriterBasedJsonGenerator.java,737,"_outputBuffer[_outputTail++] = '""';",0.0,4754,5302
549,S4882,WriterBasedJsonGenerator.java,738,writeRaw(value.toString());,0.0,4754,5302
549,S4883,WriterBasedJsonGenerator.java,739,if (_outputTail >= _outputEnd) {,0.0,4754,5302
549,S4884,WriterBasedJsonGenerator.java,742,"_outputBuffer[_outputTail++] = '""';",0.0,4754,5302
549,S4885,WriterBasedJsonGenerator.java,749,"_verifyValueWrite(""write boolean value"");",0.0,4754,5302
549,S4886,WriterBasedJsonGenerator.java,750,if ((_outputTail + 5) >= _outputEnd) {,0.0,4754,5302
549,S4887,WriterBasedJsonGenerator.java,753,int ptr = _outputTail;,0.0,4754,5302
549,S4888,WriterBasedJsonGenerator.java,754,char[] buf = _outputBuffer;,0.0,4754,5302
549,S4889,WriterBasedJsonGenerator.java,755,if (state) {,0.0,4754,5302
549,S4890,WriterBasedJsonGenerator.java,756,buf[ptr] = 't';,0.0,4754,5302
549,S4891,WriterBasedJsonGenerator.java,757,buf[++ptr] = 'r';,0.0,4754,5302
549,S4892,WriterBasedJsonGenerator.java,758,buf[++ptr] = 'u';,0.0,4754,5302
549,S4893,WriterBasedJsonGenerator.java,759,buf[++ptr] = 'e';,0.0,4754,5302
549,S4894,WriterBasedJsonGenerator.java,761,buf[ptr] = 'f';,0.0,4754,5302
549,S4895,WriterBasedJsonGenerator.java,762,buf[++ptr] = 'a';,0.0,4754,5302
549,S4896,WriterBasedJsonGenerator.java,763,buf[++ptr] = 'l';,0.0,4754,5302
549,S4897,WriterBasedJsonGenerator.java,764,buf[++ptr] = 's';,0.0,4754,5302
549,S4898,WriterBasedJsonGenerator.java,765,buf[++ptr] = 'e';,0.0,4754,5302
549,S4899,WriterBasedJsonGenerator.java,767,_outputTail = ptr+1;,0.0,4754,5302
549,S4900,WriterBasedJsonGenerator.java,774,"_verifyValueWrite(""write null value"");",0.0,4754,5302
549,S4901,WriterBasedJsonGenerator.java,775,_writeNull();,0.0,4754,5302
549,S4902,WriterBasedJsonGenerator.java,788,int status = _writeContext.writeValue();,0.0,4754,5302
549,S4903,WriterBasedJsonGenerator.java,789,if (status == JsonWriteContext.STATUS_EXPECT_NAME) {,0.0,4754,5302
549,S4904,WriterBasedJsonGenerator.java,792,if (_cfgPrettyPrinter == null) {,0.0,4754,5302
549,S4905,WriterBasedJsonGenerator.java,794,switch (status) {,0.0,4754,5302
549,S4906,WriterBasedJsonGenerator.java,796,"c = ',';",0.0,4754,5302
549,S4907,WriterBasedJsonGenerator.java,797,break;,0.0,4754,5302
549,S4908,WriterBasedJsonGenerator.java,799,c = ':';,0.0,4754,5302
549,S4909,WriterBasedJsonGenerator.java,800,break;,0.0,4754,5302
549,S4910,WriterBasedJsonGenerator.java,802,if (_rootValueSeparator != null) {,0.0,4754,5302
549,S4911,WriterBasedJsonGenerator.java,803,writeRaw(_rootValueSeparator.getValue());,0.0,4754,5302
549,S4912,WriterBasedJsonGenerator.java,805,return;,0.0,4754,5302
549,S4913,WriterBasedJsonGenerator.java,808,return;,0.0,4754,5302
549,S4914,WriterBasedJsonGenerator.java,810,if (_outputTail >= _outputEnd) {,0.0,4754,5302
549,S4915,WriterBasedJsonGenerator.java,813,_outputBuffer[_outputTail] = c;,0.0,4754,5302
549,S4916,WriterBasedJsonGenerator.java,814,++_outputTail;,0.0,4754,5302
549,S4917,WriterBasedJsonGenerator.java,815,return;,0.0,4754,5302
549,S4918,WriterBasedJsonGenerator.java,818,"_verifyPrettyValueWrite(typeMsg, status);",0.0,4754,5302
549,S4919,WriterBasedJsonGenerator.java,825,switch (status) {,0.0,4754,5302
549,S4920,WriterBasedJsonGenerator.java,827,_cfgPrettyPrinter.writeArrayValueSeparator(this);,0.0,4754,5302
549,S4921,WriterBasedJsonGenerator.java,828,break;,0.0,4754,5302
549,S4922,WriterBasedJsonGenerator.java,830,_cfgPrettyPrinter.writeObjectFieldValueSeparator(this);,0.0,4754,5302
549,S4923,WriterBasedJsonGenerator.java,831,break;,0.0,4754,5302
549,S4924,WriterBasedJsonGenerator.java,833,_cfgPrettyPrinter.writeRootValueSeparator(this);,0.0,4754,5302
549,S4925,WriterBasedJsonGenerator.java,834,break;,0.0,4754,5302
549,S4926,WriterBasedJsonGenerator.java,837,if (_writeContext.inArray()) {,0.0,4754,5302
549,S4927,WriterBasedJsonGenerator.java,838,_cfgPrettyPrinter.beforeArrayValues(this);,0.0,4754,5302
549,S4928,WriterBasedJsonGenerator.java,839,} else if (_writeContext.inObject()) {,0.0,4754,5302
549,S4929,WriterBasedJsonGenerator.java,859,_flushBuffer();,0.0,4754,5302
549,S4930,WriterBasedJsonGenerator.java,860,if (_writer != null) {,0.0,4754,5302
549,S4931,WriterBasedJsonGenerator.java,861,if (isEnabled(Feature.FLUSH_PASSED_TO_STREAM)) {,0.0,4754,5302
549,S4932,WriterBasedJsonGenerator.java,862,_writer.flush();,0.0,4754,5302
549,S4933,WriterBasedJsonGenerator.java,871,super.close();,0.0,4754,5302
549,S4934,WriterBasedJsonGenerator.java,877,if (_outputBuffer != null,0.0,4754,5302
549,S4935,WriterBasedJsonGenerator.java,880,JsonStreamContext ctxt = getOutputContext();,0.0,4754,5302
549,S4936,WriterBasedJsonGenerator.java,881,if (ctxt.inArray()) {,0.0,4754,5302
549,S4937,WriterBasedJsonGenerator.java,882,writeEndArray();,0.0,4754,5302
549,S4938,WriterBasedJsonGenerator.java,883,} else if (ctxt.inObject()) {,0.0,4754,5302
549,S4939,WriterBasedJsonGenerator.java,884,writeEndObject();,0.0,4754,5302
549,S4940,WriterBasedJsonGenerator.java,890,_flushBuffer();,0.0,4754,5302
549,S4941,WriterBasedJsonGenerator.java,898,if (_writer != null) {,0.0,4754,5302
549,S4942,WriterBasedJsonGenerator.java,899,if (_ioContext.isResourceManaged() || isEnabled(Feature.AUTO_CLOSE_TARGET)) {,0.0,4754,5302
549,S4943,WriterBasedJsonGenerator.java,900,_writer.close();,0.0,4754,5302
549,S4944,WriterBasedJsonGenerator.java,901,} else  if (isEnabled(Feature.FLUSH_PASSED_TO_STREAM)) {,0.0,4754,5302
549,S4945,WriterBasedJsonGenerator.java,903,_writer.flush();,0.0,4754,5302
549,S4946,WriterBasedJsonGenerator.java,907,_releaseBuffers();,0.0,4754,5302
549,S4947,WriterBasedJsonGenerator.java,913,char[] buf = _outputBuffer;,0.0,4754,5302
549,S4948,WriterBasedJsonGenerator.java,914,if (buf != null) {,0.0,4754,5302
549,S4949,WriterBasedJsonGenerator.java,915,_outputBuffer = null;,0.0,4754,5302
549,S4950,WriterBasedJsonGenerator.java,916,_ioContext.releaseConcatBuffer(buf);,0.0,4754,5302
549,S4951,WriterBasedJsonGenerator.java,934,final int len = text.length();,0.0,4754,5302
549,S4952,WriterBasedJsonGenerator.java,935,if (len > _outputEnd) { // Let's reserve space for entity at begin/end,0.0,4754,5302
549,S4953,WriterBasedJsonGenerator.java,936,_writeLongString(text);,0.0,4754,5302
549,S4954,WriterBasedJsonGenerator.java,937,return;,0.0,4754,5302
549,S4955,WriterBasedJsonGenerator.java,942,if ((_outputTail + len) > _outputEnd) {,0.0,4754,5302
549,S4956,WriterBasedJsonGenerator.java,945,"text.getChars(0, len, _outputBuffer, _outputTail);",0.0,4754,5302
549,S4957,WriterBasedJsonGenerator.java,947,if (_characterEscapes != null) {,0.0,4754,5302
549,S4958,WriterBasedJsonGenerator.java,948,_writeStringCustom(len);,0.0,4754,5302
549,S4959,WriterBasedJsonGenerator.java,949,} else if (_maximumNonEscapedChar != 0) {,0.0,4754,5302
549,S4960,WriterBasedJsonGenerator.java,950,"_writeStringASCII(len, _maximumNonEscapedChar);",0.0,4754,5302
549,S4961,WriterBasedJsonGenerator.java,952,_writeString2(len);,0.0,4754,5302
549,S4962,WriterBasedJsonGenerator.java,960,int end = _outputTail + len;,0.0,4754,5302
549,S4963,WriterBasedJsonGenerator.java,961,final int[] escCodes = _outputEscapes;,0.0,4754,5302
549,S4964,WriterBasedJsonGenerator.java,962,final int escLen = escCodes.length;,0.0,4754,5302
549,S4965,WriterBasedJsonGenerator.java,965,while (_outputTail < end) {,0.0,4754,5302
549,S4966,WriterBasedJsonGenerator.java,969,char c = _outputBuffer[_outputTail];,0.0,4754,5302
549,S4967,WriterBasedJsonGenerator.java,970,if (c < escLen && escCodes[c] != 0) {,0.0,4754,5302
549,S4968,WriterBasedJsonGenerator.java,971,break escape_loop;,0.0,4754,5302
549,S4969,WriterBasedJsonGenerator.java,973,if (++_outputTail >= end) {,0.0,4754,5302
549,S4970,WriterBasedJsonGenerator.java,974,break output_loop;,0.0,4754,5302
549,S4971,WriterBasedJsonGenerator.java,982,int flushLen = (_outputTail - _outputHead);,0.0,4754,5302
549,S4972,WriterBasedJsonGenerator.java,983,if (flushLen > 0) {,0.0,4754,5302
549,S4973,WriterBasedJsonGenerator.java,984,"_writer.write(_outputBuffer, _outputHead, flushLen);",0.0,4754,5302
549,S4974,WriterBasedJsonGenerator.java,989,char c = _outputBuffer[_outputTail++];,0.0,4754,5302
549,S4975,WriterBasedJsonGenerator.java,990,"_prependOrWriteCharacterEscape(c, escCodes[c]);",0.0,4754,5302
549,S4976,WriterBasedJsonGenerator.java,1002,_flushBuffer();,0.0,4754,5302
549,S4977,WriterBasedJsonGenerator.java,1005,final int textLen = text.length();,0.0,4754,5302
549,S4978,WriterBasedJsonGenerator.java,1006,int offset = 0;,0.0,4754,5302
549,S4979,WriterBasedJsonGenerator.java,1008,int max = _outputEnd;,0.0,4754,5302
549,S4980,WriterBasedJsonGenerator.java,1009,int segmentLen = ((offset + max) > textLen),0.0,4754,5302
549,S4981,WriterBasedJsonGenerator.java,1011,"text.getChars(offset, offset+segmentLen, _outputBuffer, 0);",0.0,4754,5302
549,S4982,WriterBasedJsonGenerator.java,1012,if (_characterEscapes != null) {,0.0,4754,5302
549,S4983,WriterBasedJsonGenerator.java,1013,_writeSegmentCustom(segmentLen);,0.0,4754,5302
549,S4984,WriterBasedJsonGenerator.java,1014,} else if (_maximumNonEscapedChar != 0) {,0.0,4754,5302
549,S4985,WriterBasedJsonGenerator.java,1017,_writeSegment(segmentLen);,0.0,4754,5302
549,S4986,WriterBasedJsonGenerator.java,1019,offset += segmentLen;,0.0,4754,5302
549,S4987,WriterBasedJsonGenerator.java,1020,} while (offset < textLen);,0.0,4754,5302
549,S4988,WriterBasedJsonGenerator.java,1035,final int[] escCodes = _outputEscapes;,0.0,4754,5302
549,S4989,WriterBasedJsonGenerator.java,1036,final int escLen = escCodes.length;,0.0,4754,5302
549,S4990,WriterBasedJsonGenerator.java,1038,int ptr = 0;,0.0,4754,5302
549,S4991,WriterBasedJsonGenerator.java,1039,int start = ptr;,0.0,4754,5302
549,S4992,WriterBasedJsonGenerator.java,1042,while (ptr < end) {,0.0,4754,5302
549,S4993,WriterBasedJsonGenerator.java,1046,c = _outputBuffer[ptr];,0.0,4754,5302
549,S4994,WriterBasedJsonGenerator.java,1047,if (c < escLen && escCodes[c] != 0) {,0.0,4754,5302
549,S4995,WriterBasedJsonGenerator.java,1048,break;,0.0,4754,5302
549,S4996,WriterBasedJsonGenerator.java,1050,if (++ptr >= end) {,0.0,4754,5302
549,S4997,WriterBasedJsonGenerator.java,1051,break;,0.0,4754,5302
549,S4998,WriterBasedJsonGenerator.java,1059,int flushLen = (ptr - start);,0.0,4754,5302
549,S4999,WriterBasedJsonGenerator.java,1060,if (flushLen > 0) {,0.0,4754,5302
549,S5000,WriterBasedJsonGenerator.java,1061,"_writer.write(_outputBuffer, start, flushLen);",0.0,4754,5302
549,S5001,WriterBasedJsonGenerator.java,1062,if (ptr >= end) {,0.0,4754,5302
549,S5002,WriterBasedJsonGenerator.java,1063,break output_loop;,0.0,4754,5302
549,S5003,WriterBasedJsonGenerator.java,1066,++ptr;,0.0,4754,5302
549,S5004,WriterBasedJsonGenerator.java,1068,"start = _prependOrWriteCharacterEscape(_outputBuffer, ptr, end, c, escCodes[c]);",0.0,4754,5302
549,S5005,WriterBasedJsonGenerator.java,1079,if (_characterEscapes != null) {,0.0,4754,5302
549,S5006,WriterBasedJsonGenerator.java,1083,if (_maximumNonEscapedChar != 0) {,0.0,4754,5302
549,S5007,WriterBasedJsonGenerator.java,1092,len += offset; // -> len marks the end from now on,0.0,4754,5302
549,S5008,WriterBasedJsonGenerator.java,1093,final int[] escCodes = _outputEscapes;,0.0,4754,5302
549,S5009,WriterBasedJsonGenerator.java,1094,final int escLen = escCodes.length;,0.0,4754,5302
549,S5010,WriterBasedJsonGenerator.java,1095,while (offset < len) {,0.0,4754,5302
549,S5011,WriterBasedJsonGenerator.java,1096,int start = offset;,0.0,4754,5302
549,S5012,WriterBasedJsonGenerator.java,1099,char c = text[offset];,0.0,4754,5302
549,S5013,WriterBasedJsonGenerator.java,1100,if (c < escLen && escCodes[c] != 0) {,0.0,4754,5302
549,S5014,WriterBasedJsonGenerator.java,1101,break;,0.0,4754,5302
549,S5015,WriterBasedJsonGenerator.java,1103,if (++offset >= len) {,0.0,4754,5302
549,S5016,WriterBasedJsonGenerator.java,1104,break;,0.0,4754,5302
549,S5017,WriterBasedJsonGenerator.java,1109,int newAmount = offset - start;,0.0,4754,5302
549,S5018,WriterBasedJsonGenerator.java,1110,if (newAmount < SHORT_WRITE) {,0.0,4754,5302
549,S5019,WriterBasedJsonGenerator.java,1112,if ((_outputTail + newAmount) > _outputEnd) {,0.0,4754,5302
549,S5020,WriterBasedJsonGenerator.java,1115,if (newAmount > 0) {,0.0,4754,5302
549,S5021,WriterBasedJsonGenerator.java,1116,"System.arraycopy(text, start, _outputBuffer, _outputTail, newAmount);",0.0,4754,5302
549,S5022,WriterBasedJsonGenerator.java,1117,_outputTail += newAmount;,0.0,4754,5302
549,S5023,WriterBasedJsonGenerator.java,1120,_flushBuffer();,0.0,4754,5302
549,S5024,WriterBasedJsonGenerator.java,1121,"_writer.write(text, start, newAmount);",0.0,4754,5302
549,S5025,WriterBasedJsonGenerator.java,1124,if (offset >= len) { // yup,0.0,4754,5302
549,S5026,WriterBasedJsonGenerator.java,1125,break;,0.0,4754,5302
549,S5027,WriterBasedJsonGenerator.java,1128,char c = text[offset++];,0.0,4754,5302
549,S5028,WriterBasedJsonGenerator.java,1129,"_appendCharacterEscape(c, escCodes[c]);",0.0,4754,5302
549,S5029,WriterBasedJsonGenerator.java,1147,int end = _outputTail + len;,0.0,4754,5302
549,S5030,WriterBasedJsonGenerator.java,1148,final int[] escCodes = _outputEscapes;,0.0,4754,5302
549,S5031,WriterBasedJsonGenerator.java,1149,"final int escLimit = Math.min(escCodes.length, maxNonEscaped+1);",0.0,4754,5302
549,S5032,WriterBasedJsonGenerator.java,1150,int escCode = 0;,0.0,4754,5302
549,S5033,WriterBasedJsonGenerator.java,1153,while (_outputTail < end) {,0.0,4754,5302
549,S5034,WriterBasedJsonGenerator.java,1158,c = _outputBuffer[_outputTail];,0.0,4754,5302
549,S5035,WriterBasedJsonGenerator.java,1159,if (c < escLimit) {,0.0,4754,5302
549,S5036,WriterBasedJsonGenerator.java,1160,escCode = escCodes[c];,0.0,4754,5302
549,S5037,WriterBasedJsonGenerator.java,1161,if (escCode != 0) {,0.0,4754,5302
549,S5038,WriterBasedJsonGenerator.java,1164,} else if (c > maxNonEscaped) {,0.0,4754,5302
549,S5039,WriterBasedJsonGenerator.java,1165,escCode = CharacterEscapes.ESCAPE_STANDARD;,0.0,4754,5302
549,S5040,WriterBasedJsonGenerator.java,1166,break escape_loop;,0.0,4754,5302
549,S5041,WriterBasedJsonGenerator.java,1168,if (++_outputTail >= end) {,0.0,4754,5302
549,S5042,WriterBasedJsonGenerator.java,1169,break output_loop;,0.0,4754,5302
549,S5043,WriterBasedJsonGenerator.java,1172,int flushLen = (_outputTail - _outputHead);,0.0,4754,5302
549,S5044,WriterBasedJsonGenerator.java,1173,if (flushLen > 0) {,0.0,4754,5302
549,S5045,WriterBasedJsonGenerator.java,1174,"_writer.write(_outputBuffer, _outputHead, flushLen);",0.0,4754,5302
549,S5046,WriterBasedJsonGenerator.java,1176,++_outputTail;,0.0,4754,5302
549,S5047,WriterBasedJsonGenerator.java,1177,"_prependOrWriteCharacterEscape(c, escCode);",0.0,4754,5302
549,S5048,WriterBasedJsonGenerator.java,1291,int end = _outputTail + len;,0.0,4754,5302
549,S5049,WriterBasedJsonGenerator.java,1292,final int[] escCodes = _outputEscapes;,0.0,4754,5302
549,S5050,WriterBasedJsonGenerator.java,1293,final int maxNonEscaped = (_maximumNonEscapedChar < 1) ? 0xFFFF : _maximumNonEscapedChar;,0.0,4754,5302
549,S5051,WriterBasedJsonGenerator.java,1294,"final int escLimit = Math.min(escCodes.length, maxNonEscaped+1);",0.0,4754,5302
549,S5052,WriterBasedJsonGenerator.java,1295,int escCode = 0;,0.0,4754,5302
549,S5053,WriterBasedJsonGenerator.java,1296,final CharacterEscapes customEscapes = _characterEscapes;,0.0,4754,5302
549,S5054,WriterBasedJsonGenerator.java,1299,while (_outputTail < end) {,0.0,4754,5302
549,S5055,WriterBasedJsonGenerator.java,1304,c = _outputBuffer[_outputTail];,0.0,4754,5302
549,S5056,WriterBasedJsonGenerator.java,1305,if (c < escLimit) {,0.0,4754,5302
549,S5057,WriterBasedJsonGenerator.java,1306,escCode = escCodes[c];,0.0,4754,5302
549,S5058,WriterBasedJsonGenerator.java,1307,if (escCode != 0) {,0.0,4754,5302
549,S5059,WriterBasedJsonGenerator.java,1308,break escape_loop;,0.0,4754,5302
549,S5060,WriterBasedJsonGenerator.java,1310,} else if (c > maxNonEscaped) {,0.0,4754,5302
549,S5061,WriterBasedJsonGenerator.java,1314,if ((_currentEscape = customEscapes.getEscapeSequence(c)) != null) {,0.0,4754,5302
549,S5062,WriterBasedJsonGenerator.java,1315,escCode = CharacterEscapes.ESCAPE_CUSTOM;,0.0,4754,5302
549,S5063,WriterBasedJsonGenerator.java,1316,break escape_loop;,0.0,4754,5302
549,S5064,WriterBasedJsonGenerator.java,1319,if (++_outputTail >= end) {,0.0,4754,5302
549,S5065,WriterBasedJsonGenerator.java,1320,break output_loop;,0.0,4754,5302
549,S5066,WriterBasedJsonGenerator.java,1323,int flushLen = (_outputTail - _outputHead);,0.0,4754,5302
549,S5067,WriterBasedJsonGenerator.java,1324,if (flushLen > 0) {,0.0,4754,5302
549,S5068,WriterBasedJsonGenerator.java,1325,"_writer.write(_outputBuffer, _outputHead, flushLen);",0.0,4754,5302
549,S5069,WriterBasedJsonGenerator.java,1327,++_outputTail;,0.0,4754,5302
549,S5070,WriterBasedJsonGenerator.java,1328,"_prependOrWriteCharacterEscape(c, escCode);",0.0,4754,5302
549,S5071,WriterBasedJsonGenerator.java,1335,final int[] escCodes = _outputEscapes;,0.0,4754,5302
549,S5072,WriterBasedJsonGenerator.java,1336,final int maxNonEscaped = (_maximumNonEscapedChar < 1) ? 0xFFFF : _maximumNonEscapedChar;,0.0,4754,5302
549,S5073,WriterBasedJsonGenerator.java,1337,"final int escLimit = Math.min(escCodes.length, maxNonEscaped+1);",0.0,4754,5302
549,S5074,WriterBasedJsonGenerator.java,1338,final CharacterEscapes customEscapes = _characterEscapes;,0.0,4754,5302
549,S5075,WriterBasedJsonGenerator.java,1340,int ptr = 0;,0.0,4754,5302
549,S5076,WriterBasedJsonGenerator.java,1341,int escCode = 0;,0.0,4754,5302
549,S5077,WriterBasedJsonGenerator.java,1342,int start = ptr;,0.0,4754,5302
549,S5078,WriterBasedJsonGenerator.java,1345,while (ptr < end) {,0.0,4754,5302
549,S5079,WriterBasedJsonGenerator.java,1349,c = _outputBuffer[ptr];,0.0,4754,5302
549,S5080,WriterBasedJsonGenerator.java,1350,if (c < escLimit) {,0.0,4754,5302
549,S5081,WriterBasedJsonGenerator.java,1355,} else if (c > maxNonEscaped) {,0.0,4754,5302
549,S5082,WriterBasedJsonGenerator.java,1356,escCode = CharacterEscapes.ESCAPE_STANDARD;,0.0,4754,5302
549,S5083,WriterBasedJsonGenerator.java,1357,break;,0.0,4754,5302
549,S5084,WriterBasedJsonGenerator.java,1368,int flushLen = (ptr - start);,0.0,4754,5302
549,S5085,WriterBasedJsonGenerator.java,1369,if (flushLen > 0) {,0.0,4754,5302
549,S5086,WriterBasedJsonGenerator.java,1370,"_writer.write(_outputBuffer, start, flushLen);",0.0,4754,5302
549,S5087,WriterBasedJsonGenerator.java,1371,if (ptr >= end) {,0.0,4754,5302
549,S5088,WriterBasedJsonGenerator.java,1375,++ptr;,0.0,4754,5302
549,S5089,WriterBasedJsonGenerator.java,1376,"start = _prependOrWriteCharacterEscape(_outputBuffer, ptr, end, c, escCode);",0.0,4754,5302
549,S5090,WriterBasedJsonGenerator.java,1451,int safeInputEnd = inputEnd - 3;,0.0,4754,5302
549,S5091,WriterBasedJsonGenerator.java,1453,int safeOutputEnd = _outputEnd - 6;,0.0,4754,5302
549,S5092,WriterBasedJsonGenerator.java,1454,int chunksBeforeLF = b64variant.getMaxLineLength() >> 2;,0.0,4754,5302
549,S5093,WriterBasedJsonGenerator.java,1457,while (inputPtr <= safeInputEnd) {,0.0,4754,5302
549,S5094,WriterBasedJsonGenerator.java,1458,if (_outputTail > safeOutputEnd) { // need to flush,0.0,4754,5302
549,S5095,WriterBasedJsonGenerator.java,1459,_flushBuffer();,0.0,4754,5302
549,S5096,WriterBasedJsonGenerator.java,1462,int b24 = ((int) input[inputPtr++]) << 8;,0.0,4754,5302
549,S5097,WriterBasedJsonGenerator.java,1463,b24 |= ((int) input[inputPtr++]) & 0xFF;,0.0,4754,5302
549,S5098,WriterBasedJsonGenerator.java,1464,b24 = (b24 << 8) | (((int) input[inputPtr++]) & 0xFF);,0.0,4754,5302
549,S5099,WriterBasedJsonGenerator.java,1465,"_outputTail = b64variant.encodeBase64Chunk(b24, _outputBuffer, _outputTail);",0.0,4754,5302
549,S5100,WriterBasedJsonGenerator.java,1466,if (--chunksBeforeLF <= 0) {,0.0,4754,5302
549,S5101,WriterBasedJsonGenerator.java,1475,"int inputLeft = inputEnd - inputPtr; // 0, 1 or 2",0.0,4754,5302
549,S5102,WriterBasedJsonGenerator.java,1476,"if (inputLeft > 0) { // yes, but do we have room for output?",0.0,4754,5302
549,S5103,WriterBasedJsonGenerator.java,1477,if (_outputTail > safeOutputEnd) { // don't really need 6 bytes but...,0.0,4754,5302
549,S5104,WriterBasedJsonGenerator.java,1480,int b24 = ((int) input[inputPtr++]) << 16;,0.0,4754,5302
549,S5105,WriterBasedJsonGenerator.java,1481,if (inputLeft == 2) {,0.0,4754,5302
549,S5106,WriterBasedJsonGenerator.java,1482,b24 |= (((int) input[inputPtr++]) & 0xFF) << 8;,0.0,4754,5302
549,S5107,WriterBasedJsonGenerator.java,1484,"_outputTail = b64variant.encodeBase64Partial(b24, inputLeft, _outputBuffer, _outputTail);",0.0,4754,5302
549,S5108,WriterBasedJsonGenerator.java,1493,int inputPtr = 0;,0.0,4754,5302
549,S5109,WriterBasedJsonGenerator.java,1494,int inputEnd = 0;,0.0,4754,5302
549,S5110,WriterBasedJsonGenerator.java,1495,int lastFullOffset = -3;,0.0,4754,5302
549,S5111,WriterBasedJsonGenerator.java,1498,int safeOutputEnd = _outputEnd - 6;,0.0,4754,5302
549,S5112,WriterBasedJsonGenerator.java,1499,int chunksBeforeLF = b64variant.getMaxLineLength() >> 2;,0.0,4754,5302
549,S5113,WriterBasedJsonGenerator.java,1501,while (bytesLeft > 2) { // main loop for full triplets,0.0,4754,5302
549,S5114,WriterBasedJsonGenerator.java,1502,if (inputPtr > lastFullOffset) {,0.0,4754,5302
549,S5115,WriterBasedJsonGenerator.java,1503,"inputEnd = _readMore(data, readBuffer, inputPtr, inputEnd, bytesLeft);",0.0,4754,5302
549,S5116,WriterBasedJsonGenerator.java,1504,inputPtr = 0;,0.0,4754,5302
549,S5117,WriterBasedJsonGenerator.java,1505,if (inputEnd < 3) { // required to try to read to have at least 3 bytes,0.0,4754,5302
549,S5118,WriterBasedJsonGenerator.java,1508,lastFullOffset = inputEnd-3;,0.0,4754,5302
549,S5119,WriterBasedJsonGenerator.java,1510,if (_outputTail > safeOutputEnd) { // need to flush,0.0,4754,5302
549,S5120,WriterBasedJsonGenerator.java,1511,_flushBuffer();,0.0,4754,5302
549,S5121,WriterBasedJsonGenerator.java,1513,int b24 = ((int) readBuffer[inputPtr++]) << 8;,0.0,4754,5302
549,S5122,WriterBasedJsonGenerator.java,1514,b24 |= ((int) readBuffer[inputPtr++]) & 0xFF;,0.0,4754,5302
549,S5123,WriterBasedJsonGenerator.java,1515,b24 = (b24 << 8) | (((int) readBuffer[inputPtr++]) & 0xFF);,0.0,4754,5302
549,S5124,WriterBasedJsonGenerator.java,1516,bytesLeft -= 3;,0.0,4754,5302
549,S5125,WriterBasedJsonGenerator.java,1517,"_outputTail = b64variant.encodeBase64Chunk(b24, _outputBuffer, _outputTail);",0.0,4754,5302
549,S5126,WriterBasedJsonGenerator.java,1518,if (--chunksBeforeLF <= 0) {,0.0,4754,5302
549,S5127,WriterBasedJsonGenerator.java,1519,_outputBuffer[_outputTail++] = '\\';,0.0,4754,5302
549,S5128,WriterBasedJsonGenerator.java,1520,_outputBuffer[_outputTail++] = 'n';,0.0,4754,5302
549,S5129,WriterBasedJsonGenerator.java,1521,chunksBeforeLF = b64variant.getMaxLineLength() >> 2;,0.0,4754,5302
549,S5130,WriterBasedJsonGenerator.java,1526,if (bytesLeft > 0) {,0.0,4754,5302
549,S5131,WriterBasedJsonGenerator.java,1527,"inputEnd = _readMore(data, readBuffer, inputPtr, inputEnd, bytesLeft);",0.0,4754,5302
549,S5132,WriterBasedJsonGenerator.java,1528,inputPtr = 0;,0.0,4754,5302
549,S5133,WriterBasedJsonGenerator.java,1529,"if (inputEnd > 0) { // yes, but do we have room for output?",0.0,4754,5302
549,S5134,WriterBasedJsonGenerator.java,1530,if (_outputTail > safeOutputEnd) { // don't really need 6 bytes but...,0.0,4754,5302
549,S5135,WriterBasedJsonGenerator.java,1533,int b24 = ((int) readBuffer[inputPtr++]) << 16;,0.0,4754,5302
549,S5136,WriterBasedJsonGenerator.java,1535,if (inputPtr < inputEnd) {,0.0,4754,5302
549,S5137,WriterBasedJsonGenerator.java,1536,b24 |= (((int) readBuffer[inputPtr]) & 0xFF) << 8;,0.0,4754,5302
549,S5138,WriterBasedJsonGenerator.java,1537,amount = 2;,0.0,4754,5302
549,S5139,WriterBasedJsonGenerator.java,1539,amount = 1;,0.0,4754,5302
549,S5140,WriterBasedJsonGenerator.java,1541,"_outputTail = b64variant.encodeBase64Partial(b24, amount, _outputBuffer, _outputTail);",0.0,4754,5302
549,S5141,WriterBasedJsonGenerator.java,1542,bytesLeft -= amount;,0.0,4754,5302
549,S5142,WriterBasedJsonGenerator.java,1545,return bytesLeft;,0.0,4754,5302
549,S5143,WriterBasedJsonGenerator.java,1553,int inputPtr = 0;,0.0,4754,5302
549,S5144,WriterBasedJsonGenerator.java,1554,int inputEnd = 0;,0.0,4754,5302
549,S5145,WriterBasedJsonGenerator.java,1555,int lastFullOffset = -3;,0.0,4754,5302
549,S5146,WriterBasedJsonGenerator.java,1556,int bytesDone = 0;,0.0,4754,5302
549,S5147,WriterBasedJsonGenerator.java,1559,int safeOutputEnd = _outputEnd - 6;,0.0,4754,5302
549,S5148,WriterBasedJsonGenerator.java,1560,int chunksBeforeLF = b64variant.getMaxLineLength() >> 2;,0.0,4754,5302
549,S5149,WriterBasedJsonGenerator.java,1564,if (inputPtr > lastFullOffset) { // need to load more,0.0,4754,5302
549,S5150,WriterBasedJsonGenerator.java,1565,"inputEnd = _readMore(data, readBuffer, inputPtr, inputEnd, readBuffer.length);",0.0,4754,5302
549,S5151,WriterBasedJsonGenerator.java,1566,inputPtr = 0;,0.0,4754,5302
549,S5152,WriterBasedJsonGenerator.java,1567,if (inputEnd < 3) { // required to try to read to have at least 3 bytes,0.0,4754,5302
549,S5153,WriterBasedJsonGenerator.java,1568,break;,0.0,4754,5302
549,S5154,WriterBasedJsonGenerator.java,1570,lastFullOffset = inputEnd-3;,0.0,4754,5302
549,S5155,WriterBasedJsonGenerator.java,1572,if (_outputTail > safeOutputEnd) { // need to flush,0.0,4754,5302
549,S5156,WriterBasedJsonGenerator.java,1576,int b24 = ((int) readBuffer[inputPtr++]) << 8;,0.0,4754,5302
549,S5157,WriterBasedJsonGenerator.java,1577,b24 |= ((int) readBuffer[inputPtr++]) & 0xFF;,0.0,4754,5302
549,S5158,WriterBasedJsonGenerator.java,1578,b24 = (b24 << 8) | (((int) readBuffer[inputPtr++]) & 0xFF);,0.0,4754,5302
549,S5159,WriterBasedJsonGenerator.java,1579,bytesDone += 3;,0.0,4754,5302
549,S5160,WriterBasedJsonGenerator.java,1580,"_outputTail = b64variant.encodeBase64Chunk(b24, _outputBuffer, _outputTail);",0.0,4754,5302
549,S5161,WriterBasedJsonGenerator.java,1581,if (--chunksBeforeLF <= 0) {,0.0,4754,5302
549,S5162,WriterBasedJsonGenerator.java,1582,_outputBuffer[_outputTail++] = '\\';,0.0,4754,5302
549,S5163,WriterBasedJsonGenerator.java,1583,_outputBuffer[_outputTail++] = 'n';,0.0,4754,5302
549,S5164,WriterBasedJsonGenerator.java,1584,chunksBeforeLF = b64variant.getMaxLineLength() >> 2;,0.0,4754,5302
549,S5165,WriterBasedJsonGenerator.java,1589,"if (inputPtr < inputEnd) { // yes, but do we have room for output?",0.0,4754,5302
549,S5166,WriterBasedJsonGenerator.java,1590,if (_outputTail > safeOutputEnd) { // don't really need 6 bytes but...,0.0,4754,5302
549,S5167,WriterBasedJsonGenerator.java,1593,int b24 = ((int) readBuffer[inputPtr++]) << 16;,0.0,4754,5302
549,S5168,WriterBasedJsonGenerator.java,1594,int amount = 1;,0.0,4754,5302
549,S5169,WriterBasedJsonGenerator.java,1595,if (inputPtr < inputEnd) {,0.0,4754,5302
549,S5170,WriterBasedJsonGenerator.java,1596,b24 |= (((int) readBuffer[inputPtr]) & 0xFF) << 8;,0.0,4754,5302
549,S5171,WriterBasedJsonGenerator.java,1597,amount = 2;,0.0,4754,5302
549,S5172,WriterBasedJsonGenerator.java,1599,bytesDone += amount;,0.0,4754,5302
549,S5173,WriterBasedJsonGenerator.java,1600,"_outputTail = b64variant.encodeBase64Partial(b24, amount, _outputBuffer, _outputTail);",0.0,4754,5302
549,S5174,WriterBasedJsonGenerator.java,1602,return bytesDone;,0.0,4754,5302
549,S5175,WriterBasedJsonGenerator.java,1610,int i = 0;,0.0,4754,5302
549,S5176,WriterBasedJsonGenerator.java,1611,while (inputPtr < inputEnd) {,0.0,4754,5302
549,S5177,WriterBasedJsonGenerator.java,1612,readBuffer[i++]  = readBuffer[inputPtr++];,0.0,4754,5302
549,S5178,WriterBasedJsonGenerator.java,1614,inputPtr = 0;,0.0,4754,5302
549,S5179,WriterBasedJsonGenerator.java,1615,inputEnd = i;,0.0,4754,5302
549,S5180,WriterBasedJsonGenerator.java,1616,"maxRead = Math.min(maxRead, readBuffer.length);",0.0,4754,5302
549,S5181,WriterBasedJsonGenerator.java,1619,int length = maxRead - inputEnd;,0.0,4754,5302
549,S5182,WriterBasedJsonGenerator.java,1620,if (length == 0) {,0.0,4754,5302
549,S5183,WriterBasedJsonGenerator.java,1621,break;,0.0,4754,5302
549,S5184,WriterBasedJsonGenerator.java,1623,"int count = in.read(readBuffer, inputEnd, length);",0.0,4754,5302
549,S5185,WriterBasedJsonGenerator.java,1624,if (count < 0) {,0.0,4754,5302
549,S5186,WriterBasedJsonGenerator.java,1625,return inputEnd;,0.0,4754,5302
549,S5187,WriterBasedJsonGenerator.java,1627,inputEnd += count;,0.0,4754,5302
549,S5188,WriterBasedJsonGenerator.java,1628,} while (inputEnd < 3);,0.0,4754,5302
549,S5189,WriterBasedJsonGenerator.java,1629,return inputEnd;,0.0,4754,5302
549,S5190,WriterBasedJsonGenerator.java,1640,if ((_outputTail + 4) >= _outputEnd) {,0.0,4754,5302
549,S5191,WriterBasedJsonGenerator.java,1643,int ptr = _outputTail;,0.0,4754,5302
549,S5192,WriterBasedJsonGenerator.java,1644,char[] buf = _outputBuffer;,0.0,4754,5302
549,S5193,WriterBasedJsonGenerator.java,1645,buf[ptr] = 'n';,0.0,4754,5302
549,S5194,WriterBasedJsonGenerator.java,1646,buf[++ptr] = 'u';,0.0,4754,5302
549,S5195,WriterBasedJsonGenerator.java,1647,buf[++ptr] = 'l';,0.0,4754,5302
549,S5196,WriterBasedJsonGenerator.java,1648,buf[++ptr] = 'l';,0.0,4754,5302
549,S5197,WriterBasedJsonGenerator.java,1649,_outputTail = ptr+1;,0.0,4754,5302
549,S5198,WriterBasedJsonGenerator.java,1666,if (escCode >= 0) { // \\N (2 char),0.0,4754,5302
549,S5199,WriterBasedJsonGenerator.java,1667,"if (_outputTail >= 2) { // fits, just prepend",0.0,4754,5302
549,S5200,WriterBasedJsonGenerator.java,1668,int ptr = _outputTail - 2;,0.0,4754,5302
549,S5201,WriterBasedJsonGenerator.java,1669,_outputHead = ptr;,0.0,4754,5302
549,S5202,WriterBasedJsonGenerator.java,1670,_outputBuffer[ptr++] = '\\';,0.0,4754,5302
549,S5203,WriterBasedJsonGenerator.java,1671,_outputBuffer[ptr] = (char) escCode;,0.0,4754,5302
549,S5204,WriterBasedJsonGenerator.java,1672,return;,0.0,4754,5302
549,S5205,WriterBasedJsonGenerator.java,1684,"if (escCode != CharacterEscapes.ESCAPE_CUSTOM) { // std, \\uXXXX",0.0,4754,5302
549,S5206,WriterBasedJsonGenerator.java,1685,"if (_outputTail >= 6) { // fits, prepend to buffer",0.0,4754,5302
549,S5207,WriterBasedJsonGenerator.java,1686,char[] buf = _outputBuffer;,0.0,4754,5302
549,S5208,WriterBasedJsonGenerator.java,1687,int ptr = _outputTail - 6;,0.0,4754,5302
549,S5209,WriterBasedJsonGenerator.java,1688,_outputHead = ptr;,0.0,4754,5302
549,S5210,WriterBasedJsonGenerator.java,1689,buf[ptr] = '\\';,0.0,4754,5302
549,S5211,WriterBasedJsonGenerator.java,1690,buf[++ptr] = 'u';,0.0,4754,5302
549,S5212,WriterBasedJsonGenerator.java,1692,if (ch > 0xFF) { // beyond 8 bytes,0.0,4754,5302
549,S5213,WriterBasedJsonGenerator.java,1693,int hi = (ch >> 8) & 0xFF;,0.0,4754,5302
549,S5214,WriterBasedJsonGenerator.java,1694,buf[++ptr] = HEX_CHARS[hi >> 4];,0.0,4754,5302
549,S5215,WriterBasedJsonGenerator.java,1695,buf[++ptr] = HEX_CHARS[hi & 0xF];,0.0,4754,5302
549,S5216,WriterBasedJsonGenerator.java,1696,ch &= 0xFF;,0.0,4754,5302
549,S5217,WriterBasedJsonGenerator.java,1697,} else {,0.0,4754,5302
549,S5218,WriterBasedJsonGenerator.java,1698,buf[++ptr] = '0';,0.0,4754,5302
549,S5219,WriterBasedJsonGenerator.java,1699,buf[++ptr] = '0';,0.0,4754,5302
549,S5220,WriterBasedJsonGenerator.java,1701,buf[++ptr] = HEX_CHARS[ch >> 4];,0.0,4754,5302
549,S5221,WriterBasedJsonGenerator.java,1702,buf[++ptr] = HEX_CHARS[ch & 0xF];,0.0,4754,5302
549,S5222,WriterBasedJsonGenerator.java,1703,return;,0.0,4754,5302
549,S5223,WriterBasedJsonGenerator.java,1706,char[] buf = _entityBuffer;,0.0,4754,5302
549,S5224,WriterBasedJsonGenerator.java,1707,if (buf == null) {,0.0,4754,5302
549,S5225,WriterBasedJsonGenerator.java,1708,buf = _allocateEntityBuffer();,0.0,4754,5302
549,S5226,WriterBasedJsonGenerator.java,1710,_outputHead = _outputTail;,0.0,4754,5302
549,S5227,WriterBasedJsonGenerator.java,1711,if (ch > 0xFF) { // beyond 8 bytes,0.0,4754,5302
549,S5228,WriterBasedJsonGenerator.java,1720,buf[6] = HEX_CHARS[ch >> 4];,0.0,4754,5302
549,S5229,WriterBasedJsonGenerator.java,1721,buf[7] = HEX_CHARS[ch & 0xF];,0.0,4754,5302
549,S5230,WriterBasedJsonGenerator.java,1722,"_writer.write(buf, 2, 6);",0.0,4754,5302
549,S5231,WriterBasedJsonGenerator.java,1724,return;,0.0,4754,5302
549,S5232,WriterBasedJsonGenerator.java,1728,if (_currentEscape == null) {,0.0,4754,5302
549,S5233,WriterBasedJsonGenerator.java,1729,escape = _characterEscapes.getEscapeSequence(ch).getValue();,0.0,4754,5302
549,S5234,WriterBasedJsonGenerator.java,1731,escape = _currentEscape.getValue();,0.0,4754,5302
549,S5235,WriterBasedJsonGenerator.java,1732,_currentEscape = null;,0.0,4754,5302
549,S5236,WriterBasedJsonGenerator.java,1734,int len = escape.length();,0.0,4754,5302
549,S5237,WriterBasedJsonGenerator.java,1735,"if (_outputTail >= len) { // fits in, prepend",0.0,4754,5302
549,S5238,WriterBasedJsonGenerator.java,1736,int ptr = _outputTail - len;,0.0,4754,5302
549,S5239,WriterBasedJsonGenerator.java,1737,_outputHead = ptr;,0.0,4754,5302
549,S5240,WriterBasedJsonGenerator.java,1738,"escape.getChars(0, len, _outputBuffer, ptr);",0.0,4754,5302
549,S5241,WriterBasedJsonGenerator.java,1739,return;,0.0,4754,5302
549,S5242,WriterBasedJsonGenerator.java,1757,if (escCode >= 0) { // \\N (2 char),0.0,4754,5302
549,S5243,WriterBasedJsonGenerator.java,1758,"if (ptr > 1 && ptr < end) { // fits, just prepend",0.0,4754,5302
549,S5244,WriterBasedJsonGenerator.java,1759,ptr -= 2;,0.0,4754,5302
549,S5245,WriterBasedJsonGenerator.java,1760,buffer[ptr] = '\\';,0.0,4754,5302
549,S5246,WriterBasedJsonGenerator.java,1761,buffer[ptr+1] = (char) escCode;,0.0,4754,5302
549,S5247,WriterBasedJsonGenerator.java,1763,char[] ent = _entityBuffer;,0.0,4754,5302
549,S5248,WriterBasedJsonGenerator.java,1764,if (ent == null) {,0.0,4754,5302
549,S5249,WriterBasedJsonGenerator.java,1765,ent = _allocateEntityBuffer();,0.0,4754,5302
549,S5250,WriterBasedJsonGenerator.java,1767,ent[1] = (char) escCode;,0.0,4754,5302
549,S5251,WriterBasedJsonGenerator.java,1768,"_writer.write(ent, 0, 2);",0.0,4754,5302
549,S5252,WriterBasedJsonGenerator.java,1770,return ptr;,0.0,4754,5302
549,S5253,WriterBasedJsonGenerator.java,1772,"if (escCode != CharacterEscapes.ESCAPE_CUSTOM) { // std, \\uXXXX",0.0,4754,5302
549,S5254,WriterBasedJsonGenerator.java,1773,"if (ptr > 5 && ptr < end) { // fits, prepend to buffer",0.0,4754,5302
549,S5255,WriterBasedJsonGenerator.java,1774,ptr -= 6;,0.0,4754,5302
549,S5256,WriterBasedJsonGenerator.java,1775,buffer[ptr++] = '\\';,0.0,4754,5302
549,S5257,WriterBasedJsonGenerator.java,1776,buffer[ptr++] = 'u';,0.0,4754,5302
549,S5258,WriterBasedJsonGenerator.java,1778,if (ch > 0xFF) { // beyond 8 bytes,0.0,4754,5302
549,S5259,WriterBasedJsonGenerator.java,1779,int hi = (ch >> 8) & 0xFF;,0.0,4754,5302
549,S5260,WriterBasedJsonGenerator.java,1780,buffer[ptr++] = HEX_CHARS[hi >> 4];,0.0,4754,5302
549,S5261,WriterBasedJsonGenerator.java,1781,buffer[ptr++] = HEX_CHARS[hi & 0xF];,0.0,4754,5302
549,S5262,WriterBasedJsonGenerator.java,1782,ch &= 0xFF;,0.0,4754,5302
549,S5263,WriterBasedJsonGenerator.java,1783,} else {,0.0,4754,5302
549,S5264,WriterBasedJsonGenerator.java,1784,buffer[ptr++] = '0';,0.0,4754,5302
549,S5265,WriterBasedJsonGenerator.java,1785,buffer[ptr++] = '0';,0.0,4754,5302
549,S5266,WriterBasedJsonGenerator.java,1787,buffer[ptr++] = HEX_CHARS[ch >> 4];,0.0,4754,5302
549,S5267,WriterBasedJsonGenerator.java,1788,buffer[ptr] = HEX_CHARS[ch & 0xF];,0.0,4754,5302
549,S5268,WriterBasedJsonGenerator.java,1789,ptr -= 5;,0.0,4754,5302
549,S5269,WriterBasedJsonGenerator.java,1792,char[] ent = _entityBuffer;,0.0,4754,5302
549,S5270,WriterBasedJsonGenerator.java,1793,if (ent == null) {,0.0,4754,5302
549,S5271,WriterBasedJsonGenerator.java,1794,ent = _allocateEntityBuffer();,0.0,4754,5302
549,S5272,WriterBasedJsonGenerator.java,1796,_outputHead = _outputTail;,0.0,4754,5302
549,S5273,WriterBasedJsonGenerator.java,1797,if (ch > 0xFF) { // beyond 8 bytes,0.0,4754,5302
549,S5274,WriterBasedJsonGenerator.java,1798,int hi = (ch >> 8) & 0xFF;,0.0,4754,5302
549,S5275,WriterBasedJsonGenerator.java,1799,int lo = ch & 0xFF;,0.0,4754,5302
549,S5276,WriterBasedJsonGenerator.java,1800,ent[10] = HEX_CHARS[hi >> 4];,0.0,4754,5302
549,S5277,WriterBasedJsonGenerator.java,1801,ent[11] = HEX_CHARS[hi & 0xF];,0.0,4754,5302
549,S5278,WriterBasedJsonGenerator.java,1802,ent[12] = HEX_CHARS[lo >> 4];,0.0,4754,5302
549,S5279,WriterBasedJsonGenerator.java,1803,ent[13] = HEX_CHARS[lo & 0xF];,0.0,4754,5302
549,S5280,WriterBasedJsonGenerator.java,1804,"_writer.write(ent, 8, 6);",0.0,4754,5302
549,S5281,WriterBasedJsonGenerator.java,1805,"} else { // We know it's a control char, so only the last 2 chars are non-0",0.0,4754,5302
549,S5282,WriterBasedJsonGenerator.java,1811,return ptr;,0.0,4754,5302
549,S5283,WriterBasedJsonGenerator.java,1837,if (escCode >= 0) { // \\N (2 char),0.0,4754,5302
549,S5284,WriterBasedJsonGenerator.java,1838,if ((_outputTail + 2) > _outputEnd) {,0.0,4754,5302
549,S5285,WriterBasedJsonGenerator.java,1841,_outputBuffer[_outputTail++] = '\\';,0.0,4754,5302
549,S5286,WriterBasedJsonGenerator.java,1842,_outputBuffer[_outputTail++] = (char) escCode;,0.0,4754,5302
549,S5287,WriterBasedJsonGenerator.java,1843,return;,0.0,4754,5302
549,S5288,WriterBasedJsonGenerator.java,1889,char[] buf = new char[14];,0.0,4754,5302
549,S5289,WriterBasedJsonGenerator.java,1891,buf[0] = '\\';,0.0,4754,5302
549,S5290,WriterBasedJsonGenerator.java,1893,buf[2] = '\\';,0.0,4754,5302
549,S5291,WriterBasedJsonGenerator.java,1894,buf[3] = 'u';,0.0,4754,5302
549,S5292,WriterBasedJsonGenerator.java,1895,buf[4] = '0';,0.0,4754,5302
549,S5293,WriterBasedJsonGenerator.java,1896,buf[5] = '0';,0.0,4754,5302
549,S5294,WriterBasedJsonGenerator.java,1898,buf[8] = '\\';,0.0,4754,5302
549,S5295,WriterBasedJsonGenerator.java,1899,buf[9] = 'u';,0.0,4754,5302
549,S5296,WriterBasedJsonGenerator.java,1900,_entityBuffer = buf;,0.0,4754,5302
549,S5297,WriterBasedJsonGenerator.java,1901,return buf;,0.0,4754,5302
549,S5298,WriterBasedJsonGenerator.java,1906,int len = _outputTail - _outputHead;,0.0,4754,5302
549,S5299,WriterBasedJsonGenerator.java,1907,if (len > 0) {,0.0,4754,5302
549,S5300,WriterBasedJsonGenerator.java,1908,int offset = _outputHead;,0.0,4754,5302
549,S5301,WriterBasedJsonGenerator.java,1909,_outputTail = _outputHead = 0;,0.0,4754,5302
549,S5302,WriterBasedJsonGenerator.java,1910,"_writer.write(_outputBuffer, offset, len);",0.0,4754,5302
