statement_id,file,line,code
S1,AbstractUnicodeExtraField.java,36,protected AbstractUnicodeExtraField() {
S2,ArArchiveEntry.java,85,"this(name, length, 0, 0, DEFAULT_MODE,"
S3,ArArchiveEntry.java,100,"int mode, long lastModified) {"
S4,ArArchiveEntry.java,101,this.name = name;
S5,ArArchiveEntry.java,102,this.length = length;
S6,ArArchiveEntry.java,103,this.userId = userId;
S7,ArArchiveEntry.java,104,this.groupId = groupId;
S8,ArArchiveEntry.java,105,this.mode = mode;
S9,ArArchiveEntry.java,106,this.lastModified = lastModified;
S10,ArArchiveEntry.java,114,"this(entryName, inputFile.isFile() ? inputFile.length() : 0,"
S11,ArArchiveEntry.java,120,return this.getLength();
S12,ArArchiveEntry.java,125,return name;
S13,ArArchiveEntry.java,129,return userId;
S14,ArArchiveEntry.java,133,return groupId;
S15,ArArchiveEntry.java,137,return mode;
S16,ArArchiveEntry.java,144,return lastModified;
S17,ArArchiveEntry.java,153,return length;
S18,ArArchiveEntry.java,158,return false;
S19,ArArchiveInputStream.java,38,private long offset = 0;
S20,ArArchiveInputStream.java,45,private ArArchiveEntry currentEntry = null;
S21,ArArchiveInputStream.java,48,private byte[] namebuffer = null;
S22,ArArchiveInputStream.java,54,private long entryOffset = -1;
S23,ArArchiveInputStream.java,62,public ArArchiveInputStream(final InputStream pInput) {
S24,ArArchiveInputStream.java,63,input = pInput;
S25,ArArchiveInputStream.java,64,closed = false;
S26,ArArchiveInputStream.java,75,if (currentEntry != null) {
S27,ArArchiveInputStream.java,76,final long entryEnd = entryOffset + currentEntry.getLength();
S28,ArArchiveInputStream.java,77,while (offset < entryEnd) {
S29,ArArchiveInputStream.java,78,int x = read();
S30,ArArchiveInputStream.java,79,if (x == -1) {
S31,ArArchiveInputStream.java,85,currentEntry = null;
S32,ArArchiveInputStream.java,88,if (offset == 0) {
S33,ArArchiveInputStream.java,89,final byte[] expected = ArchiveUtils.toAsciiBytes(ArArchiveEntry.HEADER);
S34,ArArchiveInputStream.java,90,final byte[] realized = new byte[expected.length];
S35,ArArchiveInputStream.java,91,final int read = read(realized);
S36,ArArchiveInputStream.java,92,if (read != expected.length) {
S37,ArArchiveInputStream.java,95,for (int i = 0; i < expected.length; i++) {
S38,ArArchiveInputStream.java,96,if (expected[i] != realized[i]) {
S39,ArArchiveInputStream.java,102,if (offset % 2 != 0 && read() < 0) {
S40,ArArchiveInputStream.java,107,if (input.available() == 0) {
S41,ArArchiveInputStream.java,108,return null;
S42,ArArchiveInputStream.java,111,final byte[] name = new byte[16];
S43,ArArchiveInputStream.java,112,final byte[] lastmodified = new byte[12];
S44,ArArchiveInputStream.java,113,final byte[] userid = new byte[6];
S45,ArArchiveInputStream.java,114,final byte[] groupid = new byte[6];
S46,ArArchiveInputStream.java,115,final byte[] filemode = new byte[8];
S47,ArArchiveInputStream.java,116,final byte[] length = new byte[10];
S48,ArArchiveInputStream.java,118,read(name);
S49,ArArchiveInputStream.java,119,read(lastmodified);
S50,ArArchiveInputStream.java,120,read(userid);
S51,ArArchiveInputStream.java,121,read(groupid);
S52,ArArchiveInputStream.java,122,read(filemode);
S53,ArArchiveInputStream.java,123,read(length);
S54,ArArchiveInputStream.java,126,final byte[] expected = ArchiveUtils.toAsciiBytes(ArArchiveEntry.TRAILER);
S55,ArArchiveInputStream.java,127,final byte[] realized = new byte[expected.length];
S56,ArArchiveInputStream.java,128,final int read = read(realized);
S57,ArArchiveInputStream.java,129,if (read != expected.length) {
S58,ArArchiveInputStream.java,132,for (int i = 0; i < expected.length; i++) {
S59,ArArchiveInputStream.java,133,if (expected[i] != realized[i]) {
S60,ArArchiveInputStream.java,139,entryOffset = offset;
S61,ArArchiveInputStream.java,144,String temp = ArchiveUtils.toAsciiString(name).trim();
S62,ArArchiveInputStream.java,145,long len = asLong(length);
S63,ArArchiveInputStream.java,147,if (isGNUStringTable(temp)) { // GNU extended filenames entry
S64,ArArchiveInputStream.java,150,"} else if (temp.endsWith(""/"")) { // GNU terminator"
S65,ArArchiveInputStream.java,152,} else if (isGNULongName(temp)) {
S66,ArArchiveInputStream.java,165,"currentEntry = new ArArchiveEntry(temp, len, asInt(userid, true),"
S67,ArArchiveInputStream.java,168,return currentEntry;
S68,ArArchiveInputStream.java,193,return Long.parseLong(ArchiveUtils.toAsciiString(input).trim());
S69,ArArchiveInputStream.java,201,"return asInt(input, 10, treatBlankAsZero);"
S70,ArArchiveInputStream.java,205,"return asInt(input, base, false);"
S71,ArArchiveInputStream.java,209,String string = ArchiveUtils.toAsciiString(input).trim();
S72,ArArchiveInputStream.java,210,if (string.length() == 0 && treatBlankAsZero) {
S73,ArArchiveInputStream.java,213,"return Integer.parseInt(string, base);"
S74,ArArchiveInputStream.java,224,return getNextArEntry();
S75,ArArchiveInputStream.java,234,if (!closed) {
S76,ArArchiveInputStream.java,235,closed = true;
S77,ArArchiveInputStream.java,236,input.close();
S78,ArArchiveInputStream.java,238,currentEntry = null;
S79,ArArchiveInputStream.java,248,int toRead = len;
S80,ArArchiveInputStream.java,249,if (currentEntry != null) {
S81,ArArchiveInputStream.java,250,final long entryEnd = entryOffset + currentEntry.getLength();
S82,ArArchiveInputStream.java,251,if (len > 0 && entryEnd > offset) {
S83,ArArchiveInputStream.java,252,"toRead = (int) Math.min(len, entryEnd - offset);"
S84,ArArchiveInputStream.java,254,return -1;
S85,ArArchiveInputStream.java,257,"final int ret = this.input.read(b, off, toRead);"
S86,ArArchiveInputStream.java,258,count(ret);
S87,ArArchiveInputStream.java,259,offset += (ret > 0 ? ret : 0);
S88,ArArchiveInputStream.java,260,return ret;
S89,ArArchiveInputStream.java,276,if (length < 8) {
S90,ArArchiveInputStream.java,279,if (signature[0] != 0x21) {
S91,ArArchiveInputStream.java,280,return false;
S92,ArArchiveInputStream.java,282,if (signature[1] != 0x3c) {
S93,ArArchiveInputStream.java,285,if (signature[2] != 0x61) {
S94,ArArchiveInputStream.java,288,if (signature[3] != 0x72) {
S95,ArArchiveInputStream.java,291,if (signature[4] != 0x63) {
S96,ArArchiveInputStream.java,294,if (signature[5] != 0x68) {
S97,ArArchiveInputStream.java,297,if (signature[6] != 0x3e) {
S98,ArArchiveInputStream.java,300,if (signature[7] != 0x0a) {
S99,ArArchiveInputStream.java,304,return true;
S100,ArArchiveInputStream.java,308,private static final int BSD_LONGNAME_PREFIX_LEN =
S101,ArArchiveInputStream.java,336,return name != null && name.matches(BSD_LONGNAME_PATTERN);
S102,ArArchiveInputStream.java,385,return GNU_STRING_TABLE_NAME.equals(name);
S103,ArArchiveInputStream.java,413,return name != null && name.matches(GNU_LONGNAME_PATTERN);
S104,ArArchiveOutputStream.java,42,private long entryOffset = 0;
S105,ArArchiveOutputStream.java,44,private boolean haveUnclosedEntry = false;
S106,ArArchiveOutputStream.java,45,private int longFileMode = LONGFILE_ERROR;
S107,ArArchiveOutputStream.java,48,private boolean finished = false;
S108,ArArchiveOutputStream.java,50,public ArArchiveOutputStream( final OutputStream pOut ) {
S109,ArArchiveOutputStream.java,51,this.out = pOut;
S110,ArArchiveOutputStream.java,67,byte [] header = ArchiveUtils.toAsciiBytes(ArArchiveEntry.HEADER);
S111,ArArchiveOutputStream.java,68,out.write(header);
S112,ArArchiveOutputStream.java,69,return header.length;
S113,ArArchiveOutputStream.java,75,if(finished) {
S114,ArArchiveOutputStream.java,78,if (prevEntry == null || !haveUnclosedEntry){
S115,ArArchiveOutputStream.java,79,"throw new IOException(""No current entry to close"");"
S116,ArArchiveOutputStream.java,81,if ((entryOffset % 2) != 0) {
S117,ArArchiveOutputStream.java,82,out.write('\n'); // Pad byte
S118,ArArchiveOutputStream.java,84,haveUnclosedEntry = false;
S119,ArArchiveOutputStream.java,90,if(finished) {
S120,ArArchiveOutputStream.java,94,ArArchiveEntry pArEntry = (ArArchiveEntry)pEntry;
S121,ArArchiveOutputStream.java,95,if (prevEntry == null) {
S122,ArArchiveOutputStream.java,96,writeArchiveHeader();
S123,ArArchiveOutputStream.java,98,if (prevEntry.getLength() != entryOffset) {
S124,ArArchiveOutputStream.java,102,if (haveUnclosedEntry) {
S125,ArArchiveOutputStream.java,107,prevEntry = pArEntry;
S126,ArArchiveOutputStream.java,109,writeEntryHeader(pArEntry);
S127,ArArchiveOutputStream.java,111,entryOffset = 0;
S128,ArArchiveOutputStream.java,112,haveUnclosedEntry = true;
S129,ArArchiveOutputStream.java,116,final long diff = pNewOffset - pOffset;
S130,ArArchiveOutputStream.java,118,if (diff > 0) {
S131,ArArchiveOutputStream.java,119,for (int i = 0; i < diff; i++) {
S132,ArArchiveOutputStream.java,120,write(pFill);
S133,ArArchiveOutputStream.java,124,return pNewOffset;
S134,ArArchiveOutputStream.java,128,"final byte[] bytes = data.getBytes(""ascii"");"
S135,ArArchiveOutputStream.java,129,write(bytes);
S136,ArArchiveOutputStream.java,130,return bytes.length;
S137,ArArchiveOutputStream.java,135,long offset = 0;
S138,ArArchiveOutputStream.java,136,boolean mustAppendName = false;
S139,ArArchiveOutputStream.java,138,final String n = pEntry.getName();
S140,ArArchiveOutputStream.java,139,if (LONGFILE_ERROR == longFileMode && n.length() > 16) {
S141,ArArchiveOutputStream.java,142,if (LONGFILE_BSD == longFileMode &&
S142,ArArchiveOutputStream.java,148,offset += write(n);
S143,ArArchiveOutputStream.java,151,"offset = fill(offset, 16, ' ');"
S144,ArArchiveOutputStream.java,152,"final String m = """" + (pEntry.getLastModified());"
S145,ArArchiveOutputStream.java,153,if (m.length() > 12) {
S146,ArArchiveOutputStream.java,156,offset += write(m);
S147,ArArchiveOutputStream.java,158,"offset = fill(offset, 28, ' ');"
S148,ArArchiveOutputStream.java,159,"final String u = """" + pEntry.getUserId();"
S149,ArArchiveOutputStream.java,160,if (u.length() > 6) {
S150,ArArchiveOutputStream.java,163,offset += write(u);
S151,ArArchiveOutputStream.java,165,"offset = fill(offset, 34, ' ');"
S152,ArArchiveOutputStream.java,166,"final String g = """" + pEntry.getGroupId();"
S153,ArArchiveOutputStream.java,167,if (g.length() > 6) {
S154,ArArchiveOutputStream.java,170,offset += write(g);
S155,ArArchiveOutputStream.java,172,"offset = fill(offset, 40, ' ');"
S156,ArArchiveOutputStream.java,173,"final String fm = """" + Integer.toString(pEntry.getMode(), 8);"
S157,ArArchiveOutputStream.java,174,if (fm.length() > 8) {
S158,ArArchiveOutputStream.java,177,offset += write(fm);
S159,ArArchiveOutputStream.java,179,"offset = fill(offset, 48, ' ');"
S160,ArArchiveOutputStream.java,180,final String s =
S161,ArArchiveOutputStream.java,183,if (s.length() > 10) {
S162,ArArchiveOutputStream.java,186,offset += write(s);
S163,ArArchiveOutputStream.java,188,"offset = fill(offset, 58, ' ');"
S164,ArArchiveOutputStream.java,190,offset += write(ArArchiveEntry.TRAILER);
S165,ArArchiveOutputStream.java,192,if (mustAppendName) {
S166,ArArchiveOutputStream.java,196,return offset;
S167,ArArchiveOutputStream.java,201,"out.write(b, off, len);"
S168,ArArchiveOutputStream.java,202,count(len);
S169,ArArchiveOutputStream.java,203,entryOffset += len;
S170,ArArchiveOutputStream.java,211,if(!finished) {
S171,ArArchiveOutputStream.java,212,finish();
S172,ArArchiveOutputStream.java,214,out.close();
S173,ArArchiveOutputStream.java,215,prevEntry = null;
S174,ArArchiveOutputStream.java,222,if(finished) {
S175,ArArchiveOutputStream.java,225,"return new ArArchiveEntry(inputFile, entryName);"
S176,ArArchiveOutputStream.java,231,if(haveUnclosedEntry) {
S177,ArArchiveOutputStream.java,232,"throw new IOException(""This archive contains unclosed entries."");"
S178,ArArchiveOutputStream.java,233,} else if(finished) {
S179,ArArchiveOutputStream.java,234,"throw new IOException(""This archive has already been finished"");"
S180,ArArchiveOutputStream.java,236,finished = true;
S181,ArchiveException.java,37,super(message);
S182,ArchiveInputStream.java,40,public abstract class ArchiveInputStream extends InputStream {
S183,ArchiveInputStream.java,42,private byte[] SINGLE = new byte[1];
S184,ArchiveInputStream.java,46,private long bytesRead = 0;
S185,ArchiveInputStream.java,81,"int num = read(SINGLE, 0, 1);"
S186,ArchiveInputStream.java,82,return num == -1 ? -1 : SINGLE[0] & BYTE_MASK;
S187,ArchiveInputStream.java,92,count((long) read);
S188,ArchiveInputStream.java,103,if (read != -1) {
S189,ArchiveInputStream.java,104,bytesRead = bytesRead + read;
S190,ArchiveInputStream.java,115,bytesRead -= pushedBack;
S191,ArchiveOutputStream.java,49,public abstract class ArchiveOutputStream extends OutputStream {
S192,ArchiveOutputStream.java,52,private final byte[] oneByte = new byte[1];
S193,ArchiveOutputStream.java,56,private long bytesWritten = 0;
S194,ArchiveOutputStream.java,112,oneByte[0] = (byte) (b & BYTE_MASK);
S195,ArchiveOutputStream.java,113,"write(oneByte, 0, 1);"
S196,ArchiveOutputStream.java,123,count((long) written);
S197,ArchiveOutputStream.java,134,if (written != -1) {
S198,ArchiveOutputStream.java,135,bytesWritten = bytesWritten + written;
S199,ArchiveOutputStream.java,156,return bytesWritten;
S200,ArchiveStreamFactory.java,74,public class ArchiveStreamFactory {
S201,ArchiveStreamFactory.java,110,private String entryEncoding = null;
S202,ArchiveStreamFactory.java,146,if (archiverName == null) {
S203,ArchiveStreamFactory.java,150,if (in == null) {
S204,ArchiveStreamFactory.java,154,if (AR.equalsIgnoreCase(archiverName)) {
S205,ArchiveStreamFactory.java,155,return new ArArchiveInputStream(in);
S206,ArchiveStreamFactory.java,157,if (ZIP.equalsIgnoreCase(archiverName)) {
S207,ArchiveStreamFactory.java,158,if (entryEncoding != null) {
S208,ArchiveStreamFactory.java,161,return new ZipArchiveInputStream(in);
S209,ArchiveStreamFactory.java,164,if (TAR.equalsIgnoreCase(archiverName)) {
S210,ArchiveStreamFactory.java,165,if (entryEncoding != null) {
S211,ArchiveStreamFactory.java,168,return new TarArchiveInputStream(in);
S212,ArchiveStreamFactory.java,171,if (JAR.equalsIgnoreCase(archiverName)) {
S213,ArchiveStreamFactory.java,172,return new JarArchiveInputStream(in);
S214,ArchiveStreamFactory.java,174,if (CPIO.equalsIgnoreCase(archiverName)) {
S215,ArchiveStreamFactory.java,175,return new CpioArchiveInputStream(in);
S216,ArchiveStreamFactory.java,196,if (archiverName == null) {
S217,ArchiveStreamFactory.java,199,if (out == null) {
S218,ArchiveStreamFactory.java,203,if (AR.equalsIgnoreCase(archiverName)) {
S219,ArchiveStreamFactory.java,204,return new ArArchiveOutputStream(out);
S220,ArchiveStreamFactory.java,206,if (ZIP.equalsIgnoreCase(archiverName)) {
S221,ArchiveStreamFactory.java,207,ZipArchiveOutputStream zip = new ZipArchiveOutputStream(out);
S222,ArchiveStreamFactory.java,208,if (entryEncoding != null) {
S223,ArchiveStreamFactory.java,211,return zip;
S224,ArchiveStreamFactory.java,213,if (TAR.equalsIgnoreCase(archiverName)) {
S225,ArchiveStreamFactory.java,214,if (entryEncoding != null) {
S226,ArchiveStreamFactory.java,217,return new TarArchiveOutputStream(out);
S227,ArchiveStreamFactory.java,220,if (JAR.equalsIgnoreCase(archiverName)) {
S228,ArchiveStreamFactory.java,221,return new JarArchiveOutputStream(out);
S229,ArchiveStreamFactory.java,223,if (CPIO.equalsIgnoreCase(archiverName)) {
S230,ArchiveStreamFactory.java,224,return new CpioArchiveOutputStream(out);
S231,ArchiveStreamFactory.java,241,if (in == null) {
S232,ArchiveStreamFactory.java,245,if (!in.markSupported()) {
S233,ArchiveStreamFactory.java,249,final byte[] signature = new byte[12];
S234,ArchiveStreamFactory.java,250,in.mark(signature.length);
S235,ArchiveStreamFactory.java,252,int signatureLength = in.read(signature);
S236,ArchiveStreamFactory.java,253,in.reset();
S237,ArchiveStreamFactory.java,254,"if (ZipArchiveInputStream.matches(signature, signatureLength)) {"
S238,ArchiveStreamFactory.java,255,if (entryEncoding != null) {
S239,ArchiveStreamFactory.java,258,return new ZipArchiveInputStream(in);
S240,ArchiveStreamFactory.java,260,"} else if (JarArchiveInputStream.matches(signature, signatureLength)) {"
S241,ArchiveStreamFactory.java,262,"} else if (ArArchiveInputStream.matches(signature, signatureLength)) {"
S242,ArchiveStreamFactory.java,263,return new ArArchiveInputStream(in);
S243,ArchiveStreamFactory.java,264,"} else if (CpioArchiveInputStream.matches(signature, signatureLength)) {"
S244,ArchiveStreamFactory.java,265,return new CpioArchiveInputStream(in);
S245,ArchiveStreamFactory.java,269,final byte[] dumpsig = new byte[32];
S246,ArchiveStreamFactory.java,270,in.mark(dumpsig.length);
S247,ArchiveStreamFactory.java,271,signatureLength = in.read(dumpsig);
S248,ArchiveStreamFactory.java,272,in.reset();
S249,ArchiveStreamFactory.java,273,"if (DumpArchiveInputStream.matches(dumpsig, signatureLength)) {"
S250,ArchiveStreamFactory.java,278,final byte[] tarheader = new byte[512];
S251,ArchiveStreamFactory.java,279,in.mark(tarheader.length);
S252,ArchiveStreamFactory.java,280,signatureLength = in.read(tarheader);
S253,ArchiveStreamFactory.java,281,in.reset();
S254,ArchiveStreamFactory.java,282,"if (TarArchiveInputStream.matches(tarheader, signatureLength)) {"
S255,ArchiveStreamFactory.java,283,if (entryEncoding != null) {
S256,ArchiveStreamFactory.java,286,return new TarArchiveInputStream(in);
S257,ArchiveStreamFactory.java,290,if (signatureLength >= 512) {
S258,ArchiveStreamFactory.java,291,TarArchiveInputStream tais = null;
S259,ArchiveStreamFactory.java,293,tais = new TarArchiveInputStream(new ByteArrayInputStream(tarheader));
S260,ArchiveStreamFactory.java,295,if (tais.getNextTarEntry().isCheckSumOK()) {
S261,ArchiveStreamFactory.java,296,return new TarArchiveInputStream(in);
S262,ArchiveStreamFactory.java,304,if (tais != null) {
S263,ArchiveStreamFactory.java,306,tais.close();
S264,ArchiveStreamFactory.java,317,"throw new ArchiveException(""No Archiver found for the stream signature"");"
S265,ArchiveUtils.java,70,"buffer1 = expected.getBytes(""ASCII"");"
S266,ArchiveUtils.java,74,"return isEqual(buffer1, 0, buffer1.length, buffer, offset, length, false);"
S267,ArchiveUtils.java,97,"return inputString.getBytes(""ASCII"");"
S268,ArchiveUtils.java,111,"return new String(inputBytes, ""ASCII"");"
S269,ArchiveUtils.java,149,int minLen=length1 < length2 ? length1 : length2;
S270,ArchiveUtils.java,150,for (int i=0; i < minLen; i++){
S271,ArchiveUtils.java,151,if (buffer1[offset1+i] != buffer2[offset2+i]){
S272,ArchiveUtils.java,152,return false;
S273,ArchiveUtils.java,155,if (length1 == length2){
S274,ArchiveUtils.java,156,return true;
S275,AsiExtraField.java,55,private static final ZipShort HEADER_ID = new ZipShort(0x756E);
S276,AsiExtraField.java,60,private int mode = 0;
S277,AsiExtraField.java,64,private int uid = 0;
S278,AsiExtraField.java,68,private int gid = 0;
S279,AsiExtraField.java,74,"private String link = """";"
S280,AsiExtraField.java,78,private boolean dirFlag = false;
S281,AsiExtraField.java,83,private CRC32 crc = new CRC32();
S282,AsiExtraField.java,86,public AsiExtraField() {
S283,AsiExtraField.java,94,return HEADER_ID;
S284,BZip2CompressorInputStream.java,60,private final CRC crc = new CRC();
S285,BZip2CompressorInputStream.java,67,private int currentChar = -1;
S286,BZip2CompressorInputStream.java,78,private int currentState = START_BLOCK_STATE;
S287,BZip2CompressorInputStream.java,111,"this(in, false);"
S288,BZip2CompressorInputStream.java,133,super();
S289,BZip2CompressorInputStream.java,135,this.in = in;
S290,BZip2CompressorInputStream.java,136,this.decompressConcatenated = decompressConcatenated;
S291,BZip2CompressorInputStream.java,138,init(true);
S292,BZip2CompressorInputStream.java,139,initBlock();
S293,BZip2CompressorInputStream.java,140,setupBlock();
S294,BZip2CompressorInputStream.java,163,if (offs < 0) {
S295,BZip2CompressorInputStream.java,166,if (len < 0) {
S296,BZip2CompressorInputStream.java,169,if (offs + len > dest.length) {
S297,BZip2CompressorInputStream.java,173,if (this.in == null) {
S298,BZip2CompressorInputStream.java,177,final int hi = offs + len;
S299,BZip2CompressorInputStream.java,178,int destOffs = offs;
S300,BZip2CompressorInputStream.java,179,for (int b; (destOffs < hi) && ((b = read0()) >= 0);) {
S301,BZip2CompressorInputStream.java,180,dest[destOffs++] = (byte) b;
S302,BZip2CompressorInputStream.java,183,int c = (destOffs == offs) ? -1 : (destOffs - offs);
S303,BZip2CompressorInputStream.java,184,count(c);
S304,BZip2CompressorInputStream.java,185,return c;
S305,BZip2CompressorInputStream.java,189,final boolean[] inUse = this.data.inUse;
S306,BZip2CompressorInputStream.java,190,final byte[] seqToUnseq = this.data.seqToUnseq;
S307,BZip2CompressorInputStream.java,192,int nInUseShadow = 0;
S308,BZip2CompressorInputStream.java,194,for (int i = 0; i < 256; i++) {
S309,BZip2CompressorInputStream.java,195,if (inUse[i]) {
S310,BZip2CompressorInputStream.java,196,seqToUnseq[nInUseShadow++] = (byte) i;
S311,BZip2CompressorInputStream.java,200,this.nInUse = nInUseShadow;
S312,BZip2CompressorInputStream.java,204,final int retChar = this.currentChar;
S313,BZip2CompressorInputStream.java,206,switch (this.currentState) {
S314,BZip2CompressorInputStream.java,228,setupNoRandPartB();
S315,BZip2CompressorInputStream.java,229,break;
S316,BZip2CompressorInputStream.java,232,setupNoRandPartC();
S317,BZip2CompressorInputStream.java,233,break;
S318,BZip2CompressorInputStream.java,239,return retChar;
S319,BZip2CompressorInputStream.java,243,if (null == in) {
S320,BZip2CompressorInputStream.java,247,int magic0 = this.in.read();
S321,BZip2CompressorInputStream.java,248,if (magic0 == -1 && !isFirstStream) {
S322,BZip2CompressorInputStream.java,251,int magic1 = this.in.read();
S323,BZip2CompressorInputStream.java,252,int magic2 = this.in.read();
S324,BZip2CompressorInputStream.java,254,if (magic0 != 'B' || magic1 != 'Z' || magic2 != 'h') {
S325,BZip2CompressorInputStream.java,260,int blockSize = this.in.read();
S326,BZip2CompressorInputStream.java,261,if ((blockSize < '1') || (blockSize > '9')) {
S327,BZip2CompressorInputStream.java,265,this.blockSize100k = blockSize - '0';
S328,BZip2CompressorInputStream.java,267,this.bsLive = 0;
S329,BZip2CompressorInputStream.java,268,this.computedCombinedCRC = 0;
S330,BZip2CompressorInputStream.java,270,return true;
S331,BZip2CompressorInputStream.java,283,magic0 = bsGetUByte();
S332,BZip2CompressorInputStream.java,284,magic1 = bsGetUByte();
S333,BZip2CompressorInputStream.java,285,magic2 = bsGetUByte();
S334,BZip2CompressorInputStream.java,286,magic3 = bsGetUByte();
S335,BZip2CompressorInputStream.java,287,magic4 = bsGetUByte();
S336,BZip2CompressorInputStream.java,288,magic5 = bsGetUByte();
S337,BZip2CompressorInputStream.java,291,if (magic0 != 0x17 || magic1 != 0x72 || magic2 != 0x45
S338,BZip2CompressorInputStream.java,299,if (complete()) {
S339,BZip2CompressorInputStream.java,300,return;
S340,BZip2CompressorInputStream.java,304,if (magic0 != 0x31 || // '1'
S341,BZip2CompressorInputStream.java,314,this.storedBlockCRC = bsGetInt();
S342,BZip2CompressorInputStream.java,315,this.blockRandomised = bsR(1) == 1;
S343,BZip2CompressorInputStream.java,321,if (this.data == null) {
S344,BZip2CompressorInputStream.java,322,this.data = new Data(this.blockSize100k);
S345,BZip2CompressorInputStream.java,326,getAndMoveToFrontDecode();
S346,BZip2CompressorInputStream.java,328,this.crc.initialiseCRC();
S347,BZip2CompressorInputStream.java,329,this.currentState = START_BLOCK_STATE;
S348,BZip2CompressorInputStream.java,334,this.computedBlockCRC = this.crc.getFinalCRC();
S349,BZip2CompressorInputStream.java,337,if (this.storedBlockCRC != this.computedBlockCRC) {
S350,BZip2CompressorInputStream.java,347,this.computedCombinedCRC = (this.computedCombinedCRC << 1)
S351,BZip2CompressorInputStream.java,349,this.computedCombinedCRC ^= this.computedBlockCRC;
S352,BZip2CompressorInputStream.java,353,this.storedCombinedCRC = bsGetInt();
S353,BZip2CompressorInputStream.java,354,this.currentState = EOF;
S354,BZip2CompressorInputStream.java,355,this.data = null;
S355,BZip2CompressorInputStream.java,357,if (this.storedCombinedCRC != this.computedCombinedCRC) {
S356,BZip2CompressorInputStream.java,363,return !decompressConcatenated || !init(false);
S357,BZip2CompressorInputStream.java,368,InputStream inShadow = this.in;
S358,BZip2CompressorInputStream.java,369,if (inShadow != null) {
S359,BZip2CompressorInputStream.java,371,if (inShadow != System.in) {
S360,BZip2CompressorInputStream.java,372,inShadow.close();
S361,BZip2CompressorInputStream.java,375,this.data = null;
S362,BZip2CompressorInputStream.java,376,this.in = null;
S363,BZip2CompressorInputStream.java,382,int bsLiveShadow = this.bsLive;
S364,BZip2CompressorInputStream.java,383,int bsBuffShadow = this.bsBuff;
S365,BZip2CompressorInputStream.java,385,if (bsLiveShadow < n) {
S366,BZip2CompressorInputStream.java,386,final InputStream inShadow = this.in;
S367,BZip2CompressorInputStream.java,388,int thech = inShadow.read();
S368,BZip2CompressorInputStream.java,390,if (thech < 0) {
S369,BZip2CompressorInputStream.java,394,bsBuffShadow = (bsBuffShadow << 8) | thech;
S370,BZip2CompressorInputStream.java,395,bsLiveShadow += 8;
S371,BZip2CompressorInputStream.java,396,} while (bsLiveShadow < n);
S372,BZip2CompressorInputStream.java,398,this.bsBuff = bsBuffShadow;
S373,BZip2CompressorInputStream.java,401,this.bsLive = bsLiveShadow - n;
S374,BZip2CompressorInputStream.java,402,return (bsBuffShadow >> (bsLiveShadow - n)) & ((1 << n) - 1);
S375,BZip2CompressorInputStream.java,406,int bsLiveShadow = this.bsLive;
S376,BZip2CompressorInputStream.java,407,int bsBuffShadow = this.bsBuff;
S377,BZip2CompressorInputStream.java,409,if (bsLiveShadow < 1) {
S378,BZip2CompressorInputStream.java,410,int thech = this.in.read();
S379,BZip2CompressorInputStream.java,412,if (thech < 0) {
S380,BZip2CompressorInputStream.java,416,bsBuffShadow = (bsBuffShadow << 8) | thech;
S381,BZip2CompressorInputStream.java,417,bsLiveShadow += 8;
S382,BZip2CompressorInputStream.java,418,this.bsBuff = bsBuffShadow;
S383,BZip2CompressorInputStream.java,421,this.bsLive = bsLiveShadow - 1;
S384,BZip2CompressorInputStream.java,422,return ((bsBuffShadow >> (bsLiveShadow - 1)) & 1) != 0;
S385,BZip2CompressorInputStream.java,426,return (char) bsR(8);
S386,BZip2CompressorInputStream.java,430,return (((((bsR(8) << 8) | bsR(8)) << 8) | bsR(8)) << 8) | bsR(8);
S387,BZip2CompressorInputStream.java,439,"for (int i = minLen, pp = 0; i <= maxLen; i++) {"
S388,BZip2CompressorInputStream.java,440,for (int j = 0; j < alphaSize; j++) {
S389,BZip2CompressorInputStream.java,441,if (length[j] == i) {
S390,BZip2CompressorInputStream.java,442,perm[pp++] = j;
S391,BZip2CompressorInputStream.java,447,for (int i = MAX_CODE_LEN; --i > 0;) {
S392,BZip2CompressorInputStream.java,448,base[i] = 0;
S393,BZip2CompressorInputStream.java,449,limit[i] = 0;
S394,BZip2CompressorInputStream.java,452,for (int i = 0; i < alphaSize; i++) {
S395,BZip2CompressorInputStream.java,453,base[length[i] + 1]++;
S396,BZip2CompressorInputStream.java,456,"for (int i = 1, b = base[0]; i < MAX_CODE_LEN; i++) {"
S397,BZip2CompressorInputStream.java,457,b += base[i];
S398,BZip2CompressorInputStream.java,458,base[i] = b;
S399,BZip2CompressorInputStream.java,461,"for (int i = minLen, vec = 0, b = base[i]; i <= maxLen; i++) {"
S400,BZip2CompressorInputStream.java,462,final int nb = base[i + 1];
S401,BZip2CompressorInputStream.java,463,vec += nb - b;
S402,BZip2CompressorInputStream.java,464,b = nb;
S403,BZip2CompressorInputStream.java,465,limit[i] = vec - 1;
S404,BZip2CompressorInputStream.java,466,vec <<= 1;
S405,BZip2CompressorInputStream.java,469,for (int i = minLen + 1; i <= maxLen; i++) {
S406,BZip2CompressorInputStream.java,470,base[i] = ((limit[i - 1] + 1) << 1) - base[i];
S407,BZip2CompressorInputStream.java,475,final Data dataShadow = this.data;
S408,BZip2CompressorInputStream.java,476,final boolean[] inUse = dataShadow.inUse;
S409,BZip2CompressorInputStream.java,477,final byte[] pos = dataShadow.recvDecodingTables_pos;
S410,BZip2CompressorInputStream.java,478,final byte[] selector = dataShadow.selector;
S411,BZip2CompressorInputStream.java,479,final byte[] selectorMtf = dataShadow.selectorMtf;
S412,BZip2CompressorInputStream.java,481,int inUse16 = 0;
S413,BZip2CompressorInputStream.java,484,for (int i = 0; i < 16; i++) {
S414,BZip2CompressorInputStream.java,485,if (bsGetBit()) {
S415,BZip2CompressorInputStream.java,486,inUse16 |= 1 << i;
S416,BZip2CompressorInputStream.java,490,for (int i = 256; --i >= 0;) {
S417,BZip2CompressorInputStream.java,491,inUse[i] = false;
S418,BZip2CompressorInputStream.java,494,for (int i = 0; i < 16; i++) {
S419,BZip2CompressorInputStream.java,495,if ((inUse16 & (1 << i)) != 0) {
S420,BZip2CompressorInputStream.java,496,final int i16 = i << 4;
S421,BZip2CompressorInputStream.java,497,for (int j = 0; j < 16; j++) {
S422,BZip2CompressorInputStream.java,498,if (bsGetBit()) {
S423,BZip2CompressorInputStream.java,499,inUse[i16 + j] = true;
S424,BZip2CompressorInputStream.java,505,makeMaps();
S425,BZip2CompressorInputStream.java,506,final int alphaSize = this.nInUse + 2;
S426,BZip2CompressorInputStream.java,509,final int nGroups = bsR(3);
S427,BZip2CompressorInputStream.java,510,final int nSelectors = bsR(15);
S428,BZip2CompressorInputStream.java,512,for (int i = 0; i < nSelectors; i++) {
S429,BZip2CompressorInputStream.java,513,int j = 0;
S430,BZip2CompressorInputStream.java,514,while (bsGetBit()) {
S431,BZip2CompressorInputStream.java,515,j++;
S432,BZip2CompressorInputStream.java,517,selectorMtf[i] = (byte) j;
S433,BZip2CompressorInputStream.java,521,for (int v = nGroups; --v >= 0;) {
S434,BZip2CompressorInputStream.java,522,pos[v] = (byte) v;
S435,BZip2CompressorInputStream.java,525,for (int i = 0; i < nSelectors; i++) {
S436,BZip2CompressorInputStream.java,526,int v = selectorMtf[i] & 0xff;
S437,BZip2CompressorInputStream.java,527,final byte tmp = pos[v];
S438,BZip2CompressorInputStream.java,528,while (v > 0) {
S439,BZip2CompressorInputStream.java,530,pos[v] = pos[v - 1];
S440,BZip2CompressorInputStream.java,531,v--;
S441,BZip2CompressorInputStream.java,533,pos[0] = tmp;
S442,BZip2CompressorInputStream.java,534,selector[i] = tmp;
S443,BZip2CompressorInputStream.java,537,final char[][] len = dataShadow.temp_charArray2d;
S444,BZip2CompressorInputStream.java,540,for (int t = 0; t < nGroups; t++) {
S445,BZip2CompressorInputStream.java,541,int curr = bsR(5);
S446,BZip2CompressorInputStream.java,542,final char[] len_t = len[t];
S447,BZip2CompressorInputStream.java,543,for (int i = 0; i < alphaSize; i++) {
S448,BZip2CompressorInputStream.java,544,while (bsGetBit()) {
S449,BZip2CompressorInputStream.java,545,curr += bsGetBit() ? -1 : 1;
S450,BZip2CompressorInputStream.java,547,len_t[i] = (char) curr;
S451,BZip2CompressorInputStream.java,552,"createHuffmanDecodingTables(alphaSize, nGroups);"
S452,BZip2CompressorInputStream.java,560,final Data dataShadow = this.data;
S453,BZip2CompressorInputStream.java,561,final char[][] len = dataShadow.temp_charArray2d;
S454,BZip2CompressorInputStream.java,562,final int[] minLens = dataShadow.minLens;
S455,BZip2CompressorInputStream.java,563,final int[][] limit = dataShadow.limit;
S456,BZip2CompressorInputStream.java,564,final int[][] base = dataShadow.base;
S457,BZip2CompressorInputStream.java,565,final int[][] perm = dataShadow.perm;
S458,BZip2CompressorInputStream.java,567,for (int t = 0; t < nGroups; t++) {
S459,BZip2CompressorInputStream.java,568,int minLen = 32;
S460,BZip2CompressorInputStream.java,569,int maxLen = 0;
S461,BZip2CompressorInputStream.java,570,final char[] len_t = len[t];
S462,BZip2CompressorInputStream.java,571,for (int i = alphaSize; --i >= 0;) {
S463,BZip2CompressorInputStream.java,572,final char lent = len_t[i];
S464,BZip2CompressorInputStream.java,573,if (lent > maxLen) {
S465,BZip2CompressorInputStream.java,574,maxLen = lent;
S466,BZip2CompressorInputStream.java,576,if (lent < minLen) {
S467,BZip2CompressorInputStream.java,577,minLen = lent;
S468,BZip2CompressorInputStream.java,580,"hbCreateDecodeTables(limit[t], base[t], perm[t], len[t], minLen,"
S469,BZip2CompressorInputStream.java,582,minLens[t] = minLen;
S470,BZip2CompressorInputStream.java,587,this.origPtr = bsR(24);
S471,BZip2CompressorInputStream.java,588,recvDecodingTables();
S472,BZip2CompressorInputStream.java,590,final InputStream inShadow = this.in;
S473,BZip2CompressorInputStream.java,591,final Data dataShadow = this.data;
S474,BZip2CompressorInputStream.java,592,final byte[] ll8 = dataShadow.ll8;
S475,BZip2CompressorInputStream.java,593,final int[] unzftab = dataShadow.unzftab;
S476,BZip2CompressorInputStream.java,594,final byte[] selector = dataShadow.selector;
S477,BZip2CompressorInputStream.java,595,final byte[] seqToUnseq = dataShadow.seqToUnseq;
S478,BZip2CompressorInputStream.java,596,final char[] yy = dataShadow.getAndMoveToFrontDecode_yy;
S479,BZip2CompressorInputStream.java,597,final int[] minLens = dataShadow.minLens;
S480,BZip2CompressorInputStream.java,598,final int[][] limit = dataShadow.limit;
S481,BZip2CompressorInputStream.java,599,final int[][] base = dataShadow.base;
S482,BZip2CompressorInputStream.java,600,final int[][] perm = dataShadow.perm;
S483,BZip2CompressorInputStream.java,601,final int limitLast = this.blockSize100k * 100000;
S484,BZip2CompressorInputStream.java,608,for (int i = 256; --i >= 0;) {
S485,BZip2CompressorInputStream.java,609,yy[i] = (char) i;
S486,BZip2CompressorInputStream.java,610,unzftab[i] = 0;
S487,BZip2CompressorInputStream.java,613,int groupNo = 0;
S488,BZip2CompressorInputStream.java,614,int groupPos = G_SIZE - 1;
S489,BZip2CompressorInputStream.java,615,final int eob = this.nInUse + 1;
S490,BZip2CompressorInputStream.java,616,int nextSym = getAndMoveToFrontDecode0(0);
S491,BZip2CompressorInputStream.java,617,int bsBuffShadow = this.bsBuff;
S492,BZip2CompressorInputStream.java,618,int bsLiveShadow = this.bsLive;
S493,BZip2CompressorInputStream.java,619,int lastShadow = -1;
S494,BZip2CompressorInputStream.java,620,int zt = selector[groupNo] & 0xff;
S495,BZip2CompressorInputStream.java,621,int[] base_zt = base[zt];
S496,BZip2CompressorInputStream.java,622,int[] limit_zt = limit[zt];
S497,BZip2CompressorInputStream.java,623,int[] perm_zt = perm[zt];
S498,BZip2CompressorInputStream.java,624,int minLens_zt = minLens[zt];
S499,BZip2CompressorInputStream.java,626,while (nextSym != eob) {
S500,BZip2CompressorInputStream.java,627,if ((nextSym == RUNA) || (nextSym == RUNB)) {
S501,BZip2CompressorInputStream.java,628,int s = -1;
S502,BZip2CompressorInputStream.java,630,for (int n = 1; true; n <<= 1) {
S503,BZip2CompressorInputStream.java,631,if (nextSym == RUNA) {
S504,BZip2CompressorInputStream.java,632,s += n;
S505,BZip2CompressorInputStream.java,633,} else if (nextSym == RUNB) {
S506,BZip2CompressorInputStream.java,634,s += n << 1;
S507,BZip2CompressorInputStream.java,639,if (groupPos == 0) {
S508,BZip2CompressorInputStream.java,640,groupPos = G_SIZE - 1;
S509,BZip2CompressorInputStream.java,641,zt = selector[++groupNo] & 0xff;
S510,BZip2CompressorInputStream.java,642,base_zt = base[zt];
S511,BZip2CompressorInputStream.java,643,limit_zt = limit[zt];
S512,BZip2CompressorInputStream.java,644,perm_zt = perm[zt];
S513,BZip2CompressorInputStream.java,645,minLens_zt = minLens[zt];
S514,BZip2CompressorInputStream.java,647,groupPos--;
S515,BZip2CompressorInputStream.java,650,int zn = minLens_zt;
S516,BZip2CompressorInputStream.java,654,while (bsLiveShadow < zn) {
S517,BZip2CompressorInputStream.java,655,final int thech = inShadow.read();
S518,BZip2CompressorInputStream.java,656,if (thech >= 0) {
S519,BZip2CompressorInputStream.java,657,bsBuffShadow = (bsBuffShadow << 8) | thech;
S520,BZip2CompressorInputStream.java,658,bsLiveShadow += 8;
S521,BZip2CompressorInputStream.java,659,continue;
S522,BZip2CompressorInputStream.java,664,int zvec = (bsBuffShadow >> (bsLiveShadow - zn))
S523,BZip2CompressorInputStream.java,666,bsLiveShadow -= zn;
S524,BZip2CompressorInputStream.java,668,while (zvec > limit_zt[zn]) {
S525,BZip2CompressorInputStream.java,669,zn++;
S526,BZip2CompressorInputStream.java,670,while (bsLiveShadow < 1) {
S527,BZip2CompressorInputStream.java,671,final int thech = inShadow.read();
S528,BZip2CompressorInputStream.java,672,if (thech >= 0) {
S529,BZip2CompressorInputStream.java,673,bsBuffShadow = (bsBuffShadow << 8) | thech;
S530,BZip2CompressorInputStream.java,674,bsLiveShadow += 8;
S531,BZip2CompressorInputStream.java,675,continue;
S532,BZip2CompressorInputStream.java,681,bsLiveShadow--;
S533,BZip2CompressorInputStream.java,682,zvec = (zvec << 1)
S534,BZip2CompressorInputStream.java,685,nextSym = perm_zt[zvec - base_zt[zn]];
S535,BZip2CompressorInputStream.java,688,final byte ch = seqToUnseq[yy[0]];
S536,BZip2CompressorInputStream.java,689,unzftab[ch & 0xff] += s + 1;
S537,BZip2CompressorInputStream.java,691,while (s-- >= 0) {
S538,BZip2CompressorInputStream.java,692,ll8[++lastShadow] = ch;
S539,BZip2CompressorInputStream.java,695,if (lastShadow >= limitLast) {
S540,BZip2CompressorInputStream.java,698,} else {
S541,BZip2CompressorInputStream.java,699,if (++lastShadow >= limitLast) {
S542,BZip2CompressorInputStream.java,703,final char tmp = yy[nextSym - 1];
S543,BZip2CompressorInputStream.java,704,unzftab[seqToUnseq[tmp] & 0xff]++;
S544,BZip2CompressorInputStream.java,705,ll8[lastShadow] = seqToUnseq[tmp];
S545,BZip2CompressorInputStream.java,712,if (nextSym <= 16) {
S546,BZip2CompressorInputStream.java,713,for (int j = nextSym - 1; j > 0;) {
S547,BZip2CompressorInputStream.java,714,yy[j] = yy[--j];
S548,BZip2CompressorInputStream.java,717,"System.arraycopy(yy, 0, yy, 1, nextSym - 1);"
S549,BZip2CompressorInputStream.java,720,yy[0] = tmp;
S550,BZip2CompressorInputStream.java,722,if (groupPos == 0) {
S551,BZip2CompressorInputStream.java,723,groupPos = G_SIZE - 1;
S552,BZip2CompressorInputStream.java,724,zt = selector[++groupNo] & 0xff;
S553,BZip2CompressorInputStream.java,725,base_zt = base[zt];
S554,BZip2CompressorInputStream.java,726,limit_zt = limit[zt];
S555,BZip2CompressorInputStream.java,727,perm_zt = perm[zt];
S556,BZip2CompressorInputStream.java,728,minLens_zt = minLens[zt];
S557,BZip2CompressorInputStream.java,730,groupPos--;
S558,BZip2CompressorInputStream.java,733,int zn = minLens_zt;
S559,BZip2CompressorInputStream.java,737,while (bsLiveShadow < zn) {
S560,BZip2CompressorInputStream.java,738,final int thech = inShadow.read();
S561,BZip2CompressorInputStream.java,739,if (thech >= 0) {
S562,BZip2CompressorInputStream.java,740,bsBuffShadow = (bsBuffShadow << 8) | thech;
S563,BZip2CompressorInputStream.java,741,bsLiveShadow += 8;
S564,BZip2CompressorInputStream.java,742,continue;
S565,BZip2CompressorInputStream.java,747,int zvec = (bsBuffShadow >> (bsLiveShadow - zn))
S566,BZip2CompressorInputStream.java,749,bsLiveShadow -= zn;
S567,BZip2CompressorInputStream.java,751,while (zvec > limit_zt[zn]) {
S568,BZip2CompressorInputStream.java,752,zn++;
S569,BZip2CompressorInputStream.java,753,while (bsLiveShadow < 1) {
S570,BZip2CompressorInputStream.java,754,final int thech = inShadow.read();
S571,BZip2CompressorInputStream.java,755,if (thech >= 0) {
S572,BZip2CompressorInputStream.java,756,bsBuffShadow = (bsBuffShadow << 8) | thech;
S573,BZip2CompressorInputStream.java,757,bsLiveShadow += 8;
S574,BZip2CompressorInputStream.java,758,continue;
S575,BZip2CompressorInputStream.java,763,bsLiveShadow--;
S576,BZip2CompressorInputStream.java,764,zvec = (zvec << 1) | ((bsBuffShadow >> bsLiveShadow) & 1);
S577,BZip2CompressorInputStream.java,766,nextSym = perm_zt[zvec - base_zt[zn]];
S578,BZip2CompressorInputStream.java,770,this.last = lastShadow;
S579,BZip2CompressorInputStream.java,771,this.bsLive = bsLiveShadow;
S580,BZip2CompressorInputStream.java,772,this.bsBuff = bsBuffShadow;
S581,BZip2CompressorInputStream.java,776,final InputStream inShadow = this.in;
S582,BZip2CompressorInputStream.java,777,final Data dataShadow = this.data;
S583,BZip2CompressorInputStream.java,778,final int zt = dataShadow.selector[groupNo] & 0xff;
S584,BZip2CompressorInputStream.java,779,final int[] limit_zt = dataShadow.limit[zt];
S585,BZip2CompressorInputStream.java,780,int zn = dataShadow.minLens[zt];
S586,BZip2CompressorInputStream.java,781,int zvec = bsR(zn);
S587,BZip2CompressorInputStream.java,782,int bsLiveShadow = this.bsLive;
S588,BZip2CompressorInputStream.java,783,int bsBuffShadow = this.bsBuff;
S589,BZip2CompressorInputStream.java,785,while (zvec > limit_zt[zn]) {
S590,BZip2CompressorInputStream.java,786,zn++;
S591,BZip2CompressorInputStream.java,787,while (bsLiveShadow < 1) {
S592,BZip2CompressorInputStream.java,788,final int thech = inShadow.read();
S593,BZip2CompressorInputStream.java,790,if (thech >= 0) {
S594,BZip2CompressorInputStream.java,791,bsBuffShadow = (bsBuffShadow << 8) | thech;
S595,BZip2CompressorInputStream.java,792,bsLiveShadow += 8;
S596,BZip2CompressorInputStream.java,793,continue;
S597,BZip2CompressorInputStream.java,798,bsLiveShadow--;
S598,BZip2CompressorInputStream.java,799,zvec = (zvec << 1) | ((bsBuffShadow >> bsLiveShadow) & 1);
S599,BZip2CompressorInputStream.java,802,this.bsLive = bsLiveShadow;
S600,BZip2CompressorInputStream.java,803,this.bsBuff = bsBuffShadow;
S601,BZip2CompressorInputStream.java,805,return dataShadow.perm[zt][zvec - dataShadow.base[zt][zn]];
S602,BZip2CompressorInputStream.java,809,if (this.data == null) {
S603,BZip2CompressorInputStream.java,810,return;
S604,BZip2CompressorInputStream.java,813,final int[] cftab = this.data.cftab;
S605,BZip2CompressorInputStream.java,814,final int[] tt = this.data.initTT(this.last + 1);
S606,BZip2CompressorInputStream.java,815,final byte[] ll8 = this.data.ll8;
S607,BZip2CompressorInputStream.java,816,cftab[0] = 0;
S608,BZip2CompressorInputStream.java,817,"System.arraycopy(this.data.unzftab, 0, cftab, 1, 256);"
S609,BZip2CompressorInputStream.java,819,"for (int i = 1, c = cftab[0]; i <= 256; i++) {"
S610,BZip2CompressorInputStream.java,820,c += cftab[i];
S611,BZip2CompressorInputStream.java,821,cftab[i] = c;
S612,BZip2CompressorInputStream.java,824,"for (int i = 0, lastShadow = this.last; i <= lastShadow; i++) {"
S613,BZip2CompressorInputStream.java,825,tt[cftab[ll8[i] & 0xff]++] = i;
S614,BZip2CompressorInputStream.java,828,if ((this.origPtr < 0) || (this.origPtr >= tt.length)) {
S615,BZip2CompressorInputStream.java,832,this.su_tPos = tt[this.origPtr];
S616,BZip2CompressorInputStream.java,833,this.su_count = 0;
S617,BZip2CompressorInputStream.java,834,this.su_i2 = 0;
S618,BZip2CompressorInputStream.java,835,this.su_ch2 = 256; /* not a char and not EOF */
S619,BZip2CompressorInputStream.java,837,if (this.blockRandomised) {
S620,BZip2CompressorInputStream.java,842,setupNoRandPartA();
S621,BZip2CompressorInputStream.java,872,if (this.su_i2 <= this.last) {
S622,BZip2CompressorInputStream.java,873,this.su_chPrev = this.su_ch2;
S623,BZip2CompressorInputStream.java,874,int su_ch2Shadow = this.data.ll8[this.su_tPos] & 0xff;
S624,BZip2CompressorInputStream.java,875,this.su_ch2 = su_ch2Shadow;
S625,BZip2CompressorInputStream.java,876,this.su_tPos = this.data.tt[this.su_tPos];
S626,BZip2CompressorInputStream.java,877,this.su_i2++;
S627,BZip2CompressorInputStream.java,878,this.currentChar = su_ch2Shadow;
S628,BZip2CompressorInputStream.java,879,this.currentState = NO_RAND_PART_B_STATE;
S629,BZip2CompressorInputStream.java,880,this.crc.updateCRC(su_ch2Shadow);
S630,BZip2CompressorInputStream.java,881,} else {
S631,BZip2CompressorInputStream.java,882,this.currentState = NO_RAND_PART_A_STATE;
S632,BZip2CompressorInputStream.java,883,endBlock();
S633,BZip2CompressorInputStream.java,884,initBlock();
S634,BZip2CompressorInputStream.java,885,setupBlock();
S635,BZip2CompressorInputStream.java,931,if (this.su_ch2 != this.su_chPrev) {
S636,BZip2CompressorInputStream.java,932,this.su_count = 1;
S637,BZip2CompressorInputStream.java,933,setupNoRandPartA();
S638,BZip2CompressorInputStream.java,934,} else if (++this.su_count >= 4) {
S639,BZip2CompressorInputStream.java,935,this.su_z = (char) (this.data.ll8[this.su_tPos] & 0xff);
S640,BZip2CompressorInputStream.java,936,this.su_tPos = this.data.tt[this.su_tPos];
S641,BZip2CompressorInputStream.java,937,this.su_j2 = 0;
S642,BZip2CompressorInputStream.java,938,setupNoRandPartC();
S643,BZip2CompressorInputStream.java,940,setupNoRandPartA();
S644,BZip2CompressorInputStream.java,945,if (this.su_j2 < this.su_z) {
S645,BZip2CompressorInputStream.java,946,int su_ch2Shadow = this.su_ch2;
S646,BZip2CompressorInputStream.java,947,this.currentChar = su_ch2Shadow;
S647,BZip2CompressorInputStream.java,948,this.crc.updateCRC(su_ch2Shadow);
S648,BZip2CompressorInputStream.java,949,this.su_j2++;
S649,BZip2CompressorInputStream.java,950,this.currentState = NO_RAND_PART_C_STATE;
S650,BZip2CompressorInputStream.java,951,} else {
S651,BZip2CompressorInputStream.java,952,this.su_i2++;
S652,BZip2CompressorInputStream.java,953,this.su_count = 0;
S653,BZip2CompressorInputStream.java,954,setupNoRandPartA();
S654,BZip2CompressorInputStream.java,961,final boolean[] inUse = new boolean[256]; // 256 byte
S655,BZip2CompressorInputStream.java,963,final byte[] seqToUnseq = new byte[256]; // 256 byte
S656,BZip2CompressorInputStream.java,964,final byte[] selector = new byte[MAX_SELECTORS]; // 18002 byte
S657,BZip2CompressorInputStream.java,965,final byte[] selectorMtf = new byte[MAX_SELECTORS]; // 18002 byte
S658,BZip2CompressorInputStream.java,971,final int[] unzftab = new int[256]; // 1024 byte
S659,BZip2CompressorInputStream.java,973,final int[][] limit = new int[N_GROUPS][MAX_ALPHA_SIZE]; // 6192 byte
S660,BZip2CompressorInputStream.java,974,final int[][] base = new int[N_GROUPS][MAX_ALPHA_SIZE]; // 6192 byte
S661,BZip2CompressorInputStream.java,975,final int[][] perm = new int[N_GROUPS][MAX_ALPHA_SIZE]; // 6192 byte
S662,BZip2CompressorInputStream.java,976,final int[] minLens = new int[N_GROUPS]; // 24 byte
S663,BZip2CompressorInputStream.java,978,final int[] cftab = new int[257]; // 1028 byte
S664,BZip2CompressorInputStream.java,979,final char[] getAndMoveToFrontDecode_yy = new char[256]; // 512 byte
S665,BZip2CompressorInputStream.java,980,final char[][] temp_charArray2d = new char[N_GROUPS][MAX_ALPHA_SIZE]; // 3096
S666,BZip2CompressorInputStream.java,982,final byte[] recvDecodingTables_pos = new byte[N_GROUPS]; // 6 byte
S667,BZip2CompressorInputStream.java,994,super();
S668,BZip2CompressorInputStream.java,996,this.ll8 = new byte[blockSize100k * BZip2Constants.BASEBLOCKSIZE];
S669,BZip2CompressorInputStream.java,1007,int[] ttShadow = this.tt;
S670,BZip2CompressorInputStream.java,1013,if ((ttShadow == null) || (ttShadow.length < length)) {
S671,BZip2CompressorInputStream.java,1014,this.tt = ttShadow = new int[length];
S672,BZip2CompressorInputStream.java,1017,return ttShadow;
S673,CRC.java,27,private static final int crc32Table[] = {
S674,CRC.java,94,CRC() {
S675,CRC.java,95,initialiseCRC();
S676,CRC.java,99,globalCrc = 0xffffffff;
S677,CRC.java,103,return ~globalCrc;
S678,CRC.java,115,int temp = (globalCrc >> 24) ^ inCh;
S679,CRC.java,116,if (temp < 0) {
S680,CRC.java,117,temp = 256 + temp;
S681,CRC.java,119,globalCrc = (globalCrc << 8) ^ CRC.crc32Table[temp];
S682,Change.java,49,"Change(final String pFilename, int type) {"
S683,Change.java,50,if(pFilename == null) {
S684,Change.java,53,this.targetFile = pFilename;
S685,Change.java,54,this.type = type;
S686,Change.java,55,this.input = null;
S687,Change.java,56,this.entry = null;
S688,Change.java,57,this.replaceMode = true;
S689,Change.java,66,"Change(final ArchiveEntry pEntry, final InputStream pInput, boolean replace) {"
S690,Change.java,67,if(pEntry == null || pInput == null) {
S691,Change.java,70,this.entry = pEntry;
S692,Change.java,71,this.input = pInput;
S693,Change.java,72,type = TYPE_ADD;
S694,Change.java,73,targetFile = null;
S695,Change.java,74,this.replaceMode = replace;
S696,Change.java,78,return entry;
S697,Change.java,82,return input;
S698,Change.java,86,return targetFile;
S699,Change.java,90,return type;
S700,Change.java,94,return replaceMode;
S701,ChangeSet.java,35,public final class ChangeSet {
S702,ChangeSet.java,37,private final Set<Change> changes = new LinkedHashSet<Change>();
S703,ChangeSet.java,46,"addDeletion(new Change(filename, Change.TYPE_DELETE));"
S704,ChangeSet.java,56,"addDeletion(new Change(dirName, Change.TYPE_DELETE_DIR));"
S705,ChangeSet.java,68,"this.add(pEntry, pInput, true);"
S706,ChangeSet.java,84,"addAddition(new Change(pEntry, pInput, replace));"
S707,ChangeSet.java,94,if (Change.TYPE_ADD != pChange.type() ||
S708,ChangeSet.java,99,if (!changes.isEmpty()) {
S709,ChangeSet.java,100,for (Iterator<Change> it = changes.iterator(); it.hasNext();) {
S710,ChangeSet.java,101,Change change = it.next();
S711,ChangeSet.java,102,if (change.type() == Change.TYPE_ADD
S712,ChangeSet.java,104,ArchiveEntry entry = change.getEntry();
S713,ChangeSet.java,106,if(entry.equals(pChange.getEntry())) {
S714,ChangeSet.java,107,if(pChange.isReplaceMode()) {
S715,ChangeSet.java,108,it.remove();
S716,ChangeSet.java,109,changes.add(pChange);
S717,ChangeSet.java,110,return;
S718,ChangeSet.java,113,return;
S719,ChangeSet.java,119,changes.add(pChange);
S720,ChangeSet.java,129,if ((Change.TYPE_DELETE != pChange.type() &&
S721,ChangeSet.java,134,String source = pChange.targetFile();
S722,ChangeSet.java,136,if (!changes.isEmpty()) {
S723,ChangeSet.java,137,for (Iterator<Change> it = changes.iterator(); it.hasNext();) {
S724,ChangeSet.java,138,Change change = it.next();
S725,ChangeSet.java,139,if (change.type() == Change.TYPE_ADD
S726,ChangeSet.java,141,String target = change.getEntry().getName();
S727,ChangeSet.java,143,if (Change.TYPE_DELETE == pChange.type() && source.equals(target)) {
S728,ChangeSet.java,145,} else if (Change.TYPE_DELETE_DIR == pChange.type() &&
S729,ChangeSet.java,147,it.remove();
S730,ChangeSet.java,152,changes.add(pChange);
S731,ChangeSet.java,161,return new LinkedHashSet<Change>(changes);
S732,ChangeSetPerformer.java,48,public ChangeSetPerformer(final ChangeSet changeSet) {
S733,ChangeSetPerformer.java,49,changes = changeSet.getChanges();
S734,ChangeSetPerformer.java,69,ChangeSetResults results = new ChangeSetResults();
S735,ChangeSetPerformer.java,71,Set<Change> workingSet = new LinkedHashSet<Change>(changes);
S736,ChangeSetPerformer.java,73,for (Iterator<Change> it = workingSet.iterator(); it.hasNext();) {
S737,ChangeSetPerformer.java,74,Change change = it.next();
S738,ChangeSetPerformer.java,76,if (change.type() == Change.TYPE_ADD && change.isReplaceMode()) {
S739,ChangeSetPerformer.java,77,"copyStream(change.getInput(), out, change.getEntry());"
S740,ChangeSetPerformer.java,78,it.remove();
S741,ChangeSetPerformer.java,79,results.addedFromChangeSet(change.getEntry().getName());
S742,ChangeSetPerformer.java,83,ArchiveEntry entry = null;
S743,ChangeSetPerformer.java,84,while ((entry = in.getNextEntry()) != null) {
S744,ChangeSetPerformer.java,85,boolean copy = true;
S745,ChangeSetPerformer.java,87,for (Iterator<Change> it = workingSet.iterator(); it.hasNext();) {
S746,ChangeSetPerformer.java,88,Change change = it.next();
S747,ChangeSetPerformer.java,90,final int type = change.type();
S748,ChangeSetPerformer.java,91,final String name = entry.getName();
S749,ChangeSetPerformer.java,92,if (type == Change.TYPE_DELETE && name != null) {
S750,ChangeSetPerformer.java,93,if (name.equals(change.targetFile())) {
S751,ChangeSetPerformer.java,94,copy = false;
S752,ChangeSetPerformer.java,95,it.remove();
S753,ChangeSetPerformer.java,96,results.deleted(name);
S754,ChangeSetPerformer.java,97,break;
S755,ChangeSetPerformer.java,99,} else if (type == Change.TYPE_DELETE_DIR && name != null) {
S756,ChangeSetPerformer.java,101,"if (name.startsWith(change.targetFile() + ""/"")) { // NOPMD"
S757,ChangeSetPerformer.java,102,copy = false;
S758,ChangeSetPerformer.java,103,results.deleted(name);
S759,ChangeSetPerformer.java,104,break;
S760,ChangeSetPerformer.java,109,if (copy
S761,ChangeSetPerformer.java,112,"copyStream(in, out, entry);"
S762,ChangeSetPerformer.java,113,results.addedFromStream(entry.getName());
S763,ChangeSetPerformer.java,118,for (Iterator<Change> it = workingSet.iterator(); it.hasNext();) {
S764,ChangeSetPerformer.java,119,Change change = it.next();
S765,ChangeSetPerformer.java,121,if (change.type() == Change.TYPE_ADD &&
S766,ChangeSetPerformer.java,129,out.finish();
S767,ChangeSetPerformer.java,130,return results;
S768,ChangeSetPerformer.java,143,String source = entry.getName();
S769,ChangeSetPerformer.java,145,if (!workingSet.isEmpty()) {
S770,ChangeSetPerformer.java,146,for (Change change : workingSet) {
S771,ChangeSetPerformer.java,147,final int type = change.type();
S772,ChangeSetPerformer.java,148,String target = change.targetFile();
S773,ChangeSetPerformer.java,149,if (type == Change.TYPE_DELETE && source.equals(target)) {
S774,ChangeSetPerformer.java,153,"if (type == Change.TYPE_DELETE_DIR && source.startsWith(target + ""/"")){"
S775,ChangeSetPerformer.java,158,return false;
S776,ChangeSetPerformer.java,175,out.putArchiveEntry(entry);
S777,ChangeSetPerformer.java,176,"IOUtils.copy(in, out);"
S778,ChangeSetPerformer.java,177,out.closeArchiveEntry();
S779,ChangeSetResults.java,27,public class ChangeSetResults {
S780,ChangeSetResults.java,28,private final List<String> addedFromChangeSet = new ArrayList<String>();
S781,ChangeSetResults.java,29,private final List<String> addedFromStream = new ArrayList<String>();
S782,ChangeSetResults.java,30,private final List<String> deleted = new ArrayList<String>();
S783,ChangeSetResults.java,37,deleted.add(fileName);
S784,ChangeSetResults.java,46,addedFromStream.add(fileName);
S785,ChangeSetResults.java,55,addedFromChangeSet.add(fileName);
S786,ChangeSetResults.java,63,return addedFromChangeSet;
S787,ChangeSetResults.java,71,return addedFromStream;
S788,ChangeSetResults.java,79,return deleted;
S789,ChangeSetResults.java,88,if(addedFromChangeSet.contains(filename) || addedFromStream.contains(filename)) {
S790,ChangeSetResults.java,89,return true;
S791,ChangeSetResults.java,91,return false;
S792,CompressorInputStream.java,23,public abstract class CompressorInputStream extends InputStream {
S793,CompressorInputStream.java,24,private long bytesRead = 0;
S794,CompressorInputStream.java,35,count((long) read);
S795,CompressorInputStream.java,45,if(read != -1) {
S796,CompressorInputStream.java,46,bytesRead = bytesRead + read;
S797,CountingOutputStream.java,31,private long bytesWritten = 0;
S798,CountingOutputStream.java,34,super(out);
S799,CountingOutputStream.java,48,"out.write(b, off, len);"
S800,CountingOutputStream.java,49,count(len);
S801,CountingOutputStream.java,59,if (written != -1) {
S802,CountingOutputStream.java,60,bytesWritten += written;
S803,CountingOutputStream.java,69,return bytesWritten;
S804,CpioArchiveEntry.java,163,private long chksum = 0;
S805,CpioArchiveEntry.java,166,private long filesize = 0;
S806,CpioArchiveEntry.java,168,private long gid = 0;
S807,CpioArchiveEntry.java,170,private long inode = 0;
S808,CpioArchiveEntry.java,172,private long maj = 0;
S809,CpioArchiveEntry.java,174,private long min = 0;
S810,CpioArchiveEntry.java,176,private long mode = 0;
S811,CpioArchiveEntry.java,178,private long mtime = 0;
S812,CpioArchiveEntry.java,182,private long nlink = 0;
S813,CpioArchiveEntry.java,184,private long rmaj = 0;
S814,CpioArchiveEntry.java,186,private long rmin = 0;
S815,CpioArchiveEntry.java,188,private long uid = 0;
S816,CpioArchiveEntry.java,204,public CpioArchiveEntry(final short format) {
S817,CpioArchiveEntry.java,205,switch (format) {
S818,CpioArchiveEntry.java,207,this.headerSize = 110;
S819,CpioArchiveEntry.java,208,this.alignmentBoundary = 4;
S820,CpioArchiveEntry.java,209,break;
S821,CpioArchiveEntry.java,225,this.fileFormat = format;
S822,CpioArchiveEntry.java,236,"this(FORMAT_NEW, name);"
S823,CpioArchiveEntry.java,257,this(format);
S824,CpioArchiveEntry.java,258,this.name = name;
S825,CpioArchiveEntry.java,271,this(name);
S826,CpioArchiveEntry.java,272,this.setSize(size);
S827,CpioArchiveEntry.java,296,"this(format, name);"
S828,CpioArchiveEntry.java,297,this.setSize(size);
S829,CpioArchiveEntry.java,311,"this(FORMAT_NEW, inputFile, entryName);"
S830,CpioArchiveEntry.java,336,"this(format, entryName, inputFile.isFile() ? inputFile.length() : 0);"
S831,CpioArchiveEntry.java,337,long mode=0;
S832,CpioArchiveEntry.java,338,if (inputFile.isDirectory()){
S833,CpioArchiveEntry.java,340,} else if (inputFile.isFile()){
S834,CpioArchiveEntry.java,341,mode |= C_ISREG;
S835,CpioArchiveEntry.java,347,setMode(mode);
S836,CpioArchiveEntry.java,348,setTime(inputFile.lastModified() / 1000);
S837,CpioArchiveEntry.java,355,if ((this.fileFormat & FORMAT_NEW_MASK) == 0) {
S838,CpioArchiveEntry.java,377,checkNewFormat();
S839,CpioArchiveEntry.java,378,return this.chksum;
S840,CpioArchiveEntry.java,403,checkNewFormat();
S841,CpioArchiveEntry.java,404,return this.maj;
S842,CpioArchiveEntry.java,414,checkNewFormat();
S843,CpioArchiveEntry.java,415,return this.min;
S844,CpioArchiveEntry.java,425,return this.filesize;
S845,CpioArchiveEntry.java,434,return this.fileFormat;
S846,CpioArchiveEntry.java,443,return this.gid;
S847,CpioArchiveEntry.java,470,if (this.alignmentBoundary == 0) { return 0; }
S848,CpioArchiveEntry.java,471,int size = this.headerSize+this.name.length()+1; // Name has terminating null
S849,CpioArchiveEntry.java,472,int remain = size % this.alignmentBoundary;
S850,CpioArchiveEntry.java,473,if (remain > 0){
S851,CpioArchiveEntry.java,474,return this.alignmentBoundary - remain;
S852,CpioArchiveEntry.java,476,return 0;
S853,CpioArchiveEntry.java,485,if (this.alignmentBoundary == 0) { return 0; }
S854,CpioArchiveEntry.java,486,long size = this.filesize;
S855,CpioArchiveEntry.java,487,int remain = (int) (size % this.alignmentBoundary);
S856,CpioArchiveEntry.java,488,if (remain > 0){
S857,CpioArchiveEntry.java,489,return this.alignmentBoundary - remain;
S858,CpioArchiveEntry.java,491,return 0;
S859,CpioArchiveEntry.java,500,return this.inode;
S860,CpioArchiveEntry.java,509,return mode == 0 && !CPIO_TRAILER.equals(name) ? C_ISREG : mode;
S861,CpioArchiveEntry.java,518,return this.name;
S862,CpioArchiveEntry.java,527,return nlink == 0 ?
S863,CpioArchiveEntry.java,554,checkNewFormat();
S864,CpioArchiveEntry.java,555,return this.rmaj;
S865,CpioArchiveEntry.java,567,checkNewFormat();
S866,CpioArchiveEntry.java,568,return this.rmin;
S867,CpioArchiveEntry.java,577,return this.mtime;
S868,CpioArchiveEntry.java,591,return this.uid;
S869,CpioArchiveEntry.java,618,return (this.mode & S_IFMT) == C_ISDIR;
S870,CpioArchiveEntry.java,674,checkNewFormat();
S871,CpioArchiveEntry.java,675,this.chksum = chksum;
S872,CpioArchiveEntry.java,699,checkNewFormat();
S873,CpioArchiveEntry.java,700,this.maj = maj;
S874,CpioArchiveEntry.java,710,checkNewFormat();
S875,CpioArchiveEntry.java,711,this.min = min;
S876,CpioArchiveEntry.java,721,if (size < 0 || size > 0xFFFFFFFFL) {
S877,CpioArchiveEntry.java,725,this.filesize = size;
S878,CpioArchiveEntry.java,735,this.gid = gid;
S879,CpioArchiveEntry.java,745,this.inode = inode;
S880,CpioArchiveEntry.java,755,final long maskedMode = mode & S_IFMT;
S881,CpioArchiveEntry.java,756,switch ((int) maskedMode) {
S882,CpioArchiveEntry.java,765,break;
S883,CpioArchiveEntry.java,773,this.mode = mode;
S884,CpioArchiveEntry.java,783,this.name = name;
S885,CpioArchiveEntry.java,793,this.nlink = nlink;
S886,CpioArchiveEntry.java,820,checkNewFormat();
S887,CpioArchiveEntry.java,821,this.rmaj = rmaj;
S888,CpioArchiveEntry.java,834,checkNewFormat();
S889,CpioArchiveEntry.java,835,this.rmin = rmin;
S890,CpioArchiveEntry.java,845,this.mtime = time;
S891,CpioArchiveEntry.java,855,this.uid = uid;
S892,CpioArchiveInputStream.java,66,private boolean closed = false;
S893,CpioArchiveInputStream.java,70,private long entryBytesRead = 0;
S894,CpioArchiveInputStream.java,72,private boolean entryEOF = false;
S895,CpioArchiveInputStream.java,74,private final byte tmpbuf[] = new byte[4096];
S896,CpioArchiveInputStream.java,76,private long crc = 0;
S897,CpioArchiveInputStream.java,86,public CpioArchiveInputStream(final InputStream in) {
S898,CpioArchiveInputStream.java,87,this.in = in;
S899,CpioArchiveInputStream.java,119,if (!this.closed) {
S900,CpioArchiveInputStream.java,120,in.close();
S901,CpioArchiveInputStream.java,121,this.closed = true;
S902,CpioArchiveInputStream.java,134,ensureOpen();
S903,CpioArchiveInputStream.java,135,"while (read(this.tmpbuf, 0, this.tmpbuf.length) != -1) { // NOPMD"
S904,CpioArchiveInputStream.java,139,this.entryEOF = true;
S905,CpioArchiveInputStream.java,149,if (this.closed) {
S906,CpioArchiveInputStream.java,164,ensureOpen();
S907,CpioArchiveInputStream.java,165,if (this.entry != null) {
S908,CpioArchiveInputStream.java,166,closeEntry();
S909,CpioArchiveInputStream.java,168,byte magic[] = new byte[2];
S910,CpioArchiveInputStream.java,169,"readFully(magic, 0, magic.length);"
S911,CpioArchiveInputStream.java,170,"if (CpioUtil.byteArray2long(magic, false) == MAGIC_OLD_BINARY) {"
S912,CpioArchiveInputStream.java,172,"} else if (CpioUtil.byteArray2long(magic, true) == MAGIC_OLD_BINARY) {"
S913,CpioArchiveInputStream.java,175,byte more_magic[] = new byte[4];
S914,CpioArchiveInputStream.java,176,"readFully(more_magic, 0, more_magic.length);"
S915,CpioArchiveInputStream.java,177,byte tmp[] = new byte[6];
S916,CpioArchiveInputStream.java,178,"System.arraycopy(magic, 0, tmp, 0, magic.length);"
S917,CpioArchiveInputStream.java,179,"System.arraycopy(more_magic, 0, tmp, magic.length,"
S918,CpioArchiveInputStream.java,181,String magicString = ArchiveUtils.toAsciiString(tmp);
S919,CpioArchiveInputStream.java,182,if (magicString.equals(MAGIC_NEW)) {
S920,CpioArchiveInputStream.java,183,this.entry = readNewEntry(false);
S921,CpioArchiveInputStream.java,193,this.entryBytesRead = 0;
S922,CpioArchiveInputStream.java,194,this.entryEOF = false;
S923,CpioArchiveInputStream.java,195,this.crc = 0;
S924,CpioArchiveInputStream.java,197,if (this.entry.getName().equals(CPIO_TRAILER)) {
S925,CpioArchiveInputStream.java,198,this.entryEOF = true;
S926,CpioArchiveInputStream.java,199,return null;
S927,CpioArchiveInputStream.java,201,return this.entry;
S928,CpioArchiveInputStream.java,205,final byte[] buff = new byte[4]; // Cannot be more than 3 bytes
S929,CpioArchiveInputStream.java,206,if (bytes > 0) {
S930,CpioArchiveInputStream.java,207,"readFully(buff, 0, bytes);"
S931,CpioArchiveInputStream.java,230,ensureOpen();
S932,CpioArchiveInputStream.java,231,if (off < 0 || len < 0 || off > b.length - len) {
S933,CpioArchiveInputStream.java,233,} else if (len == 0) {
S934,CpioArchiveInputStream.java,237,if (this.entry == null || this.entryEOF) {
S935,CpioArchiveInputStream.java,238,return -1;
S936,CpioArchiveInputStream.java,240,if (this.entryBytesRead == this.entry.getSize()) {
S937,CpioArchiveInputStream.java,241,skip(entry.getDataPadCount());
S938,CpioArchiveInputStream.java,242,this.entryEOF = true;
S939,CpioArchiveInputStream.java,243,if (this.entry.getFormat() == FORMAT_NEW_CRC
S940,CpioArchiveInputStream.java,248,return -1; // EOF for this entry
S941,CpioArchiveInputStream.java,250,"int tmplength = (int) Math.min(len, this.entry.getSize()"
S942,CpioArchiveInputStream.java,252,if (tmplength < 0) {
S943,CpioArchiveInputStream.java,256,"int tmpread = readFully(b, off, tmplength);"
S944,CpioArchiveInputStream.java,257,if (this.entry.getFormat() == FORMAT_NEW_CRC) {
S945,CpioArchiveInputStream.java,262,this.entryBytesRead += tmpread;
S946,CpioArchiveInputStream.java,264,return tmpread;
S947,CpioArchiveInputStream.java,269,if (len < 0) {
S948,CpioArchiveInputStream.java,272,int n = 0;
S949,CpioArchiveInputStream.java,273,while (n < len) {
S950,CpioArchiveInputStream.java,274,"int count = this.in.read(b, off + n, len - n);"
S951,CpioArchiveInputStream.java,275,count(count);
S952,CpioArchiveInputStream.java,276,if (count < 0) {
S953,CpioArchiveInputStream.java,279,n += count;
S954,CpioArchiveInputStream.java,281,return n;
S955,CpioArchiveInputStream.java,293,byte tmpBuffer[] = new byte[length];
S956,CpioArchiveInputStream.java,294,"readFully(tmpBuffer, 0, tmpBuffer.length);"
S957,CpioArchiveInputStream.java,295,"return Long.parseLong(ArchiveUtils.toAsciiString(tmpBuffer), radix);"
S958,CpioArchiveInputStream.java,301,if (hasCrc) {
S959,CpioArchiveInputStream.java,304,ret = new CpioArchiveEntry(FORMAT_NEW);
S960,CpioArchiveInputStream.java,307,"ret.setInode(readAsciiLong(8, 16));"
S961,CpioArchiveInputStream.java,308,"long mode = readAsciiLong(8, 16);"
S962,CpioArchiveInputStream.java,309,if (mode != 0){ // mode is initialised to 0
S963,CpioArchiveInputStream.java,310,ret.setMode(mode);
S964,CpioArchiveInputStream.java,312,"ret.setUID(readAsciiLong(8, 16));"
S965,CpioArchiveInputStream.java,313,"ret.setGID(readAsciiLong(8, 16));"
S966,CpioArchiveInputStream.java,314,"ret.setNumberOfLinks(readAsciiLong(8, 16));"
S967,CpioArchiveInputStream.java,315,"ret.setTime(readAsciiLong(8, 16));"
S968,CpioArchiveInputStream.java,316,"ret.setSize(readAsciiLong(8, 16));"
S969,CpioArchiveInputStream.java,317,"ret.setDeviceMaj(readAsciiLong(8, 16));"
S970,CpioArchiveInputStream.java,318,"ret.setDeviceMin(readAsciiLong(8, 16));"
S971,CpioArchiveInputStream.java,319,"ret.setRemoteDeviceMaj(readAsciiLong(8, 16));"
S972,CpioArchiveInputStream.java,320,"ret.setRemoteDeviceMin(readAsciiLong(8, 16));"
S973,CpioArchiveInputStream.java,321,"long namesize = readAsciiLong(8, 16);"
S974,CpioArchiveInputStream.java,322,"ret.setChksum(readAsciiLong(8, 16));"
S975,CpioArchiveInputStream.java,323,String name = readCString((int) namesize);
S976,CpioArchiveInputStream.java,324,ret.setName(name);
S977,CpioArchiveInputStream.java,325,if (mode == 0 && !name.equals(CPIO_TRAILER)){
S978,CpioArchiveInputStream.java,328,skip(ret.getHeaderPadCount());
S979,CpioArchiveInputStream.java,330,return ret;
S980,CpioArchiveInputStream.java,386,byte tmpBuffer[] = new byte[length];
S981,CpioArchiveInputStream.java,387,"readFully(tmpBuffer, 0, tmpBuffer.length);"
S982,CpioArchiveInputStream.java,388,"return new String(tmpBuffer, 0, tmpBuffer.length - 1); // TODO default charset?"
S983,CpioArchiveInputStream.java,429,return getNextCPIOEntry();
S984,CpioArchiveInputStream.java,446,if (length < 6) {
S985,CpioArchiveInputStream.java,451,if (signature[0] == 0x71 && (signature[1] & 0xFF) == 0xc7) {
S986,CpioArchiveInputStream.java,454,if (signature[1] == 0x71 && (signature[0] & 0xFF) == 0xc7) {
S987,CpioArchiveInputStream.java,460,if (signature[0] != 0x30) {
S988,CpioArchiveInputStream.java,461,return false;
S989,CpioArchiveInputStream.java,463,if (signature[1] != 0x37) {
S990,CpioArchiveInputStream.java,466,if (signature[2] != 0x30) {
S991,CpioArchiveInputStream.java,469,if (signature[3] != 0x37) {
S992,CpioArchiveInputStream.java,472,if (signature[4] != 0x30) {
S993,CpioArchiveInputStream.java,476,if (signature[5] == 0x31) {
S994,CpioArchiveInputStream.java,477,return true;
S995,CpioArchiveInputStream.java,479,if (signature[5] == 0x32) {
S996,CpioArchiveInputStream.java,480,return true;
S997,CpioArchiveOutputStream.java,66,private boolean closed = false;
S998,CpioArchiveOutputStream.java,76,"private final HashMap<String, CpioArchiveEntry> names ="
S999,CpioArchiveOutputStream.java,79,private long crc = 0;
S1000,CpioArchiveOutputStream.java,87,private long nextArtificalDeviceAndInode = 1;
S1001,CpioArchiveOutputStream.java,99,"this(out, format, BLOCK_SIZE);"
S1002,CpioArchiveOutputStream.java,115,final int blockSize) {
S1003,CpioArchiveOutputStream.java,116,this.out = out;
S1004,CpioArchiveOutputStream.java,117,switch (format) {
S1005,CpioArchiveOutputStream.java,122,break;
S1006,CpioArchiveOutputStream.java,127,this.entryFormat = format;
S1007,CpioArchiveOutputStream.java,128,this.blockSize = blockSize;
S1008,CpioArchiveOutputStream.java,139,"this(out, FORMAT_NEW);"
S1009,CpioArchiveOutputStream.java,149,if (this.closed) {
S1010,CpioArchiveOutputStream.java,150,"throw new IOException(""Stream closed"");"
S1011,CpioArchiveOutputStream.java,170,if(finished) {
S1012,CpioArchiveOutputStream.java,174,CpioArchiveEntry e = (CpioArchiveEntry) entry;
S1013,CpioArchiveOutputStream.java,175,ensureOpen();
S1014,CpioArchiveOutputStream.java,176,if (this.entry != null) {
S1015,CpioArchiveOutputStream.java,179,if (e.getTime() == -1) {
S1016,CpioArchiveOutputStream.java,183,final short format = e.getFormat();
S1017,CpioArchiveOutputStream.java,184,if (format != this.entryFormat){
S1018,CpioArchiveOutputStream.java,188,"if (this.names.put(e.getName(), e) != null) {"
S1019,CpioArchiveOutputStream.java,192,writeHeader(e);
S1020,CpioArchiveOutputStream.java,193,this.entry = e;
S1021,CpioArchiveOutputStream.java,194,this.written = 0;
S1022,CpioArchiveOutputStream.java,198,switch (e.getFormat()) {
S1023,CpioArchiveOutputStream.java,200,out.write(ArchiveUtils.toAsciiBytes(MAGIC_NEW));
S1024,CpioArchiveOutputStream.java,201,count(6);
S1025,CpioArchiveOutputStream.java,202,writeNewEntry(e);
S1026,CpioArchiveOutputStream.java,203,break;
S1027,CpioArchiveOutputStream.java,223,long inode = entry.getInode();
S1028,CpioArchiveOutputStream.java,224,long devMin = entry.getDeviceMin();
S1029,CpioArchiveOutputStream.java,225,if (CPIO_TRAILER.equals(entry.getName())) {
S1030,CpioArchiveOutputStream.java,226,inode = devMin = 0;
S1031,CpioArchiveOutputStream.java,228,if (inode == 0 && devMin == 0) {
S1032,CpioArchiveOutputStream.java,229,inode = nextArtificalDeviceAndInode & 0xFFFFFFFF;
S1033,CpioArchiveOutputStream.java,230,devMin = (nextArtificalDeviceAndInode++ >> 32) & 0xFFFFFFFF;
S1034,CpioArchiveOutputStream.java,232,nextArtificalDeviceAndInode =
S1035,CpioArchiveOutputStream.java,238,"writeAsciiLong(inode, 8, 16);"
S1036,CpioArchiveOutputStream.java,239,"writeAsciiLong(entry.getMode(), 8, 16);"
S1037,CpioArchiveOutputStream.java,240,"writeAsciiLong(entry.getUID(), 8, 16);"
S1038,CpioArchiveOutputStream.java,241,"writeAsciiLong(entry.getGID(), 8, 16);"
S1039,CpioArchiveOutputStream.java,242,"writeAsciiLong(entry.getNumberOfLinks(), 8, 16);"
S1040,CpioArchiveOutputStream.java,243,"writeAsciiLong(entry.getTime(), 8, 16);"
S1041,CpioArchiveOutputStream.java,244,"writeAsciiLong(entry.getSize(), 8, 16);"
S1042,CpioArchiveOutputStream.java,245,"writeAsciiLong(entry.getDeviceMaj(), 8, 16);"
S1043,CpioArchiveOutputStream.java,246,"writeAsciiLong(devMin, 8, 16);"
S1044,CpioArchiveOutputStream.java,247,"writeAsciiLong(entry.getRemoteDeviceMaj(), 8, 16);"
S1045,CpioArchiveOutputStream.java,248,"writeAsciiLong(entry.getRemoteDeviceMin(), 8, 16);"
S1046,CpioArchiveOutputStream.java,249,"writeAsciiLong(entry.getName().length() + 1, 8, 16);"
S1047,CpioArchiveOutputStream.java,250,"writeAsciiLong(entry.getChksum(), 8, 16);"
S1048,CpioArchiveOutputStream.java,251,writeCString(entry.getName());
S1049,CpioArchiveOutputStream.java,252,pad(entry.getHeaderPadCount());
S1050,CpioArchiveOutputStream.java,324,if(finished) {
S1051,CpioArchiveOutputStream.java,328,ensureOpen();
S1052,CpioArchiveOutputStream.java,330,if (entry == null) {
S1053,CpioArchiveOutputStream.java,331,"throw new IOException(""Trying to close non-existent entry"");"
S1054,CpioArchiveOutputStream.java,334,if (this.entry.getSize() != this.written) {
S1055,CpioArchiveOutputStream.java,339,pad(this.entry.getDataPadCount());
S1056,CpioArchiveOutputStream.java,340,if (this.entry.getFormat() == FORMAT_NEW_CRC
S1057,CpioArchiveOutputStream.java,344,this.entry = null;
S1058,CpioArchiveOutputStream.java,345,this.crc = 0;
S1059,CpioArchiveOutputStream.java,346,this.written = 0;
S1060,CpioArchiveOutputStream.java,366,ensureOpen();
S1061,CpioArchiveOutputStream.java,367,if (off < 0 || len < 0 || off > b.length - len) {
S1062,CpioArchiveOutputStream.java,369,} else if (len == 0) {
S1063,CpioArchiveOutputStream.java,373,if (this.entry == null) {
S1064,CpioArchiveOutputStream.java,376,if (this.written + len > this.entry.getSize()) {
S1065,CpioArchiveOutputStream.java,379,"out.write(b, off, len);"
S1066,CpioArchiveOutputStream.java,380,this.written += len;
S1067,CpioArchiveOutputStream.java,381,if (this.entry.getFormat() == FORMAT_NEW_CRC) {
S1068,CpioArchiveOutputStream.java,386,count(len);
S1069,CpioArchiveOutputStream.java,400,ensureOpen();
S1070,CpioArchiveOutputStream.java,401,if (finished) {
S1071,CpioArchiveOutputStream.java,405,if (this.entry != null) {
S1072,CpioArchiveOutputStream.java,406,"throw new IOException(""This archive contains unclosed entries."");"
S1073,CpioArchiveOutputStream.java,408,this.entry = new CpioArchiveEntry(this.entryFormat);
S1074,CpioArchiveOutputStream.java,409,this.entry.setName(CPIO_TRAILER);
S1075,CpioArchiveOutputStream.java,410,this.entry.setNumberOfLinks(1);
S1076,CpioArchiveOutputStream.java,411,writeHeader(this.entry);
S1077,CpioArchiveOutputStream.java,412,closeArchiveEntry();
S1078,CpioArchiveOutputStream.java,414,int lengthOfLastBlock = (int) (getBytesWritten() % blockSize);
S1079,CpioArchiveOutputStream.java,415,if (lengthOfLastBlock != 0) {
S1080,CpioArchiveOutputStream.java,416,pad(blockSize - lengthOfLastBlock);
S1081,CpioArchiveOutputStream.java,419,finished = true;
S1082,CpioArchiveOutputStream.java,431,if(!finished) {
S1083,CpioArchiveOutputStream.java,432,finish();
S1084,CpioArchiveOutputStream.java,435,if (!this.closed) {
S1085,CpioArchiveOutputStream.java,436,out.close();
S1086,CpioArchiveOutputStream.java,437,this.closed = true;
S1087,CpioArchiveOutputStream.java,442,if (count > 0){
S1088,CpioArchiveOutputStream.java,443,byte buff[] = new byte[count];
S1089,CpioArchiveOutputStream.java,444,out.write(buff);
S1090,CpioArchiveOutputStream.java,445,count(count);
S1091,CpioArchiveOutputStream.java,458,StringBuffer tmp = new StringBuffer();
S1092,CpioArchiveOutputStream.java,460,if (radix == 16) {
S1093,CpioArchiveOutputStream.java,461,tmp.append(Long.toHexString(number));
S1094,CpioArchiveOutputStream.java,468,if (tmp.length() <= length) {
S1095,CpioArchiveOutputStream.java,469,long insertLength = length - tmp.length();
S1096,CpioArchiveOutputStream.java,470,for (int pos = 0; pos < insertLength; pos++) {
S1097,CpioArchiveOutputStream.java,471,"tmp.insert(0, ""0"");"
S1098,CpioArchiveOutputStream.java,473,tmpStr = tmp.toString();
S1099,CpioArchiveOutputStream.java,474,} else {
S1100,CpioArchiveOutputStream.java,477,byte[] b = ArchiveUtils.toAsciiBytes(tmpStr);
S1101,CpioArchiveOutputStream.java,478,out.write(b);
S1102,CpioArchiveOutputStream.java,479,count(b.length);
S1103,CpioArchiveOutputStream.java,488,byte[] b = ArchiveUtils.toAsciiBytes(str);
S1104,CpioArchiveOutputStream.java,489,out.write(b);
S1105,CpioArchiveOutputStream.java,490,out.write('\0');
S1106,CpioArchiveOutputStream.java,491,count(b.length + 1);
S1107,CpioArchiveOutputStream.java,502,if(finished) {
S1108,CpioArchiveOutputStream.java,505,"return new CpioArchiveEntry(inputFile, entryName);"
S1109,CpioUtil.java,39,if (number.length % 2 != 0) {
S1110,CpioUtil.java,43,long ret = 0;
S1111,CpioUtil.java,44,int pos = 0;
S1112,CpioUtil.java,45,byte tmp_number[] = new byte[number.length];
S1113,CpioUtil.java,46,"System.arraycopy(number, 0, tmp_number, 0, number.length);"
S1114,CpioUtil.java,48,if (!swapHalfWord) {
S1115,CpioUtil.java,49,byte tmp = 0;
S1116,CpioUtil.java,50,for (pos = 0; pos < tmp_number.length; pos++) {
S1117,CpioUtil.java,51,tmp = tmp_number[pos];
S1118,CpioUtil.java,52,tmp_number[pos++] = tmp_number[pos];
S1119,CpioUtil.java,53,tmp_number[pos] = tmp;
S1120,CpioUtil.java,57,ret = tmp_number[0] & 0xFF;
S1121,CpioUtil.java,58,for (pos = 1; pos < tmp_number.length; pos++) {
S1122,CpioUtil.java,59,ret <<= 8;
S1123,CpioUtil.java,60,ret |= tmp_number[pos] & 0xFF;
S1124,CpioUtil.java,62,return ret;
S1125,DumpArchiveInputStream.java,509,if (length < 32) {
S1126,DumpArchiveInputStream.java,514,if (length >= DumpArchiveConstants.TP_SIZE) {
S1127,DumpArchiveInputStream.java,519,"return DumpArchiveConstants.NFS_MAGIC == DumpArchiveUtil.convert32(buffer,"
S1128,DumpArchiveUtil.java,110,int i = 0;
S1129,DumpArchiveUtil.java,111,i = buffer[offset + 3] << 24;
S1130,DumpArchiveUtil.java,112,i += (buffer[offset + 2] << 16) & 0x00FF0000;
S1131,DumpArchiveUtil.java,113,i += (buffer[offset + 1] << 8) & 0x0000FF00;
S1132,DumpArchiveUtil.java,114,i += buffer[offset] & 0x000000FF;
S1133,DumpArchiveUtil.java,116,return i;
S1134,ExtraFieldUtils.java,41,"implementations = new HashMap<ZipShort, Class<?>>();"
S1135,ExtraFieldUtils.java,42,register(AsiExtraField.class);
S1136,ExtraFieldUtils.java,43,register(JarMarker.class);
S1137,ExtraFieldUtils.java,44,register(UnicodePathExtraField.class);
S1138,ExtraFieldUtils.java,45,register(UnicodeCommentExtraField.class);
S1139,ExtraFieldUtils.java,46,register(Zip64ExtendedInformationExtraField.class);
S1140,ExtraFieldUtils.java,58,ZipExtraField ze = (ZipExtraField) c.newInstance();
S1141,ExtraFieldUtils.java,59,"implementations.put(ze.getHeaderId(), c);"
S1142,ExtraFieldUtils.java,79,Class<?> c = implementations.get(headerId);
S1143,ExtraFieldUtils.java,80,if (c != null) {
S1144,ExtraFieldUtils.java,81,return (ZipExtraField) c.newInstance();
S1145,ExtraFieldUtils.java,83,UnrecognizedExtraField u = new UnrecognizedExtraField();
S1146,ExtraFieldUtils.java,84,u.setHeaderId(headerId);
S1147,ExtraFieldUtils.java,85,return u;
S1148,ExtraFieldUtils.java,130,List<ZipExtraField> v = new ArrayList<ZipExtraField>();
S1149,ExtraFieldUtils.java,131,int start = 0;
S1150,ExtraFieldUtils.java,133,while (start <= data.length - WORD) {
S1151,ExtraFieldUtils.java,134,"ZipShort headerId = new ZipShort(data, start);"
S1152,ExtraFieldUtils.java,135,"int length = (new ZipShort(data, start + 2)).getValue();"
S1153,ExtraFieldUtils.java,136,if (start + WORD + length > data.length) {
S1154,ExtraFieldUtils.java,168,ZipExtraField ze = createExtraField(headerId);
S1155,ExtraFieldUtils.java,169,if (local) {
S1156,ExtraFieldUtils.java,170,"ze.parseFromLocalFileData(data, start + WORD, length);"
S1157,ExtraFieldUtils.java,175,v.add(ze);
S1158,ExtraFieldUtils.java,181,start += (length + WORD);
S1159,ExtraFieldUtils.java,184,ZipExtraField[] result = new ZipExtraField[v.size()];
S1160,ExtraFieldUtils.java,185,return v.toArray(result);
S1161,ExtraFieldUtils.java,194,final boolean lastIsUnparseableHolder = data.length > 0
S1162,ExtraFieldUtils.java,196,int regularExtraFieldCount =
S1163,ExtraFieldUtils.java,199,int sum = WORD * regularExtraFieldCount;
S1164,ExtraFieldUtils.java,200,for (ZipExtraField element : data) {
S1165,ExtraFieldUtils.java,201,sum += element.getLocalFileDataLength().getValue();
S1166,ExtraFieldUtils.java,204,byte[] result = new byte[sum];
S1167,ExtraFieldUtils.java,205,int start = 0;
S1168,ExtraFieldUtils.java,206,for (int i = 0; i < regularExtraFieldCount; i++) {
S1169,ExtraFieldUtils.java,207,"System.arraycopy(data[i].getHeaderId().getBytes(),"
S1170,ExtraFieldUtils.java,209,"System.arraycopy(data[i].getLocalFileDataLength().getBytes(),"
S1171,ExtraFieldUtils.java,211,byte[] local = data[i].getLocalFileDataData();
S1172,ExtraFieldUtils.java,212,"System.arraycopy(local, 0, result, start + WORD, local.length);"
S1173,ExtraFieldUtils.java,213,start += (local.length + WORD);
S1174,ExtraFieldUtils.java,215,if (lastIsUnparseableHolder) {
S1175,ExtraFieldUtils.java,219,return result;
S1176,ExtraFieldUtils.java,228,final boolean lastIsUnparseableHolder = data.length > 0
S1177,ExtraFieldUtils.java,230,int regularExtraFieldCount =
S1178,ExtraFieldUtils.java,233,int sum = WORD * regularExtraFieldCount;
S1179,ExtraFieldUtils.java,234,for (ZipExtraField element : data) {
S1180,ExtraFieldUtils.java,235,sum += element.getCentralDirectoryLength().getValue();
S1181,ExtraFieldUtils.java,237,byte[] result = new byte[sum];
S1182,ExtraFieldUtils.java,238,int start = 0;
S1183,ExtraFieldUtils.java,239,for (int i = 0; i < regularExtraFieldCount; i++) {
S1184,ExtraFieldUtils.java,240,"System.arraycopy(data[i].getHeaderId().getBytes(),"
S1185,ExtraFieldUtils.java,242,"System.arraycopy(data[i].getCentralDirectoryLength().getBytes(),"
S1186,ExtraFieldUtils.java,244,byte[] local = data[i].getCentralDirectoryData();
S1187,ExtraFieldUtils.java,245,"System.arraycopy(local, 0, result, start + WORD, local.length);"
S1188,ExtraFieldUtils.java,246,start += (local.length + WORD);
S1189,ExtraFieldUtils.java,248,if (lastIsUnparseableHolder) {
S1190,ExtraFieldUtils.java,252,return result;
S1191,ExtraFieldUtils.java,278,public static final UnparseableExtraField THROW
S1192,ExtraFieldUtils.java,285,public static final UnparseableExtraField SKIP
S1193,ExtraFieldUtils.java,292,public static final UnparseableExtraField READ
S1194,ExtraFieldUtils.java,297,private UnparseableExtraField(int k) {
S1195,ExtraFieldUtils.java,298,key = k;
S1196,FallbackZipEncoding.java,60,public FallbackZipEncoding(String charset) {
S1197,FallbackZipEncoding.java,61,this.charset = charset;
S1198,FallbackZipEncoding.java,69,return true;
S1199,FallbackZipEncoding.java,77,"if (this.charset == null) { // i.e. use default charset, see no-args constructor"
S1200,FallbackZipEncoding.java,80,return ByteBuffer.wrap(name.getBytes(this.charset));
S1201,FallbackZipEncoding.java,89,"if (this.charset == null) { // i.e. use default charset, see no-args constructor"
S1202,FallbackZipEncoding.java,92,"return new String(data,this.charset);"
S1203,GeneralPurposeBit.java,52,private boolean languageEncodingFlag = false;
S1204,GeneralPurposeBit.java,53,private boolean dataDescriptorFlag = false;
S1205,GeneralPurposeBit.java,54,private boolean encryptionFlag = false;
S1206,GeneralPurposeBit.java,55,private boolean strongEncryptionFlag = false;
S1207,GeneralPurposeBit.java,57,public GeneralPurposeBit() {
S1208,GeneralPurposeBit.java,64,return languageEncodingFlag;
S1209,GeneralPurposeBit.java,71,languageEncodingFlag = b;
S1210,GeneralPurposeBit.java,79,return dataDescriptorFlag;
S1211,GeneralPurposeBit.java,87,dataDescriptorFlag = b;
S1212,GeneralPurposeBit.java,94,return encryptionFlag;
S1213,GeneralPurposeBit.java,101,encryptionFlag = b;
S1214,GeneralPurposeBit.java,115,strongEncryptionFlag = b;
S1215,GeneralPurposeBit.java,116,if (b) {
S1216,GeneralPurposeBit.java,125,return
S1217,GeneralPurposeBit.java,142,"final int generalPurposeFlag = ZipShort.getValue(data, offset);"
S1218,GeneralPurposeBit.java,143,GeneralPurposeBit b = new GeneralPurposeBit();
S1219,GeneralPurposeBit.java,144,b.useDataDescriptor((generalPurposeFlag & DATA_DESCRIPTOR_FLAG) != 0);
S1220,GeneralPurposeBit.java,145,b.useUTF8ForNames((generalPurposeFlag & UFT8_NAMES_FLAG) != 0);
S1221,GeneralPurposeBit.java,146,b.useStrongEncryption((generalPurposeFlag & STRONG_ENCRYPTION_FLAG)
S1222,GeneralPurposeBit.java,148,b.useEncryption((generalPurposeFlag & ENCRYPTION_FLAG) != 0);
S1223,GeneralPurposeBit.java,149,return b;
S1224,GeneralPurposeBit.java,162,if (!(o instanceof GeneralPurposeBit)) {
S1225,GeneralPurposeBit.java,165,GeneralPurposeBit g = (GeneralPurposeBit) o;
S1226,GeneralPurposeBit.java,166,return g.encryptionFlag == encryptionFlag
S1227,GzipCompressorInputStream.java,47,public class GzipCompressorInputStream extends CompressorInputStream {
S1228,GzipCompressorInputStream.java,63,private final byte[] buf = new byte[8192];
S1229,GzipCompressorInputStream.java,66,private int bufUsed = 0;
S1230,GzipCompressorInputStream.java,69,private Inflater inf = new Inflater(true);
S1231,GzipCompressorInputStream.java,72,private CRC32 crc = new CRC32();
S1232,GzipCompressorInputStream.java,77,private boolean endReached = false;
S1233,GzipCompressorInputStream.java,94,"this(inputStream, false);"
S1234,GzipCompressorInputStream.java,119,throws IOException {
S1235,GzipCompressorInputStream.java,122,if (inputStream.markSupported()) {
S1236,GzipCompressorInputStream.java,125,in = new BufferedInputStream(inputStream);
S1237,GzipCompressorInputStream.java,128,this.decompressConcatenated = decompressConcatenated;
S1238,GzipCompressorInputStream.java,129,init(true);
S1239,GzipCompressorInputStream.java,133,assert isFirstMember || decompressConcatenated;
S1240,GzipCompressorInputStream.java,136,int magic0 = in.read();
S1241,GzipCompressorInputStream.java,137,int magic1 = in.read();
S1242,GzipCompressorInputStream.java,141,if (magic0 == -1 && !isFirstMember) {
S1243,GzipCompressorInputStream.java,145,if (magic0 != 31 || magic1 != 139) {
S1244,GzipCompressorInputStream.java,152,DataInputStream inData = new DataInputStream(in);
S1245,GzipCompressorInputStream.java,153,int method = inData.readUnsignedByte();
S1246,GzipCompressorInputStream.java,154,if (method != 8) {
S1247,GzipCompressorInputStream.java,159,int flg = inData.readUnsignedByte();
S1248,GzipCompressorInputStream.java,160,if ((flg & FRESERVED) != 0) {
S1249,GzipCompressorInputStream.java,165,"inData.readInt(); // mtime, ignored"
S1250,GzipCompressorInputStream.java,166,"inData.readUnsignedByte(); // extra flags, ignored"
S1251,GzipCompressorInputStream.java,167,"inData.readUnsignedByte(); // operating system, ignored"
S1252,GzipCompressorInputStream.java,170,if ((flg & FEXTRA) != 0) {
S1253,GzipCompressorInputStream.java,183,if ((flg & FNAME) != 0) {
S1254,GzipCompressorInputStream.java,188,if ((flg & FCOMMENT) != 0) {
S1255,GzipCompressorInputStream.java,197,if ((flg & FHCRC) != 0) {
S1256,GzipCompressorInputStream.java,202,inf.reset();
S1257,GzipCompressorInputStream.java,203,crc.reset();
S1258,GzipCompressorInputStream.java,204,memberSize = 0;
S1259,GzipCompressorInputStream.java,206,return true;
S1260,GzipCompressorInputStream.java,227,if (endReached) {
S1261,GzipCompressorInputStream.java,231,int size = 0;
S1262,GzipCompressorInputStream.java,233,while (len > 0) {
S1263,GzipCompressorInputStream.java,234,if (inf.needsInput()) {
S1264,GzipCompressorInputStream.java,237,in.mark(buf.length);
S1265,GzipCompressorInputStream.java,239,bufUsed = in.read(buf);
S1266,GzipCompressorInputStream.java,240,if (bufUsed == -1) {
S1267,GzipCompressorInputStream.java,244,"inf.setInput(buf, 0, bufUsed);"
S1268,GzipCompressorInputStream.java,249,"ret = inf.inflate(b, off, len);"
S1269,GzipCompressorInputStream.java,254,"crc.update(b, off, ret);"
S1270,GzipCompressorInputStream.java,255,memberSize += ret;
S1271,GzipCompressorInputStream.java,256,off += ret;
S1272,GzipCompressorInputStream.java,257,len -= ret;
S1273,GzipCompressorInputStream.java,258,size += ret;
S1274,GzipCompressorInputStream.java,259,count(ret);
S1275,GzipCompressorInputStream.java,261,if (inf.finished()) {
S1276,GzipCompressorInputStream.java,267,in.reset();
S1277,GzipCompressorInputStream.java,269,int skipAmount = bufUsed - inf.getRemaining();
S1278,GzipCompressorInputStream.java,270,if (in.skip(skipAmount) != skipAmount) {
S1279,GzipCompressorInputStream.java,274,bufUsed = 0;
S1280,GzipCompressorInputStream.java,276,DataInputStream inData = new DataInputStream(in);
S1281,GzipCompressorInputStream.java,279,long crcStored = 0;
S1282,GzipCompressorInputStream.java,280,for (int i = 0; i < 4; ++i) {
S1283,GzipCompressorInputStream.java,281,crcStored |= (long)inData.readUnsignedByte() << (i * 8);
S1284,GzipCompressorInputStream.java,284,if (crcStored != crc.getValue()) {
S1285,GzipCompressorInputStream.java,290,int isize = 0;
S1286,GzipCompressorInputStream.java,291,for (int i = 0; i < 4; ++i) {
S1287,GzipCompressorInputStream.java,292,isize |= inData.readUnsignedByte() << (i * 8);
S1288,GzipCompressorInputStream.java,295,if (isize != memberSize) {
S1289,GzipCompressorInputStream.java,301,if (!decompressConcatenated || !init(false)) {
S1290,GzipCompressorInputStream.java,302,inf.end();
S1291,GzipCompressorInputStream.java,303,inf = null;
S1292,GzipCompressorInputStream.java,304,endReached = true;
S1293,GzipCompressorInputStream.java,305,return size == 0 ? -1 : size;
S1294,GzipCompressorInputStream.java,346,if (inf != null) {
S1295,GzipCompressorInputStream.java,351,if (this.in != System.in) {
S1296,GzipCompressorInputStream.java,352,this.in.close();
S1297,IOUtils.java,47,"return copy(input, output, 8024);"
S1298,IOUtils.java,63,final byte[] buffer = new byte[buffersize];
S1299,IOUtils.java,64,int n = 0;
S1300,IOUtils.java,65,long count=0;
S1301,IOUtils.java,66,while (-1 != (n = input.read(buffer))) {
S1302,IOUtils.java,67,"output.write(buffer, 0, n);"
S1303,IOUtils.java,68,count += n;
S1304,IOUtils.java,70,return count;
S1305,JarArchiveEntry.java,35,private Attributes manifestAttributes = null;
S1306,JarArchiveEntry.java,36,private Certificate[] certificates = null;
S1307,JarArchiveEntry.java,43,super(name);
S1308,JarArchiveEntry.java,47,super(entry);
S1309,JarArchiveEntry.java,75,return super.hashCode();
S1310,JarArchiveInputStream.java,36,super(inputStream);
S1311,JarArchiveInputStream.java,40,ZipArchiveEntry entry = getNextZipEntry();
S1312,JarArchiveInputStream.java,41,return entry == null ? null : new JarArchiveEntry(entry);
S1313,JarArchiveInputStream.java,46,return getNextJarEntry();
S1314,JarArchiveInputStream.java,60,"return ZipArchiveInputStream.matches(signature, length);"
S1315,JarArchiveOutputStream.java,38,private boolean jarMarkerAdded = false;
S1316,JarArchiveOutputStream.java,41,super(out);
S1317,JarArchiveOutputStream.java,47,if (!jarMarkerAdded) {
S1318,JarArchiveOutputStream.java,48,((ZipArchiveEntry)ze).addAsFirstExtraField(JarMarker.getInstance());
S1319,JarArchiveOutputStream.java,49,jarMarkerAdded = true;
S1320,JarArchiveOutputStream.java,51,super.putArchiveEntry(ze);
S1321,JarMarker.java,29,private static final ZipShort ID = new ZipShort(0xCAFE);
S1322,JarMarker.java,30,private static final ZipShort NULL = new ZipShort(0);
S1323,JarMarker.java,31,private static final byte[] NO_BYTES = new byte[0];
S1324,JarMarker.java,32,private static final JarMarker DEFAULT = new JarMarker();
S1325,JarMarker.java,35,public JarMarker() {
S1326,JarMarker.java,44,return DEFAULT;
S1327,JarMarker.java,52,return ID;
S1328,JarMarker.java,61,return NULL;
S1329,JarMarker.java,70,return NULL;
S1330,JarMarker.java,79,return NO_BYTES;
S1331,JarMarker.java,88,return NO_BYTES;
S1332,JarMarker.java,101,if (length != 0) {
S1333,NioZipEncoding.java,50,public NioZipEncoding(Charset charset) {
S1334,NioZipEncoding.java,51,this.charset = charset;
S1335,NioZipEncoding.java,59,CharsetEncoder enc = this.charset.newEncoder();
S1336,NioZipEncoding.java,60,enc.onMalformedInput(CodingErrorAction.REPORT);
S1337,NioZipEncoding.java,61,enc.onUnmappableCharacter(CodingErrorAction.REPORT);
S1338,NioZipEncoding.java,63,return enc.canEncode(name);
S1339,NioZipEncoding.java,71,CharsetEncoder enc = this.charset.newEncoder();
S1340,NioZipEncoding.java,73,enc.onMalformedInput(CodingErrorAction.REPORT);
S1341,NioZipEncoding.java,74,enc.onUnmappableCharacter(CodingErrorAction.REPORT);
S1342,NioZipEncoding.java,76,CharBuffer cb = CharBuffer.wrap(name);
S1343,NioZipEncoding.java,77,ByteBuffer out = ByteBuffer.allocate(name.length()
S1344,NioZipEncoding.java,80,while (cb.remaining() > 0) {
S1345,NioZipEncoding.java,81,"CoderResult res = enc.encode(cb, out,true);"
S1346,NioZipEncoding.java,83,if (res.isUnmappable() || res.isMalformed()) {
S1347,NioZipEncoding.java,96,} else if (res.isOverflow()) {
S1348,NioZipEncoding.java,100,} else if (res.isUnderflow()) {
S1349,NioZipEncoding.java,102,enc.flush(out);
S1350,NioZipEncoding.java,103,break;
S1351,NioZipEncoding.java,108,out.limit(out.position());
S1352,NioZipEncoding.java,109,out.rewind();
S1353,NioZipEncoding.java,110,return out;
S1354,NioZipEncoding.java,118,return this.charset.newDecoder()
S1355,TarArchiveEntry.java,185,private TarArchiveEntry() {
S1356,TarArchiveEntry.java,186,this.magic = MAGIC_POSIX;
S1357,TarArchiveEntry.java,187,this.version = VERSION_POSIX;
S1358,TarArchiveEntry.java,188,"this.name = """";"
S1359,TarArchiveEntry.java,189,"this.linkName = """";"
S1360,TarArchiveEntry.java,191,"String user = System.getProperty(""user.name"", """");"
S1361,TarArchiveEntry.java,193,if (user.length() > MAX_NAMELEN) {
S1362,TarArchiveEntry.java,197,this.userId = 0;
S1363,TarArchiveEntry.java,198,this.groupId = 0;
S1364,TarArchiveEntry.java,199,this.userName = user;
S1365,TarArchiveEntry.java,200,"this.groupName = """";"
S1366,TarArchiveEntry.java,201,this.file = null;
S1367,TarArchiveEntry.java,211,"this(name, false);"
S1368,TarArchiveEntry.java,225,this();
S1369,TarArchiveEntry.java,227,"name = normalizeFileName(name, preserveLeadingSlashes);"
S1370,TarArchiveEntry.java,228,"boolean isDir = name.endsWith(""/"");"
S1371,TarArchiveEntry.java,230,this.devMajor = 0;
S1372,TarArchiveEntry.java,231,this.devMinor = 0;
S1373,TarArchiveEntry.java,232,this.name = name;
S1374,TarArchiveEntry.java,233,this.mode = isDir ? DEFAULT_DIR_MODE : DEFAULT_FILE_MODE;
S1375,TarArchiveEntry.java,234,this.linkFlag = isDir ? LF_DIR : LF_NORMAL;
S1376,TarArchiveEntry.java,235,this.userId = 0;
S1377,TarArchiveEntry.java,236,this.groupId = 0;
S1378,TarArchiveEntry.java,237,this.size = 0;
S1379,TarArchiveEntry.java,238,this.modTime = (new Date()).getTime() / MILLIS_PER_SECOND;
S1380,TarArchiveEntry.java,239,"this.linkName = """";"
S1381,TarArchiveEntry.java,240,"this.userName = """";"
S1382,TarArchiveEntry.java,241,"this.groupName = """";"
S1383,TarArchiveEntry.java,251,this(name);
S1384,TarArchiveEntry.java,252,this.linkFlag = linkFlag;
S1385,TarArchiveEntry.java,253,if (linkFlag == LF_GNUTYPE_LONGNAME) {
S1386,TarArchiveEntry.java,267,"this(file, normalizeFileName(file.getPath(), false));"
S1387,TarArchiveEntry.java,278,this();
S1388,TarArchiveEntry.java,280,this.file = file;
S1389,TarArchiveEntry.java,282,"this.linkName = """";"
S1390,TarArchiveEntry.java,284,if (file.isDirectory()) {
S1391,TarArchiveEntry.java,285,this.mode = DEFAULT_DIR_MODE;
S1392,TarArchiveEntry.java,286,this.linkFlag = LF_DIR;
S1393,TarArchiveEntry.java,288,int nameLength = fileName.length();
S1394,TarArchiveEntry.java,289,if (nameLength == 0 || fileName.charAt(nameLength - 1) != '/') {
S1395,TarArchiveEntry.java,290,"this.name = fileName + ""/"";"
S1396,TarArchiveEntry.java,294,this.size = 0;
S1397,TarArchiveEntry.java,295,} else {
S1398,TarArchiveEntry.java,296,this.mode = DEFAULT_FILE_MODE;
S1399,TarArchiveEntry.java,297,this.linkFlag = LF_NORMAL;
S1400,TarArchiveEntry.java,298,this.size = file.length();
S1401,TarArchiveEntry.java,299,this.name = fileName;
S1402,TarArchiveEntry.java,302,this.modTime = file.lastModified() / MILLIS_PER_SECOND;
S1403,TarArchiveEntry.java,303,this.devMajor = 0;
S1404,TarArchiveEntry.java,304,this.devMinor = 0;
S1405,TarArchiveEntry.java,330,this();
S1406,TarArchiveEntry.java,331,"parseTarHeader(headerBuf, encoding);"
S1407,TarArchiveEntry.java,388,return name.toString();
S1408,TarArchiveEntry.java,397,"this.name = normalizeFileName(name, false);"
S1409,TarArchiveEntry.java,406,this.mode = mode;
S1410,TarArchiveEntry.java,415,return linkName.toString();
S1411,TarArchiveEntry.java,426,this.linkName = link;
S1412,TarArchiveEntry.java,435,return userId;
S1413,TarArchiveEntry.java,444,this.userId = userId;
S1414,TarArchiveEntry.java,453,return groupId;
S1415,TarArchiveEntry.java,462,this.groupId = groupId;
S1416,TarArchiveEntry.java,480,this.userName = userName;
S1417,TarArchiveEntry.java,498,this.groupName = groupName;
S1418,TarArchiveEntry.java,530,modTime = time / MILLIS_PER_SECOND;
S1419,TarArchiveEntry.java,548,return new Date(modTime * MILLIS_PER_SECOND);
S1420,TarArchiveEntry.java,553,return getModTime();
S1421,TarArchiveEntry.java,564,return checkSumOK;
S1422,TarArchiveEntry.java,582,return mode;
S1423,TarArchiveEntry.java,591,return size;
S1424,TarArchiveEntry.java,601,if (size < 0){
S1425,TarArchiveEntry.java,602,"throw new IllegalArgumentException(""Size is out of range: ""+size);"
S1426,TarArchiveEntry.java,604,this.size = size;
S1427,TarArchiveEntry.java,614,return devMajor;
S1428,TarArchiveEntry.java,639,return devMinor;
S1429,TarArchiveEntry.java,664,return isExtended;
S1430,TarArchiveEntry.java,682,return linkFlag == LF_GNUTYPE_SPARSE;
S1431,TarArchiveEntry.java,691,return linkFlag == LF_GNUTYPE_LONGNAME
S1432,TarArchiveEntry.java,704,return linkFlag == LF_PAX_EXTENDED_HEADER_LC
S1433,TarArchiveEntry.java,725,if (file != null) {
S1434,TarArchiveEntry.java,726,return file.isDirectory();
S1435,TarArchiveEntry.java,729,if (linkFlag == LF_DIR) {
S1436,TarArchiveEntry.java,730,return true;
S1437,TarArchiveEntry.java,733,"if (getName().endsWith(""/"")) {"
S1438,TarArchiveEntry.java,737,return false;
S1439,TarArchiveEntry.java,761,return linkFlag == LF_SYMLINK;
S1440,TarArchiveEntry.java,770,return linkFlag == LF_LINK;
S1441,TarArchiveEntry.java,853,int offset = 0;
S1442,TarArchiveEntry.java,855,"offset = TarUtils.formatNameBytes(name, outbuf, offset, NAMELEN,"
S1443,TarArchiveEntry.java,857,"offset = writeEntryHeaderField(mode, outbuf, offset, MODELEN, starMode);"
S1444,TarArchiveEntry.java,858,"offset = writeEntryHeaderField(userId, outbuf, offset, UIDLEN,"
S1445,TarArchiveEntry.java,860,"offset = writeEntryHeaderField(groupId, outbuf, offset, GIDLEN,"
S1446,TarArchiveEntry.java,862,"offset = writeEntryHeaderField(size, outbuf, offset, SIZELEN, starMode);"
S1447,TarArchiveEntry.java,863,"offset = writeEntryHeaderField(modTime, outbuf, offset, MODTIMELEN,"
S1448,TarArchiveEntry.java,866,int csOffset = offset;
S1449,TarArchiveEntry.java,868,for (int c = 0; c < CHKSUMLEN; ++c) {
S1450,TarArchiveEntry.java,869,outbuf[offset++] = (byte) ' ';
S1451,TarArchiveEntry.java,872,outbuf[offset++] = linkFlag;
S1452,TarArchiveEntry.java,873,"offset = TarUtils.formatNameBytes(linkName, outbuf, offset, NAMELEN,"
S1453,TarArchiveEntry.java,875,"offset = TarUtils.formatNameBytes(magic, outbuf, offset, MAGICLEN);"
S1454,TarArchiveEntry.java,876,"offset = TarUtils.formatNameBytes(version, outbuf, offset, VERSIONLEN);"
S1455,TarArchiveEntry.java,877,"offset = TarUtils.formatNameBytes(userName, outbuf, offset, UNAMELEN,"
S1456,TarArchiveEntry.java,879,"offset = TarUtils.formatNameBytes(groupName, outbuf, offset, GNAMELEN,"
S1457,TarArchiveEntry.java,881,"offset = writeEntryHeaderField(devMajor, outbuf, offset, DEVLEN,"
S1458,TarArchiveEntry.java,883,"offset = writeEntryHeaderField(devMinor, outbuf, offset, DEVLEN,"
S1459,TarArchiveEntry.java,886,while (offset < outbuf.length) {
S1460,TarArchiveEntry.java,887,outbuf[offset++] = 0;
S1461,TarArchiveEntry.java,890,long chk = TarUtils.computeCheckSum(outbuf);
S1462,TarArchiveEntry.java,892,"TarUtils.formatCheckSumOctalBytes(chk, outbuf, csOffset, CHKSUMLEN);"
S1463,TarArchiveEntry.java,897,if (!starMode && (value < 0
S1464,TarArchiveEntry.java,902,"return TarUtils.formatLongOctalBytes(0, outbuf, offset, length);"
S1465,TarArchiveEntry.java,904,"return TarUtils.formatLongOctalOrBinaryBytes(value, outbuf, offset,"
S1466,TarArchiveEntry.java,938,"parseTarHeader(header, encoding, false);"
S1467,TarArchiveEntry.java,944,int offset = 0;
S1468,TarArchiveEntry.java,946,"name = oldStyle ? TarUtils.parseName(header, offset, NAMELEN)"
S1469,TarArchiveEntry.java,948,offset += NAMELEN;
S1470,TarArchiveEntry.java,949,"mode = (int) TarUtils.parseOctalOrBinary(header, offset, MODELEN);"
S1471,TarArchiveEntry.java,950,offset += MODELEN;
S1472,TarArchiveEntry.java,951,"userId = (int) TarUtils.parseOctalOrBinary(header, offset, UIDLEN);"
S1473,TarArchiveEntry.java,952,offset += UIDLEN;
S1474,TarArchiveEntry.java,953,"groupId = (int) TarUtils.parseOctalOrBinary(header, offset, GIDLEN);"
S1475,TarArchiveEntry.java,954,offset += GIDLEN;
S1476,TarArchiveEntry.java,955,"size = TarUtils.parseOctalOrBinary(header, offset, SIZELEN);"
S1477,TarArchiveEntry.java,956,offset += SIZELEN;
S1478,TarArchiveEntry.java,957,"modTime = TarUtils.parseOctalOrBinary(header, offset, MODTIMELEN);"
S1479,TarArchiveEntry.java,958,offset += MODTIMELEN;
S1480,TarArchiveEntry.java,959,checkSumOK = TarUtils.verifyCheckSum(header);
S1481,TarArchiveEntry.java,960,offset += CHKSUMLEN;
S1482,TarArchiveEntry.java,961,linkFlag = header[offset++];
S1483,TarArchiveEntry.java,962,"linkName = oldStyle ? TarUtils.parseName(header, offset, NAMELEN)"
S1484,TarArchiveEntry.java,964,offset += NAMELEN;
S1485,TarArchiveEntry.java,965,"magic = TarUtils.parseName(header, offset, MAGICLEN);"
S1486,TarArchiveEntry.java,966,offset += MAGICLEN;
S1487,TarArchiveEntry.java,967,"version = TarUtils.parseName(header, offset, VERSIONLEN);"
S1488,TarArchiveEntry.java,968,offset += VERSIONLEN;
S1489,TarArchiveEntry.java,969,"userName = oldStyle ? TarUtils.parseName(header, offset, UNAMELEN)"
S1490,TarArchiveEntry.java,971,offset += UNAMELEN;
S1491,TarArchiveEntry.java,972,"groupName = oldStyle ? TarUtils.parseName(header, offset, GNAMELEN)"
S1492,TarArchiveEntry.java,974,offset += GNAMELEN;
S1493,TarArchiveEntry.java,975,"devMajor = (int) TarUtils.parseOctalOrBinary(header, offset, DEVLEN);"
S1494,TarArchiveEntry.java,976,offset += DEVLEN;
S1495,TarArchiveEntry.java,977,"devMinor = (int) TarUtils.parseOctalOrBinary(header, offset, DEVLEN);"
S1496,TarArchiveEntry.java,978,offset += DEVLEN;
S1497,TarArchiveEntry.java,980,int type = evaluateType(header);
S1498,TarArchiveEntry.java,981,switch (type) {
S1499,TarArchiveEntry.java,983,offset += ATIMELEN_GNU;
S1500,TarArchiveEntry.java,984,offset += CTIMELEN_GNU;
S1501,TarArchiveEntry.java,985,offset += OFFSETLEN_GNU;
S1502,TarArchiveEntry.java,986,offset += LONGNAMESLEN_GNU;
S1503,TarArchiveEntry.java,987,offset += PAD2LEN_GNU;
S1504,TarArchiveEntry.java,988,offset += SPARSELEN_GNU;
S1505,TarArchiveEntry.java,989,"isExtended = TarUtils.parseBoolean(header, offset);"
S1506,TarArchiveEntry.java,990,offset += ISEXTENDEDLEN_GNU;
S1507,TarArchiveEntry.java,991,"realSize = TarUtils.parseOctal(header, offset, REALSIZELEN_GNU);"
S1508,TarArchiveEntry.java,992,offset += REALSIZELEN_GNU;
S1509,TarArchiveEntry.java,993,break;
S1510,TarArchiveEntry.java,997,String prefix = oldStyle
S1511,TarArchiveEntry.java,1002,"if (isDirectory() && !name.endsWith(""/"")){"
S1512,TarArchiveEntry.java,1005,if (prefix.length() > 0){
S1513,TarArchiveEntry.java,1006,"name = prefix + ""/"" + name;"
S1514,TarArchiveEntry.java,1018,"String osname = System.getProperty(""os.name"").toLowerCase(Locale.ENGLISH);"
S1515,TarArchiveEntry.java,1020,if (osname != null) {
S1516,TarArchiveEntry.java,1025,"if (osname.startsWith(""windows"")) {"
S1517,TarArchiveEntry.java,1036,"} else if (osname.indexOf(""netware"") > -1) {"
S1518,TarArchiveEntry.java,1044,"fileName = fileName.replace(File.separatorChar, '/');"
S1519,TarArchiveEntry.java,1049,"while (!preserveLeadingSlashes && fileName.startsWith(""/"")) {"
S1520,TarArchiveEntry.java,1050,fileName = fileName.substring(1);
S1521,TarArchiveEntry.java,1052,return fileName;
S1522,TarArchiveEntry.java,1062,"if (ArchiveUtils.matchAsciiBuffer(MAGIC_GNU, header, MAGIC_OFFSET, MAGICLEN)) {"
S1523,TarArchiveEntry.java,1063,return FORMAT_OLDGNU;
S1524,TarArchiveEntry.java,1065,"if (ArchiveUtils.matchAsciiBuffer(MAGIC_POSIX, header, MAGIC_OFFSET, MAGICLEN)) {"
S1525,TarArchiveEntry.java,1066,return FORMAT_POSIX;
S1526,TarArchiveEntry.java,1068,return 0;
S1527,TarArchiveInputStream.java,64,"this(is, TarBuffer.DEFAULT_BLKSIZE, TarBuffer.DEFAULT_RCDSIZE);"
S1528,TarArchiveInputStream.java,74,"this(is, TarBuffer.DEFAULT_BLKSIZE, TarBuffer.DEFAULT_RCDSIZE, encoding);"
S1529,TarArchiveInputStream.java,105,"this(is, blockSize, recordSize, null);"
S1530,TarArchiveInputStream.java,117,String encoding) {
S1531,TarArchiveInputStream.java,118,"this.buffer = new TarBuffer(is, blockSize, recordSize);"
S1532,TarArchiveInputStream.java,119,this.readBuf = null;
S1533,TarArchiveInputStream.java,120,this.hasHitEOF = false;
S1534,TarArchiveInputStream.java,121,this.encoding = ZipEncodingHelper.getZipEncoding(encoding);
S1535,TarArchiveInputStream.java,130,buffer.close();
S1536,TarArchiveInputStream.java,178,byte[] skipBuf = new byte[BUFFER_SIZE];
S1537,TarArchiveInputStream.java,179,long skip = numToSkip;
S1538,TarArchiveInputStream.java,180,while (skip > 0) {
S1539,TarArchiveInputStream.java,181,int realSkip = (int) (skip > skipBuf.length ? skipBuf.length : skip);
S1540,TarArchiveInputStream.java,182,"int numRead = read(skipBuf, 0, realSkip);"
S1541,TarArchiveInputStream.java,183,if (numRead == -1) {
S1542,TarArchiveInputStream.java,186,skip -= numRead;
S1543,TarArchiveInputStream.java,188,return (numToSkip - skip);
S1544,TarArchiveInputStream.java,212,if (hasHitEOF) {
S1545,TarArchiveInputStream.java,216,if (currEntry != null) {
S1546,TarArchiveInputStream.java,217,long numToSkip = entrySize - entryOffset;
S1547,TarArchiveInputStream.java,219,while (numToSkip > 0) {
S1548,TarArchiveInputStream.java,220,long skipped = skip(numToSkip);
S1549,TarArchiveInputStream.java,221,if (skipped <= 0) {
S1550,TarArchiveInputStream.java,225,numToSkip -= skipped;
S1551,TarArchiveInputStream.java,228,readBuf = null;
S1552,TarArchiveInputStream.java,231,byte[] headerBuf = getRecord();
S1553,TarArchiveInputStream.java,233,if (hasHitEOF) {
S1554,TarArchiveInputStream.java,234,currEntry = null;
S1555,TarArchiveInputStream.java,235,return null;
S1556,TarArchiveInputStream.java,239,"currEntry = new TarArchiveEntry(headerBuf, encoding);"
S1557,TarArchiveInputStream.java,240,} catch (IllegalArgumentException e) {
S1558,TarArchiveInputStream.java,241,"IOException ioe = new IOException(""Error detected parsing the header"");"
S1559,TarArchiveInputStream.java,242,ioe.initCause(e);
S1560,TarArchiveInputStream.java,243,throw ioe;
S1561,TarArchiveInputStream.java,245,entryOffset = 0;
S1562,TarArchiveInputStream.java,246,entrySize = currEntry.getSize();
S1563,TarArchiveInputStream.java,248,if (currEntry.isGNULongNameEntry()) {
S1564,TarArchiveInputStream.java,270,if (currEntry.isPaxHeader()){ // Process Pax headers
S1565,TarArchiveInputStream.java,271,paxHeaders();
S1566,TarArchiveInputStream.java,274,if (currEntry.isGNUSparse()){ // Process sparse files
S1567,TarArchiveInputStream.java,275,readGNUSparse();
S1568,TarArchiveInputStream.java,282,entrySize = currEntry.getSize();
S1569,TarArchiveInputStream.java,283,return currEntry;
S1570,TarArchiveInputStream.java,299,if (hasHitEOF) {
S1571,TarArchiveInputStream.java,303,byte[] headerBuf = buffer.readRecord();
S1572,TarArchiveInputStream.java,305,if (headerBuf == null) {
S1573,TarArchiveInputStream.java,307,} else if (buffer.isEOFRecord(headerBuf)) {
S1574,TarArchiveInputStream.java,308,hasHitEOF = true;
S1575,TarArchiveInputStream.java,311,return hasHitEOF ? null : headerBuf;
S1576,TarArchiveInputStream.java,315,"Map<String, String> headers = parsePaxHeaders(this);"
S1577,TarArchiveInputStream.java,316,getNextEntry(); // Get the actual file entry
S1578,TarArchiveInputStream.java,317,applyPaxHeadersToCurrentEntry(headers);
S1579,TarArchiveInputStream.java,321,"Map<String, String> headers = new HashMap<String, String>();"
S1580,TarArchiveInputStream.java,325,int len = 0;
S1581,TarArchiveInputStream.java,326,int read = 0;
S1582,TarArchiveInputStream.java,327,while((ch = i.read()) != -1) {
S1583,TarArchiveInputStream.java,328,read++;
S1584,TarArchiveInputStream.java,329,if (ch == ' '){ // End of length string
S1585,TarArchiveInputStream.java,331,ByteArrayOutputStream coll = new ByteArrayOutputStream();
S1586,TarArchiveInputStream.java,332,while((ch = i.read()) != -1) {
S1587,TarArchiveInputStream.java,333,read++;
S1588,TarArchiveInputStream.java,334,if (ch == '='){ // end of keyword
S1589,TarArchiveInputStream.java,335,String keyword = coll.toString(CharsetNames.UTF_8);
S1590,TarArchiveInputStream.java,337,byte[] rest = new byte[len - read];
S1591,TarArchiveInputStream.java,338,int got = i.read(rest);
S1592,TarArchiveInputStream.java,339,if (got != len - read){
S1593,TarArchiveInputStream.java,347,"String value = new String(rest, 0,"
S1594,TarArchiveInputStream.java,349,"headers.put(keyword, value);"
S1595,TarArchiveInputStream.java,350,break;
S1596,TarArchiveInputStream.java,352,coll.write((byte) ch);
S1597,TarArchiveInputStream.java,356,len *= 10;
S1598,TarArchiveInputStream.java,357,len += ch - '0';
S1599,TarArchiveInputStream.java,359,if (ch == -1){ // EOF
S1600,TarArchiveInputStream.java,360,break;
S1601,TarArchiveInputStream.java,363,return headers;
S1602,TarArchiveInputStream.java,378,"for (Entry<String, String> ent : headers.entrySet()){"
S1603,TarArchiveInputStream.java,379,String key = ent.getKey();
S1604,TarArchiveInputStream.java,380,String val = ent.getValue();
S1605,TarArchiveInputStream.java,381,"if (""path"".equals(key)){"
S1606,TarArchiveInputStream.java,382,currEntry.setName(val);
S1607,TarArchiveInputStream.java,383,"} else if (""linkpath"".equals(key)){"
S1608,TarArchiveInputStream.java,384,currEntry.setLinkName(val);
S1609,TarArchiveInputStream.java,385,"} else if (""gid"".equals(key)){"
S1610,TarArchiveInputStream.java,387,"} else if (""gname"".equals(key)){"
S1611,TarArchiveInputStream.java,389,"} else if (""uid"".equals(key)){"
S1612,TarArchiveInputStream.java,391,"} else if (""uname"".equals(key)){"
S1613,TarArchiveInputStream.java,393,"} else if (""size"".equals(key)){"
S1614,TarArchiveInputStream.java,394,currEntry.setSize(Long.parseLong(val));
S1615,TarArchiveInputStream.java,395,"} else if (""mtime"".equals(key)){"
S1616,TarArchiveInputStream.java,396,currEntry.setModTime((long) (Double.parseDouble(val) * 1000));
S1617,TarArchiveInputStream.java,397,"} else if (""SCHILY.devminor"".equals(key)){"
S1618,TarArchiveInputStream.java,399,"} else if (""SCHILY.devmajor"".equals(key)){"
S1619,TarArchiveInputStream.java,418,if (currEntry.isExtended()) {
S1620,TarArchiveInputStream.java,436,return getNextTarEntry();
S1621,TarArchiveInputStream.java,454,int totalRead = 0;
S1622,TarArchiveInputStream.java,456,if (entryOffset >= entrySize) {
S1623,TarArchiveInputStream.java,457,return -1;
S1624,TarArchiveInputStream.java,460,if ((numToRead + entryOffset) > entrySize) {
S1625,TarArchiveInputStream.java,461,numToRead = (int) (entrySize - entryOffset);
S1626,TarArchiveInputStream.java,464,if (readBuf != null) {
S1627,TarArchiveInputStream.java,465,int sz = (numToRead > readBuf.length) ? readBuf.length
S1628,TarArchiveInputStream.java,468,"System.arraycopy(readBuf, 0, buf, offset, sz);"
S1629,TarArchiveInputStream.java,470,if (sz >= readBuf.length) {
S1630,TarArchiveInputStream.java,473,int newLen = readBuf.length - sz;
S1631,TarArchiveInputStream.java,474,byte[] newBuf = new byte[newLen];
S1632,TarArchiveInputStream.java,476,"System.arraycopy(readBuf, sz, newBuf, 0, newLen);"
S1633,TarArchiveInputStream.java,478,readBuf = newBuf;
S1634,TarArchiveInputStream.java,481,totalRead += sz;
S1635,TarArchiveInputStream.java,482,numToRead -= sz;
S1636,TarArchiveInputStream.java,483,offset += sz;
S1637,TarArchiveInputStream.java,486,while (numToRead > 0) {
S1638,TarArchiveInputStream.java,487,byte[] rec = buffer.readRecord();
S1639,TarArchiveInputStream.java,489,if (rec == null) {
S1640,TarArchiveInputStream.java,494,count(rec.length);
S1641,TarArchiveInputStream.java,495,int sz = numToRead;
S1642,TarArchiveInputStream.java,496,int recLen = rec.length;
S1643,TarArchiveInputStream.java,498,if (recLen > sz) {
S1644,TarArchiveInputStream.java,499,"System.arraycopy(rec, 0, buf, offset, sz);"
S1645,TarArchiveInputStream.java,501,readBuf = new byte[recLen - sz];
S1646,TarArchiveInputStream.java,503,"System.arraycopy(rec, sz, readBuf, 0, recLen - sz);"
S1647,TarArchiveInputStream.java,505,sz = recLen;
S1648,TarArchiveInputStream.java,507,"System.arraycopy(rec, 0, buf, offset, recLen);"
S1649,TarArchiveInputStream.java,510,totalRead += sz;
S1650,TarArchiveInputStream.java,511,numToRead -= sz;
S1651,TarArchiveInputStream.java,512,offset += sz;
S1652,TarArchiveInputStream.java,515,entryOffset += totalRead;
S1653,TarArchiveInputStream.java,517,return totalRead;
S1654,TarArchiveInputStream.java,527,if (ae instanceof TarArchiveEntry) {
S1655,TarArchiveInputStream.java,528,TarArchiveEntry te = (TarArchiveEntry) ae;
S1656,TarArchiveInputStream.java,529,return !te.isGNUSparse();
S1657,TarArchiveInputStream.java,560,if (length < TarConstants.VERSION_OFFSET+TarConstants.VERSIONLEN) {
S1658,TarArchiveInputStream.java,561,return false;
S1659,TarArchiveInputStream.java,564,"if (ArchiveUtils.matchAsciiBuffer(TarConstants.MAGIC_POSIX,"
S1660,TarArchiveInputStream.java,572,"if (ArchiveUtils.matchAsciiBuffer(TarConstants.MAGIC_GNU,"
S1661,TarArchiveInputStream.java,583,return true;
S1662,TarArchiveInputStream.java,586,"if (ArchiveUtils.matchAsciiBuffer(TarConstants.MAGIC_ANT,"
S1663,TarArchiveInputStream.java,594,return false;
S1664,TarArchiveOutputStream.java,69,private int       longFileMode = LONGFILE_ERROR;
S1665,TarArchiveOutputStream.java,70,private int       bigNumberMode = BIGNUMBER_ERROR;
S1666,TarArchiveOutputStream.java,72,private boolean closed = false;
S1667,TarArchiveOutputStream.java,75,private boolean haveUnclosedEntry = false;
S1668,TarArchiveOutputStream.java,78,private boolean finished = false;
S1669,TarArchiveOutputStream.java,84,private boolean addPaxHeadersForNonAsciiNames = false;
S1670,TarArchiveOutputStream.java,85,private static final ZipEncoding ASCII =
S1671,TarArchiveOutputStream.java,93,"this(os, TarBuffer.DEFAULT_BLKSIZE, TarBuffer.DEFAULT_RCDSIZE);"
S1672,TarArchiveOutputStream.java,134,"this(os, blockSize, recordSize, null);"
S1673,TarArchiveOutputStream.java,146,"int recordSize, String encoding) {"
S1674,TarArchiveOutputStream.java,147,out = new CountingOutputStream(os);
S1675,TarArchiveOutputStream.java,148,this.encoding = ZipEncodingHelper.getZipEncoding(encoding);
S1676,TarArchiveOutputStream.java,150,"this.buffer = new TarBuffer(out, blockSize, recordSize);"
S1677,TarArchiveOutputStream.java,151,this.assemLen = 0;
S1678,TarArchiveOutputStream.java,152,this.assemBuf = new byte[recordSize];
S1679,TarArchiveOutputStream.java,153,this.recordBuf = new byte[recordSize];
S1680,TarArchiveOutputStream.java,164,this.longFileMode = longFileMode;
S1681,TarArchiveOutputStream.java,176,this.bigNumberMode = bigNumberMode;
S1682,TarArchiveOutputStream.java,184,addPaxHeadersForNonAsciiNames = b;
S1683,TarArchiveOutputStream.java,195,return ((CountingOutputStream) out).getBytesWritten();
S1684,TarArchiveOutputStream.java,209,if (finished) {
S1685,TarArchiveOutputStream.java,210,"throw new IOException(""This archive has already been finished"");"
S1686,TarArchiveOutputStream.java,213,if (haveUnclosedEntry) {
S1687,TarArchiveOutputStream.java,214,"throw new IOException(""This archives contains unclosed entries."");"
S1688,TarArchiveOutputStream.java,216,writeEOFRecord();
S1689,TarArchiveOutputStream.java,217,writeEOFRecord();
S1690,TarArchiveOutputStream.java,218,buffer.flushBlock();
S1691,TarArchiveOutputStream.java,219,finished = true;
S1692,TarArchiveOutputStream.java,228,if(!finished) {
S1693,TarArchiveOutputStream.java,229,finish();
S1694,TarArchiveOutputStream.java,232,if (!closed) {
S1695,TarArchiveOutputStream.java,233,buffer.close();
S1696,TarArchiveOutputStream.java,234,out.close();
S1697,TarArchiveOutputStream.java,235,closed = true;
S1698,TarArchiveOutputStream.java,263,if(finished) {
S1699,TarArchiveOutputStream.java,266,TarArchiveEntry entry = (TarArchiveEntry) archiveEntry;
S1700,TarArchiveOutputStream.java,267,"Map<String, String> paxHeaders = new HashMap<String, String>();"
S1701,TarArchiveOutputStream.java,268,final String entryName = entry.getName();
S1702,TarArchiveOutputStream.java,269,final byte[] nameBytes = encoding.encode(entryName).array();
S1703,TarArchiveOutputStream.java,270,boolean paxHeaderContainsPath = false;
S1704,TarArchiveOutputStream.java,271,if (nameBytes.length >= TarConstants.NAMELEN) {
S1705,TarArchiveOutputStream.java,273,if (longFileMode == LONGFILE_POSIX) {
S1706,TarArchiveOutputStream.java,274,"paxHeaders.put(""path"", entryName);"
S1707,TarArchiveOutputStream.java,275,paxHeaderContainsPath = true;
S1708,TarArchiveOutputStream.java,294,if (bigNumberMode == BIGNUMBER_POSIX) {
S1709,TarArchiveOutputStream.java,295,"addPaxHeadersForBigNumbers(paxHeaders, entry);"
S1710,TarArchiveOutputStream.java,296,} else if (bigNumberMode != BIGNUMBER_STAR) {
S1711,TarArchiveOutputStream.java,297,failForBigNumbers(entry);
S1712,TarArchiveOutputStream.java,300,if (addPaxHeadersForNonAsciiNames && !paxHeaderContainsPath
S1713,TarArchiveOutputStream.java,302,"paxHeaders.put(""path"", entryName);"
S1714,TarArchiveOutputStream.java,305,if (addPaxHeadersForNonAsciiNames
S1715,TarArchiveOutputStream.java,308,"paxHeaders.put(""linkpath"", entry.getLinkName());"
S1716,TarArchiveOutputStream.java,311,if (paxHeaders.size() > 0) {
S1717,TarArchiveOutputStream.java,312,"writePaxHeaders(entryName, paxHeaders);"
S1718,TarArchiveOutputStream.java,315,"entry.writeEntryHeader(recordBuf, encoding,"
S1719,TarArchiveOutputStream.java,317,buffer.writeRecord(recordBuf);
S1720,TarArchiveOutputStream.java,319,currBytes = 0;
S1721,TarArchiveOutputStream.java,321,if (entry.isDirectory()) {
S1722,TarArchiveOutputStream.java,322,currSize = 0;
S1723,TarArchiveOutputStream.java,324,currSize = entry.getSize();
S1724,TarArchiveOutputStream.java,326,currName = entryName;
S1725,TarArchiveOutputStream.java,327,haveUnclosedEntry = true;
S1726,TarArchiveOutputStream.java,342,if (finished) {
S1727,TarArchiveOutputStream.java,345,if (!haveUnclosedEntry){
S1728,TarArchiveOutputStream.java,346,"throw new IOException(""No current entry to close"");"
S1729,TarArchiveOutputStream.java,348,if (assemLen > 0) {
S1730,TarArchiveOutputStream.java,349,for (int i = assemLen; i < assemBuf.length; ++i) {
S1731,TarArchiveOutputStream.java,350,assemBuf[i] = 0;
S1732,TarArchiveOutputStream.java,353,buffer.writeRecord(assemBuf);
S1733,TarArchiveOutputStream.java,355,currBytes += assemLen;
S1734,TarArchiveOutputStream.java,356,assemLen = 0;
S1735,TarArchiveOutputStream.java,359,if (currBytes < currSize) {
S1736,TarArchiveOutputStream.java,365,haveUnclosedEntry = false;
S1737,TarArchiveOutputStream.java,384,if ((currBytes + numToWrite) > currSize) {
S1738,TarArchiveOutputStream.java,399,if (assemLen > 0) {
S1739,TarArchiveOutputStream.java,400,if ((assemLen + numToWrite) >= recordBuf.length) {
S1740,TarArchiveOutputStream.java,414,"System.arraycopy(wBuf, wOffset, assemBuf, assemLen,"
S1741,TarArchiveOutputStream.java,417,wOffset += numToWrite;
S1742,TarArchiveOutputStream.java,418,assemLen += numToWrite;
S1743,TarArchiveOutputStream.java,419,numToWrite = 0;
S1744,TarArchiveOutputStream.java,428,while (numToWrite > 0) {
S1745,TarArchiveOutputStream.java,429,if (numToWrite < recordBuf.length) {
S1746,TarArchiveOutputStream.java,430,"System.arraycopy(wBuf, wOffset, assemBuf, assemLen,"
S1747,TarArchiveOutputStream.java,433,assemLen += numToWrite;
S1748,TarArchiveOutputStream.java,435,break;
S1749,TarArchiveOutputStream.java,438,"buffer.writeRecord(wBuf, wOffset);"
S1750,TarArchiveOutputStream.java,440,int num = recordBuf.length;
S1751,TarArchiveOutputStream.java,442,currBytes += num;
S1752,TarArchiveOutputStream.java,443,numToWrite -= num;
S1753,TarArchiveOutputStream.java,444,wOffset += num;
S1754,TarArchiveOutputStream.java,454,"String name = ""./PaxHeaders.X/"" + stripTo7Bits(entryName);"
S1755,TarArchiveOutputStream.java,455,if (name.length() >= TarConstants.NAMELEN) {
S1756,TarArchiveOutputStream.java,456,"name = name.substring(0, TarConstants.NAMELEN - 1);"
S1757,TarArchiveOutputStream.java,458,"TarArchiveEntry pex = new TarArchiveEntry(name,"
S1758,TarArchiveOutputStream.java,461,StringWriter w = new StringWriter();
S1759,TarArchiveOutputStream.java,462,"for (Map.Entry<String, String> h : headers.entrySet()) {"
S1760,TarArchiveOutputStream.java,463,String key = h.getKey();
S1761,TarArchiveOutputStream.java,464,String value = h.getValue();
S1762,TarArchiveOutputStream.java,465,int len = key.length() + value.length()
S1763,TarArchiveOutputStream.java,468,"String line = len + "" "" + key + ""="" + value + ""\n"";"
S1764,TarArchiveOutputStream.java,469,int actualLength = line.getBytes(CharsetNames.UTF_8).length;
S1765,TarArchiveOutputStream.java,470,while (len != actualLength) {
S1766,TarArchiveOutputStream.java,476,len = actualLength;
S1767,TarArchiveOutputStream.java,477,"line = len + "" "" + key + ""="" + value + ""\n"";"
S1768,TarArchiveOutputStream.java,478,actualLength = line.getBytes(CharsetNames.UTF_8).length;
S1769,TarArchiveOutputStream.java,480,w.write(line);
S1770,TarArchiveOutputStream.java,482,byte[] data = w.toString().getBytes(CharsetNames.UTF_8);
S1771,TarArchiveOutputStream.java,483,pex.setSize(data.length);
S1772,TarArchiveOutputStream.java,484,putArchiveEntry(pex);
S1773,TarArchiveOutputStream.java,485,write(data);
S1774,TarArchiveOutputStream.java,486,closeArchiveEntry();
S1775,TarArchiveOutputStream.java,490,final int length = name.length();
S1776,TarArchiveOutputStream.java,491,StringBuffer result = new StringBuffer(length);
S1777,TarArchiveOutputStream.java,492,for (int i = 0; i < length; i++) {
S1778,TarArchiveOutputStream.java,493,char stripped = (char) (name.charAt(i) & 0x7F);
S1779,TarArchiveOutputStream.java,494,if (stripped != 0) { // would be read as Trailing null
S1780,TarArchiveOutputStream.java,495,result.append(stripped);
S1781,TarArchiveOutputStream.java,498,return result.toString();
S1782,TarArchiveOutputStream.java,506,for (int i = 0; i < recordBuf.length; ++i) {
S1783,TarArchiveOutputStream.java,507,recordBuf[i] = 0;
S1784,TarArchiveOutputStream.java,510,buffer.writeRecord(recordBuf);
S1785,TarArchiveOutputStream.java,522,if(finished) {
S1786,TarArchiveOutputStream.java,525,"return new TarArchiveEntry(inputFile, entryName);"
S1787,TarArchiveOutputStream.java,530,"addPaxHeaderForBigNumber(paxHeaders, ""size"", entry.getSize(),"
S1788,TarArchiveOutputStream.java,532,"addPaxHeaderForBigNumber(paxHeaders, ""gid"", entry.getGroupId(),"
S1789,TarArchiveOutputStream.java,534,"addPaxHeaderForBigNumber(paxHeaders, ""mtime"","
S1790,TarArchiveOutputStream.java,537,"addPaxHeaderForBigNumber(paxHeaders, ""uid"", entry.getUserId(),"
S1791,TarArchiveOutputStream.java,540,"addPaxHeaderForBigNumber(paxHeaders, ""SCHILY.devmajor"","
S1792,TarArchiveOutputStream.java,542,"addPaxHeaderForBigNumber(paxHeaders, ""SCHILY.devminor"","
S1793,TarArchiveOutputStream.java,545,"failForBigNumber(""mode"", entry.getMode(), TarConstants.MAXID);"
S1794,TarArchiveOutputStream.java,551,if (value < 0 || value > maxValue) {
S1795,TarArchiveOutputStream.java,552,"paxHeaders.put(header, String.valueOf(value));"
S1796,TarArchiveOutputStream.java,557,"failForBigNumber(""entry size"", entry.getSize(), TarConstants.MAXSIZE);"
S1797,TarArchiveOutputStream.java,558,"failForBigNumber(""group id"", entry.getGroupId(), TarConstants.MAXID);"
S1798,TarArchiveOutputStream.java,559,"failForBigNumber(""last modification time"","
S1799,TarArchiveOutputStream.java,562,"failForBigNumber(""user id"", entry.getUserId(), TarConstants.MAXID);"
S1800,TarArchiveOutputStream.java,563,"failForBigNumber(""mode"", entry.getMode(), TarConstants.MAXID);"
S1801,TarArchiveOutputStream.java,564,"failForBigNumber(""major device number"", entry.getDevMajor(),"
S1802,TarArchiveOutputStream.java,566,"failForBigNumber(""minor device number"", entry.getDevMinor(),"
S1803,TarArchiveOutputStream.java,571,if (value < 0 || value > maxValue) {
S1804,TarArchiveOutputStream.java,572,"throw new RuntimeException(field + "" '"" + value"
S1805,TarBuffer.java,82,"this(inStream, null, blockSize, recordSize);"
S1806,TarBuffer.java,109,"this(null, outStream, blockSize, recordSize);"
S1807,TarBuffer.java,115,"private TarBuffer(InputStream inStream, OutputStream outStream, int blockSize, int recordSize) {"
S1808,TarBuffer.java,116,this.inStream = inStream;
S1809,TarBuffer.java,117,this.outStream = outStream;
S1810,TarBuffer.java,118,this.blockSize = blockSize;
S1811,TarBuffer.java,119,this.recordSize = recordSize;
S1812,TarBuffer.java,120,this.recsPerBlock = (this.blockSize / this.recordSize);
S1813,TarBuffer.java,121,this.blockBuffer = new byte[this.blockSize];
S1814,TarBuffer.java,123,if (this.inStream != null) {
S1815,TarBuffer.java,124,this.currBlkIdx = -1;
S1816,TarBuffer.java,125,this.currRecIdx = this.recsPerBlock;
S1817,TarBuffer.java,127,this.currBlkIdx = 0;
S1818,TarBuffer.java,128,this.currRecIdx = 0;
S1819,TarBuffer.java,145,return this.recordSize;
S1820,TarBuffer.java,156,"for (int i = 0, sz = getRecordSize(); i < sz; ++i) {"
S1821,TarBuffer.java,157,if (record[i] != 0) {
S1822,TarBuffer.java,158,return false;
S1823,TarBuffer.java,162,return true;
S1824,TarBuffer.java,188,if (inStream == null) {
S1825,TarBuffer.java,195,if (currRecIdx >= recsPerBlock && !readBlock()) {
S1826,TarBuffer.java,199,byte[] result = new byte[recordSize];
S1827,TarBuffer.java,201,"System.arraycopy(blockBuffer,"
S1828,TarBuffer.java,205,currRecIdx++;
S1829,TarBuffer.java,207,return result;
S1830,TarBuffer.java,214,if (inStream == null) {
S1831,TarBuffer.java,218,currRecIdx = 0;
S1832,TarBuffer.java,220,int offset = 0;
S1833,TarBuffer.java,221,int bytesNeeded = blockSize;
S1834,TarBuffer.java,223,while (bytesNeeded > 0) {
S1835,TarBuffer.java,224,"long numBytes = inStream.read(blockBuffer, offset,"
S1836,TarBuffer.java,240,if (numBytes == -1) {
S1837,TarBuffer.java,241,if (offset == 0) {
S1838,TarBuffer.java,253,"Arrays.fill(blockBuffer, offset, offset + bytesNeeded, (byte) 0);"
S1839,TarBuffer.java,255,break;
S1840,TarBuffer.java,258,offset += numBytes;
S1841,TarBuffer.java,259,bytesNeeded -= numBytes;
S1842,TarBuffer.java,261,if (numBytes != blockSize) {
S1843,TarBuffer.java,266,currBlkIdx++;
S1844,TarBuffer.java,268,return true;
S1845,TarBuffer.java,297,if (outStream == null) {
S1846,TarBuffer.java,304,if (record.length != recordSize) {
S1847,TarBuffer.java,311,if (currRecIdx >= recsPerBlock) {
S1848,TarBuffer.java,315,"System.arraycopy(record, 0, blockBuffer,"
S1849,TarBuffer.java,319,currRecIdx++;
S1850,TarBuffer.java,332,if (outStream == null) {
S1851,TarBuffer.java,339,if ((offset + recordSize) > buf.length) {
S1852,TarBuffer.java,346,if (currRecIdx >= recsPerBlock) {
S1853,TarBuffer.java,347,writeBlock();
S1854,TarBuffer.java,350,"System.arraycopy(buf, offset, blockBuffer,"
S1855,TarBuffer.java,354,currRecIdx++;
S1856,TarBuffer.java,361,if (outStream == null) {
S1857,TarBuffer.java,365,"outStream.write(blockBuffer, 0, blockSize);"
S1858,TarBuffer.java,366,outStream.flush();
S1859,TarBuffer.java,368,currRecIdx = 0;
S1860,TarBuffer.java,369,currBlkIdx++;
S1861,TarBuffer.java,370,"Arrays.fill(blockBuffer, (byte) 0);"
S1862,TarBuffer.java,377,if (outStream == null) {
S1863,TarBuffer.java,381,if (currRecIdx > 0) {
S1864,TarBuffer.java,382,writeBlock();
S1865,TarBuffer.java,392,if (outStream != null) {
S1866,TarBuffer.java,393,flushBlock();
S1867,TarBuffer.java,395,if (outStream != System.out
S1868,TarBuffer.java,397,outStream.close();
S1869,TarBuffer.java,399,outStream = null;
S1870,TarBuffer.java,401,} else if (inStream != null) {
S1871,TarBuffer.java,402,if (inStream != System.in) {
S1872,TarBuffer.java,403,inStream.close();
S1873,TarBuffer.java,405,inStream = null;
S1874,TarUtils.java,40,static final ZipEncoding DEFAULT_ENCODING =
S1875,TarUtils.java,47,static final ZipEncoding FALLBACK_ENCODING = new ZipEncoding() {
S1876,TarUtils.java,103,long    result = 0;
S1877,TarUtils.java,104,int     end = offset + length;
S1878,TarUtils.java,105,int     start = offset;
S1879,TarUtils.java,107,if (length < 2){
S1880,TarUtils.java,108,"throw new IllegalArgumentException(""Length ""+length+"" must be at least 2"");"
S1881,TarUtils.java,111,if (buffer[start] == 0) {
S1882,TarUtils.java,112,return 0L;
S1883,TarUtils.java,116,while (start < end){
S1884,TarUtils.java,117,if (buffer[start] == ' '){
S1885,TarUtils.java,118,start++;
S1886,TarUtils.java,126,trailer = buffer[end-1];
S1887,TarUtils.java,127,if (trailer == 0 || trailer == ' '){
S1888,TarUtils.java,128,end--;
S1889,TarUtils.java,130,throw new IllegalArgumentException(
S1890,TarUtils.java,134,trailer = buffer[end - 1];
S1891,TarUtils.java,135,if (trailer == 0 || trailer == ' '){
S1892,TarUtils.java,136,end--;
S1893,TarUtils.java,139,for ( ;start < end; start++) {
S1894,TarUtils.java,140,final byte currentByte = buffer[start];
S1895,TarUtils.java,142,if (currentByte < '0' || currentByte > '7'){
S1896,TarUtils.java,143,throw new IllegalArgumentException(
S1897,TarUtils.java,146,result = (result << 3) + (currentByte - '0'); // convert from ASCII
S1898,TarUtils.java,150,return result;
S1899,TarUtils.java,173,if ((buffer[offset] & 0x80) == 0) {
S1900,TarUtils.java,174,"return parseOctal(buffer, offset, length);"
S1901,TarUtils.java,176,final boolean negative = buffer[offset] == (byte) 0xff;
S1902,TarUtils.java,177,if (length < 9) {
S1903,TarUtils.java,178,"return parseBinaryLong(buffer, offset, length, negative);"
S1904,TarUtils.java,180,"return parseBinaryBigInteger(buffer, offset, length, negative);"
S1905,TarUtils.java,186,if (length >= 9) {
S1906,TarUtils.java,192,long val = 0;
S1907,TarUtils.java,193,for (int i = 1; i < length; i++) {
S1908,TarUtils.java,194,val = (val << 8) + (buffer[offset + i] & 0xff);
S1909,TarUtils.java,196,if (negative) {
S1910,TarUtils.java,198,val--;
S1911,TarUtils.java,199,"val ^= ((long) Math.pow(2, (length - 1) * 8) - 1);"
S1912,TarUtils.java,201,return negative ? -val : val;
S1913,TarUtils.java,208,byte[] remainder = new byte[length - 1];
S1914,TarUtils.java,209,"System.arraycopy(buffer, offset + 1, remainder, 0, length - 1);"
S1915,TarUtils.java,210,BigInteger val = new BigInteger(remainder);
S1916,TarUtils.java,211,if (negative) {
S1917,TarUtils.java,213,val = val.add(BigInteger.valueOf(-1)).not();
S1918,TarUtils.java,215,if (val.bitLength() > 63) {
S1919,TarUtils.java,221,return negative ? -val.longValue() : val.longValue();
S1920,TarUtils.java,235,return buffer[offset] == 1;
S1921,TarUtils.java,241,"String string = new String(buffer, offset, length); // TODO default charset?"
S1922,TarUtils.java,242,"string=string.replaceAll(""\0"", ""{NUL}""); // Replace NULs to allow string to be printed"
S1923,TarUtils.java,243,"final String s = ""Invalid byte ""+currentByte+"" at offset ""+(current-offset)+"" in '""+string+""' len=""+length;"
S1924,TarUtils.java,244,return s;
S1925,TarUtils.java,259,"return parseName(buffer, offset, length, DEFAULT_ENCODING);"
S1926,TarUtils.java,287,int len = length;
S1927,TarUtils.java,288,for (; len > 0; len--) {
S1928,TarUtils.java,289,if (buffer[offset + len - 1] != 0) {
S1929,TarUtils.java,290,break;
S1930,TarUtils.java,293,if (len > 0) {
S1931,TarUtils.java,294,byte[] b = new byte[len];
S1932,TarUtils.java,295,"System.arraycopy(buffer, offset, b, 0, len);"
S1933,TarUtils.java,296,return encoding.decode(b);
S1934,TarUtils.java,298,"return """";"
S1935,TarUtils.java,318,"return formatNameBytes(name, buf, offset, length, DEFAULT_ENCODING);"
S1936,TarUtils.java,351,int len = name.length();
S1937,TarUtils.java,352,ByteBuffer b = encoding.encode(name);
S1938,TarUtils.java,353,while (b.limit() > length && len > 0) {
S1939,TarUtils.java,354,"b = encoding.encode(name.substring(0, --len));"
S1940,TarUtils.java,356,final int limit = b.limit();
S1941,TarUtils.java,357,"System.arraycopy(b.array(), b.arrayOffset(), buf, offset, limit);"
S1942,TarUtils.java,360,for (int i = limit; i < length; ++i) {
S1943,TarUtils.java,361,buf[offset + i] = 0;
S1944,TarUtils.java,364,return offset + length;
S1945,TarUtils.java,378,int remaining = length;
S1946,TarUtils.java,379,remaining--;
S1947,TarUtils.java,380,if (value == 0) {
S1948,TarUtils.java,381,buffer[offset + remaining--] = (byte) '0';
S1949,TarUtils.java,383,long val = value;
S1950,TarUtils.java,384,for (; remaining >= 0 && val != 0; --remaining) {
S1951,TarUtils.java,386,buffer[offset + remaining] = (byte) ((byte) '0' + (byte) (val & 7));
S1952,TarUtils.java,387,val = val >>> 3;
S1953,TarUtils.java,390,if (val != 0){
S1954,TarUtils.java,391,throw new IllegalArgumentException
S1955,TarUtils.java,396,for (; remaining >= 0; --remaining) { // leading zeros
S1956,TarUtils.java,397,buffer[offset + remaining] = (byte) '0';
S1957,TarUtils.java,417,int idx=length-2; // For space and trailing null
S1958,TarUtils.java,418,"formatUnsignedOctalString(value, buf, offset, idx);"
S1959,TarUtils.java,420,buf[offset + idx++] = (byte) ' '; // Trailing space
S1960,TarUtils.java,421,buf[offset + idx]   = 0; // Trailing null
S1961,TarUtils.java,423,return offset + length;
S1962,TarUtils.java,442,int idx=length-1; // For space
S1963,TarUtils.java,444,"formatUnsignedOctalString(value, buf, offset, idx);"
S1964,TarUtils.java,445,buf[offset + idx] = (byte) ' '; // Trailing space
S1965,TarUtils.java,447,return offset + length;
S1966,TarUtils.java,471,final long maxAsOctalChar = length == TarConstants.UIDLEN ? TarConstants.MAXID : TarConstants.MAXSIZE;
S1967,TarUtils.java,473,final boolean negative = value < 0;
S1968,TarUtils.java,474,if (!negative && value <= maxAsOctalChar) { // OK to store as octal chars
S1969,TarUtils.java,475,"return formatLongOctalBytes(value, buf, offset, length);"
S1970,TarUtils.java,478,if (length < 9) {
S1971,TarUtils.java,479,"formatLongBinary(value, buf, offset, length, negative);"
S1972,TarUtils.java,481,"formatBigIntegerBinary(value, buf, offset, length, negative);"
S1973,TarUtils.java,483,buf[offset] = (byte) (negative ? 0xff : 0x80);
S1974,TarUtils.java,484,return offset + length;
S1975,TarUtils.java,490,final int bits = (length - 1) * 8;
S1976,TarUtils.java,491,final long max = 1l << bits;
S1977,TarUtils.java,492,long val = Math.abs(value);
S1978,TarUtils.java,493,if (val >= max) {
S1979,TarUtils.java,497,if (negative) {
S1980,TarUtils.java,498,val ^= max - 1;
S1981,TarUtils.java,499,val |= 0xff << bits;
S1982,TarUtils.java,500,val++;
S1983,TarUtils.java,502,for (int i = offset + length - 1; i >= offset; i--) {
S1984,TarUtils.java,503,buf[i] = (byte) val;
S1985,TarUtils.java,504,val >>= 8;
S1986,TarUtils.java,512,BigInteger val = BigInteger.valueOf(value);
S1987,TarUtils.java,513,final byte[] b = val.toByteArray();
S1988,TarUtils.java,514,final int len = b.length;
S1989,TarUtils.java,515,final int off = offset + length - len;
S1990,TarUtils.java,516,"System.arraycopy(b, 0, buf, off, len);"
S1991,TarUtils.java,517,final byte fill = (byte) (negative ? 0xff : 0);
S1992,TarUtils.java,518,for (int i = offset + 1; i < off; i++) {
S1993,TarUtils.java,519,buf[i] = fill;
S1994,TarUtils.java,539,int idx=length-2; // for NUL and space
S1995,TarUtils.java,540,"formatUnsignedOctalString(value, buf, offset, idx);"
S1996,TarUtils.java,542,buf[offset + idx++]   = 0; // Trailing null
S1997,TarUtils.java,543,buf[offset + idx]     = (byte) ' '; // Trailing space
S1998,TarUtils.java,545,return offset + length;
S1999,TarUtils.java,555,long sum = 0;
S2000,TarUtils.java,557,for (int i = 0; i < buf.length; ++i) {
S2001,TarUtils.java,558,sum += BYTE_MASK & buf[i];
S2002,TarUtils.java,561,return sum;
S2003,TarUtils.java,600,long storedSum = 0;
S2004,TarUtils.java,601,long unsignedSum = 0;
S2005,TarUtils.java,602,long signedSum = 0;
S2006,TarUtils.java,604,int digits = 0;
S2007,TarUtils.java,605,for (int i = 0; i < header.length; i++) {
S2008,TarUtils.java,606,byte b = header[i];
S2009,TarUtils.java,607,if (CHKSUM_OFFSET  <= i && i < CHKSUM_OFFSET + CHKSUMLEN) {
S2010,TarUtils.java,608,if ('0' <= b && b <= '7' && digits++ < 6) {
S2011,TarUtils.java,609,storedSum = storedSum * 8 + b - '0';
S2012,TarUtils.java,610,} else if (digits > 0) {
S2013,TarUtils.java,611,digits = 6; // only look at the first octal digit sequence
S2014,TarUtils.java,613,b = ' ';
S2015,TarUtils.java,615,unsignedSum += 0xff & b;
S2016,TarUtils.java,616,signedSum += b;
S2017,TarUtils.java,619,return storedSum == unsignedSum || storedSum == signedSum
S2018,UnicodeCommentExtraField.java,40,public static final ZipShort UCOM_ID = new ZipShort(0x6375);
S2019,UnicodeCommentExtraField.java,42,public UnicodeCommentExtraField () {
S2020,UnicodeCommentExtraField.java,73,return UCOM_ID;
S2021,UnicodePathExtraField.java,40,public static final ZipShort UPATH_ID = new ZipShort(0x7075);
S2022,UnicodePathExtraField.java,42,public UnicodePathExtraField () {
S2023,UnicodePathExtraField.java,72,return UPATH_ID;
S2024,UnrecognizedExtraField.java,29,public class UnrecognizedExtraField implements ZipExtraField {
S2025,UnrecognizedExtraField.java,41,this.headerId = headerId;
S2026,UnrecognizedExtraField.java,49,return headerId;
S2027,UnrecognizedExtraField.java,64,localData = ZipUtil.copy(data);
S2028,UnrecognizedExtraField.java,72,return new ZipShort(localData.length);
S2029,UnrecognizedExtraField.java,80,return ZipUtil.copy(localData);
S2030,UnrecognizedExtraField.java,103,if (centralData != null) {
S2031,UnrecognizedExtraField.java,106,return getLocalFileDataLength();
S2032,UnrecognizedExtraField.java,114,if (centralData != null) {
S2033,UnrecognizedExtraField.java,117,return getLocalFileDataData();
S2034,UnrecognizedExtraField.java,127,byte[] tmp = new byte[length];
S2035,UnrecognizedExtraField.java,128,"System.arraycopy(data, offset, tmp, 0, length);"
S2036,UnrecognizedExtraField.java,129,setLocalFileDataData(tmp);
S2037,Zip64ExtendedInformationExtraField.java,78,static final ZipShort HEADER_ID = new ZipShort(0x0001);
S2038,Zip64ExtendedInformationExtraField.java,103,public Zip64ExtendedInformationExtraField() { }
S2039,Zip64ExtendedInformationExtraField.java,138,return HEADER_ID;
S2040,Zip64Mode.java,28,public enum Zip64Mode {
S2041,Zip64Mode.java,33,"Always,"
S2042,Zip64Mode.java,41,"Never,"
S2043,Zip64Mode.java,46,AsNeeded
S2044,ZipArchiveEntry.java,69,private int method = -1;
S2045,ZipArchiveEntry.java,77,private long size = SIZE_UNKNOWN;
S2046,ZipArchiveEntry.java,79,private int internalAttributes = 0;
S2047,ZipArchiveEntry.java,80,private int platform = PLATFORM_FAT;
S2048,ZipArchiveEntry.java,81,private long externalAttributes = 0;
S2049,ZipArchiveEntry.java,82,"private LinkedHashMap<ZipShort, ZipExtraField> extraFields = null;"
S2050,ZipArchiveEntry.java,83,private UnparseableExtraFieldData unparseableExtra = null;
S2051,ZipArchiveEntry.java,84,private String name = null;
S2052,ZipArchiveEntry.java,85,private byte[] rawName = null;
S2053,ZipArchiveEntry.java,86,private GeneralPurposeBit gpb = new GeneralPurposeBit();
S2054,ZipArchiveEntry.java,97,super(name);
S2055,ZipArchiveEntry.java,98,setName(name);
S2056,ZipArchiveEntry.java,111,super(entry);
S2057,ZipArchiveEntry.java,112,setName(entry.getName());
S2058,ZipArchiveEntry.java,113,byte[] extra = entry.getExtra();
S2059,ZipArchiveEntry.java,114,if (extra != null) {
S2060,ZipArchiveEntry.java,115,"setExtraFields(ExtraFieldUtils.parse(extra, true,"
S2061,ZipArchiveEntry.java,122,setMethod(entry.getMethod());
S2062,ZipArchiveEntry.java,123,this.size = entry.getSize();
S2063,ZipArchiveEntry.java,136,this((java.util.zip.ZipEntry) entry);
S2064,ZipArchiveEntry.java,137,setInternalAttributes(entry.getInternalAttributes());
S2065,ZipArchiveEntry.java,138,setExternalAttributes(entry.getExternalAttributes());
S2066,ZipArchiveEntry.java,139,setExtraFields(entry.getExtraFields(true));
S2067,ZipArchiveEntry.java,145,"this("""");"
S2068,ZipArchiveEntry.java,158,"this(inputFile.isDirectory() && !entryName.endsWith(""/"") ?"
S2069,ZipArchiveEntry.java,160,if (inputFile.isFile()){
S2070,ZipArchiveEntry.java,161,setSize(inputFile.length());
S2071,ZipArchiveEntry.java,163,setTime(inputFile.lastModified());
S2072,ZipArchiveEntry.java,191,return method;
S2073,ZipArchiveEntry.java,203,if (method < 0) {
S2074,ZipArchiveEntry.java,207,this.method = method;
S2075,ZipArchiveEntry.java,216,return internalAttributes;
S2076,ZipArchiveEntry.java,224,internalAttributes = value;
S2077,ZipArchiveEntry.java,232,return externalAttributes;
S2078,ZipArchiveEntry.java,240,externalAttributes = value;
S2079,ZipArchiveEntry.java,276,return platform;
S2080,ZipArchiveEntry.java,284,this.platform = platform;
S2081,ZipArchiveEntry.java,292,"extraFields = new LinkedHashMap<ZipShort, ZipExtraField>();"
S2082,ZipArchiveEntry.java,293,for (ZipExtraField field : fields) {
S2083,ZipArchiveEntry.java,294,if (field instanceof UnparseableExtraFieldData) {
S2084,ZipArchiveEntry.java,297,"extraFields.put(field.getHeaderId(), field);"
S2085,ZipArchiveEntry.java,300,setExtra();
S2086,ZipArchiveEntry.java,321,if (extraFields == null) {
S2087,ZipArchiveEntry.java,322,return !includeUnparseable || unparseableExtra == null
S2088,ZipArchiveEntry.java,326,List<ZipExtraField> result =
S2089,ZipArchiveEntry.java,328,if (includeUnparseable && unparseableExtra != null) {
S2090,ZipArchiveEntry.java,331,return result.toArray(new ZipExtraField[0]);
S2091,ZipArchiveEntry.java,362,if (ze instanceof UnparseableExtraFieldData) {
S2092,ZipArchiveEntry.java,365,"LinkedHashMap<ZipShort, ZipExtraField> copy = extraFields;"
S2093,ZipArchiveEntry.java,366,"extraFields = new LinkedHashMap<ZipShort, ZipExtraField>();"
S2094,ZipArchiveEntry.java,367,"extraFields.put(ze.getHeaderId(), ze);"
S2095,ZipArchiveEntry.java,368,if (copy != null) {
S2096,ZipArchiveEntry.java,369,copy.remove(ze.getHeaderId());
S2097,ZipArchiveEntry.java,370,extraFields.putAll(copy);
S2098,ZipArchiveEntry.java,373,setExtra();
S2099,ZipArchiveEntry.java,409,if (extraFields != null) {
S2100,ZipArchiveEntry.java,410,return extraFields.get(type);
S2101,ZipArchiveEntry.java,412,return null;
S2102,ZipArchiveEntry.java,437,ZipExtraField[] local =
S2103,ZipArchiveEntry.java,440,"mergeExtraFields(local, true);"
S2104,ZipArchiveEntry.java,455,super.setExtra(ExtraFieldUtils.mergeLocalFileDataData(getExtraFields(true)));
S2105,ZipArchiveEntry.java,477,byte[] extra = getExtra();
S2106,ZipArchiveEntry.java,478,return extra != null ? extra : new byte[0];
S2107,ZipArchiveEntry.java,486,return ExtraFieldUtils.mergeCentralDirectoryData(getExtraFields(true));
S2108,ZipArchiveEntry.java,495,return name == null ? super.getName() : name;
S2109,ZipArchiveEntry.java,504,"return getName().endsWith(""/"");"
S2110,ZipArchiveEntry.java,512,if (name != null && getPlatform() == PLATFORM_FAT
S2111,ZipArchiveEntry.java,514,"name = name.replace('\\', '/');"
S2112,ZipArchiveEntry.java,516,this.name = name;
S2113,ZipArchiveEntry.java,525,return size;
S2114,ZipArchiveEntry.java,536,if (size < 0) {
S2115,ZipArchiveEntry.java,539,this.size = size;
S2116,ZipArchiveEntry.java,552,setName(name);
S2117,ZipArchiveEntry.java,553,this.rawName = rawName;
S2118,ZipArchiveEntry.java,585,return getName().hashCode();
S2119,ZipArchiveEntry.java,593,return gpb;
S2120,ZipArchiveEntry.java,601,gpb = b;
S2121,ZipArchiveEntry.java,614,if (extraFields == null) {
S2122,ZipArchiveEntry.java,615,setExtraFields(f);
S2123,ZipArchiveEntry.java,650,if (this == obj) {
S2124,ZipArchiveEntry.java,653,if (obj == null || getClass() != obj.getClass()) {
S2125,ZipArchiveEntry.java,656,ZipArchiveEntry other = (ZipArchiveEntry) obj;
S2126,ZipArchiveEntry.java,657,String myName = getName();
S2127,ZipArchiveEntry.java,658,String otherName = other.getName();
S2128,ZipArchiveEntry.java,659,if (myName == null) {
S2129,ZipArchiveEntry.java,663,} else if (!myName.equals(otherName)) {
S2130,ZipArchiveEntry.java,666,String myComment = getComment();
S2131,ZipArchiveEntry.java,667,String otherComment = other.getComment();
S2132,ZipArchiveEntry.java,668,if (myComment == null) {
S2133,ZipArchiveEntry.java,669,"myComment = """";"
S2134,ZipArchiveEntry.java,671,if (otherComment == null) {
S2135,ZipArchiveEntry.java,672,"otherComment = """";"
S2136,ZipArchiveEntry.java,674,return getTime() == other.getTime()
S2137,ZipArchiveInputStream.java,77,private final Inflater inf = new Inflater(true);
S2138,ZipArchiveInputStream.java,82,private final CRC32 crc = new CRC32();
S2139,ZipArchiveInputStream.java,87,private final Buffer buf = new Buffer();
S2140,ZipArchiveInputStream.java,91,private CurrentEntry current = null;
S2141,ZipArchiveInputStream.java,95,private boolean closed = false;
S2142,ZipArchiveInputStream.java,100,private boolean hitCentralDirectory = false;
S2143,ZipArchiveInputStream.java,106,private ByteArrayInputStream lastStoredEntry = null;
S2144,ZipArchiveInputStream.java,112,private boolean allowStoredEntriesWithDataDescriptor = false;
S2145,ZipArchiveInputStream.java,132,"this(inputStream, ZipEncodingHelper.UTF8);"
S2146,ZipArchiveInputStream.java,141,"this(inputStream, encoding, true);"
S2147,ZipArchiveInputStream.java,153,"this(inputStream, encoding, useUnicodeExtraFields, false);"
S2148,ZipArchiveInputStream.java,168,boolean allowStoredEntriesWithDataDescriptor) {
S2149,ZipArchiveInputStream.java,169,zipEncoding = ZipEncodingHelper.getZipEncoding(encoding);
S2150,ZipArchiveInputStream.java,170,this.useUnicodeExtraFields = useUnicodeExtraFields;
S2151,ZipArchiveInputStream.java,171,"in = new PushbackInputStream(inputStream, buf.buf.length);"
S2152,ZipArchiveInputStream.java,172,this.allowStoredEntriesWithDataDescriptor =
S2153,ZipArchiveInputStream.java,177,if (closed || hitCentralDirectory) {
S2154,ZipArchiveInputStream.java,180,if (current != null) {
S2155,ZipArchiveInputStream.java,181,closeEntry();
S2156,ZipArchiveInputStream.java,183,byte[] lfh = new byte[LFH_LEN];
S2157,ZipArchiveInputStream.java,185,readFully(lfh);
S2158,ZipArchiveInputStream.java,186,} catch (EOFException e) {
S2159,ZipArchiveInputStream.java,187,return null;
S2160,ZipArchiveInputStream.java,189,ZipLong sig = new ZipLong(lfh);
S2161,ZipArchiveInputStream.java,190,if (sig.equals(ZipLong.CFH_SIG)) {
S2162,ZipArchiveInputStream.java,191,hitCentralDirectory = true;
S2163,ZipArchiveInputStream.java,192,return null;
S2164,ZipArchiveInputStream.java,194,if (!sig.equals(ZipLong.LFH_SIG)) {
S2165,ZipArchiveInputStream.java,198,int off = WORD;
S2166,ZipArchiveInputStream.java,199,current = new CurrentEntry();
S2167,ZipArchiveInputStream.java,201,"int versionMadeBy = ZipShort.getValue(lfh, off);"
S2168,ZipArchiveInputStream.java,202,off += SHORT;
S2169,ZipArchiveInputStream.java,203,current.entry.setPlatform((versionMadeBy >> ZipFile.BYTE_SHIFT)
S2170,ZipArchiveInputStream.java,206,"final GeneralPurposeBit gpFlag = GeneralPurposeBit.parse(lfh, off);"
S2171,ZipArchiveInputStream.java,207,final boolean hasUTF8Flag = gpFlag.usesUTF8ForNames();
S2172,ZipArchiveInputStream.java,208,final ZipEncoding entryEncoding =
S2173,ZipArchiveInputStream.java,210,current.hasDataDescriptor = gpFlag.usesDataDescriptor();
S2174,ZipArchiveInputStream.java,211,current.entry.setGeneralPurposeBit(gpFlag);
S2175,ZipArchiveInputStream.java,213,off += SHORT;
S2176,ZipArchiveInputStream.java,215,"current.entry.setMethod(ZipShort.getValue(lfh, off));"
S2177,ZipArchiveInputStream.java,216,off += SHORT;
S2178,ZipArchiveInputStream.java,218,"long time = ZipUtil.dosToJavaTime(ZipLong.getValue(lfh, off));"
S2179,ZipArchiveInputStream.java,219,current.entry.setTime(time);
S2180,ZipArchiveInputStream.java,220,off += WORD;
S2181,ZipArchiveInputStream.java,222,"ZipLong size = null, cSize = null;"
S2182,ZipArchiveInputStream.java,223,if (!current.hasDataDescriptor) {
S2183,ZipArchiveInputStream.java,224,"current.entry.setCrc(ZipLong.getValue(lfh, off));"
S2184,ZipArchiveInputStream.java,225,off += WORD;
S2185,ZipArchiveInputStream.java,227,"cSize = new ZipLong(lfh, off);"
S2186,ZipArchiveInputStream.java,228,off += WORD;
S2187,ZipArchiveInputStream.java,230,"size = new ZipLong(lfh, off);"
S2188,ZipArchiveInputStream.java,231,off += WORD;
S2189,ZipArchiveInputStream.java,233,off += 3 * WORD;
S2190,ZipArchiveInputStream.java,236,"int fileNameLen = ZipShort.getValue(lfh, off);"
S2191,ZipArchiveInputStream.java,238,off += SHORT;
S2192,ZipArchiveInputStream.java,240,"int extraLen = ZipShort.getValue(lfh, off);"
S2193,ZipArchiveInputStream.java,241,off += SHORT;
S2194,ZipArchiveInputStream.java,243,byte[] fileName = new byte[fileNameLen];
S2195,ZipArchiveInputStream.java,244,readFully(fileName);
S2196,ZipArchiveInputStream.java,245,"current.entry.setName(entryEncoding.decode(fileName), fileName);"
S2197,ZipArchiveInputStream.java,247,byte[] extraData = new byte[extraLen];
S2198,ZipArchiveInputStream.java,248,readFully(extraData);
S2199,ZipArchiveInputStream.java,249,current.entry.setExtra(extraData);
S2200,ZipArchiveInputStream.java,251,if (!hasUTF8Flag && useUnicodeExtraFields) {
S2201,ZipArchiveInputStream.java,252,"ZipUtil.setNameAndCommentFromExtraFields(current.entry, fileName,"
S2202,ZipArchiveInputStream.java,256,"processZip64Extra(size, cSize);"
S2203,ZipArchiveInputStream.java,257,return current.entry;
S2204,ZipArchiveInputStream.java,266,Zip64ExtendedInformationExtraField z64 =
S2205,ZipArchiveInputStream.java,270,current.usesZip64 = z64 != null;
S2206,ZipArchiveInputStream.java,271,if (!current.hasDataDescriptor) {
S2207,ZipArchiveInputStream.java,272,if (current.usesZip64 && (cSize.equals(ZipLong.ZIP64_MAGIC)
S2208,ZipArchiveInputStream.java,279,current.entry.setCompressedSize(cSize.getValue());
S2209,ZipArchiveInputStream.java,280,current.entry.setSize(size.getValue());
S2210,ZipArchiveInputStream.java,288,return getNextZipEntry();
S2211,ZipArchiveInputStream.java,311,if (closed) {
S2212,ZipArchiveInputStream.java,314,if (inf.finished() || current == null) {
S2213,ZipArchiveInputStream.java,315,return -1;
S2214,ZipArchiveInputStream.java,319,if (start <= buffer.length && length >= 0 && start >= 0
S2215,ZipArchiveInputStream.java,321,ZipUtil.checkRequestedFeatures(current.entry);
S2216,ZipArchiveInputStream.java,322,if (!supportsDataDescriptorFor(current.entry)) {
S2217,ZipArchiveInputStream.java,329,if (current.entry.getMethod() == ZipArchiveOutputStream.STORED) {
S2218,ZipArchiveInputStream.java,332,"return readDeflated(buffer, start, length);"
S2219,ZipArchiveInputStream.java,383,if (inf.needsInput()) {
S2220,ZipArchiveInputStream.java,384,fill();
S2221,ZipArchiveInputStream.java,385,if (buf.lengthOfLastRead > 0) {
S2222,ZipArchiveInputStream.java,386,current.bytesReadFromStream += buf.lengthOfLastRead;
S2223,ZipArchiveInputStream.java,389,int read = 0;
S2224,ZipArchiveInputStream.java,391,"read = inf.inflate(buffer, start, length);"
S2225,ZipArchiveInputStream.java,395,if (read == 0) {
S2226,ZipArchiveInputStream.java,402,"crc.update(buffer, start, read);"
S2227,ZipArchiveInputStream.java,403,return read;
S2228,ZipArchiveInputStream.java,408,if (!closed) {
S2229,ZipArchiveInputStream.java,409,closed = true;
S2230,ZipArchiveInputStream.java,410,in.close();
S2231,ZipArchiveInputStream.java,411,inf.end();
S2232,ZipArchiveInputStream.java,432,if (value >= 0) {
S2233,ZipArchiveInputStream.java,433,long skipped = 0;
S2234,ZipArchiveInputStream.java,434,byte[] b = new byte[1024];
S2235,ZipArchiveInputStream.java,435,while (skipped < value) {
S2236,ZipArchiveInputStream.java,436,long rem = value - skipped;
S2237,ZipArchiveInputStream.java,437,"int x = read(b, 0, (int) (b.length > rem ? rem : b.length));"
S2238,ZipArchiveInputStream.java,438,if (x == -1) {
S2239,ZipArchiveInputStream.java,439,return skipped;
S2240,ZipArchiveInputStream.java,441,skipped += x;
S2241,ZipArchiveInputStream.java,460,if (length < ZipArchiveOutputStream.LFH_SIG.length) {
S2242,ZipArchiveInputStream.java,464,"return checksig(signature, ZipArchiveOutputStream.LFH_SIG) // normal file"
S2243,ZipArchiveInputStream.java,469,for (int i = 0; i < expected.length; i++) {
S2244,ZipArchiveInputStream.java,470,if (signature[i] != expected[i]) {
S2245,ZipArchiveInputStream.java,471,return false;
S2246,ZipArchiveInputStream.java,474,return true;
S2247,ZipArchiveInputStream.java,496,if (closed) {
S2248,ZipArchiveInputStream.java,499,if (current == null) {
S2249,ZipArchiveInputStream.java,504,if (current.bytesReadFromStream <= current.entry.getCompressedSize()
S2250,ZipArchiveInputStream.java,506,drainCurrentEntryData();
S2251,ZipArchiveInputStream.java,508,skip(Long.MAX_VALUE);
S2252,ZipArchiveInputStream.java,510,long inB =
S2253,ZipArchiveInputStream.java,516,int diff = (int) (current.bytesReadFromStream - inB);
S2254,ZipArchiveInputStream.java,519,if (diff > 0) {
S2255,ZipArchiveInputStream.java,520,"pushback(buf.buf, buf.lengthOfLastRead - diff, diff);"
S2256,ZipArchiveInputStream.java,524,if (lastStoredEntry == null && current.hasDataDescriptor) {
S2257,ZipArchiveInputStream.java,525,readDataDescriptor();
S2258,ZipArchiveInputStream.java,528,inf.reset();
S2259,ZipArchiveInputStream.java,529,buf.reset();
S2260,ZipArchiveInputStream.java,530,crc.reset();
S2261,ZipArchiveInputStream.java,531,current = null;
S2262,ZipArchiveInputStream.java,532,lastStoredEntry = null;
S2263,ZipArchiveInputStream.java,540,long remaining = current.entry.getCompressedSize()
S2264,ZipArchiveInputStream.java,542,while (remaining > 0) {
S2265,ZipArchiveInputStream.java,543,"long n = in.read(buf.buf, 0, (int) Math.min(buf.buf.length,"
S2266,ZipArchiveInputStream.java,545,if (n < 0) {
S2267,ZipArchiveInputStream.java,549,count(n);
S2268,ZipArchiveInputStream.java,550,remaining -= n;
S2269,ZipArchiveInputStream.java,571,long inB = inf.getBytesRead();
S2270,ZipArchiveInputStream.java,572,if (current.bytesReadFromStream >= TWO_EXP_32) {
S2271,ZipArchiveInputStream.java,577,return inB;
S2272,ZipArchiveInputStream.java,581,if (closed) {
S2273,ZipArchiveInputStream.java,584,if ((buf.lengthOfLastRead = in.read(buf.buf)) > 0) {
S2274,ZipArchiveInputStream.java,585,count(buf.lengthOfLastRead);
S2275,ZipArchiveInputStream.java,586,"inf.setInput(buf.buf, 0, buf.lengthOfLastRead);"
S2276,ZipArchiveInputStream.java,591,"int count = 0, x = 0;"
S2277,ZipArchiveInputStream.java,592,while (count != b.length) {
S2278,ZipArchiveInputStream.java,593,"count += x = in.read(b, count, b.length - count);"
S2279,ZipArchiveInputStream.java,594,if (x == -1) {
S2280,ZipArchiveInputStream.java,595,throw new EOFException();
S2281,ZipArchiveInputStream.java,597,count(x);
S2282,ZipArchiveInputStream.java,602,byte[] b = new byte[WORD];
S2283,ZipArchiveInputStream.java,603,readFully(b);
S2284,ZipArchiveInputStream.java,604,ZipLong val = new ZipLong(b);
S2285,ZipArchiveInputStream.java,605,if (ZipLong.DD_SIG.equals(val)) {
S2286,ZipArchiveInputStream.java,607,readFully(b);
S2287,ZipArchiveInputStream.java,608,val = new ZipLong(b);
S2288,ZipArchiveInputStream.java,610,current.entry.setCrc(val.getValue());
S2289,ZipArchiveInputStream.java,623,b = new byte[2 * DWORD];
S2290,ZipArchiveInputStream.java,624,readFully(b);
S2291,ZipArchiveInputStream.java,625,"ZipLong potentialSig = new ZipLong(b, DWORD);"
S2292,ZipArchiveInputStream.java,626,if (potentialSig.equals(ZipLong.CFH_SIG)
S2293,ZipArchiveInputStream.java,628,"pushback(b, DWORD, DWORD);"
S2294,ZipArchiveInputStream.java,629,current.entry.setCompressedSize(ZipLong.getValue(b));
S2295,ZipArchiveInputStream.java,630,"current.entry.setSize(ZipLong.getValue(b, WORD));"
S2296,ZipArchiveInputStream.java,646,return allowStoredEntriesWithDataDescriptor ||
S2297,ZipArchiveInputStream.java,700,private static final byte[] LFH = ZipLong.LFH_SIG.getBytes();
S2298,ZipArchiveInputStream.java,701,private static final byte[] CFH = ZipLong.CFH_SIG.getBytes();
S2299,ZipArchiveInputStream.java,702,private static final byte[] DD = ZipLong.DD_SIG.getBytes();
S2300,ZipArchiveInputStream.java,771,"((PushbackInputStream) in).unread(buf, offset, length);"
S2301,ZipArchiveInputStream.java,772,pushedBackBytes(length);
S2302,ZipArchiveInputStream.java,779,private static final class CurrentEntry {
S2303,ZipArchiveInputStream.java,783,private final ZipArchiveEntry entry = new ZipArchiveEntry();
S2304,ZipArchiveInputStream.java,812,private static final class Buffer {
S2305,ZipArchiveInputStream.java,816,private final byte[] buf = new byte[ZipArchiveOutputStream.BUFFER_SIZE];
S2306,ZipArchiveInputStream.java,821,private int offsetInBuffer = 0;
S2307,ZipArchiveInputStream.java,826,private int lengthOfLastRead = 0;
S2308,ZipArchiveInputStream.java,831,offsetInBuffer = lengthOfLastRead = 0;
S2309,ZipArchiveOutputStream.java,79,protected boolean finished = false;
S2310,ZipArchiveOutputStream.java,126,"private String comment = """";"
S2311,ZipArchiveOutputStream.java,131,private int level = DEFAULT_COMPRESSION;
S2312,ZipArchiveOutputStream.java,137,private boolean hasCompressionLevelChanged = false;
S2313,ZipArchiveOutputStream.java,142,private int method = java.util.zip.ZipEntry.DEFLATED;
S2314,ZipArchiveOutputStream.java,147,private final List<ZipArchiveEntry> entries =
S2315,ZipArchiveOutputStream.java,153,private final CRC32 crc = new CRC32();
S2316,ZipArchiveOutputStream.java,158,private long written = 0;
S2317,ZipArchiveOutputStream.java,163,private long cdOffset = 0;
S2318,ZipArchiveOutputStream.java,168,private long cdLength = 0;
S2319,ZipArchiveOutputStream.java,173,"private static final byte[] ZERO = {0, 0};"
S2320,ZipArchiveOutputStream.java,178,"private static final byte[] LZERO = {0, 0, 0, 0};"
S2321,ZipArchiveOutputStream.java,183,"private final Map<ZipArchiveEntry, Long> offsets ="
S2322,ZipArchiveOutputStream.java,193,private String encoding = DEFAULT_ENCODING;
S2323,ZipArchiveOutputStream.java,201,private ZipEncoding zipEncoding =
S2324,ZipArchiveOutputStream.java,208,"protected final Deflater def = new Deflater(level, true);"
S2325,ZipArchiveOutputStream.java,214,private final byte[] buf = new byte[BUFFER_SIZE];
S2326,ZipArchiveOutputStream.java,227,private boolean useUTF8Flag = true;
S2327,ZipArchiveOutputStream.java,232,private boolean fallbackToUTF8 = false;
S2328,ZipArchiveOutputStream.java,237,private UnicodeExtraFieldPolicy createUnicodeExtraFields = UnicodeExtraFieldPolicy.NEVER;
S2329,ZipArchiveOutputStream.java,244,private boolean hasUsedZip64 = false;
S2330,ZipArchiveOutputStream.java,246,private Zip64Mode zip64Mode = Zip64Mode.AsNeeded;
S2331,ZipArchiveOutputStream.java,252,public ZipArchiveOutputStream(OutputStream out) {
S2332,ZipArchiveOutputStream.java,253,this.out = out;
S2333,ZipArchiveOutputStream.java,254,this.raf = null;
S2334,ZipArchiveOutputStream.java,408,if (finished) {
S2335,ZipArchiveOutputStream.java,409,"throw new IOException(""This archive has already been finished"");"
S2336,ZipArchiveOutputStream.java,412,if (entry != null) {
S2337,ZipArchiveOutputStream.java,413,"throw new IOException(""This archive contains unclosed entries."");"
S2338,ZipArchiveOutputStream.java,416,cdOffset = written;
S2339,ZipArchiveOutputStream.java,417,for (ZipArchiveEntry ze : entries) {
S2340,ZipArchiveOutputStream.java,418,writeCentralFileHeader(ze);
S2341,ZipArchiveOutputStream.java,420,cdLength = written - cdOffset;
S2342,ZipArchiveOutputStream.java,421,writeZip64CentralDirectory();
S2343,ZipArchiveOutputStream.java,422,writeCentralDirectoryEnd();
S2344,ZipArchiveOutputStream.java,423,offsets.clear();
S2345,ZipArchiveOutputStream.java,424,entries.clear();
S2346,ZipArchiveOutputStream.java,425,def.end();
S2347,ZipArchiveOutputStream.java,426,finished = true;
S2348,ZipArchiveOutputStream.java,438,if (finished) {
S2349,ZipArchiveOutputStream.java,442,if (entry == null) {
S2350,ZipArchiveOutputStream.java,443,"throw new IOException(""No current entry to close"");"
S2351,ZipArchiveOutputStream.java,446,if (!entry.hasWritten) {
S2352,ZipArchiveOutputStream.java,447,"write(new byte[0], 0, 0);"
S2353,ZipArchiveOutputStream.java,450,flushDeflater();
S2354,ZipArchiveOutputStream.java,452,final Zip64Mode effectiveMode = getEffectiveZip64Mode(entry.entry);
S2355,ZipArchiveOutputStream.java,453,long bytesWritten = written - entry.dataStart;
S2356,ZipArchiveOutputStream.java,454,long realCrc = crc.getValue();
S2357,ZipArchiveOutputStream.java,455,crc.reset();
S2358,ZipArchiveOutputStream.java,457,final boolean actuallyNeedsZip64 =
S2359,ZipArchiveOutputStream.java,460,if (raf != null) {
S2360,ZipArchiveOutputStream.java,464,writeDataDescriptor(entry.entry);
S2361,ZipArchiveOutputStream.java,465,entry = null;
S2362,ZipArchiveOutputStream.java,472,if (entry.entry.getMethod() == DEFLATED) {
S2363,ZipArchiveOutputStream.java,473,def.finish();
S2364,ZipArchiveOutputStream.java,474,while (!def.finished()) {
S2365,ZipArchiveOutputStream.java,475,deflate();
S2366,ZipArchiveOutputStream.java,489,if (entry.entry.getMethod() == DEFLATED) {
S2367,ZipArchiveOutputStream.java,494,entry.entry.setSize(entry.bytesRead);
S2368,ZipArchiveOutputStream.java,495,entry.entry.setCompressedSize(bytesWritten);
S2369,ZipArchiveOutputStream.java,496,entry.entry.setCrc(crc);
S2370,ZipArchiveOutputStream.java,498,def.reset();
S2371,ZipArchiveOutputStream.java,521,final boolean actuallyNeedsZip64 = effectiveMode == Zip64Mode.Always
S2372,ZipArchiveOutputStream.java,524,if (actuallyNeedsZip64 && effectiveMode == Zip64Mode.Never) {
S2373,ZipArchiveOutputStream.java,528,return actuallyNeedsZip64;
S2374,ZipArchiveOutputStream.java,590,if (finished) {
S2375,ZipArchiveOutputStream.java,594,if (entry != null) {
S2376,ZipArchiveOutputStream.java,598,entry = new CurrentEntry((ZipArchiveEntry) archiveEntry);
S2377,ZipArchiveOutputStream.java,599,entries.add(entry.entry);
S2378,ZipArchiveOutputStream.java,601,setDefaults(entry.entry);
S2379,ZipArchiveOutputStream.java,603,final Zip64Mode effectiveMode = getEffectiveZip64Mode(entry.entry);
S2380,ZipArchiveOutputStream.java,604,validateSizeInformation(effectiveMode);
S2381,ZipArchiveOutputStream.java,606,"if (shouldAddZip64Extra(entry.entry, effectiveMode)) {"
S2382,ZipArchiveOutputStream.java,623,if (entry.entry.getMethod() == DEFLATED && hasCompressionLevelChanged) {
S2383,ZipArchiveOutputStream.java,627,writeLocalFileHeader(entry.entry);
S2384,ZipArchiveOutputStream.java,635,if (entry.getMethod() == -1) { // not specified
S2385,ZipArchiveOutputStream.java,636,entry.setMethod(method);
S2386,ZipArchiveOutputStream.java,639,if (entry.getTime() == -1) { // not specified
S2387,ZipArchiveOutputStream.java,640,entry.setTime(System.currentTimeMillis());
S2388,ZipArchiveOutputStream.java,653,if (entry.entry.getMethod() == STORED && raf == null) {
S2389,ZipArchiveOutputStream.java,666,if ((entry.entry.getSize() >= ZIP64_MAGIC
S2390,ZipArchiveOutputStream.java,689,return mode == Zip64Mode.Always
S2391,ZipArchiveOutputStream.java,756,ZipUtil.checkRequestedFeatures(entry.entry);
S2392,ZipArchiveOutputStream.java,757,entry.hasWritten = true;
S2393,ZipArchiveOutputStream.java,758,if (entry.entry.getMethod() == DEFLATED) {
S2394,ZipArchiveOutputStream.java,759,"writeDeflated(b, offset, length);"
S2395,ZipArchiveOutputStream.java,764,"crc.update(b, offset, length);"
S2396,ZipArchiveOutputStream.java,765,count(length);
S2397,ZipArchiveOutputStream.java,773,if (length > 0 && !def.finished()) {
S2398,ZipArchiveOutputStream.java,774,entry.bytesRead += length;
S2399,ZipArchiveOutputStream.java,775,if (length <= DEFLATER_BLOCK_SIZE) {
S2400,ZipArchiveOutputStream.java,776,"def.setInput(b, offset, length);"
S2401,ZipArchiveOutputStream.java,777,deflateUntilInputIsNeeded();
S2402,ZipArchiveOutputStream.java,805,if (!finished) {
S2403,ZipArchiveOutputStream.java,806,finish();
S2404,ZipArchiveOutputStream.java,808,destroy();
S2405,ZipArchiveOutputStream.java,830,static final byte[] LFH_SIG = ZipLong.LFH_SIG.getBytes();
S2406,ZipArchiveOutputStream.java,834,static final byte[] DD_SIG = ZipLong.DD_SIG.getBytes();
S2407,ZipArchiveOutputStream.java,838,static final byte[] CFH_SIG = ZipLong.CFH_SIG.getBytes();
S2408,ZipArchiveOutputStream.java,842,static final byte[] EOCD_SIG = ZipLong.getBytes(0X06054B50L);
S2409,ZipArchiveOutputStream.java,846,static final byte[] ZIP64_EOCD_SIG = ZipLong.getBytes(0X06064B50L);
S2410,ZipArchiveOutputStream.java,850,static final byte[] ZIP64_EOCD_LOC_SIG = ZipLong.getBytes(0X07064B50L);
S2411,ZipArchiveOutputStream.java,857,"int len = def.deflate(buf, 0, buf.length);"
S2412,ZipArchiveOutputStream.java,858,if (len > 0) {
S2413,ZipArchiveOutputStream.java,859,"writeOut(buf, 0, len);"
S2414,ZipArchiveOutputStream.java,860,written += len;
S2415,ZipArchiveOutputStream.java,871,boolean encodable = zipEncoding.canEncode(ze.getName());
S2416,ZipArchiveOutputStream.java,872,ByteBuffer name = getName(ze);
S2417,ZipArchiveOutputStream.java,874,if (createUnicodeExtraFields != UnicodeExtraFieldPolicy.NEVER) {
S2418,ZipArchiveOutputStream.java,878,"offsets.put(ze, Long.valueOf(written));"
S2419,ZipArchiveOutputStream.java,880,writeOut(LFH_SIG);
S2420,ZipArchiveOutputStream.java,881,written += WORD;
S2421,ZipArchiveOutputStream.java,884,final int zipMethod = ze.getMethod();
S2422,ZipArchiveOutputStream.java,886,"writeVersionNeededToExtractAndGeneralPurposeBits(zipMethod,"
S2423,ZipArchiveOutputStream.java,890,written += WORD;
S2424,ZipArchiveOutputStream.java,893,writeOut(ZipShort.getBytes(zipMethod));
S2425,ZipArchiveOutputStream.java,894,written += SHORT;
S2426,ZipArchiveOutputStream.java,897,writeOut(ZipUtil.toDosTime(ze.getTime()));
S2427,ZipArchiveOutputStream.java,898,written += WORD;
S2428,ZipArchiveOutputStream.java,903,entry.localDataStart = written;
S2429,ZipArchiveOutputStream.java,904,if (zipMethod == DEFLATED || raf != null) {
S2430,ZipArchiveOutputStream.java,905,writeOut(LZERO);
S2431,ZipArchiveOutputStream.java,906,if (hasZip64Extra(entry.entry)) {
S2432,ZipArchiveOutputStream.java,913,writeOut(LZERO);
S2433,ZipArchiveOutputStream.java,914,writeOut(LZERO);
S2434,ZipArchiveOutputStream.java,926,written += 12;
S2435,ZipArchiveOutputStream.java,930,writeOut(ZipShort.getBytes(name.limit()));
S2436,ZipArchiveOutputStream.java,931,written += SHORT;
S2437,ZipArchiveOutputStream.java,934,byte[] extra = ze.getLocalFileDataExtra();
S2438,ZipArchiveOutputStream.java,935,writeOut(ZipShort.getBytes(extra.length));
S2439,ZipArchiveOutputStream.java,936,written += SHORT;
S2440,ZipArchiveOutputStream.java,939,"writeOut(name.array(), name.arrayOffset(), name.limit());"
S2441,ZipArchiveOutputStream.java,940,written += name.limit();
S2442,ZipArchiveOutputStream.java,943,writeOut(extra);
S2443,ZipArchiveOutputStream.java,944,written += extra.length;
S2444,ZipArchiveOutputStream.java,946,entry.dataStart = written;
S2445,ZipArchiveOutputStream.java,988,if (ze.getMethod() != DEFLATED || raf != null) {
S2446,ZipArchiveOutputStream.java,991,writeOut(DD_SIG);
S2447,ZipArchiveOutputStream.java,992,writeOut(ZipLong.getBytes(ze.getCrc()));
S2448,ZipArchiveOutputStream.java,993,int sizeFieldSize = WORD;
S2449,ZipArchiveOutputStream.java,994,if (!hasZip64Extra(ze)) {
S2450,ZipArchiveOutputStream.java,995,writeOut(ZipLong.getBytes(ze.getCompressedSize()));
S2451,ZipArchiveOutputStream.java,996,writeOut(ZipLong.getBytes(ze.getSize()));
S2452,ZipArchiveOutputStream.java,1002,written += 2 * WORD + 2 * sizeFieldSize;
S2453,ZipArchiveOutputStream.java,1014,writeOut(CFH_SIG);
S2454,ZipArchiveOutputStream.java,1015,written += WORD;
S2455,ZipArchiveOutputStream.java,1017,final long lfhOffset = offsets.get(ze).longValue();
S2456,ZipArchiveOutputStream.java,1018,final boolean needsZip64Extra = hasZip64Extra(ze)
S2457,ZipArchiveOutputStream.java,1023,if (needsZip64Extra && zip64Mode == Zip64Mode.Never) {
S2458,ZipArchiveOutputStream.java,1031,"handleZip64Extra(ze, lfhOffset, needsZip64Extra);"
S2459,ZipArchiveOutputStream.java,1035,writeOut(ZipShort.getBytes((ze.getPlatform() << 8) |
S2460,ZipArchiveOutputStream.java,1038,written += SHORT;
S2461,ZipArchiveOutputStream.java,1040,final int zipMethod = ze.getMethod();
S2462,ZipArchiveOutputStream.java,1041,final boolean encodable = zipEncoding.canEncode(ze.getName());
S2463,ZipArchiveOutputStream.java,1042,"writeVersionNeededToExtractAndGeneralPurposeBits(zipMethod,"
S2464,ZipArchiveOutputStream.java,1046,written += WORD;
S2465,ZipArchiveOutputStream.java,1049,writeOut(ZipShort.getBytes(zipMethod));
S2466,ZipArchiveOutputStream.java,1050,written += SHORT;
S2467,ZipArchiveOutputStream.java,1053,writeOut(ZipUtil.toDosTime(ze.getTime()));
S2468,ZipArchiveOutputStream.java,1054,written += WORD;
S2469,ZipArchiveOutputStream.java,1059,writeOut(ZipLong.getBytes(ze.getCrc()));
S2470,ZipArchiveOutputStream.java,1060,if (ze.getCompressedSize() >= ZIP64_MAGIC
S2471,ZipArchiveOutputStream.java,1065,writeOut(ZipLong.getBytes(ze.getCompressedSize()));
S2472,ZipArchiveOutputStream.java,1066,writeOut(ZipLong.getBytes(ze.getSize()));
S2473,ZipArchiveOutputStream.java,1069,written += 12;
S2474,ZipArchiveOutputStream.java,1072,ByteBuffer name = getName(ze);
S2475,ZipArchiveOutputStream.java,1074,writeOut(ZipShort.getBytes(name.limit()));
S2476,ZipArchiveOutputStream.java,1075,written += SHORT;
S2477,ZipArchiveOutputStream.java,1078,byte[] extra = ze.getCentralDirectoryExtra();
S2478,ZipArchiveOutputStream.java,1079,writeOut(ZipShort.getBytes(extra.length));
S2479,ZipArchiveOutputStream.java,1080,written += SHORT;
S2480,ZipArchiveOutputStream.java,1083,String comm = ze.getComment();
S2481,ZipArchiveOutputStream.java,1084,if (comm == null) {
S2482,ZipArchiveOutputStream.java,1085,"comm = """";"
S2483,ZipArchiveOutputStream.java,1088,ByteBuffer commentB = getEntryEncoding(ze).encode(comm);
S2484,ZipArchiveOutputStream.java,1090,writeOut(ZipShort.getBytes(commentB.limit()));
S2485,ZipArchiveOutputStream.java,1091,written += SHORT;
S2486,ZipArchiveOutputStream.java,1094,writeOut(ZERO);
S2487,ZipArchiveOutputStream.java,1095,written += SHORT;
S2488,ZipArchiveOutputStream.java,1098,writeOut(ZipShort.getBytes(ze.getInternalAttributes()));
S2489,ZipArchiveOutputStream.java,1099,written += SHORT;
S2490,ZipArchiveOutputStream.java,1102,writeOut(ZipLong.getBytes(ze.getExternalAttributes()));
S2491,ZipArchiveOutputStream.java,1103,written += WORD;
S2492,ZipArchiveOutputStream.java,1106,"writeOut(ZipLong.getBytes(Math.min(lfhOffset, ZIP64_MAGIC)));"
S2493,ZipArchiveOutputStream.java,1107,written += WORD;
S2494,ZipArchiveOutputStream.java,1110,"writeOut(name.array(), name.arrayOffset(), name.limit());"
S2495,ZipArchiveOutputStream.java,1111,written += name.limit();
S2496,ZipArchiveOutputStream.java,1114,writeOut(extra);
S2497,ZipArchiveOutputStream.java,1115,written += extra.length;
S2498,ZipArchiveOutputStream.java,1118,"writeOut(commentB.array(), commentB.arrayOffset(), commentB.limit());"
S2499,ZipArchiveOutputStream.java,1119,written += commentB.limit();
S2500,ZipArchiveOutputStream.java,1128,if (needsZip64Extra) {
S2501,ZipArchiveOutputStream.java,1154,writeOut(EOCD_SIG);
S2502,ZipArchiveOutputStream.java,1157,writeOut(ZERO);
S2503,ZipArchiveOutputStream.java,1158,writeOut(ZERO);
S2504,ZipArchiveOutputStream.java,1161,int numberOfEntries = entries.size();
S2505,ZipArchiveOutputStream.java,1162,if (numberOfEntries > ZIP64_MAGIC_SHORT
S2506,ZipArchiveOutputStream.java,1167,if (cdOffset > ZIP64_MAGIC && zip64Mode == Zip64Mode.Never) {
S2507,ZipArchiveOutputStream.java,1172,"byte[] num = ZipShort.getBytes(Math.min(numberOfEntries,"
S2508,ZipArchiveOutputStream.java,1174,writeOut(num);
S2509,ZipArchiveOutputStream.java,1175,writeOut(num);
S2510,ZipArchiveOutputStream.java,1178,"writeOut(ZipLong.getBytes(Math.min(cdLength, ZIP64_MAGIC)));"
S2511,ZipArchiveOutputStream.java,1179,"writeOut(ZipLong.getBytes(Math.min(cdOffset, ZIP64_MAGIC)));"
S2512,ZipArchiveOutputStream.java,1182,ByteBuffer data = this.zipEncoding.encode(comment);
S2513,ZipArchiveOutputStream.java,1183,writeOut(ZipShort.getBytes(data.limit()));
S2514,ZipArchiveOutputStream.java,1184,"writeOut(data.array(), data.arrayOffset(), data.limit());"
S2515,ZipArchiveOutputStream.java,1187,private static final byte[] ONE = ZipLong.getBytes(1L);
S2516,ZipArchiveOutputStream.java,1196,if (zip64Mode == Zip64Mode.Never) {
S2517,ZipArchiveOutputStream.java,1200,if (!hasUsedZip64
S2518,ZipArchiveOutputStream.java,1207,if (!hasUsedZip64) {
S2519,ZipArchiveOutputStream.java,1208,return;
S2520,ZipArchiveOutputStream.java,1263,"writeOut(data, 0, data.length);"
S2521,ZipArchiveOutputStream.java,1275,if (raf != null) {
S2522,ZipArchiveOutputStream.java,1278,"out.write(data, offset, length);"
S2523,ZipArchiveOutputStream.java,1283,while (!def.needsInput()) {
S2524,ZipArchiveOutputStream.java,1284,deflate();
S2525,ZipArchiveOutputStream.java,1297,int versionNeededToExtract = INITIAL_VERSION;
S2526,ZipArchiveOutputStream.java,1298,GeneralPurposeBit b = new GeneralPurposeBit();
S2527,ZipArchiveOutputStream.java,1299,b.useUTF8ForNames(useUTF8Flag || utfFallback);
S2528,ZipArchiveOutputStream.java,1300,if (zipMethod == DEFLATED && raf == null) {
S2529,ZipArchiveOutputStream.java,1303,versionNeededToExtract = DATA_DESCRIPTOR_MIN_VERSION;
S2530,ZipArchiveOutputStream.java,1304,b.useDataDescriptor(true);
S2531,ZipArchiveOutputStream.java,1306,if (zip64) {
S2532,ZipArchiveOutputStream.java,1312,writeOut(ZipShort.getBytes(versionNeededToExtract));
S2533,ZipArchiveOutputStream.java,1314,writeOut(b.encode());
S2534,ZipArchiveOutputStream.java,1331,if (finished) {
S2535,ZipArchiveOutputStream.java,1334,"return new ZipArchiveEntry(inputFile, entryName);"
S2536,ZipArchiveOutputStream.java,1376,return ze.getExtraField(Zip64ExtendedInformationExtraField
S2537,ZipArchiveOutputStream.java,1389,if (zip64Mode != Zip64Mode.AsNeeded
S2538,ZipArchiveOutputStream.java,1393,return zip64Mode;
S2539,ZipArchiveOutputStream.java,1395,return Zip64Mode.Never;
S2540,ZipArchiveOutputStream.java,1399,boolean encodable = zipEncoding.canEncode(ze.getName());
S2541,ZipArchiveOutputStream.java,1400,return !encodable && fallbackToUTF8
S2542,ZipArchiveOutputStream.java,1405,return getEntryEncoding(ze).encode(ze.getName());
S2543,ZipArchiveOutputStream.java,1416,if (raf != null) {
S2544,ZipArchiveOutputStream.java,1419,if (out != null) {
S2545,ZipArchiveOutputStream.java,1420,out.close();
S2546,ZipArchiveOutputStream.java,1432,"public static final UnicodeExtraFieldPolicy ALWAYS = new UnicodeExtraFieldPolicy(""always"");"
S2547,ZipArchiveOutputStream.java,1436,"public static final UnicodeExtraFieldPolicy NEVER = new UnicodeExtraFieldPolicy(""never"");"
S2548,ZipArchiveOutputStream.java,1441,public static final UnicodeExtraFieldPolicy NOT_ENCODEABLE =
S2549,ZipArchiveOutputStream.java,1445,private UnicodeExtraFieldPolicy(String n) {
S2550,ZipArchiveOutputStream.java,1446,name = n;
S2551,ZipArchiveOutputStream.java,1458,private static final class CurrentEntry {
S2552,ZipArchiveOutputStream.java,1459,private CurrentEntry(ZipArchiveEntry entry) {
S2553,ZipArchiveOutputStream.java,1460,this.entry = entry;
S2554,ZipArchiveOutputStream.java,1470,private long localDataStart = 0;
S2555,ZipArchiveOutputStream.java,1474,private long dataStart = 0;
S2556,ZipArchiveOutputStream.java,1479,private long bytesRead = 0;
S2557,ZipArchiveOutputStream.java,1483,private boolean causedUseOfZip64 = false;
S2558,ZipEncodingHelper.java,51,SimpleEncodingHolder(char [] highChars) {
S2559,ZipEncodingHelper.java,52,this.highChars = highChars;
S2560,ZipEncodingHelper.java,70,"simpleEncodings = new HashMap<String, SimpleEncodingHolder>();"
S2561,ZipEncodingHelper.java,72,char[] cp437_high_chars =
S2562,ZipEncodingHelper.java,96,SimpleEncodingHolder cp437 = new SimpleEncodingHolder(cp437_high_chars);
S2563,ZipEncodingHelper.java,98,"simpleEncodings.put(""CP437"",cp437);"
S2564,ZipEncodingHelper.java,99,"simpleEncodings.put(""Cp437"",cp437);"
S2565,ZipEncodingHelper.java,100,"simpleEncodings.put(""cp437"",cp437);"
S2566,ZipEncodingHelper.java,101,"simpleEncodings.put(""IBM437"",cp437);"
S2567,ZipEncodingHelper.java,102,"simpleEncodings.put(""ibm437"",cp437);"
S2568,ZipEncodingHelper.java,104,char[] cp850_high_chars =
S2569,ZipEncodingHelper.java,128,SimpleEncodingHolder cp850 = new SimpleEncodingHolder(cp850_high_chars);
S2570,ZipEncodingHelper.java,130,"simpleEncodings.put(""CP850"",cp850);"
S2571,ZipEncodingHelper.java,131,"simpleEncodings.put(""Cp850"",cp850);"
S2572,ZipEncodingHelper.java,132,"simpleEncodings.put(""cp850"",cp850);"
S2573,ZipEncodingHelper.java,133,"simpleEncodings.put(""IBM850"",cp850);"
S2574,ZipEncodingHelper.java,134,"simpleEncodings.put(""ibm850"",cp850);"
S2575,ZipEncodingHelper.java,165,private static final byte[] HEX_DIGITS =
S2576,ZipEncodingHelper.java,203,static final ZipEncoding UTF8_ZIP_ENCODING = new FallbackZipEncoding(UTF8);
S2577,ZipEncodingHelper.java,215,if (isUTF8(name)) {
S2578,ZipEncodingHelper.java,216,return UTF8_ZIP_ENCODING;
S2579,ZipEncodingHelper.java,219,if (name == null) {
S2580,ZipEncodingHelper.java,223,SimpleEncodingHolder h = simpleEncodings.get(name);
S2581,ZipEncodingHelper.java,225,if (h!=null) {
S2582,ZipEncodingHelper.java,231,Charset cs = Charset.forName(name);
S2583,ZipEncodingHelper.java,232,return new NioZipEncoding(cs);
S2584,ZipEncodingHelper.java,244,if (encoding == null) {
S2585,ZipEncodingHelper.java,246,"encoding = System.getProperty(""file.encoding"");"
S2586,ZipEncodingHelper.java,248,return UTF8.equalsIgnoreCase(encoding)
S2587,ZipLong.java,47,public static final ZipLong CFH_SIG = new ZipLong(0X02014B50L);
S2588,ZipLong.java,50,public static final ZipLong LFH_SIG = new ZipLong(0X04034B50L);
S2589,ZipLong.java,56,public static final ZipLong DD_SIG = new ZipLong(0X08074B50L);
S2590,ZipLong.java,63,static final ZipLong ZIP64_MAGIC = new ZipLong(ZipConstants.ZIP64_MAGIC);
S2591,ZipLong.java,69,public ZipLong(long value) {
S2592,ZipLong.java,70,this.value = value;
S2593,ZipLong.java,78,"this(bytes, 0);"
S2594,ZipLong.java,86,"public ZipLong (byte[] bytes, int offset) {"
S2595,ZipLong.java,87,"value = ZipLong.getValue(bytes, offset);"
S2596,ZipLong.java,95,return ZipLong.getBytes(value);
S2597,ZipLong.java,103,return value;
S2598,ZipLong.java,112,byte[] result = new byte[WORD];
S2599,ZipLong.java,113,result[0] = (byte) ((value & BYTE_MASK));
S2600,ZipLong.java,114,result[BYTE_1] = (byte) ((value & BYTE_1_MASK) >> BYTE_1_SHIFT);
S2601,ZipLong.java,115,result[BYTE_2] = (byte) ((value & BYTE_2_MASK) >> BYTE_2_SHIFT);
S2602,ZipLong.java,116,result[BYTE_3] = (byte) ((value & BYTE_3_MASK) >> BYTE_3_SHIFT);
S2603,ZipLong.java,117,return result;
S2604,ZipLong.java,127,long value = (bytes[offset + BYTE_3] << BYTE_3_SHIFT) & BYTE_3_MASK;
S2605,ZipLong.java,128,value += (bytes[offset + BYTE_2] << BYTE_2_SHIFT) & BYTE_2_MASK;
S2606,ZipLong.java,129,value += (bytes[offset + BYTE_1] << BYTE_1_SHIFT) & BYTE_1_MASK;
S2607,ZipLong.java,130,value += (bytes[offset] & BYTE_MASK);
S2608,ZipLong.java,131,return value;
S2609,ZipLong.java,140,"return getValue(bytes, 0);"
S2610,ZipLong.java,150,if (o == null || !(o instanceof ZipLong)) {
S2611,ZipLong.java,153,return value == ((ZipLong) o).getValue();
S2612,ZipShort.java,37,public ZipShort (int value) {
S2613,ZipShort.java,38,this.value = value;
S2614,ZipShort.java,54,"public ZipShort (byte[] bytes, int offset) {"
S2615,ZipShort.java,55,"value = ZipShort.getValue(bytes, offset);"
S2616,ZipShort.java,63,byte[] result = new byte[2];
S2617,ZipShort.java,64,result[0] = (byte) (value & BYTE_MASK);
S2618,ZipShort.java,65,result[1] = (byte) ((value & BYTE_1_MASK) >> BYTE_1_SHIFT);
S2619,ZipShort.java,66,return result;
S2620,ZipShort.java,74,return value;
S2621,ZipShort.java,83,byte[] result = new byte[2];
S2622,ZipShort.java,84,result[0] = (byte) (value & BYTE_MASK);
S2623,ZipShort.java,85,result[1] = (byte) ((value & BYTE_1_MASK) >> BYTE_1_SHIFT);
S2624,ZipShort.java,86,return result;
S2625,ZipShort.java,96,int value = (bytes[offset + 1] << BYTE_1_SHIFT) & BYTE_1_MASK;
S2626,ZipShort.java,97,value += (bytes[offset] & BYTE_MASK);
S2627,ZipShort.java,98,return value;
S2628,ZipShort.java,117,if (o == null || !(o instanceof ZipShort)) {
S2629,ZipShort.java,120,return value == ((ZipShort) o).getValue();
S2630,ZipShort.java,129,return value;
S2631,ZipUtil.java,34,private static final byte[] DOS_TIME_MIN = ZipLong.getBytes(0x00002100L);
S2632,ZipUtil.java,53,Calendar c = Calendar.getInstance();
S2633,ZipUtil.java,54,c.setTimeInMillis(t);
S2634,ZipUtil.java,56,int year = c.get(Calendar.YEAR);
S2635,ZipUtil.java,57,if (year < 1980) {
S2636,ZipUtil.java,60,int month = c.get(Calendar.MONTH) + 1;
S2637,ZipUtil.java,61,long value =  ((year - 1980) << 25)
S2638,ZipUtil.java,67,return ZipLong.getBytes(value);
S2639,ZipUtil.java,104,Calendar cal = Calendar.getInstance();
S2640,ZipUtil.java,106,"cal.set(Calendar.YEAR, (int) ((dosTime >> 25) & 0x7f) + 1980);"
S2641,ZipUtil.java,107,"cal.set(Calendar.MONTH, (int) ((dosTime >> 21) & 0x0f) - 1);"
S2642,ZipUtil.java,108,"cal.set(Calendar.DATE, (int) (dosTime >> 16) & 0x1f);"
S2643,ZipUtil.java,109,"cal.set(Calendar.HOUR_OF_DAY, (int) (dosTime >> 11) & 0x1f);"
S2644,ZipUtil.java,110,"cal.set(Calendar.MINUTE, (int) (dosTime >> 5) & 0x3f);"
S2645,ZipUtil.java,111,"cal.set(Calendar.SECOND, (int) (dosTime << 1) & 0x3e);"
S2646,ZipUtil.java,113,return cal.getTime().getTime();
S2647,ZipUtil.java,124,UnicodePathExtraField name = (UnicodePathExtraField)
S2648,ZipUtil.java,126,String originalName = ze.getName();
S2649,ZipUtil.java,127,"String newName = getUnicodeStringIfOriginalMatches(name,"
S2650,ZipUtil.java,129,if (newName != null && !originalName.equals(newName)) {
S2651,ZipUtil.java,133,if (commentBytes != null && commentBytes.length > 0) {
S2652,ZipUtil.java,154,if (f != null) {
S2653,ZipUtil.java,172,return null;
S2654,ZipUtil.java,180,if (from != null) {
S2655,ZipUtil.java,181,byte[] to = new byte[from.length];
S2656,ZipUtil.java,182,"System.arraycopy(from, 0, to, 0, to.length);"
S2657,ZipUtil.java,183,return to;
S2658,ZipUtil.java,202,return !entry.getGeneralPurposeBit().usesEncryption();
S2659,ZipUtil.java,212,return entry.getMethod() == ZipEntry.STORED
S2660,ZipUtil.java,222,if (!supportsEncryptionOf(ze)) {
S2661,ZipUtil.java,227,if (!supportsMethodOf(ze)) {
