statement_id,file,line,code
S1,AbstractFactory.java,32,public abstract class AbstractFactory {
S2,AttributeContext.java,34,private boolean setStarted = false;
S3,AttributeContext.java,43,super(parentContext);
S4,AttributeContext.java,44,this.nodeTest = nodeTest;
S5,AttributeContext.java,48,return currentNodePointer;
S6,AttributeContext.java,52,setStarted = false;
S7,AttributeContext.java,53,iterator = null;
S8,AttributeContext.java,54,super.reset();
S9,AttributeContext.java,71,super.setPosition(getCurrentPosition() + 1);
S10,AttributeContext.java,72,if (!setStarted) {
S11,AttributeContext.java,73,setStarted = true;
S12,AttributeContext.java,74,if (!(nodeTest instanceof NodeNameTest)) {
S13,AttributeContext.java,77,QName name = ((NodeNameTest) nodeTest).getNodeName();
S14,AttributeContext.java,78,iterator =
S15,AttributeContext.java,82,if (iterator == null) {
S16,AttributeContext.java,85,if (!iterator.setPosition(iterator.getPosition() + 1)) {
S17,AttributeContext.java,86,return false;
S18,AttributeContext.java,88,currentNodePointer = iterator.getNodePointer();
S19,AttributeContext.java,89,return true;
S20,BasicNodeSet.java,28,public class BasicNodeSet implements NodeSet {
S21,BasicNodeSet.java,29,private List pointers = new ArrayList();
S22,BasicNodeSet.java,35,pointers.add(pointer);
S23,BasicNodeSet.java,36,readOnlyPointers = null;
S24,BasicNodeSet.java,40,pointers.addAll(nodeSet.getPointers());
S25,BasicNodeSet.java,41,readOnlyPointers = null;
S26,BasicNodeSet.java,50,if (readOnlyPointers == null) {
S27,BasicNodeSet.java,51,readOnlyPointers = Collections.unmodifiableList(pointers);
S28,BasicNodeSet.java,53,return readOnlyPointers;
S29,BasicNodeSet.java,69,if (values == null) {
S30,BasicNodeSet.java,70,values = new ArrayList();
S31,BasicNodeSet.java,71,for (int i = 0; i < pointers.size(); i++) {
S32,BasicNodeSet.java,72,Pointer pointer = (Pointer) pointers.get(i);
S33,BasicNodeSet.java,73,values.add(pointer.getValue());
S34,BasicNodeSet.java,75,values = Collections.unmodifiableList(values);
S35,BasicNodeSet.java,77,return values;
S36,BasicTypeConverter.java,45,public class BasicTypeConverter implements TypeConverter {
S37,BasicTypeConverter.java,52,if (object == null) {
S38,BasicTypeConverter.java,55,final Class useType = TypeUtils.wrapPrimitive(toType);
S39,BasicTypeConverter.java,56,Class fromType = object.getClass();
S40,BasicTypeConverter.java,58,if (useType.isAssignableFrom(fromType)) {
S41,BasicTypeConverter.java,59,return true;
S42,BasicTypeConverter.java,62,if (useType == String.class) {
S43,BasicTypeConverter.java,63,return true;
S44,BasicTypeConverter.java,66,if (object instanceof Boolean) {
S45,BasicTypeConverter.java,73,if (object instanceof Number) {
S46,BasicTypeConverter.java,74,if (Number.class.isAssignableFrom(useType) || useType == Boolean.class) {
S47,BasicTypeConverter.java,75,return true;
S48,BasicTypeConverter.java,78,if (object instanceof String) {
S49,BasicTypeConverter.java,79,if (useType == Boolean.class
S50,BasicTypeConverter.java,87,return true;
S51,BasicTypeConverter.java,90,if (fromType.isArray()) {
S52,BasicTypeConverter.java,112,if (object instanceof Collection) {
S53,BasicTypeConverter.java,114,if (useType.isArray()) {
S54,BasicTypeConverter.java,125,if (Collection.class.isAssignableFrom(useType)) {
S55,BasicTypeConverter.java,128,if (((Collection) object).size() > 0) {
S56,BasicTypeConverter.java,139,"return canConvert("""", useType);"
S57,BasicTypeConverter.java,141,if (object instanceof NodeSet) {
S58,BasicTypeConverter.java,142,"return canConvert(((NodeSet) object).getValues(), useType);"
S59,BasicTypeConverter.java,144,if (object instanceof Pointer) {
S60,BasicTypeConverter.java,147,return ConvertUtils.lookup(useType) != null;
S61,BasicTypeConverter.java,156,if (object == null) {
S62,BasicTypeConverter.java,157,return toType.isPrimitive() ? convertNullToPrimitive(toType) : null;
S63,BasicTypeConverter.java,160,if (toType == Object.class) {
S64,BasicTypeConverter.java,161,if (object instanceof NodeSet) {
S65,BasicTypeConverter.java,162,"return convert(((NodeSet) object).getValues(), toType);"
S66,BasicTypeConverter.java,164,if (object instanceof Pointer) {
S67,BasicTypeConverter.java,167,return object;
S68,BasicTypeConverter.java,169,final Class useType = TypeUtils.wrapPrimitive(toType);
S69,BasicTypeConverter.java,170,Class fromType = object.getClass();
S70,BasicTypeConverter.java,172,if (useType.isAssignableFrom(fromType)) {
S71,BasicTypeConverter.java,173,return object;
S72,BasicTypeConverter.java,176,if (fromType.isArray()) {
S73,BasicTypeConverter.java,201,if (object instanceof Collection) {
S74,BasicTypeConverter.java,202,int length = ((Collection) object).size();
S75,BasicTypeConverter.java,203,if (useType.isArray()) {
S76,BasicTypeConverter.java,213,if (Collection.class.isAssignableFrom(useType)) {
S77,BasicTypeConverter.java,218,if (length > 0) {
S78,BasicTypeConverter.java,220,if (object instanceof List) {
S79,BasicTypeConverter.java,221,value = ((List) object).get(0);
S80,BasicTypeConverter.java,227,"return convert(value, useType);"
S81,BasicTypeConverter.java,229,"return convert("""", useType);"
S82,BasicTypeConverter.java,231,if (object instanceof NodeSet) {
S83,BasicTypeConverter.java,232,"return convert(((NodeSet) object).getValues(), useType);"
S84,BasicTypeConverter.java,234,if (object instanceof Pointer) {
S85,BasicTypeConverter.java,237,if (useType == String.class) {
S86,BasicTypeConverter.java,238,return object.toString();
S87,BasicTypeConverter.java,240,if (object instanceof Boolean) {
S88,BasicTypeConverter.java,253,if (object instanceof Number) {
S89,BasicTypeConverter.java,254,double value = ((Number) object).doubleValue();
S90,BasicTypeConverter.java,255,if (useType == Boolean.class) {
S91,BasicTypeConverter.java,256,return value == 0.0 ? Boolean.FALSE : Boolean.TRUE;
S92,BasicTypeConverter.java,258,if (Number.class.isAssignableFrom(useType)) {
S93,BasicTypeConverter.java,259,"return allocateNumber(useType, value);"
S94,BasicTypeConverter.java,262,if (object instanceof String) {
S95,BasicTypeConverter.java,263,"Object value = convertStringToPrimitive(object, useType);"
S96,BasicTypeConverter.java,264,if (value != null) {
S97,BasicTypeConverter.java,265,return value;
S98,BasicTypeConverter.java,307,toType = TypeUtils.wrapPrimitive(toType);
S99,BasicTypeConverter.java,308,if (toType == Boolean.class) {
S100,BasicTypeConverter.java,309,return Boolean.valueOf((String) object);
S101,BasicTypeConverter.java,311,if (toType == Character.class) {
S102,BasicTypeConverter.java,314,if (toType == Byte.class) {
S103,BasicTypeConverter.java,317,if (toType == Short.class) {
S104,BasicTypeConverter.java,320,if (toType == Integer.class) {
S105,BasicTypeConverter.java,321,return new Integer((String) object);
S106,BasicTypeConverter.java,336,type = TypeUtils.wrapPrimitive(type);
S107,BasicTypeConverter.java,337,if (type == Byte.class) {
S108,BasicTypeConverter.java,340,if (type == Short.class) {
S109,BasicTypeConverter.java,343,if (type == Integer.class) {
S110,BasicTypeConverter.java,344,return new Integer((int) value);
S111,BasicTypeConverter.java,346,if (type == Long.class) {
S112,BasicTypeConverter.java,349,if (type == Float.class) {
S113,BasicTypeConverter.java,352,if (type == Double.class) {
S114,BasicTypeConverter.java,353,return new Double(value);
S115,BasicTypeConverter.java,459,static final class ValuePointer implements Pointer {
S116,BasicVariables.java,27,public class BasicVariables implements Variables {
S117,BasicVariables.java,32,private HashMap vars = new HashMap();
S118,BasicVariables.java,43,return vars.containsKey(varName);
S119,BasicVariables.java,57,if (vars.containsKey(varName)) {
S120,BasicVariables.java,58,return vars.get(varName);
S121,BasicVariables.java,73,"vars.put(varName, value);"
S122,BasicVariables.java,82,vars.remove(varName);
S123,BeanAttributeIterator.java,31,private int position = 0;
S124,BeanAttributeIterator.java,35,super(
S125,BeanAttributeIterator.java,43,this.parent = parent;
S126,BeanAttributeIterator.java,44,includeXmlLang =
S127,BeanAttributeIterator.java,51,return includeXmlLang && position == 1 ? new LangAttributePointer(parent) : super.getNodePointer();
S128,BeanAttributeIterator.java,59,this.position = position;
S129,BeanAttributeIterator.java,60,if (includeXmlLang) {
S130,BeanAttributeIterator.java,63,return super.setPosition(position);
S131,BeanPointer.java,46,"super(null, locale);"
S132,BeanPointer.java,47,this.name = name;
S133,BeanPointer.java,48,this.bean = bean;
S134,BeanPointer.java,49,this.beanInfo = beanInfo;
S135,BeanPointer.java,61,super(parent);
S136,BeanPointer.java,62,this.name = name;
S137,BeanPointer.java,63,this.bean = bean;
S138,BeanPointer.java,64,this.beanInfo = beanInfo;
S139,BeanPointer.java,68,"return new BeanPropertyPointer(this, beanInfo);"
S140,BeanPointer.java,79,return bean;
S141,BeanPointer.java,86,return false;
S142,BeanPointer.java,93,return 1;
S143,BeanPointer.java,97,Object value = getNode();
S144,BeanPointer.java,98,return value == null
S145,BeanPointer.java,103,return name == null ? 0 : name.hashCode();
S146,BeanPointer.java,107,if (object == this) {
S147,BeanPointer.java,111,if (!(object instanceof BeanPointer)) {
S148,BeanPointer.java,112,return false;
S149,BeanPointer.java,115,BeanPointer other = (BeanPointer) object;
S150,BeanPointer.java,116,if (parent != other.parent) {
S151,BeanPointer.java,117,if (parent == null || !parent.equals(other.parent)) {
S152,BeanPointer.java,118,return false;
S153,BeanPointer.java,122,if ((name == null && other.name != null)
S154,BeanPointer.java,127,int iThis = (index == WHOLE_COLLECTION ? 0 : index);
S155,BeanPointer.java,128,int iOther = (other.index == WHOLE_COLLECTION ? 0 : other.index);
S156,BeanPointer.java,129,if (iThis != iOther) {
S157,BeanPointer.java,133,if (bean instanceof Number
S158,BeanPointer.java,136,return bean.equals(other.bean);
S159,BeanPointer.java,138,return bean == other.bean;
S160,BeanPointer.java,148,if (parent != null) {
S161,BeanPointer.java,149,return super.asPath();
S162,BeanPointer.java,151,if (bean == null) {
S163,BeanPointer.java,154,if (bean instanceof Number) {
S164,BeanPointer.java,155,String string = bean.toString();
S165,BeanPointer.java,156,"if (string.endsWith("".0"")) {"
S166,BeanPointer.java,157,"string = string.substring(0, string.length() - 2);"
S167,BeanPointer.java,159,return string;
S168,BeanPointer.java,161,if (bean instanceof Boolean) {
S169,BeanPointer.java,164,if (bean instanceof String) {
S170,BeanPointer.java,167,"return ""/"";"
S171,BeanPointerFactory.java,33,public class BeanPointerFactory implements NodePointerFactory {
S172,BeanPointerFactory.java,38,return BEAN_POINTER_FACTORY_ORDER;
S173,BeanPointerFactory.java,46,JXPathBeanInfo bi = JXPathIntrospector.getBeanInfo(bean.getClass());
S174,BeanPointerFactory.java,47,"return new BeanPointer(name, bean, bi, locale);"
S175,BeanPointerFactory.java,55,if (bean == null) {
S176,BeanPointerFactory.java,59,JXPathBeanInfo bi = JXPathIntrospector.getBeanInfo(bean.getClass());
S177,BeanPointerFactory.java,60,"return new BeanPointer(parent, name, bean, bi);"
S178,BeanPropertyPointer.java,40,private static final Object UNINITIALIZED = new Object();
S179,BeanPropertyPointer.java,41,private Object baseValue = UNINITIALIZED;
S180,BeanPropertyPointer.java,42,private Object value = UNINITIALIZED;
S181,BeanPropertyPointer.java,46,super(parent);
S182,BeanPropertyPointer.java,47,this.beanInfo = beanInfo;
S183,BeanPropertyPointer.java,54,return true;
S184,BeanPropertyPointer.java,61,if (beanInfo.isAtomic()) {
S185,BeanPropertyPointer.java,64,return getPropertyDescriptors().length;
S186,BeanPropertyPointer.java,71,if (names == null) {
S187,BeanPropertyPointer.java,72,PropertyDescriptor pds[] = getPropertyDescriptors();
S188,BeanPropertyPointer.java,73,names = new String[pds.length];
S189,BeanPropertyPointer.java,74,for (int i = 0; i < names.length; i++) {
S190,BeanPropertyPointer.java,75,names[i] = pds[i].getName();
S191,BeanPropertyPointer.java,78,return names;
S192,BeanPropertyPointer.java,85,setPropertyIndex(UNSPECIFIED_PROPERTY);
S193,BeanPropertyPointer.java,86,this.propertyName = propertyName;
S194,BeanPropertyPointer.java,93,if (propertyIndex != index) {
S195,BeanPropertyPointer.java,94,super.setPropertyIndex(index);
S196,BeanPropertyPointer.java,95,propertyName = null;
S197,BeanPropertyPointer.java,96,propertyDescriptor = null;
S198,BeanPropertyPointer.java,97,baseValue = UNINITIALIZED;
S199,BeanPropertyPointer.java,98,value = UNINITIALIZED;
S200,BeanPropertyPointer.java,106,if (baseValue == UNINITIALIZED) {
S201,BeanPropertyPointer.java,107,PropertyDescriptor pd = getPropertyDescriptor();
S202,BeanPropertyPointer.java,108,if (pd == null) {
S203,BeanPropertyPointer.java,111,"baseValue = ValueUtils.getValue(getBean(), pd);"
S204,BeanPropertyPointer.java,113,return baseValue;
S205,BeanPropertyPointer.java,117,if (this.index != index) {
S206,BeanPropertyPointer.java,120,if (this.index != WHOLE_COLLECTION
S207,BeanPropertyPointer.java,123,super.setIndex(index);
S208,BeanPropertyPointer.java,124,value = UNINITIALIZED;
S209,BeanPropertyPointer.java,136,if (value == UNINITIALIZED) {
S210,BeanPropertyPointer.java,137,if (index == WHOLE_COLLECTION) {
S211,BeanPropertyPointer.java,138,value = ValueUtils.getValue(getBaseValue());
S212,BeanPropertyPointer.java,141,PropertyDescriptor pd = getPropertyDescriptor();
S213,BeanPropertyPointer.java,142,if (pd == null) {
S214,BeanPropertyPointer.java,146,"value = ValueUtils.getValue(getBean(), pd, index);"
S215,BeanPropertyPointer.java,150,return value;
S216,BeanPropertyPointer.java,154,return getPropertyDescriptor() != null;
S217,BeanPropertyPointer.java,158,PropertyDescriptor pd = getPropertyDescriptor();
S218,BeanPropertyPointer.java,159,if (pd == null) {
S219,BeanPropertyPointer.java,163,if (pd instanceof IndexedPropertyDescriptor) {
S220,BeanPropertyPointer.java,164,return true;
S221,BeanPropertyPointer.java,167,int hint = ValueUtils.getCollectionHint(pd.getPropertyType());
S222,BeanPropertyPointer.java,168,if (hint == -1) {
S223,BeanPropertyPointer.java,169,return false;
S224,BeanPropertyPointer.java,171,if (hint == 1) {
S225,BeanPropertyPointer.java,172,return true;
S226,BeanPropertyPointer.java,175,Object value = getBaseValue();
S227,BeanPropertyPointer.java,176,return value != null && ValueUtils.isCollection(value);
S228,BeanPropertyPointer.java,184,PropertyDescriptor pd = getPropertyDescriptor();
S229,BeanPropertyPointer.java,185,if (pd == null) {
S230,BeanPropertyPointer.java,189,if (pd instanceof IndexedPropertyDescriptor) {
S231,BeanPropertyPointer.java,190,return ValueUtils.getIndexedPropertyLength(
S232,BeanPropertyPointer.java,195,int hint = ValueUtils.getCollectionHint(pd.getPropertyType());
S233,BeanPropertyPointer.java,196,if (hint == -1) {
S234,BeanPropertyPointer.java,197,return 1;
S235,BeanPropertyPointer.java,199,return ValueUtils.getLength(getBaseValue());
S236,BeanPropertyPointer.java,208,PropertyDescriptor pd = getPropertyDescriptor();
S237,BeanPropertyPointer.java,209,if (pd == null) {
S238,BeanPropertyPointer.java,214,if (index == WHOLE_COLLECTION) {
S239,BeanPropertyPointer.java,215,"ValueUtils.setValue(getBean(), pd, value);"
S240,BeanPropertyPointer.java,218,"ValueUtils.setValue(getBean(), pd, index, value);"
S241,BeanPropertyPointer.java,220,this.value = value;
S242,BeanPropertyPointer.java,227,if (getImmediateNode() == null) {
S243,BeanPropertyPointer.java,228,super.createPath(context);
S244,BeanPropertyPointer.java,229,baseValue = UNINITIALIZED;
S245,BeanPropertyPointer.java,230,value = UNINITIALIZED;
S246,BeanPropertyPointer.java,232,return this;
S247,BeanPropertyPointer.java,256,if (propertyName == null) {
S248,BeanPropertyPointer.java,257,PropertyDescriptor pd = getPropertyDescriptor();
S249,BeanPropertyPointer.java,258,if (pd != null) {
S250,BeanPropertyPointer.java,259,propertyName = pd.getName();
S251,BeanPropertyPointer.java,262,"return propertyName != null ? propertyName : ""*"";"
S252,BeanPropertyPointer.java,270,if (propertyDescriptor == null) {
S253,BeanPropertyPointer.java,271,int inx = getPropertyIndex();
S254,BeanPropertyPointer.java,272,if (inx == UNSPECIFIED_PROPERTY) {
S255,BeanPropertyPointer.java,273,propertyDescriptor =
S256,BeanPropertyPointer.java,277,PropertyDescriptor propertyDescriptors[] =
S257,BeanPropertyPointer.java,279,if (inx >= 0 && inx < propertyDescriptors.length) {
S258,BeanPropertyPointer.java,280,propertyDescriptor = propertyDescriptors[inx];
S259,BeanPropertyPointer.java,287,return propertyDescriptor;
S260,BeanPropertyPointer.java,291,if (propertyDescriptors == null) {
S261,BeanPropertyPointer.java,292,propertyDescriptors = beanInfo.getPropertyDescriptors();
S262,BeanPropertyPointer.java,294,return propertyDescriptors;
S263,ChildContext.java,44,super(parentContext);
S264,ChildContext.java,45,this.nodeTest = nodeTest;
S265,ChildContext.java,46,this.startFromParentLocation = startFromParentLocation;
S266,ChildContext.java,47,this.reverse = reverse;
S267,ChildContext.java,51,if (position == 0) {
S268,ChildContext.java,56,return iterator == null ? null : iterator.getNodePointer();
S269,ChildContext.java,67,if (position == 0) {
S270,ChildContext.java,68,while (nextSet()) {
S271,ChildContext.java,69,prepare();
S272,ChildContext.java,70,if (iterator == null) {
S273,ChildContext.java,74,NodePointer pointer = iterator.getNodePointer();
S274,ChildContext.java,75,if (pointer != null) {
S275,ChildContext.java,76,return pointer;
S276,ChildContext.java,79,return null;
S277,ChildContext.java,85,return setPosition(getCurrentPosition() + 1);
S278,ChildContext.java,89,super.reset();
S279,ChildContext.java,90,iterator = null;
S280,ChildContext.java,94,int oldPosition = getCurrentPosition();
S281,ChildContext.java,95,super.setPosition(position);
S282,ChildContext.java,96,if (oldPosition == 0) {
S283,ChildContext.java,97,prepare();
S284,ChildContext.java,99,return iterator == null ? false : iterator.setPosition(position);
S285,ChildContext.java,106,NodePointer parent = parentContext.getCurrentNodePointer();
S286,ChildContext.java,107,if (parent == null) {
S287,ChildContext.java,110,"iterator = (startFromParentLocation ? parent.getParent() : parent).childIterator(nodeTest,"
S288,ClassFunctions.java,57,private static final Object[] EMPTY_ARRAY = new Object[0];
S289,ClassFunctions.java,59,"public ClassFunctions(Class functionClass, String namespace) {"
S290,ClassFunctions.java,60,this.functionClass = functionClass;
S291,ClassFunctions.java,61,this.namespace = namespace;
S292,ClassFunctions.java,70,return Collections.singleton(namespace);
S293,ClassFunctions.java,89,if (namespace == null) {
S294,ClassFunctions.java,93,} else if (!namespace.equals(this.namespace)) {
S295,ClassFunctions.java,97,if (parameters == null) {
S296,ClassFunctions.java,98,parameters = EMPTY_ARRAY;
S297,ClassFunctions.java,101,"if (name.equals(""new"")) {"
S298,ClassFunctions.java,102,Constructor constructor =
S299,ClassFunctions.java,104,if (constructor != null) {
S300,ClassFunctions.java,105,return new ConstructorFunction(constructor);
S301,ClassFunctions.java,109,Method method = MethodLookupUtils.
S302,ClassFunctions.java,111,if (method != null) {
S303,ClassFunctions.java,112,return new MethodFunction(method);
S304,ClassFunctions.java,115,method = MethodLookupUtils.
S305,ClassFunctions.java,117,if (method != null) {
S306,ClassFunctions.java,118,return new MethodFunction(method);
S307,ClassFunctions.java,122,return null;
S308,CollectionAttributeNodeIterator.java,38,"super(pointer, false, null);"
S309,CollectionAttributeNodeIterator.java,39,this.name = name;
S310,CollectionAttributeNodeIterator.java,43,return elementPointer.attributeIterator(name);
S311,CollectionChildNodeIterator.java,40,"super(pointer, reverse, startWith);"
S312,CollectionChildNodeIterator.java,41,this.test = test;
S313,CollectionChildNodeIterator.java,45,"return elementPointer.childIterator(test, false, null);"
S314,CollectionNodeIterator.java,45,this.pointer = pointer;
S315,CollectionNodeIterator.java,46,this.reverse = reverse;
S316,CollectionNodeIterator.java,47,this.startWith = startWith;
S317,CollectionNodeIterator.java,61,if (collection == null) {
S318,CollectionNodeIterator.java,62,prepare();
S319,CollectionNodeIterator.java,65,if (position < 1 || position > collection.size()) {
S320,CollectionNodeIterator.java,66,return false;
S321,CollectionNodeIterator.java,68,this.position = position;
S322,CollectionNodeIterator.java,69,return true;
S323,CollectionNodeIterator.java,73,if (position == 0) {
S324,CollectionNodeIterator.java,76,return (NodePointer) collection.get(position - 1);
S325,CollectionNodeIterator.java,80,collection = new ArrayList();
S326,CollectionNodeIterator.java,81,NodePointer ptr = (NodePointer) pointer.clone();
S327,CollectionNodeIterator.java,82,int length = ptr.getLength();
S328,CollectionNodeIterator.java,83,for (int i = 0; i < length; i++) {
S329,CollectionNodeIterator.java,84,ptr.setIndex(i);
S330,CollectionNodeIterator.java,85,NodePointer elementPointer = ptr.getValuePointer();
S331,CollectionNodeIterator.java,86,NodeIterator iter = getElementNodeIterator(elementPointer);
S332,CollectionNodeIterator.java,88,for (int j = 1; iter.setPosition(j); j++) {
S333,CollectionNodeIterator.java,89,NodePointer childPointer = iter.getNodePointer();
S334,CollectionNodeIterator.java,90,if (reverse) {
S335,CollectionNodeIterator.java,94,collection.add(childPointer);
S336,CollectionNodeIterator.java,98,if (startWith != null) {
S337,CollectionPointer.java,43,"super(null, locale);"
S338,CollectionPointer.java,44,this.collection = collection;
S339,CollectionPointer.java,48,super(parent);
S340,CollectionPointer.java,49,this.collection = collection;
S341,CollectionPointer.java,53,return null;
S342,CollectionPointer.java,57,return collection;
S343,CollectionPointer.java,61,return true;
S344,CollectionPointer.java,65,return ValueUtils.getLength(getBaseValue());
S345,CollectionPointer.java,74,return index != WHOLE_COLLECTION;
S346,CollectionPointer.java,78,return index == WHOLE_COLLECTION ? ValueUtils.getValue(collection)
S347,CollectionPointer.java,83,if (index == WHOLE_COLLECTION) {
S348,CollectionPointer.java,87,"ValueUtils.setValue(collection, index, value);"
S349,CollectionPointer.java,92,super.setIndex(index);
S350,CollectionPointer.java,93,valuePointer = null;
S351,CollectionPointer.java,97,if (valuePointer == null) {
S352,CollectionPointer.java,98,if (index == WHOLE_COLLECTION) {
S353,CollectionPointer.java,99,valuePointer = this;
S354,CollectionPointer.java,102,Object value = getImmediateNode();
S355,CollectionPointer.java,103,valuePointer =
S356,CollectionPointer.java,107,return valuePointer;
S357,CollectionPointer.java,111,Object collection = getBaseValue();
S358,CollectionPointer.java,112,if (ValueUtils.getLength(collection) <= index) {
S359,CollectionPointer.java,115,return this;
S360,CollectionPointer.java,119,NodePointer ptr = createPath(context);
S361,CollectionPointer.java,120,ptr.setValue(value);
S362,CollectionPointer.java,121,return ptr;
S363,CollectionPointer.java,130,NodePointer ptr = (NodePointer) clone();
S364,CollectionPointer.java,131,ptr.setIndex(index);
S365,CollectionPointer.java,132,"return ptr.createPath(context, value);"
S366,CollectionPointer.java,146,return System.identityHashCode(collection) + index;
S367,CollectionPointer.java,150,if (object == this) {
S368,CollectionPointer.java,154,if (!(object instanceof CollectionPointer)) {
S369,CollectionPointer.java,155,return false;
S370,CollectionPointer.java,165,if (index == WHOLE_COLLECTION) {
S371,CollectionPointer.java,166,return new CollectionChildNodeIterator(
S372,CollectionPointer.java,172,"return getValuePointer().childIterator(test, reverse, startWith);"
S373,CollectionPointer.java,176,"return index == WHOLE_COLLECTION ? new CollectionAttributeNodeIterator(this, name)"
S374,CollectionPointer.java,189,if (index == WHOLE_COLLECTION) {
S375,CollectionPointer.java,190,if (test == null) {
S376,CollectionPointer.java,193,if (test instanceof NodeNameTest) {
S377,CollectionPointer.java,196,return test instanceof NodeTypeTest && ((NodeTypeTest) test).getNodeType() == Compiler.NODE_TYPE_NODE;
S378,CollectionPointer.java,198,return getValuePointer().testNode(test);
S379,CollectionPointer.java,211,StringBuffer buffer = new StringBuffer();
S380,CollectionPointer.java,212,NodePointer parent = getImmediateParentPointer();
S381,CollectionPointer.java,213,if (parent != null) {
S382,CollectionPointer.java,214,buffer.append(parent.asPath());
S383,CollectionPointer.java,215,if (index != WHOLE_COLLECTION) {
S384,CollectionPointer.java,217,if (parent.getIndex() != WHOLE_COLLECTION) {
S385,CollectionPointer.java,218,"buffer.append(""/."");"
S386,CollectionPointer.java,220,"buffer.append(""["").append(index + 1).append(']');"
S387,CollectionPointer.java,224,if (index != WHOLE_COLLECTION) {
S388,CollectionPointer.java,225,"buffer.append(""/.["").append(index + 1).append(']');"
S389,CollectionPointer.java,228,"buffer.append(""/"");"
S390,CollectionPointer.java,231,return buffer.toString();
S391,CollectionPointerFactory.java,32,public class CollectionPointerFactory implements NodePointerFactory {
S392,CollectionPointerFactory.java,37,return COLLECTION_POINTER_FACTORY_ORDER;
S393,CollectionPointerFactory.java,45,"return ValueUtils.isCollection(bean) ? new CollectionPointer(bean, locale) : null;"
S394,CollectionPointerFactory.java,53,"return ValueUtils.isCollection(bean) ? new CollectionPointer(parent, bean) : null;"
S395,Constant.java,32,public Constant(Number number) {
S396,Constant.java,33,this.value = number;
S397,Constant.java,36,public Constant(String string) {
S398,Constant.java,37,this.value = string;
S399,Constant.java,41,return value;
S400,Constant.java,48,return value;
S401,Constant.java,55,return false;
S402,Constant.java,66,if (value instanceof Number) {
S403,Constant.java,67,return InfoSetUtil.stringValue(value);
S404,Constant.java,69,"return ""'"" + value + ""'"";"
S405,ConstructorFunction.java,36,private static final Object EMPTY_ARRAY[] = new Object[0];
S406,ConstructorFunction.java,38,public ConstructorFunction(Constructor constructor) {
S407,ConstructorFunction.java,39,this.constructor = constructor;
S408,ConstructorFunction.java,48,if (parameters == null) {
S409,ConstructorFunction.java,49,parameters = EMPTY_ARRAY;
S410,ConstructorFunction.java,51,int pi = 0;
S411,ConstructorFunction.java,52,Class types[] = constructor.getParameterTypes();
S412,ConstructorFunction.java,53,if (types.length > 0
S413,ConstructorFunction.java,55,pi = 1;
S414,ConstructorFunction.java,57,args = new Object[parameters.length + pi];
S415,ConstructorFunction.java,58,if (pi == 1) {
S416,ConstructorFunction.java,59,args[0] = context;
S417,ConstructorFunction.java,61,for (int i = 0; i < parameters.length; i++) {
S418,ConstructorFunction.java,62,"args[i + pi] = TypeUtils.convert(parameters[i], types[i + pi]);"
S419,ConstructorFunction.java,64,return constructor.newInstance(args);
S420,ContainerPointer.java,41,"super(null, locale);"
S421,ContainerPointer.java,42,this.container = container;
S422,ContainerPointer.java,46,super(parent);
S423,ContainerPointer.java,47,this.container = container;
S424,ContainerPointer.java,58,return null;
S425,ContainerPointer.java,62,return container;
S426,ContainerPointer.java,71,Object value = getBaseValue();
S427,ContainerPointer.java,72,return value == null ? 1 : ValueUtils.getLength(value);
S428,ContainerPointer.java,76,return getValuePointer().isLeaf();
S429,ContainerPointer.java,80,Object value = getBaseValue();
S430,ContainerPointer.java,81,if (index != WHOLE_COLLECTION) {
S431,ContainerPointer.java,82,"return index >= 0 && index < getLength() ? ValueUtils.getValue(value, index) : null;"
S432,ContainerPointer.java,84,return ValueUtils.getValue(value);
S433,ContainerPointer.java,93,if (valuePointer == null) {
S434,ContainerPointer.java,94,Object value = getImmediateNode();
S435,ContainerPointer.java,95,"valuePointer = NodePointer.newChildNodePointer(this, getName(), value);"
S436,ContainerPointer.java,97,return valuePointer;
S437,ContainerPointer.java,122,"return getValuePointer().childIterator(test, reverse, startWith);"
S438,ContainerPointer.java,138,return getValuePointer().testNode(nodeTest);
S439,ContainerPointer.java,153,"return parent == null ? ""/"" : parent.asPath();"
S440,ContainerPointerFactory.java,32,public class ContainerPointerFactory implements NodePointerFactory {
S441,ContainerPointerFactory.java,37,return CONTAINER_POINTER_FACTORY_ORDER;
S442,ContainerPointerFactory.java,45,"return bean instanceof Container ? new ContainerPointer((Container) bean, locale) : null;"
S443,ContainerPointerFactory.java,53,"return bean instanceof Container ? new ContainerPointer(parent, (Container) bean) : null;"
S444,CoreFunction.java,45,private static final Double ZERO = new Double(0);
S445,CoreFunction.java,49,super(args);
S446,CoreFunction.java,50,this.functionCode = functionCode;
S447,CoreFunction.java,58,switch (functionCode) {
S448,CoreFunction.java,60,"return ""last"";"
S449,CoreFunction.java,62,"return ""position"";"
S450,CoreFunction.java,64,"return ""count"";"
S451,CoreFunction.java,66,"return ""id"";"
S452,CoreFunction.java,68,"return ""local-name"";"
S453,CoreFunction.java,70,"return ""namespace-uri"";"
S454,CoreFunction.java,72,"return ""name"";"
S455,CoreFunction.java,74,"return ""string"";"
S456,CoreFunction.java,76,"return ""concat"";"
S457,CoreFunction.java,78,"return ""starts-with"";"
S458,CoreFunction.java,80,"return ""contains"";"
S459,CoreFunction.java,82,"return ""substring-before"";"
S460,CoreFunction.java,84,"return ""substring-after"";"
S461,CoreFunction.java,86,"return ""substring"";"
S462,CoreFunction.java,88,"return ""string-length"";"
S463,CoreFunction.java,90,"return ""normalize-space"";"
S464,CoreFunction.java,92,"return ""translate"";"
S465,CoreFunction.java,94,"return ""boolean"";"
S466,CoreFunction.java,96,"return ""not"";"
S467,CoreFunction.java,98,"return ""true"";"
S468,CoreFunction.java,100,"return ""false"";"
S469,CoreFunction.java,102,"return ""lang"";"
S470,CoreFunction.java,104,"return ""number"";"
S471,CoreFunction.java,106,"return ""sum"";"
S472,CoreFunction.java,108,"return ""floor"";"
S473,CoreFunction.java,110,"return ""ceiling"";"
S474,CoreFunction.java,112,"return ""round"";"
S475,CoreFunction.java,114,"return ""key"";"
S476,CoreFunction.java,116,"return ""format-number"";"
S477,CoreFunction.java,122,return args[0];
S478,CoreFunction.java,126,return args[1];
S479,CoreFunction.java,130,return args[2];
S480,CoreFunction.java,134,if (args == null) {
S481,CoreFunction.java,135,return 0;
S482,CoreFunction.java,137,return args.length;
S483,CoreFunction.java,146,if (super.computeContextDependent()) {
S484,CoreFunction.java,147,return true;
S485,CoreFunction.java,150,switch(functionCode) {
S486,CoreFunction.java,153,return true;
S487,CoreFunction.java,192,StringBuffer buffer = new StringBuffer();
S488,CoreFunction.java,193,buffer.append(getFunctionName());
S489,CoreFunction.java,194,buffer.append('(');
S490,CoreFunction.java,195,Expression args[] = getArguments();
S491,CoreFunction.java,196,if (args != null) {
S492,CoreFunction.java,197,for (int i = 0; i < args.length; i++) {
S493,CoreFunction.java,198,if (i > 0) {
S494,CoreFunction.java,199,"buffer.append("", "");"
S495,CoreFunction.java,201,buffer.append(args[i]);
S496,CoreFunction.java,204,buffer.append(')');
S497,CoreFunction.java,205,return buffer.toString();
S498,CoreFunction.java,209,return computeValue(context);
S499,CoreFunction.java,216,switch (functionCode) {
S500,CoreFunction.java,220,return functionPosition(context);
S501,CoreFunction.java,222,return functionCount(context);
S502,CoreFunction.java,226,return functionID(context);
S503,CoreFunction.java,234,return functionString(context);
S504,CoreFunction.java,236,return functionConcat(context);
S505,CoreFunction.java,238,return functionStartsWith(context);
S506,CoreFunction.java,240,return functionContains(context);
S507,CoreFunction.java,242,return functionSubstringBefore(context);
S508,CoreFunction.java,244,return functionSubstringAfter(context);
S509,CoreFunction.java,246,return functionSubstring(context);
S510,CoreFunction.java,248,return functionStringLength(context);
S511,CoreFunction.java,250,return functionNormalizeSpace(context);
S512,CoreFunction.java,252,return functionTranslate(context);
S513,CoreFunction.java,254,return functionBoolean(context);
S514,CoreFunction.java,256,return functionNot(context);
S515,CoreFunction.java,258,return functionTrue(context);
S516,CoreFunction.java,260,return functionFalse(context);
S517,CoreFunction.java,262,return functionNull(context);
S518,CoreFunction.java,264,return functionNumber(context);
S519,CoreFunction.java,268,return functionFloor(context);
S520,CoreFunction.java,270,return functionCeiling(context);
S521,CoreFunction.java,272,return functionRound(context);
S522,CoreFunction.java,274,return functionKey(context);
S523,CoreFunction.java,276,return functionFormatNumber(context);
S524,CoreFunction.java,300,assertArgCount(0);
S525,CoreFunction.java,301,return new Integer(context.getCurrentPosition());
S526,CoreFunction.java,305,assertArgCount(1);
S527,CoreFunction.java,306,Expression arg1 = getArg1();
S528,CoreFunction.java,307,int count = 0;
S529,CoreFunction.java,308,Object value = arg1.compute(context);
S530,CoreFunction.java,309,if (value instanceof NodePointer) {
S531,CoreFunction.java,312,if (value instanceof EvalContext) {
S532,CoreFunction.java,313,EvalContext ctx = (EvalContext) value;
S533,CoreFunction.java,314,while (ctx.hasNext()) {
S534,CoreFunction.java,315,ctx.next();
S535,CoreFunction.java,316,count++;
S536,CoreFunction.java,328,return new Double(count);
S537,CoreFunction.java,342,assertArgCount(1);
S538,CoreFunction.java,343,String id = InfoSetUtil.stringValue(getArg1().computeValue(context));
S539,CoreFunction.java,344,JXPathContext jxpathContext = context.getJXPathContext();
S540,CoreFunction.java,345,NodePointer pointer = (NodePointer) jxpathContext.getContextPointer();
S541,CoreFunction.java,346,"return pointer.getPointerByID(jxpathContext, id);"
S542,CoreFunction.java,350,assertArgCount(2);
S543,CoreFunction.java,351,String key = InfoSetUtil.stringValue(getArg1().computeValue(context));
S544,CoreFunction.java,352,Object value = getArg2().compute(context);
S545,CoreFunction.java,353,EvalContext ec = null;
S546,CoreFunction.java,354,if (value instanceof EvalContext) {
S547,CoreFunction.java,355,ec = (EvalContext) value;
S548,CoreFunction.java,356,if (ec.hasNext()) {
S549,CoreFunction.java,357,value = ((NodePointer) ec.next()).getValue();
S550,CoreFunction.java,362,JXPathContext jxpathContext = context.getJXPathContext();
S551,CoreFunction.java,363,"NodeSet nodeSet = jxpathContext.getNodeSetByKey(key, value);"
S552,CoreFunction.java,364,if (ec != null && ec.hasNext()) {
S553,CoreFunction.java,365,BasicNodeSet accum = new BasicNodeSet();
S554,CoreFunction.java,366,accum.add(nodeSet);
S555,CoreFunction.java,367,while (ec.hasNext()) {
S556,CoreFunction.java,368,value = ((NodePointer) ec.next()).getValue();
S557,CoreFunction.java,369,"accum.add(jxpathContext.getNodeSetByKey(key, value));"
S558,CoreFunction.java,371,nodeSet = accum;
S559,CoreFunction.java,373,"return new NodeSetContext(context, nodeSet);"
S560,CoreFunction.java,430,if (getArgumentCount() == 0) {
S561,CoreFunction.java,433,assertArgCount(1);
S562,CoreFunction.java,434,return InfoSetUtil.stringValue(getArg1().computeValue(context));
S563,CoreFunction.java,438,if (getArgumentCount() < 2) {
S564,CoreFunction.java,441,StringBuffer buffer = new StringBuffer();
S565,CoreFunction.java,442,Expression args[] = getArguments();
S566,CoreFunction.java,443,for (int i = 0; i < args.length; i++) {
S567,CoreFunction.java,444,buffer.append(InfoSetUtil.stringValue(args[i].compute(context)));
S568,CoreFunction.java,446,return buffer.toString();
S569,CoreFunction.java,450,assertArgCount(2);
S570,CoreFunction.java,451,String s1 = InfoSetUtil.stringValue(getArg1().computeValue(context));
S571,CoreFunction.java,452,String s2 = InfoSetUtil.stringValue(getArg2().computeValue(context));
S572,CoreFunction.java,453,return s1.startsWith(s2) ? Boolean.TRUE : Boolean.FALSE;
S573,CoreFunction.java,457,assertArgCount(2);
S574,CoreFunction.java,458,String s1 = InfoSetUtil.stringValue(getArg1().computeValue(context));
S575,CoreFunction.java,459,String s2 = InfoSetUtil.stringValue(getArg2().computeValue(context));
S576,CoreFunction.java,460,return s1.indexOf(s2) != -1 ? Boolean.TRUE : Boolean.FALSE;
S577,CoreFunction.java,464,assertArgCount(2);
S578,CoreFunction.java,465,String s1 = InfoSetUtil.stringValue(getArg1().computeValue(context));
S579,CoreFunction.java,466,String s2 = InfoSetUtil.stringValue(getArg2().computeValue(context));
S580,CoreFunction.java,467,int index = s1.indexOf(s2);
S581,CoreFunction.java,468,if (index == -1) {
S582,CoreFunction.java,471,"return s1.substring(0, index);"
S583,CoreFunction.java,475,assertArgCount(2);
S584,CoreFunction.java,476,String s1 = InfoSetUtil.stringValue(getArg1().computeValue(context));
S585,CoreFunction.java,477,String s2 = InfoSetUtil.stringValue(getArg2().computeValue(context));
S586,CoreFunction.java,478,int index = s1.indexOf(s2);
S587,CoreFunction.java,479,if (index == -1) {
S588,CoreFunction.java,482,return s1.substring(index + s2.length());
S589,CoreFunction.java,486,int ac = getArgumentCount();
S590,CoreFunction.java,487,if (ac != 2 && ac != 3) {
S591,CoreFunction.java,491,String s1 = InfoSetUtil.stringValue(getArg1().computeValue(context));
S592,CoreFunction.java,492,double from = InfoSetUtil.doubleValue(getArg2().computeValue(context));
S593,CoreFunction.java,493,if (Double.isNaN(from)) {
S594,CoreFunction.java,494,"return """";"
S595,CoreFunction.java,497,from = Math.round(from);
S596,CoreFunction.java,498,if (from > s1.length() + 1) {
S597,CoreFunction.java,499,"return """";"
S598,CoreFunction.java,501,if (ac == 2) {
S599,CoreFunction.java,502,if (from < 1) {
S600,CoreFunction.java,505,return s1.substring((int) from - 1);
S601,CoreFunction.java,507,double length =
S602,CoreFunction.java,509,length = Math.round(length);
S603,CoreFunction.java,510,if (length < 0) {
S604,CoreFunction.java,514,double to = from + length;
S605,CoreFunction.java,515,if (to < 1) {
S606,CoreFunction.java,516,"return """";"
S607,CoreFunction.java,519,if (to > s1.length() + 1) {
S608,CoreFunction.java,520,if (from < 1) {
S609,CoreFunction.java,521,from = 1;
S610,CoreFunction.java,523,return s1.substring((int) from - 1);
S611,CoreFunction.java,526,if (from < 1) {
S612,CoreFunction.java,527,from = 1;
S613,CoreFunction.java,529,"return s1.substring((int) from - 1, (int) (to - 1));"
S614,CoreFunction.java,534,if (getArgumentCount() == 0) {
S615,CoreFunction.java,538,assertArgCount(1);
S616,CoreFunction.java,539,s = InfoSetUtil.stringValue(getArg1().computeValue(context));
S617,CoreFunction.java,541,return new Double(s.length());
S618,CoreFunction.java,545,assertArgCount(1);
S619,CoreFunction.java,546,String s = InfoSetUtil.stringValue(getArg1().computeValue(context));
S620,CoreFunction.java,547,char chars[] = s.toCharArray();
S621,CoreFunction.java,548,int out = 0;
S622,CoreFunction.java,549,int phase = 0;
S623,CoreFunction.java,550,for (int in = 0; in < chars.length; in++) {
S624,CoreFunction.java,551,switch(chars[in]) {
S625,CoreFunction.java,556,if (phase == 0) {      // beginning
S626,CoreFunction.java,559,else if (phase == 1) { // non-space
S627,CoreFunction.java,560,phase = 2;
S628,CoreFunction.java,561,chars[out++] = ' ';
S629,CoreFunction.java,565,chars[out++] = chars[in];
S630,CoreFunction.java,566,phase = 1;
S631,CoreFunction.java,569,if (phase == 2) { // trailing-space
S632,CoreFunction.java,570,out--;
S633,CoreFunction.java,572,"return new String(chars, 0, out);"
S634,CoreFunction.java,576,assertArgCount(3);
S635,CoreFunction.java,577,String s1 = InfoSetUtil.stringValue(getArg1().computeValue(context));
S636,CoreFunction.java,578,String s2 = InfoSetUtil.stringValue(getArg2().computeValue(context));
S637,CoreFunction.java,579,String s3 = InfoSetUtil.stringValue(getArg3().computeValue(context));
S638,CoreFunction.java,580,char chars[] = s1.toCharArray();
S639,CoreFunction.java,581,int out = 0;
S640,CoreFunction.java,582,for (int in = 0; in < chars.length; in++) {
S641,CoreFunction.java,583,char c = chars[in];
S642,CoreFunction.java,584,int inx = s2.indexOf(c);
S643,CoreFunction.java,585,if (inx != -1) {
S644,CoreFunction.java,586,if (inx < s3.length()) {
S645,CoreFunction.java,587,chars[out++] = s3.charAt(inx);
S646,CoreFunction.java,594,"return new String(chars, 0, out);"
S647,CoreFunction.java,598,assertArgCount(1);
S648,CoreFunction.java,599,return InfoSetUtil.booleanValue(getArg1().computeValue(context))
S649,CoreFunction.java,605,assertArgCount(1);
S650,CoreFunction.java,606,return InfoSetUtil.booleanValue(getArg1().computeValue(context))
S651,CoreFunction.java,612,assertArgCount(0);
S652,CoreFunction.java,613,return Boolean.TRUE;
S653,CoreFunction.java,617,assertArgCount(0);
S654,CoreFunction.java,618,return Boolean.FALSE;
S655,CoreFunction.java,622,assertArgCount(0);
S656,CoreFunction.java,623,return null;
S657,CoreFunction.java,627,if (getArgumentCount() == 0) {
S658,CoreFunction.java,630,assertArgCount(1);
S659,CoreFunction.java,631,return InfoSetUtil.number(getArg1().computeValue(context));
S660,CoreFunction.java,654,assertArgCount(1);
S661,CoreFunction.java,655,double v = InfoSetUtil.doubleValue(getArg1().computeValue(context));
S662,CoreFunction.java,656,return new Double(Math.floor(v));
S663,CoreFunction.java,660,assertArgCount(1);
S664,CoreFunction.java,661,double v = InfoSetUtil.doubleValue(getArg1().computeValue(context));
S665,CoreFunction.java,662,return new Double(Math.ceil(v));
S666,CoreFunction.java,666,assertArgCount(1);
S667,CoreFunction.java,667,double v = InfoSetUtil.doubleValue(getArg1().computeValue(context));
S668,CoreFunction.java,668,return new Double(Math.round(v));
S669,CoreFunction.java,672,int ac = getArgumentCount();
S670,CoreFunction.java,673,if (ac != 2 && ac != 3) {
S671,CoreFunction.java,677,double number =
S672,CoreFunction.java,679,String pattern =
S673,CoreFunction.java,682,DecimalFormatSymbols symbols = null;
S674,CoreFunction.java,683,if (ac == 3) {
S675,CoreFunction.java,684,String symbolsName =
S676,CoreFunction.java,686,symbols =
S677,CoreFunction.java,690,NodePointer pointer = context.getCurrentNodePointer();
S678,CoreFunction.java,692,if (pointer != null) {
S679,CoreFunction.java,693,locale = pointer.getLocale();
S680,CoreFunction.java,698,symbols = new DecimalFormatSymbols(locale);
S681,CoreFunction.java,701,DecimalFormat format = (DecimalFormat) NumberFormat.getInstance();
S682,CoreFunction.java,702,format.setDecimalFormatSymbols(symbols);
S683,CoreFunction.java,703,format.applyLocalizedPattern(pattern);
S684,CoreFunction.java,704,return format.format(number);
S685,CoreFunction.java,708,"assertArgRange(count, count);"
S686,CoreFunction.java,712,int ct = getArgumentCount();
S687,CoreFunction.java,713,if (ct < min || ct > max) {
S688,CoreOperation.java,31,super(args);
S689,CoreOperation.java,35,return computeValue(context);
S690,CoreOperation.java,57,if (args.length == 1) {
S691,CoreOperation.java,58,"return getSymbol() + parenthesize(args[0], false);"
S692,CoreOperation.java,60,StringBuffer buffer = new StringBuffer();
S693,CoreOperation.java,61,for (int i = 0; i < args.length; i++) {
S694,CoreOperation.java,62,if (i > 0) {
S695,CoreOperation.java,63,buffer.append(' ');
S696,CoreOperation.java,64,buffer.append(getSymbol());
S697,CoreOperation.java,65,buffer.append(' ');
S698,CoreOperation.java,67,"buffer.append(parenthesize(args[i], i == 0));"
S699,CoreOperation.java,69,return buffer.toString();
S700,CoreOperation.java,73,String s = expression.toString();
S701,CoreOperation.java,74,if (!(expression instanceof CoreOperation)) {
S702,CoreOperation.java,75,return s;
S703,CoreOperation.java,77,int compared = getPrecedence() - ((CoreOperation) expression).getPrecedence();
S704,CoreOperation.java,79,if (compared < 0) {
S705,CoreOperation.java,80,return s;
S706,CoreOperation.java,82,if (compared == 0 && (isSymmetric() || left)) {
S707,CoreOperation.java,83,return s;
S708,CoreOperation.java,85,return '(' + s + ')';
S709,CoreOperationAdd.java,31,super(args);
S710,CoreOperationAdd.java,35,double s = 0.0;
S711,CoreOperationAdd.java,36,for (int i = 0; i < args.length; i++) {
S712,CoreOperationAdd.java,37,s += InfoSetUtil.doubleValue(args[i].computeValue(context));
S713,CoreOperationAdd.java,39,return new Double(s);
S714,CoreOperationAdd.java,43,return 4;
S715,CoreOperationAdd.java,47,return true;
S716,CoreOperationAdd.java,51,"return ""+"";"
S717,CoreOperationAnd.java,31,super(args);
S718,CoreOperationAnd.java,35,for (int i = 0; i < args.length; i++) {
S719,CoreOperationAnd.java,36,if (!InfoSetUtil.booleanValue(args[i].computeValue(context))) {
S720,CoreOperationAnd.java,37,return Boolean.FALSE;
S721,CoreOperationAnd.java,40,return Boolean.TRUE;
S722,CoreOperationAnd.java,44,return 1;
S723,CoreOperationAnd.java,52,"return ""and"";"
S724,CoreOperationCompare.java,40,"this(arg1, arg2, false);"
S725,CoreOperationCompare.java,44,"super(new Expression[] { arg1, arg2 });"
S726,CoreOperationCompare.java,45,this.invert = invert;
S727,CoreOperationCompare.java,49,"return equal(context, args[0], args[1]) ? Boolean.TRUE : Boolean.FALSE;"
S728,CoreOperationCompare.java,53,return 2;
S729,CoreOperationCompare.java,68,Object l = left.compute(context);
S730,CoreOperationCompare.java,69,Object r = right.compute(context);
S731,CoreOperationCompare.java,71,if (l instanceof InitialContext) {
S732,CoreOperationCompare.java,72,((EvalContext) l).reset();
S733,CoreOperationCompare.java,75,if (l instanceof SelfContext) {
S734,CoreOperationCompare.java,79,if (r instanceof InitialContext) {
S735,CoreOperationCompare.java,80,((EvalContext) r).reset();
S736,CoreOperationCompare.java,83,if (r instanceof SelfContext) {
S737,CoreOperationCompare.java,87,if (l instanceof Collection) {
S738,CoreOperationCompare.java,91,if (r instanceof Collection) {
S739,CoreOperationCompare.java,95,if (l instanceof Iterator && r instanceof Iterator) {
S740,CoreOperationCompare.java,96,"return findMatch((Iterator) l, (Iterator) r);"
S741,CoreOperationCompare.java,98,if (l instanceof Iterator) {
S742,CoreOperationCompare.java,99,"return contains((Iterator) l, r);"
S743,CoreOperationCompare.java,101,if (r instanceof Iterator) {
S744,CoreOperationCompare.java,104,"return equal(l, r);"
S745,CoreOperationCompare.java,108,while (it.hasNext()) {
S746,CoreOperationCompare.java,109,Object element = it.next();
S747,CoreOperationCompare.java,110,"if (equal(element, value)) {"
S748,CoreOperationCompare.java,111,return true;
S749,CoreOperationCompare.java,114,return false;
S750,CoreOperationCompare.java,118,HashSet left = new HashSet();
S751,CoreOperationCompare.java,119,while (lit.hasNext()) {
S752,CoreOperationCompare.java,120,left.add(lit.next());
S753,CoreOperationCompare.java,122,while (rit.hasNext()) {
S754,CoreOperationCompare.java,123,"if (contains(left.iterator(), rit.next())) {"
S755,CoreOperationCompare.java,124,return true;
S756,CoreOperationCompare.java,127,return false;
S757,CoreOperationCompare.java,131,if (l instanceof Pointer) {
S758,CoreOperationCompare.java,132,l = ((Pointer) l).getValue();
S759,CoreOperationCompare.java,135,if (r instanceof Pointer) {
S760,CoreOperationCompare.java,136,r = ((Pointer) r).getValue();
S761,CoreOperationCompare.java,140,if (l instanceof Boolean || r instanceof Boolean) {
S762,CoreOperationCompare.java,141,result = l == r || InfoSetUtil.booleanValue(l) == InfoSetUtil.booleanValue(r);
S763,CoreOperationCompare.java,142,} else if (l instanceof Number || r instanceof Number) {
S764,CoreOperationCompare.java,144,double ld = InfoSetUtil.doubleValue(l);
S765,CoreOperationCompare.java,145,if (Double.isNaN(ld)) {
S766,CoreOperationCompare.java,146,return false;
S767,CoreOperationCompare.java,148,double rd = InfoSetUtil.doubleValue(r);
S768,CoreOperationCompare.java,149,if (Double.isNaN(rd)) {
S769,CoreOperationCompare.java,150,return false;
S770,CoreOperationCompare.java,152,result = ld == rd;
S771,CoreOperationCompare.java,153,} else {
S772,CoreOperationCompare.java,154,if (l instanceof String || r instanceof String) {
S773,CoreOperationCompare.java,155,l = InfoSetUtil.stringValue(l);
S774,CoreOperationCompare.java,156,r = InfoSetUtil.stringValue(r);
S775,CoreOperationCompare.java,158,result = l == r || l != null && l.equals(r);
S776,CoreOperationCompare.java,160,return result ^ invert;
S777,CoreOperationDivide.java,31,"super(new Expression[] { arg1, arg2 });"
S778,CoreOperationDivide.java,35,double l = InfoSetUtil.doubleValue(args[0].computeValue(context));
S779,CoreOperationDivide.java,36,double r = InfoSetUtil.doubleValue(args[1].computeValue(context));
S780,CoreOperationDivide.java,37,return new Double(l / r);
S781,CoreOperationDivide.java,41,return 5;
S782,CoreOperationDivide.java,49,"return ""div"";"
S783,CoreOperationEqual.java,28,"super(arg1, arg2);"
S784,CoreOperationEqual.java,32,"return ""="";"
S785,CoreOperationGreaterThan.java,28,"super(new Expression[] { arg1, arg2 });"
S786,CoreOperationGreaterThan.java,32,return compare > 0;
S787,CoreOperationGreaterThan.java,36,"return "">"";"
S788,CoreOperationGreaterThanOrEqual.java,29,"super(new Expression[] { arg1, arg2 });"
S789,CoreOperationGreaterThanOrEqual.java,33,return compare >= 0;
S790,CoreOperationGreaterThanOrEqual.java,37,"return "">="";"
S791,CoreOperationLessThan.java,28,"super(new Expression[] { arg1, arg2 });"
S792,CoreOperationLessThan.java,32,return compare < 0;
S793,CoreOperationLessThan.java,36,"return ""<"";"
S794,CoreOperationLessThanOrEqual.java,29,"super(new Expression[] { arg1, arg2 });"
S795,CoreOperationLessThanOrEqual.java,33,return compare <= 0;
S796,CoreOperationLessThanOrEqual.java,37,"return ""<="";"
S797,CoreOperationMod.java,31,"super(new Expression[] { arg1, arg2 });"
S798,CoreOperationMod.java,35,long l = (long) InfoSetUtil.doubleValue(args[0].computeValue(context));
S799,CoreOperationMod.java,36,long r = (long) InfoSetUtil.doubleValue(args[1].computeValue(context));
S800,CoreOperationMod.java,37,return new Double(l % r);
S801,CoreOperationMod.java,41,return 5;
S802,CoreOperationMod.java,49,"return ""mod"";"
S803,CoreOperationMultiply.java,31,"super(new Expression[] { arg1, arg2 });"
S804,CoreOperationMultiply.java,35,double l = InfoSetUtil.doubleValue(args[0].computeValue(context));
S805,CoreOperationMultiply.java,36,double r = InfoSetUtil.doubleValue(args[1].computeValue(context));
S806,CoreOperationMultiply.java,37,return new Double(l * r);
S807,CoreOperationMultiply.java,41,return 5;
S808,CoreOperationMultiply.java,49,"return ""*"";"
S809,CoreOperationNegate.java,31,super(new Expression[] { arg });
S810,CoreOperationNegate.java,35,double a = InfoSetUtil.doubleValue(args[0].computeValue(context));
S811,CoreOperationNegate.java,36,return new Double(-a);
S812,CoreOperationNegate.java,40,return 6;
S813,CoreOperationNegate.java,48,"return ""-"";"
S814,CoreOperationNotEqual.java,28,"super(arg1, arg2, true);"
S815,CoreOperationNotEqual.java,32,"return ""!="";"
S816,CoreOperationOr.java,31,super(args);
S817,CoreOperationOr.java,35,for (int i = 0; i < args.length; i++) {
S818,CoreOperationOr.java,36,if (InfoSetUtil.booleanValue(args[i].computeValue(context))) {
S819,CoreOperationOr.java,37,return Boolean.TRUE;
S820,CoreOperationOr.java,40,return Boolean.FALSE;
S821,CoreOperationOr.java,44,return 0;
S822,CoreOperationOr.java,52,"return ""or"";"
S823,CoreOperationRelationalExpression.java,38,super(args);
S824,CoreOperationRelationalExpression.java,42,"return compute(args[0].compute(context), args[1].compute(context))"
S825,CoreOperationRelationalExpression.java,47,return 3;
S826,CoreOperationRelationalExpression.java,51,return false;
S827,CoreOperationRelationalExpression.java,57,left = reduce(left);
S828,CoreOperationRelationalExpression.java,58,right = reduce(right);
S829,CoreOperationRelationalExpression.java,60,if (left instanceof InitialContext) {
S830,CoreOperationRelationalExpression.java,61,((InitialContext) left).reset();
S831,CoreOperationRelationalExpression.java,63,if (right instanceof InitialContext) {
S832,CoreOperationRelationalExpression.java,64,((InitialContext) right).reset();
S833,CoreOperationRelationalExpression.java,66,if (left instanceof Iterator && right instanceof Iterator) {
S834,CoreOperationRelationalExpression.java,67,"return findMatch((Iterator) left, (Iterator) right);"
S835,CoreOperationRelationalExpression.java,69,if (left instanceof Iterator) {
S836,CoreOperationRelationalExpression.java,70,"return containsMatch((Iterator) left, right);"
S837,CoreOperationRelationalExpression.java,72,if (right instanceof Iterator) {
S838,CoreOperationRelationalExpression.java,75,double ld = InfoSetUtil.doubleValue(left);
S839,CoreOperationRelationalExpression.java,76,if (Double.isNaN(ld)) {
S840,CoreOperationRelationalExpression.java,77,return false;
S841,CoreOperationRelationalExpression.java,79,double rd = InfoSetUtil.doubleValue(right);
S842,CoreOperationRelationalExpression.java,80,if (Double.isNaN(rd)) {
S843,CoreOperationRelationalExpression.java,83,return evaluateCompare(ld == rd ? 0 : ld < rd ? -1 : 1);
S844,CoreOperationRelationalExpression.java,87,if (o instanceof SelfContext) {
S845,CoreOperationRelationalExpression.java,90,if (o instanceof Collection) {
S846,CoreOperationRelationalExpression.java,93,return o;
S847,CoreOperationRelationalExpression.java,97,while (it.hasNext()) {
S848,CoreOperationRelationalExpression.java,98,Object element = it.next();
S849,CoreOperationRelationalExpression.java,99,"if (compute(element, value)) {"
S850,CoreOperationRelationalExpression.java,100,return true;
S851,CoreOperationRelationalExpression.java,103,return false;
S852,CoreOperationRelationalExpression.java,107,HashSet left = new HashSet();
S853,CoreOperationRelationalExpression.java,108,while (lit.hasNext()) {
S854,CoreOperationRelationalExpression.java,109,left.add(lit.next());
S855,CoreOperationRelationalExpression.java,111,while (rit.hasNext()) {
S856,CoreOperationRelationalExpression.java,112,"if (containsMatch(left.iterator(), rit.next())) {"
S857,CoreOperationRelationalExpression.java,116,return false;
S858,CoreOperationSubtract.java,31,"super(new Expression[] { arg1, arg2 });"
S859,CoreOperationSubtract.java,35,double l = InfoSetUtil.doubleValue(args[0].computeValue(context));
S860,CoreOperationSubtract.java,36,double r = InfoSetUtil.doubleValue(args[1].computeValue(context));
S861,CoreOperationSubtract.java,37,return new Double(l - r);
S862,CoreOperationSubtract.java,41,return 4;
S863,CoreOperationSubtract.java,45,return false;
S864,CoreOperationSubtract.java,49,"return ""-"";"
S865,CoreOperationUnion.java,31,super(args);
S866,CoreOperationUnion.java,35,EvalContext argCtxs[] = new EvalContext[args.length];
S867,CoreOperationUnion.java,36,for (int i = 0; i < args.length; i++) {
S868,CoreOperationUnion.java,37,Object value = args[i].compute(context);
S869,CoreOperationUnion.java,38,if (value instanceof EvalContext) {
S870,CoreOperationUnion.java,39,argCtxs[i] = (EvalContext) value;
S871,CoreOperationUnion.java,42,argCtxs[i] = context.getRootContext().getConstantContext(value);
S872,CoreOperationUnion.java,45,"return new UnionContext(context.getRootContext(), argCtxs);"
S873,CoreOperationUnion.java,49,return 7;
S874,CoreOperationUnion.java,57,"return ""|"";"
S875,DOMAttributeIterator.java,41,private int position = 0;
S876,DOMAttributeIterator.java,43,"public DOMAttributeIterator(NodePointer parent, QName name) {"
S877,DOMAttributeIterator.java,44,this.parent = parent;
S878,DOMAttributeIterator.java,45,this.name = name;
S879,DOMAttributeIterator.java,46,attributes = new ArrayList();
S880,DOMAttributeIterator.java,47,Node node = (Node) parent.getNode();
S881,DOMAttributeIterator.java,48,if (node.getNodeType() == Node.ELEMENT_NODE) {
S882,DOMAttributeIterator.java,49,String lname = name.getName();
S883,DOMAttributeIterator.java,50,"if (!lname.equals(""*"")) {"
S884,DOMAttributeIterator.java,51,"Attr attr = getAttribute((Element) node, name);"
S885,DOMAttributeIterator.java,52,if (attr != null) {
S886,DOMAttributeIterator.java,53,attributes.add(attr);
S887,DOMAttributeIterator.java,70,String nodePrefix = DOMNodePointer.getPrefix(attr);
S888,DOMAttributeIterator.java,71,String nodeLocalName = DOMNodePointer.getLocalName(attr);
S889,DOMAttributeIterator.java,73,"if (nodePrefix != null && nodePrefix.equals(""xmlns"")) {"
S890,DOMAttributeIterator.java,77,"if (nodePrefix == null && nodeLocalName.equals(""xmlns"")) {"
S891,DOMAttributeIterator.java,81,String testLocalName = name.getName();
S892,DOMAttributeIterator.java,82,"if (testLocalName.equals(""*"") || testLocalName.equals(nodeLocalName)) {"
S893,DOMAttributeIterator.java,83,String testPrefix = testName.getPrefix();
S894,DOMAttributeIterator.java,85,"if (equalStrings(testPrefix, nodePrefix)) {"
S895,DOMAttributeIterator.java,86,return true;
S896,DOMAttributeIterator.java,104,return s1 == s2 || s1 != null && s1.equals(s2);
S897,DOMAttributeIterator.java,108,String testPrefix = name.getPrefix();
S898,DOMAttributeIterator.java,109,String testNS = null;
S899,DOMAttributeIterator.java,111,if (testPrefix != null) {
S900,DOMAttributeIterator.java,112,NamespaceResolver nsr = parent.getNamespaceResolver();
S901,DOMAttributeIterator.java,113,testNS = nsr == null ? null : nsr.getNamespaceURI(testPrefix);
S902,DOMAttributeIterator.java,114,testNS = testNS == null ? parent.getNamespaceURI(testPrefix) : testNS;
S903,DOMAttributeIterator.java,117,if (testNS != null) {
S904,DOMAttributeIterator.java,118,"Attr attr = element.getAttributeNodeNS(testNS, name.getName());"
S905,DOMAttributeIterator.java,119,if (attr != null) {
S906,DOMAttributeIterator.java,126,NamedNodeMap nnm = element.getAttributes();
S907,DOMAttributeIterator.java,127,for (int i = 0; i < nnm.getLength(); i++) {
S908,DOMAttributeIterator.java,128,attr = (Attr) nnm.item(i);
S909,DOMAttributeIterator.java,129,"if (testAttr(attr, name)) {"
S910,DOMAttributeIterator.java,130,return attr;
S911,DOMAttributeIterator.java,135,return element.getAttributeNode(name.getName());
S912,DOMAttributeIterator.java,139,if (position == 0) {
S913,DOMAttributeIterator.java,145,int index = position - 1;
S914,DOMAttributeIterator.java,146,if (index < 0) {
S915,DOMAttributeIterator.java,149,"return new DOMAttributePointer(parent, (Attr) attributes.get(index));"
S916,DOMAttributeIterator.java,153,return position;
S917,DOMAttributeIterator.java,157,this.position = position;
S918,DOMAttributeIterator.java,158,return position >= 1 && position <= attributes.size();
S919,DOMAttributePointer.java,37,super(parent);
S920,DOMAttributePointer.java,38,this.attr = attr;
S921,DOMAttributePointer.java,53,String value = attr.getValue();
S922,DOMAttributePointer.java,54,"if (value == null || (value.equals("""") && !attr.getSpecified())) {"
S923,DOMAttributePointer.java,57,return value;
S924,DOMAttributePointer.java,73,return attr;
S925,DOMAttributePointer.java,77,return true;
S926,DOMNodeIterator.java,34,private Node child = null;
S927,DOMNodeIterator.java,36,private int position = 0;
S928,DOMNodeIterator.java,44,this.parent = parent;
S929,DOMNodeIterator.java,45,this.node = (Node) parent.getNode();
S930,DOMNodeIterator.java,46,if (startWith != null) {
S931,DOMNodeIterator.java,49,this.nodeTest = nodeTest;
S932,DOMNodeIterator.java,50,this.reverse = reverse;
S933,DOMNodeIterator.java,54,if (position == 0) {
S934,DOMNodeIterator.java,55,setPosition(1);
S935,DOMNodeIterator.java,57,"return child == null ? null : new DOMNodePointer(parent, child);"
S936,DOMNodeIterator.java,61,return position;
S937,DOMNodeIterator.java,65,while (this.position < position) {
S938,DOMNodeIterator.java,66,if (!next()) {
S939,DOMNodeIterator.java,67,return false;
S940,DOMNodeIterator.java,70,while (this.position > position) {
S941,DOMNodeIterator.java,75,return true;
S942,DOMNodeIterator.java,104,position++;
S943,DOMNodeIterator.java,105,if (!reverse) {
S944,DOMNodeIterator.java,106,if (position == 1) {
S945,DOMNodeIterator.java,107,if (child == null) {
S946,DOMNodeIterator.java,108,child = node.getFirstChild();
S947,DOMNodeIterator.java,115,child = child.getNextSibling();
S948,DOMNodeIterator.java,117,while (child != null && !testChild()) {
S949,DOMNodeIterator.java,118,child = child.getNextSibling();
S950,DOMNodeIterator.java,137,return child != null;
S951,DOMNodeIterator.java,141,"return DOMNodePointer.testNode(child, nodeTest);"
S952,DOMNodePointer.java,73,"super(null, locale);"
S953,DOMNodePointer.java,74,this.node = node;
S954,DOMNodePointer.java,75,this.id = id;
S955,DOMNodePointer.java,79,super(parent);
S956,DOMNodePointer.java,80,this.node = node;
S957,DOMNodePointer.java,84,"return testNode(node, test);"
S958,DOMNodePointer.java,88,if (test == null) {
S959,DOMNodePointer.java,91,if (test instanceof NodeNameTest) {
S960,DOMNodePointer.java,92,if (node.getNodeType() != Node.ELEMENT_NODE) {
S961,DOMNodePointer.java,93,return false;
S962,DOMNodePointer.java,96,NodeNameTest nodeNameTest = (NodeNameTest) test;
S963,DOMNodePointer.java,97,QName testName = nodeNameTest.getNodeName();
S964,DOMNodePointer.java,98,String namespaceURI = nodeNameTest.getNamespaceURI();
S965,DOMNodePointer.java,99,boolean wildcard = nodeNameTest.isWildcard();
S966,DOMNodePointer.java,100,String testPrefix = testName.getPrefix();
S967,DOMNodePointer.java,101,if (wildcard && testPrefix == null) {
S968,DOMNodePointer.java,104,if (wildcard
S969,DOMNodePointer.java,107,String nodeNS = DOMNodePointer.getNamespaceURI(node);
S970,DOMNodePointer.java,108,"return equalStrings(namespaceURI, nodeNS);"
S971,DOMNodePointer.java,110,return false;
S972,DOMNodePointer.java,112,if (test instanceof NodeTypeTest) {
S973,DOMNodePointer.java,113,int nodeType = node.getNodeType();
S974,DOMNodePointer.java,114,switch (((NodeTypeTest) test).getNodeType()) {
S975,DOMNodePointer.java,116,return nodeType == Node.ELEMENT_NODE
S976,DOMNodePointer.java,139,if (s1 == s2) {
S977,DOMNodePointer.java,140,return true;
S978,DOMNodePointer.java,142,"s1 = s1 == null ? """" : s1.trim();"
S979,DOMNodePointer.java,143,"s2 = s2 == null ? """" : s2.trim();"
S980,DOMNodePointer.java,144,return s1.equals(s2);
S981,DOMNodePointer.java,162,return getNamespaceURI(node);
S982,DOMNodePointer.java,170,"return new DOMNodeIterator(this, test, reverse, startWith);"
S983,DOMNodePointer.java,174,"return new DOMAttributeIterator(this, name);"
S984,DOMNodePointer.java,261,return node;
S985,DOMNodePointer.java,265,return node;
S986,DOMNodePointer.java,269,return true;
S987,DOMNodePointer.java,273,return false;
S988,DOMNodePointer.java,277,return 1;
S989,DOMNodePointer.java,281,return !node.hasChildNodes();
S990,DOMNodePointer.java,296,while (n != null) {
S991,DOMNodePointer.java,297,if (n.getNodeType() == Node.ELEMENT_NODE) {
S992,DOMNodePointer.java,298,Element e = (Element) n;
S993,DOMNodePointer.java,299,String attr = e.getAttribute(attrName);
S994,DOMNodePointer.java,300,"if (attr != null && !attr.equals("""")) {"
S995,DOMNodePointer.java,301,return attr;
S996,DOMNodePointer.java,304,n = n.getParentNode();
S997,DOMNodePointer.java,306,return null;
S998,DOMNodePointer.java,436,if (id != null) {
S999,DOMNodePointer.java,437,"return ""id('"" + escape(id) + ""')"";"
S1000,DOMNodePointer.java,440,StringBuffer buffer = new StringBuffer();
S1001,DOMNodePointer.java,441,if (parent != null) {
S1002,DOMNodePointer.java,442,buffer.append(parent.asPath());
S1003,DOMNodePointer.java,444,switch (node.getNodeType()) {
S1004,DOMNodePointer.java,449,if (parent instanceof DOMNodePointer) {
S1005,DOMNodePointer.java,450,if (buffer.length() == 0
S1006,DOMNodePointer.java,452,buffer.append('/');
S1007,DOMNodePointer.java,454,String ln = DOMNodePointer.getLocalName(node);
S1008,DOMNodePointer.java,455,String nsURI = getNamespaceURI();
S1009,DOMNodePointer.java,456,if (nsURI == null) {
S1010,DOMNodePointer.java,457,buffer.append(ln);
S1011,DOMNodePointer.java,458,buffer.append('[');
S1012,DOMNodePointer.java,459,buffer.append(getRelativePositionByName()).append(']');
S1013,DOMNodePointer.java,496,return buffer.toString();
S1014,DOMNodePointer.java,500,int index = string.indexOf('\'');
S1015,DOMNodePointer.java,501,while (index != -1) {
S1016,DOMNodePointer.java,508,"index = string.indexOf('\""');"
S1017,DOMNodePointer.java,509,while (index != -1) {
S1018,DOMNodePointer.java,516,return string;
S1019,DOMNodePointer.java,520,int count = 1;
S1020,DOMNodePointer.java,521,Node n = node.getPreviousSibling();
S1021,DOMNodePointer.java,522,while (n != null) {
S1022,DOMNodePointer.java,523,if (n.getNodeType() == Node.ELEMENT_NODE) {
S1023,DOMNodePointer.java,524,String nm = n.getNodeName();
S1024,DOMNodePointer.java,525,if (nm.equals(node.getNodeName())) {
S1025,DOMNodePointer.java,526,count++;
S1026,DOMNodePointer.java,529,n = n.getPreviousSibling();
S1027,DOMNodePointer.java,531,return count;
S1028,DOMNodePointer.java,573,return System.identityHashCode(node);
S1029,DOMNodePointer.java,577,return object == this || object instanceof DOMNodePointer && node == ((DOMNodePointer) object).node;
S1030,DOMNodePointer.java,581,String prefix = node.getPrefix();
S1031,DOMNodePointer.java,582,if (prefix != null) {
S1032,DOMNodePointer.java,586,String name = node.getNodeName();
S1033,DOMNodePointer.java,587,int index = name.lastIndexOf(':');
S1034,DOMNodePointer.java,588,"return index < 0 ? null : name.substring(0, index);"
S1035,DOMNodePointer.java,592,String localName = node.getLocalName();
S1036,DOMNodePointer.java,593,if (localName != null) {
S1037,DOMNodePointer.java,594,return localName;
S1038,DOMNodePointer.java,597,String name = node.getNodeName();
S1039,DOMNodePointer.java,598,int index = name.lastIndexOf(':');
S1040,DOMNodePointer.java,599,return index < 0 ? name : name.substring(index + 1);
S1041,DOMNodePointer.java,603,if (node instanceof Document) {
S1042,DOMNodePointer.java,607,Element element = (Element) node;
S1043,DOMNodePointer.java,609,String uri = element.getNamespaceURI();
S1044,DOMNodePointer.java,610,if (uri != null) {
S1045,DOMNodePointer.java,614,String prefix = getPrefix(node);
S1046,DOMNodePointer.java,615,"String qname = prefix == null ? ""xmlns"" : ""xmlns:"" + prefix;"
S1047,DOMNodePointer.java,617,Node aNode = node;
S1048,DOMNodePointer.java,618,while (aNode != null) {
S1049,DOMNodePointer.java,619,if (aNode.getNodeType() == Node.ELEMENT_NODE) {
S1050,DOMNodePointer.java,620,Attr attr = ((Element) aNode).getAttributeNode(qname);
S1051,DOMNodePointer.java,621,if (attr != null) {
S1052,DOMNodePointer.java,625,aNode = aNode.getParentNode();
S1053,DOMNodePointer.java,627,return null;
S1054,DOMNodePointer.java,631,if (node.getNodeType() == Node.COMMENT_NODE) {
S1055,DOMNodePointer.java,635,return stringValue(node);
S1056,DOMNodePointer.java,639,int nodeType = node.getNodeType();
S1057,DOMNodePointer.java,640,if (nodeType == Node.COMMENT_NODE) {
S1058,DOMNodePointer.java,641,"return """";"
S1059,DOMNodePointer.java,643,"boolean trim = !""preserve"".equals(findEnclosingAttribute(node, ""xml:space""));"
S1060,DOMNodePointer.java,644,if (nodeType == Node.TEXT_NODE || nodeType == Node.CDATA_SECTION_NODE) {
S1061,DOMNodePointer.java,645,String text = node.getNodeValue();
S1062,DOMNodePointer.java,646,"return text == null ? """" : trim ? text.trim() : text;"
S1063,DOMNodePointer.java,648,if (nodeType == Node.PROCESSING_INSTRUCTION_NODE) {
S1064,DOMNodePointer.java,649,String text = ((ProcessingInstruction) node).getData();
S1065,DOMNodePointer.java,650,"return text == null ? """" : trim ? text.trim() : text;"
S1066,DOMNodePointer.java,652,NodeList list = node.getChildNodes();
S1067,DOMNodePointer.java,653,StringBuffer buf = new StringBuffer(16);
S1068,DOMNodePointer.java,654,for (int i = 0; i < list.getLength(); i++) {
S1069,DOMNodePointer.java,655,Node child = list.item(i);
S1070,DOMNodePointer.java,656,buf.append(stringValue(child));
S1071,DOMNodePointer.java,658,return buf.toString();
S1072,DOMNodePointer.java,665,Document document = node.getNodeType() == Node.DOCUMENT_NODE ? (Document) node
S1073,DOMNodePointer.java,667,Element element = document.getElementById(id);
S1074,DOMNodePointer.java,668,"return element == null ? (Pointer) new NullPointer(getLocale(), id)"
S1075,DOMNodePointer.java,686,Node node1 = (Node) pointer1.getBaseValue();
S1076,DOMNodePointer.java,687,Node node2 = (Node) pointer2.getBaseValue();
S1077,DOMNodePointer.java,688,if (node1 == node2) {
S1078,DOMNodePointer.java,692,int t1 = node1.getNodeType();
S1079,DOMNodePointer.java,693,int t2 = node2.getNodeType();
S1080,DOMNodePointer.java,694,if (t1 == Node.ATTRIBUTE_NODE && t2 != Node.ATTRIBUTE_NODE) {
S1081,DOMNodePointer.java,697,if (t1 != Node.ATTRIBUTE_NODE && t2 == Node.ATTRIBUTE_NODE) {
S1082,DOMNodePointer.java,700,if (t1 == Node.ATTRIBUTE_NODE && t2 == Node.ATTRIBUTE_NODE) {
S1083,DOMNodePointer.java,715,Node current = node.getFirstChild();
S1084,DOMNodePointer.java,716,while (current != null) {
S1085,DOMNodePointer.java,717,if (current == node1) {
S1086,DOMNodePointer.java,720,if (current == node2) {
S1087,DOMNodePointer.java,721,return 1;
S1088,DOMNodePointer.java,723,current = current.getNextSibling();
S1089,DOMParser.java,31,public class DOMParser extends XMLParser2 {
S1090,DOMParser.java,35,DocumentBuilderFactory factory =
S1091,DOMParser.java,38,factory.setValidating(isValidating());
S1092,DOMParser.java,39,factory.setNamespaceAware(isNamespaceAware());
S1093,DOMParser.java,40,factory.setIgnoringElementContentWhitespace(
S1094,DOMParser.java,42,factory.setExpandEntityReferences(isExpandEntityReferences());
S1095,DOMParser.java,43,factory.setIgnoringComments(isIgnoringComments());
S1096,DOMParser.java,44,factory.setCoalescing(isCoalescing());
S1097,DOMParser.java,45,return factory.newDocumentBuilder().parse(stream);
S1098,DOMPointerFactory.java,32,public class DOMPointerFactory implements NodePointerFactory {
S1099,DOMPointerFactory.java,37,return DOM_POINTER_FACTORY_ORDER;
S1100,DOMPointerFactory.java,45,"return bean instanceof Node ? new DOMNodePointer((Node) bean, locale) : null;"
S1101,DOMPointerFactory.java,53,"return bean instanceof Node ? new DOMNodePointer(parent, (Node) bean) : null;"
S1102,DescendantContext.java,38,private boolean setStarted = false;
S1103,DescendantContext.java,42,private static final NodeTest ELEMENT_NODE_TEST =
S1104,DescendantContext.java,50,super(parentContext);
S1105,DescendantContext.java,51,this.includeSelf = includeSelf;
S1106,DescendantContext.java,52,this.nodeTest = nodeTest;
S1107,DescendantContext.java,56,return true;
S1108,DescendantContext.java,60,if (position == 0) {
S1109,DescendantContext.java,65,return currentNodePointer;
S1110,DescendantContext.java,69,super.reset();
S1111,DescendantContext.java,70,setStarted = false;
S1112,DescendantContext.java,87,if (!setStarted) {
S1113,DescendantContext.java,88,setStarted = true;
S1114,DescendantContext.java,89,stack = new Stack();
S1115,DescendantContext.java,90,currentNodePointer = parentContext.getCurrentNodePointer();
S1116,DescendantContext.java,91,if (currentNodePointer != null) {
S1117,DescendantContext.java,92,if (!currentNodePointer.isLeaf()) {
S1118,DescendantContext.java,93,stack.push(
S1119,DescendantContext.java,99,if (includeSelf) {
S1120,DescendantContext.java,100,if (currentNodePointer.testNode(nodeTest)) {
S1121,DescendantContext.java,101,position++;
S1122,DescendantContext.java,102,return true;
S1123,DescendantContext.java,108,while (!stack.isEmpty()) {
S1124,DescendantContext.java,109,NodeIterator it = (NodeIterator) stack.peek();
S1125,DescendantContext.java,110,if (it.setPosition(it.getPosition() + 1)) {
S1126,DescendantContext.java,111,currentNodePointer = it.getNodePointer();
S1127,DescendantContext.java,112,if (!isRecursive()) {
S1128,DescendantContext.java,113,if (!currentNodePointer.isLeaf()) {
S1129,DescendantContext.java,114,stack.push(
S1130,DescendantContext.java,120,if (currentNodePointer.testNode(nodeTest)) {
S1131,DescendantContext.java,121,position++;
S1132,DescendantContext.java,122,return true;
S1133,DescendantContext.java,129,stack.pop();
S1134,DescendantContext.java,132,return false;
S1135,DescendantContext.java,140,Object node = currentNodePointer.getNode();
S1136,DescendantContext.java,141,for (int i = stack.size() - 1; --i >= 0;) {
S1137,DescendantContext.java,142,NodeIterator it = (NodeIterator) stack.get(i);
S1138,DescendantContext.java,143,Pointer pointer = it.getNodePointer();
S1139,DescendantContext.java,144,if (pointer != null && pointer.getNode() == node) {
S1140,DescendantContext.java,145,return true;
S1141,DescendantContext.java,148,return false;
S1142,DocumentContainer.java,48,private static HashMap parserClasses = new HashMap();
S1143,DocumentContainer.java,50,"parserClasses.put(MODEL_DOM,"
S1144,DocumentContainer.java,52,"parserClasses.put(MODEL_JDOM,"
S1145,DocumentContainer.java,56,private static HashMap parsers = new HashMap();
S1146,DocumentContainer.java,82,"this(xmlURL, MODEL_DOM);"
S1147,DocumentContainer.java,92,"public DocumentContainer(URL xmlURL, String model) {"
S1148,DocumentContainer.java,93,this.xmlURL = xmlURL;
S1149,DocumentContainer.java,94,if (xmlURL == null) {
S1150,DocumentContainer.java,97,this.model = model;
S1151,DocumentContainer.java,104,if (document == null) {
S1152,DocumentContainer.java,106,InputStream stream = null;
S1153,DocumentContainer.java,108,if (xmlURL != null) {
S1154,DocumentContainer.java,109,stream = xmlURL.openStream();
S1155,DocumentContainer.java,111,document = parseXML(stream);
S1156,DocumentContainer.java,114,if (stream != null) {
S1157,DocumentContainer.java,115,stream.close();
S1158,DocumentContainer.java,125,return document;
S1159,DocumentContainer.java,132,XMLParser parser = getParser(model);
S1160,DocumentContainer.java,133,if (parser instanceof XMLParser2) {
S1161,DocumentContainer.java,134,XMLParser2 parser2 = (XMLParser2) parser;
S1162,DocumentContainer.java,135,parser2.setValidating(isValidating());
S1163,DocumentContainer.java,136,parser2.setNamespaceAware(isNamespaceAware());
S1164,DocumentContainer.java,137,parser2.setIgnoringElementContentWhitespace(
S1165,DocumentContainer.java,139,parser2.setExpandEntityReferences(isExpandEntityReferences());
S1166,DocumentContainer.java,140,parser2.setIgnoringComments(isIgnoringComments());
S1167,DocumentContainer.java,141,parser2.setCoalescing(isCoalescing());
S1168,DocumentContainer.java,143,return parser.parseXML(stream);
S1169,DocumentContainer.java,157,XMLParser parser = (XMLParser) parsers.get(model);
S1170,DocumentContainer.java,158,if (parser == null) {
S1171,DocumentContainer.java,159,String className = (String) parserClasses.get(model);
S1172,DocumentContainer.java,160,if (className == null) {
S1173,DocumentContainer.java,164,Class clazz = Class.forName(className);
S1174,DocumentContainer.java,165,parser = (XMLParser) clazz.newInstance();
S1175,DocumentContainer.java,171,"parsers.put(model, parser);"
S1176,DocumentContainer.java,173,return parser;
S1177,DynaBeanPointerFactory.java,35,public class DynaBeanPointerFactory implements NodePointerFactory {
S1178,DynaBeanPointerFactory.java,40,return DYNA_BEAN_POINTER_FACTORY_ORDER;
S1179,DynaBeanPointerFactory.java,46,"return bean instanceof DynaBean ? new DynaBeanPointer(name, (DynaBean) bean, locale) : null;"
S1180,DynaBeanPointerFactory.java,52,"return bean instanceof DynaBean ? new DynaBeanPointer(parent, name, (DynaBean) bean) : null;"
S1181,DynamicPointer.java,46,"super(null, locale);"
S1182,DynamicPointer.java,47,this.name = name;
S1183,DynamicPointer.java,48,this.bean = bean;
S1184,DynamicPointer.java,49,this.handler = handler;
S1185,DynamicPointer.java,55,super(parent);
S1186,DynamicPointer.java,56,this.name = name;
S1187,DynamicPointer.java,57,this.bean = bean;
S1188,DynamicPointer.java,58,this.handler = handler;
S1189,DynamicPointer.java,62,"return new DynamicPropertyPointer(this, handler);"
S1190,DynamicPointer.java,68,"return new PropertyIterator(this, property, reverse, startWith);"
S1191,DynamicPointer.java,80,return true;
S1192,DynamicPointer.java,87,return bean;
S1193,DynamicPointer.java,91,Object value = getNode();
S1194,DynamicPointer.java,92,return value == null || JXPathIntrospector.getBeanInfo(value.getClass()).isAtomic();
S1195,DynamicPointer.java,103,return 1;
S1196,DynamicPointer.java,107,"return parent == null ? ""/"" : super.asPath();"
S1197,DynamicPointer.java,111,return System.identityHashCode(bean) + name.hashCode();
S1198,DynamicPointer.java,115,if (object == this) {
S1199,DynamicPointer.java,119,if (!(object instanceof DynamicPointer)) {
S1200,DynamicPointer.java,120,return false;
S1201,DynamicPointerFactory.java,36,public class DynamicPointerFactory implements NodePointerFactory {
S1202,DynamicPointerFactory.java,41,return DYNAMIC_POINTER_FACTORY_ORDER;
S1203,DynamicPointerFactory.java,49,JXPathBeanInfo bi = JXPathIntrospector.getBeanInfo(bean.getClass());
S1204,DynamicPointerFactory.java,50,if (bi.isDynamic()) {
S1205,DynamicPointerFactory.java,51,DynamicPropertyHandler handler =
S1206,DynamicPointerFactory.java,54,"return new DynamicPointer(name, bean, handler, locale);"
S1207,DynamicPointerFactory.java,56,return null;
S1208,DynamicPointerFactory.java,64,if (bean == null) {
S1209,DynamicPointerFactory.java,65,"return new NullPointer(parent, name);"
S1210,DynamicPointerFactory.java,68,JXPathBeanInfo bi = JXPathIntrospector.getBeanInfo(bean.getClass());
S1211,DynamicPointerFactory.java,69,if (bi.isDynamic()) {
S1212,DynamicPointerFactory.java,70,DynamicPropertyHandler handler =
S1213,DynamicPointerFactory.java,73,"return new DynamicPointer(parent, name, bean, handler);"
S1214,DynamicPointerFactory.java,75,return null;
S1215,DynamicPropertyPointer.java,51,super(parent);
S1216,DynamicPropertyPointer.java,52,this.handler = handler;
S1217,DynamicPropertyPointer.java,58,return true;
S1218,DynamicPropertyPointer.java,65,return getPropertyNames().length;
S1219,DynamicPropertyPointer.java,72,if (names == null) {
S1220,DynamicPropertyPointer.java,73,String allNames[] = handler.getPropertyNames(getBean());
S1221,DynamicPropertyPointer.java,74,names = new String[allNames.length];
S1222,DynamicPropertyPointer.java,75,for (int i = 0; i < names.length; i++) {
S1223,DynamicPropertyPointer.java,76,names[i] = allNames[i];
S1224,DynamicPropertyPointer.java,78,Arrays.sort(names);
S1225,DynamicPropertyPointer.java,79,if (requiredPropertyName != null) {
S1226,DynamicPropertyPointer.java,90,return names;
S1227,DynamicPropertyPointer.java,98,if (name == null) {
S1228,DynamicPropertyPointer.java,99,String names[] = getPropertyNames();
S1229,DynamicPropertyPointer.java,100,"name = propertyIndex >= 0 && propertyIndex < names.length ? names[propertyIndex] : ""*"";"
S1230,DynamicPropertyPointer.java,102,return name;
S1231,DynamicPropertyPointer.java,113,setPropertyIndex(UNSPECIFIED_PROPERTY);
S1232,DynamicPropertyPointer.java,114,this.name = propertyName;
S1233,DynamicPropertyPointer.java,115,requiredPropertyName = propertyName;
S1234,DynamicPropertyPointer.java,116,"if (names != null && Arrays.binarySearch(names, propertyName) < 0) {"
S1235,DynamicPropertyPointer.java,143,if (propertyIndex != index) {
S1236,DynamicPropertyPointer.java,144,super.setPropertyIndex(index);
S1237,DynamicPropertyPointer.java,145,name = null;
S1238,DynamicPropertyPointer.java,154,"return handler.getProperty(getBean(), getPropertyName());"
S1239,DynamicPropertyPointer.java,165,if (index == WHOLE_COLLECTION) {
S1240,DynamicPropertyPointer.java,166,value = ValueUtils.getValue(handler.getProperty(
S1241,DynamicPropertyPointer.java,171,value = ValueUtils.getValue(handler.getProperty(
S1242,DynamicPropertyPointer.java,175,return value;
S1243,DynamicPropertyPointer.java,183,return true;
S1244,DynamicPropertyPointer.java,192,if (index == WHOLE_COLLECTION) {
S1245,DynamicPropertyPointer.java,193,"handler.setProperty(getBean(), getPropertyName(), value);"
S1246,DynamicPropertyPointer.java,196,ValueUtils.setValue(
S1247,DynamicPropertyPointer.java,205,Object collection = getBaseValue();
S1248,DynamicPropertyPointer.java,206,if (collection == null) {
S1249,DynamicPropertyPointer.java,207,AbstractFactory factory = getAbstractFactory(context);
S1250,DynamicPropertyPointer.java,208,boolean success =
S1251,DynamicPropertyPointer.java,215,if (!success) {
S1252,DynamicPropertyPointer.java,219,collection = getBaseValue();
S1253,DynamicPropertyPointer.java,222,if (index != WHOLE_COLLECTION) {
S1254,DynamicPropertyPointer.java,223,if (index < 0) {
S1255,DynamicPropertyPointer.java,228,if (index >= getLength()) {
S1256,DynamicPropertyPointer.java,229,"collection = ValueUtils.expandCollection(collection, index + 1);"
S1257,DynamicPropertyPointer.java,230,"handler.setProperty(getBean(), getPropertyName(), collection);"
S1258,DynamicPropertyPointer.java,234,return this;
S1259,DynamicPropertyPointer.java,238,if (index == WHOLE_COLLECTION) {
S1260,DynamicPropertyPointer.java,239,"handler.setProperty(getBean(), getPropertyName(), value);"
S1261,DynamicPropertyPointer.java,242,createPath(context);
S1262,DynamicPropertyPointer.java,243,"ValueUtils.setValue(getBaseValue(), index, value);"
S1263,DynamicPropertyPointer.java,245,return this;
S1264,DynamicPropertyPointer.java,249,if (index == WHOLE_COLLECTION) {
S1265,DynamicPropertyPointer.java,250,removeKey();
S1266,DynamicPropertyPointer.java,252,else if (isCollection()) {
S1267,DynamicPropertyPointer.java,253,"Object collection = ValueUtils.remove(getBaseValue(), index);"
S1268,DynamicPropertyPointer.java,254,"handler.setProperty(getBean(), getPropertyName(), collection);"
S1269,DynamicPropertyPointer.java,262,Object bean = getBean();
S1270,DynamicPropertyPointer.java,263,if (bean instanceof Map) {
S1271,DynamicPropertyPointer.java,264,((Map) bean).remove(getPropertyName());
S1272,DynamicPropertyPointer.java,272,StringBuffer buffer = new StringBuffer();
S1273,DynamicPropertyPointer.java,273,buffer.append(getImmediateParentPointer().asPath());
S1274,DynamicPropertyPointer.java,274,if (buffer.length() == 0) {
S1275,DynamicPropertyPointer.java,277,else if (buffer.charAt(buffer.length() - 1) == '/') {
S1276,DynamicPropertyPointer.java,278,buffer.append('.');
S1277,DynamicPropertyPointer.java,280,"buffer.append(""[@name='"");"
S1278,DynamicPropertyPointer.java,281,buffer.append(escape(getPropertyName()));
S1279,DynamicPropertyPointer.java,282,"buffer.append(""']"");"
S1280,DynamicPropertyPointer.java,283,if (index != WHOLE_COLLECTION && isCollection()) {
S1281,DynamicPropertyPointer.java,284,buffer.append('[').append(index + 1).append(']');
S1282,DynamicPropertyPointer.java,286,return buffer.toString();
S1283,DynamicPropertyPointer.java,290,int index = string.indexOf('\'');
S1284,DynamicPropertyPointer.java,291,while (index != -1) {
S1285,DynamicPropertyPointer.java,292,string =
S1286,DynamicPropertyPointer.java,296,index = string.indexOf('\'');
S1287,DynamicPropertyPointer.java,298,"index = string.indexOf('\""');"
S1288,DynamicPropertyPointer.java,299,while (index != -1) {
S1289,DynamicPropertyPointer.java,300,string =
S1290,DynamicPropertyPointer.java,304,"index = string.indexOf('\""');"
S1291,DynamicPropertyPointer.java,306,return string;
S1292,DynamicPropertyPointer.java,310,AbstractFactory factory = context.getFactory();
S1293,DynamicPropertyPointer.java,311,if (factory == null) {
S1294,DynamicPropertyPointer.java,316,return factory;
S1295,EvalContext.java,49,protected int position = 0;
S1296,EvalContext.java,50,private boolean startedSetIteration = false;
S1297,EvalContext.java,51,private boolean done = false;
S1298,EvalContext.java,52,private boolean hasPerformedIteratorStep = false;
S1299,EvalContext.java,55,public EvalContext(EvalContext parentContext) {
S1300,EvalContext.java,56,this.parentContext = parentContext;
S1301,EvalContext.java,60,return getCurrentNodePointer();
S1302,EvalContext.java,64,return getRootContext().getJXPathContext();
S1303,EvalContext.java,78,return parentContext != null && parentContext.isChildOrderingRequired() ? 1 : 0;
S1304,EvalContext.java,89,return getDocumentOrder() != 0;
S1305,EvalContext.java,96,if (pointerIterator != null) {
S1306,EvalContext.java,97,return pointerIterator.hasNext();
S1307,EvalContext.java,99,if (getDocumentOrder() != 0) {
S1308,EvalContext.java,100,return constructIterator();
S1309,EvalContext.java,102,if (!done && !hasPerformedIteratorStep) {
S1310,EvalContext.java,103,performIteratorStep();
S1311,EvalContext.java,105,return !done;
S1312,EvalContext.java,112,if (pointerIterator != null) {
S1313,EvalContext.java,113,return pointerIterator.next();
S1314,EvalContext.java,116,if (getDocumentOrder() != 0) {
S1315,EvalContext.java,122,if (!done && !hasPerformedIteratorStep) {
S1316,EvalContext.java,125,if (done) {
S1317,EvalContext.java,128,hasPerformedIteratorStep = false;
S1318,EvalContext.java,129,return getCurrentNodePointer();
S1319,EvalContext.java,136,done = true;
S1320,EvalContext.java,137,if (position != 0 && nextNode()) {
S1321,EvalContext.java,138,done = false;
S1322,EvalContext.java,141,while (nextSet()) {
S1323,EvalContext.java,142,if (nextNode()) {
S1324,EvalContext.java,143,done = false;
S1325,EvalContext.java,144,break;
S1326,EvalContext.java,148,hasPerformedIteratorStep = true;
S1327,EvalContext.java,160,HashSet set = new HashSet();
S1328,EvalContext.java,161,ArrayList list = new ArrayList();
S1329,EvalContext.java,162,while (nextSet()) {
S1330,EvalContext.java,163,while (nextNode()) {
S1331,EvalContext.java,164,NodePointer pointer = getCurrentNodePointer();
S1332,EvalContext.java,165,if (!set.contains(pointer)) {
S1333,EvalContext.java,166,set.add(pointer);
S1334,EvalContext.java,167,list.add(pointer);
S1335,EvalContext.java,171,if (list.isEmpty()) {
S1336,EvalContext.java,172,return false;
S1337,EvalContext.java,175,if (getDocumentOrder() == 1) {
S1338,EvalContext.java,176,Collections.sort(list);
S1339,EvalContext.java,181,pointerIterator = list.iterator();
S1340,EvalContext.java,182,return true;
S1341,EvalContext.java,213,if (position != 0) {
S1342,EvalContext.java,219,BasicNodeSet set = new BasicNodeSet();
S1343,EvalContext.java,220,while (nextSet()) {
S1344,EvalContext.java,221,while (nextNode()) {
S1345,EvalContext.java,222,set.add((Pointer)getCurrentNodePointer().clone());
S1346,EvalContext.java,226,return set;
S1347,EvalContext.java,235,return getNodeSet();
S1348,EvalContext.java,249,if (rootContext == null) {
S1349,EvalContext.java,250,rootContext = parentContext.getRootContext();
S1350,EvalContext.java,252,return rootContext;
S1351,EvalContext.java,259,position = 0;
S1352,EvalContext.java,263,return position;
S1353,EvalContext.java,271,reset();
S1354,EvalContext.java,272,while (nextSet()) {
S1355,EvalContext.java,273,if (nextNode()) {
S1356,EvalContext.java,274,return getCurrentNodePointer();
S1357,EvalContext.java,277,return null;
S1358,EvalContext.java,291,reset(); // Restart iteration within the set
S1359,EvalContext.java,296,if (!startedSetIteration) {
S1360,EvalContext.java,297,startedSetIteration = true;
S1361,EvalContext.java,298,while (parentContext.nextSet()) {
S1362,EvalContext.java,299,if (parentContext.nextNode()) {
S1363,EvalContext.java,300,return true;
S1364,EvalContext.java,303,return false;
S1365,EvalContext.java,308,if (parentContext.nextNode()) {
S1366,EvalContext.java,309,return true;
S1367,EvalContext.java,314,while (parentContext.nextSet()) {
S1368,EvalContext.java,315,if (parentContext.nextNode()) {
S1369,EvalContext.java,316,return true;
S1370,EvalContext.java,319,return false;
S1371,EvalContext.java,335,this.position = position;
S1372,EvalContext.java,336,return true;
S1373,Expression.java,40,public abstract class Expression {
S1374,Expression.java,42,protected static final Double ZERO = new Double(0);
S1375,Expression.java,43,protected static final Double ONE = new Double(1);
S1376,Expression.java,44,protected static final Double NOT_A_NUMBER = new Double(Double.NaN);
S1377,Expression.java,46,private boolean contextDependencyKnown = false;
S1378,Expression.java,54,if (!contextDependencyKnown) {
S1379,Expression.java,55,contextDependent = computeContextDependent();
S1380,Expression.java,56,contextDependencyKnown = true;
S1381,Expression.java,58,return contextDependent;
S1382,Expression.java,74,Object result = compute(context);
S1383,Expression.java,75,if (result instanceof EvalContext) {
S1384,Expression.java,76,return new ValueIterator((EvalContext) result);
S1385,Expression.java,78,if (result instanceof NodeSet) {
S1386,Expression.java,79,return new ValueIterator(((NodeSet) result).getPointers().iterator());
S1387,Expression.java,81,return ValueUtils.iterate(result);
S1388,Expression.java,85,Object result = compute(context);
S1389,Expression.java,86,if (result == null) {
S1390,Expression.java,89,if (result instanceof EvalContext) {
S1391,Expression.java,90,return (EvalContext) result;
S1392,Expression.java,92,if (result instanceof NodeSet) {
S1393,Expression.java,97,"return new PointerIterator(ValueUtils.iterate(result),"
S1394,Expression.java,111,"public PointerIterator(Iterator it, QName qname, Locale locale) {"
S1395,Expression.java,112,this.iterator = it;
S1396,Expression.java,113,this.qname = qname;
S1397,Expression.java,114,this.locale = locale;
S1398,Expression.java,118,return iterator.hasNext();
S1399,Expression.java,122,Object o = iterator.next();
S1400,Expression.java,123,"return o instanceof Pointer ? o : NodePointer.newNodePointer(qname, o, locale);"
S1401,Expression.java,131,public static class ValueIterator implements Iterator {
S1402,Expression.java,134,public ValueIterator(Iterator it) {
S1403,Expression.java,135,this.iterator = it;
S1404,Expression.java,139,return iterator.hasNext();
S1405,Expression.java,143,Object o = iterator.next();
S1406,Expression.java,144,return o instanceof Pointer ? ((Pointer) o).getValue() : o;
S1407,ExpressionPath.java,40,private boolean basicKnown = false;
S1408,ExpressionPath.java,48,super(steps);
S1409,ExpressionPath.java,49,this.expression = expression;
S1410,ExpressionPath.java,50,this.predicates = predicates;
S1411,ExpressionPath.java,62,return predicates;
S1412,ExpressionPath.java,88,if (!basicKnown) {
S1413,ExpressionPath.java,89,basicKnown = true;
S1414,ExpressionPath.java,90,basic = isSimplePath() && areBasicPredicates(getPredicates());
S1415,ExpressionPath.java,92,return basic;
S1416,ExpressionPath.java,96,StringBuffer buffer = new StringBuffer();
S1417,ExpressionPath.java,97,if (expression instanceof CoreOperation
S1418,ExpressionPath.java,100,buffer.append('(');
S1419,ExpressionPath.java,101,buffer.append(expression);
S1420,ExpressionPath.java,102,buffer.append(')');
S1421,ExpressionPath.java,105,buffer.append(expression);
S1422,ExpressionPath.java,107,if (predicates != null) {
S1423,ExpressionPath.java,108,for (int i = 0; i < predicates.length; i++) {
S1424,ExpressionPath.java,109,buffer.append('[');
S1425,ExpressionPath.java,110,buffer.append(predicates[i]);
S1426,ExpressionPath.java,111,buffer.append(']');
S1427,ExpressionPath.java,115,Step steps[] = getSteps();
S1428,ExpressionPath.java,116,if (steps != null) {
S1429,ExpressionPath.java,117,for (int i = 0; i < steps.length; i++) {
S1430,ExpressionPath.java,118,"buffer.append(""/"");"
S1431,ExpressionPath.java,119,buffer.append(steps[i]);
S1432,ExpressionPath.java,122,return buffer.toString();
S1433,ExpressionPath.java,126,"return expressionPath(context, false);"
S1434,ExpressionPath.java,130,"return expressionPath(context, true);"
S1435,ExpressionPath.java,140,Object value = expression.compute(evalContext);
S1436,ExpressionPath.java,142,if (value instanceof InitialContext) {
S1437,ExpressionPath.java,145,context = (InitialContext) value;
S1438,ExpressionPath.java,147,else if (value instanceof EvalContext) {
S1439,ExpressionPath.java,150,context =
S1440,ExpressionPath.java,156,context = evalContext.getRootContext().getConstantContext(value);
S1441,ExpressionPath.java,159,if (firstMatch
S1442,ExpressionPath.java,162,EvalContext ctx = context;
S1443,ExpressionPath.java,163,NodePointer ptr = (NodePointer) ctx.getSingleNodePointer();
S1444,ExpressionPath.java,164,if (ptr != null
S1445,ExpressionPath.java,168,return SimplePathInterpreter.interpretSimpleExpressionPath(
S1446,ExpressionPath.java,175,if (predicates != null) {
S1447,ExpressionPath.java,176,for (int j = 0; j < predicates.length; j++) {
S1448,ExpressionPath.java,177,if (j != 0) {
S1449,ExpressionPath.java,180,"context = new PredicateContext(context, predicates[j]);"
S1450,ExpressionPath.java,183,return firstMatch ? (Object) getSingleNodePointerForSteps(context)
S1451,ExtensionFunction.java,38,super(args);
S1452,ExtensionFunction.java,39,this.functionName = functionName;
S1453,ExtensionFunction.java,51,return true;
S1454,ExtensionFunction.java,55,StringBuffer buffer = new StringBuffer();
S1455,ExtensionFunction.java,56,buffer.append(functionName);
S1456,ExtensionFunction.java,57,buffer.append('(');
S1457,ExtensionFunction.java,58,Expression args[] = getArguments();
S1458,ExtensionFunction.java,59,if (args != null) {
S1459,ExtensionFunction.java,60,for (int i = 0; i < args.length; i++) {
S1460,ExtensionFunction.java,61,if (i > 0) {
S1461,ExtensionFunction.java,62,"buffer.append("", "");"
S1462,ExtensionFunction.java,64,buffer.append(args[i]);
S1463,ExtensionFunction.java,67,buffer.append(')');
S1464,ExtensionFunction.java,68,return buffer.toString();
S1465,ExtensionFunction.java,72,return computeValue(context);
S1466,ExtensionFunction.java,76,Object[] parameters = null;
S1467,ExtensionFunction.java,77,if (args != null) {
S1468,ExtensionFunction.java,78,parameters = new Object[args.length];
S1469,ExtensionFunction.java,79,for (int i = 0; i < args.length; i++) {
S1470,ExtensionFunction.java,80,parameters[i] = convert(args[i].compute(context));
S1471,ExtensionFunction.java,84,Function function =
S1472,ExtensionFunction.java,86,if (function == null) {
S1473,ExtensionFunction.java,91,"return function.invoke(context, parameters);"
S1474,ExtensionFunction.java,95,return object instanceof EvalContext ? ((EvalContext) object).getValue() : object;
S1475,FunctionLibrary.java,34,public class FunctionLibrary implements Functions {
S1476,FunctionLibrary.java,35,private List allFunctions = new ArrayList();
S1477,FunctionLibrary.java,36,private HashMap byNamespace = null;
S1478,FunctionLibrary.java,42,allFunctions.add(functions);
S1479,FunctionLibrary.java,43,byNamespace = null;
S1480,FunctionLibrary.java,74,if (byNamespace == null) {
S1481,FunctionLibrary.java,75,prepareCache();
S1482,FunctionLibrary.java,77,Object candidates = byNamespace.get(namespace);
S1483,FunctionLibrary.java,78,if (candidates instanceof Functions) {
S1484,FunctionLibrary.java,79,return ((Functions) candidates).getFunction(
S1485,FunctionLibrary.java,84,if (candidates instanceof List) {
S1486,FunctionLibrary.java,85,List list = (List) candidates;
S1487,FunctionLibrary.java,86,int count = list.size();
S1488,FunctionLibrary.java,87,for (int i = 0; i < count; i++) {
S1489,FunctionLibrary.java,88,Function function =
S1490,FunctionLibrary.java,93,if (function != null) {
S1491,FunctionLibrary.java,94,return function;
S1492,FunctionLibrary.java,102,byNamespace = new HashMap();
S1493,FunctionLibrary.java,103,int count = allFunctions.size();
S1494,FunctionLibrary.java,104,for (int i = 0; i < count; i++) {
S1495,FunctionLibrary.java,105,Functions funcs = (Functions) allFunctions.get(i);
S1496,FunctionLibrary.java,106,Set namespaces = funcs.getUsedNamespaces();
S1497,FunctionLibrary.java,107,for (Iterator it = namespaces.iterator(); it.hasNext();) {
S1498,FunctionLibrary.java,108,String ns = (String) it.next();
S1499,FunctionLibrary.java,109,Object candidates = byNamespace.get(ns);
S1500,FunctionLibrary.java,110,if (candidates == null) {
S1501,FunctionLibrary.java,111,"byNamespace.put(ns, funcs);"
S1502,FunctionLibrary.java,113,else if (candidates instanceof Functions) {
S1503,FunctionLibrary.java,114,List lst = new ArrayList();
S1504,FunctionLibrary.java,115,lst.add(candidates);
S1505,FunctionLibrary.java,116,lst.add(funcs);
S1506,FunctionLibrary.java,117,"byNamespace.put(ns, lst);"
S1507,InfoSetUtil.java,31,private static final Double ZERO = new Double(0);
S1508,InfoSetUtil.java,32,private static final Double ONE = new Double(1);
S1509,InfoSetUtil.java,33,private static final Double NOT_A_NUMBER = new Double(Double.NaN);
S1510,InfoSetUtil.java,40,if (object instanceof String) {
S1511,InfoSetUtil.java,41,return (String) object;
S1512,InfoSetUtil.java,43,if (object instanceof Number) {
S1513,InfoSetUtil.java,44,double d = ((Number) object).doubleValue();
S1514,InfoSetUtil.java,45,long l = ((Number) object).longValue();
S1515,InfoSetUtil.java,46,return d == l ? String.valueOf(l) : String.valueOf(d);
S1516,InfoSetUtil.java,48,if (object instanceof Boolean) {
S1517,InfoSetUtil.java,51,if (object == null) {
S1518,InfoSetUtil.java,54,if (object instanceof NodePointer) {
S1519,InfoSetUtil.java,55,return stringValue(((NodePointer) object).getValue());
S1520,InfoSetUtil.java,57,if (object instanceof EvalContext) {
S1521,InfoSetUtil.java,58,EvalContext ctx = (EvalContext) object;
S1522,InfoSetUtil.java,59,Pointer ptr = ctx.getSingleNodePointer();
S1523,InfoSetUtil.java,60,"return ptr == null ? """" : stringValue(ptr);"
S1524,InfoSetUtil.java,62,return String.valueOf(object);
S1525,InfoSetUtil.java,69,if (object instanceof Number) {
S1526,InfoSetUtil.java,72,if (object instanceof Boolean) {
S1527,InfoSetUtil.java,73,return ((Boolean) object).booleanValue() ? ONE : ZERO;
S1528,InfoSetUtil.java,75,if (object instanceof String) {
S1529,InfoSetUtil.java,77,return new Double((String) object);
S1530,InfoSetUtil.java,83,if (object instanceof EvalContext) {
S1531,InfoSetUtil.java,84,EvalContext ctx = (EvalContext) object;
S1532,InfoSetUtil.java,85,Pointer ptr = ctx.getSingleNodePointer();
S1533,InfoSetUtil.java,86,return ptr == null ? NOT_A_NUMBER : number(ptr);
S1534,InfoSetUtil.java,88,if (object instanceof NodePointer) {
S1535,InfoSetUtil.java,89,return number(((NodePointer) object).getValue());
S1536,InfoSetUtil.java,98,if (object instanceof Number) {
S1537,InfoSetUtil.java,99,return ((Number) object).doubleValue();
S1538,InfoSetUtil.java,101,if (object instanceof Boolean) {
S1539,InfoSetUtil.java,102,return ((Boolean) object).booleanValue() ? 0.0 : 1.0;
S1540,InfoSetUtil.java,104,if (object instanceof String) {
S1541,InfoSetUtil.java,105,"if (object.equals("""")) {"
S1542,InfoSetUtil.java,109,return Double.parseDouble((String) object);
S1543,InfoSetUtil.java,115,if (object instanceof NodePointer) {
S1544,InfoSetUtil.java,116,return doubleValue(((NodePointer) object).getValue());
S1545,InfoSetUtil.java,118,if (object instanceof EvalContext) {
S1546,InfoSetUtil.java,119,EvalContext ctx = (EvalContext) object;
S1547,InfoSetUtil.java,120,Pointer ptr = ctx.getSingleNodePointer();
S1548,InfoSetUtil.java,121,return ptr == null ? Double.NaN : doubleValue(ptr);
S1549,InfoSetUtil.java,130,if (object instanceof Number) {
S1550,InfoSetUtil.java,131,double value = ((Number) object).doubleValue();
S1551,InfoSetUtil.java,132,return value != 0 && value != -0 && !Double.isNaN(value);
S1552,InfoSetUtil.java,134,if (object instanceof Boolean) {
S1553,InfoSetUtil.java,135,return ((Boolean) object).booleanValue();
S1554,InfoSetUtil.java,137,if (object instanceof EvalContext) {
S1555,InfoSetUtil.java,142,if (object instanceof String) {
S1556,InfoSetUtil.java,143,return ((String) object).length() != 0;
S1557,InfoSetUtil.java,145,if (object instanceof NodePointer) {
S1558,InfoSetUtil.java,146,NodePointer pointer = (NodePointer) object;
S1559,InfoSetUtil.java,147,if (pointer instanceof VariablePointer) {
S1560,InfoSetUtil.java,150,pointer = pointer.getValuePointer();
S1561,InfoSetUtil.java,151,return pointer.isActual();
S1562,InfoSetUtil.java,153,return object != null;
S1563,InitialContext.java,32,private boolean started = false;
S1564,InitialContext.java,37,super(parentContext);
S1565,InitialContext.java,38,nodePointer =
S1566,InitialContext.java,40,if (nodePointer != null) {
S1567,InitialContext.java,41,collection =
S1568,InitialContext.java,47,return nodePointer;
S1569,InitialContext.java,51,return nodePointer;
S1570,InitialContext.java,55,return nodePointer.getValue();
S1571,InitialContext.java,59,return setPosition(position + 1);
S1572,InitialContext.java,63,this.position = position;
S1573,InitialContext.java,64,if (collection) {
S1574,InitialContext.java,65,if (position >= 1 && position <= nodePointer.getLength()) {
S1575,InitialContext.java,66,nodePointer.setIndex(position - 1);
S1576,InitialContext.java,67,return true;
S1577,InitialContext.java,69,return false;
S1578,InitialContext.java,71,return position == 1;
S1579,InitialContext.java,75,if (started) {
S1580,InitialContext.java,76,return false;
S1581,InitialContext.java,78,started = true;
S1582,InitialContext.java,79,return true;
S1583,JDOMAttributeIterator.java,40,private int position = 0;
S1584,JDOMAttributeIterator.java,42,"public JDOMAttributeIterator(NodePointer parent, QName name) {"
S1585,JDOMAttributeIterator.java,43,this.parent = parent;
S1586,JDOMAttributeIterator.java,44,if (parent.getNode() instanceof Element) {
S1587,JDOMAttributeIterator.java,45,Element element = (Element) parent.getNode();
S1588,JDOMAttributeIterator.java,46,String prefix = name.getPrefix();
S1589,JDOMAttributeIterator.java,47,Namespace ns = null;
S1590,JDOMAttributeIterator.java,48,if (prefix != null) {
S1591,JDOMAttributeIterator.java,71,ns = Namespace.NO_NAMESPACE;
S1592,JDOMAttributeIterator.java,74,String lname = name.getName();
S1593,JDOMAttributeIterator.java,75,"if (!lname.equals(""*"")) {"
S1594,JDOMAttributeIterator.java,76,attributes = new ArrayList();
S1595,JDOMAttributeIterator.java,77,if (ns != null) {
S1596,JDOMAttributeIterator.java,78,"Attribute attr = element.getAttribute(lname, ns);"
S1597,JDOMAttributeIterator.java,79,if (attr != null) {
S1598,JDOMAttributeIterator.java,80,attributes.add(attr);
S1599,JDOMAttributeIterator.java,98,if (position == 0) {
S1600,JDOMAttributeIterator.java,104,int index = position - 1;
S1601,JDOMAttributeIterator.java,105,if (index < 0) {
S1602,JDOMAttributeIterator.java,108,return new JDOMAttributePointer(
S1603,JDOMAttributeIterator.java,114,return position;
S1604,JDOMAttributeIterator.java,118,if (attributes == null) {
S1605,JDOMAttributeIterator.java,121,this.position = position;
S1606,JDOMAttributeIterator.java,122,return position >= 1 && position <= attributes.size();
S1607,JDOMAttributePointer.java,34,super(parent);
S1608,JDOMAttributePointer.java,35,this.attr = attr;
S1609,JDOMAttributePointer.java,53,return attr.getValue();
S1610,JDOMAttributePointer.java,69,return attr;
S1611,JDOMAttributePointer.java,73,return true;
S1612,JDOMNodeIterator.java,39,private int position = 0;
S1613,JDOMNodeIterator.java,40,private int index = 0;
S1614,JDOMNodeIterator.java,48,this.parent = parent;
S1615,JDOMNodeIterator.java,49,if (startWith != null) {
S1616,JDOMNodeIterator.java,53,Object node = parent.getNode();
S1617,JDOMNodeIterator.java,54,if (node instanceof Document) {
S1618,JDOMNodeIterator.java,55,this.children = ((Document) node).getContent();
S1619,JDOMNodeIterator.java,57,else if (node instanceof Element) {
S1620,JDOMNodeIterator.java,58,this.children = ((Element) node).getContent();
S1621,JDOMNodeIterator.java,63,this.nodeTest = nodeTest;
S1622,JDOMNodeIterator.java,64,this.reverse = reverse;
S1623,JDOMNodeIterator.java,68,if (child == null) {
S1624,JDOMNodeIterator.java,69,if (!setPosition(1)) {
S1625,JDOMNodeIterator.java,72,position = 0;
S1626,JDOMNodeIterator.java,75,"return new JDOMNodePointer(parent, child);"
S1627,JDOMNodeIterator.java,79,return position;
S1628,JDOMNodeIterator.java,83,while (this.position < position) {
S1629,JDOMNodeIterator.java,84,if (!next()) {
S1630,JDOMNodeIterator.java,85,return false;
S1631,JDOMNodeIterator.java,88,while (this.position > position) {
S1632,JDOMNodeIterator.java,93,return true;
S1633,JDOMNodeIterator.java,124,position++;
S1634,JDOMNodeIterator.java,125,if (!reverse) {
S1635,JDOMNodeIterator.java,126,if (position == 1) {
S1636,JDOMNodeIterator.java,127,index = 0;
S1637,JDOMNodeIterator.java,128,if (child != null) {
S1638,JDOMNodeIterator.java,133,index++;
S1639,JDOMNodeIterator.java,135,for (; index < children.size(); index++) {
S1640,JDOMNodeIterator.java,136,child = children.get(index);
S1641,JDOMNodeIterator.java,137,if (testChild()) {
S1642,JDOMNodeIterator.java,138,return true;
S1643,JDOMNodeIterator.java,141,return false;
S1644,JDOMNodeIterator.java,164,"return JDOMNodePointer.testNode(parent, child, nodeTest);"
S1645,JDOMNodePointer.java,73,super(parent);
S1646,JDOMNodePointer.java,74,this.node = node;
S1647,JDOMNodePointer.java,82,"return new JDOMNodeIterator(this, test, reverse, startWith);"
S1648,JDOMNodePointer.java,86,"return new JDOMAttributeIterator(this, name);"
S1649,JDOMNodePointer.java,102,if (node instanceof Element) {
S1650,JDOMNodePointer.java,103,Element element = (Element) node;
S1651,JDOMNodePointer.java,104,String ns = element.getNamespaceURI();
S1652,JDOMNodePointer.java,105,"if (ns != null && ns.equals("""")) {"
S1653,JDOMNodePointer.java,106,ns = null;
S1654,JDOMNodePointer.java,108,return ns;
S1655,JDOMNodePointer.java,199,return 1;
S1656,JDOMNodePointer.java,203,if (node instanceof Element) {
S1657,JDOMNodePointer.java,204,return ((Element) node).getContent().size() == 0;
S1658,JDOMNodePointer.java,206,if (node instanceof Document) {
S1659,JDOMNodePointer.java,207,return ((Document) node).getContent().size() == 0;
S1660,JDOMNodePointer.java,235,return node;
S1661,JDOMNodePointer.java,239,if (node instanceof Element) {
S1662,JDOMNodePointer.java,240,StringBuffer buf = new StringBuffer();
S1663,JDOMNodePointer.java,241,"for (NodeIterator children = childIterator(null, false, null); children.setPosition(children.getPosition() + 1);) {"
S1664,JDOMNodePointer.java,242,NodePointer ptr = children.getNodePointer();
S1665,JDOMNodePointer.java,243,if (ptr.getImmediateNode() instanceof Element || ptr.getImmediateNode() instanceof Text) {
S1666,JDOMNodePointer.java,244,buf.append(ptr.getValue());
S1667,JDOMNodePointer.java,247,return buf.toString();
S1668,JDOMNodePointer.java,249,if (node instanceof Comment) {
S1669,JDOMNodePointer.java,256,String result = null;
S1670,JDOMNodePointer.java,257,if (node instanceof Text) {
S1671,JDOMNodePointer.java,258,result = ((Text) node).getText();
S1672,JDOMNodePointer.java,260,if (node instanceof ProcessingInstruction) {
S1673,JDOMNodePointer.java,263,"boolean trim = !""preserve"".equals(findEnclosingAttribute(node, ""space"", Namespace.XML_NAMESPACE));"
S1674,JDOMNodePointer.java,264,return result != null && trim ? result.trim() : result;
S1675,JDOMNodePointer.java,342,"return testNode(this, node, test);"
S1676,JDOMNodePointer.java,350,if (test == null) {
S1677,JDOMNodePointer.java,351,return true;
S1678,JDOMNodePointer.java,353,if (test instanceof NodeNameTest) {
S1679,JDOMNodePointer.java,354,if (!(node instanceof Element)) {
S1680,JDOMNodePointer.java,355,return false;
S1681,JDOMNodePointer.java,358,NodeNameTest nodeNameTest = (NodeNameTest) test;
S1682,JDOMNodePointer.java,359,QName testName = nodeNameTest.getNodeName();
S1683,JDOMNodePointer.java,360,String namespaceURI = nodeNameTest.getNamespaceURI();
S1684,JDOMNodePointer.java,361,boolean wildcard = nodeNameTest.isWildcard();
S1685,JDOMNodePointer.java,362,String testPrefix = testName.getPrefix();
S1686,JDOMNodePointer.java,363,if (wildcard && testPrefix == null) {
S1687,JDOMNodePointer.java,366,if (wildcard
S1688,JDOMNodePointer.java,369,String nodeNS = JDOMNodePointer.getNamespaceURI(node);
S1689,JDOMNodePointer.java,370,"return equalStrings(namespaceURI, nodeNS) || nodeNS == null"
S1690,JDOMNodePointer.java,373,return false;
S1691,JDOMNodePointer.java,375,if (test instanceof NodeTypeTest) {
S1692,JDOMNodePointer.java,376,switch (((NodeTypeTest) test).getNodeType()) {
S1693,JDOMNodePointer.java,378,return (node instanceof Element) || (node instanceof Document);
S1694,JDOMNodePointer.java,397,if (s1 == s2) {
S1695,JDOMNodePointer.java,398,return true;
S1696,JDOMNodePointer.java,418,if (node instanceof Element) {
S1697,JDOMNodePointer.java,419,return ((Element) node).getName();
S1698,JDOMNodePointer.java,442,while (n != null) {
S1699,JDOMNodePointer.java,443,if (n instanceof Element) {
S1700,JDOMNodePointer.java,444,Element e = (Element) n;
S1701,JDOMNodePointer.java,445,"String attr = e.getAttributeValue(attrName, ns);"
S1702,JDOMNodePointer.java,446,"if (attr != null && !attr.equals("""")) {"
S1703,JDOMNodePointer.java,447,return attr;
S1704,JDOMNodePointer.java,450,n = nodeParent(n);
S1705,JDOMNodePointer.java,456,if (node instanceof Element) {
S1706,JDOMNodePointer.java,460,if (node instanceof Text) {
S1707,JDOMNodePointer.java,461,return (Element) ((Text) node).getParent();
S1708,JDOMParser.java,30,public class JDOMParser extends XMLParser2 {
S1709,JDOMParser.java,33,if (!isNamespaceAware()) {
S1710,JDOMParser.java,39,SAXBuilder builder = new SAXBuilder();
S1711,JDOMParser.java,40,builder.setExpandEntities(isExpandEntityReferences());
S1712,JDOMParser.java,41,builder.setIgnoringElementContentWhitespace(
S1713,JDOMParser.java,43,builder.setValidation(isValidating());
S1714,JDOMParser.java,44,return builder.build(stream);
S1715,JDOMPointerFactory.java,33,public class JDOMPointerFactory implements NodePointerFactory {
S1716,JDOMPointerFactory.java,38,return JDOM_POINTER_FACTORY_ORDER;
S1717,JDOMPointerFactory.java,44,if (bean instanceof Document) {
S1718,JDOMPointerFactory.java,47,if (bean instanceof Element) {
S1719,JDOMPointerFactory.java,50,return null;
S1720,JDOMPointerFactory.java,56,if (bean instanceof Document) {
S1721,JDOMPointerFactory.java,57,"return new JDOMNodePointer(parent, bean);"
S1722,JDOMPointerFactory.java,59,if (bean instanceof Element) {
S1723,JDOMPointerFactory.java,62,return null;
S1724,JXPath11CompatibleTypeConverter.java,28,public class JXPath11CompatibleTypeConverter extends BasicTypeConverter {
S1725,JXPath11CompatibleTypeConverter.java,40,"return object instanceof NodeSet && toType.isInstance(object) ? object : super.convert(object, toType);"
S1726,JXPathAbstractFactoryException.java,32,super(message);
S1727,JXPathBasicBeanInfo.java,38,private boolean atomic = false;
S1728,JXPathBasicBeanInfo.java,44,public JXPathBasicBeanInfo(Class clazz) {
S1729,JXPathBasicBeanInfo.java,45,this.clazz = clazz;
S1730,JXPathBasicBeanInfo.java,48,"public JXPathBasicBeanInfo(Class clazz, boolean atomic) {"
S1731,JXPathBasicBeanInfo.java,49,this.clazz = clazz;
S1732,JXPathBasicBeanInfo.java,50,this.atomic = atomic;
S1733,JXPathBasicBeanInfo.java,53,"public JXPathBasicBeanInfo(Class clazz, Class dynamicPropertyHandlerClass) {"
S1734,JXPathBasicBeanInfo.java,54,this.clazz = clazz;
S1735,JXPathBasicBeanInfo.java,55,this.atomic = false;
S1736,JXPathBasicBeanInfo.java,56,this.dynamicPropertyHandlerClass = dynamicPropertyHandlerClass;
S1737,JXPathBasicBeanInfo.java,64,return atomic;
S1738,JXPathBasicBeanInfo.java,71,return dynamicPropertyHandlerClass != null;
S1739,JXPathBasicBeanInfo.java,75,if (propertyDescriptors == null) {
S1740,JXPathBasicBeanInfo.java,77,BeanInfo bi = null;
S1741,JXPathBasicBeanInfo.java,78,if (clazz.isInterface()) {
S1742,JXPathBasicBeanInfo.java,82,"bi = Introspector.getBeanInfo(clazz, Object.class);"
S1743,JXPathBasicBeanInfo.java,84,PropertyDescriptor[] pds = bi.getPropertyDescriptors();
S1744,JXPathBasicBeanInfo.java,85,PropertyDescriptor[] descriptors = new PropertyDescriptor[pds.length];
S1745,JXPathBasicBeanInfo.java,86,"System.arraycopy(pds, 0, descriptors, 0, pds.length);"
S1746,JXPathBasicBeanInfo.java,87,"Arrays.sort(descriptors, new Comparator() {"
S1747,JXPathBasicBeanInfo.java,89,return ((PropertyDescriptor) left).getName().compareTo(
S1748,JXPathBasicBeanInfo.java,93,propertyDescriptors = descriptors;
S1749,JXPathBasicBeanInfo.java,99,return propertyDescriptors;
S1750,JXPathBasicBeanInfo.java,103,if (propertyDescriptorMap == null) {
S1751,JXPathBasicBeanInfo.java,104,propertyDescriptorMap = new HashMap();
S1752,JXPathBasicBeanInfo.java,105,PropertyDescriptor[] pds = getPropertyDescriptors();
S1753,JXPathBasicBeanInfo.java,106,for (int i = 0; i < pds.length; i++) {
S1754,JXPathBasicBeanInfo.java,107,"propertyDescriptorMap.put(pds[i].getName(), pds[i]);"
S1755,JXPathBasicBeanInfo.java,110,return (PropertyDescriptor) propertyDescriptorMap.get(propertyName);
S1756,JXPathBasicBeanInfo.java,118,return dynamicPropertyHandlerClass;
S1757,JXPathCompiledExpression.java,37,"public JXPathCompiledExpression(String xpath, Expression expression) {"
S1758,JXPathCompiledExpression.java,38,this.xpath = xpath;
S1759,JXPathCompiledExpression.java,39,this.expression = expression;
S1760,JXPathCompiledExpression.java,47,return expression;
S1761,JXPathContext.java,389,private boolean lenientSet = false;
S1762,JXPathContext.java,390,private boolean lenient = false;
S1763,JXPathContext.java,398,private static final PackageFunctions GENERIC_FUNCTIONS =
S1764,JXPathContext.java,405,"return getContextFactory().newContext(null, contextBean);"
S1765,JXPathContext.java,417,"return getContextFactory().newContext(parentContext, contextBean);"
S1766,JXPathContext.java,424,if (contextFactory == null) {
S1767,JXPathContext.java,425,contextFactory = JXPathContextFactory.newInstance();
S1768,JXPathContext.java,427,return contextFactory;
S1769,JXPathContext.java,434,"protected JXPathContext(JXPathContext parentContext, Object contextBean) {"
S1770,JXPathContext.java,435,this.parentContext = parentContext;
S1771,JXPathContext.java,436,this.contextBean = contextBean;
S1772,JXPathContext.java,443,return parentContext;
S1773,JXPathContext.java,450,return contextBean;
S1774,JXPathContext.java,480,if (vars == null) {
S1775,JXPathContext.java,481,vars = new BasicVariables();
S1776,JXPathContext.java,483,return vars;
S1777,JXPathContext.java,492,this.functions = functions;
S1778,JXPathContext.java,499,if (functions != null) {
S1779,JXPathContext.java,500,return functions;
S1780,JXPathContext.java,502,if (parentContext == null) {
S1781,JXPathContext.java,503,return GENERIC_FUNCTIONS;
S1782,JXPathContext.java,514,this.factory = factory;
S1783,JXPathContext.java,523,if (factory == null && parentContext != null) {
S1784,JXPathContext.java,526,return factory;
S1785,JXPathContext.java,536,this.locale = locale;
S1786,JXPathContext.java,545,if (locale == null) {
S1787,JXPathContext.java,546,if (parentContext != null) {
S1788,JXPathContext.java,547,return parentContext.getLocale();
S1789,JXPathContext.java,549,locale = Locale.getDefault();
S1790,JXPathContext.java,551,return locale;
S1791,JXPathContext.java,566,if (decimalFormats == null) {
S1792,JXPathContext.java,567,decimalFormats = new HashMap();
S1793,JXPathContext.java,569,"decimalFormats.put(name, symbols);"
S1794,JXPathContext.java,576,if (decimalFormats == null) {
S1795,JXPathContext.java,579,return (DecimalFormatSymbols) decimalFormats.get(name);
S1796,JXPathContext.java,592,this.lenient = lenient;
S1797,JXPathContext.java,593,lenientSet = true;
S1798,JXPathContext.java,600,if (!lenientSet && parentContext != null) {
S1799,JXPathContext.java,603,return lenient;
S1800,JXPathContext.java,614,if (compilationContext == null) {
S1801,JXPathContext.java,615,compilationContext = JXPathContext.newContext(null);
S1802,JXPathContext.java,617,return compilationContext.compilePath(xpath);
S1803,JXPathContext.java,742,this.idManager = idManager;
S1804,JXPathContext.java,750,if (idManager == null && parentContext != null) {
S1805,JXPathContext.java,753,return idManager;
S1806,JXPathContext.java,762,IdentityManager manager = getIdentityManager();
S1807,JXPathContext.java,763,if (manager != null) {
S1808,JXPathContext.java,764,"return manager.getPointerByID(this, id);"
S1809,JXPathContext.java,776,this.keyManager = keyManager;
S1810,JXPathContext.java,784,if (keyManager == null && parentContext != null) {
S1811,JXPathContext.java,787,return keyManager;
S1812,JXPathContext.java,809,KeyManager manager = getKeyManager();
S1813,JXPathContext.java,810,if (manager != null) {
S1814,JXPathContext.java,811,return KeyManagerUtils.getExtendedKeyManager(manager)
S1815,JXPathContextFactory.java,56,private static String factoryImplName = null;
S1816,JXPathContextFactory.java,58,protected JXPathContextFactory () {
S1817,JXPathContextFactory.java,98,if (factoryImplName == null) {
S1818,JXPathContextFactory.java,99,factoryImplName =
S1819,JXPathContextFactory.java,105,Class clazz = Class.forName(factoryImplName);
S1820,JXPathContextFactory.java,106,factoryImpl = (JXPathContextFactory) clazz.newInstance();
S1821,JXPathContextFactory.java,117,return factoryImpl;
S1822,JXPathContextFactory.java,140,private static boolean debug = false;
S1823,JXPathContextFactory.java,143,"debug = System.getProperty(""jxpath.debug"") != null;"
S1824,JXPathContextFactory.java,160,String systemProp = System.getProperty(property);
S1825,JXPathContextFactory.java,161,if (systemProp != null) {
S1826,JXPathContextFactory.java,176,"String javah = System.getProperty(""java.home"");"
S1827,JXPathContextFactory.java,177,String configFile =
S1828,JXPathContextFactory.java,183,File f = new File(configFile);
S1829,JXPathContextFactory.java,184,if (f.exists()) {
S1830,JXPathContextFactory.java,203,"String serviceId = ""META-INF/services/"" + property;"
S1831,JXPathContextFactory.java,206,ClassLoader cl = JXPathContextFactory.class.getClassLoader();
S1832,JXPathContextFactory.java,207,InputStream is = null;
S1833,JXPathContextFactory.java,208,if (cl == null) {
S1834,JXPathContextFactory.java,212,is = cl.getResourceAsStream(serviceId);
S1835,JXPathContextFactory.java,215,if (is != null) {
S1836,JXPathContextFactory.java,240,return defaultFactory;
S1837,JXPathContextFactoryReferenceImpl.java,31,public JXPathContextFactoryReferenceImpl() {
S1838,JXPathContextFactoryReferenceImpl.java,39,"return new JXPathContextReferenceImpl(parentContext, contextBean);"
S1839,JXPathContextReferenceImpl.java,70,private static final Compiler COMPILER = new TreeCompiler();
S1840,JXPathContextReferenceImpl.java,71,private static Map compiled = new HashMap();
S1841,JXPathContextReferenceImpl.java,72,private static int cleanupCount = 0;
S1842,JXPathContextReferenceImpl.java,74,private static final Vector nodeFactories = new Vector();
S1843,JXPathContextReferenceImpl.java,75,private static NodePointerFactory nodeFactoryArray[] = null;
S1844,JXPathContextReferenceImpl.java,77,nodeFactories.add(new CollectionPointerFactory());
S1845,JXPathContextReferenceImpl.java,78,nodeFactories.add(new BeanPointerFactory());
S1846,JXPathContextReferenceImpl.java,79,nodeFactories.add(new DynamicPointerFactory());
S1847,JXPathContextReferenceImpl.java,80,nodeFactories.add(new VariablePointerFactory());
S1848,JXPathContextReferenceImpl.java,83,Object domFactory = allocateConditionally(
S1849,JXPathContextReferenceImpl.java,86,if (domFactory != null) {
S1850,JXPathContextReferenceImpl.java,87,nodeFactories.add(domFactory);
S1851,JXPathContextReferenceImpl.java,91,Object jdomFactory = allocateConditionally(
S1852,JXPathContextReferenceImpl.java,94,if (jdomFactory != null) {
S1853,JXPathContextReferenceImpl.java,95,nodeFactories.add(jdomFactory);
S1854,JXPathContextReferenceImpl.java,99,Object dynaBeanFactory =
S1855,JXPathContextReferenceImpl.java,104,if (dynaBeanFactory != null) {
S1856,JXPathContextReferenceImpl.java,105,nodeFactories.add(dynaBeanFactory);
S1857,JXPathContextReferenceImpl.java,108,nodeFactories.add(new ContainerPointerFactory());
S1858,JXPathContextReferenceImpl.java,109,createNodeFactoryArray();
S1859,JXPathContextReferenceImpl.java,123,"this(parentContext, contextBean, null);"
S1860,JXPathContextReferenceImpl.java,131,"super(parentContext, contextBean);"
S1861,JXPathContextReferenceImpl.java,133,synchronized (nodeFactories) {
S1862,JXPathContextReferenceImpl.java,134,createNodeFactoryArray();
S1863,JXPathContextReferenceImpl.java,137,if (contextPointer != null) {
S1864,JXPathContextReferenceImpl.java,146,this.contextPointer =
S1865,JXPathContextReferenceImpl.java,151,this.rootPointer = this.contextPointer;
S1866,JXPathContextReferenceImpl.java,154,NamespaceResolver parentNR = null;
S1867,JXPathContextReferenceImpl.java,155,if (parentContext instanceof JXPathContextReferenceImpl) {
S1868,JXPathContextReferenceImpl.java,156,parentNR = ((JXPathContextReferenceImpl) parentContext).getNamespaceResolver();
S1869,JXPathContextReferenceImpl.java,158,namespaceResolver = new NamespaceResolver(parentNR);
S1870,JXPathContextReferenceImpl.java,159,namespaceResolver
S1871,JXPathContextReferenceImpl.java,164,if (nodeFactoryArray == null) {
S1872,JXPathContextReferenceImpl.java,165,nodeFactoryArray =
S1873,JXPathContextReferenceImpl.java,168,"Arrays.sort(nodeFactoryArray, new Comparator() {"
S1874,JXPathContextReferenceImpl.java,170,int orderA = ((NodePointerFactory) a).getOrder();
S1875,JXPathContextReferenceImpl.java,171,int orderB = ((NodePointerFactory) b).getOrder();
S1876,JXPathContextReferenceImpl.java,172,return orderA - orderB;
S1877,JXPathContextReferenceImpl.java,191,return nodeFactoryArray;
S1878,JXPathContextReferenceImpl.java,200,return COMPILER;
S1879,JXPathContextReferenceImpl.java,204,"return new JXPathCompiledExpression(xpath, compileExpression(xpath));"
S1880,JXPathContextReferenceImpl.java,210,synchronized (compiled) {
S1881,JXPathContextReferenceImpl.java,212,expr = null;
S1882,JXPathContextReferenceImpl.java,213,SoftReference ref = (SoftReference) compiled.get(xpath);
S1883,JXPathContextReferenceImpl.java,214,if (ref != null) {
S1884,JXPathContextReferenceImpl.java,215,expr = (Expression) ref.get();
S1885,JXPathContextReferenceImpl.java,223,if (expr != null) {
S1886,JXPathContextReferenceImpl.java,224,return expr;
S1887,JXPathContextReferenceImpl.java,227,"expr = (Expression) Parser.parseExpression(xpath, getCompiler());"
S1888,JXPathContextReferenceImpl.java,229,synchronized (compiled) {
S1889,JXPathContextReferenceImpl.java,231,if (cleanupCount++ >= CLEANUP_THRESHOLD) {
S1890,JXPathContextReferenceImpl.java,232,Iterator it = compiled.entrySet().iterator();
S1891,JXPathContextReferenceImpl.java,233,while (it.hasNext()) {
S1892,JXPathContextReferenceImpl.java,234,Entry me = (Entry) it.next();
S1893,JXPathContextReferenceImpl.java,235,if (((SoftReference) me.getValue()).get() == null) {
S1894,JXPathContextReferenceImpl.java,239,cleanupCount = 0;
S1895,JXPathContextReferenceImpl.java,241,"compiled.put(xpath, new SoftReference(expr));"
S1896,JXPathContextReferenceImpl.java,248,return expr;
S1897,JXPathContextReferenceImpl.java,256,Expression expression = compileExpression(xpath);
S1898,JXPathContextReferenceImpl.java,289,"return getValue(xpath, expression);"
S1899,JXPathContextReferenceImpl.java,323,Object result = expr.computeValue(getEvalContext());
S1900,JXPathContextReferenceImpl.java,324,if (result == null) {
S1901,JXPathContextReferenceImpl.java,325,if (expr instanceof Path) {
S1902,JXPathContextReferenceImpl.java,331,return null;
S1903,JXPathContextReferenceImpl.java,333,if (result instanceof EvalContext) {
S1904,JXPathContextReferenceImpl.java,334,EvalContext ctx = (EvalContext) result;
S1905,JXPathContextReferenceImpl.java,335,result = ctx.getSingleNodePointer();
S1906,JXPathContextReferenceImpl.java,336,if (!isLenient() && result == null) {
S1907,JXPathContextReferenceImpl.java,341,if (result instanceof NodePointer) {
S1908,JXPathContextReferenceImpl.java,342,result = ((NodePointer) result).getValuePointer();
S1909,JXPathContextReferenceImpl.java,343,if (!isLenient() && !((NodePointer) result).isActual()) {
S1910,JXPathContextReferenceImpl.java,350,NodePointer parent =
S1911,JXPathContextReferenceImpl.java,352,if (parent == null
S1912,JXPathContextReferenceImpl.java,355,"throw new JXPathNotFoundException(""No value for xpath: """
S1913,JXPathContextReferenceImpl.java,359,result = ((NodePointer) result).getValue();
S1914,JXPathContextReferenceImpl.java,361,return result;
S1915,JXPathContextReferenceImpl.java,369,Expression expr = compileExpression(xpath);
S1916,JXPathContextReferenceImpl.java,370,"return getValue(xpath, expr, requiredType);"
S1917,JXPathContextReferenceImpl.java,374,"Object value = getValue(xpath, expr);"
S1918,JXPathContextReferenceImpl.java,375,if (value != null && requiredType != null) {
S1919,JXPathContextReferenceImpl.java,376,"if (!TypeUtils.canConvert(value, requiredType)) {"
S1920,JXPathContextReferenceImpl.java,385,"value = TypeUtils.convert(value, requiredType);"
S1921,JXPathContextReferenceImpl.java,387,return value;
S1922,JXPathContextReferenceImpl.java,396,"return iterate(xpath, compileExpression(xpath));"
S1923,JXPathContextReferenceImpl.java,400,return expr.iterate(getEvalContext());
S1924,JXPathContextReferenceImpl.java,404,"return getPointer(xpath, compileExpression(xpath));"
S1925,JXPathContextReferenceImpl.java,408,Object result = expr.computeValue(getEvalContext());
S1926,JXPathContextReferenceImpl.java,409,if (result instanceof EvalContext) {
S1927,JXPathContextReferenceImpl.java,410,result = ((EvalContext) result).getSingleNodePointer();
S1928,JXPathContextReferenceImpl.java,412,if (result instanceof Pointer) {
S1929,JXPathContextReferenceImpl.java,413,if (!isLenient() && !((NodePointer) result).isActual()) {
S1930,JXPathContextReferenceImpl.java,417,return (Pointer) result;
S1931,JXPathContextReferenceImpl.java,419,"return NodePointer.newNodePointer(null, result, getLocale());"
S1932,JXPathContextReferenceImpl.java,423,"setValue(xpath, compileExpression(xpath), value);"
S1933,JXPathContextReferenceImpl.java,428,"setValue(xpath, expr, value, false);"
S1934,JXPathContextReferenceImpl.java,430,catch (Throwable ex) {
S1935,JXPathContextReferenceImpl.java,431,throw new JXPathException(
S1936,JXPathContextReferenceImpl.java,437,"return createPath(xpath, compileExpression(xpath));"
S1937,JXPathContextReferenceImpl.java,442,Object result = expr.computeValue(getEvalContext());
S1938,JXPathContextReferenceImpl.java,443,Pointer pointer = null;
S1939,JXPathContextReferenceImpl.java,445,if (result instanceof Pointer) {
S1940,JXPathContextReferenceImpl.java,446,pointer = (Pointer) result;
S1941,JXPathContextReferenceImpl.java,448,else if (result instanceof EvalContext) {
S1942,JXPathContextReferenceImpl.java,449,EvalContext ctx = (EvalContext) result;
S1943,JXPathContextReferenceImpl.java,450,pointer = ctx.getSingleNodePointer();
S1944,JXPathContextReferenceImpl.java,457,return ((NodePointer) pointer).createPath(this);
S1945,JXPathContextReferenceImpl.java,459,catch (Throwable ex) {
S1946,JXPathContextReferenceImpl.java,460,throw new JXPathException(
S1947,JXPathContextReferenceImpl.java,467,"return createPathAndSetValue(xpath, compileExpression(xpath), value);"
S1948,JXPathContextReferenceImpl.java,476,"return setValue(xpath, expr, value, true);"
S1949,JXPathContextReferenceImpl.java,491,Object result = expr.computeValue(getEvalContext());
S1950,JXPathContextReferenceImpl.java,492,Pointer pointer = null;
S1951,JXPathContextReferenceImpl.java,494,if (result instanceof Pointer) {
S1952,JXPathContextReferenceImpl.java,495,pointer = (Pointer) result;
S1953,JXPathContextReferenceImpl.java,497,else if (result instanceof EvalContext) {
S1954,JXPathContextReferenceImpl.java,498,EvalContext ctx = (EvalContext) result;
S1955,JXPathContextReferenceImpl.java,499,pointer = ctx.getSingleNodePointer();
S1956,JXPathContextReferenceImpl.java,509,if (create) {
S1957,JXPathContextReferenceImpl.java,510,"pointer = ((NodePointer) pointer).createPath(this, value);"
S1958,JXPathContextReferenceImpl.java,513,pointer.setValue(value);
S1959,JXPathContextReferenceImpl.java,515,return pointer;
S1960,JXPathContextReferenceImpl.java,539,"return iteratePointers(xpath, compileExpression(xpath));"
S1961,JXPathContextReferenceImpl.java,543,return expr.iteratePointers(getEvalContext());
S1962,JXPathContextReferenceImpl.java,547,"removePath(xpath, compileExpression(xpath));"
S1963,JXPathContextReferenceImpl.java,552,"NodePointer pointer = (NodePointer) getPointer(xpath, expr);"
S1964,JXPathContextReferenceImpl.java,553,if (pointer != null) {
S1965,JXPathContextReferenceImpl.java,554,((NodePointer) pointer).remove();
S1966,JXPathContextReferenceImpl.java,603,return contextPointer;
S1967,JXPathContextReferenceImpl.java,607,return (NodePointer) rootPointer;
S1968,JXPathContextReferenceImpl.java,611,"return new InitialContext(new RootContext(this,"
S1969,JXPathContextReferenceImpl.java,616,"return new InitialContext(new RootContext(this,"
S1970,JXPathContextReferenceImpl.java,621,"return NodePointer.newNodePointer(name, VariablePointerFactory"
S1971,JXPathContextReferenceImpl.java,626,String namespace = functionName.getPrefix();
S1972,JXPathContextReferenceImpl.java,627,String name = functionName.getName();
S1973,JXPathContextReferenceImpl.java,628,JXPathContext funcCtx = this;
S1974,JXPathContextReferenceImpl.java,629,Function func = null;
S1975,JXPathContextReferenceImpl.java,631,while (funcCtx != null) {
S1976,JXPathContextReferenceImpl.java,632,funcs = funcCtx.getFunctions();
S1977,JXPathContextReferenceImpl.java,633,if (funcs != null) {
S1978,JXPathContextReferenceImpl.java,634,"func = funcs.getFunction(namespace, name, parameters);"
S1979,JXPathContextReferenceImpl.java,635,if (func != null) {
S1980,JXPathContextReferenceImpl.java,636,return func;
S1981,JXPathContextReferenceImpl.java,646,if (namespaceResolver.isSealed()) {
S1982,JXPathContextReferenceImpl.java,649,"namespaceResolver.registerNamespace(prefix, namespaceURI);"
S1983,JXPathContextReferenceImpl.java,653,return namespaceResolver.getNamespaceURI(prefix);
S1984,JXPathContextReferenceImpl.java,676,namespaceResolver.seal();
S1985,JXPathContextReferenceImpl.java,677,return namespaceResolver;
S1986,JXPathContextReferenceImpl.java,690,Class.forName(existenceCheckClassName);
S1987,JXPathContextReferenceImpl.java,695,Class cls = Class.forName(className);
S1988,JXPathContextReferenceImpl.java,696,return cls.newInstance();
S1989,JXPathException.java,49,super(msg);
S1990,JXPathException.java,50,this.exception = null;
S1991,JXPathException.java,75,super(msg);
S1992,JXPathException.java,76,this.exception = e;
S1993,JXPathException.java,88,String message = super.getMessage();
S1994,JXPathException.java,89,if (exception == null) {
S1995,JXPathException.java,90,return message;
S1996,JXPathException.java,115,return exception;
S1997,JXPathIntrospector.java,32,private static HashMap byClass = new HashMap();
S1998,JXPathIntrospector.java,33,private static HashMap byInterface = new HashMap();
S1999,JXPathIntrospector.java,36,registerAtomicClass(Class.class);
S2000,JXPathIntrospector.java,37,registerAtomicClass(Boolean.TYPE);
S2001,JXPathIntrospector.java,38,registerAtomicClass(Boolean.class);
S2002,JXPathIntrospector.java,39,registerAtomicClass(Byte.TYPE);
S2003,JXPathIntrospector.java,40,registerAtomicClass(Byte.class);
S2004,JXPathIntrospector.java,41,registerAtomicClass(Character.TYPE);
S2005,JXPathIntrospector.java,42,registerAtomicClass(Character.class);
S2006,JXPathIntrospector.java,43,registerAtomicClass(Short.TYPE);
S2007,JXPathIntrospector.java,44,registerAtomicClass(Short.class);
S2008,JXPathIntrospector.java,45,registerAtomicClass(Integer.TYPE);
S2009,JXPathIntrospector.java,46,registerAtomicClass(Integer.class);
S2010,JXPathIntrospector.java,47,registerAtomicClass(Long.TYPE);
S2011,JXPathIntrospector.java,48,registerAtomicClass(Long.class);
S2012,JXPathIntrospector.java,49,registerAtomicClass(Float.TYPE);
S2013,JXPathIntrospector.java,50,registerAtomicClass(Float.class);
S2014,JXPathIntrospector.java,51,registerAtomicClass(Double.TYPE);
S2015,JXPathIntrospector.java,52,registerAtomicClass(Double.class);
S2016,JXPathIntrospector.java,53,registerAtomicClass(String.class);
S2017,JXPathIntrospector.java,54,registerAtomicClass(Date.class);
S2018,JXPathIntrospector.java,55,registerAtomicClass(java.sql.Date.class);
S2019,JXPathIntrospector.java,56,registerAtomicClass(java.sql.Time.class);
S2020,JXPathIntrospector.java,57,registerAtomicClass(java.sql.Timestamp.class);
S2021,JXPathIntrospector.java,59,"registerDynamicClass(Map.class, MapDynamicPropertyHandler.class);"
S2022,JXPathIntrospector.java,67,"byClass.put(beanClass, new JXPathBasicBeanInfo(beanClass, true));"
S2023,JXPathIntrospector.java,78,JXPathBasicBeanInfo bi =
S2024,JXPathIntrospector.java,80,if (beanClass.isInterface()) {
S2025,JXPathIntrospector.java,81,"byInterface.put(beanClass, bi);"
S2026,JXPathIntrospector.java,102,JXPathBeanInfo beanInfo = (JXPathBeanInfo) byClass.get(beanClass);
S2027,JXPathIntrospector.java,103,if (beanInfo == null) {
S2028,JXPathIntrospector.java,104,beanInfo = findDynamicBeanInfo(beanClass);
S2029,JXPathIntrospector.java,105,if (beanInfo == null) {
S2030,JXPathIntrospector.java,106,beanInfo = findInformant(beanClass);
S2031,JXPathIntrospector.java,107,if (beanInfo == null) {
S2032,JXPathIntrospector.java,108,beanInfo = new JXPathBasicBeanInfo(beanClass);
S2033,JXPathIntrospector.java,111,"byClass.put(beanClass, beanInfo);"
S2034,JXPathIntrospector.java,113,return beanInfo;
S2035,JXPathIntrospector.java,121,JXPathBeanInfo beanInfo = null;
S2036,JXPathIntrospector.java,122,if (beanClass.isInterface()) {
S2037,JXPathIntrospector.java,123,beanInfo = (JXPathBeanInfo) byInterface.get(beanClass);
S2038,JXPathIntrospector.java,124,if (beanInfo != null && beanInfo.isDynamic()) {
S2039,JXPathIntrospector.java,125,return beanInfo;
S2040,JXPathIntrospector.java,129,Class interfaces[] = beanClass.getInterfaces();
S2041,JXPathIntrospector.java,130,if (interfaces != null) {
S2042,JXPathIntrospector.java,131,for (int i = 0; i < interfaces.length; i++) {
S2043,JXPathIntrospector.java,132,beanInfo = findDynamicBeanInfo(interfaces[i]);
S2044,JXPathIntrospector.java,133,if (beanInfo != null && beanInfo.isDynamic()) {
S2045,JXPathIntrospector.java,134,return beanInfo;
S2046,JXPathIntrospector.java,139,Class sup = beanClass.getSuperclass();
S2047,JXPathIntrospector.java,140,if (sup != null) {
S2048,JXPathIntrospector.java,141,beanInfo = (JXPathBeanInfo) byClass.get(sup);
S2049,JXPathIntrospector.java,142,if (beanInfo != null && beanInfo.isDynamic()) {
S2050,JXPathIntrospector.java,145,return findDynamicBeanInfo(sup);
S2051,JXPathIntrospector.java,147,return null;
S2052,JXPathIntrospector.java,151,"String name = beanClass.getName() + ""XBeanInfo"";"
S2053,JXPathIntrospector.java,153,"return (JXPathBeanInfo) instantiate(beanClass, name);"
S2054,JXPathIntrospector.java,155,catch (Exception ex) {
S2055,JXPathIntrospector.java,161,if (JXPathBeanInfo.class.isAssignableFrom(beanClass)) {
S2056,JXPathIntrospector.java,169,return null;
S2057,JXPathIntrospector.java,182,ClassLoader cl = sibling.getClassLoader();
S2058,JXPathIntrospector.java,183,if (cl != null) {
S2059,JXPathIntrospector.java,185,Class cls = cl.loadClass(className);
S2060,JXPathIntrospector.java,188,catch (Exception ex) {
S2061,JXPathIntrospector.java,194,Class cls = Class.forName(className);
S2062,JXPathNotFoundException.java,31,super(message);
S2063,KeyManagerUtils.java,38,public SingleNodeExtendedKeyManager(KeyManager delegate) {
S2064,KeyManagerUtils.java,39,this.delegate = delegate;
S2065,KeyManagerUtils.java,44,"Pointer pointer = delegate.getPointerByKey(context, key, InfoSetUtil.stringValue(value));"
S2066,KeyManagerUtils.java,45,BasicNodeSet result = new BasicNodeSet();
S2067,KeyManagerUtils.java,46,result.add(pointer);
S2068,KeyManagerUtils.java,47,return result;
S2069,KeyManagerUtils.java,64,return keyManager instanceof ExtendedKeyManager ? (ExtendedKeyManager) keyManager
S2070,LocationPath.java,31,super(steps);
S2071,LocationPath.java,32,this.absolute = absolute;
S2072,LocationPath.java,36,return absolute;
S2073,LocationPath.java,40,return !absolute || super.computeContextDependent();
S2074,LocationPath.java,44,StringBuffer buffer = new StringBuffer();
S2075,LocationPath.java,45,Step steps[] = getSteps();
S2076,LocationPath.java,46,if (steps != null) {
S2077,LocationPath.java,47,for (int i = 0; i < steps.length; i++) {
S2078,LocationPath.java,48,if (i > 0 || absolute) {
S2079,LocationPath.java,49,buffer.append('/');
S2080,LocationPath.java,51,buffer.append(steps[i]);
S2081,LocationPath.java,54,return buffer.toString();
S2082,LocationPath.java,60,if (isAbsolute()) {
S2083,LocationPath.java,61,rootContext = context.getRootContext().getAbsoluteRootContext();
S2084,LocationPath.java,64,rootContext = new InitialContext(context);
S2085,LocationPath.java,66,return evalSteps(rootContext);
S2086,LocationPath.java,73,if (isAbsolute()) {
S2087,LocationPath.java,74,rootContext = context.getRootContext().getAbsoluteRootContext();
S2088,LocationPath.java,77,rootContext = new InitialContext(context);
S2089,LocationPath.java,79,return getSingleNodePointerForSteps(rootContext);
S2090,MapDynamicPropertyHandler.java,29,public class MapDynamicPropertyHandler implements DynamicPropertyHandler {
S2091,MapDynamicPropertyHandler.java,35,Map map = (Map) object;
S2092,MapDynamicPropertyHandler.java,36,Set set = map.keySet();
S2093,MapDynamicPropertyHandler.java,37,String names[] = new String[set.size()];
S2094,MapDynamicPropertyHandler.java,38,Iterator it = set.iterator();
S2095,MapDynamicPropertyHandler.java,39,for (int i = 0; i < names.length; i++) {
S2096,MapDynamicPropertyHandler.java,40,names[i] = String.valueOf(it.next());
S2097,MapDynamicPropertyHandler.java,42,return names;
S2098,MapDynamicPropertyHandler.java,49,return ((Map) object).get(propertyName);
S2099,MapDynamicPropertyHandler.java,56,"((Map) object).put(propertyName, value);"
S2100,MethodFunction.java,38,private static final Object EMPTY_ARRAY[] = new Object[0];
S2101,MethodFunction.java,40,public MethodFunction(Method method) {
S2102,MethodFunction.java,41,this.method = ValueUtils.getAccessibleMethod(method);
S2103,MethodFunction.java,48,if (Modifier.isStatic(method.getModifiers())) {
S2104,MethodFunction.java,49,target = null;
S2105,MethodFunction.java,50,if (parameters == null) {
S2106,MethodFunction.java,51,parameters = EMPTY_ARRAY;
S2107,MethodFunction.java,53,int pi = 0;
S2108,MethodFunction.java,54,Class types[] = method.getParameterTypes();
S2109,MethodFunction.java,55,if (types.length >= 1
S2110,MethodFunction.java,57,pi = 1;
S2111,MethodFunction.java,59,args = new Object[parameters.length + pi];
S2112,MethodFunction.java,60,if (pi == 1) {
S2113,MethodFunction.java,61,args[0] = context;
S2114,MethodFunction.java,63,for (int i = 0; i < parameters.length; i++) {
S2115,MethodFunction.java,64,args[i + pi] =
S2116,MethodFunction.java,69,int pi = 0;
S2117,MethodFunction.java,70,Class types[] = method.getParameterTypes();
S2118,MethodFunction.java,71,if (types.length >= 1
S2119,MethodFunction.java,73,pi = 1;
S2120,MethodFunction.java,75,target =
S2121,MethodFunction.java,79,args = new Object[parameters.length - 1 + pi];
S2122,MethodFunction.java,80,if (pi == 1) {
S2123,MethodFunction.java,81,args[0] = context;
S2124,MethodFunction.java,83,for (int i = 1; i < parameters.length; i++) {
S2125,MethodFunction.java,84,args[pi + i - 1] =
S2126,MethodFunction.java,89,"return method.invoke(target, args);"
S2127,MethodLookupUtils.java,44,boolean tryExact = true;
S2128,MethodLookupUtils.java,45,int count = parameters == null ? 0 : parameters.length;
S2129,MethodLookupUtils.java,46,Class types[] = new Class[count];
S2130,MethodLookupUtils.java,47,for (int i = 0; i < count; i++) {
S2131,MethodLookupUtils.java,48,Object param = parameters[i];
S2132,MethodLookupUtils.java,49,if (param != null) {
S2133,MethodLookupUtils.java,50,types[i] = param.getClass();
S2134,MethodLookupUtils.java,58,Constructor constructor = null;
S2135,MethodLookupUtils.java,60,if (tryExact) {
S2136,MethodLookupUtils.java,63,constructor = targetClass.getConstructor(types);
S2137,MethodLookupUtils.java,64,if (constructor != null) {
S2138,MethodLookupUtils.java,65,return constructor;
S2139,MethodLookupUtils.java,68,catch (NoSuchMethodException ex) {
S2140,MethodLookupUtils.java,73,int currentMatch = 0;
S2141,MethodLookupUtils.java,74,boolean ambiguous = false;
S2142,MethodLookupUtils.java,77,Constructor[] constructors = targetClass.getConstructors();
S2143,MethodLookupUtils.java,78,for (int i = 0; i < constructors.length; i++) {
S2144,MethodLookupUtils.java,79,int match =
S2145,MethodLookupUtils.java,83,if (match != NO_MATCH) {
S2146,MethodLookupUtils.java,84,if (match > currentMatch) {
S2147,MethodLookupUtils.java,85,constructor = constructors[i];
S2148,MethodLookupUtils.java,86,currentMatch = match;
S2149,MethodLookupUtils.java,87,ambiguous = false;
S2150,MethodLookupUtils.java,94,if (ambiguous) {
S2151,MethodLookupUtils.java,98,return constructor;
S2152,MethodLookupUtils.java,106,boolean tryExact = true;
S2153,MethodLookupUtils.java,107,int count = parameters == null ? 0 : parameters.length;
S2154,MethodLookupUtils.java,108,Class types[] = new Class[count];
S2155,MethodLookupUtils.java,109,for (int i = 0; i < count; i++) {
S2156,MethodLookupUtils.java,110,Object param = parameters[i];
S2157,MethodLookupUtils.java,111,if (param != null) {
S2158,MethodLookupUtils.java,112,types[i] = param.getClass();
S2159,MethodLookupUtils.java,120,Method method = null;
S2160,MethodLookupUtils.java,122,if (tryExact) {
S2161,MethodLookupUtils.java,125,"method = targetClass.getMethod(name, types);"
S2162,MethodLookupUtils.java,126,if (method != null
S2163,MethodLookupUtils.java,128,return method;
S2164,MethodLookupUtils.java,131,catch (NoSuchMethodException ex) {
S2165,MethodLookupUtils.java,136,int currentMatch = 0;
S2166,MethodLookupUtils.java,137,boolean ambiguous = false;
S2167,MethodLookupUtils.java,140,Method[] methods = targetClass.getMethods();
S2168,MethodLookupUtils.java,141,for (int i = 0; i < methods.length; i++) {
S2169,MethodLookupUtils.java,142,if (Modifier.isStatic(methods[i].getModifiers())
S2170,MethodLookupUtils.java,144,int match =
S2171,MethodLookupUtils.java,148,if (match != NO_MATCH) {
S2172,MethodLookupUtils.java,149,if (match > currentMatch) {
S2173,MethodLookupUtils.java,150,method = methods[i];
S2174,MethodLookupUtils.java,151,currentMatch = match;
S2175,MethodLookupUtils.java,152,ambiguous = false;
S2176,MethodLookupUtils.java,160,if (ambiguous) {
S2177,MethodLookupUtils.java,163,return method;
S2178,MethodLookupUtils.java,171,if (parameters == null
S2179,MethodLookupUtils.java,177,"if (matchType(targetClass, parameters[0]) == NO_MATCH) {"
S2180,MethodLookupUtils.java,178,return null;
S2181,MethodLookupUtils.java,181,"targetClass = TypeUtils.convert(parameters[0], targetClass).getClass();"
S2182,MethodLookupUtils.java,183,boolean tryExact = true;
S2183,MethodLookupUtils.java,184,int count = parameters.length - 1;
S2184,MethodLookupUtils.java,185,Class types[] = new Class[count];
S2185,MethodLookupUtils.java,186,Object arguments[] = new Object[count];
S2186,MethodLookupUtils.java,187,for (int i = 0; i < count; i++) {
S2187,MethodLookupUtils.java,188,Object param = parameters[i + 1];
S2188,MethodLookupUtils.java,189,arguments[i] = param;
S2189,MethodLookupUtils.java,190,if (param != null) {
S2190,MethodLookupUtils.java,191,types[i] = param.getClass();
S2191,MethodLookupUtils.java,199,Method method = null;
S2192,MethodLookupUtils.java,201,if (tryExact) {
S2193,MethodLookupUtils.java,204,"method = targetClass.getMethod(name, types);"
S2194,MethodLookupUtils.java,205,if (method != null
S2195,MethodLookupUtils.java,207,return method;
S2196,MethodLookupUtils.java,210,catch (NoSuchMethodException ex) {
S2197,MethodLookupUtils.java,215,int currentMatch = 0;
S2198,MethodLookupUtils.java,216,boolean ambiguous = false;
S2199,MethodLookupUtils.java,219,Method[] methods = targetClass.getMethods();
S2200,MethodLookupUtils.java,220,for (int i = 0; i < methods.length; i++) {
S2201,MethodLookupUtils.java,221,if (!Modifier.isStatic(methods[i].getModifiers())
S2202,MethodLookupUtils.java,223,int match =
S2203,MethodLookupUtils.java,227,if (match != NO_MATCH) {
S2204,MethodLookupUtils.java,228,if (match > currentMatch) {
S2205,MethodLookupUtils.java,229,method = methods[i];
S2206,MethodLookupUtils.java,230,currentMatch = match;
S2207,MethodLookupUtils.java,231,ambiguous = false;
S2208,MethodLookupUtils.java,239,if (ambiguous) {
S2209,MethodLookupUtils.java,242,return method;
S2210,MethodLookupUtils.java,249,int pi = 0;
S2211,MethodLookupUtils.java,250,if (types.length >= 1
S2212,MethodLookupUtils.java,252,pi++;
S2213,MethodLookupUtils.java,254,int length = parameters == null ? 0 : parameters.length;
S2214,MethodLookupUtils.java,255,if (types.length != length + pi) {
S2215,MethodLookupUtils.java,256,return NO_MATCH;
S2216,MethodLookupUtils.java,258,int totalMatch = EXACT_MATCH;
S2217,MethodLookupUtils.java,259,for (int i = 0; i < length; i++) {
S2218,MethodLookupUtils.java,260,"int match = matchType(types[i + pi], parameters[i]);"
S2219,MethodLookupUtils.java,261,if (match == NO_MATCH) {
S2220,MethodLookupUtils.java,264,if (match < totalMatch) {
S2221,MethodLookupUtils.java,265,totalMatch = match;
S2222,MethodLookupUtils.java,268,return totalMatch;
S2223,MethodLookupUtils.java,272,if (object == null) {
S2224,MethodLookupUtils.java,276,Class actual = object.getClass();
S2225,MethodLookupUtils.java,278,if (expected.equals(actual)) {
S2226,MethodLookupUtils.java,279,return EXACT_MATCH;
S2227,MethodLookupUtils.java,281,if (expected.isAssignableFrom(actual)) {
S2228,MethodLookupUtils.java,282,return EXACT_MATCH;
S2229,MethodLookupUtils.java,285,"if (TypeUtils.canConvert(object, expected)) {"
S2230,MethodLookupUtils.java,286,return APPROXIMATE_MATCH;
S2231,MethodLookupUtils.java,289,return NO_MATCH;
S2232,NameAttributeTest.java,31,"super(namePath, nameValue);"
S2233,NameAttributeTest.java,35,return args[1];
S2234,NamespaceResolver.java,35,protected HashMap namespaceMap = new HashMap();
S2235,NamespaceResolver.java,51,public NamespaceResolver(NamespaceResolver parent) {
S2236,NamespaceResolver.java,52,this.parent = parent;
S2237,NamespaceResolver.java,62,if (isSealed()) {
S2238,NamespaceResolver.java,65,"namespaceMap.put(prefix, namespaceURI);"
S2239,NamespaceResolver.java,66,reverseMap = null;
S2240,NamespaceResolver.java,74,this.pointer = pointer;
S2241,NamespaceResolver.java,99,String uri = (String) namespaceMap.get(prefix);
S2242,NamespaceResolver.java,100,if (uri == null && pointer != null) {
S2243,NamespaceResolver.java,103,if (uri == null && parent != null) {
S2244,NamespaceResolver.java,106,return uri;
S2245,NamespaceResolver.java,146,return sealed;
S2246,NamespaceResolver.java,153,sealed = true;
S2247,NamespaceResolver.java,154,if (parent != null) {
S2248,NamespaceResolver.java,155,parent.seal();
S2249,NodeNameTest.java,29,public NodeNameTest(QName qname) {
S2250,NodeNameTest.java,30,this.qname = qname;
S2251,NodeNameTest.java,33,"public NodeNameTest(QName qname, String namespaceURI) {"
S2252,NodeNameTest.java,34,this.qname = qname;
S2253,NodeNameTest.java,35,this.namespaceURI = namespaceURI;
S2254,NodeNameTest.java,39,return qname;
S2255,NodeNameTest.java,43,return namespaceURI;
S2256,NodeNameTest.java,47,"return qname.getName().equals(""*"");"
S2257,NodeNameTest.java,51,return qname.toString();
S2258,NodePointer.java,47,protected int index = WHOLE_COLLECTION;
S2259,NodePointer.java,49,private boolean attribute = false;
S2260,NodePointer.java,62,NodePointer pointer = null;
S2261,NodePointer.java,63,if (bean == null) {
S2262,NodePointer.java,64,"pointer = new NullPointer(name, locale);"
S2263,NodePointer.java,65,return pointer;
S2264,NodePointer.java,68,NodePointerFactory[] factories =
S2265,NodePointer.java,70,for (int i = 0; i < factories.length; i++) {
S2266,NodePointer.java,71,"pointer = factories[i].createNodePointer(name, bean, locale);"
S2267,NodePointer.java,72,if (pointer != null) {
S2268,NodePointer.java,73,return pointer;
S2269,NodePointer.java,90,NodePointerFactory[] factories =
S2270,NodePointer.java,92,for (int i = 0; i < factories.length; i++) {
S2271,NodePointer.java,93,NodePointer pointer =
S2272,NodePointer.java,95,if (pointer != null) {
S2273,NodePointer.java,96,return pointer;
S2274,NodePointer.java,108,protected NodePointer(NodePointer parent) {
S2275,NodePointer.java,109,this.parent = parent;
S2276,NodePointer.java,112,"protected NodePointer(NodePointer parent, Locale locale) {"
S2277,NodePointer.java,113,this.parent = parent;
S2278,NodePointer.java,114,this.locale = locale;
S2279,NodePointer.java,118,if (namespaceResolver == null && parent != null) {
S2280,NodePointer.java,119,namespaceResolver = parent.getNamespaceResolver();
S2281,NodePointer.java,121,return namespaceResolver;
S2282,NodePointer.java,125,this.namespaceResolver = namespaceResolver;
S2283,NodePointer.java,137,return parent;
S2284,NodePointer.java,144,this.attribute = attribute;
S2285,NodePointer.java,151,return attribute;
S2286,NodePointer.java,170,return !isContainer();
S2287,NodePointer.java,178,return false;
S2288,NodePointer.java,189,return index;
S2289,NodePointer.java,193,this.index = index;
S2290,NodePointer.java,215,NodePointer valuePointer = getValuePointer();
S2291,NodePointer.java,216,if (valuePointer != this) {
S2292,NodePointer.java,217,return valuePointer.getValue();
S2293,NodePointer.java,220,return getNode();
S2294,NodePointer.java,241,NodePointer ivp = getImmediateValuePointer();
S2295,NodePointer.java,242,return ivp == this ? this : ivp.getValuePointer();
S2296,NodePointer.java,252,return this;
S2297,NodePointer.java,269,return index == WHOLE_COLLECTION || index >= 0 && index < getLength();
S2298,NodePointer.java,300,return getValuePointer().getImmediateNode();
S2299,NodePointer.java,333,if (test == null) {
S2300,NodePointer.java,336,if (test instanceof NodeNameTest) {
S2301,NodePointer.java,361,return test instanceof NodeTypeTest
S2302,NodePointer.java,441,if (locale == null) {
S2303,NodePointer.java,442,if (parent != null) {
S2304,NodePointer.java,443,locale = parent.getLocale();
S2305,NodePointer.java,446,return locale;
S2306,NodePointer.java,489,NodePointer valuePointer = getValuePointer();
S2307,NodePointer.java,490,return valuePointer == null || valuePointer == this ? null
S2308,NodePointer.java,542,if (prefix == null) {
S2309,NodePointer.java,543,return true;
S2310,NodePointer.java,558,return context.getPointerByID(id);
S2311,NodePointer.java,589,if (parent != null && parent.isContainer()) {
S2312,NodePointer.java,590,return parent.asPath();
S2313,NodePointer.java,593,StringBuffer buffer = new StringBuffer();
S2314,NodePointer.java,594,if (parent != null) {
S2315,NodePointer.java,595,buffer.append(parent.asPath());
S2316,NodePointer.java,598,if (buffer.length() == 0
S2317,NodePointer.java,600,buffer.append('/');
S2318,NodePointer.java,602,if (attribute) {
S2319,NodePointer.java,603,buffer.append('@');
S2320,NodePointer.java,605,buffer.append(getName());
S2321,NodePointer.java,607,if (index != WHOLE_COLLECTION && isCollection()) {
S2322,NodePointer.java,608,buffer.append('[').append(index + 1).append(']');
S2323,NodePointer.java,610,return buffer.toString();
S2324,NodePointer.java,615,NodePointer ptr = (NodePointer) super.clone();
S2325,NodePointer.java,616,if (parent != null) {
S2326,NodePointer.java,617,ptr.parent = (NodePointer) parent.clone();
S2327,NodePointer.java,619,return ptr;
S2328,NodePointer.java,629,return asPath();
S2329,NodePointer.java,633,if (object == this) {
S2330,NodePointer.java,637,NodePointer pointer = (NodePointer) object;
S2331,NodePointer.java,638,if (parent == pointer.parent) {
S2332,NodePointer.java,639,"return parent == null ? 0 : parent.compareChildNodePointers(this, pointer);"
S2333,NodePointer.java,643,int depth1 = 0;
S2334,NodePointer.java,644,NodePointer p1 = this;
S2335,NodePointer.java,645,HashSet parents1 = new HashSet();
S2336,NodePointer.java,646,while (p1 != null) {
S2337,NodePointer.java,647,depth1++;
S2338,NodePointer.java,648,p1 = p1.parent;
S2339,NodePointer.java,649,if (p1 != null) {
S2340,NodePointer.java,650,parents1.add(p1);
S2341,NodePointer.java,653,boolean commonParentFound = false;
S2342,NodePointer.java,654,int depth2 = 0;
S2343,NodePointer.java,655,NodePointer p2 = pointer;
S2344,NodePointer.java,656,while (p2 != null) {
S2345,NodePointer.java,657,depth2++;
S2346,NodePointer.java,658,p2 = p2.parent;
S2347,NodePointer.java,659,if (parents1.contains(p2)) {
S2348,NodePointer.java,660,commonParentFound = true;
S2349,NodePointer.java,664,"return commonParentFound ? compareNodePointers(this, depth1, pointer, depth2) : 0;"
S2350,NodePointer.java,673,if (depth1 < depth2) {
S2351,NodePointer.java,674,"int r = compareNodePointers(p1, depth1, p2.parent, depth2 - 1);"
S2352,NodePointer.java,675,return r == 0 ? -1 : r;
S2353,NodePointer.java,677,if (depth1 > depth2) {
S2354,NodePointer.java,678,"int r = compareNodePointers(p1.parent, depth1 - 1, p2, depth2);"
S2355,NodePointer.java,679,return r == 0 ? 1 : r;
S2356,NodePointer.java,682,if (p1 == p2 || p1 != null && p1.equals(p2)) {
S2357,NodePointer.java,683,return 0;
S2358,NodePointer.java,685,if (depth1 == 1) {
S2359,NodePointer.java,690,"int r = compareNodePointers(p1.parent, depth1 - 1, p2.parent, depth2 - 1);"
S2360,NodePointer.java,691,"return r == 0 ? p1.parent.compareChildNodePointers(p1, p2) : r;"
S2361,NodeSetContext.java,30,private boolean startedSet = false;
S2362,NodeSetContext.java,34,super(parentContext);
S2363,NodeSetContext.java,35,this.nodeSet = nodeSet;
S2364,NodeSetContext.java,39,return nodeSet;
S2365,NodeSetContext.java,43,if (position == 0) {
S2366,NodeSetContext.java,48,return (NodePointer) nodeSet.getPointers().get(position - 1);
S2367,NodeSetContext.java,52,super.setPosition(position);
S2368,NodeSetContext.java,53,return position >= 1 && position <= nodeSet.getPointers().size();
S2369,NodeSetContext.java,57,if (startedSet) {
S2370,NodeSetContext.java,58,return false;
S2371,NodeSetContext.java,60,startedSet = true;
S2372,NodeSetContext.java,61,return true;
S2373,NodeSetContext.java,65,return setPosition(position + 1);
S2374,NodeTest.java,23,public abstract class NodeTest {
S2375,NodeTypeTest.java,28,public NodeTypeTest(int nodeType) {
S2376,NodeTypeTest.java,29,this.nodeType = nodeType;
S2377,NodeTypeTest.java,33,return nodeType;
S2378,NodeTypeTest.java,37,"return nodeTypeToString(nodeType) + ""()"";"
S2379,NodeTypeTest.java,41,switch (code) {
S2380,NodeTypeTest.java,43,"return ""node"";"
S2381,NodeTypeTest.java,45,"return ""text"";"
S2382,NodeTypeTest.java,47,"return ""comment"";"
S2383,NodeTypeTest.java,49,"return ""processing-instruction"";"
S2384,NullElementPointer.java,37,"super(parent, (Object) null);"
S2385,NullElementPointer.java,38,this.index = index;
S2386,NullElementPointer.java,42,return null;
S2387,NullElementPointer.java,66,"return new NullPointer(this, getName());"
S2388,NullElementPointer.java,70,throw new UnsupportedOperationException(
S2389,NullElementPointer.java,79,return true;
S2390,NullElementPointer.java,83,"return parent.createChild(context, null, index);"
S2391,NullElementPointer.java,87,"return parent.createChild(context, null, index, value);"
S2392,NullElementPointer.java,113,StringBuffer buffer = new StringBuffer();
S2393,NullElementPointer.java,114,NodePointer parent = getImmediateParentPointer();
S2394,NullElementPointer.java,115,if (parent != null) {
S2395,NullElementPointer.java,116,buffer.append(parent.asPath());
S2396,NullElementPointer.java,118,if (index != WHOLE_COLLECTION) {
S2397,NullElementPointer.java,120,if (parent != null && parent.getIndex() != WHOLE_COLLECTION) {
S2398,NullElementPointer.java,123,else if (parent != null
S2399,NullElementPointer.java,128,"buffer.append(""/."");"
S2400,NullElementPointer.java,130,"buffer.append(""["").append(index + 1).append(']');"
S2401,NullElementPointer.java,133,return buffer.toString();
S2402,NullPointer.java,34,"super(null, locale);"
S2403,NullPointer.java,35,this.name = name;
S2404,NullPointer.java,42,super(parent);
S2405,NullPointer.java,43,this.name = name;
S2406,NullPointer.java,47,"super(null, locale);"
S2407,NullPointer.java,48,this.id = id;
S2408,NullPointer.java,56,return null;
S2409,NullPointer.java,64,return true;
S2410,NullPointer.java,68,return false;
S2411,NullPointer.java,72,return new NullPropertyPointer(this);
S2412,NullPointer.java,84,if (parent != null) {
S2413,NullPointer.java,85,return parent.createPath(context).getValuePointer();
S2414,NullPointer.java,105,"return createPath(context).createChild(context, name, index, value);"
S2415,NullPointer.java,113,if (object == this) {
S2416,NullPointer.java,117,if (!(object instanceof NullPointer)) {
S2417,NullPointer.java,118,return false;
S2418,NullPointer.java,121,NullPointer other = (NullPointer) object;
S2419,NullPointer.java,122,return name == other.name || name != null && name.equals(other.name);
S2420,NullPointer.java,126,if (id != null) {
S2421,NullPointer.java,127,"return ""id("" + id + "")"";"
S2422,NullPointer.java,129,"return parent == null ? ""null()"" : super.asPath();"
S2423,NullPointer.java,133,return 0;
S2424,NullPropertyPointer.java,32,"private String propertyName = ""*"";"
S2425,NullPropertyPointer.java,33,private boolean byNameAttribute = false;
S2426,NullPropertyPointer.java,38,super(parent);
S2427,NullPropertyPointer.java,42,return new QName(propertyName);
S2428,NullPropertyPointer.java,65,"return new NullPointer(this,  new QName(getPropertyName()));"
S2429,NullPropertyPointer.java,73,return false;
S2430,NullPropertyPointer.java,77,return true;
S2431,NullPropertyPointer.java,81,if (parent == null || parent.isContainer()) {
S2432,NullPropertyPointer.java,87,if (parent instanceof PropertyOwnerPointer &&
S2433,NullPropertyPointer.java,92,PropertyPointer propertyPointer =
S2434,NullPropertyPointer.java,94,propertyPointer.setPropertyName(propertyName);
S2435,NullPropertyPointer.java,95,propertyPointer.setValue(value);
S2436,NullPropertyPointer.java,106,NodePointer newParent = parent.createPath(context);
S2437,NullPropertyPointer.java,107,if (isAttribute()) {
S2438,NullPropertyPointer.java,110,if (parent instanceof NullPointer && parent.equals(newParent)) {
S2439,NullPropertyPointer.java,111,throw createBadFactoryException(context.getFactory());
S2440,NullPropertyPointer.java,126,if (newParent instanceof PropertyOwnerPointer) {
S2441,NullPropertyPointer.java,127,PropertyOwnerPointer pop = (PropertyOwnerPointer) newParent;
S2442,NullPropertyPointer.java,128,newParent = pop.getPropertyPointer();
S2443,NullPropertyPointer.java,130,"return newParent.createChild(context, getName(), getIndex());"
S2444,NullPropertyPointer.java,134,NodePointer newParent = parent.createPath(context);
S2445,NullPropertyPointer.java,135,if (isAttribute()) {
S2446,NullPropertyPointer.java,140,if (parent instanceof NullPointer && parent.equals(newParent)) {
S2447,NullPropertyPointer.java,143,if (newParent instanceof PropertyOwnerPointer) {
S2448,NullPropertyPointer.java,144,PropertyOwnerPointer pop = (PropertyOwnerPointer) newParent;
S2449,NullPropertyPointer.java,145,newParent = pop.getPropertyPointer();
S2450,NullPropertyPointer.java,147,"return newParent.createChild(context, getName(), index, value);"
S2451,NullPropertyPointer.java,168,return propertyName;
S2452,NullPropertyPointer.java,172,this.propertyName = propertyName;
S2453,NullPropertyPointer.java,176,this.propertyName = attributeValue;
S2454,NullPropertyPointer.java,177,byNameAttribute = true;
S2455,NullPropertyPointer.java,181,return getIndex() != WHOLE_COLLECTION;
S2456,NullPropertyPointer.java,189,return new String[0];
S2457,NullPropertyPointer.java,193,if (!byNameAttribute) {
S2458,NullPropertyPointer.java,194,return super.asPath();
S2459,NullPropertyPointer.java,196,StringBuffer buffer = new StringBuffer();
S2460,NullPropertyPointer.java,197,buffer.append(getImmediateParentPointer().asPath());
S2461,NullPropertyPointer.java,198,"buffer.append(""[@name='"");"
S2462,NullPropertyPointer.java,199,buffer.append(escape(getPropertyName()));
S2463,NullPropertyPointer.java,200,"buffer.append(""']"");"
S2464,NullPropertyPointer.java,201,if (index != WHOLE_COLLECTION) {
S2465,NullPropertyPointer.java,202,buffer.append('[').append(index + 1).append(']');
S2466,NullPropertyPointer.java,204,return buffer.toString();
S2467,NullPropertyPointer.java,208,int index = string.indexOf('\'');
S2468,NullPropertyPointer.java,209,while (index != -1) {
S2469,NullPropertyPointer.java,216,"index = string.indexOf('\""');"
S2470,NullPropertyPointer.java,217,while (index != -1) {
S2471,NullPropertyPointer.java,224,return string;
S2472,NullPropertyPointer.java,228,"return new JXPathAbstractFactoryException(""Factory "" + factory"
S2473,Operation.java,27,public Operation(Expression args[]) {
S2474,Operation.java,28,this.args = args;
S2475,Operation.java,32,return args;
S2476,Operation.java,36,if (args != null) {
S2477,Operation.java,37,for (int i = 0; i < args.length; i++) {
S2478,Operation.java,38,if (args[i].isContextDependent()) {
S2479,Operation.java,39,return true;
S2480,Operation.java,43,return false;
S2481,PackageFunctions.java,74,private static final Object[] EMPTY_ARRAY = new Object[0];
S2482,PackageFunctions.java,76,"public PackageFunctions(String classPrefix, String namespace) {"
S2483,PackageFunctions.java,77,this.classPrefix = classPrefix;
S2484,PackageFunctions.java,78,this.namespace = namespace;
S2485,PackageFunctions.java,85,return Collections.singleton(namespace);
S2486,PackageFunctions.java,114,if ((namespace == null && this.namespace != null)
S2487,PackageFunctions.java,119,if (parameters == null) {
S2488,PackageFunctions.java,120,parameters = EMPTY_ARRAY;
S2489,PackageFunctions.java,123,if (parameters.length >= 1) {
S2490,PackageFunctions.java,124,"Object target = TypeUtils.convert(parameters[0], Object.class);"
S2491,PackageFunctions.java,125,if (target != null) {
S2492,PackageFunctions.java,126,Method method =
S2493,PackageFunctions.java,131,if (method != null) {
S2494,PackageFunctions.java,132,return new MethodFunction(method);
S2495,PackageFunctions.java,135,if (target instanceof NodeSet) {
S2496,PackageFunctions.java,139,method =
S2497,PackageFunctions.java,144,if (method != null) {
S2498,PackageFunctions.java,148,if (target instanceof Collection) {
S2499,PackageFunctions.java,161,if (target != null) {
S2500,PackageFunctions.java,162,Method method =
S2501,PackageFunctions.java,167,if (method != null) {
S2502,PackageFunctions.java,173,String fullName = classPrefix + name;
S2503,PackageFunctions.java,174,int inx = fullName.lastIndexOf('.');
S2504,PackageFunctions.java,175,if (inx == -1) {
S2505,PackageFunctions.java,179,"String className = fullName.substring(0, inx);"
S2506,PackageFunctions.java,180,String methodName = fullName.substring(inx + 1);
S2507,PackageFunctions.java,184,functionClass = Class.forName(className);
S2508,PackageFunctions.java,193,"if (methodName.equals(""new"")) {"
S2509,PackageFunctions.java,194,Constructor constructor =
S2510,PackageFunctions.java,196,if (constructor != null) {
S2511,PackageFunctions.java,197,return new ConstructorFunction(constructor);
S2512,PackageFunctions.java,201,Method method =
S2513,PackageFunctions.java,206,if (method != null) {
S2514,PackageFunctions.java,207,return new MethodFunction(method);
S2515,Parser.java,34,"private static XPathParser parser = new XPathParser(new StringReader(""""));"
S2516,Parser.java,44,synchronized (parser) {
S2517,Parser.java,45,parser.setCompiler(compiler);
S2518,Parser.java,46,Object expr = null;
S2519,Parser.java,48,parser.ReInit(new StringReader(expression));
S2520,Parser.java,49,expr = parser.parseExpression();
S2521,Parser.java,69,return expr;
S2522,Path.java,44,private boolean basicKnown = false;
S2523,Path.java,47,public Path(Step[] steps) {
S2524,Path.java,48,this.steps = steps;
S2525,Path.java,52,return steps;
S2526,Path.java,72,if (!basicKnown) {
S2527,Path.java,73,basicKnown = true;
S2528,Path.java,74,basic = true;
S2529,Path.java,75,Step[] steps = getSteps();
S2530,Path.java,76,for (int i = 0; i < steps.length; i++) {
S2531,Path.java,77,if (!isSimpleStep(steps[i])){
S2532,Path.java,78,basic = false;
S2533,Path.java,79,break;
S2534,Path.java,83,return basic;
S2535,Path.java,92,if (step.getAxis() == Compiler.AXIS_SELF) {
S2536,Path.java,93,NodeTest nodeTest = step.getNodeTest();
S2537,Path.java,94,if (!(nodeTest instanceof NodeTypeTest)) {
S2538,Path.java,97,int nodeType = ((NodeTypeTest) nodeTest).getNodeType();
S2539,Path.java,98,if (nodeType != Compiler.NODE_TYPE_NODE) {
S2540,Path.java,101,return areBasicPredicates(step.getPredicates());
S2541,Path.java,103,if (step.getAxis() == Compiler.AXIS_CHILD
S2542,Path.java,105,NodeTest nodeTest = step.getNodeTest();
S2543,Path.java,106,if (!(nodeTest instanceof NodeNameTest)){
S2544,Path.java,109,if (((NodeNameTest) nodeTest).isWildcard()) {
S2545,Path.java,112,return areBasicPredicates(step.getPredicates());
S2546,Path.java,114,return false;
S2547,Path.java,118,if (predicates != null && predicates.length != 0) {
S2548,Path.java,119,boolean firstIndex = true;
S2549,Path.java,120,for (int i = 0; i < predicates.length; i++) {
S2550,Path.java,121,if (predicates[i] instanceof NameAttributeTest) {
S2551,Path.java,122,if (((NameAttributeTest) predicates[i])
S2552,Path.java,128,else if (predicates[i].isContextDependent()) {
S2553,Path.java,129,return false;
S2554,Path.java,132,if (!firstIndex) {
S2555,Path.java,135,firstIndex = false;
S2556,Path.java,139,return true;
S2557,Path.java,147,if (steps.length == 0) {
S2558,Path.java,148,return context.getSingleNodePointer();
S2559,Path.java,151,if (isSimplePath()) {
S2560,Path.java,152,NodePointer ptr = (NodePointer) context.getSingleNodePointer();
S2561,Path.java,153,return SimplePathInterpreter.interpretSimpleLocationPath(
S2562,Path.java,158,return searchForPath(context);
S2563,Path.java,180,"EvalContext ctx = buildContextChain(context, steps.length, true);"
S2564,Path.java,181,Pointer pointer = ctx.getSingleNodePointer();
S2565,Path.java,183,if (pointer != null) {
S2566,Path.java,184,return pointer;
S2567,Path.java,187,for (int i = steps.length; --i > 0;) {
S2568,Path.java,188,if (!isSimpleStep(steps[i])) {
S2569,Path.java,191,"ctx = buildContextChain(context, i, true);"
S2570,Path.java,192,if (ctx.hasNext()) {
S2571,Path.java,193,Pointer partial = (Pointer) ctx.next();
S2572,Path.java,194,if (ctx.hasNext()) {
S2573,Path.java,197,return null;
S2574,Path.java,199,if (partial instanceof NodePointer) {
S2575,Path.java,200,return SimplePathInterpreter.createNullPointer(
S2576,Path.java,208,return null;
S2577,Path.java,216,"return buildContextChain(context, steps.length, false);"
S2578,Path.java,224,if (createInitialContext) {
S2579,Path.java,225,context = new InitialContext(context);
S2580,Path.java,227,if (steps.length == 0) {
S2581,Path.java,228,return context;
S2582,Path.java,230,for (int i = 0; i < stepCount; i++) {
S2583,Path.java,231,context =
S2584,Path.java,236,Expression predicates[] = steps[i].getPredicates();
S2585,Path.java,237,if (predicates != null) {
S2586,Path.java,238,for (int j = 0; j < predicates.length; j++) {
S2587,Path.java,239,if (j != 0) {
S2588,Path.java,242,"context = new PredicateContext(context, predicates[j]);"
S2589,Path.java,246,return context;
S2590,Path.java,258,if (nodeTest instanceof NodeNameTest) {
S2591,Path.java,259,QName qname = ((NodeNameTest) nodeTest).getNodeName();
S2592,Path.java,260,String prefix = qname.getPrefix();
S2593,Path.java,261,if (prefix != null) {
S2594,Path.java,268,switch (axis) {
S2595,Path.java,274,"return new AttributeContext(context, nodeTest);"
S2596,Path.java,276,"return new ChildContext(context, nodeTest, false, false);"
S2597,Path.java,280,"return new DescendantContext(context, true, nodeTest);"
S2598,Path.java,294,"return new SelfContext(context, nodeTest);"
S2599,PredicateContext.java,37,private boolean done = false;
S2600,PredicateContext.java,42,super(parentContext);
S2601,PredicateContext.java,43,this.expression = expression;
S2602,PredicateContext.java,44,if (expression instanceof NameAttributeTest) {
S2603,PredicateContext.java,45,nameTestExpression =
S2604,PredicateContext.java,51,if (done) {
S2605,PredicateContext.java,52,return false;
S2606,PredicateContext.java,54,while (parentContext.nextNode()) {
S2607,PredicateContext.java,55,if (setupDynamicPropertyPointer()) {
S2608,PredicateContext.java,56,Object pred = nameTestExpression.computeValue(parentContext);
S2609,PredicateContext.java,57,String propertyName = InfoSetUtil.stringValue(pred);
S2610,PredicateContext.java,67,boolean ok = false;
S2611,PredicateContext.java,68,String names[] = dynamicPropertyPointer.getPropertyNames();
S2612,PredicateContext.java,69,for (int i = 0; i < names.length; i++) {
S2613,PredicateContext.java,70,if (names[i].equals(propertyName)) {
S2614,PredicateContext.java,71,ok = true;
S2615,PredicateContext.java,72,break;
S2616,PredicateContext.java,75,if (ok) {
S2617,PredicateContext.java,76,dynamicPropertyPointer.setPropertyName(propertyName);
S2618,PredicateContext.java,77,position++;
S2619,PredicateContext.java,78,return true;
S2620,PredicateContext.java,82,Object pred = expression.computeValue(parentContext);
S2621,PredicateContext.java,83,if (pred instanceof Iterator) {
S2622,PredicateContext.java,84,if (!((Iterator) pred).hasNext()) {
S2623,PredicateContext.java,87,pred = ((Iterator) pred).next();
S2624,PredicateContext.java,90,if (pred instanceof NodePointer) {
S2625,PredicateContext.java,91,pred = ((NodePointer) pred).getNode();
S2626,PredicateContext.java,94,if (pred instanceof Number) {
S2627,PredicateContext.java,95,int pos = (int) InfoSetUtil.doubleValue(pred);
S2628,PredicateContext.java,96,position++;
S2629,PredicateContext.java,97,done = true;
S2630,PredicateContext.java,98,return parentContext.setPosition(pos);
S2631,PredicateContext.java,100,if (InfoSetUtil.booleanValue(pred)) {
S2632,PredicateContext.java,101,position++;
S2633,PredicateContext.java,102,return true;
S2634,PredicateContext.java,106,return false;
S2635,PredicateContext.java,114,if (nameTestExpression == null) {
S2636,PredicateContext.java,115,return false;
S2637,PredicateContext.java,118,NodePointer parent = parentContext.getCurrentNodePointer();
S2638,PredicateContext.java,119,if (parent == null) {
S2639,PredicateContext.java,122,parent = parent.getValuePointer();
S2640,PredicateContext.java,123,if (!(parent instanceof PropertyOwnerPointer)) {
S2641,PredicateContext.java,126,dynamicPropertyPointer =
S2642,PredicateContext.java,130,return true;
S2643,PredicateContext.java,153,if (position == 0) {
S2644,PredicateContext.java,158,if (dynamicPropertyPointer != null) {
S2645,PredicateContext.java,159,return dynamicPropertyPointer.getValuePointer();
S2646,PredicateContext.java,161,return parentContext.getCurrentNodePointer();
S2647,PredicateContext.java,165,super.reset();
S2648,PredicateContext.java,166,parentContext.reset();
S2649,PredicateContext.java,167,done = false;
S2650,PredicateContext.java,171,reset();
S2651,PredicateContext.java,172,return parentContext.nextSet();
S2652,ProcessingInstructionTest.java,26,public ProcessingInstructionTest(String target) {
S2653,ProcessingInstructionTest.java,27,this.target = target;
S2654,ProcessingInstructionTest.java,35,"return ""processing-instruction('"" + target + ""')"";"
S2655,PropertyIterator.java,31,private boolean empty = false;
S2656,PropertyIterator.java,34,private int startIndex = 0;
S2657,PropertyIterator.java,35,private boolean targetReady = false;
S2658,PropertyIterator.java,36,private int position = 0;
S2659,PropertyIterator.java,40,private boolean includeStart = false;
S2660,PropertyIterator.java,48,propertyNodePointer =
S2661,PropertyIterator.java,50,this.name = name;
S2662,PropertyIterator.java,51,this.reverse = reverse;
S2663,PropertyIterator.java,52,this.includeStart = true;
S2664,PropertyIterator.java,53,if (reverse) {
S2665,PropertyIterator.java,57,if (startWith != null) {
S2666,PropertyIterator.java,90,if (position == 0) {
S2667,PropertyIterator.java,91,if (name != null) {
S2668,PropertyIterator.java,92,if (!targetReady) {
S2669,PropertyIterator.java,93,prepareForIndividualProperty(name);
S2670,PropertyIterator.java,96,if (empty) {
S2671,PropertyIterator.java,97,return null;
S2672,PropertyIterator.java,108,return propertyNodePointer.getValuePointer();
S2673,PropertyIterator.java,110,catch (Throwable ex) {
S2674,PropertyIterator.java,112,NullPropertyPointer npp =
S2675,PropertyIterator.java,115,npp.setPropertyName(propertyNodePointer.getPropertyName());
S2676,PropertyIterator.java,116,npp.setIndex(propertyNodePointer.getIndex());
S2677,PropertyIterator.java,117,return npp.getValuePointer();
S2678,PropertyIterator.java,122,return position;
S2679,PropertyIterator.java,126,return name == null ? setPositionAllProperties(position) : setPositionIndividualProperty(position);
S2680,PropertyIterator.java,130,this.position = position;
S2681,PropertyIterator.java,131,if (position < 1) {
S2682,PropertyIterator.java,135,if (!targetReady) {
S2683,PropertyIterator.java,136,prepareForIndividualProperty(name);
S2684,PropertyIterator.java,139,if (empty) {
S2685,PropertyIterator.java,140,return false;
S2686,PropertyIterator.java,143,int length = getLength();
S2687,PropertyIterator.java,145,if (!reverse) {
S2688,PropertyIterator.java,146,index = position + startIndex;
S2689,PropertyIterator.java,147,if (!includeStart) {
S2690,PropertyIterator.java,150,if (index > length) {
S2691,PropertyIterator.java,151,return false;
S2692,PropertyIterator.java,167,propertyNodePointer.setIndex(index - 1);
S2693,PropertyIterator.java,168,return true;
S2694,PropertyIterator.java,172,this.position = position;
S2695,PropertyIterator.java,173,if (position < 1) {
S2696,PropertyIterator.java,178,int count = propertyNodePointer.getPropertyCount();
S2697,PropertyIterator.java,179,if (!reverse) {
S2698,PropertyIterator.java,180,int index = 1;
S2699,PropertyIterator.java,181,for (int i = startPropertyIndex; i < count; i++) {
S2700,PropertyIterator.java,182,propertyNodePointer.setPropertyIndex(i);
S2701,PropertyIterator.java,183,int length = getLength();
S2702,PropertyIterator.java,184,if (i == startPropertyIndex) {
S2703,PropertyIterator.java,185,length -= startIndex;
S2704,PropertyIterator.java,186,if (!includeStart) {
S2705,PropertyIterator.java,189,offset = startIndex + position - index;
S2706,PropertyIterator.java,190,if (!includeStart) {
S2707,PropertyIterator.java,195,offset = position - index;
S2708,PropertyIterator.java,197,if (index <= position && position < index + length) {
S2709,PropertyIterator.java,198,propertyNodePointer.setIndex(offset);
S2710,PropertyIterator.java,199,return true;
S2711,PropertyIterator.java,201,index += length;
S2712,PropertyIterator.java,236,return false;
S2713,PropertyIterator.java,240,targetReady = true;
S2714,PropertyIterator.java,241,empty = true;
S2715,PropertyIterator.java,243,String names[] = propertyNodePointer.getPropertyNames();
S2716,PropertyIterator.java,244,if (!reverse) {
S2717,PropertyIterator.java,245,if (startPropertyIndex == PropertyPointer.UNSPECIFIED_PROPERTY) {
S2718,PropertyIterator.java,248,if (startIndex == NodePointer.WHOLE_COLLECTION) {
S2719,PropertyIterator.java,251,for (int i = startPropertyIndex; i < names.length; i++) {
S2720,PropertyIterator.java,252,if (names[i].equals(name)) {
S2721,PropertyIterator.java,253,propertyNodePointer.setPropertyIndex(i);
S2722,PropertyIterator.java,254,if (i != startPropertyIndex) {
S2723,PropertyIterator.java,255,startIndex = 0;
S2724,PropertyIterator.java,256,includeStart = true;
S2725,PropertyIterator.java,258,empty = false;
S2726,PropertyIterator.java,259,break;
S2727,PropertyIterator.java,290,length = propertyNodePointer.getLength(); // TBD: cache length
S2728,PropertyIterator.java,292,catch (Throwable t) {
S2729,PropertyIterator.java,294,length = 0;
S2730,PropertyIterator.java,296,return length;
S2731,PropertyOwnerPointer.java,45,if (test == null) {
S2732,PropertyOwnerPointer.java,48,if (test instanceof NodeNameTest) {
S2733,PropertyOwnerPointer.java,49,NodeNameTest nodeNameTest = (NodeNameTest) test;
S2734,PropertyOwnerPointer.java,50,QName testName = nodeNameTest.getNodeName();
S2735,PropertyOwnerPointer.java,51,if (!isDefaultNamespace(testName.getPrefix())) {
S2736,PropertyOwnerPointer.java,54,String property = nodeNameTest.isWildcard() ? null : testName.getName();
S2737,PropertyOwnerPointer.java,55,"return createNodeIterator(property, reverse, startWith);"
S2738,PropertyOwnerPointer.java,57,return test instanceof NodeTypeTest && ((NodeTypeTest) test).getNodeType() == Compiler.NODE_TYPE_NODE
S2739,PropertyOwnerPointer.java,66,"return new PropertyIterator(this, property, reverse, startWith);"
S2740,PropertyOwnerPointer.java,70,"return new BeanAttributeIterator(this, name);"
S2741,PropertyOwnerPointer.java,74,"super(parent, locale);"
S2742,PropertyOwnerPointer.java,78,super(parent);
S2743,PropertyOwnerPointer.java,82,if (this.index != index) {
S2744,PropertyOwnerPointer.java,83,super.setIndex(index);
S2745,PropertyOwnerPointer.java,84,value = UNINITIALIZED;
S2746,PropertyOwnerPointer.java,88,private static final Object UNINITIALIZED = new Object();
S2747,PropertyOwnerPointer.java,90,private Object value = UNINITIALIZED;
S2748,PropertyOwnerPointer.java,92,if (value == UNINITIALIZED) {
S2749,PropertyOwnerPointer.java,93,value = index == WHOLE_COLLECTION ? ValueUtils.getValue(getBaseValue())
S2750,PropertyOwnerPointer.java,96,return value;
S2751,PropertyOwnerPointer.java,156,int r = pointer1.getName().toString().compareTo(pointer2.getName().toString());
S2752,PropertyOwnerPointer.java,157,return r == 0 ? pointer1.getIndex() - pointer2.getIndex() : r;
S2753,PropertyPointer.java,38,protected int propertyIndex = UNSPECIFIED_PROPERTY;
S2754,PropertyPointer.java,46,super(parent);
S2755,PropertyPointer.java,50,return propertyIndex;
S2756,PropertyPointer.java,54,if (propertyIndex != index) {
S2757,PropertyPointer.java,55,propertyIndex = index;
S2758,PropertyPointer.java,56,setIndex(WHOLE_COLLECTION);
S2759,PropertyPointer.java,61,if (bean == null) {
S2760,PropertyPointer.java,62,bean = getImmediateParentPointer().getNode();
S2761,PropertyPointer.java,64,return bean;
S2762,PropertyPointer.java,68,"return new QName(null, getPropertyName());"
S2763,PropertyPointer.java,82,if (!isActualProperty()) {
S2764,PropertyPointer.java,83,return false;
S2765,PropertyPointer.java,86,return super.isActual();
S2766,PropertyPointer.java,89,private static final Object UNINITIALIZED = new Object();
S2767,PropertyPointer.java,91,private Object value = UNINITIALIZED;
S2768,PropertyPointer.java,101,Object value = getBaseValue();
S2769,PropertyPointer.java,102,return value != null && ValueUtils.isCollection(value);
S2770,PropertyPointer.java,115,return ValueUtils.getLength(getBaseValue());
S2771,PropertyPointer.java,124,return NodePointer.newChildNodePointer(
S2772,PropertyPointer.java,131,if (getImmediateNode() == null) {
S2773,PropertyPointer.java,132,AbstractFactory factory = getAbstractFactory(context);
S2774,PropertyPointer.java,133,int inx = (index == WHOLE_COLLECTION ? 0 : index);
S2775,PropertyPointer.java,134,boolean success =
S2776,PropertyPointer.java,141,if (!success) {
S2777,PropertyPointer.java,146,return this;
S2778,PropertyPointer.java,151,if (index != WHOLE_COLLECTION && index >= getLength()) {
S2779,PropertyPointer.java,154,setValue(value);
S2780,PropertyPointer.java,155,return this;
S2781,PropertyPointer.java,164,PropertyPointer prop = (PropertyPointer) clone();
S2782,PropertyPointer.java,165,if (name != null) {
S2783,PropertyPointer.java,166,prop.setPropertyName(name.toString());
S2784,PropertyPointer.java,168,prop.setIndex(index);
S2785,PropertyPointer.java,169,"return prop.createPath(context, value);"
S2786,PropertyPointer.java,177,PropertyPointer prop = (PropertyPointer) clone();
S2787,PropertyPointer.java,178,if (name != null) {
S2788,PropertyPointer.java,179,prop.setPropertyName(name.toString());
S2789,PropertyPointer.java,181,prop.setIndex(index);
S2790,PropertyPointer.java,182,return prop.createPath(context);
S2791,PropertyPointer.java,186,return getImmediateParentPointer().hashCode() + propertyIndex + index;
S2792,PropertyPointer.java,190,if (object == this) {
S2793,PropertyPointer.java,194,if (!(object instanceof PropertyPointer)) {
S2794,PropertyPointer.java,195,return false;
S2795,PropertyPointer.java,198,PropertyPointer other = (PropertyPointer) object;
S2796,PropertyPointer.java,199,if (parent != other.parent && (parent == null || !parent.equals(other.parent))) {
S2797,PropertyPointer.java,203,if (getPropertyIndex() != other.getPropertyIndex()
S2798,PropertyPointer.java,205,return false;
S2799,PropertyPointer.java,208,int iThis = (index == WHOLE_COLLECTION ? 0 : index);
S2800,PropertyPointer.java,209,int iOther = (other.index == WHOLE_COLLECTION ? 0 : other.index);
S2801,PropertyPointer.java,210,return iThis == iOther;
S2802,PropertyPointer.java,221,AbstractFactory factory = context.getFactory();
S2803,PropertyPointer.java,222,if (factory == null) {
S2804,PropertyPointer.java,228,return factory;
S2805,QName.java,32,public QName(String qualifiedName) {
S2806,QName.java,33,this.qualifiedName = qualifiedName;
S2807,QName.java,34,int index = qualifiedName.indexOf(':');
S2808,QName.java,35,"prefix = index < 0 ? null : qualifiedName.substring(0, index);"
S2809,QName.java,36,name = index < 0 ? qualifiedName : qualifiedName.substring(index + 1);
S2810,QName.java,39,"public QName(String prefix, String localName) {"
S2811,QName.java,40,this.prefix = prefix;
S2812,QName.java,41,this.name = localName;
S2813,QName.java,42,this.qualifiedName = prefix == null ? localName : prefix + ':' + localName;
S2814,QName.java,46,return prefix;
S2815,QName.java,50,return name;
S2816,QName.java,54,return qualifiedName;
S2817,QName.java,58,return name.hashCode();
S2818,QName.java,62,if (this == object) {
S2819,QName.java,63,return true;
S2820,QName.java,65,if (!(object instanceof QName)) {
S2821,QName.java,68,return qualifiedName.equals(((QName) object).qualifiedName);
S2822,RootContext.java,37,private int availableRegister = 0;
S2823,RootContext.java,38,public static final Object UNKNOWN_VALUE = new Object();
S2824,RootContext.java,45,super(null);
S2825,RootContext.java,46,this.jxpathContext = jxpathContext;
S2826,RootContext.java,47,this.pointer = pointer;
S2827,RootContext.java,48,if (pointer != null) {
S2828,RootContext.java,49,pointer.setNamespaceResolver(jxpathContext.getNamespaceResolver());
S2829,RootContext.java,54,return jxpathContext;
S2830,RootContext.java,58,return this;
S2831,RootContext.java,62,return jxpathContext.getAbsoluteRootContext();
S2832,RootContext.java,66,return pointer;
S2833,RootContext.java,90,if (constant instanceof NodeSet) {
S2834,RootContext.java,91,return new NodeSetContext(
S2835,RootContext.java,97,if (constant instanceof NodePointer) {
S2836,RootContext.java,98,pointer = (NodePointer) constant;
S2837,RootContext.java,101,pointer = NodePointer.newNodePointer(
S2838,RootContext.java,106,"return new InitialContext(new RootContext(jxpathContext, pointer));"
S2839,RootContext.java,110,return new InitialContext(
S2840,RootContext.java,117,"return jxpathContext.getFunction(functionName, parameters);"
S2841,SelfContext.java,33,private boolean startedSet = false;
S2842,SelfContext.java,37,super(parentContext);
S2843,SelfContext.java,38,this.nodeTest = nodeTest;
S2844,SelfContext.java,46,if (position == 0) {
S2845,SelfContext.java,51,return nodePointer;
S2846,SelfContext.java,55,return setPosition(getCurrentPosition() + 1);
S2847,SelfContext.java,59,super.reset();
S2848,SelfContext.java,60,startedSet = false;
S2849,SelfContext.java,64,if (position != 1) {
S2850,SelfContext.java,65,return false;
S2851,SelfContext.java,67,super.setPosition(position);
S2852,SelfContext.java,68,if (!startedSet) {
S2853,SelfContext.java,69,startedSet = true;
S2854,SelfContext.java,70,nodePointer = (NodePointer) parentContext.getCurrentNodePointer();
S2855,SelfContext.java,73,if (nodePointer == null) {
S2856,SelfContext.java,77,return nodeTest == null || nodePointer.testNode(nodeTest);
S2857,SimpleCharStream.java,15,public int bufpos = -1;
S2858,SimpleCharStream.java,19,protected int column = 0;
S2859,SimpleCharStream.java,20,protected int line = 1;
S2860,SimpleCharStream.java,22,protected boolean prevCharIsCR = false;
S2861,SimpleCharStream.java,23,protected boolean prevCharIsLF = false;
S2862,SimpleCharStream.java,28,protected int maxNextCharInd = 0;
S2863,SimpleCharStream.java,29,protected int inBuf = 0;
S2864,SimpleCharStream.java,83,if (maxNextCharInd == available)
S2865,SimpleCharStream.java,107,"if ((i = inputStream.read(buffer, maxNextCharInd,"
S2866,SimpleCharStream.java,110,inputStream.close();
S2867,SimpleCharStream.java,111,throw new java.io.IOException();
S2868,SimpleCharStream.java,114,maxNextCharInd += i;
S2869,SimpleCharStream.java,115,return;
S2870,SimpleCharStream.java,117,catch(java.io.IOException e) {
S2871,SimpleCharStream.java,118,--bufpos;
S2872,SimpleCharStream.java,119,backup(0);
S2873,SimpleCharStream.java,120,if (tokenBegin == -1)
S2874,SimpleCharStream.java,121,tokenBegin = bufpos;
S2875,SimpleCharStream.java,122,throw e;
S2876,SimpleCharStream.java,128,tokenBegin = -1;
S2877,SimpleCharStream.java,129,char c = readChar();
S2878,SimpleCharStream.java,130,tokenBegin = bufpos;
S2879,SimpleCharStream.java,132,return c;
S2880,SimpleCharStream.java,137,column++;
S2881,SimpleCharStream.java,139,if (prevCharIsLF)
S2882,SimpleCharStream.java,144,else if (prevCharIsCR)
S2883,SimpleCharStream.java,155,switch (c)
S2884,SimpleCharStream.java,171,bufline[bufpos] = line;
S2885,SimpleCharStream.java,172,bufcolumn[bufpos] = column;
S2886,SimpleCharStream.java,177,if (inBuf > 0)
S2887,SimpleCharStream.java,179,--inBuf;
S2888,SimpleCharStream.java,181,if (++bufpos == bufsize)
S2889,SimpleCharStream.java,184,return buffer[bufpos];
S2890,SimpleCharStream.java,187,if (++bufpos >= maxNextCharInd)
S2891,SimpleCharStream.java,188,FillBuff();
S2892,SimpleCharStream.java,190,char c = buffer[bufpos];
S2893,SimpleCharStream.java,192,UpdateLineColumn(c);
S2894,SimpleCharStream.java,193,return (c);
S2895,SimpleCharStream.java,215,return bufcolumn[bufpos];
S2896,SimpleCharStream.java,219,return bufline[bufpos];
S2897,SimpleCharStream.java,223,return bufcolumn[tokenBegin];
S2898,SimpleCharStream.java,227,return bufline[tokenBegin];
S2899,SimpleCharStream.java,232,inBuf += amount;
S2900,SimpleCharStream.java,233,if ((bufpos -= amount) < 0)
S2901,SimpleCharStream.java,234,bufpos += bufsize;
S2902,SimpleCharStream.java,240,inputStream = dstream;
S2903,SimpleCharStream.java,241,line = startline;
S2904,SimpleCharStream.java,242,column = startcolumn - 1;
S2905,SimpleCharStream.java,244,available = bufsize = buffersize;
S2906,SimpleCharStream.java,245,buffer = new char[buffersize];
S2907,SimpleCharStream.java,246,bufline = new int[buffersize];
S2908,SimpleCharStream.java,247,bufcolumn = new int[buffersize];
S2909,SimpleCharStream.java,253,"this(dstream, startline, startcolumn, 4096);"
S2910,SimpleCharStream.java,263,inputStream = dstream;
S2911,SimpleCharStream.java,264,line = startline;
S2912,SimpleCharStream.java,265,column = startcolumn - 1;
S2913,SimpleCharStream.java,267,if (buffer == null || buffersize != buffer.length)
S2914,SimpleCharStream.java,274,prevCharIsLF = prevCharIsCR = false;
S2915,SimpleCharStream.java,275,tokenBegin = inBuf = maxNextCharInd = 0;
S2916,SimpleCharStream.java,276,bufpos = -1;
S2917,SimpleCharStream.java,282,"ReInit(dstream, startline, startcolumn, 4096);"
S2918,SimpleCharStream.java,323,if (bufpos >= tokenBegin)
S2919,SimpleCharStream.java,324,"return new String(buffer, tokenBegin, bufpos - tokenBegin + 1);"
S2920,SimplePathInterpreter.java,59,"private static final QName QNAME_NAME = new QName(null, ""name"");"
S2921,SimplePathInterpreter.java,78,"NodePointer pointer = doStep(context, root, steps, 0);"
S2922,SimplePathInterpreter.java,80,return pointer;
S2923,SimplePathInterpreter.java,98,NodePointer pointer =
S2924,SimplePathInterpreter.java,101,return pointer;
S2925,SimplePathInterpreter.java,115,if (parent == null) {
S2926,SimplePathInterpreter.java,119,if (currentStep == steps.length) {
S2927,SimplePathInterpreter.java,121,return parent;
S2928,SimplePathInterpreter.java,125,parent = valuePointer(parent);
S2929,SimplePathInterpreter.java,127,Step step = steps[currentStep];
S2930,SimplePathInterpreter.java,128,Expression predicates[] = step.getPredicates();
S2931,SimplePathInterpreter.java,141,if (parent instanceof PropertyOwnerPointer) {
S2932,SimplePathInterpreter.java,142,if (predicates == null || predicates.length == 0) {
S2933,SimplePathInterpreter.java,143,return doStepNoPredicatesPropertyOwner(
S2934,SimplePathInterpreter.java,149,return doStepPredicatesPropertyOwner(
S2935,SimplePathInterpreter.java,155,if (predicates == null || predicates.length == 0) {
S2936,SimplePathInterpreter.java,156,return doStepNoPredicatesStandard(
S2937,SimplePathInterpreter.java,162,return doStepPredicatesStandard(
S2938,SimplePathInterpreter.java,182,Step step = steps[currentStep];
S2939,SimplePathInterpreter.java,183,NodePointer childPointer =
S2940,SimplePathInterpreter.java,186,if (!childPointer.isActual()) {
S2941,SimplePathInterpreter.java,188,return createNullPointer(
S2942,SimplePathInterpreter.java,194,if (currentStep == steps.length - 1) {
S2943,SimplePathInterpreter.java,196,return childPointer;
S2944,SimplePathInterpreter.java,198,if (childPointer.isCollection()) {
S2945,SimplePathInterpreter.java,202,int bestQuality = 0;
S2946,SimplePathInterpreter.java,203,childPointer = (NodePointer) childPointer.clone();
S2947,SimplePathInterpreter.java,204,NodePointer bestMatch = null;
S2948,SimplePathInterpreter.java,205,int count = childPointer.getLength();
S2949,SimplePathInterpreter.java,206,for (int i = 0; i < count; i++) {
S2950,SimplePathInterpreter.java,207,childPointer.setIndex(i);
S2951,SimplePathInterpreter.java,208,NodePointer pointer =
S2952,SimplePathInterpreter.java,210,int quality = computeQuality(pointer);
S2953,SimplePathInterpreter.java,211,if (quality == PERFECT_MATCH) {
S2954,SimplePathInterpreter.java,212,return pointer;
S2955,SimplePathInterpreter.java,214,else if (quality > bestQuality) {
S2956,SimplePathInterpreter.java,215,bestQuality = quality;
S2957,SimplePathInterpreter.java,216,bestMatch = (NodePointer) pointer.clone();
S2958,SimplePathInterpreter.java,219,if (bestMatch != null) {
S2959,SimplePathInterpreter.java,220,return bestMatch;
S2960,SimplePathInterpreter.java,226,"return doStep(context, childPointer, steps, currentStep + 1);"
S2961,SimplePathInterpreter.java,241,Step step = steps[currentStep];
S2962,SimplePathInterpreter.java,243,if (step.getAxis() == Compiler.AXIS_SELF) {
S2963,SimplePathInterpreter.java,247,int bestQuality = 0;
S2964,SimplePathInterpreter.java,248,NodePointer bestMatch = null;
S2965,SimplePathInterpreter.java,249,"NodeIterator it = getNodeIterator(context, parentPointer, step);"
S2966,SimplePathInterpreter.java,250,if (it != null) {
S2967,SimplePathInterpreter.java,251,for (int i = 1; it.setPosition(i); i++) {
S2968,SimplePathInterpreter.java,252,NodePointer childPointer = it.getNodePointer();
S2969,SimplePathInterpreter.java,253,if (steps.length == currentStep + 1) {
S2970,SimplePathInterpreter.java,255,return childPointer;
S2971,SimplePathInterpreter.java,257,NodePointer pointer = doStep(
S2972,SimplePathInterpreter.java,259,int quality = computeQuality(pointer);
S2973,SimplePathInterpreter.java,260,if (quality == PERFECT_MATCH) {
S2974,SimplePathInterpreter.java,261,return pointer;
S2975,SimplePathInterpreter.java,263,if (quality > bestQuality) {
S2976,SimplePathInterpreter.java,264,bestQuality = quality;
S2977,SimplePathInterpreter.java,265,bestMatch = (NodePointer) pointer.clone();
S2978,SimplePathInterpreter.java,269,return bestMatch != null ? bestMatch
S2979,SimplePathInterpreter.java,282,Step step = steps[currentStep];
S2980,SimplePathInterpreter.java,283,Expression predicates[] = step.getPredicates();
S2981,SimplePathInterpreter.java,285,NodePointer childPointer =
S2982,SimplePathInterpreter.java,287,if (!childPointer.isActual()) {
S2983,SimplePathInterpreter.java,289,return createNullPointer(
S2984,SimplePathInterpreter.java,297,return doPredicate(
S2985,SimplePathInterpreter.java,309,int axis = step.getAxis();
S2986,SimplePathInterpreter.java,310,if (axis == Compiler.AXIS_CHILD || axis == Compiler.AXIS_ATTRIBUTE) {
S2987,SimplePathInterpreter.java,312,QName name = ((NodeNameTest) step.getNodeTest()).getNodeName();
S2988,SimplePathInterpreter.java,313,if (axis == Compiler.AXIS_ATTRIBUTE && isLangAttribute(name)) {
S2989,SimplePathInterpreter.java,317,childPointer = parentPointer.getPropertyPointer();
S2990,SimplePathInterpreter.java,318,((PropertyPointer) childPointer).setPropertyName(
S2991,SimplePathInterpreter.java,320,childPointer.setAttribute(axis == Compiler.AXIS_ATTRIBUTE);
S2992,SimplePathInterpreter.java,322,return childPointer;
S2993,SimplePathInterpreter.java,324,return parentPointer;
S2994,SimplePathInterpreter.java,336,Step step = steps[currentStep];
S2995,SimplePathInterpreter.java,337,Expression predicates[] = step.getPredicates();
S2996,SimplePathInterpreter.java,339,int axis = step.getAxis();
S2997,SimplePathInterpreter.java,340,if (axis == Compiler.AXIS_SELF) {
S2998,SimplePathInterpreter.java,341,return doPredicate(
S2999,SimplePathInterpreter.java,350,Expression predicate = predicates[0];
S3000,SimplePathInterpreter.java,357,if (predicates.length == 1) {
S3001,SimplePathInterpreter.java,358,"NodeIterator it = getNodeIterator(context, parent, step);"
S3002,SimplePathInterpreter.java,359,NodePointer pointer = null;
S3003,SimplePathInterpreter.java,360,if (it != null) {
S3004,SimplePathInterpreter.java,361,if (predicate instanceof NameAttributeTest) { // [@name = key]
S3005,SimplePathInterpreter.java,362,"String key = keyFromPredicate(context, predicate);"
S3006,SimplePathInterpreter.java,363,for (int i = 1; it.setPosition(i); i++) {
S3007,SimplePathInterpreter.java,364,NodePointer ptr = it.getNodePointer();
S3008,SimplePathInterpreter.java,365,"if (isNameAttributeEqual(ptr, key)) {"
S3009,SimplePathInterpreter.java,366,pointer = ptr;
S3010,SimplePathInterpreter.java,367,break;
S3011,SimplePathInterpreter.java,372,"int index = indexFromPredicate(context, predicate);"
S3012,SimplePathInterpreter.java,373,if (it.setPosition(index + 1)) {
S3013,SimplePathInterpreter.java,374,pointer = it.getNodePointer();
S3014,SimplePathInterpreter.java,378,if (pointer != null) {
S3015,SimplePathInterpreter.java,379,"return doStep(context, pointer, steps, currentStep + 1);"
S3016,SimplePathInterpreter.java,383,"NodeIterator it = getNodeIterator(context, parent, step);"
S3017,SimplePathInterpreter.java,384,if (it != null) {
S3018,SimplePathInterpreter.java,385,List list = new ArrayList();
S3019,SimplePathInterpreter.java,386,for (int i = 1; it.setPosition(i); i++) {
S3020,SimplePathInterpreter.java,387,list.add(it.getNodePointer());
S3021,SimplePathInterpreter.java,389,NodePointer pointer =
S3022,SimplePathInterpreter.java,397,if (pointer != null) {
S3023,SimplePathInterpreter.java,398,return pointer;
S3024,SimplePathInterpreter.java,402,"return createNullPointer(context, parent, steps, currentStep);"
S3025,SimplePathInterpreter.java,414,if (currentPredicate == predicates.length) {
S3026,SimplePathInterpreter.java,415,"return doStep(context, parent, steps, currentStep + 1);"
S3027,SimplePathInterpreter.java,418,Expression predicate = predicates[currentPredicate];
S3028,SimplePathInterpreter.java,419,if (predicate instanceof NameAttributeTest) { // [@name = key1]
S3029,SimplePathInterpreter.java,420,return doPredicateName(
S3030,SimplePathInterpreter.java,429,return doPredicateIndex(
S3031,SimplePathInterpreter.java,443,Expression predicate = predicates[currentPredicate];
S3032,SimplePathInterpreter.java,444,"String key = keyFromPredicate(context, predicate);"
S3033,SimplePathInterpreter.java,445,NodePointer child = valuePointer(parent);
S3034,SimplePathInterpreter.java,446,if (child instanceof PropertyOwnerPointer) {
S3035,SimplePathInterpreter.java,447,PropertyPointer pointer =
S3036,SimplePathInterpreter.java,449,pointer.setPropertyName(key);
S3037,SimplePathInterpreter.java,450,if (pointer.isActual()) {
S3038,SimplePathInterpreter.java,451,return doPredicate(
S3039,SimplePathInterpreter.java,460,else if (child.isCollection()) {
S3040,SimplePathInterpreter.java,467,NodePointer bestMatch = null;
S3041,SimplePathInterpreter.java,468,int bestQuality = 0;
S3042,SimplePathInterpreter.java,469,child = (NodePointer) child.clone();
S3043,SimplePathInterpreter.java,470,int count = child.getLength();
S3044,SimplePathInterpreter.java,471,for (int i = 0; i < count; i++) {
S3045,SimplePathInterpreter.java,472,child.setIndex(i);
S3046,SimplePathInterpreter.java,473,NodePointer valuePointer = valuePointer(child);
S3047,SimplePathInterpreter.java,475,if ((valuePointer instanceof PropertyOwnerPointer)
S3048,SimplePathInterpreter.java,477,pointer =
S3049,SimplePathInterpreter.java,486,"else if (isNameAttributeEqual(valuePointer, key)) {"
S3050,SimplePathInterpreter.java,487,pointer =
S3051,SimplePathInterpreter.java,497,pointer = null;
S3052,SimplePathInterpreter.java,499,if (pointer != null) {
S3053,SimplePathInterpreter.java,500,int quality = computeQuality(pointer);
S3054,SimplePathInterpreter.java,501,if (quality == PERFECT_MATCH) {
S3055,SimplePathInterpreter.java,502,return pointer;
S3056,SimplePathInterpreter.java,504,if (quality > bestQuality) {
S3057,SimplePathInterpreter.java,505,bestMatch = (NodePointer) pointer.clone();
S3058,SimplePathInterpreter.java,506,bestQuality = quality;
S3059,SimplePathInterpreter.java,510,if (bestMatch != null) {
S3060,SimplePathInterpreter.java,511,return bestMatch;
S3061,SimplePathInterpreter.java,518,NodePointer found =
S3062,SimplePathInterpreter.java,526,if (found != null) {
S3063,SimplePathInterpreter.java,527,return found;
S3064,SimplePathInterpreter.java,531,return createNullPointerForPredicates(
S3065,SimplePathInterpreter.java,549,if (parents.size() == 0) {
S3066,SimplePathInterpreter.java,556,if (currentPredicate == predicates.length) {
S3067,SimplePathInterpreter.java,557,NodePointer pointer = (NodePointer) parents.get(0);
S3068,SimplePathInterpreter.java,558,"return doStep(context, pointer, steps, currentStep + 1);"
S3069,SimplePathInterpreter.java,561,Expression predicate = predicates[currentPredicate];
S3070,SimplePathInterpreter.java,562,if (predicate instanceof NameAttributeTest) {
S3071,SimplePathInterpreter.java,563,"String key = keyFromPredicate(context, predicate);"
S3072,SimplePathInterpreter.java,564,List newList = new ArrayList();
S3073,SimplePathInterpreter.java,565,for (int i = 0; i < parents.size(); i++) {
S3074,SimplePathInterpreter.java,566,NodePointer pointer = (NodePointer) parents.get(i);
S3075,SimplePathInterpreter.java,567,"if (isNameAttributeEqual(pointer, key)) {"
S3076,SimplePathInterpreter.java,568,newList.add(pointer);
S3077,SimplePathInterpreter.java,571,if (newList.size() == 0) {
S3078,SimplePathInterpreter.java,572,return null;
S3079,SimplePathInterpreter.java,574,return doPredicatesStandard(
S3080,SimplePathInterpreter.java,586,"int index = indexFromPredicate(context, predicate);"
S3081,SimplePathInterpreter.java,587,if (index < 0 || index >= parents.size()) {
S3082,SimplePathInterpreter.java,588,return null;
S3083,SimplePathInterpreter.java,590,NodePointer ptr = (NodePointer) parents.get(index);
S3084,SimplePathInterpreter.java,591,return doPredicate(
S3085,SimplePathInterpreter.java,610,Expression predicate = predicates[currentPredicate];
S3086,SimplePathInterpreter.java,611,"int index = indexFromPredicate(context, predicate);"
S3087,SimplePathInterpreter.java,612,NodePointer pointer = parent;
S3088,SimplePathInterpreter.java,613,"if (isCollectionElement(pointer, index)) {"
S3089,SimplePathInterpreter.java,614,pointer = (NodePointer) pointer.clone();
S3090,SimplePathInterpreter.java,615,pointer.setIndex(index);
S3091,SimplePathInterpreter.java,616,return doPredicate(
S3092,SimplePathInterpreter.java,624,return createNullPointerForPredicates(
S3093,SimplePathInterpreter.java,641,Object value = predicate.computeValue(context);
S3094,SimplePathInterpreter.java,642,if (value instanceof EvalContext) {
S3095,SimplePathInterpreter.java,645,if (value instanceof NodePointer) {
S3096,SimplePathInterpreter.java,648,if (value == null) {
S3097,SimplePathInterpreter.java,652,if (value instanceof Number) {
S3098,SimplePathInterpreter.java,653,return (int) (InfoSetUtil.doubleValue(value) + 0.5) - 1;
S3099,SimplePathInterpreter.java,665,Expression expr =
S3100,SimplePathInterpreter.java,667,return InfoSetUtil.stringValue(expr.computeValue(context));
S3101,SimplePathInterpreter.java,676,int quality = PERFECT_MATCH;
S3102,SimplePathInterpreter.java,677,while (pointer != null && !pointer.isActual()) {
S3103,SimplePathInterpreter.java,678,quality--;
S3104,SimplePathInterpreter.java,679,pointer = pointer.getImmediateParentPointer();
S3105,SimplePathInterpreter.java,681,return quality;
S3106,SimplePathInterpreter.java,692,NodeIterator it = pointer.attributeIterator(QNAME_NAME);
S3107,SimplePathInterpreter.java,693,return it != null
S3108,SimplePathInterpreter.java,706,return pointer.isActual()
S3109,SimplePathInterpreter.java,718,return pointer == null ? null : pointer.getValuePointer();
S3110,SimplePathInterpreter.java,730,if (currentStep == steps.length) {
S3111,SimplePathInterpreter.java,731,return parent;
S3112,SimplePathInterpreter.java,734,parent = valuePointer(parent);
S3113,SimplePathInterpreter.java,736,Step step = steps[currentStep];
S3114,SimplePathInterpreter.java,738,int axis = step.getAxis();
S3115,SimplePathInterpreter.java,739,if (axis == Compiler.AXIS_CHILD || axis == Compiler.AXIS_ATTRIBUTE) {
S3116,SimplePathInterpreter.java,740,NullPropertyPointer pointer = new NullPropertyPointer(parent);
S3117,SimplePathInterpreter.java,741,QName name = ((NodeNameTest) step.getNodeTest()).getNodeName();
S3118,SimplePathInterpreter.java,742,pointer.setPropertyName(name.toString());
S3119,SimplePathInterpreter.java,743,pointer.setAttribute(axis == Compiler.AXIS_ATTRIBUTE);
S3120,SimplePathInterpreter.java,744,parent = pointer;
S3121,SimplePathInterpreter.java,748,Expression predicates[] = step.getPredicates();
S3122,SimplePathInterpreter.java,749,return createNullPointerForPredicates(
S3123,SimplePathInterpreter.java,766,for (int i = currentPredicate; i < predicates.length; i++) {
S3124,SimplePathInterpreter.java,767,Expression predicate = predicates[i];
S3125,SimplePathInterpreter.java,768,if (predicate instanceof NameAttributeTest) {
S3126,SimplePathInterpreter.java,769,"String key = keyFromPredicate(context, predicate);"
S3127,SimplePathInterpreter.java,770,parent = valuePointer(parent);
S3128,SimplePathInterpreter.java,771,NullPropertyPointer pointer = new NullPropertyPointer(parent);
S3129,SimplePathInterpreter.java,772,pointer.setNameAttributeValue(key);
S3130,SimplePathInterpreter.java,773,parent = pointer;
S3131,SimplePathInterpreter.java,776,"int index = indexFromPredicate(context, predicate);"
S3132,SimplePathInterpreter.java,777,if (parent instanceof NullPropertyPointer) {
S3133,SimplePathInterpreter.java,778,parent.setIndex(index);
S3134,SimplePathInterpreter.java,781,"parent = new NullElementPointer(parent, index);"
S3135,SimplePathInterpreter.java,786,return createNullPointer(
S3136,SimplePathInterpreter.java,795,if (step.getAxis() == Compiler.AXIS_CHILD) {
S3137,SimplePathInterpreter.java,796,NodeTest nodeTest = step.getNodeTest();
S3138,SimplePathInterpreter.java,797,QName qname = ((NodeNameTest) nodeTest).getNodeName();
S3139,SimplePathInterpreter.java,798,String prefix = qname.getPrefix();
S3140,SimplePathInterpreter.java,799,if (prefix != null) {
S3141,SimplePathInterpreter.java,800,String namespaceURI = context.getJXPathContext()
S3142,SimplePathInterpreter.java,802,"nodeTest = new NodeNameTest(qname, namespaceURI);"
S3143,SimplePathInterpreter.java,804,"return pointer.childIterator(nodeTest, false, null);"
S3144,SimplePathInterpreter.java,807,if (!(step.getNodeTest() instanceof NodeNameTest)) {
S3145,SimplePathInterpreter.java,812,return pointer.attributeIterator(
S3146,SimplePathInterpreter.java,817,return name.getPrefix() != null
S3147,Step.java,30,"protected Step(int axis, NodeTest nodeTest, Expression[] predicates) {"
S3148,Step.java,31,this.axis = axis;
S3149,Step.java,32,this.nodeTest = nodeTest;
S3150,Step.java,33,this.predicates = predicates;
S3151,Step.java,37,return axis;
S3152,Step.java,41,return nodeTest;
S3153,Step.java,45,return predicates;
S3154,Step.java,60,StringBuffer buffer = new StringBuffer();
S3155,Step.java,61,int axis = getAxis();
S3156,Step.java,62,if (axis == Compiler.AXIS_CHILD) {
S3157,Step.java,63,buffer.append(nodeTest);
S3158,Step.java,65,else if (axis == Compiler.AXIS_ATTRIBUTE) {
S3159,Step.java,66,buffer.append('@');
S3160,Step.java,67,buffer.append(nodeTest);
S3161,Step.java,69,else if (axis == Compiler.AXIS_SELF
S3162,Step.java,73,"buffer.append(""."");"
S3163,Step.java,75,else if (axis == Compiler.AXIS_PARENT
S3164,Step.java,79,"buffer.append("".."");"
S3165,Step.java,81,else if (axis == Compiler.AXIS_DESCENDANT_OR_SELF
S3166,Step.java,86,"buffer.append("""");"
S3167,Step.java,89,buffer.append(axisToString(axis));
S3168,Step.java,90,"buffer.append(""::"");"
S3169,Step.java,91,buffer.append(nodeTest);
S3170,Step.java,93,Expression[] predicates = getPredicates();
S3171,Step.java,94,if (predicates != null) {
S3172,Step.java,95,for (int i = 0; i < predicates.length; i++) {
S3173,Step.java,96,buffer.append('[');
S3174,Step.java,97,buffer.append(predicates[i]);
S3175,Step.java,98,buffer.append(']');
S3176,Step.java,101,return buffer.toString();
S3177,Step.java,105,switch (axis) {
S3178,Step.java,107,"return ""self"";"
S3179,Step.java,111,"return ""parent"";"
S3180,Step.java,113,"return ""ancestor"";"
S3181,Step.java,117,"return ""namespace"";"
S3182,Step.java,119,"return ""preceding"";"
S3183,Step.java,121,"return ""following"";"
S3184,Step.java,123,"return ""descendant"";"
S3185,Step.java,125,"return ""ancestor-or-self"";"
S3186,Step.java,127,"return ""following-sibling"";"
S3187,Step.java,129,"return ""preceding-sibling"";"
S3188,Step.java,131,"return ""descendant-or-self"";"
S3189,Token.java,8,public class Token {
S3190,Token.java,75,switch(ofKind)
S3191,Token.java,77,default : return new Token();
S3192,TreeCompiler.java,26,public class TreeCompiler implements Compiler {
S3193,TreeCompiler.java,28,"private static final QName QNAME_NAME = new QName(null, ""name"");"
S3194,TreeCompiler.java,31,return new Constant(new Double(value));
S3195,TreeCompiler.java,35,return new Constant(value);
S3196,TreeCompiler.java,39,"return new QName(prefix, name);"
S3197,TreeCompiler.java,43,return new CoreOperationAdd(toExpressionArray(arguments));
S3198,TreeCompiler.java,47,return new CoreOperationSubtract(
S3199,TreeCompiler.java,53,"return new CoreOperationMultiply((Expression) left, (Expression) right);"
S3200,TreeCompiler.java,57,"return new CoreOperationDivide((Expression) left, (Expression) right);"
S3201,TreeCompiler.java,61,"return new CoreOperationMod((Expression) left, (Expression) right);"
S3202,TreeCompiler.java,65,"return new CoreOperationLessThan((Expression) left, (Expression) right);"
S3203,TreeCompiler.java,69,return new CoreOperationLessThanOrEqual(
S3204,TreeCompiler.java,75,return new CoreOperationGreaterThan(
S3205,TreeCompiler.java,81,return new CoreOperationGreaterThanOrEqual(
S3206,TreeCompiler.java,87,return isNameAttributeTest((Expression) left)
S3207,TreeCompiler.java,93,"return new CoreOperationNotEqual((Expression) left, (Expression) right);"
S3208,TreeCompiler.java,97,return new CoreOperationNegate((Expression) argument);
S3209,TreeCompiler.java,101,return new VariableReference((QName) qName);
S3210,TreeCompiler.java,105,"return new CoreFunction(code, toExpressionArray(args));"
S3211,TreeCompiler.java,109,"return new ExtensionFunction((QName) name, toExpressionArray(args));"
S3212,TreeCompiler.java,113,return new CoreOperationAnd(toExpressionArray(arguments));
S3213,TreeCompiler.java,117,return new CoreOperationOr(toExpressionArray(arguments));
S3214,TreeCompiler.java,121,return new CoreOperationUnion(toExpressionArray(arguments));
S3215,TreeCompiler.java,125,"return new LocationPath(absolute, toStepArray(steps));"
S3216,TreeCompiler.java,133,return new ExpressionPath(
S3217,TreeCompiler.java,140,return new NodeNameTest((QName) qname);
S3218,TreeCompiler.java,144,return new NodeTypeTest(nodeType);
S3219,TreeCompiler.java,148,return new ProcessingInstructionTest(instruction);
S3220,TreeCompiler.java,152,return new Step(
S3221,TreeCompiler.java,159,Expression expArray[] = null;
S3222,TreeCompiler.java,160,if (array != null) {
S3223,TreeCompiler.java,161,expArray = new Expression[array.length];
S3224,TreeCompiler.java,162,for (int i = 0; i < expArray.length; i++) {
S3225,TreeCompiler.java,163,expArray[i] = (Expression) array[i];
S3226,TreeCompiler.java,166,return expArray;
S3227,TreeCompiler.java,170,Step stepArray[] = null;
S3228,TreeCompiler.java,171,if (array != null) {
S3229,TreeCompiler.java,172,stepArray = new Step[array.length];
S3230,TreeCompiler.java,173,for (int i = 0; i < stepArray.length; i++) {
S3231,TreeCompiler.java,174,stepArray[i] = (Step) array[i];
S3232,TreeCompiler.java,177,return stepArray;
S3233,TreeCompiler.java,181,if (!(arg instanceof LocationPath)) {
S3234,TreeCompiler.java,182,return false;
S3235,TreeCompiler.java,185,Step[] steps = ((LocationPath) arg).getSteps();
S3236,TreeCompiler.java,186,if (steps.length != 1) {
S3237,TreeCompiler.java,189,if (steps[0].getAxis() != Compiler.AXIS_ATTRIBUTE) {
S3238,TreeCompiler.java,190,return false;
S3239,TreeCompiler.java,192,NodeTest test = steps[0].getNodeTest();
S3240,TreeCompiler.java,193,if (!(test instanceof NodeNameTest)) {
S3241,TreeCompiler.java,196,if (!((NodeNameTest) test).getNodeName().equals(QNAME_NAME)) {
S3242,TreeCompiler.java,197,return false;
S3243,TreeCompiler.java,199,return true;
S3244,TypeUtils.java,28,private static TypeConverter typeConverter = new BasicTypeConverter();
S3245,TypeUtils.java,29,private static final HashMap PRIMITIVE_TYPE_MAP = new HashMap() {
S3246,TypeUtils.java,31,"put(int.class, Integer.class);"
S3247,TypeUtils.java,32,"put(byte.class, Byte.class);"
S3248,TypeUtils.java,33,"put(short.class, Short.class);"
S3249,TypeUtils.java,34,"put(char.class, Character.class);"
S3250,TypeUtils.java,35,"put(long.class, Long.class);"
S3251,TypeUtils.java,36,"put(float.class, Float.class);"
S3252,TypeUtils.java,37,"put(double.class, Double.class);"
S3253,TypeUtils.java,38,"put(boolean.class, Boolean.class);"
S3254,TypeUtils.java,46,typeConverter = converter;
S3255,TypeUtils.java,53,return typeConverter;
S3256,TypeUtils.java,61,"return typeConverter.canConvert(object, toType);"
S3257,TypeUtils.java,69,"return typeConverter.convert(object, toType);"
S3258,TypeUtils.java,79,return p.isPrimitive() ? (Class) PRIMITIVE_TYPE_MAP.get(p) : p;
S3259,UnionContext.java,37,"super(parentContext, new BasicNodeSet());"
S3260,UnionContext.java,38,this.contexts = contexts;
S3261,UnionContext.java,42,return contexts.length > 1 ? 1 : super.getDocumentOrder();
S3262,UnionContext.java,46,if (!prepared) {
S3263,UnionContext.java,47,prepared = true;
S3264,UnionContext.java,48,BasicNodeSet nodeSet = (BasicNodeSet) getNodeSet();
S3265,UnionContext.java,49,HashSet set = new HashSet();
S3266,UnionContext.java,50,for (int i = 0; i < contexts.length; i++) {
S3267,UnionContext.java,51,EvalContext ctx = (EvalContext) contexts[i];
S3268,UnionContext.java,52,while (ctx.nextSet()) {
S3269,UnionContext.java,53,while (ctx.nextNode()) {
S3270,UnionContext.java,54,NodePointer ptr = ctx.getCurrentNodePointer();
S3271,UnionContext.java,55,if (!set.contains(ptr)) {
S3272,UnionContext.java,56,nodeSet.add(ptr);
S3273,UnionContext.java,57,set.add(ptr);
S3274,UnionContext.java,63,return super.setPosition(position);
S3275,ValueUtils.java,44,private static Map dynamicPropertyHandlerMap = new HashMap();
S3276,ValueUtils.java,51,if (value == null) {
S3277,ValueUtils.java,52,return false;
S3278,ValueUtils.java,54,value = getValue(value);
S3279,ValueUtils.java,55,if (value.getClass().isArray()) {
S3280,ValueUtils.java,56,return true;
S3281,ValueUtils.java,58,if (value instanceof Collection) {
S3282,ValueUtils.java,59,return true;
S3283,ValueUtils.java,61,return false;
S3284,ValueUtils.java,70,if (clazz.isArray()) {
S3285,ValueUtils.java,71,return 1;
S3286,ValueUtils.java,74,if (Collection.class.isAssignableFrom(clazz)) {
S3287,ValueUtils.java,75,return 1;
S3288,ValueUtils.java,78,if (clazz.isPrimitive()) {
S3289,ValueUtils.java,79,return -1;
S3290,ValueUtils.java,82,if (clazz.isInterface()) {
S3291,ValueUtils.java,83,return 0;
S3292,ValueUtils.java,86,if (Modifier.isFinal(clazz.getModifiers())) {
S3293,ValueUtils.java,87,return -1;
S3294,ValueUtils.java,90,return 0;
S3295,ValueUtils.java,105,if (pd.getReadMethod() != null) {
S3296,ValueUtils.java,106,"return getLength(getValue(object, pd));"
S3297,ValueUtils.java,109,Method readMethod = pd.getIndexedReadMethod();
S3298,ValueUtils.java,110,if (readMethod == null) {
S3299,ValueUtils.java,115,for (int i = 0; i < UNKNOWN_LENGTH_MAX_COUNT; i++) {
S3300,ValueUtils.java,117,"readMethod.invoke(object, new Object[] { new Integer(i)});"
S3301,ValueUtils.java,119,catch (Throwable t) {
S3302,ValueUtils.java,120,return i;
S3303,ValueUtils.java,134,if (collection == null) {
S3304,ValueUtils.java,135,return 0;
S3305,ValueUtils.java,137,collection = getValue(collection);
S3306,ValueUtils.java,138,if (collection.getClass().isArray()) {
S3307,ValueUtils.java,139,return Array.getLength(collection);
S3308,ValueUtils.java,141,if (collection instanceof Collection) {
S3309,ValueUtils.java,142,return ((Collection) collection).size();
S3310,ValueUtils.java,144,return 1;
S3311,ValueUtils.java,153,if (collection == null) {
S3312,ValueUtils.java,156,if (collection.getClass().isArray()) {
S3313,ValueUtils.java,167,if (collection instanceof Collection) {
S3314,ValueUtils.java,170,return Collections.singletonList(collection).iterator();
S3315,ValueUtils.java,178,if (collection == null) {
S3316,ValueUtils.java,181,if (collection.getClass().isArray()) {
S3317,ValueUtils.java,182,Object bigger =
S3318,ValueUtils.java,186,System.arraycopy(
S3319,ValueUtils.java,192,return bigger;
S3320,ValueUtils.java,194,if (collection instanceof Collection) {
S3321,ValueUtils.java,195,while (((Collection) collection).size() < size) {
S3322,ValueUtils.java,196,((Collection) collection).add(null);
S3323,ValueUtils.java,198,return collection;
S3324,ValueUtils.java,211,collection = getValue(collection);
S3325,ValueUtils.java,212,if (collection == null) {
S3326,ValueUtils.java,215,if (collection.getClass().isArray()) {
S3327,ValueUtils.java,216,int length = Array.getLength(collection);
S3328,ValueUtils.java,217,Object smaller =
S3329,ValueUtils.java,221,if (index > 0) {
S3330,ValueUtils.java,224,if (index < length - 1) {
S3331,ValueUtils.java,225,System.arraycopy(
S3332,ValueUtils.java,232,return smaller;
S3333,ValueUtils.java,234,if (collection instanceof List) {
S3334,ValueUtils.java,235,int size = ((List) collection).size();
S3335,ValueUtils.java,236,if (index < size) {
S3336,ValueUtils.java,237,((List) collection).remove(index);
S3337,ValueUtils.java,239,return collection;
S3338,ValueUtils.java,267,collection = getValue(collection);
S3339,ValueUtils.java,268,Object value = collection;
S3340,ValueUtils.java,269,if (collection != null) {
S3341,ValueUtils.java,270,if (collection.getClass().isArray()) {
S3342,ValueUtils.java,271,if (index < 0 || index >= Array.getLength(collection)) {
S3343,ValueUtils.java,274,"value = Array.get(collection, index);"
S3344,ValueUtils.java,276,else if (collection instanceof List) {
S3345,ValueUtils.java,277,if (index < 0 || index >= ((List) collection).size()) {
S3346,ValueUtils.java,280,value = ((List) collection).get(index);
S3347,ValueUtils.java,282,else if (collection instanceof Collection) {
S3348,ValueUtils.java,283,int i = 0;
S3349,ValueUtils.java,284,Iterator it = ((Collection) collection).iterator();
S3350,ValueUtils.java,285,for (; i < index; i++) {
S3351,ValueUtils.java,286,it.next();
S3352,ValueUtils.java,288,if (it.hasNext()) {
S3353,ValueUtils.java,289,value = it.next();
S3354,ValueUtils.java,296,return value;
S3355,ValueUtils.java,304,collection = getValue(collection);
S3356,ValueUtils.java,305,if (collection != null) {
S3357,ValueUtils.java,306,if (collection.getClass().isArray()) {
S3358,ValueUtils.java,307,Array.set(
S3359,ValueUtils.java,312,else if (collection instanceof List) {
S3360,ValueUtils.java,313,"((List) collection).set(index, value);"
S3361,ValueUtils.java,333,Method method =
S3362,ValueUtils.java,335,if (method == null) {
S3363,ValueUtils.java,338,"value = method.invoke(bean, new Object[0]);"
S3364,ValueUtils.java,340,catch (Exception ex) {
S3365,ValueUtils.java,341,throw new JXPathException(
S3366,ValueUtils.java,348,return value;
S3367,ValueUtils.java,361,Method method =
S3368,ValueUtils.java,363,if (method == null) {
S3369,ValueUtils.java,366,"value = convert(value, propertyDescriptor.getPropertyType());"
S3370,ValueUtils.java,367,"value = method.invoke(bean, new Object[] { value });"
S3371,ValueUtils.java,381,"return TypeUtils.convert(value, type);"
S3372,ValueUtils.java,402,if (propertyDescriptor instanceof IndexedPropertyDescriptor) {
S3373,ValueUtils.java,404,IndexedPropertyDescriptor ipd =
S3374,ValueUtils.java,406,Method method = ipd.getIndexedReadMethod();
S3375,ValueUtils.java,407,if (method != null) {
S3376,ValueUtils.java,408,return method.invoke(
S3377,ValueUtils.java,431,"return getValue(getValue(bean, propertyDescriptor), index);"
S3378,ValueUtils.java,445,if (propertyDescriptor instanceof IndexedPropertyDescriptor) {
S3379,ValueUtils.java,468,"Object collection = getValue(bean, propertyDescriptor);"
S3380,ValueUtils.java,469,if (isCollection(collection)) {
S3381,ValueUtils.java,470,"setValue(collection, index, value);"
S3382,ValueUtils.java,486,while (object instanceof Container) {
S3383,ValueUtils.java,487,object = ((Container) object).getValue();
S3384,ValueUtils.java,489,return object;
S3385,ValueUtils.java,498,DynamicPropertyHandler handler =
S3386,ValueUtils.java,500,if (handler == null) {
S3387,ValueUtils.java,502,handler = (DynamicPropertyHandler) clazz.newInstance();
S3388,ValueUtils.java,510,"dynamicPropertyHandlerMap.put(clazz, handler);"
S3389,ValueUtils.java,512,return handler;
S3390,ValueUtils.java,532,if (method == null) {
S3391,ValueUtils.java,537,if (!Modifier.isPublic(method.getModifiers())) {
S3392,ValueUtils.java,542,Class clazz = method.getDeclaringClass();
S3393,ValueUtils.java,543,if (Modifier.isPublic(clazz.getModifiers())) {
S3394,ValueUtils.java,544,return (method);
S3395,ValueUtils.java,547,String name = method.getName();
S3396,ValueUtils.java,548,Class[] parameterTypes = method.getParameterTypes();
S3397,ValueUtils.java,549,while (clazz != null) {
S3398,ValueUtils.java,551,"Method aMethod = getAccessibleMethodFromInterfaceNest(clazz,"
S3399,ValueUtils.java,553,if (aMethod != null) {
S3400,ValueUtils.java,554,return aMethod;
S3401,ValueUtils.java,587,Method method = null;
S3402,ValueUtils.java,590,Class interfaces[] = clazz.getInterfaces();
S3403,ValueUtils.java,591,for (int i = 0; i < interfaces.length; i++) {
S3404,ValueUtils.java,594,if (!Modifier.isPublic(interfaces[i].getModifiers())) {
S3405,ValueUtils.java,600,method =
S3406,ValueUtils.java,606,if (method != null) {
S3407,ValueUtils.java,607,break;
S3408,ValueUtils.java,622,return (method);
S3409,VariablePointer.java,44,super(null);
S3410,VariablePointer.java,45,this.variables = variables;
S3411,VariablePointer.java,46,this.name = name;
S3412,VariablePointer.java,47,actual = true;
S3413,VariablePointer.java,51,super(null);
S3414,VariablePointer.java,52,this.name = name;
S3415,VariablePointer.java,53,actual = false;
S3416,VariablePointer.java,57,return true;
S3417,VariablePointer.java,61,return name;
S3418,VariablePointer.java,65,if (!actual) {
S3419,VariablePointer.java,68,return variables.getVariable(name.toString());
S3420,VariablePointer.java,72,Object value = getNode();
S3421,VariablePointer.java,73,return value == null || JXPathIntrospector.getBeanInfo(value.getClass()).isAtomic();
S3422,VariablePointer.java,77,Object value = getBaseValue();
S3423,VariablePointer.java,78,return value != null && ValueUtils.isCollection(value);
S3424,VariablePointer.java,82,Object value = getBaseValue();
S3425,VariablePointer.java,83,return index == WHOLE_COLLECTION ? ValueUtils.getValue(value)
S3426,VariablePointer.java,88,if (!actual) {
S3427,VariablePointer.java,89,"throw new JXPathException(""Cannot set undefined variable: "" + name);"
S3428,VariablePointer.java,91,valuePointer = null;
S3429,VariablePointer.java,92,if (index != WHOLE_COLLECTION) {
S3430,VariablePointer.java,93,Object collection = getBaseValue();
S3431,VariablePointer.java,94,"ValueUtils.setValue(collection, index, value);"
S3432,VariablePointer.java,97,"variables.declareVariable(name.toString(), value);"
S3433,VariablePointer.java,102,return actual;
S3434,VariablePointer.java,106,super.setIndex(index);
S3435,VariablePointer.java,107,valuePointer = null;
S3436,VariablePointer.java,111,if (valuePointer == null) {
S3437,VariablePointer.java,112,Object value = null;
S3438,VariablePointer.java,113,if (actual) {
S3439,VariablePointer.java,114,value = getImmediateNode();
S3440,VariablePointer.java,115,valuePointer =
S3441,VariablePointer.java,119,"return new NullPointer(this, getName()) {"
S3442,VariablePointer.java,127,return valuePointer;
S3443,VariablePointer.java,131,if (actual) {
S3444,VariablePointer.java,132,Object value = getBaseValue();
S3445,VariablePointer.java,133,return value == null ? 1 : ValueUtils.getLength(value);
S3446,VariablePointer.java,139,if (actual) {
S3447,VariablePointer.java,143,NodePointer ptr = createPath(context);
S3448,VariablePointer.java,144,ptr.setValue(value);
S3449,VariablePointer.java,145,return ptr;
S3450,VariablePointer.java,149,if (!actual) {
S3451,VariablePointer.java,150,AbstractFactory factory = getAbstractFactory(context);
S3452,VariablePointer.java,151,"if (!factory.declareVariable(context, name.toString())) {"
S3453,VariablePointer.java,156,findVariables(context);
S3454,VariablePointer.java,159,return this;
S3455,VariablePointer.java,167,"Object collection = createCollection(context, index);"
S3456,VariablePointer.java,168,if (!isActual() || (index != 0 && index != WHOLE_COLLECTION)) {
S3457,VariablePointer.java,169,AbstractFactory factory = getAbstractFactory(context);
S3458,VariablePointer.java,170,boolean success =
S3459,VariablePointer.java,177,if (!success) {
S3460,VariablePointer.java,181,NodePointer cln = (NodePointer) clone();
S3461,VariablePointer.java,182,cln.setIndex(index);
S3462,VariablePointer.java,183,return cln;
S3463,VariablePointer.java,194,"Object collection = createCollection(context, index);"
S3464,VariablePointer.java,195,"ValueUtils.setValue(collection, index, value);"
S3465,VariablePointer.java,196,NodePointer cl = (NodePointer) clone();
S3466,VariablePointer.java,197,cl.setIndex(index);
S3467,VariablePointer.java,198,return cl;
S3468,VariablePointer.java,202,createPath(context);
S3469,VariablePointer.java,204,Object collection = getBaseValue();
S3470,VariablePointer.java,205,if (collection == null) {
S3471,VariablePointer.java,213,if (index == WHOLE_COLLECTION) {
S3472,VariablePointer.java,216,else if (index < 0) {
S3473,VariablePointer.java,221,if (index >= getLength()) {
S3474,VariablePointer.java,222,"collection = ValueUtils.expandCollection(collection, index + 1);"
S3475,VariablePointer.java,223,"variables.declareVariable(name.toString(), collection);"
S3476,VariablePointer.java,226,return collection;
S3477,VariablePointer.java,230,if (actual) {
S3478,VariablePointer.java,231,if (index == WHOLE_COLLECTION) {
S3479,VariablePointer.java,232,variables.undeclareVariable(name.toString());
S3480,VariablePointer.java,235,if (index < 0) {
S3481,VariablePointer.java,240,Object collection = getBaseValue();
S3482,VariablePointer.java,241,if (collection != null && index < getLength()) {
S3483,VariablePointer.java,242,"collection = ValueUtils.remove(collection, index);"
S3484,VariablePointer.java,243,"variables.declareVariable(name.toString(), collection);"
S3485,VariablePointer.java,250,valuePointer = null;
S3486,VariablePointer.java,251,JXPathContext varCtx = context;
S3487,VariablePointer.java,252,while (varCtx != null) {
S3488,VariablePointer.java,253,variables = varCtx.getVariables();
S3489,VariablePointer.java,254,if (variables.isDeclaredVariable(name.toString())) {
S3490,VariablePointer.java,255,actual = true;
S3491,VariablePointer.java,256,break;
S3492,VariablePointer.java,264,return (actual ? System.identityHashCode(variables) : 0)
S3493,VariablePointer.java,285,StringBuffer buffer = new StringBuffer();
S3494,VariablePointer.java,286,buffer.append('$');
S3495,VariablePointer.java,287,buffer.append(name);
S3496,VariablePointer.java,288,if (!actual) {
S3497,VariablePointer.java,289,if (index != WHOLE_COLLECTION) {
S3498,VariablePointer.java,293,else if (
S3499,VariablePointer.java,296,buffer.append('[').append(index + 1).append(']');
S3500,VariablePointer.java,298,return buffer.toString();
S3501,VariablePointer.java,306,"return getValuePointer().childIterator(test, reverse, startWith);"
S3502,VariablePointer.java,322,return getValuePointer().testNode(nodeTest);
S3503,VariablePointer.java,326,AbstractFactory factory = context.getFactory();
S3504,VariablePointer.java,327,if (factory == null) {
S3505,VariablePointer.java,332,return factory;
S3506,VariablePointerFactory.java,31,public class VariablePointerFactory implements NodePointerFactory {
S3507,VariablePointerFactory.java,37,public static class VariableContextWrapper {
S3508,VariablePointerFactory.java,40,private VariableContextWrapper(JXPathContext context) {
S3509,VariablePointerFactory.java,41,this.context = context;
S3510,VariablePointerFactory.java,51,return new VariableContextWrapper(context);
S3511,VariablePointerFactory.java,62,if (object instanceof VariableContextWrapper) {
S3512,VariablePointerFactory.java,63,JXPathContext varCtx = ((VariableContextWrapper) object).context;
S3513,VariablePointerFactory.java,64,while (varCtx != null) {
S3514,VariablePointerFactory.java,65,Variables vars = varCtx.getVariables();
S3515,VariablePointerFactory.java,66,if (vars.isDeclaredVariable(name.toString())) {
S3516,VariablePointerFactory.java,67,"return new VariablePointer(vars, name);"
S3517,VariablePointerFactory.java,69,varCtx = varCtx.getParentContext();
S3518,VariablePointerFactory.java,74,return new VariablePointer(name);
S3519,VariablePointerFactory.java,76,return null;
S3520,VariablePointerFactory.java,87,"return createNodePointer(name, object, null);"
S3521,VariablePointerFactory.java,96,return VARIABLE_POINTER_FACTORY_ORDER;
S3522,VariableReference.java,32,public VariableReference(QName varName) {
S3523,VariableReference.java,33,this.varName = varName;
S3524,VariableReference.java,41,"return ""$"" + varName;"
S3525,VariableReference.java,53,return computeValue(context);
S3526,VariableReference.java,60,return context.getRootContext().getVariableContext(varName);
S3527,XMLParser2.java,28,public abstract class XMLParser2 implements XMLParser
S3528,XMLParser2.java,30,private boolean validating = false;
S3529,XMLParser2.java,31,private boolean namespaceAware = true;
S3530,XMLParser2.java,32,private boolean whitespace = false;
S3531,XMLParser2.java,33,private boolean expandEntityRef = true;
S3532,XMLParser2.java,34,private boolean ignoreComments = false;
S3533,XMLParser2.java,35,private boolean coalescing = false;
S3534,XMLParser2.java,41,this.validating = validating;
S3535,XMLParser2.java,48,return validating;
S3536,XMLParser2.java,55,return namespaceAware;
S3537,XMLParser2.java,62,this.namespaceAware = namespaceAware;
S3538,XMLParser2.java,69,this.whitespace = whitespace;
S3539,XMLParser2.java,76,return whitespace;
S3540,XMLParser2.java,83,return expandEntityRef;
S3541,XMLParser2.java,90,this.expandEntityRef = expandEntityRef;
S3542,XMLParser2.java,97,return ignoreComments;
S3543,XMLParser2.java,104,this.ignoreComments = ignoreComments;
S3544,XMLParser2.java,111,return coalescing;
S3545,XMLParser2.java,118,this.coalescing = coalescing;
S3546,XPathParser.java,11,this.compiler = compiler;
S3547,XPathParser.java,15,"int index = string.indexOf(""&apos;"");"
S3548,XPathParser.java,16,while (index != -1){
S3549,XPathParser.java,17,"string = string.substring(0, index) + ""\'"" + string.substring(index + 6);"
S3550,XPathParser.java,18,"index = string.indexOf(""&apos;"");"
S3551,XPathParser.java,20,"index = string.indexOf(""&quot;"");"
S3552,XPathParser.java,21,while (index != -1){
S3553,XPathParser.java,22,"string = string.substring(0, index) + ""\"""" + string.substring(index + 6);"
S3554,XPathParser.java,23,"index = string.indexOf(""&quot;"");"
S3555,XPathParser.java,25,return string;
S3556,XPathParser.java,30,switch (jj_nt.kind) {
S3557,XPathParser.java,36,NCName_Without_CoreFunctions();
S3558,XPathParser.java,37,break;
S3559,XPathParser.java,42,jj_consume_token(TEXT);
S3560,XPathParser.java,43,break;
S3561,XPathParser.java,57,jj_consume_token(FUNCTION_COUNT);
S3562,XPathParser.java,58,break;
S3563,XPathParser.java,60,jj_consume_token(FUNCTION_ID);
S3564,XPathParser.java,61,break;
S3565,XPathParser.java,69,jj_consume_token(FUNCTION_NAME);
S3566,XPathParser.java,70,break;
S3567,XPathParser.java,72,jj_consume_token(FUNCTION_STRING);
S3568,XPathParser.java,73,break;
S3569,XPathParser.java,90,jj_consume_token(FUNCTION_SUBSTRING);
S3570,XPathParser.java,91,break;
S3571,XPathParser.java,102,jj_consume_token(FUNCTION_BOOLEAN);
S3572,XPathParser.java,103,break;
S3573,XPathParser.java,111,jj_consume_token(FUNCTION_FALSE);
S3574,XPathParser.java,112,break;
S3575,XPathParser.java,114,jj_consume_token(FUNCTION_NULL);
S3576,XPathParser.java,115,break;
S3577,XPathParser.java,145,{if (true) return token.image;}
S3578,XPathParser.java,150,switch (jj_nt.kind) {
S3579,XPathParser.java,152,jj_consume_token(NCName);
S3580,XPathParser.java,153,break;
S3581,XPathParser.java,171,{if (true) return token.image;}
S3582,XPathParser.java,177,switch (jj_nt.kind) {
S3583,XPathParser.java,179,jj_consume_token(FUNCTION_LAST);
S3584,XPathParser.java,180,code = Compiler.FUNCTION_LAST;
S3585,XPathParser.java,181,break;
S3586,XPathParser.java,183,jj_consume_token(FUNCTION_POSITION);
S3587,XPathParser.java,184,code = Compiler.FUNCTION_POSITION;
S3588,XPathParser.java,185,break;
S3589,XPathParser.java,187,jj_consume_token(FUNCTION_COUNT);
S3590,XPathParser.java,188,code = Compiler.FUNCTION_COUNT;
S3591,XPathParser.java,189,break;
S3592,XPathParser.java,191,jj_consume_token(FUNCTION_ID);
S3593,XPathParser.java,192,code = Compiler.FUNCTION_ID;
S3594,XPathParser.java,193,break;
S3595,XPathParser.java,195,jj_consume_token(FUNCTION_LOCAL_NAME);
S3596,XPathParser.java,196,code = Compiler.FUNCTION_LOCAL_NAME;
S3597,XPathParser.java,197,break;
S3598,XPathParser.java,199,jj_consume_token(FUNCTION_NAMESPACE_URI);
S3599,XPathParser.java,200,code = Compiler.FUNCTION_NAMESPACE_URI;
S3600,XPathParser.java,201,break;
S3601,XPathParser.java,203,jj_consume_token(FUNCTION_NAME);
S3602,XPathParser.java,204,code = Compiler.FUNCTION_NAME;
S3603,XPathParser.java,205,break;
S3604,XPathParser.java,207,jj_consume_token(FUNCTION_STRING);
S3605,XPathParser.java,208,code = Compiler.FUNCTION_STRING;
S3606,XPathParser.java,209,break;
S3607,XPathParser.java,211,jj_consume_token(FUNCTION_CONCAT);
S3608,XPathParser.java,212,code = Compiler.FUNCTION_CONCAT;
S3609,XPathParser.java,213,break;
S3610,XPathParser.java,215,jj_consume_token(FUNCTION_STARTS_WITH);
S3611,XPathParser.java,216,code = Compiler.FUNCTION_STARTS_WITH;
S3612,XPathParser.java,217,break;
S3613,XPathParser.java,219,jj_consume_token(FUNCTION_CONTAINS);
S3614,XPathParser.java,220,code = Compiler.FUNCTION_CONTAINS;
S3615,XPathParser.java,221,break;
S3616,XPathParser.java,223,jj_consume_token(FUNCTION_SUBSTRING_BEFORE);
S3617,XPathParser.java,224,code = Compiler.FUNCTION_SUBSTRING_BEFORE;
S3618,XPathParser.java,225,break;
S3619,XPathParser.java,227,jj_consume_token(FUNCTION_SUBSTRING_AFTER);
S3620,XPathParser.java,228,code = Compiler.FUNCTION_SUBSTRING_AFTER;
S3621,XPathParser.java,229,break;
S3622,XPathParser.java,231,jj_consume_token(FUNCTION_SUBSTRING);
S3623,XPathParser.java,232,code = Compiler.FUNCTION_SUBSTRING;
S3624,XPathParser.java,233,break;
S3625,XPathParser.java,235,jj_consume_token(FUNCTION_STRING_LENGTH);
S3626,XPathParser.java,236,code = Compiler.FUNCTION_STRING_LENGTH;
S3627,XPathParser.java,237,break;
S3628,XPathParser.java,239,jj_consume_token(FUNCTION_NORMALIZE_SPACE);
S3629,XPathParser.java,240,code = Compiler.FUNCTION_NORMALIZE_SPACE;
S3630,XPathParser.java,241,break;
S3631,XPathParser.java,243,jj_consume_token(FUNCTION_TRANSLATE);
S3632,XPathParser.java,244,code = Compiler.FUNCTION_TRANSLATE;
S3633,XPathParser.java,245,break;
S3634,XPathParser.java,247,jj_consume_token(FUNCTION_BOOLEAN);
S3635,XPathParser.java,248,code = Compiler.FUNCTION_BOOLEAN;
S3636,XPathParser.java,249,break;
S3637,XPathParser.java,251,jj_consume_token(FUNCTION_NOT);
S3638,XPathParser.java,252,code = Compiler.FUNCTION_NOT;
S3639,XPathParser.java,253,break;
S3640,XPathParser.java,255,jj_consume_token(FUNCTION_TRUE);
S3641,XPathParser.java,256,code = Compiler.FUNCTION_TRUE;
S3642,XPathParser.java,257,break;
S3643,XPathParser.java,259,jj_consume_token(FUNCTION_FALSE);
S3644,XPathParser.java,260,code = Compiler.FUNCTION_FALSE;
S3645,XPathParser.java,261,break;
S3646,XPathParser.java,263,jj_consume_token(FUNCTION_NULL);
S3647,XPathParser.java,264,code = Compiler.FUNCTION_NULL;
S3648,XPathParser.java,265,break;
S3649,XPathParser.java,267,jj_consume_token(FUNCTION_LANG);
S3650,XPathParser.java,268,code = Compiler.FUNCTION_LANG;
S3651,XPathParser.java,269,break;
S3652,XPathParser.java,271,jj_consume_token(FUNCTION_NUMBER);
S3653,XPathParser.java,272,code = Compiler.FUNCTION_NUMBER;
S3654,XPathParser.java,273,break;
S3655,XPathParser.java,275,jj_consume_token(FUNCTION_SUM);
S3656,XPathParser.java,276,code = Compiler.FUNCTION_SUM;
S3657,XPathParser.java,277,break;
S3658,XPathParser.java,279,jj_consume_token(FUNCTION_FLOOR);
S3659,XPathParser.java,280,code = Compiler.FUNCTION_FLOOR;
S3660,XPathParser.java,281,break;
S3661,XPathParser.java,283,jj_consume_token(FUNCTION_CEILING);
S3662,XPathParser.java,284,code = Compiler.FUNCTION_CEILING;
S3663,XPathParser.java,285,break;
S3664,XPathParser.java,287,jj_consume_token(FUNCTION_ROUND);
S3665,XPathParser.java,288,code = Compiler.FUNCTION_ROUND;
S3666,XPathParser.java,289,break;
S3667,XPathParser.java,291,jj_consume_token(FUNCTION_KEY);
S3668,XPathParser.java,292,code = Compiler.FUNCTION_KEY;
S3669,XPathParser.java,293,break;
S3670,XPathParser.java,295,jj_consume_token(FUNCTION_FORMAT_NUMBER);
S3671,XPathParser.java,296,code = Compiler.FUNCTION_FORMAT_NUMBER;
S3672,XPathParser.java,297,break;
S3673,XPathParser.java,303,{if (true) return code;}
S3674,XPathParser.java,308,"String nc1, nc2 = null;"
S3675,XPathParser.java,309,nc1 = NCName();
S3676,XPathParser.java,310,switch (jj_nt.kind) {
S3677,XPathParser.java,312,jj_consume_token(79);
S3678,XPathParser.java,313,nc2 = NCName();
S3679,XPathParser.java,314,break;
S3680,XPathParser.java,316,jj_la1[3] = jj_gen;
S3681,XPathParser.java,319,if (nc2 == null){
S3682,XPathParser.java,320,"{if (true) return compiler.qname(null, nc1);}"
S3683,XPathParser.java,323,"{if (true) return compiler.qname(nc1, nc2);}"
S3684,XPathParser.java,329,"String nc1, nc2 = null;"
S3685,XPathParser.java,330,if (jj_2_1(2147483647)) {
S3686,XPathParser.java,331,nc1 = NCName();
S3687,XPathParser.java,332,jj_consume_token(79);
S3688,XPathParser.java,333,nc2 = NCName();
S3689,XPathParser.java,335,switch (jj_nt.kind) {
S3690,XPathParser.java,341,nc1 = NCName_Without_CoreFunctions();
S3691,XPathParser.java,342,break;
S3692,XPathParser.java,349,if (nc2 == null){
S3693,XPathParser.java,350,"{if (true) return compiler.qname(null, nc1);}"
S3694,XPathParser.java,353,"{if (true) return compiler.qname(nc1, nc2);}"
S3695,XPathParser.java,360,ex = Expression();
S3696,XPathParser.java,361,jj_consume_token(0);
S3697,XPathParser.java,362,{if (true) return ex;}
S3698,XPathParser.java,438,Object ex = null;
S3699,XPathParser.java,439,switch (jj_nt.kind) {
S3700,XPathParser.java,496,ex = RelativeLocationPath();
S3701,XPathParser.java,497,break;
S3702,XPathParser.java,500,ex = AbsoluteLocationPath();
S3703,XPathParser.java,501,break;
S3704,XPathParser.java,507,{if (true) return ex;}
S3705,XPathParser.java,514,ArrayList steps = new ArrayList();
S3706,XPathParser.java,515,if (jj_2_2(2147483647)) {
S3707,XPathParser.java,516,LocationStep(steps);
S3708,XPathParser.java,519,switch (jj_nt.kind) {
S3709,XPathParser.java,523,break;
S3710,XPathParser.java,525,jj_la1[6] = jj_gen;
S3711,XPathParser.java,526,break label_1;
S3712,XPathParser.java,528,LocationStep(steps);
S3713,XPathParser.java,531,switch (jj_nt.kind) {
S3714,XPathParser.java,533,jj_consume_token(SLASH);
S3715,XPathParser.java,534,break;
S3716,XPathParser.java,541,"{if (true) return compiler.locationPath(true, steps.toArray());}"
S3717,XPathParser.java,547,ArrayList steps = new ArrayList();
S3718,XPathParser.java,548,NodeTest(steps);
S3719,XPathParser.java,551,switch (jj_nt.kind) {
S3720,XPathParser.java,555,break;
S3721,XPathParser.java,557,jj_la1[8] = jj_gen;
S3722,XPathParser.java,558,break label_2;
S3723,XPathParser.java,560,LocationStep(steps);
S3724,XPathParser.java,562,"{if (true) return compiler.locationPath(false, steps.toArray());}"
S3725,XPathParser.java,578,switch (jj_nt.kind) {
S3726,XPathParser.java,580,jj_consume_token(SLASH);
S3727,XPathParser.java,581,break;
S3728,XPathParser.java,583,jj_consume_token(SLASHSLASH);
S3729,XPathParser.java,585,t = compiler.nodeTypeTest(Compiler.NODE_TYPE_NODE);
S3730,XPathParser.java,586,"steps.add(compiler.step(Compiler.AXIS_DESCENDANT_OR_SELF, t, null));"
S3731,XPathParser.java,587,break;
S3732,XPathParser.java,593,NodeTest(steps);
S3733,XPathParser.java,599,int type = -1;
S3734,XPathParser.java,600,String instruction = null;
S3735,XPathParser.java,601,Object name = null;
S3736,XPathParser.java,604,ArrayList ps = new ArrayList();
S3737,XPathParser.java,605,switch (jj_nt.kind) {
S3738,XPathParser.java,660,axis = AxisSpecifier();
S3739,XPathParser.java,661,if (jj_2_3(2147483647)) {
S3740,XPathParser.java,662,type = NodeType();
S3741,XPathParser.java,663,jj_consume_token(80);
S3742,XPathParser.java,664,jj_consume_token(81);
S3743,XPathParser.java,665,} else if (jj_2_4(2147483647)) {
S3744,XPathParser.java,666,jj_consume_token(PI);
S3745,XPathParser.java,667,jj_consume_token(80);
S3746,XPathParser.java,668,jj_consume_token(Literal);
S3747,XPathParser.java,669,"instruction = unescape(token.image.substring(1, token.image.length() - 1));"
S3748,XPathParser.java,670,jj_consume_token(81);
S3749,XPathParser.java,672,switch (jj_nt.kind) {
S3750,XPathParser.java,713,name = WildcardName();
S3751,XPathParser.java,714,break;
S3752,XPathParser.java,723,jj_consume_token(82);
S3753,XPathParser.java,724,axis = Compiler.AXIS_SELF;
S3754,XPathParser.java,725,type = Compiler.NODE_TYPE_NODE;
S3755,XPathParser.java,726,break;
S3756,XPathParser.java,728,jj_consume_token(83);
S3757,XPathParser.java,729,axis = Compiler.AXIS_PARENT;
S3758,XPathParser.java,730,type = Compiler.NODE_TYPE_NODE;
S3759,XPathParser.java,731,break;
S3760,XPathParser.java,739,switch (jj_nt.kind) {
S3761,XPathParser.java,742,break;
S3762,XPathParser.java,744,jj_la1[12] = jj_gen;
S3763,XPathParser.java,745,break label_3;
S3764,XPathParser.java,747,p = Predicate();
S3765,XPathParser.java,748,ps.add(p);
S3766,XPathParser.java,750,if (name != null){
S3767,XPathParser.java,751,s = compiler.nodeNameTest(name);
S3768,XPathParser.java,753,else if (instruction != null){
S3769,XPathParser.java,754,s = compiler.processingInstructionTest(instruction);
S3770,XPathParser.java,757,s = compiler.nodeTypeTest(type);
S3771,XPathParser.java,759,"steps.add(compiler.step(axis, s, ps.toArray()));"
S3772,XPathParser.java,765,switch (jj_nt.kind) {
S3773,XPathParser.java,779,axis = AxisName();
S3774,XPathParser.java,780,break;
S3775,XPathParser.java,782,jj_la1[13] = jj_gen;
S3776,XPathParser.java,783,axis = AbbreviatedAxisSpecifier();
S3777,XPathParser.java,785,{if (true) return axis;}
S3778,XPathParser.java,798,int axis = 0;
S3779,XPathParser.java,799,switch (jj_nt.kind) {
S3780,XPathParser.java,801,jj_consume_token(AXIS_SELF);
S3781,XPathParser.java,802,axis = Compiler.AXIS_SELF;
S3782,XPathParser.java,803,break;
S3783,XPathParser.java,805,jj_consume_token(AXIS_CHILD);
S3784,XPathParser.java,806,axis = Compiler.AXIS_CHILD;
S3785,XPathParser.java,807,break;
S3786,XPathParser.java,809,jj_consume_token(AXIS_PARENT);
S3787,XPathParser.java,810,axis = Compiler.AXIS_PARENT;
S3788,XPathParser.java,811,break;
S3789,XPathParser.java,813,jj_consume_token(AXIS_ANCESTOR);
S3790,XPathParser.java,814,axis = Compiler.AXIS_ANCESTOR;
S3791,XPathParser.java,815,break;
S3792,XPathParser.java,817,jj_consume_token(AXIS_ATTRIBUTE);
S3793,XPathParser.java,818,axis = Compiler.AXIS_ATTRIBUTE;
S3794,XPathParser.java,819,break;
S3795,XPathParser.java,821,jj_consume_token(AXIS_NAMESPACE);
S3796,XPathParser.java,822,axis = Compiler.AXIS_NAMESPACE;
S3797,XPathParser.java,823,break;
S3798,XPathParser.java,825,jj_consume_token(AXIS_PRECEDING);
S3799,XPathParser.java,826,axis = Compiler.AXIS_PRECEDING;
S3800,XPathParser.java,827,break;
S3801,XPathParser.java,829,jj_consume_token(AXIS_FOLLOWING);
S3802,XPathParser.java,830,axis = Compiler.AXIS_FOLLOWING;
S3803,XPathParser.java,831,break;
S3804,XPathParser.java,833,jj_consume_token(AXIS_DESCENDANT);
S3805,XPathParser.java,834,axis = Compiler.AXIS_DESCENDANT;
S3806,XPathParser.java,835,break;
S3807,XPathParser.java,837,jj_consume_token(AXIS_ANCESTOR_OR_SELF);
S3808,XPathParser.java,838,axis = Compiler.AXIS_ANCESTOR_OR_SELF;
S3809,XPathParser.java,839,break;
S3810,XPathParser.java,841,jj_consume_token(AXIS_FOLLOWING_SIBLING);
S3811,XPathParser.java,842,axis = Compiler.AXIS_FOLLOWING_SIBLING;
S3812,XPathParser.java,843,break;
S3813,XPathParser.java,845,jj_consume_token(AXIS_PRECEDING_SIBLING);
S3814,XPathParser.java,846,axis = Compiler.AXIS_PRECEDING_SIBLING;
S3815,XPathParser.java,847,break;
S3816,XPathParser.java,849,jj_consume_token(AXIS_DESCENDANT_OR_SELF);
S3817,XPathParser.java,850,axis = Compiler.AXIS_DESCENDANT_OR_SELF;
S3818,XPathParser.java,851,break;
S3819,XPathParser.java,857,{if (true) return axis;}
S3820,XPathParser.java,873,jj_consume_token(84);
S3821,XPathParser.java,874,ex = Expression();
S3822,XPathParser.java,875,jj_consume_token(85);
S3823,XPathParser.java,876,{if (true) return ex;}
S3824,XPathParser.java,884,int axis = Compiler.AXIS_CHILD;
S3825,XPathParser.java,885,switch (jj_nt.kind) {
S3826,XPathParser.java,887,jj_consume_token(86);
S3827,XPathParser.java,888,axis = Compiler.AXIS_ATTRIBUTE;
S3828,XPathParser.java,889,break;
S3829,XPathParser.java,891,jj_la1[15] = jj_gen;
S3830,XPathParser.java,894,{if (true) return axis;}
S3831,XPathParser.java,919,ex = OrExpr();
S3832,XPathParser.java,920,{if (true) return ex;}
S3833,XPathParser.java,926,Object ex = null;
S3834,XPathParser.java,927,switch (jj_nt.kind) {
S3835,XPathParser.java,929,ex = VariableReference();
S3836,XPathParser.java,930,break;
S3837,XPathParser.java,932,jj_consume_token(80);
S3838,XPathParser.java,933,ex = Expression();
S3839,XPathParser.java,934,jj_consume_token(81);
S3840,XPathParser.java,935,break;
S3841,XPathParser.java,937,jj_consume_token(Literal);
S3842,XPathParser.java,938,"ex = compiler.literal(unescape(token.image.substring(1, token.image.length() - 1)));"
S3843,XPathParser.java,939,break;
S3844,XPathParser.java,941,jj_consume_token(Number);
S3845,XPathParser.java,942,ex = compiler.number(token.image);
S3846,XPathParser.java,943,break;
S3847,XPathParser.java,945,jj_la1[16] = jj_gen;
S3848,XPathParser.java,946,if (jj_2_5(2147483647)) {
S3849,XPathParser.java,947,ex = CoreFunctionCall();
S3850,XPathParser.java,949,switch (jj_nt.kind) {
S3851,XPathParser.java,989,ex = FunctionCall();
S3852,XPathParser.java,990,break;
S3853,XPathParser.java,998,{if (true) return ex;}
S3854,XPathParser.java,1010,name = FunctionName();
S3855,XPathParser.java,1011,args = ArgumentList();
S3856,XPathParser.java,1012,if (args == null){
S3857,XPathParser.java,1013,"{if (true) return compiler.function(name, null);}"
S3858,XPathParser.java,1016,"{if (true) return compiler.function(name, args.toArray());}"
S3859,XPathParser.java,1022,int code = 0;
S3860,XPathParser.java,1024,code = CoreFunctionName();
S3861,XPathParser.java,1025,args = ArgumentList();
S3862,XPathParser.java,1026,if (args == null){
S3863,XPathParser.java,1027,"{if (true) return compiler.function(code, null);}"
S3864,XPathParser.java,1030,"{if (true) return compiler.function(code, args.toArray());}"
S3865,XPathParser.java,1036,ArrayList args = null;
S3866,XPathParser.java,1038,jj_consume_token(80);
S3867,XPathParser.java,1039,switch (jj_nt.kind) {
S3868,XPathParser.java,1103,arg = Argument();
S3869,XPathParser.java,1104,args = new ArrayList(); args.add(arg);
S3870,XPathParser.java,1107,switch (jj_nt.kind) {
S3871,XPathParser.java,1110,break;
S3872,XPathParser.java,1112,jj_la1[18] = jj_gen;
S3873,XPathParser.java,1113,break label_4;
S3874,XPathParser.java,1115,jj_consume_token(87);
S3875,XPathParser.java,1116,arg = Argument();
S3876,XPathParser.java,1117,args.add(arg);
S3877,XPathParser.java,1121,jj_la1[19] = jj_gen;
S3878,XPathParser.java,1124,jj_consume_token(81);
S3879,XPathParser.java,1125,{if (true) return args;}
S3880,XPathParser.java,1132,ex = Expression();
S3881,XPathParser.java,1133,{if (true) return ex;}
S3882,XPathParser.java,1144,ArrayList list = null;
S3883,XPathParser.java,1145,ex = PathExpr();
S3884,XPathParser.java,1148,switch (jj_nt.kind) {
S3885,XPathParser.java,1151,break;
S3886,XPathParser.java,1153,jj_la1[20] = jj_gen;
S3887,XPathParser.java,1154,break label_5;
S3888,XPathParser.java,1156,jj_consume_token(UNION);
S3889,XPathParser.java,1157,r = PathExpr();
S3890,XPathParser.java,1158,if (list == null){
S3891,XPathParser.java,1159,list = new ArrayList();
S3892,XPathParser.java,1160,list.add(ex);
S3893,XPathParser.java,1162,list.add(r);
S3894,XPathParser.java,1164,if (list != null){
S3895,XPathParser.java,1165,ex = compiler.union(list.toArray());
S3896,XPathParser.java,1167,{if (true) return ex;}
S3897,XPathParser.java,1173,Object ex = null;
S3898,XPathParser.java,1175,if (jj_2_6(2147483647)) {
S3899,XPathParser.java,1176,ex = FilterExpr();
S3900,XPathParser.java,1178,switch (jj_nt.kind) {
S3901,XPathParser.java,1237,ex = LocationPath();
S3902,XPathParser.java,1238,break;
S3903,XPathParser.java,1245,{if (true) return ex;}
S3904,XPathParser.java,1252,ArrayList ps = new ArrayList();
S3905,XPathParser.java,1253,boolean path = false;
S3906,XPathParser.java,1254,ArrayList steps = new ArrayList();
S3907,XPathParser.java,1255,ex = PrimaryExpr();
S3908,XPathParser.java,1258,switch (jj_nt.kind) {
S3909,XPathParser.java,1261,break;
S3910,XPathParser.java,1263,jj_la1[22] = jj_gen;
S3911,XPathParser.java,1264,break label_6;
S3912,XPathParser.java,1266,p = Predicate();
S3913,XPathParser.java,1267,path = true;
S3914,XPathParser.java,1268,ps.add(p);
S3915,XPathParser.java,1272,switch (jj_nt.kind) {
S3916,XPathParser.java,1276,break;
S3917,XPathParser.java,1278,jj_la1[23] = jj_gen;
S3918,XPathParser.java,1279,break label_7;
S3919,XPathParser.java,1281,LocationStep(steps);
S3920,XPathParser.java,1282,path = true;
S3921,XPathParser.java,1284,if (path){
S3922,XPathParser.java,1285,"{if (true) return compiler.expressionPath(ex, ps.toArray(), steps.toArray());}"
S3923,XPathParser.java,1288,{if (true) return ex;}
S3924,XPathParser.java,1300,ArrayList list = null;
S3925,XPathParser.java,1301,ex = AndExpr();
S3926,XPathParser.java,1304,switch (jj_nt.kind) {
S3927,XPathParser.java,1307,break;
S3928,XPathParser.java,1309,jj_la1[24] = jj_gen;
S3929,XPathParser.java,1310,break label_8;
S3930,XPathParser.java,1312,jj_consume_token(OR);
S3931,XPathParser.java,1313,r = AndExpr();
S3932,XPathParser.java,1314,if (list == null){
S3933,XPathParser.java,1315,list = new ArrayList();
S3934,XPathParser.java,1316,list.add(ex);
S3935,XPathParser.java,1318,list.add(r);
S3936,XPathParser.java,1320,if (list != null){
S3937,XPathParser.java,1321,ex = compiler.or(list.toArray());
S3938,XPathParser.java,1323,{if (true) return ex;}
S3939,XPathParser.java,1330,ArrayList list = null;
S3940,XPathParser.java,1331,ex = EqualityExpr();
S3941,XPathParser.java,1334,switch (jj_nt.kind) {
S3942,XPathParser.java,1337,break;
S3943,XPathParser.java,1339,jj_la1[25] = jj_gen;
S3944,XPathParser.java,1340,break label_9;
S3945,XPathParser.java,1342,jj_consume_token(AND);
S3946,XPathParser.java,1343,r = EqualityExpr();
S3947,XPathParser.java,1344,if (list == null){
S3948,XPathParser.java,1345,list = new ArrayList();
S3949,XPathParser.java,1346,list.add(ex);
S3950,XPathParser.java,1348,list.add(r);
S3951,XPathParser.java,1350,if (list != null){
S3952,XPathParser.java,1351,ex = compiler.and(list.toArray());
S3953,XPathParser.java,1353,{if (true) return ex;}
S3954,XPathParser.java,1360,ex = RelationalExpr();
S3955,XPathParser.java,1363,switch (jj_nt.kind) {
S3956,XPathParser.java,1367,break;
S3957,XPathParser.java,1369,jj_la1[26] = jj_gen;
S3958,XPathParser.java,1370,break label_10;
S3959,XPathParser.java,1372,switch (jj_nt.kind) {
S3960,XPathParser.java,1374,jj_consume_token(EQ);
S3961,XPathParser.java,1375,r = RelationalExpr();
S3962,XPathParser.java,1376,"ex = compiler.equal(ex, r);"
S3963,XPathParser.java,1377,break;
S3964,XPathParser.java,1379,jj_consume_token(NEQ);
S3965,XPathParser.java,1380,r = RelationalExpr();
S3966,XPathParser.java,1381,"ex = compiler.notEqual(ex, r);"
S3967,XPathParser.java,1382,break;
S3968,XPathParser.java,1389,{if (true) return ex;}
S3969,XPathParser.java,1397,ex = AdditiveExpr();
S3970,XPathParser.java,1400,switch (jj_nt.kind) {
S3971,XPathParser.java,1406,break;
S3972,XPathParser.java,1408,jj_la1[28] = jj_gen;
S3973,XPathParser.java,1409,break label_11;
S3974,XPathParser.java,1411,switch (jj_nt.kind) {
S3975,XPathParser.java,1413,jj_consume_token(LT);
S3976,XPathParser.java,1414,r = AdditiveExpr();
S3977,XPathParser.java,1415,"ex = compiler.lessThan(ex, r);"
S3978,XPathParser.java,1416,break;
S3979,XPathParser.java,1418,jj_consume_token(GT);
S3980,XPathParser.java,1419,r = AdditiveExpr();
S3981,XPathParser.java,1420,"ex = compiler.greaterThan(ex, r);"
S3982,XPathParser.java,1421,break;
S3983,XPathParser.java,1423,jj_consume_token(LTE);
S3984,XPathParser.java,1424,r = AdditiveExpr();
S3985,XPathParser.java,1425,"ex = compiler.lessThanOrEqual(ex, r);"
S3986,XPathParser.java,1426,break;
S3987,XPathParser.java,1428,jj_consume_token(GTE);
S3988,XPathParser.java,1429,r = AdditiveExpr();
S3989,XPathParser.java,1430,"ex = compiler.greaterThanOrEqual(ex, r);"
S3990,XPathParser.java,1431,break;
S3991,XPathParser.java,1438,{if (true) return ex;}
S3992,XPathParser.java,1449,ArrayList list = null;
S3993,XPathParser.java,1450,ex = SubtractiveExpr();
S3994,XPathParser.java,1453,switch (jj_nt.kind) {
S3995,XPathParser.java,1456,break;
S3996,XPathParser.java,1458,jj_la1[30] = jj_gen;
S3997,XPathParser.java,1459,break label_12;
S3998,XPathParser.java,1461,jj_consume_token(PLUS);
S3999,XPathParser.java,1462,r = SubtractiveExpr();
S4000,XPathParser.java,1463,if (list == null){
S4001,XPathParser.java,1464,list = new ArrayList();
S4002,XPathParser.java,1465,list.add(ex);
S4003,XPathParser.java,1467,list.add(r);
S4004,XPathParser.java,1469,if (list != null){
S4005,XPathParser.java,1470,ex = compiler.sum(list.toArray());
S4006,XPathParser.java,1472,{if (true) return ex;}
S4007,XPathParser.java,1477,"Object ex, r = null;"
S4008,XPathParser.java,1478,ex = MultiplicativeExpr();
S4009,XPathParser.java,1481,switch (jj_nt.kind) {
S4010,XPathParser.java,1484,break;
S4011,XPathParser.java,1486,jj_la1[31] = jj_gen;
S4012,XPathParser.java,1487,break label_13;
S4013,XPathParser.java,1489,jj_consume_token(MINUS);
S4014,XPathParser.java,1490,r = MultiplicativeExpr();
S4015,XPathParser.java,1491,"ex = compiler.minus(ex, r);"
S4016,XPathParser.java,1493,{if (true) return ex;}
S4017,XPathParser.java,1501,ex = UnaryExpr();
S4018,XPathParser.java,1504,switch (jj_nt.kind) {
S4019,XPathParser.java,1509,break;
S4020,XPathParser.java,1511,jj_la1[32] = jj_gen;
S4021,XPathParser.java,1512,break label_14;
S4022,XPathParser.java,1514,switch (jj_nt.kind) {
S4023,XPathParser.java,1516,jj_consume_token(88);
S4024,XPathParser.java,1517,r = UnaryExpr();
S4025,XPathParser.java,1518,"ex = compiler.multiply(ex, r);"
S4026,XPathParser.java,1519,break;
S4027,XPathParser.java,1521,jj_consume_token(DIV);
S4028,XPathParser.java,1522,r = UnaryExpr();
S4029,XPathParser.java,1523,"ex = compiler.divide(ex, r);"
S4030,XPathParser.java,1524,break;
S4031,XPathParser.java,1526,jj_consume_token(MOD);
S4032,XPathParser.java,1527,r = UnaryExpr();
S4033,XPathParser.java,1528,"ex = compiler.mod(ex, r);"
S4034,XPathParser.java,1529,break;
S4035,XPathParser.java,1536,{if (true) return ex;}
S4036,XPathParser.java,1543,switch (jj_nt.kind) {
S4037,XPathParser.java,1606,ex = UnionExpr();
S4038,XPathParser.java,1607,break;
S4039,XPathParser.java,1609,jj_consume_token(MINUS);
S4040,XPathParser.java,1610,ex = UnaryExpr();
S4041,XPathParser.java,1611,ex = compiler.minus(ex);
S4042,XPathParser.java,1612,break;
S4043,XPathParser.java,1618,{if (true) return ex;}
S4044,XPathParser.java,1658,qname = QName_Without_CoreFunctions();
S4045,XPathParser.java,1659,{if (true) return qname;}
S4046,XPathParser.java,1666,jj_consume_token(VARIABLE);
S4047,XPathParser.java,1667,ex = QName();
S4048,XPathParser.java,1668,{if (true) return compiler.variableReference(ex);}
S4049,XPathParser.java,1675,"String nc1, nc2 = null;"
S4050,XPathParser.java,1676,switch (jj_nt.kind) {
S4051,XPathParser.java,1678,jj_consume_token(88);
S4052,XPathParser.java,1679,break;
S4053,XPathParser.java,1719,NCName();
S4054,XPathParser.java,1720,break;
S4055,XPathParser.java,1726,nc1 = token.image;
S4056,XPathParser.java,1727,switch (jj_nt.kind) {
S4057,XPathParser.java,1729,jj_consume_token(79);
S4058,XPathParser.java,1730,switch (jj_nt.kind) {
S4059,XPathParser.java,1732,jj_consume_token(88);
S4060,XPathParser.java,1733,break;
S4061,XPathParser.java,1773,NCName();
S4062,XPathParser.java,1774,break;
S4063,XPathParser.java,1780,nc2 = token.image;
S4064,XPathParser.java,1781,break;
S4065,XPathParser.java,1783,jj_la1[37] = jj_gen;
S4066,XPathParser.java,1786,if (nc2 != null){
S4067,XPathParser.java,1787,"qn = compiler.qname(nc1, nc2);"
S4068,XPathParser.java,1790,"qn = compiler.qname(null, nc1);"
S4069,XPathParser.java,1792,{if (true) return qn;}
S4070,XPathParser.java,1799,switch (jj_nt.kind) {
S4071,XPathParser.java,1801,jj_consume_token(TEXT);
S4072,XPathParser.java,1802,type = Compiler.NODE_TYPE_TEXT;
S4073,XPathParser.java,1803,break;
S4074,XPathParser.java,1805,jj_consume_token(NODE);
S4075,XPathParser.java,1806,type = Compiler.NODE_TYPE_NODE;
S4076,XPathParser.java,1807,break;
S4077,XPathParser.java,1809,jj_consume_token(COMMENT);
S4078,XPathParser.java,1810,type = Compiler.NODE_TYPE_COMMENT;
S4079,XPathParser.java,1811,break;
S4080,XPathParser.java,1813,jj_consume_token(PI);
S4081,XPathParser.java,1814,type = Compiler.NODE_TYPE_PI;
S4082,XPathParser.java,1815,break;
S4083,XPathParser.java,1821,{if (true) return type;}
S4084,XPathParser.java,1826,jj_la = xla; jj_lastpos = jj_scanpos = token;
S4085,XPathParser.java,1827,boolean retval = !jj_3_1();
S4086,XPathParser.java,1828,"jj_save(0, xla);"
S4087,XPathParser.java,1829,return retval;
S4088,XPathParser.java,1833,jj_la = xla; jj_lastpos = jj_scanpos = token;
S4089,XPathParser.java,1834,boolean retval = !jj_3_2();
S4090,XPathParser.java,1835,"jj_save(1, xla);"
S4091,XPathParser.java,1836,return retval;
S4092,XPathParser.java,1840,jj_la = xla; jj_lastpos = jj_scanpos = token;
S4093,XPathParser.java,1841,boolean retval = !jj_3_3();
S4094,XPathParser.java,1842,"jj_save(2, xla);"
S4095,XPathParser.java,1843,return retval;
S4096,XPathParser.java,1847,jj_la = xla; jj_lastpos = jj_scanpos = token;
S4097,XPathParser.java,1848,boolean retval = !jj_3_4();
S4098,XPathParser.java,1849,"jj_save(3, xla);"
S4099,XPathParser.java,1850,return retval;
S4100,XPathParser.java,1854,jj_la = xla; jj_lastpos = jj_scanpos = token;
S4101,XPathParser.java,1855,boolean retval = !jj_3_5();
S4102,XPathParser.java,1856,"jj_save(4, xla);"
S4103,XPathParser.java,1857,return retval;
S4104,XPathParser.java,1861,jj_la = xla; jj_lastpos = jj_scanpos = token;
S4105,XPathParser.java,1862,boolean retval = !jj_3_6();
S4106,XPathParser.java,1863,"jj_save(5, xla);"
S4107,XPathParser.java,1864,return retval;
S4108,XPathParser.java,1868,if (jj_scan_token(FUNCTION_ID)) return true;
S4109,XPathParser.java,1869,if (jj_la == 0 && jj_scanpos == jj_lastpos) return false;
S4110,XPathParser.java,1870,return false;
S4111,XPathParser.java,1874,if (jj_3R_118()) return true;
S4112,XPathParser.java,1875,if (jj_la == 0 && jj_scanpos == jj_lastpos) return false;
S4113,XPathParser.java,1876,return false;
S4114,XPathParser.java,1880,if (jj_scan_token(FUNCTION_COUNT)) return true;
S4115,XPathParser.java,1881,if (jj_la == 0 && jj_scanpos == jj_lastpos) return false;
S4116,XPathParser.java,1882,return false;
S4117,XPathParser.java,1886,if (jj_scan_token(FUNCTION_POSITION)) return true;
S4118,XPathParser.java,1887,if (jj_la == 0 && jj_scanpos == jj_lastpos) return false;
S4119,XPathParser.java,1888,return false;
S4120,XPathParser.java,1892,if (jj_scan_token(FUNCTION_LAST)) return true;
S4121,XPathParser.java,1893,if (jj_la == 0 && jj_scanpos == jj_lastpos) return false;
S4122,XPathParser.java,1894,return false;
S4123,XPathParser.java,1899,xsp = jj_scanpos;
S4124,XPathParser.java,1900,if (jj_3R_62()) {
S4125,XPathParser.java,1901,jj_scanpos = xsp;
S4126,XPathParser.java,1902,if (jj_3R_63()) {
S4127,XPathParser.java,1903,jj_scanpos = xsp;
S4128,XPathParser.java,1904,if (jj_3R_64()) {
S4129,XPathParser.java,1905,jj_scanpos = xsp;
S4130,XPathParser.java,1906,if (jj_3R_65()) {
S4131,XPathParser.java,1907,jj_scanpos = xsp;
S4132,XPathParser.java,1908,if (jj_3R_66()) {
S4133,XPathParser.java,1909,jj_scanpos = xsp;
S4134,XPathParser.java,1910,if (jj_3R_67()) {
S4135,XPathParser.java,1911,jj_scanpos = xsp;
S4136,XPathParser.java,1912,if (jj_3R_68()) {
S4137,XPathParser.java,1913,jj_scanpos = xsp;
S4138,XPathParser.java,1914,if (jj_3R_69()) {
S4139,XPathParser.java,1915,jj_scanpos = xsp;
S4140,XPathParser.java,1916,if (jj_3R_70()) {
S4141,XPathParser.java,1917,jj_scanpos = xsp;
S4142,XPathParser.java,1918,if (jj_3R_71()) {
S4143,XPathParser.java,1919,jj_scanpos = xsp;
S4144,XPathParser.java,1920,if (jj_3R_72()) {
S4145,XPathParser.java,1921,jj_scanpos = xsp;
S4146,XPathParser.java,1922,if (jj_3R_73()) {
S4147,XPathParser.java,1923,jj_scanpos = xsp;
S4148,XPathParser.java,1924,if (jj_3R_74()) {
S4149,XPathParser.java,1925,jj_scanpos = xsp;
S4150,XPathParser.java,1926,if (jj_3R_75()) {
S4151,XPathParser.java,1927,jj_scanpos = xsp;
S4152,XPathParser.java,1928,if (jj_3R_76()) {
S4153,XPathParser.java,1929,jj_scanpos = xsp;
S4154,XPathParser.java,1930,if (jj_3R_77()) {
S4155,XPathParser.java,1931,jj_scanpos = xsp;
S4156,XPathParser.java,1932,if (jj_3R_78()) {
S4157,XPathParser.java,1933,jj_scanpos = xsp;
S4158,XPathParser.java,1934,if (jj_3R_79()) {
S4159,XPathParser.java,1935,jj_scanpos = xsp;
S4160,XPathParser.java,1936,if (jj_3R_80()) {
S4161,XPathParser.java,1937,jj_scanpos = xsp;
S4162,XPathParser.java,1938,if (jj_3R_81()) {
S4163,XPathParser.java,1939,jj_scanpos = xsp;
S4164,XPathParser.java,1940,if (jj_3R_82()) {
S4165,XPathParser.java,1941,jj_scanpos = xsp;
S4166,XPathParser.java,1942,if (jj_3R_83()) {
S4167,XPathParser.java,1943,jj_scanpos = xsp;
S4168,XPathParser.java,1944,if (jj_3R_84()) {
S4169,XPathParser.java,1945,jj_scanpos = xsp;
S4170,XPathParser.java,1946,if (jj_3R_85()) {
S4171,XPathParser.java,1947,jj_scanpos = xsp;
S4172,XPathParser.java,1948,if (jj_3R_86()) {
S4173,XPathParser.java,1949,jj_scanpos = xsp;
S4174,XPathParser.java,1950,if (jj_3R_87()) {
S4175,XPathParser.java,1951,jj_scanpos = xsp;
S4176,XPathParser.java,1952,if (jj_3R_88()) {
S4177,XPathParser.java,1953,jj_scanpos = xsp;
S4178,XPathParser.java,1954,if (jj_3R_89()) {
S4179,XPathParser.java,1955,jj_scanpos = xsp;
S4180,XPathParser.java,1956,if (jj_3R_90()) {
S4181,XPathParser.java,1957,jj_scanpos = xsp;
S4182,XPathParser.java,1958,if (jj_3R_91()) return true;
S4183,XPathParser.java,1959,if (jj_la == 0 && jj_scanpos == jj_lastpos) return false;
S4184,XPathParser.java,1960,} else if (jj_la == 0 && jj_scanpos == jj_lastpos) return false;
S4185,XPathParser.java,1961,} else if (jj_la == 0 && jj_scanpos == jj_lastpos) return false;
S4186,XPathParser.java,1962,} else if (jj_la == 0 && jj_scanpos == jj_lastpos) return false;
S4187,XPathParser.java,1963,} else if (jj_la == 0 && jj_scanpos == jj_lastpos) return false;
S4188,XPathParser.java,1964,} else if (jj_la == 0 && jj_scanpos == jj_lastpos) return false;
S4189,XPathParser.java,1965,} else if (jj_la == 0 && jj_scanpos == jj_lastpos) return false;
S4190,XPathParser.java,1966,} else if (jj_la == 0 && jj_scanpos == jj_lastpos) return false;
S4191,XPathParser.java,1967,} else if (jj_la == 0 && jj_scanpos == jj_lastpos) return false;
S4192,XPathParser.java,1968,} else if (jj_la == 0 && jj_scanpos == jj_lastpos) return false;
S4193,XPathParser.java,1969,} else if (jj_la == 0 && jj_scanpos == jj_lastpos) return false;
S4194,XPathParser.java,1970,} else if (jj_la == 0 && jj_scanpos == jj_lastpos) return false;
S4195,XPathParser.java,1971,} else if (jj_la == 0 && jj_scanpos == jj_lastpos) return false;
S4196,XPathParser.java,1972,} else if (jj_la == 0 && jj_scanpos == jj_lastpos) return false;
S4197,XPathParser.java,1973,} else if (jj_la == 0 && jj_scanpos == jj_lastpos) return false;
S4198,XPathParser.java,1974,} else if (jj_la == 0 && jj_scanpos == jj_lastpos) return false;
S4199,XPathParser.java,1975,} else if (jj_la == 0 && jj_scanpos == jj_lastpos) return false;
S4200,XPathParser.java,1976,} else if (jj_la == 0 && jj_scanpos == jj_lastpos) return false;
S4201,XPathParser.java,1977,} else if (jj_la == 0 && jj_scanpos == jj_lastpos) return false;
S4202,XPathParser.java,1978,} else if (jj_la == 0 && jj_scanpos == jj_lastpos) return false;
S4203,XPathParser.java,1979,} else if (jj_la == 0 && jj_scanpos == jj_lastpos) return false;
S4204,XPathParser.java,1980,} else if (jj_la == 0 && jj_scanpos == jj_lastpos) return false;
S4205,XPathParser.java,1981,} else if (jj_la == 0 && jj_scanpos == jj_lastpos) return false;
S4206,XPathParser.java,1982,} else if (jj_la == 0 && jj_scanpos == jj_lastpos) return false;
S4207,XPathParser.java,1983,} else if (jj_la == 0 && jj_scanpos == jj_lastpos) return false;
S4208,XPathParser.java,1984,} else if (jj_la == 0 && jj_scanpos == jj_lastpos) return false;
S4209,XPathParser.java,1985,} else if (jj_la == 0 && jj_scanpos == jj_lastpos) return false;
S4210,XPathParser.java,1986,} else if (jj_la == 0 && jj_scanpos == jj_lastpos) return false;
S4211,XPathParser.java,1987,} else if (jj_la == 0 && jj_scanpos == jj_lastpos) return false;
S4212,XPathParser.java,1988,} else if (jj_la == 0 && jj_scanpos == jj_lastpos) return false;
S4213,XPathParser.java,1989,return false;
S4214,XPathParser.java,1993,if (jj_scan_token(DIV)) return true;
S4215,XPathParser.java,1999,if (jj_scan_token(MOD)) return true;
S4216,XPathParser.java,2005,if (jj_scan_token(AND)) return true;
S4217,XPathParser.java,2011,if (jj_scan_token(OR)) return true;
S4218,XPathParser.java,2017,if (jj_scan_token(NCName)) return true;
S4219,XPathParser.java,2018,if (jj_la == 0 && jj_scanpos == jj_lastpos) return false;
S4220,XPathParser.java,2019,return false;
S4221,XPathParser.java,2023,if (jj_scan_token(MINUS)) return true;
S4222,XPathParser.java,2024,if (jj_la == 0 && jj_scanpos == jj_lastpos) return false;
S4223,XPathParser.java,2025,if (jj_3R_170()) return true;
S4224,XPathParser.java,2026,if (jj_la == 0 && jj_scanpos == jj_lastpos) return false;
S4225,XPathParser.java,2027,return false;
S4226,XPathParser.java,2032,xsp = jj_scanpos;
S4227,XPathParser.java,2033,if (jj_3R_107()) {
S4228,XPathParser.java,2034,jj_scanpos = xsp;
S4229,XPathParser.java,2035,if (jj_3R_108()) {
S4230,XPathParser.java,2036,jj_scanpos = xsp;
S4231,XPathParser.java,2037,if (jj_3R_109()) {
S4232,XPathParser.java,2038,jj_scanpos = xsp;
S4233,XPathParser.java,2039,if (jj_3R_110()) {
S4234,XPathParser.java,2040,jj_scanpos = xsp;
S4235,XPathParser.java,2041,if (jj_3R_111()) return true;
S4236,XPathParser.java,2046,} else if (jj_la == 0 && jj_scanpos == jj_lastpos) return false;
S4237,XPathParser.java,2047,return false;
S4238,XPathParser.java,2052,xsp = jj_scanpos;
S4239,XPathParser.java,2053,if (jj_3R_174()) {
S4240,XPathParser.java,2054,jj_scanpos = xsp;
S4241,XPathParser.java,2055,if (jj_3R_175()) {
S4242,XPathParser.java,2056,jj_scanpos = xsp;
S4243,XPathParser.java,2057,if (jj_3R_176()) return true;
S4244,XPathParser.java,2059,} else if (jj_la == 0 && jj_scanpos == jj_lastpos) return false;
S4245,XPathParser.java,2061,return false;
S4246,XPathParser.java,2065,if (jj_3R_177()) return true;
S4247,XPathParser.java,2066,if (jj_la == 0 && jj_scanpos == jj_lastpos) return false;
S4248,XPathParser.java,2067,return false;
S4249,XPathParser.java,2071,if (jj_scan_token(86)) return true;
S4250,XPathParser.java,2072,if (jj_la == 0 && jj_scanpos == jj_lastpos) return false;
S4251,XPathParser.java,2073,return false;
S4252,XPathParser.java,2078,xsp = jj_scanpos;
S4253,XPathParser.java,2079,if (jj_3R_153()) jj_scanpos = xsp;
S4254,XPathParser.java,2080,else if (jj_la == 0 && jj_scanpos == jj_lastpos) return false;
S4255,XPathParser.java,2081,return false;
S4256,XPathParser.java,2085,if (jj_scan_token(FUNCTION_FORMAT_NUMBER)) return true;
S4257,XPathParser.java,2092,xsp = jj_scanpos;
S4258,XPathParser.java,2093,if (jj_3R_172()) {
S4259,XPathParser.java,2094,jj_scanpos = xsp;
S4260,XPathParser.java,2095,if (jj_3R_173()) return true;
S4261,XPathParser.java,2096,if (jj_la == 0 && jj_scanpos == jj_lastpos) return false;
S4262,XPathParser.java,2097,} else if (jj_la == 0 && jj_scanpos == jj_lastpos) return false;
S4263,XPathParser.java,2098,return false;
S4264,XPathParser.java,2102,if (jj_scan_token(FUNCTION_KEY)) return true;
S4265,XPathParser.java,2108,if (jj_scan_token(FUNCTION_ROUND)) return true;
S4266,XPathParser.java,2114,if (jj_scan_token(FUNCTION_CEILING)) return true;
S4267,XPathParser.java,2120,if (jj_scan_token(FUNCTION_FLOOR)) return true;
S4268,XPathParser.java,2126,if (jj_scan_token(FUNCTION_SUM)) return true;
S4269,XPathParser.java,2132,if (jj_scan_token(FUNCTION_NUMBER)) return true;
S4270,XPathParser.java,2138,if (jj_scan_token(MOD)) return true;
S4271,XPathParser.java,2146,if (jj_scan_token(FUNCTION_LANG)) return true;
S4272,XPathParser.java,2152,if (jj_scan_token(DIV)) return true;
S4273,XPathParser.java,2153,if (jj_la == 0 && jj_scanpos == jj_lastpos) return false;
S4274,XPathParser.java,2154,if (jj_3R_170()) return true;
S4275,XPathParser.java,2155,if (jj_la == 0 && jj_scanpos == jj_lastpos) return false;
S4276,XPathParser.java,2156,return false;
S4277,XPathParser.java,2160,if (jj_scan_token(FUNCTION_NULL)) return true;
S4278,XPathParser.java,2161,if (jj_la == 0 && jj_scanpos == jj_lastpos) return false;
S4279,XPathParser.java,2162,return false;
S4280,XPathParser.java,2166,if (jj_scan_token(88)) return true;
S4281,XPathParser.java,2174,if (jj_scan_token(FUNCTION_FALSE)) return true;
S4282,XPathParser.java,2175,if (jj_la == 0 && jj_scanpos == jj_lastpos) return false;
S4283,XPathParser.java,2176,return false;
S4284,XPathParser.java,2180,if (jj_scan_token(FUNCTION_TRUE)) return true;
S4285,XPathParser.java,2186,if (jj_scan_token(FUNCTION_NOT)) return true;
S4286,XPathParser.java,2192,if (jj_scan_token(FUNCTION_BOOLEAN)) return true;
S4287,XPathParser.java,2198,if (jj_scan_token(FUNCTION_TRANSLATE)) return true;
S4288,XPathParser.java,2204,if (jj_scan_token(84)) return true;
S4289,XPathParser.java,2205,if (jj_la == 0 && jj_scanpos == jj_lastpos) return false;
S4290,XPathParser.java,2206,if (jj_3R_104()) return true;
S4291,XPathParser.java,2207,if (jj_la == 0 && jj_scanpos == jj_lastpos) return false;
S4292,XPathParser.java,2208,if (jj_scan_token(85)) return true;
S4293,XPathParser.java,2209,if (jj_la == 0 && jj_scanpos == jj_lastpos) return false;
S4294,XPathParser.java,2210,return false;
S4295,XPathParser.java,2214,if (jj_scan_token(FUNCTION_NORMALIZE_SPACE)) return true;
S4296,XPathParser.java,2220,if (jj_scan_token(FUNCTION_STRING_LENGTH)) return true;
S4297,XPathParser.java,2226,if (jj_scan_token(FUNCTION_SUBSTRING)) return true;
S4298,XPathParser.java,2227,if (jj_la == 0 && jj_scanpos == jj_lastpos) return false;
S4299,XPathParser.java,2228,return false;
S4300,XPathParser.java,2232,if (jj_scan_token(FUNCTION_SUBSTRING_AFTER)) return true;
S4301,XPathParser.java,2238,if (jj_scan_token(FUNCTION_SUBSTRING_BEFORE)) return true;
S4302,XPathParser.java,2244,if (jj_3R_170()) return true;
S4303,XPathParser.java,2245,if (jj_la == 0 && jj_scanpos == jj_lastpos) return false;
S4304,XPathParser.java,2248,xsp = jj_scanpos;
S4305,XPathParser.java,2249,if (jj_3R_171()) { jj_scanpos = xsp; break; }
S4306,XPathParser.java,2250,if (jj_la == 0 && jj_scanpos == jj_lastpos) return false;
S4307,XPathParser.java,2252,return false;
S4308,XPathParser.java,2256,if (jj_scan_token(FUNCTION_CONTAINS)) return true;
S4309,XPathParser.java,2262,if (jj_scan_token(FUNCTION_STARTS_WITH)) return true;
S4310,XPathParser.java,2268,if (jj_scan_token(FUNCTION_CONCAT)) return true;
S4311,XPathParser.java,2274,if (jj_scan_token(FUNCTION_STRING)) return true;
S4312,XPathParser.java,2275,if (jj_la == 0 && jj_scanpos == jj_lastpos) return false;
S4313,XPathParser.java,2276,return false;
S4314,XPathParser.java,2280,if (jj_scan_token(FUNCTION_NAME)) return true;
S4315,XPathParser.java,2281,if (jj_la == 0 && jj_scanpos == jj_lastpos) return false;
S4316,XPathParser.java,2282,return false;
S4317,XPathParser.java,2286,if (jj_scan_token(FUNCTION_NAMESPACE_URI)) return true;
S4318,XPathParser.java,2292,if (jj_scan_token(FUNCTION_LOCAL_NAME)) return true;
S4319,XPathParser.java,2298,if (jj_scan_token(MINUS)) return true;
S4320,XPathParser.java,2299,if (jj_la == 0 && jj_scanpos == jj_lastpos) return false;
S4321,XPathParser.java,2300,if (jj_3R_168()) return true;
S4322,XPathParser.java,2301,if (jj_la == 0 && jj_scanpos == jj_lastpos) return false;
S4323,XPathParser.java,2302,return false;
S4324,XPathParser.java,2306,if (jj_scan_token(FUNCTION_ID)) return true;
S4325,XPathParser.java,2312,if (jj_scan_token(FUNCTION_COUNT)) return true;
S4326,XPathParser.java,2313,if (jj_la == 0 && jj_scanpos == jj_lastpos) return false;
S4327,XPathParser.java,2314,return false;
S4328,XPathParser.java,2318,if (jj_scan_token(AXIS_DESCENDANT_OR_SELF)) return true;
S4329,XPathParser.java,2324,if (jj_scan_token(FUNCTION_POSITION)) return true;
S4330,XPathParser.java,2330,if (jj_scan_token(FUNCTION_LAST)) return true;
S4331,XPathParser.java,2336,if (jj_scan_token(AXIS_PRECEDING_SIBLING)) return true;
S4332,XPathParser.java,2342,if (jj_scan_token(PI)) return true;
S4333,XPathParser.java,2343,if (jj_la == 0 && jj_scanpos == jj_lastpos) return false;
S4334,XPathParser.java,2344,return false;
S4335,XPathParser.java,2348,if (jj_scan_token(AXIS_FOLLOWING_SIBLING)) return true;
S4336,XPathParser.java,2354,if (jj_scan_token(COMMENT)) return true;
S4337,XPathParser.java,2355,if (jj_la == 0 && jj_scanpos == jj_lastpos) return false;
S4338,XPathParser.java,2356,return false;
S4339,XPathParser.java,2360,if (jj_scan_token(AXIS_ANCESTOR_OR_SELF)) return true;
S4340,XPathParser.java,2366,if (jj_scan_token(PLUS)) return true;
S4341,XPathParser.java,2367,if (jj_la == 0 && jj_scanpos == jj_lastpos) return false;
S4342,XPathParser.java,2368,if (jj_3R_162()) return true;
S4343,XPathParser.java,2369,if (jj_la == 0 && jj_scanpos == jj_lastpos) return false;
S4344,XPathParser.java,2370,return false;
S4345,XPathParser.java,2374,if (jj_scan_token(TEXT)) return true;
S4346,XPathParser.java,2375,if (jj_la == 0 && jj_scanpos == jj_lastpos) return false;
S4347,XPathParser.java,2376,return false;
S4348,XPathParser.java,2380,if (jj_scan_token(AXIS_DESCENDANT)) return true;
S4349,XPathParser.java,2386,if (jj_scan_token(NODE)) return true;
S4350,XPathParser.java,2387,if (jj_la == 0 && jj_scanpos == jj_lastpos) return false;
S4351,XPathParser.java,2388,return false;
S4352,XPathParser.java,2392,if (jj_scan_token(AXIS_FOLLOWING)) return true;
S4353,XPathParser.java,2398,if (jj_3R_98()) return true;
S4354,XPathParser.java,2399,if (jj_la == 0 && jj_scanpos == jj_lastpos) return false;
S4355,XPathParser.java,2400,return false;
S4356,XPathParser.java,2404,if (jj_scan_token(AXIS_PRECEDING)) return true;
S4357,XPathParser.java,2410,if (jj_scan_token(AXIS_NAMESPACE)) return true;
S4358,XPathParser.java,2416,if (jj_3R_168()) return true;
S4359,XPathParser.java,2417,if (jj_la == 0 && jj_scanpos == jj_lastpos) return false;
S4360,XPathParser.java,2420,xsp = jj_scanpos;
S4361,XPathParser.java,2421,if (jj_3R_169()) { jj_scanpos = xsp; break; }
S4362,XPathParser.java,2422,if (jj_la == 0 && jj_scanpos == jj_lastpos) return false;
S4363,XPathParser.java,2424,return false;
S4364,XPathParser.java,2428,if (jj_scan_token(AXIS_ATTRIBUTE)) return true;
S4365,XPathParser.java,2434,if (jj_scan_token(AXIS_ANCESTOR)) return true;
S4366,XPathParser.java,2440,if (jj_scan_token(AXIS_PARENT)) return true;
S4367,XPathParser.java,2447,xsp = jj_scanpos;
S4368,XPathParser.java,2448,if (jj_3R_20()) {
S4369,XPathParser.java,2449,jj_scanpos = xsp;
S4370,XPathParser.java,2450,if (jj_3R_21()) {
S4371,XPathParser.java,2451,jj_scanpos = xsp;
S4372,XPathParser.java,2452,if (jj_3R_22()) {
S4373,XPathParser.java,2453,jj_scanpos = xsp;
S4374,XPathParser.java,2454,if (jj_3R_23()) {
S4375,XPathParser.java,2455,jj_scanpos = xsp;
S4376,XPathParser.java,2456,if (jj_3R_24()) {
S4377,XPathParser.java,2457,jj_scanpos = xsp;
S4378,XPathParser.java,2458,if (jj_3R_25()) {
S4379,XPathParser.java,2459,jj_scanpos = xsp;
S4380,XPathParser.java,2460,if (jj_3R_26()) {
S4381,XPathParser.java,2461,jj_scanpos = xsp;
S4382,XPathParser.java,2462,if (jj_3R_27()) {
S4383,XPathParser.java,2463,jj_scanpos = xsp;
S4384,XPathParser.java,2464,if (jj_3R_28()) {
S4385,XPathParser.java,2465,jj_scanpos = xsp;
S4386,XPathParser.java,2466,if (jj_3R_29()) {
S4387,XPathParser.java,2467,jj_scanpos = xsp;
S4388,XPathParser.java,2468,if (jj_3R_30()) {
S4389,XPathParser.java,2469,jj_scanpos = xsp;
S4390,XPathParser.java,2470,if (jj_3R_31()) {
S4391,XPathParser.java,2471,jj_scanpos = xsp;
S4392,XPathParser.java,2472,if (jj_3R_32()) {
S4393,XPathParser.java,2473,jj_scanpos = xsp;
S4394,XPathParser.java,2474,if (jj_3R_33()) {
S4395,XPathParser.java,2475,jj_scanpos = xsp;
S4396,XPathParser.java,2476,if (jj_3R_34()) {
S4397,XPathParser.java,2477,jj_scanpos = xsp;
S4398,XPathParser.java,2478,if (jj_3R_35()) {
S4399,XPathParser.java,2479,jj_scanpos = xsp;
S4400,XPathParser.java,2480,if (jj_3R_36()) {
S4401,XPathParser.java,2481,jj_scanpos = xsp;
S4402,XPathParser.java,2482,if (jj_3R_37()) {
S4403,XPathParser.java,2483,jj_scanpos = xsp;
S4404,XPathParser.java,2484,if (jj_3R_38()) {
S4405,XPathParser.java,2485,jj_scanpos = xsp;
S4406,XPathParser.java,2486,if (jj_3R_39()) {
S4407,XPathParser.java,2487,jj_scanpos = xsp;
S4408,XPathParser.java,2488,if (jj_3R_40()) {
S4409,XPathParser.java,2489,jj_scanpos = xsp;
S4410,XPathParser.java,2490,if (jj_3R_41()) {
S4411,XPathParser.java,2491,jj_scanpos = xsp;
S4412,XPathParser.java,2492,if (jj_3R_42()) {
S4413,XPathParser.java,2493,jj_scanpos = xsp;
S4414,XPathParser.java,2494,if (jj_3R_43()) {
S4415,XPathParser.java,2495,jj_scanpos = xsp;
S4416,XPathParser.java,2496,if (jj_3R_44()) {
S4417,XPathParser.java,2497,jj_scanpos = xsp;
S4418,XPathParser.java,2498,if (jj_3R_45()) {
S4419,XPathParser.java,2499,jj_scanpos = xsp;
S4420,XPathParser.java,2500,if (jj_3R_46()) {
S4421,XPathParser.java,2501,jj_scanpos = xsp;
S4422,XPathParser.java,2502,if (jj_3R_47()) {
S4423,XPathParser.java,2503,jj_scanpos = xsp;
S4424,XPathParser.java,2504,if (jj_3R_48()) {
S4425,XPathParser.java,2505,jj_scanpos = xsp;
S4426,XPathParser.java,2506,if (jj_3R_49()) {
S4427,XPathParser.java,2507,jj_scanpos = xsp;
S4428,XPathParser.java,2508,if (jj_3R_50()) {
S4429,XPathParser.java,2509,jj_scanpos = xsp;
S4430,XPathParser.java,2510,if (jj_3R_51()) {
S4431,XPathParser.java,2511,jj_scanpos = xsp;
S4432,XPathParser.java,2512,if (jj_3R_52()) {
S4433,XPathParser.java,2513,jj_scanpos = xsp;
S4434,XPathParser.java,2514,if (jj_3R_53()) {
S4435,XPathParser.java,2515,jj_scanpos = xsp;
S4436,XPathParser.java,2516,if (jj_3R_54()) return true;
S4437,XPathParser.java,2525,} else if (jj_la == 0 && jj_scanpos == jj_lastpos) return false;
S4438,XPathParser.java,2526,} else if (jj_la == 0 && jj_scanpos == jj_lastpos) return false;
S4439,XPathParser.java,2533,} else if (jj_la == 0 && jj_scanpos == jj_lastpos) return false;
S4440,XPathParser.java,2539,} else if (jj_la == 0 && jj_scanpos == jj_lastpos) return false;
S4441,XPathParser.java,2540,} else if (jj_la == 0 && jj_scanpos == jj_lastpos) return false;
S4442,XPathParser.java,2544,} else if (jj_la == 0 && jj_scanpos == jj_lastpos) return false;
S4443,XPathParser.java,2547,} else if (jj_la == 0 && jj_scanpos == jj_lastpos) return false;
S4444,XPathParser.java,2548,} else if (jj_la == 0 && jj_scanpos == jj_lastpos) return false;
S4445,XPathParser.java,2549,} else if (jj_la == 0 && jj_scanpos == jj_lastpos) return false;
S4446,XPathParser.java,2550,} else if (jj_la == 0 && jj_scanpos == jj_lastpos) return false;
S4447,XPathParser.java,2551,} else if (jj_la == 0 && jj_scanpos == jj_lastpos) return false;
S4448,XPathParser.java,2552,return false;
S4449,XPathParser.java,2556,if (jj_scan_token(AXIS_CHILD)) return true;
S4450,XPathParser.java,2562,if (jj_scan_token(AXIS_SELF)) return true;
S4451,XPathParser.java,2569,xsp = jj_scanpos;
S4452,XPathParser.java,2570,if (jj_3R_140()) {
S4453,XPathParser.java,2571,jj_scanpos = xsp;
S4454,XPathParser.java,2572,if (jj_3R_141()) {
S4455,XPathParser.java,2573,jj_scanpos = xsp;
S4456,XPathParser.java,2574,if (jj_3R_142()) {
S4457,XPathParser.java,2575,jj_scanpos = xsp;
S4458,XPathParser.java,2576,if (jj_3R_143()) {
S4459,XPathParser.java,2577,jj_scanpos = xsp;
S4460,XPathParser.java,2578,if (jj_3R_144()) {
S4461,XPathParser.java,2579,jj_scanpos = xsp;
S4462,XPathParser.java,2580,if (jj_3R_145()) {
S4463,XPathParser.java,2581,jj_scanpos = xsp;
S4464,XPathParser.java,2582,if (jj_3R_146()) {
S4465,XPathParser.java,2583,jj_scanpos = xsp;
S4466,XPathParser.java,2584,if (jj_3R_147()) {
S4467,XPathParser.java,2585,jj_scanpos = xsp;
S4468,XPathParser.java,2586,if (jj_3R_148()) {
S4469,XPathParser.java,2587,jj_scanpos = xsp;
S4470,XPathParser.java,2588,if (jj_3R_149()) {
S4471,XPathParser.java,2589,jj_scanpos = xsp;
S4472,XPathParser.java,2590,if (jj_3R_150()) {
S4473,XPathParser.java,2591,jj_scanpos = xsp;
S4474,XPathParser.java,2592,if (jj_3R_151()) {
S4475,XPathParser.java,2593,jj_scanpos = xsp;
S4476,XPathParser.java,2594,if (jj_3R_152()) return true;
S4477,XPathParser.java,2613,xsp = jj_scanpos;
S4478,XPathParser.java,2614,if (jj_3R_164()) {
S4479,XPathParser.java,2615,jj_scanpos = xsp;
S4480,XPathParser.java,2616,if (jj_3R_165()) {
S4481,XPathParser.java,2617,jj_scanpos = xsp;
S4482,XPathParser.java,2618,if (jj_3R_166()) {
S4483,XPathParser.java,2619,jj_scanpos = xsp;
S4484,XPathParser.java,2620,if (jj_3R_167()) return true;
S4485,XPathParser.java,2621,if (jj_la == 0 && jj_scanpos == jj_lastpos) return false;
S4486,XPathParser.java,2622,} else if (jj_la == 0 && jj_scanpos == jj_lastpos) return false;
S4487,XPathParser.java,2624,} else if (jj_la == 0 && jj_scanpos == jj_lastpos) return false;
S4488,XPathParser.java,2625,return false;
S4489,XPathParser.java,2629,if (jj_3R_162()) return true;
S4490,XPathParser.java,2630,if (jj_la == 0 && jj_scanpos == jj_lastpos) return false;
S4491,XPathParser.java,2633,xsp = jj_scanpos;
S4492,XPathParser.java,2634,if (jj_3R_163()) { jj_scanpos = xsp; break; }
S4493,XPathParser.java,2635,if (jj_la == 0 && jj_scanpos == jj_lastpos) return false;
S4494,XPathParser.java,2637,return false;
S4495,XPathParser.java,2641,if (jj_3R_130()) return true;
S4496,XPathParser.java,2642,if (jj_la == 0 && jj_scanpos == jj_lastpos) return false;
S4497,XPathParser.java,2643,return false;
S4498,XPathParser.java,2647,if (jj_3R_129()) return true;
S4499,XPathParser.java,2653,if (jj_scan_token(GTE)) return true;
S4500,XPathParser.java,2654,if (jj_la == 0 && jj_scanpos == jj_lastpos) return false;
S4501,XPathParser.java,2655,if (jj_3R_158()) return true;
S4502,XPathParser.java,2656,if (jj_la == 0 && jj_scanpos == jj_lastpos) return false;
S4503,XPathParser.java,2657,return false;
S4504,XPathParser.java,2662,xsp = jj_scanpos;
S4505,XPathParser.java,2663,if (jj_3R_121()) {
S4506,XPathParser.java,2664,jj_scanpos = xsp;
S4507,XPathParser.java,2665,if (jj_3R_122()) return true;
S4508,XPathParser.java,2666,if (jj_la == 0 && jj_scanpos == jj_lastpos) return false;
S4509,XPathParser.java,2668,return false;
S4510,XPathParser.java,2672,if (jj_scan_token(LTE)) return true;
S4511,XPathParser.java,2673,if (jj_la == 0 && jj_scanpos == jj_lastpos) return false;
S4512,XPathParser.java,2674,if (jj_3R_158()) return true;
S4513,XPathParser.java,2675,if (jj_la == 0 && jj_scanpos == jj_lastpos) return false;
S4514,XPathParser.java,2676,return false;
S4515,XPathParser.java,2680,if (jj_scan_token(GT)) return true;
S4516,XPathParser.java,2689,xsp = jj_scanpos;
S4517,XPathParser.java,2690,if (jj_3R_160()) {
S4518,XPathParser.java,2691,jj_scanpos = xsp;
S4519,XPathParser.java,2692,if (jj_3R_161()) return true;
S4520,XPathParser.java,2694,} else if (jj_la == 0 && jj_scanpos == jj_lastpos) return false;
S4521,XPathParser.java,2695,return false;
S4522,XPathParser.java,2699,if (jj_scan_token(LT)) return true;
S4523,XPathParser.java,2700,if (jj_la == 0 && jj_scanpos == jj_lastpos) return false;
S4524,XPathParser.java,2701,if (jj_3R_158()) return true;
S4525,XPathParser.java,2702,if (jj_la == 0 && jj_scanpos == jj_lastpos) return false;
S4526,XPathParser.java,2703,return false;
S4527,XPathParser.java,2707,if (jj_3R_158()) return true;
S4528,XPathParser.java,2708,if (jj_la == 0 && jj_scanpos == jj_lastpos) return false;
S4529,XPathParser.java,2711,xsp = jj_scanpos;
S4530,XPathParser.java,2712,if (jj_3R_159()) { jj_scanpos = xsp; break; }
S4531,XPathParser.java,2713,if (jj_la == 0 && jj_scanpos == jj_lastpos) return false;
S4532,XPathParser.java,2715,return false;
S4533,XPathParser.java,2719,if (jj_scan_token(NEQ)) return true;
S4534,XPathParser.java,2727,if (jj_scan_token(EQ)) return true;
S4535,XPathParser.java,2728,if (jj_la == 0 && jj_scanpos == jj_lastpos) return false;
S4536,XPathParser.java,2729,if (jj_3R_156()) return true;
S4537,XPathParser.java,2730,if (jj_la == 0 && jj_scanpos == jj_lastpos) return false;
S4538,XPathParser.java,2731,return false;
S4539,XPathParser.java,2735,if (jj_3R_116()) return true;
S4540,XPathParser.java,2736,if (jj_la == 0 && jj_scanpos == jj_lastpos) return false;
S4541,XPathParser.java,2737,return false;
S4542,XPathParser.java,2741,if (jj_scan_token(PI)) return true;
S4543,XPathParser.java,2742,if (jj_la == 0 && jj_scanpos == jj_lastpos) return false;
S4544,XPathParser.java,2743,return false;
S4545,XPathParser.java,2747,if (jj_3R_17()) return true;
S4546,XPathParser.java,2748,if (jj_la == 0 && jj_scanpos == jj_lastpos) return false;
S4547,XPathParser.java,2749,if (jj_scan_token(80)) return true;
S4548,XPathParser.java,2750,if (jj_la == 0 && jj_scanpos == jj_lastpos) return false;
S4549,XPathParser.java,2751,if (jj_scan_token(81)) return true;
S4550,XPathParser.java,2752,if (jj_la == 0 && jj_scanpos == jj_lastpos) return false;
S4551,XPathParser.java,2753,return false;
S4552,XPathParser.java,2757,if (jj_scan_token(83)) return true;
S4553,XPathParser.java,2763,if (jj_scan_token(82)) return true;
S4554,XPathParser.java,2764,if (jj_la == 0 && jj_scanpos == jj_lastpos) return false;
S4555,XPathParser.java,2765,return false;
S4556,XPathParser.java,2769,if (jj_3R_123()) return true;
S4557,XPathParser.java,2770,if (jj_la == 0 && jj_scanpos == jj_lastpos) return false;
S4558,XPathParser.java,2771,return false;
S4559,XPathParser.java,2775,if (jj_3R_156()) return true;
S4560,XPathParser.java,2776,if (jj_la == 0 && jj_scanpos == jj_lastpos) return false;
S4561,XPathParser.java,2779,xsp = jj_scanpos;
S4562,XPathParser.java,2780,if (jj_3R_157()) { jj_scanpos = xsp; break; }
S4563,XPathParser.java,2781,if (jj_la == 0 && jj_scanpos == jj_lastpos) return false;
S4564,XPathParser.java,2783,return false;
S4565,XPathParser.java,2787,if (jj_scan_token(PI)) return true;
S4566,XPathParser.java,2799,if (jj_3R_17()) return true;
S4567,XPathParser.java,2809,if (jj_3R_112()) return true;
S4568,XPathParser.java,2810,if (jj_la == 0 && jj_scanpos == jj_lastpos) return false;
S4569,XPathParser.java,2812,xsp = jj_scanpos;
S4570,XPathParser.java,2813,if (jj_3R_113()) {
S4571,XPathParser.java,2814,jj_scanpos = xsp;
S4572,XPathParser.java,2815,if (jj_3R_114()) {
S4573,XPathParser.java,2816,jj_scanpos = xsp;
S4574,XPathParser.java,2817,if (jj_3R_115()) return true;
S4575,XPathParser.java,2818,if (jj_la == 0 && jj_scanpos == jj_lastpos) return false;
S4576,XPathParser.java,2821,return false;
S4577,XPathParser.java,2825,if (jj_scan_token(AND)) return true;
S4578,XPathParser.java,2826,if (jj_la == 0 && jj_scanpos == jj_lastpos) return false;
S4579,XPathParser.java,2827,if (jj_3R_134()) return true;
S4580,XPathParser.java,2828,if (jj_la == 0 && jj_scanpos == jj_lastpos) return false;
S4581,XPathParser.java,2829,return false;
S4582,XPathParser.java,2834,xsp = jj_scanpos;
S4583,XPathParser.java,2835,if (jj_3R_99()) {
S4584,XPathParser.java,2836,jj_scanpos = xsp;
S4585,XPathParser.java,2837,if (jj_3R_100()) {
S4586,XPathParser.java,2838,jj_scanpos = xsp;
S4587,XPathParser.java,2839,if (jj_3R_101()) return true;
S4588,XPathParser.java,2841,} else if (jj_la == 0 && jj_scanpos == jj_lastpos) return false;
S4589,XPathParser.java,2842,} else if (jj_la == 0 && jj_scanpos == jj_lastpos) return false;
S4590,XPathParser.java,2844,xsp = jj_scanpos;
S4591,XPathParser.java,2845,if (jj_3R_102()) { jj_scanpos = xsp; break; }
S4592,XPathParser.java,2846,if (jj_la == 0 && jj_scanpos == jj_lastpos) return false;
S4593,XPathParser.java,2848,return false;
S4594,XPathParser.java,2852,if (jj_3R_134()) return true;
S4595,XPathParser.java,2853,if (jj_la == 0 && jj_scanpos == jj_lastpos) return false;
S4596,XPathParser.java,2856,xsp = jj_scanpos;
S4597,XPathParser.java,2857,if (jj_3R_135()) { jj_scanpos = xsp; break; }
S4598,XPathParser.java,2858,if (jj_la == 0 && jj_scanpos == jj_lastpos) return false;
S4599,XPathParser.java,2860,return false;
S4600,XPathParser.java,2864,if (jj_3R_16()) return true;
S4601,XPathParser.java,2865,if (jj_la == 0 && jj_scanpos == jj_lastpos) return false;
S4602,XPathParser.java,2866,return false;
S4603,XPathParser.java,2870,if (jj_scan_token(SLASHSLASH)) return true;
S4604,XPathParser.java,2871,if (jj_la == 0 && jj_scanpos == jj_lastpos) return false;
S4605,XPathParser.java,2872,return false;
S4606,XPathParser.java,2876,if (jj_scan_token(SLASH)) return true;
S4607,XPathParser.java,2877,if (jj_la == 0 && jj_scanpos == jj_lastpos) return false;
S4608,XPathParser.java,2878,return false;
S4609,XPathParser.java,2882,if (jj_scan_token(OR)) return true;
S4610,XPathParser.java,2883,if (jj_la == 0 && jj_scanpos == jj_lastpos) return false;
S4611,XPathParser.java,2884,if (jj_3R_125()) return true;
S4612,XPathParser.java,2885,if (jj_la == 0 && jj_scanpos == jj_lastpos) return false;
S4613,XPathParser.java,2886,return false;
S4614,XPathParser.java,2891,xsp = jj_scanpos;
S4615,XPathParser.java,2892,if (jj_3R_55()) {
S4616,XPathParser.java,2893,jj_scanpos = xsp;
S4617,XPathParser.java,2894,if (jj_3R_56()) return true;
S4618,XPathParser.java,2895,if (jj_la == 0 && jj_scanpos == jj_lastpos) return false;
S4619,XPathParser.java,2896,} else if (jj_la == 0 && jj_scanpos == jj_lastpos) return false;
S4620,XPathParser.java,2897,if (jj_3R_57()) return true;
S4621,XPathParser.java,2898,if (jj_la == 0 && jj_scanpos == jj_lastpos) return false;
S4622,XPathParser.java,2899,return false;
S4623,XPathParser.java,2903,if (jj_3R_16()) return true;
S4624,XPathParser.java,2904,if (jj_la == 0 && jj_scanpos == jj_lastpos) return false;
S4625,XPathParser.java,2905,return false;
S4626,XPathParser.java,2909,if (jj_3R_125()) return true;
S4627,XPathParser.java,2910,if (jj_la == 0 && jj_scanpos == jj_lastpos) return false;
S4628,XPathParser.java,2913,xsp = jj_scanpos;
S4629,XPathParser.java,2914,if (jj_3R_126()) { jj_scanpos = xsp; break; }
S4630,XPathParser.java,2915,if (jj_la == 0 && jj_scanpos == jj_lastpos) return false;
S4631,XPathParser.java,2917,return false;
S4632,XPathParser.java,2921,if (jj_3R_57()) return true;
S4633,XPathParser.java,2922,if (jj_la == 0 && jj_scanpos == jj_lastpos) return false;
S4634,XPathParser.java,2925,xsp = jj_scanpos;
S4635,XPathParser.java,2926,if (jj_3R_190()) { jj_scanpos = xsp; break; }
S4636,XPathParser.java,2927,if (jj_la == 0 && jj_scanpos == jj_lastpos) return false;
S4637,XPathParser.java,2929,return false;
S4638,XPathParser.java,2933,if (jj_3R_16()) return true;
S4639,XPathParser.java,2934,if (jj_la == 0 && jj_scanpos == jj_lastpos) return false;
S4640,XPathParser.java,2935,return false;
S4641,XPathParser.java,2939,if (jj_3R_16()) return true;
S4642,XPathParser.java,2945,if (jj_scan_token(SLASH)) return true;
S4643,XPathParser.java,2946,if (jj_la == 0 && jj_scanpos == jj_lastpos) return false;
S4644,XPathParser.java,2947,return false;
S4645,XPathParser.java,2951,if (jj_3R_16()) return true;
S4646,XPathParser.java,2952,if (jj_la == 0 && jj_scanpos == jj_lastpos) return false;
S4647,XPathParser.java,2955,xsp = jj_scanpos;
S4648,XPathParser.java,2956,if (jj_3R_193()) { jj_scanpos = xsp; break; }
S4649,XPathParser.java,2957,if (jj_la == 0 && jj_scanpos == jj_lastpos) return false;
S4650,XPathParser.java,2959,return false;
S4651,XPathParser.java,2963,if (jj_3R_116()) return true;
S4652,XPathParser.java,2970,xsp = jj_scanpos;
S4653,XPathParser.java,2971,if (jj_3R_191()) {
S4654,XPathParser.java,2972,jj_scanpos = xsp;
S4655,XPathParser.java,2973,if (jj_3R_192()) return true;
S4656,XPathParser.java,2974,if (jj_la == 0 && jj_scanpos == jj_lastpos) return false;
S4657,XPathParser.java,2975,} else if (jj_la == 0 && jj_scanpos == jj_lastpos) return false;
S4658,XPathParser.java,2976,return false;
S4659,XPathParser.java,2980,if (jj_3R_19()) return true;
S4660,XPathParser.java,2981,if (jj_la == 0 && jj_scanpos == jj_lastpos) return false;
S4661,XPathParser.java,2984,xsp = jj_scanpos;
S4662,XPathParser.java,2985,if (jj_3R_184()) { jj_scanpos = xsp; break; }
S4663,XPathParser.java,2989,xsp = jj_scanpos;
S4664,XPathParser.java,2990,if (jj_3R_185()) { jj_scanpos = xsp; break; }
S4665,XPathParser.java,2993,return false;
S4666,XPathParser.java,2997,if (jj_3R_19()) return true;
S4667,XPathParser.java,2998,if (jj_la == 0 && jj_scanpos == jj_lastpos) return false;
S4668,XPathParser.java,2999,return false;
S4669,XPathParser.java,3003,if (jj_3R_189()) return true;
S4670,XPathParser.java,3004,if (jj_la == 0 && jj_scanpos == jj_lastpos) return false;
S4671,XPathParser.java,3005,return false;
S4672,XPathParser.java,3009,if (jj_3R_188()) return true;
S4673,XPathParser.java,3010,if (jj_la == 0 && jj_scanpos == jj_lastpos) return false;
S4674,XPathParser.java,3011,return false;
S4675,XPathParser.java,3016,xsp = jj_scanpos;
S4676,XPathParser.java,3017,if (jj_3R_186()) {
S4677,XPathParser.java,3018,jj_scanpos = xsp;
S4678,XPathParser.java,3019,if (jj_3R_187()) return true;
S4679,XPathParser.java,3020,if (jj_la == 0 && jj_scanpos == jj_lastpos) return false;
S4680,XPathParser.java,3021,} else if (jj_la == 0 && jj_scanpos == jj_lastpos) return false;
S4681,XPathParser.java,3022,return false;
S4682,XPathParser.java,3026,if (jj_3R_183()) return true;
S4683,XPathParser.java,3027,if (jj_la == 0 && jj_scanpos == jj_lastpos) return false;
S4684,XPathParser.java,3028,return false;
S4685,XPathParser.java,3032,if (jj_3R_182()) return true;
S4686,XPathParser.java,3033,if (jj_la == 0 && jj_scanpos == jj_lastpos) return false;
S4687,XPathParser.java,3034,return false;
S4688,XPathParser.java,3039,xsp = jj_scanpos;
S4689,XPathParser.java,3040,if (jj_3R_180()) {
S4690,XPathParser.java,3041,jj_scanpos = xsp;
S4691,XPathParser.java,3042,if (jj_3R_181()) return true;
S4692,XPathParser.java,3043,if (jj_la == 0 && jj_scanpos == jj_lastpos) return false;
S4693,XPathParser.java,3044,} else if (jj_la == 0 && jj_scanpos == jj_lastpos) return false;
S4694,XPathParser.java,3045,return false;
S4695,XPathParser.java,3049,if (jj_scan_token(UNION)) return true;
S4696,XPathParser.java,3050,if (jj_la == 0 && jj_scanpos == jj_lastpos) return false;
S4697,XPathParser.java,3051,if (jj_3R_178()) return true;
S4698,XPathParser.java,3052,if (jj_la == 0 && jj_scanpos == jj_lastpos) return false;
S4699,XPathParser.java,3053,return false;
S4700,XPathParser.java,3057,if (jj_3R_178()) return true;
S4701,XPathParser.java,3058,if (jj_la == 0 && jj_scanpos == jj_lastpos) return false;
S4702,XPathParser.java,3061,xsp = jj_scanpos;
S4703,XPathParser.java,3062,if (jj_3R_179()) { jj_scanpos = xsp; break; }
S4704,XPathParser.java,3063,if (jj_la == 0 && jj_scanpos == jj_lastpos) return false;
S4705,XPathParser.java,3065,return false;
S4706,XPathParser.java,3069,if (jj_3R_104()) return true;
S4707,XPathParser.java,3070,if (jj_la == 0 && jj_scanpos == jj_lastpos) return false;
S4708,XPathParser.java,3071,return false;
S4709,XPathParser.java,3075,if (jj_scan_token(87)) return true;
S4710,XPathParser.java,3076,if (jj_la == 0 && jj_scanpos == jj_lastpos) return false;
S4711,XPathParser.java,3077,if (jj_3R_136()) return true;
S4712,XPathParser.java,3078,if (jj_la == 0 && jj_scanpos == jj_lastpos) return false;
S4713,XPathParser.java,3079,return false;
S4714,XPathParser.java,3083,if (jj_3R_136()) return true;
S4715,XPathParser.java,3084,if (jj_la == 0 && jj_scanpos == jj_lastpos) return false;
S4716,XPathParser.java,3087,xsp = jj_scanpos;
S4717,XPathParser.java,3088,if (jj_3R_137()) { jj_scanpos = xsp; break; }
S4718,XPathParser.java,3089,if (jj_la == 0 && jj_scanpos == jj_lastpos) return false;
S4719,XPathParser.java,3091,return false;
S4720,XPathParser.java,3095,if (jj_scan_token(80)) return true;
S4721,XPathParser.java,3096,if (jj_la == 0 && jj_scanpos == jj_lastpos) return false;
S4722,XPathParser.java,3098,xsp = jj_scanpos;
S4723,XPathParser.java,3099,if (jj_3R_127()) jj_scanpos = xsp;
S4724,XPathParser.java,3100,else if (jj_la == 0 && jj_scanpos == jj_lastpos) return false;
S4725,XPathParser.java,3101,if (jj_scan_token(81)) return true;
S4726,XPathParser.java,3102,if (jj_la == 0 && jj_scanpos == jj_lastpos) return false;
S4727,XPathParser.java,3103,return false;
S4728,XPathParser.java,3107,if (jj_scan_token(PI)) return true;
S4729,XPathParser.java,3108,if (jj_la == 0 && jj_scanpos == jj_lastpos) return false;
S4730,XPathParser.java,3109,return false;
S4731,XPathParser.java,3113,if (jj_scan_token(COMMENT)) return true;
S4732,XPathParser.java,3114,if (jj_la == 0 && jj_scanpos == jj_lastpos) return false;
S4733,XPathParser.java,3115,return false;
S4734,XPathParser.java,3119,if (jj_scan_token(NODE)) return true;
S4735,XPathParser.java,3120,if (jj_la == 0 && jj_scanpos == jj_lastpos) return false;
S4736,XPathParser.java,3121,return false;
S4737,XPathParser.java,3125,if (jj_scan_token(TEXT)) return true;
S4738,XPathParser.java,3126,if (jj_la == 0 && jj_scanpos == jj_lastpos) return false;
S4739,XPathParser.java,3127,return false;
S4740,XPathParser.java,3131,if (jj_3R_15()) return true;
S4741,XPathParser.java,3132,if (jj_la == 0 && jj_scanpos == jj_lastpos) return false;
S4742,XPathParser.java,3133,if (jj_scan_token(79)) return true;
S4743,XPathParser.java,3134,if (jj_la == 0 && jj_scanpos == jj_lastpos) return false;
S4744,XPathParser.java,3135,return false;
S4745,XPathParser.java,3140,xsp = jj_scanpos;
S4746,XPathParser.java,3141,if (jj_3R_58()) {
S4747,XPathParser.java,3142,jj_scanpos = xsp;
S4748,XPathParser.java,3143,if (jj_3R_59()) {
S4749,XPathParser.java,3144,jj_scanpos = xsp;
S4750,XPathParser.java,3145,if (jj_3R_60()) {
S4751,XPathParser.java,3146,jj_scanpos = xsp;
S4752,XPathParser.java,3147,if (jj_3R_61()) return true;
S4753,XPathParser.java,3148,if (jj_la == 0 && jj_scanpos == jj_lastpos) return false;
S4754,XPathParser.java,3149,} else if (jj_la == 0 && jj_scanpos == jj_lastpos) return false;
S4755,XPathParser.java,3150,} else if (jj_la == 0 && jj_scanpos == jj_lastpos) return false;
S4756,XPathParser.java,3151,} else if (jj_la == 0 && jj_scanpos == jj_lastpos) return false;
S4757,XPathParser.java,3152,return false;
S4758,XPathParser.java,3156,if (jj_3R_15()) return true;
S4759,XPathParser.java,3157,if (jj_la == 0 && jj_scanpos == jj_lastpos) return false;
S4760,XPathParser.java,3158,return false;
S4761,XPathParser.java,3162,if (jj_3R_98()) return true;
S4762,XPathParser.java,3163,if (jj_la == 0 && jj_scanpos == jj_lastpos) return false;
S4763,XPathParser.java,3164,return false;
S4764,XPathParser.java,3168,if (jj_3R_15()) return true;
S4765,XPathParser.java,3169,if (jj_la == 0 && jj_scanpos == jj_lastpos) return false;
S4766,XPathParser.java,3170,if (jj_scan_token(79)) return true;
S4767,XPathParser.java,3171,if (jj_la == 0 && jj_scanpos == jj_lastpos) return false;
S4768,XPathParser.java,3172,if (jj_3R_15()) return true;
S4769,XPathParser.java,3173,if (jj_la == 0 && jj_scanpos == jj_lastpos) return false;
S4770,XPathParser.java,3174,return false;
S4771,XPathParser.java,3178,if (jj_scan_token(88)) return true;
S4772,XPathParser.java,3184,if (jj_3R_15()) return true;
S4773,XPathParser.java,3185,if (jj_la == 0 && jj_scanpos == jj_lastpos) return false;
S4774,XPathParser.java,3186,return false;
S4775,XPathParser.java,3190,if (jj_3R_18()) return true;
S4776,XPathParser.java,3191,if (jj_la == 0 && jj_scanpos == jj_lastpos) return false;
S4777,XPathParser.java,3192,if (jj_3R_119()) return true;
S4778,XPathParser.java,3193,if (jj_la == 0 && jj_scanpos == jj_lastpos) return false;
S4779,XPathParser.java,3194,return false;
S4780,XPathParser.java,3198,if (jj_scan_token(79)) return true;
S4781,XPathParser.java,3199,if (jj_la == 0 && jj_scanpos == jj_lastpos) return false;
S4782,XPathParser.java,3200,if (jj_3R_15()) return true;
S4783,XPathParser.java,3201,if (jj_la == 0 && jj_scanpos == jj_lastpos) return false;
S4784,XPathParser.java,3202,return false;
S4785,XPathParser.java,3206,if (jj_scan_token(79)) return true;
S4786,XPathParser.java,3207,if (jj_la == 0 && jj_scanpos == jj_lastpos) return false;
S4787,XPathParser.java,3209,xsp = jj_scanpos;
S4788,XPathParser.java,3210,if (jj_3R_154()) {
S4789,XPathParser.java,3211,jj_scanpos = xsp;
S4790,XPathParser.java,3212,if (jj_3R_155()) return true;
S4791,XPathParser.java,3213,if (jj_la == 0 && jj_scanpos == jj_lastpos) return false;
S4792,XPathParser.java,3215,return false;
S4793,XPathParser.java,3220,xsp = jj_scanpos;
S4794,XPathParser.java,3221,if (jj_3R_138()) {
S4795,XPathParser.java,3222,jj_scanpos = xsp;
S4796,XPathParser.java,3223,if (jj_3R_139()) return true;
S4797,XPathParser.java,3224,if (jj_la == 0 && jj_scanpos == jj_lastpos) return false;
S4798,XPathParser.java,3225,} else if (jj_la == 0 && jj_scanpos == jj_lastpos) return false;
S4799,XPathParser.java,3226,return false;
S4800,XPathParser.java,3230,if (jj_scan_token(88)) return true;
S4801,XPathParser.java,3231,if (jj_la == 0 && jj_scanpos == jj_lastpos) return false;
S4802,XPathParser.java,3232,return false;
S4803,XPathParser.java,3237,xsp = jj_scanpos;
S4804,XPathParser.java,3238,if (jj_3R_131()) {
S4805,XPathParser.java,3239,jj_scanpos = xsp;
S4806,XPathParser.java,3240,if (jj_3R_132()) return true;
S4807,XPathParser.java,3241,if (jj_la == 0 && jj_scanpos == jj_lastpos) return false;
S4808,XPathParser.java,3242,} else if (jj_la == 0 && jj_scanpos == jj_lastpos) return false;
S4809,XPathParser.java,3243,xsp = jj_scanpos;
S4810,XPathParser.java,3244,if (jj_3R_133()) jj_scanpos = xsp;
S4811,XPathParser.java,3245,else if (jj_la == 0 && jj_scanpos == jj_lastpos) return false;
S4812,XPathParser.java,3246,return false;
S4813,XPathParser.java,3250,if (jj_3R_120()) return true;
S4814,XPathParser.java,3251,if (jj_la == 0 && jj_scanpos == jj_lastpos) return false;
S4815,XPathParser.java,3252,if (jj_3R_119()) return true;
S4816,XPathParser.java,3253,if (jj_la == 0 && jj_scanpos == jj_lastpos) return false;
S4817,XPathParser.java,3254,return false;
S4818,XPathParser.java,3258,if (jj_3R_15()) return true;
S4819,XPathParser.java,3259,if (jj_la == 0 && jj_scanpos == jj_lastpos) return false;
S4820,XPathParser.java,3261,xsp = jj_scanpos;
S4821,XPathParser.java,3262,if (jj_3R_124()) jj_scanpos = xsp;
S4822,XPathParser.java,3263,else if (jj_la == 0 && jj_scanpos == jj_lastpos) return false;
S4823,XPathParser.java,3264,return false;
S4824,XPathParser.java,3268,if (jj_3R_18()) return true;
S4825,XPathParser.java,3269,if (jj_la == 0 && jj_scanpos == jj_lastpos) return false;
S4826,XPathParser.java,3270,if (jj_scan_token(80)) return true;
S4827,XPathParser.java,3271,if (jj_la == 0 && jj_scanpos == jj_lastpos) return false;
S4828,XPathParser.java,3272,return false;
S4829,XPathParser.java,3276,if (jj_scan_token(VARIABLE)) return true;
S4830,XPathParser.java,3277,if (jj_la == 0 && jj_scanpos == jj_lastpos) return false;
S4831,XPathParser.java,3278,if (jj_3R_117()) return true;
S4832,XPathParser.java,3279,if (jj_la == 0 && jj_scanpos == jj_lastpos) return false;
S4833,XPathParser.java,3280,return false;
S4834,XPathParser.java,3284,if (jj_scan_token(FUNCTION_FORMAT_NUMBER)) return true;
S4835,XPathParser.java,3285,if (jj_la == 0 && jj_scanpos == jj_lastpos) return false;
S4836,XPathParser.java,3286,return false;
S4837,XPathParser.java,3290,if (jj_scan_token(FUNCTION_KEY)) return true;
S4838,XPathParser.java,3291,if (jj_la == 0 && jj_scanpos == jj_lastpos) return false;
S4839,XPathParser.java,3292,return false;
S4840,XPathParser.java,3296,if (jj_scan_token(FUNCTION_ROUND)) return true;
S4841,XPathParser.java,3297,if (jj_la == 0 && jj_scanpos == jj_lastpos) return false;
S4842,XPathParser.java,3298,return false;
S4843,XPathParser.java,3302,if (jj_scan_token(FUNCTION_CEILING)) return true;
S4844,XPathParser.java,3303,if (jj_la == 0 && jj_scanpos == jj_lastpos) return false;
S4845,XPathParser.java,3304,return false;
S4846,XPathParser.java,3308,if (jj_3R_106()) return true;
S4847,XPathParser.java,3309,if (jj_la == 0 && jj_scanpos == jj_lastpos) return false;
S4848,XPathParser.java,3310,return false;
S4849,XPathParser.java,3314,if (jj_scan_token(FUNCTION_FLOOR)) return true;
S4850,XPathParser.java,3315,if (jj_la == 0 && jj_scanpos == jj_lastpos) return false;
S4851,XPathParser.java,3316,return false;
S4852,XPathParser.java,3320,if (jj_3R_105()) return true;
S4853,XPathParser.java,3321,if (jj_la == 0 && jj_scanpos == jj_lastpos) return false;
S4854,XPathParser.java,3322,return false;
S4855,XPathParser.java,3326,if (jj_scan_token(FUNCTION_SUM)) return true;
S4856,XPathParser.java,3327,if (jj_la == 0 && jj_scanpos == jj_lastpos) return false;
S4857,XPathParser.java,3328,return false;
S4858,XPathParser.java,3332,if (jj_scan_token(Number)) return true;
S4859,XPathParser.java,3333,if (jj_la == 0 && jj_scanpos == jj_lastpos) return false;
S4860,XPathParser.java,3334,return false;
S4861,XPathParser.java,3338,if (jj_scan_token(FUNCTION_NUMBER)) return true;
S4862,XPathParser.java,3339,if (jj_la == 0 && jj_scanpos == jj_lastpos) return false;
S4863,XPathParser.java,3340,return false;
S4864,XPathParser.java,3344,if (jj_scan_token(Literal)) return true;
S4865,XPathParser.java,3345,if (jj_la == 0 && jj_scanpos == jj_lastpos) return false;
S4866,XPathParser.java,3346,return false;
S4867,XPathParser.java,3350,if (jj_scan_token(FUNCTION_LANG)) return true;
S4868,XPathParser.java,3351,if (jj_la == 0 && jj_scanpos == jj_lastpos) return false;
S4869,XPathParser.java,3352,return false;
S4870,XPathParser.java,3356,if (jj_scan_token(80)) return true;
S4871,XPathParser.java,3357,if (jj_la == 0 && jj_scanpos == jj_lastpos) return false;
S4872,XPathParser.java,3358,if (jj_3R_104()) return true;
S4873,XPathParser.java,3359,if (jj_la == 0 && jj_scanpos == jj_lastpos) return false;
S4874,XPathParser.java,3360,if (jj_scan_token(81)) return true;
S4875,XPathParser.java,3361,if (jj_la == 0 && jj_scanpos == jj_lastpos) return false;
S4876,XPathParser.java,3362,return false;
S4877,XPathParser.java,3366,if (jj_scan_token(FUNCTION_NULL)) return true;
S4878,XPathParser.java,3367,if (jj_la == 0 && jj_scanpos == jj_lastpos) return false;
S4879,XPathParser.java,3368,return false;
S4880,XPathParser.java,3372,if (jj_3R_103()) return true;
S4881,XPathParser.java,3373,if (jj_la == 0 && jj_scanpos == jj_lastpos) return false;
S4882,XPathParser.java,3374,return false;
S4883,XPathParser.java,3378,if (jj_scan_token(FUNCTION_FALSE)) return true;
S4884,XPathParser.java,3379,if (jj_la == 0 && jj_scanpos == jj_lastpos) return false;
S4885,XPathParser.java,3380,return false;
S4886,XPathParser.java,3384,if (jj_scan_token(FUNCTION_TRUE)) return true;
S4887,XPathParser.java,3385,if (jj_la == 0 && jj_scanpos == jj_lastpos) return false;
S4888,XPathParser.java,3386,return false;
S4889,XPathParser.java,3390,if (jj_3R_128()) return true;
S4890,XPathParser.java,3391,if (jj_la == 0 && jj_scanpos == jj_lastpos) return false;
S4891,XPathParser.java,3392,return false;
S4892,XPathParser.java,3396,if (jj_scan_token(FUNCTION_NOT)) return true;
S4893,XPathParser.java,3397,if (jj_la == 0 && jj_scanpos == jj_lastpos) return false;
S4894,XPathParser.java,3398,return false;
S4895,XPathParser.java,3402,if (jj_scan_token(FUNCTION_BOOLEAN)) return true;
S4896,XPathParser.java,3403,if (jj_la == 0 && jj_scanpos == jj_lastpos) return false;
S4897,XPathParser.java,3404,return false;
S4898,XPathParser.java,3408,if (jj_scan_token(FUNCTION_TRANSLATE)) return true;
S4899,XPathParser.java,3409,if (jj_la == 0 && jj_scanpos == jj_lastpos) return false;
S4900,XPathParser.java,3410,return false;
S4901,XPathParser.java,3414,if (jj_scan_token(FUNCTION_NORMALIZE_SPACE)) return true;
S4902,XPathParser.java,3415,if (jj_la == 0 && jj_scanpos == jj_lastpos) return false;
S4903,XPathParser.java,3416,return false;
S4904,XPathParser.java,3421,xsp = jj_scanpos;
S4905,XPathParser.java,3422,if (jj_3R_92()) {
S4906,XPathParser.java,3423,jj_scanpos = xsp;
S4907,XPathParser.java,3424,if (jj_3R_93()) {
S4908,XPathParser.java,3425,jj_scanpos = xsp;
S4909,XPathParser.java,3426,if (jj_3R_94()) {
S4910,XPathParser.java,3427,jj_scanpos = xsp;
S4911,XPathParser.java,3428,if (jj_3R_95()) {
S4912,XPathParser.java,3429,jj_scanpos = xsp;
S4913,XPathParser.java,3430,if (jj_3R_96()) {
S4914,XPathParser.java,3431,jj_scanpos = xsp;
S4915,XPathParser.java,3432,if (jj_3R_97()) return true;
S4916,XPathParser.java,3433,if (jj_la == 0 && jj_scanpos == jj_lastpos) return false;
S4917,XPathParser.java,3434,} else if (jj_la == 0 && jj_scanpos == jj_lastpos) return false;
S4918,XPathParser.java,3435,} else if (jj_la == 0 && jj_scanpos == jj_lastpos) return false;
S4919,XPathParser.java,3436,} else if (jj_la == 0 && jj_scanpos == jj_lastpos) return false;
S4920,XPathParser.java,3437,} else if (jj_la == 0 && jj_scanpos == jj_lastpos) return false;
S4921,XPathParser.java,3438,} else if (jj_la == 0 && jj_scanpos == jj_lastpos) return false;
S4922,XPathParser.java,3439,return false;
S4923,XPathParser.java,3443,if (jj_scan_token(FUNCTION_STRING_LENGTH)) return true;
S4924,XPathParser.java,3444,if (jj_la == 0 && jj_scanpos == jj_lastpos) return false;
S4925,XPathParser.java,3445,return false;
S4926,XPathParser.java,3449,if (jj_scan_token(FUNCTION_SUBSTRING)) return true;
S4927,XPathParser.java,3450,if (jj_la == 0 && jj_scanpos == jj_lastpos) return false;
S4928,XPathParser.java,3451,return false;
S4929,XPathParser.java,3455,if (jj_scan_token(FUNCTION_SUBSTRING_AFTER)) return true;
S4930,XPathParser.java,3456,if (jj_la == 0 && jj_scanpos == jj_lastpos) return false;
S4931,XPathParser.java,3457,return false;
S4932,XPathParser.java,3461,if (jj_scan_token(FUNCTION_SUBSTRING_BEFORE)) return true;
S4933,XPathParser.java,3462,if (jj_la == 0 && jj_scanpos == jj_lastpos) return false;
S4934,XPathParser.java,3463,return false;
S4935,XPathParser.java,3467,if (jj_scan_token(FUNCTION_CONTAINS)) return true;
S4936,XPathParser.java,3468,if (jj_la == 0 && jj_scanpos == jj_lastpos) return false;
S4937,XPathParser.java,3469,return false;
S4938,XPathParser.java,3473,if (jj_scan_token(FUNCTION_STARTS_WITH)) return true;
S4939,XPathParser.java,3474,if (jj_la == 0 && jj_scanpos == jj_lastpos) return false;
S4940,XPathParser.java,3475,return false;
S4941,XPathParser.java,3479,if (jj_scan_token(FUNCTION_CONCAT)) return true;
S4942,XPathParser.java,3480,if (jj_la == 0 && jj_scanpos == jj_lastpos) return false;
S4943,XPathParser.java,3481,return false;
S4944,XPathParser.java,3485,if (jj_scan_token(FUNCTION_STRING)) return true;
S4945,XPathParser.java,3486,if (jj_la == 0 && jj_scanpos == jj_lastpos) return false;
S4946,XPathParser.java,3487,return false;
S4947,XPathParser.java,3491,if (jj_scan_token(FUNCTION_NAME)) return true;
S4948,XPathParser.java,3492,if (jj_la == 0 && jj_scanpos == jj_lastpos) return false;
S4949,XPathParser.java,3493,return false;
S4950,XPathParser.java,3497,if (jj_scan_token(FUNCTION_NAMESPACE_URI)) return true;
S4951,XPathParser.java,3498,if (jj_la == 0 && jj_scanpos == jj_lastpos) return false;
S4952,XPathParser.java,3499,return false;
S4953,XPathParser.java,3503,if (jj_scan_token(FUNCTION_LOCAL_NAME)) return true;
S4954,XPathParser.java,3504,if (jj_la == 0 && jj_scanpos == jj_lastpos) return false;
S4955,XPathParser.java,3505,return false;
S4956,XPathParser.java,3513,public boolean lookingAhead = false;
S4957,XPathParser.java,3516,final private int[] jj_la1 = new int[39];
S4958,XPathParser.java,3521,jj_la1_0();
S4959,XPathParser.java,3522,jj_la1_1();
S4960,XPathParser.java,3523,jj_la1_2();
S4961,XPathParser.java,3526,"jj_la1_0 = new int[] {0xf8000000,0x78000000,0x0,0x0,0x78000000,0xf80000c0,0xc0,0x40,0xc0,0xc0,0xf8000000,0xf8000000,0x0,0x0,0x0,0x0,0x160000,0xf8000000,0x0,0xf81604c0,0x100,0xf80000c0,0x0,0xc0,0x8000000,0x10000000,0x1800,0x1800,0x1e000,0x1e000,0x200,0x400,0x60000000,0x60000000,0xf81604c0,0xf8000000,0xf8000000,0x0,0x80000000,};"
S4962,XPathParser.java,3529,"jj_la1_1 = new int[] {0xffff0007,0x0,0xffff0000,0x0,0x0,0xffffffff,0x0,0x0,0x0,0x0,0xffff0007,0xffffffff,0x0,0xfff8,0xfff8,0x0,0x0,0xffff0007,0x0,0xffffffff,0x0,0xffffffff,0x0,0x0,0x0,0x0,0x0,0x0,0x0,0x0,0x0,0x0,0x0,0x0,0xffffffff,0xffff0007,0xffff0007,0x0,0x7,};"
S4963,XPathParser.java,3532,"jj_la1_2 = new int[] {0x7fff,0x4000,0x3fff,0x8000,0x4000,0x14c7fff,0x0,0x0,0x0,0x0,0x1007fff,0x14c7fff,0x100000,0x0,0x0,0x400000,0x10000,0x7fff,0x800000,0x14d7fff,0x0,0x14c7fff,0x100000,0x0,0x0,0x0,0x0,0x0,0x0,0x0,0x0,0x0,0x1000000,0x1000000,0x14d7fff,0x1007fff,0x1007fff,0x8000,0x0,};"
S4964,XPathParser.java,3534,final private JJCalls[] jj_2_rtns = new JJCalls[6];
S4965,XPathParser.java,3535,private boolean jj_rescan = false;
S4966,XPathParser.java,3536,private int jj_gc = 0;
S4967,XPathParser.java,3558,public XPathParser(java.io.Reader stream) {
S4968,XPathParser.java,3559,"jj_input_stream = new SimpleCharStream(stream, 1, 1);"
S4969,XPathParser.java,3560,token_source = new XPathParserTokenManager(jj_input_stream);
S4970,XPathParser.java,3561,token = new Token();
S4971,XPathParser.java,3562,token.next = jj_nt = token_source.getNextToken();
S4972,XPathParser.java,3563,jj_gen = 0;
S4973,XPathParser.java,3564,for (int i = 0; i < 39; i++) jj_la1[i] = -1;
S4974,XPathParser.java,3565,for (int i = 0; i < jj_2_rtns.length; i++) jj_2_rtns[i] = new JJCalls();
S4975,XPathParser.java,3569,"jj_input_stream.ReInit(stream, 1, 1);"
S4976,XPathParser.java,3570,token_source.ReInit(jj_input_stream);
S4977,XPathParser.java,3571,token = new Token();
S4978,XPathParser.java,3572,token.next = jj_nt = token_source.getNextToken();
S4979,XPathParser.java,3573,jj_gen = 0;
S4980,XPathParser.java,3574,for (int i = 0; i < 39; i++) jj_la1[i] = -1;
S4981,XPathParser.java,3575,for (int i = 0; i < jj_2_rtns.length; i++) jj_2_rtns[i] = new JJCalls();
S4982,XPathParser.java,3597,Token oldToken = token;
S4983,XPathParser.java,3598,if ((token = jj_nt).next != null) jj_nt = jj_nt.next;
S4984,XPathParser.java,3599,else jj_nt = jj_nt.next = token_source.getNextToken();
S4985,XPathParser.java,3600,if (token.kind == kind) {
S4986,XPathParser.java,3601,jj_gen++;
S4987,XPathParser.java,3602,if (++jj_gc > 100) {
S4988,XPathParser.java,3603,jj_gc = 0;
S4989,XPathParser.java,3604,for (int i = 0; i < jj_2_rtns.length; i++) {
S4990,XPathParser.java,3605,JJCalls c = jj_2_rtns[i];
S4991,XPathParser.java,3606,while (c != null) {
S4992,XPathParser.java,3607,if (c.gen < jj_gen) c.first = null;
S4993,XPathParser.java,3608,c = c.next;
S4994,XPathParser.java,3612,return token;
S4995,XPathParser.java,3621,if (jj_scanpos == jj_lastpos) {
S4996,XPathParser.java,3622,jj_la--;
S4997,XPathParser.java,3623,if (jj_scanpos.next == null) {
S4998,XPathParser.java,3624,jj_lastpos = jj_scanpos = jj_scanpos.next = token_source.getNextToken();
S4999,XPathParser.java,3626,jj_lastpos = jj_scanpos = jj_scanpos.next;
S5000,XPathParser.java,3629,jj_scanpos = jj_scanpos.next;
S5001,XPathParser.java,3631,if (jj_rescan) {
S5002,XPathParser.java,3636,return (jj_scanpos.kind != kind);
S5003,XPathParser.java,3655,private java.util.Vector jj_expentries = new java.util.Vector();
S5004,XPathParser.java,3657,private int jj_kind = -1;
S5005,XPathParser.java,3658,private int[] jj_lasttokens = new int[100];
S5006,XPathParser.java,3760,JJCalls p = jj_2_rtns[index];
S5007,XPathParser.java,3761,while (p.gen > jj_gen) {
S5008,XPathParser.java,3762,if (p.next == null) { p = p.next = new JJCalls(); break; }
S5009,XPathParser.java,3763,p = p.next;
S5010,XPathParser.java,3765,p.gen = jj_gen + xla - jj_la; p.first = token; p.arg = xla;
S5011,XPathParser.java,3768,static final class JJCalls {
S5012,XPathParserTokenManager.java,8,public  java.io.PrintStream debugStream = System.out;
S5013,XPathParserTokenManager.java,12,switch (pos)
S5014,XPathParserTokenManager.java,15,if ((active1 & 0xc0000L) != 0L)
S5015,XPathParserTokenManager.java,16,return 10;
S5016,XPathParserTokenManager.java,17,if ((active0 & 0xfffffffff8000000L) != 0L || (active1 & 0x3fffL) != 0L)
S5017,XPathParserTokenManager.java,19,jjmatchedKind = 78;
S5018,XPathParserTokenManager.java,20,return 12;
S5019,XPathParserTokenManager.java,22,return -1;
S5020,XPathParserTokenManager.java,24,if ((active0 & 0x8000008000000L) != 0L)
S5021,XPathParserTokenManager.java,26,if ((active0 & 0xfff7fffff0000000L) != 0L || (active1 & 0x3fffL) != 0L)
S5022,XPathParserTokenManager.java,28,jjmatchedKind = 78;
S5023,XPathParserTokenManager.java,29,jjmatchedPos = 1;
S5024,XPathParserTokenManager.java,30,return 12;
S5025,XPathParserTokenManager.java,34,if ((active0 & 0x10000070000000L) != 0L || (active1 & 0x208L) != 0L)
S5026,XPathParserTokenManager.java,36,if ((active0 & 0xffe7ffff80000000L) != 0L || (active1 & 0x3df7L) != 0L)
S5027,XPathParserTokenManager.java,38,jjmatchedKind = 78;
S5028,XPathParserTokenManager.java,39,jjmatchedPos = 2;
S5029,XPathParserTokenManager.java,40,return 12;
S5030,XPathParserTokenManager.java,44,if ((active0 & 0xc1010180000000L) != 0L || (active1 & 0xd0L) != 0L)
S5031,XPathParserTokenManager.java,45,return 12;
S5032,XPathParserTokenManager.java,46,if ((active0 & 0xff26fefe00000000L) != 0L || (active1 & 0x3d27L) != 0L)
S5033,XPathParserTokenManager.java,48,if (jjmatchedPos != 3)
S5034,XPathParserTokenManager.java,50,jjmatchedKind = 78;
S5035,XPathParserTokenManager.java,51,jjmatchedPos = 3;
S5036,XPathParserTokenManager.java,53,return 12;
S5037,XPathParserTokenManager.java,57,if ((active0 & 0xff62fff600000000L) != 0L || (active1 & 0x2907L) != 0L)
S5038,XPathParserTokenManager.java,59,jjmatchedKind = 78;
S5039,XPathParserTokenManager.java,60,jjmatchedPos = 4;
S5040,XPathParserTokenManager.java,61,return 12;
S5041,XPathParserTokenManager.java,76,if ((active0 & 0x8300000000000000L) != 0L || (active1 & 0x100L) != 0L)
S5042,XPathParserTokenManager.java,77,return 12;
S5043,XPathParserTokenManager.java,107,if ((active0 & 0x200000000L) != 0L || (active1 & 0x804L) != 0L)
S5044,XPathParserTokenManager.java,109,if ((active0 & 0x2000000000L) != 0L)
S5045,XPathParserTokenManager.java,118,if ((active0 & 0x1000000000L) != 0L)
S5046,XPathParserTokenManager.java,127,if ((active0 & 0xfc62ffc400000000L) != 0L || (active1 & 0x2003L) != 0L)
S5047,XPathParserTokenManager.java,129,jjmatchedKind = 78;
S5048,XPathParserTokenManager.java,130,jjmatchedPos = 6;
S5049,XPathParserTokenManager.java,131,return 12;
S5050,XPathParserTokenManager.java,154,if ((active0 & 0x7000000000000000L) != 0L || (active1 & 0x2L) != 0L)
S5051,XPathParserTokenManager.java,155,return 12;
S5052,XPathParserTokenManager.java,386,"return jjMoveNfa_0(jjStopStringLiteralDfa_0(pos, active0, active1), pos + 1);"
S5053,XPathParserTokenManager.java,390,jjmatchedKind = kind;
S5054,XPathParserTokenManager.java,391,jjmatchedPos = pos;
S5055,XPathParserTokenManager.java,392,return pos + 1;
S5056,XPathParserTokenManager.java,396,jjmatchedKind = kind;
S5057,XPathParserTokenManager.java,397,jjmatchedPos = pos;
S5058,XPathParserTokenManager.java,398,try { curChar = input_stream.readChar(); }
S5059,XPathParserTokenManager.java,399,catch(java.io.IOException e) { return pos + 1; }
S5060,XPathParserTokenManager.java,400,"return jjMoveNfa_0(state, pos + 1);"
S5061,XPathParserTokenManager.java,404,switch(curChar)
S5062,XPathParserTokenManager.java,407,"return jjMoveStringLiteralDfa1_0(0x1000L, 0x0L);"
S5063,XPathParserTokenManager.java,409,"return jjStopAtPos(0, 17);"
S5064,XPathParserTokenManager.java,411,"return jjStopAtPos(0, 80);"
S5065,XPathParserTokenManager.java,413,"return jjStopAtPos(0, 81);"
S5066,XPathParserTokenManager.java,415,"return jjStopAtPos(0, 88);"
S5067,XPathParserTokenManager.java,417,"return jjStopAtPos(0, 9);"
S5068,XPathParserTokenManager.java,419,"return jjStopAtPos(0, 87);"
S5069,XPathParserTokenManager.java,421,"return jjStopAtPos(0, 10);"
S5070,XPathParserTokenManager.java,423,jjmatchedKind = 82;
S5071,XPathParserTokenManager.java,424,"return jjMoveStringLiteralDfa1_0(0x0L, 0x80000L);"
S5072,XPathParserTokenManager.java,426,jjmatchedKind = 6;
S5073,XPathParserTokenManager.java,427,"return jjMoveStringLiteralDfa1_0(0x80L, 0x0L);"
S5074,XPathParserTokenManager.java,429,"return jjStopAtPos(0, 79);"
S5075,XPathParserTokenManager.java,431,jjmatchedKind = 13;
S5076,XPathParserTokenManager.java,432,"return jjMoveStringLiteralDfa1_0(0x4000L, 0x0L);"
S5077,XPathParserTokenManager.java,434,"return jjStopAtPos(0, 11);"
S5078,XPathParserTokenManager.java,436,jjmatchedKind = 15;
S5079,XPathParserTokenManager.java,437,"return jjMoveStringLiteralDfa1_0(0x10000L, 0x0L);"
S5080,XPathParserTokenManager.java,439,"return jjStopAtPos(0, 86);"
S5081,XPathParserTokenManager.java,441,"return jjStopAtPos(0, 84);"
S5082,XPathParserTokenManager.java,443,"return jjStopAtPos(0, 85);"
S5083,XPathParserTokenManager.java,445,"return jjMoveStringLiteralDfa1_0(0x10c010000000L, 0x0L);"
S5084,XPathParserTokenManager.java,447,"return jjMoveStringLiteralDfa1_0(0x0L, 0x4L);"
S5085,XPathParserTokenManager.java,449,"return jjMoveStringLiteralDfa1_0(0xa04001200000000L, 0x800L);"
S5086,XPathParserTokenManager.java,451,"return jjMoveStringLiteralDfa1_0(0x880040000000L, 0x0L);"
S5087,XPathParserTokenManager.java,453,"return jjMoveStringLiteralDfa1_0(0x240000000000L, 0x2420L);"
S5088,XPathParserTokenManager.java,455,"return jjMoveStringLiteralDfa1_0(0x8000000000000L, 0x0L);"
S5089,XPathParserTokenManager.java,457,"return jjMoveStringLiteralDfa1_0(0x10000000000000L, 0x0L);"
S5090,XPathParserTokenManager.java,459,"return jjMoveStringLiteralDfa1_0(0x21000000000000L, 0x80L);"
S5091,XPathParserTokenManager.java,461,"return jjMoveStringLiteralDfa1_0(0x20000000L, 0x0L);"
S5092,XPathParserTokenManager.java,463,"return jjMoveStringLiteralDfa1_0(0xc0010080000000L, 0x149L);"
S5093,XPathParserTokenManager.java,465,"return jjMoveStringLiteralDfa1_0(0x8000000L, 0x0L);"
S5094,XPathParserTokenManager.java,467,"return jjMoveStringLiteralDfa1_0(0x2422400000000L, 0x0L);"
S5095,XPathParserTokenManager.java,469,"return jjMoveStringLiteralDfa1_0(0x0L, 0x1000L);"
S5096,XPathParserTokenManager.java,471,"return jjMoveStringLiteralDfa1_0(0xf500000800000000L, 0x200L);"
S5097,XPathParserTokenManager.java,473,"return jjMoveStringLiteralDfa1_0(0x100000000L, 0x12L);"
S5098,XPathParserTokenManager.java,475,"return jjStopAtPos(0, 8);"
S5099,XPathParserTokenManager.java,477,"return jjMoveNfa_0(0, 0);"
S5100,XPathParserTokenManager.java,482,try { curChar = input_stream.readChar(); }
S5101,XPathParserTokenManager.java,483,catch(java.io.IOException e) {
S5102,XPathParserTokenManager.java,484,"jjStopStringLiteralDfa_0(0, active0, active1);"
S5103,XPathParserTokenManager.java,485,return 1;
S5104,XPathParserTokenManager.java,487,switch(curChar)
S5105,XPathParserTokenManager.java,490,if ((active1 & 0x80000L) != 0L)
S5106,XPathParserTokenManager.java,491,"return jjStopAtPos(1, 83);"
S5107,XPathParserTokenManager.java,494,if ((active0 & 0x80L) != 0L)
S5108,XPathParserTokenManager.java,495,"return jjStopAtPos(1, 7);"
S5109,XPathParserTokenManager.java,498,if ((active0 & 0x1000L) != 0L)
S5110,XPathParserTokenManager.java,499,"return jjStopAtPos(1, 12);"
S5111,XPathParserTokenManager.java,500,else if ((active0 & 0x4000L) != 0L)
S5112,XPathParserTokenManager.java,501,"return jjStopAtPos(1, 14);"
S5113,XPathParserTokenManager.java,502,else if ((active0 & 0x10000L) != 0L)
S5114,XPathParserTokenManager.java,503,"return jjStopAtPos(1, 16);"
S5115,XPathParserTokenManager.java,506,"return jjMoveStringLiteralDfa2_0(active0, 0xc1012000000000L, active1, 0xa0L);"
S5116,XPathParserTokenManager.java,508,if ((active0 & 0x8000000000000L) != 0L)
S5117,XPathParserTokenManager.java,509,"return jjStartNfaWithStates_0(1, 51, 12);"
S5118,XPathParserTokenManager.java,512,"return jjMoveStringLiteralDfa2_0(active0, 0x10880900000000L, active1, 0x800L);"
S5119,XPathParserTokenManager.java,514,"return jjMoveStringLiteralDfa2_0(active0, 0x1000000000L, active1, 0L);"
S5120,XPathParserTokenManager.java,516,"return jjMoveStringLiteralDfa2_0(active0, 0x40000000L, active1, 0L);"
S5121,XPathParserTokenManager.java,518,"return jjMoveStringLiteralDfa2_0(active0, 0L, active1, 0x400L);"
S5122,XPathParserTokenManager.java,520,"return jjMoveStringLiteralDfa2_0(active0, 0x104010000000L, active1, 0L);"
S5123,XPathParserTokenManager.java,522,"return jjMoveStringLiteralDfa2_0(active0, 0xa262402a0000000L, active1, 0x300dL);"
S5124,XPathParserTokenManager.java,524,if ((active0 & 0x8000000L) != 0L)
S5125,XPathParserTokenManager.java,525,"return jjStartNfaWithStates_0(1, 27, 12);"
S5126,XPathParserTokenManager.java,526,"return jjMoveStringLiteralDfa2_0(active0, 0x420400000000L, active1, 0x12L);"
S5127,XPathParserTokenManager.java,528,"return jjMoveStringLiteralDfa2_0(active0, 0x8500008000000000L, active1, 0L);"
S5128,XPathParserTokenManager.java,530,"return jjMoveStringLiteralDfa2_0(active0, 0x7000000000000000L, active1, 0x340L);"
S5129,XPathParserTokenManager.java,534,"return jjStartNfa_0(0, active0, active1);"
S5130,XPathParserTokenManager.java,538,if (((active0 &= old0) | (active1 &= old1)) == 0L)
S5131,XPathParserTokenManager.java,539,"return jjStartNfa_0(0, old0, old1);"
S5132,XPathParserTokenManager.java,540,try { curChar = input_stream.readChar(); }
S5133,XPathParserTokenManager.java,545,switch(curChar)
S5134,XPathParserTokenManager.java,548,"return jjMoveStringLiteralDfa3_0(active0, 0x400000000000000L, active1, 0x2L);"
S5135,XPathParserTokenManager.java,550,"return jjMoveStringLiteralDfa3_0(active0, 0x7000000000000000L, active1, 0L);"
S5136,XPathParserTokenManager.java,552,"return jjMoveStringLiteralDfa3_0(active0, 0x20104000000000L, active1, 0L);"
S5137,XPathParserTokenManager.java,554,if ((active0 & 0x10000000L) != 0L)
S5138,XPathParserTokenManager.java,555,"return jjStartNfaWithStates_0(2, 28, 12);"
S5139,XPathParserTokenManager.java,556,else if ((active0 & 0x20000000L) != 0L)
S5140,XPathParserTokenManager.java,557,"return jjStartNfaWithStates_0(2, 29, 12);"
S5141,XPathParserTokenManager.java,558,"return jjMoveStringLiteralDfa3_0(active0, 0x80000000L, active1, 0L);"
S5142,XPathParserTokenManager.java,560,"return jjMoveStringLiteralDfa3_0(active0, 0x420000000000L, active1, 0L);"
S5143,XPathParserTokenManager.java,562,"return jjMoveStringLiteralDfa3_0(active0, 0x1000000000L, active1, 0x800L);"
S5144,XPathParserTokenManager.java,564,"return jjMoveStringLiteralDfa3_0(active0, 0x240800000000L, active1, 0x60L);"
S5145,XPathParserTokenManager.java,566,if ((active1 & 0x200L) != 0L)
S5146,XPathParserTokenManager.java,567,"return jjStartNfaWithStates_0(2, 73, 12);"
S5147,XPathParserTokenManager.java,568,"return jjMoveStringLiteralDfa3_0(active0, 0xc0010200000000L, active1, 0x100L);"
S5148,XPathParserTokenManager.java,570,"return jjMoveStringLiteralDfa3_0(active0, 0xa00000000000000L, active1, 0x80L);"
S5149,XPathParserTokenManager.java,572,"return jjMoveStringLiteralDfa3_0(active0, 0x400000000L, active1, 0x404L);"
S5150,XPathParserTokenManager.java,574,"return jjMoveStringLiteralDfa3_0(active0, 0x8100002000000000L, active1, 0x2001L);"
S5151,XPathParserTokenManager.java,576,"return jjMoveStringLiteralDfa3_0(active0, 0x3880000000000L, active1, 0L);"
S5152,XPathParserTokenManager.java,578,if ((active1 & 0x8L) != 0L)
S5153,XPathParserTokenManager.java,579,"return jjStartNfaWithStates_0(2, 67, 12);"
S5154,XPathParserTokenManager.java,580,"return jjMoveStringLiteralDfa3_0(active0, 0x8000000000L, active1, 0L);"
S5155,XPathParserTokenManager.java,582,"return jjMoveStringLiteralDfa3_0(active0, 0x4000000000000L, active1, 0x1010L);"
S5156,XPathParserTokenManager.java,584,if ((active0 & 0x40000000L) != 0L)
S5157,XPathParserTokenManager.java,585,"return jjStartNfaWithStates_0(2, 30, 12);"
S5158,XPathParserTokenManager.java,588,"return jjMoveStringLiteralDfa3_0(active0, 0x100000000L, active1, 0L);"
S5159,XPathParserTokenManager.java,590,if ((active0 & 0x10000000000000L) != 0L)
S5160,XPathParserTokenManager.java,591,"return jjStartNfaWithStates_0(2, 52, 12);"
S5161,XPathParserTokenManager.java,600,if (((active0 &= old0) | (active1 &= old1)) == 0L)
S5162,XPathParserTokenManager.java,601,"return jjStartNfa_0(1, old0, old1);"
S5163,XPathParserTokenManager.java,602,try { curChar = input_stream.readChar(); }
S5164,XPathParserTokenManager.java,607,switch(curChar)
S5165,XPathParserTokenManager.java,610,"return jjMoveStringLiteralDfa4_0(active0, 0x20000000000000L, active1, 0L);"
S5166,XPathParserTokenManager.java,612,"return jjMoveStringLiteralDfa4_0(active0, 0L, active1, 0x100L);"
S5167,XPathParserTokenManager.java,614,"return jjMoveStringLiteralDfa4_0(active0, 0x200ca0400000000L, active1, 0L);"
S5168,XPathParserTokenManager.java,616,if ((active0 & 0x80000000L) != 0L)
S5169,XPathParserTokenManager.java,617,"return jjStartNfaWithStates_0(3, 31, 12);"
S5170,XPathParserTokenManager.java,618,else if ((active0 & 0x80000000000000L) != 0L)
S5171,XPathParserTokenManager.java,620,jjmatchedKind = 55;
S5172,XPathParserTokenManager.java,621,jjmatchedPos = 3;
S5173,XPathParserTokenManager.java,623,else if ((active1 & 0x10L) != 0L)
S5174,XPathParserTokenManager.java,624,"return jjStartNfaWithStates_0(3, 68, 12);"
S5175,XPathParserTokenManager.java,625,"return jjMoveStringLiteralDfa4_0(active0, 0x40116000000000L, active1, 0L);"
S5176,XPathParserTokenManager.java,627,"return jjMoveStringLiteralDfa4_0(active0, 0x800000000L, active1, 0L);"
S5177,XPathParserTokenManager.java,629,if ((active1 & 0x80L) != 0L)
S5178,XPathParserTokenManager.java,630,"return jjStartNfaWithStates_0(3, 71, 12);"
S5179,XPathParserTokenManager.java,633,"return jjMoveStringLiteralDfa4_0(active0, 0x8102000000000000L, active1, 0L);"
S5180,XPathParserTokenManager.java,635,if ((active1 & 0x40L) != 0L)
S5181,XPathParserTokenManager.java,636,"return jjStartNfaWithStates_0(3, 70, 12);"
S5182,XPathParserTokenManager.java,637,"return jjMoveStringLiteralDfa4_0(active0, 0x241000000000L, active1, 0x804L);"
S5183,XPathParserTokenManager.java,639,"return jjMoveStringLiteralDfa4_0(active0, 0x200000000L, active1, 0x2001L);"
S5184,XPathParserTokenManager.java,641,"return jjMoveStringLiteralDfa4_0(active0, 0x4000000000000L, active1, 0x1002L);"
S5185,XPathParserTokenManager.java,643,"return jjMoveStringLiteralDfa4_0(active0, 0L, active1, 0x400L);"
S5186,XPathParserTokenManager.java,645,"return jjMoveStringLiteralDfa4_0(active0, 0x400008000000000L, active1, 0L);"
S5187,XPathParserTokenManager.java,647,"return jjMoveStringLiteralDfa4_0(active0, 0x7000000000000000L, active1, 0x20L);"
S5188,XPathParserTokenManager.java,649,if ((active0 & 0x100000000L) != 0L)
S5189,XPathParserTokenManager.java,650,"return jjStartNfaWithStates_0(3, 32, 12);"
S5190,XPathParserTokenManager.java,651,else if ((active0 & 0x1000000000000L) != 0L)
S5191,XPathParserTokenManager.java,652,"return jjStartNfaWithStates_0(3, 48, 12);"
S5192,XPathParserTokenManager.java,653,"return jjMoveStringLiteralDfa4_0(active0, 0x800000000000000L, active1, 0L);"
S5193,XPathParserTokenManager.java,657,"return jjStartNfa_0(2, active0, active1);"
S5194,XPathParserTokenManager.java,661,if (((active0 &= old0) | (active1 &= old1)) == 0L)
S5195,XPathParserTokenManager.java,662,"return jjStartNfa_0(2, old0, old1);"
S5196,XPathParserTokenManager.java,663,try { curChar = input_stream.readChar(); }
S5197,XPathParserTokenManager.java,664,catch(java.io.IOException e) {
S5198,XPathParserTokenManager.java,665,"jjStopStringLiteralDfa_0(3, active0, active1);"
S5199,XPathParserTokenManager.java,666,return 4;
S5200,XPathParserTokenManager.java,668,switch(curChar)
S5201,XPathParserTokenManager.java,671,"return jjMoveStringLiteralDfa5_0(active0, 0x800000000L, active1, 0L);"
S5202,XPathParserTokenManager.java,673,"return jjMoveStringLiteralDfa5_0(active0, 0xa00000000000000L, active1, 0x2001L);"
S5203,XPathParserTokenManager.java,675,if ((active1 & 0x1000L) != 0L)
S5204,XPathParserTokenManager.java,676,"return jjStartNfaWithStates_0(4, 76, 12);"
S5205,XPathParserTokenManager.java,677,"return jjMoveStringLiteralDfa5_0(active0, 0x1000000000L, active1, 0L);"
S5206,XPathParserTokenManager.java,679,if ((active1 & 0x20L) != 0L)
S5207,XPathParserTokenManager.java,680,"return jjStartNfaWithStates_0(4, 69, 12);"
S5208,XPathParserTokenManager.java,681,"return jjMoveStringLiteralDfa5_0(active0, 0xca0600000000L, active1, 0x104L);"
S5209,XPathParserTokenManager.java,683,"return jjMoveStringLiteralDfa5_0(active0, 0x8000000000L, active1, 0x800L);"
S5210,XPathParserTokenManager.java,685,"return jjMoveStringLiteralDfa5_0(active0, 0x20000000000000L, active1, 0L);"
S5211,XPathParserTokenManager.java,687,"return jjMoveStringLiteralDfa5_0(active0, 0x8100002000000000L, active1, 0L);"
S5212,XPathParserTokenManager.java,689,"return jjMoveStringLiteralDfa5_0(active0, 0x240000000000L, active1, 0L);"
S5213,XPathParserTokenManager.java,691,if ((active1 & 0x400L) != 0L)
S5214,XPathParserTokenManager.java,692,"return jjStartNfaWithStates_0(4, 74, 12);"
S5215,XPathParserTokenManager.java,695,"return jjMoveStringLiteralDfa5_0(active0, 0x40114000000000L, active1, 0x2L);"
S5216,XPathParserTokenManager.java,697,if ((active0 & 0x4000000000000L) != 0L)
S5217,XPathParserTokenManager.java,698,"return jjStartNfaWithStates_0(4, 50, 12);"
S5218,XPathParserTokenManager.java,699,"return jjMoveStringLiteralDfa5_0(active0, 0x7402000000000000L, active1, 0L);"
S5219,XPathParserTokenManager.java,703,"return jjStartNfa_0(3, active0, active1);"
S5220,XPathParserTokenManager.java,707,if (((active0 &= old0) | (active1 &= old1)) == 0L)
S5221,XPathParserTokenManager.java,708,"return jjStartNfa_0(3, old0, old1);"
S5222,XPathParserTokenManager.java,709,try { curChar = input_stream.readChar(); }
S5223,XPathParserTokenManager.java,714,switch(curChar)
S5224,XPathParserTokenManager.java,717,"return jjMoveStringLiteralDfa6_0(active0, 0x20000000000000L, active1, 0L);"
S5225,XPathParserTokenManager.java,719,if ((active0 & 0x800000000L) != 0L)
S5226,XPathParserTokenManager.java,720,"return jjStopAtPos(5, 35);"
S5227,XPathParserTokenManager.java,721,"return jjMoveStringLiteralDfa6_0(active0, 0x1000000000L, active1, 0L);"
S5228,XPathParserTokenManager.java,723,"return jjMoveStringLiteralDfa6_0(active0, 0L, active1, 0x4L);"
S5229,XPathParserTokenManager.java,725,"return jjMoveStringLiteralDfa6_0(active0, 0x8000000000L, active1, 0L);"
S5230,XPathParserTokenManager.java,727,"return jjMoveStringLiteralDfa6_0(active0, 0x420000000000L, active1, 0L);"
S5231,XPathParserTokenManager.java,729,if ((active0 & 0x100000000000000L) != 0L)
S5232,XPathParserTokenManager.java,731,jjmatchedKind = 56;
S5233,XPathParserTokenManager.java,732,jjmatchedPos = 5;
S5234,XPathParserTokenManager.java,734,"return jjMoveStringLiteralDfa6_0(active0, 0x8000000000000000L, active1, 0L);"
S5235,XPathParserTokenManager.java,736,"return jjMoveStringLiteralDfa6_0(active0, 0x802000000000000L, active1, 0L);"
S5236,XPathParserTokenManager.java,738,"return jjMoveStringLiteralDfa6_0(active0, 0L, active1, 0x3L);"
S5237,XPathParserTokenManager.java,740,"return jjMoveStringLiteralDfa6_0(active0, 0x880200000000L, active1, 0x800L);"
S5238,XPathParserTokenManager.java,742,"return jjMoveStringLiteralDfa6_0(active0, 0x40010000000000L, active1, 0L);"
S5239,XPathParserTokenManager.java,744,if ((active1 & 0x100L) != 0L)
S5240,XPathParserTokenManager.java,745,"return jjStartNfaWithStates_0(5, 72, 12);"
S5241,XPathParserTokenManager.java,746,"return jjMoveStringLiteralDfa6_0(active0, 0x7000000000000000L, active1, 0L);"
S5242,XPathParserTokenManager.java,748,"return jjMoveStringLiteralDfa6_0(active0, 0x400000400000000L, active1, 0L);"
S5243,XPathParserTokenManager.java,750,if ((active0 & 0x200000000000000L) != 0L)
S5244,XPathParserTokenManager.java,751,"return jjStartNfaWithStates_0(5, 57, 12);"
S5245,XPathParserTokenManager.java,752,"return jjMoveStringLiteralDfa6_0(active0, 0x106000000000L, active1, 0x2000L);"
S5246,XPathParserTokenManager.java,754,"return jjMoveStringLiteralDfa6_0(active0, 0x240000000000L, active1, 0L);"
S5247,XPathParserTokenManager.java,758,"return jjStartNfa_0(4, active0, active1);"
S5248,XPathParserTokenManager.java,762,if (((active0 &= old0) | (active1 &= old1)) == 0L)
S5249,XPathParserTokenManager.java,764,try { curChar = input_stream.readChar(); }
S5250,XPathParserTokenManager.java,765,catch(java.io.IOException e) {
S5251,XPathParserTokenManager.java,766,"jjStopStringLiteralDfa_0(5, active0, active1);"
S5252,XPathParserTokenManager.java,767,return 6;
S5253,XPathParserTokenManager.java,769,switch(curChar)
S5254,XPathParserTokenManager.java,772,"return jjMoveStringLiteralDfa7_0(active0, 0x8400000000000000L, active1, 0x2000L);"
S5255,XPathParserTokenManager.java,774,if ((active0 & 0x1000000000L) != 0L)
S5256,XPathParserTokenManager.java,775,"return jjStopAtPos(6, 36);"
S5257,XPathParserTokenManager.java,776,"return jjMoveStringLiteralDfa7_0(active0, 0x2000000000L, active1, 0L);"
S5258,XPathParserTokenManager.java,778,"return jjMoveStringLiteralDfa7_0(active0, 0x40010000000000L, active1, 0x2L);"
S5259,XPathParserTokenManager.java,780,"return jjMoveStringLiteralDfa7_0(active0, 0x880000000000L, active1, 0L);"
S5260,XPathParserTokenManager.java,782,if ((active1 & 0x800L) != 0L)
S5261,XPathParserTokenManager.java,783,"return jjStartNfaWithStates_0(6, 75, 12);"
S5262,XPathParserTokenManager.java,786,"return jjMoveStringLiteralDfa7_0(active0, 0x7000660000000000L, active1, 0x1L);"
S5263,XPathParserTokenManager.java,788,if ((active1 & 0x4L) != 0L)
S5264,XPathParserTokenManager.java,789,"return jjStartNfaWithStates_0(6, 66, 12);"
S5265,XPathParserTokenManager.java,790,"return jjMoveStringLiteralDfa7_0(active0, 0x820000000000000L, active1, 0L);"
S5266,XPathParserTokenManager.java,792,"return jjMoveStringLiteralDfa7_0(active0, 0x2104000000000L, active1, 0L);"
S5267,XPathParserTokenManager.java,794,"return jjMoveStringLiteralDfa7_0(active0, 0x400000000L, active1, 0L);"
S5268,XPathParserTokenManager.java,796,if ((active0 & 0x200000000L) != 0L)
S5269,XPathParserTokenManager.java,797,"return jjStartNfaWithStates_0(6, 33, 12);"
S5270,XPathParserTokenManager.java,800,"return jjMoveStringLiteralDfa7_0(active0, 0x8000000000L, active1, 0L);"
S5271,XPathParserTokenManager.java,804,"return jjStartNfa_0(5, active0, active1);"
S5272,XPathParserTokenManager.java,808,if (((active0 &= old0) | (active1 &= old1)) == 0L)
S5273,XPathParserTokenManager.java,809,"return jjStartNfa_0(5, old0, old1);"
S5274,XPathParserTokenManager.java,810,try { curChar = input_stream.readChar(); }
S5275,XPathParserTokenManager.java,815,switch(curChar)
S5276,XPathParserTokenManager.java,818,if ((active0 & 0x2000000000L) != 0L)
S5277,XPathParserTokenManager.java,819,"return jjStopAtPos(7, 37);"
S5278,XPathParserTokenManager.java,822,"return jjMoveStringLiteralDfa8_0(active0, 0x20880000000000L, active1, 0L);"
S5279,XPathParserTokenManager.java,824,"return jjMoveStringLiteralDfa8_0(active0, 0x40010000000000L, active1, 0L);"
S5280,XPathParserTokenManager.java,826,"return jjMoveStringLiteralDfa8_0(active0, 0x400000000L, active1, 0L);"
S5281,XPathParserTokenManager.java,828,"return jjMoveStringLiteralDfa8_0(active0, 0x8000000000000000L, active1, 0L);"
S5282,XPathParserTokenManager.java,830,if ((active0 & 0x2000000000000L) != 0L)
S5283,XPathParserTokenManager.java,831,"return jjStartNfaWithStates_0(7, 49, 12);"
S5284,XPathParserTokenManager.java,832,"return jjMoveStringLiteralDfa8_0(active0, 0x7000660000000000L, active1, 0x2000L);"
S5285,XPathParserTokenManager.java,834,"return jjMoveStringLiteralDfa8_0(active0, 0x104000000000L, active1, 0L);"
S5286,XPathParserTokenManager.java,836,if ((active0 & 0x800000000000000L) != 0L)
S5287,XPathParserTokenManager.java,837,"return jjStartNfaWithStates_0(7, 59, 12);"
S5288,XPathParserTokenManager.java,840,"return jjMoveStringLiteralDfa8_0(active0, 0x8000000000L, active1, 0x2L);"
S5289,XPathParserTokenManager.java,842,"return jjMoveStringLiteralDfa8_0(active0, 0x400000000000000L, active1, 0L);"
S5290,XPathParserTokenManager.java,844,"return jjMoveStringLiteralDfa8_0(active0, 0L, active1, 0x1L);"
S5291,XPathParserTokenManager.java,848,"return jjStartNfa_0(6, active0, active1);"
S5292,XPathParserTokenManager.java,852,if (((active0 &= old0) | (active1 &= old1)) == 0L)
S5293,XPathParserTokenManager.java,854,try { curChar = input_stream.readChar(); }
S5294,XPathParserTokenManager.java,859,switch(curChar)
S5295,XPathParserTokenManager.java,862,"return jjMoveStringLiteralDfa9_0(active0, 0x100000000000L, active1, 0L);"
S5296,XPathParserTokenManager.java,864,"return jjMoveStringLiteralDfa9_0(active0, 0x4000000000L, active1, 0L);"
S5297,XPathParserTokenManager.java,866,if ((active1 & 0x2L) != 0L)
S5298,XPathParserTokenManager.java,867,"return jjStartNfaWithStates_0(8, 65, 12);"
S5299,XPathParserTokenManager.java,868,"return jjMoveStringLiteralDfa9_0(active0, 0x8040018000000000L, active1, 0x1L);"
S5300,XPathParserTokenManager.java,870,if ((active0 & 0x4000000000000000L) != 0L)
S5301,XPathParserTokenManager.java,872,jjmatchedKind = 62;
S5302,XPathParserTokenManager.java,873,jjmatchedPos = 8;
S5303,XPathParserTokenManager.java,875,"return jjMoveStringLiteralDfa9_0(active0, 0x3000660000000000L, active1, 0L);"
S5304,XPathParserTokenManager.java,877,"return jjMoveStringLiteralDfa9_0(active0, 0x400000000000000L, active1, 0L);"
S5305,XPathParserTokenManager.java,879,"return jjMoveStringLiteralDfa9_0(active0, 0x20000000000000L, active1, 0L);"
S5306,XPathParserTokenManager.java,881,"return jjMoveStringLiteralDfa9_0(active0, 0x880400000000L, active1, 0L);"
S5307,XPathParserTokenManager.java,883,"return jjMoveStringLiteralDfa9_0(active0, 0L, active1, 0x2000L);"
S5308,XPathParserTokenManager.java,891,if (((active0 &= old0) | (active1 &= old1)) == 0L)
S5309,XPathParserTokenManager.java,893,try { curChar = input_stream.readChar(); }
S5310,XPathParserTokenManager.java,898,switch(curChar)
S5311,XPathParserTokenManager.java,901,"return jjMoveStringLiteralDfa10_0(active0, 0x3040600000000000L, active1, 0x1L);"
S5312,XPathParserTokenManager.java,903,if ((active0 & 0x4000000000L) != 0L)
S5313,XPathParserTokenManager.java,904,"return jjStopAtPos(9, 38);"
S5314,XPathParserTokenManager.java,905,"return jjMoveStringLiteralDfa10_0(active0, 0x78000000000L, active1, 0L);"
S5315,XPathParserTokenManager.java,907,if ((active0 & 0x20000000000000L) != 0L)
S5316,XPathParserTokenManager.java,908,"return jjStartNfaWithStates_0(9, 53, 12);"
S5317,XPathParserTokenManager.java,911,"return jjMoveStringLiteralDfa10_0(active0, 0x400000000L, active1, 0L);"
S5318,XPathParserTokenManager.java,913,"return jjMoveStringLiteralDfa10_0(active0, 0L, active1, 0x2000L);"
S5319,XPathParserTokenManager.java,915,"return jjMoveStringLiteralDfa10_0(active0, 0x8000000000000000L, active1, 0L);"
S5320,XPathParserTokenManager.java,917,"return jjMoveStringLiteralDfa10_0(active0, 0x100000000000L, active1, 0L);"
S5321,XPathParserTokenManager.java,919,"return jjMoveStringLiteralDfa10_0(active0, 0x400880000000000L, active1, 0L);"
S5322,XPathParserTokenManager.java,923,"return jjStartNfa_0(8, active0, active1);"
S5323,XPathParserTokenManager.java,927,if (((active0 &= old0) | (active1 &= old1)) == 0L)
S5324,XPathParserTokenManager.java,929,try { curChar = input_stream.readChar(); }
S5325,XPathParserTokenManager.java,934,switch(curChar)
S5326,XPathParserTokenManager.java,937,"return jjMoveStringLiteralDfa11_0(active0, 0x800400000000L, active1, 0L);"
S5327,XPathParserTokenManager.java,939,if ((active0 & 0x8000000000L) != 0L)
S5328,XPathParserTokenManager.java,940,"return jjStopAtPos(10, 39);"
S5329,XPathParserTokenManager.java,941,else if ((active0 & 0x10000000000L) != 0L)
S5330,XPathParserTokenManager.java,942,"return jjStopAtPos(10, 40);"
S5331,XPathParserTokenManager.java,943,else if ((active0 & 0x20000000000L) != 0L)
S5332,XPathParserTokenManager.java,944,"return jjStopAtPos(10, 41);"
S5333,XPathParserTokenManager.java,945,else if ((active0 & 0x40000000000L) != 0L)
S5334,XPathParserTokenManager.java,946,"return jjStopAtPos(10, 42);"
S5335,XPathParserTokenManager.java,947,"return jjMoveStringLiteralDfa11_0(active0, 0x80000000000L, active1, 0L);"
S5336,XPathParserTokenManager.java,949,"return jjMoveStringLiteralDfa11_0(active0, 0x2000000000000000L, active1, 0L);"
S5337,XPathParserTokenManager.java,951,"return jjMoveStringLiteralDfa11_0(active0, 0x1000000000000000L, active1, 0x2000L);"
S5338,XPathParserTokenManager.java,953,"return jjMoveStringLiteralDfa11_0(active0, 0x8000000000000000L, active1, 0L);"
S5339,XPathParserTokenManager.java,955,if ((active0 & 0x400000000000000L) != 0L)
S5340,XPathParserTokenManager.java,956,"return jjStartNfaWithStates_0(10, 58, 12);"
S5341,XPathParserTokenManager.java,959,"return jjMoveStringLiteralDfa11_0(active0, 0x100000000000L, active1, 0L);"
S5342,XPathParserTokenManager.java,961,"return jjMoveStringLiteralDfa11_0(active0, 0x600000000000L, active1, 0x1L);"
S5343,XPathParserTokenManager.java,963,"return jjMoveStringLiteralDfa11_0(active0, 0x40000000000000L, active1, 0L);"
S5344,XPathParserTokenManager.java,971,if (((active0 &= old0) | (active1 &= old1)) == 0L)
S5345,XPathParserTokenManager.java,973,try { curChar = input_stream.readChar(); }
S5346,XPathParserTokenManager.java,978,switch(curChar)
S5347,XPathParserTokenManager.java,981,"return jjMoveStringLiteralDfa12_0(active0, 0x100000000000L, active1, 0L);"
S5348,XPathParserTokenManager.java,983,if ((active0 & 0x80000000000L) != 0L)
S5349,XPathParserTokenManager.java,984,"return jjStopAtPos(11, 43);"
S5350,XPathParserTokenManager.java,987,"return jjMoveStringLiteralDfa12_0(active0, 0x1000000000000000L, active1, 0x2000L);"
S5351,XPathParserTokenManager.java,989,"return jjMoveStringLiteralDfa12_0(active0, 0x2000000000000000L, active1, 0L);"
S5352,XPathParserTokenManager.java,991,"return jjMoveStringLiteralDfa12_0(active0, 0x600400000000L, active1, 0L);"
S5353,XPathParserTokenManager.java,993,"return jjMoveStringLiteralDfa12_0(active0, 0x800000000000L, active1, 0L);"
S5354,XPathParserTokenManager.java,995,"return jjMoveStringLiteralDfa12_0(active0, 0L, active1, 0x1L);"
S5355,XPathParserTokenManager.java,997,"return jjMoveStringLiteralDfa12_0(active0, 0x40000000000000L, active1, 0L);"
S5356,XPathParserTokenManager.java,999,"return jjMoveStringLiteralDfa12_0(active0, 0x8000000000000000L, active1, 0L);"
S5357,XPathParserTokenManager.java,1007,if (((active0 &= old0) | (active1 &= old1)) == 0L)
S5358,XPathParserTokenManager.java,1009,try { curChar = input_stream.readChar(); }
S5359,XPathParserTokenManager.java,1014,switch(curChar)
S5360,XPathParserTokenManager.java,1017,"return jjMoveStringLiteralDfa13_0(active0, 0L, active1, 0x1L);"
S5361,XPathParserTokenManager.java,1019,"return jjMoveStringLiteralDfa13_0(active0, 0x600000000000L, active1, 0L);"
S5362,XPathParserTokenManager.java,1021,"return jjMoveStringLiteralDfa13_0(active0, 0x1000000000000000L, active1, 0L);"
S5363,XPathParserTokenManager.java,1023,if ((active0 & 0x8000000000000000L) != 0L)
S5364,XPathParserTokenManager.java,1024,"return jjStartNfaWithStates_0(12, 63, 12);"
S5365,XPathParserTokenManager.java,1027,if ((active0 & 0x40000000000000L) != 0L)
S5366,XPathParserTokenManager.java,1028,"return jjStartNfaWithStates_0(12, 54, 12);"
S5367,XPathParserTokenManager.java,1031,"return jjMoveStringLiteralDfa13_0(active0, 0x400000000L, active1, 0L);"
S5368,XPathParserTokenManager.java,1033,if ((active1 & 0x2000L) != 0L)
S5369,XPathParserTokenManager.java,1034,"return jjStartNfaWithStates_0(12, 77, 12);"
S5370,XPathParserTokenManager.java,1035,"return jjMoveStringLiteralDfa13_0(active0, 0x800000000000L, active1, 0L);"
S5371,XPathParserTokenManager.java,1037,"return jjMoveStringLiteralDfa13_0(active0, 0x100000000000L, active1, 0L);"
S5372,XPathParserTokenManager.java,1039,"return jjMoveStringLiteralDfa13_0(active0, 0x2000000000000000L, active1, 0L);"
S5373,XPathParserTokenManager.java,1047,if (((active0 &= old0) | (active1 &= old1)) == 0L)
S5374,XPathParserTokenManager.java,1049,try { curChar = input_stream.readChar(); }
S5375,XPathParserTokenManager.java,1054,switch(curChar)
S5376,XPathParserTokenManager.java,1057,"return jjMoveStringLiteralDfa14_0(active0, 0x800000000000L, active1, 0L);"
S5377,XPathParserTokenManager.java,1059,"return jjMoveStringLiteralDfa14_0(active0, 0L, active1, 0x1L);"
S5378,XPathParserTokenManager.java,1061,"return jjMoveStringLiteralDfa14_0(active0, 0x2000100000000000L, active1, 0L);"
S5379,XPathParserTokenManager.java,1063,"return jjMoveStringLiteralDfa14_0(active0, 0x600000000000L, active1, 0L);"
S5380,XPathParserTokenManager.java,1065,"return jjMoveStringLiteralDfa14_0(active0, 0x1000000000000000L, active1, 0L);"
S5381,XPathParserTokenManager.java,1067,"return jjMoveStringLiteralDfa14_0(active0, 0x400000000L, active1, 0L);"
S5382,XPathParserTokenManager.java,1075,if (((active0 &= old0) | (active1 &= old1)) == 0L)
S5383,XPathParserTokenManager.java,1077,try { curChar = input_stream.readChar(); }
S5384,XPathParserTokenManager.java,1082,switch(curChar)
S5385,XPathParserTokenManager.java,1085,if ((active1 & 0x1L) != 0L)
S5386,XPathParserTokenManager.java,1086,"return jjStartNfaWithStates_0(14, 64, 12);"
S5387,XPathParserTokenManager.java,1089,"return jjMoveStringLiteralDfa15_0(active0, 0x600000000000L, active1, 0L);"
S5388,XPathParserTokenManager.java,1091,"return jjMoveStringLiteralDfa15_0(active0, 0x100000000000L, active1, 0L);"
S5389,XPathParserTokenManager.java,1093,if ((active0 & 0x2000000000000000L) != 0L)
S5390,XPathParserTokenManager.java,1094,"return jjStartNfaWithStates_0(14, 61, 12);"
S5391,XPathParserTokenManager.java,1095,"return jjMoveStringLiteralDfa15_0(active0, 0x1000000000000000L, active1, 0L);"
S5392,XPathParserTokenManager.java,1097,"return jjMoveStringLiteralDfa15_0(active0, 0x800000000000L, active1, 0L);"
S5393,XPathParserTokenManager.java,1099,"return jjMoveStringLiteralDfa15_0(active0, 0x400000000L, active1, 0L);"
S5394,XPathParserTokenManager.java,1107,if (((active0 &= old0) | (active1 &= old1)) == 0L)
S5395,XPathParserTokenManager.java,1109,try { curChar = input_stream.readChar(); }
S5396,XPathParserTokenManager.java,1114,switch(curChar)
S5397,XPathParserTokenManager.java,1117,if ((active0 & 0x1000000000000000L) != 0L)
S5398,XPathParserTokenManager.java,1118,"return jjStartNfaWithStates_0(15, 60, 12);"
S5399,XPathParserTokenManager.java,1119,"return jjMoveStringLiteralDfa16_0(active0, 0x800000000000L);"
S5400,XPathParserTokenManager.java,1121,"return jjMoveStringLiteralDfa16_0(active0, 0x100000000000L);"
S5401,XPathParserTokenManager.java,1123,"return jjMoveStringLiteralDfa16_0(active0, 0x600000000000L);"
S5402,XPathParserTokenManager.java,1125,"return jjMoveStringLiteralDfa16_0(active0, 0x400000000L);"
S5403,XPathParserTokenManager.java,1133,if (((active0 &= old0)) == 0L)
S5404,XPathParserTokenManager.java,1135,try { curChar = input_stream.readChar(); }
S5405,XPathParserTokenManager.java,1140,switch(curChar)
S5406,XPathParserTokenManager.java,1143,"return jjMoveStringLiteralDfa17_0(active0, 0x100000000000L);"
S5407,XPathParserTokenManager.java,1145,"return jjMoveStringLiteralDfa17_0(active0, 0x600000000000L);"
S5408,XPathParserTokenManager.java,1147,"return jjMoveStringLiteralDfa17_0(active0, 0x800000000000L);"
S5409,XPathParserTokenManager.java,1149,"return jjMoveStringLiteralDfa17_0(active0, 0x400000000L);"
S5410,XPathParserTokenManager.java,1157,if (((active0 &= old0)) == 0L)
S5411,XPathParserTokenManager.java,1159,try { curChar = input_stream.readChar(); }
S5412,XPathParserTokenManager.java,1164,switch(curChar)
S5413,XPathParserTokenManager.java,1167,if ((active0 & 0x100000000000L) != 0L)
S5414,XPathParserTokenManager.java,1168,"return jjStopAtPos(17, 44);"
S5415,XPathParserTokenManager.java,1169,"return jjMoveStringLiteralDfa18_0(active0, 0x600000000000L);"
S5416,XPathParserTokenManager.java,1171,"return jjMoveStringLiteralDfa18_0(active0, 0x400000000L);"
S5417,XPathParserTokenManager.java,1173,"return jjMoveStringLiteralDfa18_0(active0, 0x800000000000L);"
S5418,XPathParserTokenManager.java,1181,if (((active0 &= old0)) == 0L)
S5419,XPathParserTokenManager.java,1183,try { curChar = input_stream.readChar(); }
S5420,XPathParserTokenManager.java,1188,switch(curChar)
S5421,XPathParserTokenManager.java,1191,if ((active0 & 0x200000000000L) != 0L)
S5422,XPathParserTokenManager.java,1192,"return jjStopAtPos(18, 45);"
S5423,XPathParserTokenManager.java,1193,else if ((active0 & 0x400000000000L) != 0L)
S5424,XPathParserTokenManager.java,1194,"return jjStopAtPos(18, 46);"
S5425,XPathParserTokenManager.java,1195,"return jjMoveStringLiteralDfa19_0(active0, 0x800000000000L);"
S5426,XPathParserTokenManager.java,1197,"return jjMoveStringLiteralDfa19_0(active0, 0x400000000L);"
S5427,XPathParserTokenManager.java,1205,if (((active0 &= old0)) == 0L)
S5428,XPathParserTokenManager.java,1207,try { curChar = input_stream.readChar(); }
S5429,XPathParserTokenManager.java,1212,switch(curChar)
S5430,XPathParserTokenManager.java,1215,if ((active0 & 0x800000000000L) != 0L)
S5431,XPathParserTokenManager.java,1216,"return jjStopAtPos(19, 47);"
S5432,XPathParserTokenManager.java,1219,"return jjMoveStringLiteralDfa20_0(active0, 0x400000000L);"
S5433,XPathParserTokenManager.java,1227,if (((active0 &= old0)) == 0L)
S5434,XPathParserTokenManager.java,1229,try { curChar = input_stream.readChar(); }
S5435,XPathParserTokenManager.java,1234,switch(curChar)
S5436,XPathParserTokenManager.java,1237,"return jjMoveStringLiteralDfa21_0(active0, 0x400000000L);"
S5437,XPathParserTokenManager.java,1245,if (((active0 &= old0)) == 0L)
S5438,XPathParserTokenManager.java,1247,try { curChar = input_stream.readChar(); }
S5439,XPathParserTokenManager.java,1252,switch(curChar)
S5440,XPathParserTokenManager.java,1255,if ((active0 & 0x400000000L) != 0L)
S5441,XPathParserTokenManager.java,1256,"return jjStartNfaWithStates_0(21, 34, 12);"
S5442,XPathParserTokenManager.java,1265,if (jjrounds[state] != jjround)
S5443,XPathParserTokenManager.java,1267,jjstateSet[jjnewStateCnt++] = state;
S5444,XPathParserTokenManager.java,1268,jjrounds[state] = jjround;
S5445,XPathParserTokenManager.java,1274,jjstateSet[jjnewStateCnt++] = jjnextStates[start];
S5446,XPathParserTokenManager.java,1275,} while (start++ != end);
S5447,XPathParserTokenManager.java,1279,jjCheckNAdd(state1);
S5448,XPathParserTokenManager.java,1280,jjCheckNAdd(state2);
S5449,XPathParserTokenManager.java,1293,static final long[] jjbitVec0 = {
S5450,XPathParserTokenManager.java,1296,static final long[] jjbitVec2 = {
S5451,XPathParserTokenManager.java,1299,static final long[] jjbitVec3 = {
S5452,XPathParserTokenManager.java,1302,static final long[] jjbitVec4 = {
S5453,XPathParserTokenManager.java,1305,static final long[] jjbitVec5 = {
S5454,XPathParserTokenManager.java,1308,static final long[] jjbitVec6 = {
S5455,XPathParserTokenManager.java,1311,static final long[] jjbitVec7 = {
S5456,XPathParserTokenManager.java,1314,static final long[] jjbitVec8 = {
S5457,XPathParserTokenManager.java,1317,static final long[] jjbitVec9 = {
S5458,XPathParserTokenManager.java,1320,static final long[] jjbitVec10 = {
S5459,XPathParserTokenManager.java,1323,static final long[] jjbitVec11 = {
S5460,XPathParserTokenManager.java,1326,static final long[] jjbitVec12 = {
S5461,XPathParserTokenManager.java,1329,static final long[] jjbitVec13 = {
S5462,XPathParserTokenManager.java,1332,static final long[] jjbitVec14 = {
S5463,XPathParserTokenManager.java,1335,static final long[] jjbitVec15 = {
S5464,XPathParserTokenManager.java,1338,static final long[] jjbitVec16 = {
S5465,XPathParserTokenManager.java,1341,static final long[] jjbitVec17 = {
S5466,XPathParserTokenManager.java,1344,static final long[] jjbitVec18 = {
S5467,XPathParserTokenManager.java,1347,static final long[] jjbitVec19 = {
S5468,XPathParserTokenManager.java,1350,static final long[] jjbitVec20 = {
S5469,XPathParserTokenManager.java,1353,static final long[] jjbitVec21 = {
S5470,XPathParserTokenManager.java,1356,static final long[] jjbitVec22 = {
S5471,XPathParserTokenManager.java,1359,static final long[] jjbitVec23 = {
S5472,XPathParserTokenManager.java,1362,static final long[] jjbitVec24 = {
S5473,XPathParserTokenManager.java,1365,static final long[] jjbitVec25 = {
S5474,XPathParserTokenManager.java,1368,static final long[] jjbitVec26 = {
S5475,XPathParserTokenManager.java,1371,static final long[] jjbitVec27 = {
S5476,XPathParserTokenManager.java,1374,static final long[] jjbitVec28 = {
S5477,XPathParserTokenManager.java,1377,static final long[] jjbitVec29 = {
S5478,XPathParserTokenManager.java,1380,static final long[] jjbitVec30 = {
S5479,XPathParserTokenManager.java,1383,static final long[] jjbitVec31 = {
S5480,XPathParserTokenManager.java,1386,static final long[] jjbitVec32 = {
S5481,XPathParserTokenManager.java,1389,static final long[] jjbitVec33 = {
S5482,XPathParserTokenManager.java,1392,static final long[] jjbitVec34 = {
S5483,XPathParserTokenManager.java,1395,static final long[] jjbitVec35 = {
S5484,XPathParserTokenManager.java,1398,static final long[] jjbitVec36 = {
S5485,XPathParserTokenManager.java,1401,static final long[] jjbitVec37 = {
S5486,XPathParserTokenManager.java,1404,static final long[] jjbitVec38 = {
S5487,XPathParserTokenManager.java,1407,static final long[] jjbitVec39 = {
S5488,XPathParserTokenManager.java,1410,static final long[] jjbitVec40 = {
S5489,XPathParserTokenManager.java,1413,static final long[] jjbitVec41 = {
S5490,XPathParserTokenManager.java,1419,int startsAt = 0;
S5491,XPathParserTokenManager.java,1420,jjnewStateCnt = 13;
S5492,XPathParserTokenManager.java,1421,int i = 1;
S5493,XPathParserTokenManager.java,1422,jjstateSet[0] = startState;
S5494,XPathParserTokenManager.java,1423,"int j, kind = 0x7fffffff;"
S5495,XPathParserTokenManager.java,1426,if (++jjround == 0x7fffffff)
S5496,XPathParserTokenManager.java,1428,if (curChar < 64)
S5497,XPathParserTokenManager.java,1430,long l = 1L << curChar;
S5498,XPathParserTokenManager.java,1433,switch(jjstateSet[--i])
S5499,XPathParserTokenManager.java,1436,if ((0x3ff000000000000L & l) != 0L)
S5500,XPathParserTokenManager.java,1438,if (kind > 20)
S5501,XPathParserTokenManager.java,1439,kind = 20;
S5502,XPathParserTokenManager.java,1440,"jjCheckNAddTwoStates(6, 7);"
S5503,XPathParserTokenManager.java,1442,else if (curChar == 46)
S5504,XPathParserTokenManager.java,1444,else if (curChar == 39)
S5505,XPathParserTokenManager.java,1445,"jjCheckNAddTwoStates(4, 5);"
S5506,XPathParserTokenManager.java,1462,if ((0xffffff7fffffffffL & l) != 0L)
S5507,XPathParserTokenManager.java,1463,"jjCheckNAddTwoStates(4, 5);"
S5508,XPathParserTokenManager.java,1466,if (curChar == 39 && kind > 18)
S5509,XPathParserTokenManager.java,1467,kind = 18;
S5510,XPathParserTokenManager.java,1470,if ((0x3ff000000000000L & l) == 0L)
S5511,XPathParserTokenManager.java,1471,break;
S5512,XPathParserTokenManager.java,1472,if (kind > 20)
S5513,XPathParserTokenManager.java,1473,kind = 20;
S5514,XPathParserTokenManager.java,1474,"jjCheckNAddTwoStates(6, 7);"
S5515,XPathParserTokenManager.java,1475,break;
S5516,XPathParserTokenManager.java,1477,if (curChar != 46)
S5517,XPathParserTokenManager.java,1478,break;
S5518,XPathParserTokenManager.java,1479,if (kind > 20)
S5519,XPathParserTokenManager.java,1480,kind = 20;
S5520,XPathParserTokenManager.java,1481,jjCheckNAdd(8);
S5521,XPathParserTokenManager.java,1482,break;
S5522,XPathParserTokenManager.java,1484,if ((0x3ff000000000000L & l) == 0L)
S5523,XPathParserTokenManager.java,1485,break;
S5524,XPathParserTokenManager.java,1486,if (kind > 20)
S5525,XPathParserTokenManager.java,1487,kind = 20;
S5526,XPathParserTokenManager.java,1488,jjCheckNAdd(8);
S5527,XPathParserTokenManager.java,1489,break;
S5528,XPathParserTokenManager.java,1495,if ((0x3ff000000000000L & l) == 0L)
S5529,XPathParserTokenManager.java,1496,break;
S5530,XPathParserTokenManager.java,1502,if ((0x3ff600000000000L & l) == 0L)
S5531,XPathParserTokenManager.java,1503,break;
S5532,XPathParserTokenManager.java,1504,if (kind > 78)
S5533,XPathParserTokenManager.java,1505,kind = 78;
S5534,XPathParserTokenManager.java,1506,jjstateSet[jjnewStateCnt++] = 12;
S5535,XPathParserTokenManager.java,1507,break;
S5536,XPathParserTokenManager.java,1510,} while(i != startsAt);
S5537,XPathParserTokenManager.java,1512,else if (curChar < 128)
S5538,XPathParserTokenManager.java,1514,long l = 1L << (curChar & 077);
S5539,XPathParserTokenManager.java,1517,switch(jjstateSet[--i])
S5540,XPathParserTokenManager.java,1521,if ((0x7fffffe87fffffeL & l) == 0L)
S5541,XPathParserTokenManager.java,1522,break;
S5542,XPathParserTokenManager.java,1523,if (kind > 78)
S5543,XPathParserTokenManager.java,1524,kind = 78;
S5544,XPathParserTokenManager.java,1525,jjCheckNAdd(12);
S5545,XPathParserTokenManager.java,1526,break;
S5546,XPathParserTokenManager.java,1531,"jjAddStates(2, 3);"
S5547,XPathParserTokenManager.java,1532,break;
S5548,XPathParserTokenManager.java,1535,} while(i != startsAt);
S5549,XPathParserTokenManager.java,1574,if (kind != 0x7fffffff)
S5550,XPathParserTokenManager.java,1576,jjmatchedKind = kind;
S5551,XPathParserTokenManager.java,1577,jjmatchedPos = curPos;
S5552,XPathParserTokenManager.java,1578,kind = 0x7fffffff;
S5553,XPathParserTokenManager.java,1580,++curPos;
S5554,XPathParserTokenManager.java,1581,if ((i = jjnewStateCnt) == (startsAt = 13 - (jjnewStateCnt = startsAt)))
S5555,XPathParserTokenManager.java,1582,return curPos;
S5556,XPathParserTokenManager.java,1583,try { curChar = input_stream.readChar(); }
S5557,XPathParserTokenManager.java,1584,catch(java.io.IOException e) { return curPos; }
S5558,XPathParserTokenManager.java,1587,static final int[] jjnextStates = {
S5559,XPathParserTokenManager.java,1716,public static final String[] jjstrLiteralImages = {
S5560,XPathParserTokenManager.java,1738,public static final String[] lexStateNames = {
S5561,XPathParserTokenManager.java,1741,static final long[] jjtoToken = {
S5562,XPathParserTokenManager.java,1744,static final long[] jjtoSkip = {
S5563,XPathParserTokenManager.java,1748,private final int[] jjrounds = new int[13];
S5564,XPathParserTokenManager.java,1749,private final int[] jjstateSet = new int[26];
S5565,XPathParserTokenManager.java,1755,input_stream = stream;
S5566,XPathParserTokenManager.java,1764,jjmatchedPos = jjnewStateCnt = 0;
S5567,XPathParserTokenManager.java,1765,curLexState = defaultLexState;
S5568,XPathParserTokenManager.java,1766,input_stream = stream;
S5569,XPathParserTokenManager.java,1767,ReInitRounds();
S5570,XPathParserTokenManager.java,1772,jjround = 0x80000001;
S5571,XPathParserTokenManager.java,1773,for (i = 13; i-- > 0;)
S5572,XPathParserTokenManager.java,1774,jjrounds[i] = 0x80000000;
S5573,XPathParserTokenManager.java,1791,Token t = Token.newToken(jjmatchedKind);
S5574,XPathParserTokenManager.java,1792,t.kind = jjmatchedKind;
S5575,XPathParserTokenManager.java,1793,String im = jjstrLiteralImages[jjmatchedKind];
S5576,XPathParserTokenManager.java,1794,t.image = (im == null) ? input_stream.GetImage() : im;
S5577,XPathParserTokenManager.java,1795,t.beginLine = input_stream.getBeginLine();
S5578,XPathParserTokenManager.java,1796,t.beginColumn = input_stream.getBeginColumn();
S5579,XPathParserTokenManager.java,1797,t.endLine = input_stream.getEndLine();
S5580,XPathParserTokenManager.java,1798,t.endColumn = input_stream.getEndColumn();
S5581,XPathParserTokenManager.java,1799,return t;
S5582,XPathParserTokenManager.java,1802,int curLexState = 0;
S5583,XPathParserTokenManager.java,1803,int defaultLexState = 0;
S5584,XPathParserTokenManager.java,1812,Token specialToken = null;
S5585,XPathParserTokenManager.java,1814,int curPos = 0;
S5586,XPathParserTokenManager.java,1821,curChar = input_stream.BeginToken();
S5587,XPathParserTokenManager.java,1823,catch(java.io.IOException e)
S5588,XPathParserTokenManager.java,1825,jjmatchedKind = 0;
S5589,XPathParserTokenManager.java,1826,matchedToken = jjFillToken();
S5590,XPathParserTokenManager.java,1827,return matchedToken;
S5591,XPathParserTokenManager.java,1830,try { input_stream.backup(0);
S5592,XPathParserTokenManager.java,1831,while (curChar <= 32 && (0x100003600L & (1L << curChar)) != 0L)
S5593,XPathParserTokenManager.java,1832,curChar = input_stream.BeginToken();
S5594,XPathParserTokenManager.java,1834,catch (java.io.IOException e1) { continue EOFLoop; }
S5595,XPathParserTokenManager.java,1835,jjmatchedKind = 0x7fffffff;
S5596,XPathParserTokenManager.java,1836,jjmatchedPos = 0;
S5597,XPathParserTokenManager.java,1837,curPos = jjMoveStringLiteralDfa0_0();
S5598,XPathParserTokenManager.java,1838,if (jjmatchedKind != 0x7fffffff)
S5599,XPathParserTokenManager.java,1840,if (jjmatchedPos + 1 < curPos)
S5600,XPathParserTokenManager.java,1841,input_stream.backup(curPos - jjmatchedPos - 1);
S5601,XPathParserTokenManager.java,1842,if ((jjtoToken[jjmatchedKind >> 6] & (1L << (jjmatchedKind & 077))) != 0L)
S5602,XPathParserTokenManager.java,1844,matchedToken = jjFillToken();
S5603,XPathParserTokenManager.java,1845,return matchedToken;
