rank,statement_id,file,line,code,ochiai_score,tie_size,r_worst
1,S63,Complex.java,152,MathUtils.checkNotNull(rhs);,0.158114,2,2
1,S64,Complex.java,153,"return createComplex(real + rhs.getReal(),",0.158114,2,2
3,S97,Complex.java,319,return isNaN;,0.144338,1,3
4,S1576,MathUtils.java,2331,if (o == null) {,0.1066,1,4
5,S1567,MathUtils.java,85,private static final long[] FACTORIALS = new long[] {,0.088388,1,5
6,S186,Complex.java,997,"return new Complex(realPart, imaginaryPart);",0.084515,1,6
7,S96,Complex.java,308,return real;,0.08165,1,7
8,S95,Complex.java,299,return imaginary;,0.081111,1,8
9,S41,Complex.java,52,"public static final Complex I = new Complex(0.0, 1.0);",0.066227,10,18
9,S42,Complex.java,56,"public static final Complex NaN = new Complex(Double.NaN, Double.NaN);",0.066227,10,18
9,S43,Complex.java,60,"public static final Complex INF = new Complex(Double.POSITIVE_INFINITY, Double.POSITIVE_INFINITY);",0.066227,10,18
9,S44,Complex.java,63,"public static final Complex ONE = new Complex(1.0, 0.0);",0.066227,10,18
9,S45,Complex.java,66,"public static final Complex ZERO = new Complex(0.0, 0.0);",0.066227,10,18
9,S46,Complex.java,90,super();,0.066227,10,18
9,S47,Complex.java,91,this.real = real;,0.066227,10,18
9,S48,Complex.java,92,this.imaginary = imaginary;,0.066227,10,18
9,S49,Complex.java,94,isNaN = Double.isNaN(real) || Double.isNaN(imaginary);,0.066227,10,18
9,S50,Complex.java,95,isInfinite = !isNaN &&,0.066227,10,18
19,S1,AbstractPolynomialSolver.java,28,public abstract class AbstractPolynomialSolver,0.0,1591,1609
19,S2,AbstractPolynomialSolver.java,40,super(absoluteAccuracy);,0.0,1591,1609
19,S3,AbstractPolynomialSolver.java,71,"super.setup(maxEval, f, min, max, startValue);",0.0,1591,1609
19,S4,AbstractPolynomialSolver.java,72,polynomialFunction = f;,0.0,1591,1609
19,S5,AbstractPolynomialSolver.java,79,return polynomialFunction.getCoefficients();,0.0,1591,1609
19,S6,ArgUtils.java,42,final List<Object> list = new ArrayList<Object>();,0.0,1591,1609
19,S7,ArgUtils.java,43,if (array != null) {,0.0,1591,1609
19,S8,ArgUtils.java,44,for (Object o : array) {,0.0,1591,1609
19,S9,ArgUtils.java,45,if (o instanceof Object[]) {,0.0,1591,1609
19,S10,ArgUtils.java,46,for (Object oR : flatten((Object[]) o)) {,0.0,1591,1609
19,S11,ArgUtils.java,47,list.add(oR);,0.0,1591,1609
19,S12,ArgUtils.java,50,list.add(o);,0.0,1591,1609
19,S13,ArgUtils.java,54,return list.toArray();,0.0,1591,1609
19,S14,BaseAbstractUnivariateRealSolver.java,48,private final Incrementor evaluations = new Incrementor();,0.0,1591,1609
19,S15,BaseAbstractUnivariateRealSolver.java,64,"this(DEFAULT_RELATIVE_ACCURACY,",0.0,1591,1609
19,S16,BaseAbstractUnivariateRealSolver.java,91,final double functionValueAccuracy) {,0.0,1591,1609
19,S17,BaseAbstractUnivariateRealSolver.java,92,this.absoluteAccuracy = absoluteAccuracy;,0.0,1591,1609
19,S18,BaseAbstractUnivariateRealSolver.java,93,this.relativeAccuracy = relativeAccuracy;,0.0,1591,1609
19,S19,BaseAbstractUnivariateRealSolver.java,94,this.functionValueAccuracy = functionValueAccuracy;,0.0,1591,1609
19,S20,BaseAbstractUnivariateRealSolver.java,109,return searchMin;,0.0,1591,1609
19,S21,BaseAbstractUnivariateRealSolver.java,115,return searchMax;,0.0,1591,1609
19,S22,BaseAbstractUnivariateRealSolver.java,121,return searchStart;,0.0,1591,1609
19,S23,BaseAbstractUnivariateRealSolver.java,127,return absoluteAccuracy;,0.0,1591,1609
19,S24,BaseAbstractUnivariateRealSolver.java,133,return relativeAccuracy;,0.0,1591,1609
19,S25,BaseAbstractUnivariateRealSolver.java,139,return functionValueAccuracy;,0.0,1591,1609
19,S26,BaseAbstractUnivariateRealSolver.java,151,incrementEvaluationCount();,0.0,1591,1609
19,S27,BaseAbstractUnivariateRealSolver.java,152,return function.value(point);,0.0,1591,1609
19,S28,BaseAbstractUnivariateRealSolver.java,171,MathUtils.checkNotNull(f);,0.0,1591,1609
19,S29,BaseAbstractUnivariateRealSolver.java,174,searchMin = min;,0.0,1591,1609
19,S30,BaseAbstractUnivariateRealSolver.java,175,searchMax = max;,0.0,1591,1609
19,S31,BaseAbstractUnivariateRealSolver.java,176,searchStart = startValue;,0.0,1591,1609
19,S32,BaseAbstractUnivariateRealSolver.java,177,function = f;,0.0,1591,1609
19,S33,BaseAbstractUnivariateRealSolver.java,178,evaluations.setMaximalCount(maxEval);,0.0,1591,1609
19,S34,BaseAbstractUnivariateRealSolver.java,179,evaluations.resetCount();,0.0,1591,1609
19,S35,BaseAbstractUnivariateRealSolver.java,185,"setup(maxEval, f, min, max, startValue);",0.0,1591,1609
19,S36,BaseAbstractUnivariateRealSolver.java,188,return doSolve();,0.0,1591,1609
19,S37,BaseAbstractUnivariateRealSolver.java,193,"return solve(maxEval, f, min, max, min + 0.5 * (max - min));",0.0,1591,1609
19,S38,BaseAbstractUnivariateRealSolver.java,235,"return UnivariateRealSolverUtils.isSequence(start, mid, end);",0.0,1591,1609
19,S39,BaseAbstractUnivariateRealSolver.java,263,"UnivariateRealSolverUtils.verifySequence(lower, initial, upper);",0.0,1591,1609
19,S40,BaseAbstractUnivariateRealSolver.java,289,evaluations.incrementCount();,0.0,1591,1609
19,S51,Complex.java,110,if (isNaN) {,0.0,1591,1609
19,S52,Complex.java,111,return Double.NaN;,0.0,1591,1609
19,S53,Complex.java,114,if (isInfinite()) {,0.0,1591,1609
19,S54,Complex.java,115,return Double.POSITIVE_INFINITY;,0.0,1591,1609
19,S55,Complex.java,118,if (FastMath.abs(real) < FastMath.abs(imaginary)) {,0.0,1591,1609
19,S56,Complex.java,119,if (imaginary == 0.0) {,0.0,1591,1609
19,S57,Complex.java,122,double q = real / imaginary;,0.0,1591,1609
19,S58,Complex.java,123,return FastMath.abs(imaginary) * FastMath.sqrt(1 + q * q);,0.0,1591,1609
19,S59,Complex.java,125,if (real == 0.0) {,0.0,1591,1609
19,S60,Complex.java,126,return FastMath.abs(imaginary);,0.0,1591,1609
19,S61,Complex.java,128,double q = imaginary / real;,0.0,1591,1609
19,S62,Complex.java,129,return FastMath.abs(real) * FastMath.sqrt(1 + q * q);,0.0,1591,1609
19,S65,Complex.java,172,if (isNaN) {,0.0,1591,1609
19,S66,Complex.java,173,return NaN;,0.0,1591,1609
19,S67,Complex.java,175,"return createComplex(real, -imaginary);",0.0,1591,1609
19,S68,Complex.java,215,MathUtils.checkNotNull(rhs);,0.0,1591,1609
19,S69,Complex.java,216,if (isNaN || rhs.isNaN) {,0.0,1591,1609
19,S70,Complex.java,217,return NaN;,0.0,1591,1609
19,S71,Complex.java,220,double c = rhs.getReal();,0.0,1591,1609
19,S72,Complex.java,221,double d = rhs.getImaginary();,0.0,1591,1609
19,S73,Complex.java,222,if (c == 0.0 && d == 0.0) {,0.0,1591,1609
19,S74,Complex.java,223,return NaN;,0.0,1591,1609
19,S75,Complex.java,226,if (rhs.isInfinite() && !isInfinite()) {,0.0,1591,1609
19,S76,Complex.java,227,return ZERO;,0.0,1591,1609
19,S77,Complex.java,230,if (FastMath.abs(c) < FastMath.abs(d)) {,0.0,1591,1609
19,S78,Complex.java,231,double q = c / d;,0.0,1591,1609
19,S79,Complex.java,232,double denominator = c * q + d;,0.0,1591,1609
19,S80,Complex.java,233,"return createComplex((real * q + imaginary) / denominator,",0.0,1591,1609
19,S81,Complex.java,236,double q = d / c;,0.0,1591,1609
19,S82,Complex.java,237,double denominator = d * q + c;,0.0,1591,1609
19,S83,Complex.java,238,"return createComplex((imaginary * q + real) / denominator,",0.0,1591,1609
19,S84,Complex.java,263,if (this == other) {,0.0,1591,1609
19,S85,Complex.java,264,return true;,0.0,1591,1609
19,S86,Complex.java,266,if (other instanceof Complex){,0.0,1591,1609
19,S87,Complex.java,267,Complex rhs = (Complex)other;,0.0,1591,1609
19,S88,Complex.java,268,if (rhs.isNaN) {,0.0,1591,1609
19,S89,Complex.java,269,return isNaN;,0.0,1591,1609
19,S90,Complex.java,271,return (real == rhs.real) && (imaginary == rhs.imaginary);,0.0,1591,1609
19,S91,Complex.java,274,return false;,0.0,1591,1609
19,S92,Complex.java,286,if (isNaN) {,0.0,1591,1609
19,S93,Complex.java,287,return 7;,0.0,1591,1609
19,S94,Complex.java,289,return 37 * (17 * MathUtils.hash(imaginary) +,0.0,1591,1609
19,S98,Complex.java,332,return isInfinite;,0.0,1591,1609
19,S99,Complex.java,364,MathUtils.checkNotNull(rhs);,0.0,1591,1609
19,S100,Complex.java,365,if (isNaN || rhs.isNaN) {,0.0,1591,1609
19,S101,Complex.java,366,return NaN;,0.0,1591,1609
19,S102,Complex.java,368,if (Double.isInfinite(real) || Double.isInfinite(imaginary) ||,0.0,1591,1609
19,S103,Complex.java,371,return INF;,0.0,1591,1609
19,S104,Complex.java,373,"return createComplex(real * rhs.real - imaginary * rhs.imaginary,",0.0,1591,1609
19,S105,Complex.java,404,if (isNaN || Double.isNaN(rhs)) {,0.0,1591,1609
19,S106,Complex.java,405,return NaN;,0.0,1591,1609
19,S107,Complex.java,407,if (Double.isInfinite(real) || Double.isInfinite(imaginary) ||,0.0,1591,1609
19,S108,Complex.java,410,return INF;,0.0,1591,1609
19,S109,Complex.java,412,"return createComplex(real * rhs, imaginary * rhs);",0.0,1591,1609
19,S110,Complex.java,424,if (isNaN) {,0.0,1591,1609
19,S111,Complex.java,425,return NaN;,0.0,1591,1609
19,S112,Complex.java,428,"return createComplex(-real, -imaginary);",0.0,1591,1609
19,S113,Complex.java,451,MathUtils.checkNotNull(rhs);,0.0,1591,1609
19,S114,Complex.java,452,if (isNaN || rhs.isNaN) {,0.0,1591,1609
19,S115,Complex.java,453,return NaN;,0.0,1591,1609
19,S116,Complex.java,456,"return createComplex(real - rhs.getReal(),",0.0,1591,1609
19,S117,Complex.java,475,if (isNaN) {,0.0,1591,1609
19,S118,Complex.java,476,return NaN;,0.0,1591,1609
19,S119,Complex.java,479,return this.add(this.sqrt1z().multiply(Complex.I)).log(),0.0,1591,1609
19,S120,Complex.java,498,if (isNaN) {,0.0,1591,1609
19,S121,Complex.java,499,return NaN;,0.0,1591,1609
19,S122,Complex.java,502,return sqrt1z().add(this.multiply(Complex.I)).log(),0.0,1591,1609
19,S123,Complex.java,521,if (isNaN) {,0.0,1591,1609
19,S124,Complex.java,522,return NaN;,0.0,1591,1609
19,S125,Complex.java,525,return this.add(Complex.I).divide(Complex.I.subtract(this)).log(),0.0,1591,1609
19,S126,Complex.java,556,if (isNaN) {,0.0,1591,1609
19,S127,Complex.java,557,return NaN;,0.0,1591,1609
19,S128,Complex.java,560,"return createComplex(FastMath.cos(real) * MathUtils.cosh(imaginary),",0.0,1591,1609
19,S129,Complex.java,590,if (isNaN) {,0.0,1591,1609
19,S130,Complex.java,591,return NaN;,0.0,1591,1609
19,S131,Complex.java,594,"return createComplex(MathUtils.cosh(real) * FastMath.cos(imaginary),",0.0,1591,1609
19,S132,Complex.java,625,if (isNaN) {,0.0,1591,1609
19,S133,Complex.java,626,return NaN;,0.0,1591,1609
19,S134,Complex.java,629,double expReal = FastMath.exp(real);,0.0,1591,1609
19,S135,Complex.java,630,"return createComplex(expReal *  FastMath.cos(imaginary), expReal * FastMath.sin(imaginary));",0.0,1591,1609
19,S136,Complex.java,663,if (isNaN) {,0.0,1591,1609
19,S137,Complex.java,664,return NaN;,0.0,1591,1609
19,S138,Complex.java,667,"return createComplex(FastMath.log(abs()),",0.0,1591,1609
19,S139,Complex.java,690,MathUtils.checkNotNull(x);,0.0,1591,1609
19,S140,Complex.java,691,return this.log().multiply(x).exp();,0.0,1591,1609
19,S141,Complex.java,721,if (isNaN) {,0.0,1591,1609
19,S142,Complex.java,722,return NaN;,0.0,1591,1609
19,S143,Complex.java,725,"return createComplex(FastMath.sin(real) * MathUtils.cosh(imaginary),",0.0,1591,1609
19,S144,Complex.java,755,if (isNaN) {,0.0,1591,1609
19,S145,Complex.java,756,return NaN;,0.0,1591,1609
19,S146,Complex.java,759,"return createComplex(MathUtils.sinh(real) * FastMath.cos(imaginary),",0.0,1591,1609
19,S147,Complex.java,797,if (isNaN) {,0.0,1591,1609
19,S148,Complex.java,798,return NaN;,0.0,1591,1609
19,S149,Complex.java,801,if (real == 0.0 && imaginary == 0.0) {,0.0,1591,1609
19,S150,Complex.java,805,double t = FastMath.sqrt((FastMath.abs(real) + abs()) / 2.0);,0.0,1591,1609
19,S151,Complex.java,806,if (real >= 0.0) {,0.0,1591,1609
19,S152,Complex.java,807,"return createComplex(t, imaginary / (2.0 * t));",0.0,1591,1609
19,S153,Complex.java,809,"return createComplex(FastMath.abs(imaginary) / (2.0 * t),",0.0,1591,1609
19,S154,Complex.java,833,"return createComplex(1.0, 0.0).subtract(this.multiply(this)).sqrt();",0.0,1591,1609
19,S155,Complex.java,863,if (isNaN) {,0.0,1591,1609
19,S156,Complex.java,864,return NaN;,0.0,1591,1609
19,S157,Complex.java,867,double real2 = 2.0 * real;,0.0,1591,1609
19,S158,Complex.java,868,double imaginary2 = 2.0 * imaginary;,0.0,1591,1609
19,S159,Complex.java,869,double d = FastMath.cos(real2) + MathUtils.cosh(imaginary2);,0.0,1591,1609
19,S160,Complex.java,871,"return createComplex(FastMath.sin(real2) / d, MathUtils.sinh(imaginary2) / d);",0.0,1591,1609
19,S161,Complex.java,901,if (isNaN) {,0.0,1591,1609
19,S162,Complex.java,902,return NaN;,0.0,1591,1609
19,S163,Complex.java,905,double real2 = 2.0 * real;,0.0,1591,1609
19,S164,Complex.java,906,double imaginary2 = 2.0 * imaginary;,0.0,1591,1609
19,S165,Complex.java,907,double d = MathUtils.cosh(real2) + FastMath.cos(imaginary2);,0.0,1591,1609
19,S166,Complex.java,909,"return createComplex(MathUtils.sinh(real2) / d, FastMath.sin(imaginary2) / d);",0.0,1591,1609
19,S167,Complex.java,929,"return FastMath.atan2(getImaginary(), getReal());",0.0,1591,1609
19,S168,Complex.java,952,if (n <= 0) {,0.0,1591,1609
19,S169,Complex.java,958,List<Complex> result = new ArrayList<Complex>();,0.0,1591,1609
19,S170,Complex.java,960,if (isNaN) {,0.0,1591,1609
19,S171,Complex.java,961,result.add(NaN);,0.0,1591,1609
19,S172,Complex.java,962,return result;,0.0,1591,1609
19,S173,Complex.java,965,if (isInfinite()) {,0.0,1591,1609
19,S174,Complex.java,966,result.add(INF);,0.0,1591,1609
19,S175,Complex.java,967,return result;,0.0,1591,1609
19,S176,Complex.java,971,"final double nthRootOfAbs = FastMath.pow(abs(), 1.0 / n);",0.0,1591,1609
19,S177,Complex.java,974,final double nthPhi = getArgument()/n;,0.0,1591,1609
19,S178,Complex.java,975,final double slice = 2 * FastMath.PI / n;,0.0,1591,1609
19,S179,Complex.java,976,double innerPart = nthPhi;,0.0,1591,1609
19,S180,Complex.java,977,for (int k = 0; k < n ; k++) {,0.0,1591,1609
19,S181,Complex.java,979,final double realPart      = nthRootOfAbs *  FastMath.cos(innerPart);,0.0,1591,1609
19,S182,Complex.java,980,final double imaginaryPart = nthRootOfAbs *  FastMath.sin(innerPart);,0.0,1591,1609
19,S183,Complex.java,981,"result.add(createComplex(realPart, imaginaryPart));",0.0,1591,1609
19,S184,Complex.java,982,innerPart += slice;,0.0,1591,1609
19,S185,Complex.java,985,return result;,0.0,1591,1609
19,S187,Complex.java,1007,"return createComplex(real, imaginary);",0.0,1591,1609
19,S188,ComplexField.java,33,"public class ComplexField implements Field<Complex>, Serializable  {",0.0,1591,1609
19,S189,ComplexField.java,40,private ComplexField() {,0.0,1591,1609
19,S190,ComplexField.java,47,return LazyHolder.INSTANCE;,0.0,1591,1609
19,S191,ComplexField.java,52,return Complex.ONE;,0.0,1591,1609
19,S192,ComplexField.java,57,return Complex.ZERO;,0.0,1591,1609
19,S193,ComplexField.java,64,private static class LazyHolder {,0.0,1591,1609
19,S194,ComplexField.java,66,private static final ComplexField INSTANCE = new ComplexField();,0.0,1591,1609
19,S195,ComplexField.java,75,return LazyHolder.INSTANCE;,0.0,1591,1609
19,S196,ComplexUtils.java,65,if (r < 0) {,0.0,1591,1609
19,S197,ComplexUtils.java,66,throw MathRuntimeException.createIllegalArgumentException(,0.0,1591,1609
19,S198,ComplexUtils.java,69,"return new Complex(r * FastMath.cos(theta), r * FastMath.sin(theta));",0.0,1591,1609
19,S199,ExceptionContext.java,39,public class ExceptionContext implements Serializable {,0.0,1591,1609
19,S200,ExceptionContext.java,45,private List<Localizable> msgPatterns = new ArrayList<Localizable>();,0.0,1591,1609
19,S201,ExceptionContext.java,51,private List<Object[]> msgArguments = new ArrayList<Object[]>();,0.0,1591,1609
19,S202,ExceptionContext.java,55,"private Map<String, Object> context = new HashMap<String, Object>();",0.0,1591,1609
19,S203,ExceptionContext.java,66,msgPatterns.add(pattern);,0.0,1591,1609
19,S204,ExceptionContext.java,67,msgArguments.add(ArgUtils.flatten(arguments));,0.0,1591,1609
19,S205,FastCosineTransformer.java,49,super();,0.0,1591,1609
19,S206,FastCosineTransformer.java,64,return fct(f);,0.0,1591,1609
19,S207,FastCosineTransformer.java,86,"double data[] = FastFourierTransformer.sample(f, min, max, n);",0.0,1591,1609
19,S208,FastCosineTransformer.java,87,return fct(data);,0.0,1591,1609
19,S209,FastCosineTransformer.java,103,double scaling_coefficient = FastMath.sqrt(2.0 / (f.length-1));,0.0,1591,1609
19,S210,FastCosineTransformer.java,104,"return FastFourierTransformer.scaleArray(fct(f), scaling_coefficient);",0.0,1591,1609
19,S211,FastCosineTransformer.java,146,double scaling_coefficient = 2.0 / (f.length - 1);,0.0,1591,1609
19,S212,FastCosineTransformer.java,147,"return FastFourierTransformer.scaleArray(fct(f), scaling_coefficient);",0.0,1591,1609
19,S213,FastCosineTransformer.java,186,return transform2(f);,0.0,1591,1609
19,S214,FastCosineTransformer.java,221,final double transformed[] = new double[f.length];,0.0,1591,1609
19,S215,FastCosineTransformer.java,223,final int n = f.length - 1;,0.0,1591,1609
19,S216,FastCosineTransformer.java,224,if (!FastFourierTransformer.isPowerOf2(n)) {,0.0,1591,1609
19,S217,FastCosineTransformer.java,225,throw MathRuntimeException.createIllegalArgumentException(,0.0,1591,1609
19,S218,FastCosineTransformer.java,229,if (n == 1) {       // trivial case,0.0,1591,1609
19,S219,FastCosineTransformer.java,236,final double[] x = new double[n];,0.0,1591,1609
19,S220,FastCosineTransformer.java,237,x[0] = 0.5 * (f[0] + f[n]);,0.0,1591,1609
19,S221,FastCosineTransformer.java,238,x[n >> 1] = f[n >> 1];,0.0,1591,1609
19,S222,FastCosineTransformer.java,239,double t1 = 0.5 * (f[0] - f[n]);   // temporary variable for transformed[1],0.0,1591,1609
19,S223,FastCosineTransformer.java,240,for (int i = 1; i < (n >> 1); i++) {,0.0,1591,1609
19,S224,FastCosineTransformer.java,241,final double a = 0.5 * (f[i] + f[n-i]);,0.0,1591,1609
19,S225,FastCosineTransformer.java,242,final double b = FastMath.sin(i * FastMath.PI / n) * (f[i] - f[n-i]);,0.0,1591,1609
19,S226,FastCosineTransformer.java,243,final double c = FastMath.cos(i * FastMath.PI / n) * (f[i] - f[n-i]);,0.0,1591,1609
19,S227,FastCosineTransformer.java,244,x[i] = a - b;,0.0,1591,1609
19,S228,FastCosineTransformer.java,245,x[n-i] = a + b;,0.0,1591,1609
19,S229,FastCosineTransformer.java,246,t1 += c;,0.0,1591,1609
19,S230,FastCosineTransformer.java,248,FastFourierTransformer transformer = new FastFourierTransformer();,0.0,1591,1609
19,S231,FastCosineTransformer.java,249,Complex y[] = transformer.transform(x);,0.0,1591,1609
19,S232,FastCosineTransformer.java,252,transformed[0] = y[0].getReal();,0.0,1591,1609
19,S233,FastCosineTransformer.java,253,transformed[1] = t1;,0.0,1591,1609
19,S234,FastCosineTransformer.java,254,for (int i = 1; i < (n >> 1); i++) {,0.0,1591,1609
19,S235,FastCosineTransformer.java,255,transformed[2 * i]     = y[i].getReal();,0.0,1591,1609
19,S236,FastCosineTransformer.java,256,transformed[2 * i + 1] = transformed[2 * i - 1] - y[i].getImaginary();,0.0,1591,1609
19,S237,FastCosineTransformer.java,258,transformed[n] = y[n >> 1].getReal();,0.0,1591,1609
19,S238,FastCosineTransformer.java,260,return transformed;,0.0,1591,1609
19,S239,FastFourierTransformer.java,54,private RootsOfUnity roots = new RootsOfUnity();,0.0,1591,1609
19,S240,FastFourierTransformer.java,60,super();,0.0,1591,1609
19,S241,FastFourierTransformer.java,75,"return fft(f, false);",0.0,1591,1609
19,S242,FastFourierTransformer.java,96,"double data[] = sample(f, min, max, n);",0.0,1591,1609
19,S243,FastFourierTransformer.java,97,"return fft(data, false);",0.0,1591,1609
19,S244,FastFourierTransformer.java,170,roots.computeOmega(f.length);,0.0,1591,1609
19,S245,FastFourierTransformer.java,171,double scaling_coefficient = 1.0 / FastMath.sqrt(f.length);,0.0,1591,1609
19,S246,FastFourierTransformer.java,172,"return scaleArray(fft(f), scaling_coefficient);",0.0,1591,1609
19,S247,FastFourierTransformer.java,211,"double data[] = sample(f, min, max, n);",0.0,1591,1609
19,S248,FastFourierTransformer.java,212,double scaling_coefficient = 1.0 / n;,0.0,1591,1609
19,S249,FastFourierTransformer.java,213,"return scaleArray(fft(data, true), scaling_coefficient);",0.0,1591,1609
19,S250,FastFourierTransformer.java,229,roots.computeOmega(-f.length);    // pass negative argument,0.0,1591,1609
19,S251,FastFourierTransformer.java,230,double scaling_coefficient = 1.0 / f.length;,0.0,1591,1609
19,S252,FastFourierTransformer.java,231,"return scaleArray(fft(f), scaling_coefficient);",0.0,1591,1609
19,S253,FastFourierTransformer.java,247,double scaling_coefficient = 1.0 / FastMath.sqrt(f.length);,0.0,1591,1609
19,S254,FastFourierTransformer.java,248,"return scaleArray(fft(f, true), scaling_coefficient);",0.0,1591,1609
19,S255,FastFourierTransformer.java,288,roots.computeOmega(-f.length);    // pass negative argument,0.0,1591,1609
19,S256,FastFourierTransformer.java,289,double scaling_coefficient = 1.0 / FastMath.sqrt(f.length);,0.0,1591,1609
19,S257,FastFourierTransformer.java,290,"return scaleArray(fft(f), scaling_coefficient);",0.0,1591,1609
19,S258,FastFourierTransformer.java,304,verifyDataSet(f);,0.0,1591,1609
19,S259,FastFourierTransformer.java,305,Complex F[] = new Complex[f.length];,0.0,1591,1609
19,S260,FastFourierTransformer.java,306,if (f.length == 1) {,0.0,1591,1609
19,S261,FastFourierTransformer.java,313,int N = f.length >> 1;,0.0,1591,1609
19,S262,FastFourierTransformer.java,314,Complex c[] = new Complex[N];,0.0,1591,1609
19,S263,FastFourierTransformer.java,315,for (int i = 0; i < N; i++) {,0.0,1591,1609
19,S264,FastFourierTransformer.java,316,"c[i] = new Complex(f[2*i], f[2*i+1]);",0.0,1591,1609
19,S265,FastFourierTransformer.java,318,roots.computeOmega(isInverse ? -N : N);,0.0,1591,1609
19,S266,FastFourierTransformer.java,319,Complex z[] = fft(c);,0.0,1591,1609
19,S267,FastFourierTransformer.java,322,roots.computeOmega(isInverse ? -2*N : 2*N);,0.0,1591,1609
19,S268,FastFourierTransformer.java,323,"F[0] = new Complex(2 * (z[0].getReal() + z[0].getImaginary()), 0.0);",0.0,1591,1609
19,S269,FastFourierTransformer.java,324,"F[N] = new Complex(2 * (z[0].getReal() - z[0].getImaginary()), 0.0);",0.0,1591,1609
19,S270,FastFourierTransformer.java,325,for (int i = 1; i < N; i++) {,0.0,1591,1609
19,S271,FastFourierTransformer.java,326,Complex A = z[N-i].conjugate();,0.0,1591,1609
19,S272,FastFourierTransformer.java,327,Complex B = z[i].add(A);,0.0,1591,1609
19,S273,FastFourierTransformer.java,328,Complex C = z[i].subtract(A);,0.0,1591,1609
19,S274,FastFourierTransformer.java,330,"Complex D = new Complex(-roots.getOmegaImaginary(i),",0.0,1591,1609
19,S275,FastFourierTransformer.java,332,F[i] = B.subtract(C.multiply(D));,0.0,1591,1609
19,S276,FastFourierTransformer.java,333,F[2*N-i] = F[i].conjugate();,0.0,1591,1609
19,S277,FastFourierTransformer.java,336,"return scaleArray(F, 0.5);",0.0,1591,1609
19,S278,FastFourierTransformer.java,349,final int n = data.length;,0.0,1591,1609
19,S279,FastFourierTransformer.java,350,final Complex f[] = new Complex[n];,0.0,1591,1609
19,S280,FastFourierTransformer.java,353,verifyDataSet(data);,0.0,1591,1609
19,S281,FastFourierTransformer.java,354,if (n == 1) {,0.0,1591,1609
19,S282,FastFourierTransformer.java,358,if (n == 2) {,0.0,1591,1609
19,S283,FastFourierTransformer.java,359,f[0] = data[0].add(data[1]);,0.0,1591,1609
19,S284,FastFourierTransformer.java,360,f[1] = data[0].subtract(data[1]);,0.0,1591,1609
19,S285,FastFourierTransformer.java,361,return f;,0.0,1591,1609
19,S286,FastFourierTransformer.java,365,int ii = 0;,0.0,1591,1609
19,S287,FastFourierTransformer.java,366,for (int i = 0; i < n; i++) {,0.0,1591,1609
19,S288,FastFourierTransformer.java,367,f[i] = data[ii];,0.0,1591,1609
19,S289,FastFourierTransformer.java,368,int k = n >> 1;,0.0,1591,1609
19,S290,FastFourierTransformer.java,369,while (ii >= k && k > 0) {,0.0,1591,1609
19,S291,FastFourierTransformer.java,370,ii -= k; k >>= 1;,0.0,1591,1609
19,S292,FastFourierTransformer.java,372,ii += k;,0.0,1591,1609
19,S293,FastFourierTransformer.java,376,for (int i = 0; i < n; i += 4) {,0.0,1591,1609
19,S294,FastFourierTransformer.java,377,final Complex a = f[i].add(f[i+1]);,0.0,1591,1609
19,S295,FastFourierTransformer.java,378,final Complex b = f[i+2].add(f[i+3]);,0.0,1591,1609
19,S296,FastFourierTransformer.java,379,final Complex c = f[i].subtract(f[i+1]);,0.0,1591,1609
19,S297,FastFourierTransformer.java,380,final Complex d = f[i+2].subtract(f[i+3]);,0.0,1591,1609
19,S298,FastFourierTransformer.java,381,final Complex e1 = c.add(d.multiply(Complex.I));,0.0,1591,1609
19,S299,FastFourierTransformer.java,382,final Complex e2 = c.subtract(d.multiply(Complex.I));,0.0,1591,1609
19,S300,FastFourierTransformer.java,383,f[i] = a.add(b);,0.0,1591,1609
19,S301,FastFourierTransformer.java,384,f[i+2] = a.subtract(b);,0.0,1591,1609
19,S302,FastFourierTransformer.java,386,f[i+1] = roots.isForward() ? e2 : e1;,0.0,1591,1609
19,S303,FastFourierTransformer.java,387,f[i+3] = roots.isForward() ? e1 : e2;,0.0,1591,1609
19,S304,FastFourierTransformer.java,391,for (int i = 4; i < n; i <<= 1) {,0.0,1591,1609
19,S305,FastFourierTransformer.java,392,final int m = n / (i<<1);,0.0,1591,1609
19,S306,FastFourierTransformer.java,393,for (int j = 0; j < n; j += i<<1) {,0.0,1591,1609
19,S307,FastFourierTransformer.java,394,for (int k = 0; k < i; k++) {,0.0,1591,1609
19,S308,FastFourierTransformer.java,396,final int k_times_m = k*m;,0.0,1591,1609
19,S309,FastFourierTransformer.java,397,final double omega_k_times_m_real = roots.getOmegaReal(k_times_m);,0.0,1591,1609
19,S310,FastFourierTransformer.java,398,final double omega_k_times_m_imaginary = roots.getOmegaImaginary(k_times_m);,0.0,1591,1609
19,S311,FastFourierTransformer.java,400,final Complex z = new Complex(,0.0,1591,1609
19,S312,FastFourierTransformer.java,406,f[i+j+k] = f[j+k].subtract(z);,0.0,1591,1609
19,S313,FastFourierTransformer.java,407,f[j+k] = f[j+k].add(z);,0.0,1591,1609
19,S314,FastFourierTransformer.java,411,return f;,0.0,1591,1609
19,S315,FastFourierTransformer.java,433,if (n <= 0) {,0.0,1591,1609
19,S316,FastFourierTransformer.java,434,throw MathRuntimeException.createIllegalArgumentException(,0.0,1591,1609
19,S317,FastFourierTransformer.java,438,"verifyInterval(min, max);",0.0,1591,1609
19,S318,FastFourierTransformer.java,440,double s[] = new double[n];,0.0,1591,1609
19,S319,FastFourierTransformer.java,441,double h = (max - min) / n;,0.0,1591,1609
19,S320,FastFourierTransformer.java,442,for (int i = 0; i < n; i++) {,0.0,1591,1609
19,S321,FastFourierTransformer.java,443,s[i] = f.value(min + i * h);,0.0,1591,1609
19,S322,FastFourierTransformer.java,445,return s;,0.0,1591,1609
19,S323,FastFourierTransformer.java,457,for (int i = 0; i < f.length; i++) {,0.0,1591,1609
19,S324,FastFourierTransformer.java,458,f[i] *= d;,0.0,1591,1609
19,S325,FastFourierTransformer.java,460,return f;,0.0,1591,1609
19,S326,FastFourierTransformer.java,472,for (int i = 0; i < f.length; i++) {,0.0,1591,1609
19,S327,FastFourierTransformer.java,473,"f[i] = new Complex(d * f[i].getReal(), d * f[i].getImaginary());",0.0,1591,1609
19,S328,FastFourierTransformer.java,475,return f;,0.0,1591,1609
19,S329,FastFourierTransformer.java,485,return (n > 0) && ((n & (n - 1)) == 0);,0.0,1591,1609
19,S330,FastFourierTransformer.java,495,if (!isPowerOf2(d.length)) {,0.0,1591,1609
19,S331,FastFourierTransformer.java,496,throw MathRuntimeException.createIllegalArgumentException(,0.0,1591,1609
19,S332,FastFourierTransformer.java,508,if (!isPowerOf2(o.length)) {,0.0,1591,1609
19,S333,FastFourierTransformer.java,524,if (lower >= upper) {,0.0,1591,1609
19,S334,FastFourierTransformer.java,525,throw MathRuntimeException.createIllegalArgumentException(,0.0,1591,1609
19,S335,FastFourierTransformer.java,547,MultiDimensionalComplexMatrix mdcm = (MultiDimensionalComplexMatrix),0.0,1591,1609
19,S336,FastFourierTransformer.java,549,int[] dimensionSize = mdcm.getDimensionSizes();,0.0,1591,1609
19,S337,FastFourierTransformer.java,551,for (int i = 0; i < dimensionSize.length; i++) {,0.0,1591,1609
19,S338,FastFourierTransformer.java,552,"mdfft(mdcm, forward, i, new int[0]);",0.0,1591,1609
19,S339,FastFourierTransformer.java,554,return mdcm.getArray();,0.0,1591,1609
19,S340,FastFourierTransformer.java,569,int[] dimensionSize = mdcm.getDimensionSizes();,0.0,1591,1609
19,S341,FastFourierTransformer.java,571,if (subVector.length == dimensionSize.length) {,0.0,1591,1609
19,S342,FastFourierTransformer.java,572,Complex[] temp = new Complex[dimensionSize[d]];,0.0,1591,1609
19,S343,FastFourierTransformer.java,573,for (int i = 0; i < dimensionSize[d]; i++) {,0.0,1591,1609
19,S344,FastFourierTransformer.java,575,subVector[d] = i;,0.0,1591,1609
19,S345,FastFourierTransformer.java,576,temp[i] = mdcm.get(subVector);,0.0,1591,1609
19,S346,FastFourierTransformer.java,579,if (forward) {,0.0,1591,1609
19,S347,FastFourierTransformer.java,580,temp = transform2(temp);,0.0,1591,1609
19,S348,FastFourierTransformer.java,582,temp = inversetransform2(temp);,0.0,1591,1609
19,S349,FastFourierTransformer.java,585,for (int i = 0; i < dimensionSize[d]; i++) {,0.0,1591,1609
19,S350,FastFourierTransformer.java,586,subVector[d] = i;,0.0,1591,1609
19,S351,FastFourierTransformer.java,587,"mdcm.set(temp[i], subVector);",0.0,1591,1609
19,S352,FastFourierTransformer.java,589,} else {,0.0,1591,1609
19,S353,FastFourierTransformer.java,590,int[] vector = new int[subVector.length + 1];,0.0,1591,1609
19,S354,FastFourierTransformer.java,591,"System.arraycopy(subVector, 0, vector, 0, subVector.length);",0.0,1591,1609
19,S355,FastFourierTransformer.java,592,if (subVector.length == d) {,0.0,1591,1609
19,S356,FastFourierTransformer.java,595,vector[d] = 0;,0.0,1591,1609
19,S357,FastFourierTransformer.java,596,"mdfft(mdcm, forward, d, vector);",0.0,1591,1609
19,S358,FastFourierTransformer.java,598,for (int i = 0; i < dimensionSize[subVector.length]; i++) {,0.0,1591,1609
19,S359,FastFourierTransformer.java,599,vector[subVector.length] = i;,0.0,1591,1609
19,S360,FastFourierTransformer.java,601,"mdfft(mdcm, forward, d, vector);",0.0,1591,1609
19,S361,FastFourierTransformer.java,605,return;,0.0,1591,1609
19,S362,FastFourierTransformer.java,627,public MultiDimensionalComplexMatrix(Object multiDimensionalComplexArray) {,0.0,1591,1609
19,S363,FastFourierTransformer.java,629,this.multiDimensionalComplexArray = multiDimensionalComplexArray;,0.0,1591,1609
19,S364,FastFourierTransformer.java,632,int numOfDimensions = 0;,0.0,1591,1609
19,S365,FastFourierTransformer.java,633,for (Object lastDimension = multiDimensionalComplexArray;,0.0,1591,1609
19,S366,FastFourierTransformer.java,634,lastDimension instanceof Object[];) {,0.0,1591,1609
19,S367,FastFourierTransformer.java,635,final Object[] array = (Object[]) lastDimension;,0.0,1591,1609
19,S368,FastFourierTransformer.java,636,numOfDimensions++;,0.0,1591,1609
19,S369,FastFourierTransformer.java,637,lastDimension = array[0];,0.0,1591,1609
19,S370,FastFourierTransformer.java,641,dimensionSize = new int[numOfDimensions];,0.0,1591,1609
19,S371,FastFourierTransformer.java,644,numOfDimensions = 0;,0.0,1591,1609
19,S372,FastFourierTransformer.java,645,for (Object lastDimension = multiDimensionalComplexArray;,0.0,1591,1609
19,S373,FastFourierTransformer.java,646,lastDimension instanceof Object[];) {,0.0,1591,1609
19,S374,FastFourierTransformer.java,647,final Object[] array = (Object[]) lastDimension;,0.0,1591,1609
19,S375,FastFourierTransformer.java,648,dimensionSize[numOfDimensions++] = array.length;,0.0,1591,1609
19,S376,FastFourierTransformer.java,649,lastDimension = array[0];,0.0,1591,1609
19,S377,FastFourierTransformer.java,662,if (vector == null) {,0.0,1591,1609
19,S378,FastFourierTransformer.java,669,if (vector.length != dimensionSize.length) {,0.0,1591,1609
19,S379,FastFourierTransformer.java,674,Object lastDimension = multiDimensionalComplexArray;,0.0,1591,1609
19,S380,FastFourierTransformer.java,676,for (int i = 0; i < dimensionSize.length; i++) {,0.0,1591,1609
19,S381,FastFourierTransformer.java,677,lastDimension = ((Object[]) lastDimension)[vector[i]];,0.0,1591,1609
19,S382,FastFourierTransformer.java,679,return (Complex) lastDimension;,0.0,1591,1609
19,S383,FastFourierTransformer.java,691,if (vector == null) {,0.0,1591,1609
19,S384,FastFourierTransformer.java,698,if (vector.length != dimensionSize.length) {,0.0,1591,1609
19,S385,FastFourierTransformer.java,703,Object[] lastDimension = (Object[]) multiDimensionalComplexArray;,0.0,1591,1609
19,S386,FastFourierTransformer.java,704,for (int i = 0; i < dimensionSize.length - 1; i++) {,0.0,1591,1609
19,S387,FastFourierTransformer.java,705,lastDimension = (Object[]) lastDimension[vector[i]];,0.0,1591,1609
19,S388,FastFourierTransformer.java,708,Complex lastValue = (Complex) lastDimension[vector[dimensionSize.length - 1]];,0.0,1591,1609
19,S389,FastFourierTransformer.java,709,lastDimension[vector[dimensionSize.length - 1]] = magnitude;,0.0,1591,1609
19,S390,FastFourierTransformer.java,711,return lastValue;,0.0,1591,1609
19,S391,FastFourierTransformer.java,719,return dimensionSize.clone();,0.0,1591,1609
19,S392,FastFourierTransformer.java,727,return multiDimensionalComplexArray;,0.0,1591,1609
19,S393,FastFourierTransformer.java,733,MultiDimensionalComplexMatrix mdcm =,0.0,1591,1609
19,S394,FastFourierTransformer.java,736,clone(mdcm);,0.0,1591,1609
19,S395,FastFourierTransformer.java,737,return mdcm;,0.0,1591,1609
19,S396,FastFourierTransformer.java,745,int[] vector = new int[dimensionSize.length];,0.0,1591,1609
19,S397,FastFourierTransformer.java,746,int size = 1;,0.0,1591,1609
19,S398,FastFourierTransformer.java,747,for (int i = 0; i < dimensionSize.length; i++) {,0.0,1591,1609
19,S399,FastFourierTransformer.java,748,size *= dimensionSize[i];,0.0,1591,1609
19,S400,FastFourierTransformer.java,750,int[][] vectorList = new int[size][dimensionSize.length];,0.0,1591,1609
19,S401,FastFourierTransformer.java,751,for (int[] nextVector: vectorList) {,0.0,1591,1609
19,S402,FastFourierTransformer.java,752,"System.arraycopy(vector, 0, nextVector, 0,",0.0,1591,1609
19,S403,FastFourierTransformer.java,754,for (int i = 0; i < dimensionSize.length; i++) {,0.0,1591,1609
19,S404,FastFourierTransformer.java,755,vector[i]++;,0.0,1591,1609
19,S405,FastFourierTransformer.java,756,if (vector[i] < dimensionSize[i]) {,0.0,1591,1609
19,S406,FastFourierTransformer.java,757,break;,0.0,1591,1609
19,S407,FastFourierTransformer.java,759,vector[i] = 0;,0.0,1591,1609
19,S408,FastFourierTransformer.java,764,for (int[] nextVector: vectorList) {,0.0,1591,1609
19,S409,FastFourierTransformer.java,765,"mdcm.set(get(nextVector), nextVector);",0.0,1591,1609
19,S410,FastFourierTransformer.java,797,public RootsOfUnity() {,0.0,1591,1609
19,S411,FastFourierTransformer.java,799,omegaCount = 0;,0.0,1591,1609
19,S412,FastFourierTransformer.java,800,omegaReal = null;,0.0,1591,1609
19,S413,FastFourierTransformer.java,801,omegaImaginaryForward = null;,0.0,1591,1609
19,S414,FastFourierTransformer.java,802,omegaImaginaryInverse = null;,0.0,1591,1609
19,S415,FastFourierTransformer.java,803,isForward = true;,0.0,1591,1609
19,S416,FastFourierTransformer.java,814,if (omegaCount == 0) {,0.0,1591,1609
19,S417,FastFourierTransformer.java,817,return isForward;,0.0,1591,1609
19,S418,FastFourierTransformer.java,832,if (n == 0) {,0.0,1591,1609
19,S419,FastFourierTransformer.java,837,isForward = n > 0;,0.0,1591,1609
19,S420,FastFourierTransformer.java,840,final int absN = FastMath.abs(n);,0.0,1591,1609
19,S421,FastFourierTransformer.java,842,if (absN == omegaCount) {,0.0,1591,1609
19,S422,FastFourierTransformer.java,843,return;,0.0,1591,1609
19,S423,FastFourierTransformer.java,847,final double t    = 2.0 * FastMath.PI / absN;,0.0,1591,1609
19,S424,FastFourierTransformer.java,848,final double cosT = FastMath.cos(t);,0.0,1591,1609
19,S425,FastFourierTransformer.java,849,final double sinT = FastMath.sin(t);,0.0,1591,1609
19,S426,FastFourierTransformer.java,850,omegaReal             = new double[absN];,0.0,1591,1609
19,S427,FastFourierTransformer.java,851,omegaImaginaryForward = new double[absN];,0.0,1591,1609
19,S428,FastFourierTransformer.java,852,omegaImaginaryInverse = new double[absN];,0.0,1591,1609
19,S429,FastFourierTransformer.java,853,omegaReal[0]             = 1.0;,0.0,1591,1609
19,S430,FastFourierTransformer.java,854,omegaImaginaryForward[0] = 0.0;,0.0,1591,1609
19,S431,FastFourierTransformer.java,855,omegaImaginaryInverse[0] = 0.0;,0.0,1591,1609
19,S432,FastFourierTransformer.java,856,for (int i = 1; i < absN; i++) {,0.0,1591,1609
19,S433,FastFourierTransformer.java,857,omegaReal[i] =,0.0,1591,1609
19,S434,FastFourierTransformer.java,859,omegaImaginaryForward[i] =,0.0,1591,1609
19,S435,FastFourierTransformer.java,861,omegaImaginaryInverse[i] = -omegaImaginaryForward[i];,0.0,1591,1609
19,S436,FastFourierTransformer.java,863,omegaCount = absN;,0.0,1591,1609
19,S437,FastFourierTransformer.java,877,if (omegaCount == 0) {,0.0,1591,1609
19,S438,FastFourierTransformer.java,880,if ((k < 0) || (k >= omegaCount)) {,0.0,1591,1609
19,S439,FastFourierTransformer.java,885,return omegaReal[k];,0.0,1591,1609
19,S440,FastFourierTransformer.java,899,if (omegaCount == 0) {,0.0,1591,1609
19,S441,FastFourierTransformer.java,902,if ((k < 0) || (k >= omegaCount)) {,0.0,1591,1609
19,S442,FastFourierTransformer.java,907,return isForward ? omegaImaginaryForward[k] : omegaImaginaryInverse[k];,0.0,1591,1609
19,S443,FastMath.java,80,private static final double EXP_INT_TABLE_A[] = new double[1500];,0.0,1591,1609
19,S444,FastMath.java,85,private static final double EXP_INT_TABLE_B[] = new double[1500];,0.0,1591,1609
19,S445,FastMath.java,90,private static final double EXP_FRAC_TABLE_A[] = new double[1025];,0.0,1591,1609
19,S446,FastMath.java,95,private static final double EXP_FRAC_TABLE_B[] = new double[1025];,0.0,1591,1609
19,S447,FastMath.java,98,private static final double FACT[] = new double[20];,0.0,1591,1609
19,S448,FastMath.java,101,private static final double LN_MANT[][] = new double[1024][];,0.0,1591,1609
19,S449,FastMath.java,110,private static final double LN_SPLIT_COEF[][] = {,0.0,1591,1609
19,S450,FastMath.java,130,private static final double LN_QUICK_COEF[][] = {,0.0,1591,1609
19,S451,FastMath.java,143,private static final double LN_HI_PREC_COEF[][] = {,0.0,1591,1609
19,S452,FastMath.java,153,private static final double SINE_TABLE_A[] = new double[14];,0.0,1591,1609
19,S453,FastMath.java,156,private static final double SINE_TABLE_B[] = new double[14];,0.0,1591,1609
19,S454,FastMath.java,159,private static final double COSINE_TABLE_A[] = new double[14];,0.0,1591,1609
19,S455,FastMath.java,162,private static final double COSINE_TABLE_B[] = new double[14];,0.0,1591,1609
19,S456,FastMath.java,165,private static final double TANGENT_TABLE_A[] = new double[14];,0.0,1591,1609
19,S457,FastMath.java,168,private static final double TANGENT_TABLE_B[] = new double[14];,0.0,1591,1609
19,S458,FastMath.java,171,private static final long RECIP_2PI[] = new long[] {,0.0,1591,1609
19,S459,FastMath.java,192,private static final long PI_O_4_BITS[] = new long[] {,0.0,1591,1609
19,S460,FastMath.java,200,"private static final double EIGHTHS[] = {0, 0.125, 0.25, 0.375, 0.5, 0.625, 0.75, 0.875, 1.0, 1.125, 1.25, 1.375, 1.5, 1.625};",0.0,1591,1609
19,S461,FastMath.java,203,"private static final double CBRTTWO[] = { 0.6299605249474366,",0.0,1591,1609
19,S462,FastMath.java,233,FACT[0] = 1.0;,0.0,1591,1609
19,S463,FastMath.java,234,for (i = 1; i < FACT.length; i++) {,0.0,1591,1609
19,S464,FastMath.java,235,FACT[i] = FACT[i-1] * i;,0.0,1591,1609
19,S465,FastMath.java,238,double tmp[] = new double[2];,0.0,1591,1609
19,S466,FastMath.java,239,double recip[] = new double[2];,0.0,1591,1609
19,S467,FastMath.java,242,for (i = 0; i < 750; i++) {,0.0,1591,1609
19,S468,FastMath.java,243,"expint(i, tmp);",0.0,1591,1609
19,S469,FastMath.java,244,EXP_INT_TABLE_A[i+750] = tmp[0];,0.0,1591,1609
19,S470,FastMath.java,245,EXP_INT_TABLE_B[i+750] = tmp[1];,0.0,1591,1609
19,S471,FastMath.java,247,if (i != 0) {,0.0,1591,1609
19,S472,FastMath.java,249,"splitReciprocal(tmp, recip);",0.0,1591,1609
19,S473,FastMath.java,250,EXP_INT_TABLE_A[750-i] = recip[0];,0.0,1591,1609
19,S474,FastMath.java,251,EXP_INT_TABLE_B[750-i] = recip[1];,0.0,1591,1609
19,S475,FastMath.java,256,for (i = 0; i < EXP_FRAC_TABLE_A.length; i++) {,0.0,1591,1609
19,S476,FastMath.java,257,"slowexp(i/1024.0, tmp);",0.0,1591,1609
19,S477,FastMath.java,258,EXP_FRAC_TABLE_A[i] = tmp[0];,0.0,1591,1609
19,S478,FastMath.java,259,EXP_FRAC_TABLE_B[i] = tmp[1];,0.0,1591,1609
19,S479,FastMath.java,263,for (i = 0; i < LN_MANT.length; i++) {,0.0,1591,1609
19,S480,FastMath.java,264,double d = Double.longBitsToDouble( (((long) i) << 42) | 0x3ff0000000000000L );,0.0,1591,1609
19,S481,FastMath.java,265,LN_MANT[i] = slowLog(d);,0.0,1591,1609
19,S482,FastMath.java,269,buildSinCosTables();,0.0,1591,1609
19,S483,FastMath.java,288,if (d > -MathUtils.SAFE_MIN && d < MathUtils.SAFE_MIN){,0.0,1591,1609
19,S484,FastMath.java,291,long xl = Double.doubleToLongBits(d);,0.0,1591,1609
19,S485,FastMath.java,292,xl = xl & MASK_30BITS; // Drop low order bits,0.0,1591,1609
19,S486,FastMath.java,293,return Double.longBitsToDouble(xl);,0.0,1591,1609
19,S487,FastMath.java,302,return Math.sqrt(a);,0.0,1591,1609
19,S488,FastMath.java,722,"return exp(x, 0.0, null);",0.0,1591,1609
19,S489,FastMath.java,741,if (x < 0.0) {,0.0,1591,1609
19,S490,FastMath.java,742,intVal = (int) -x;,0.0,1591,1609
19,S491,FastMath.java,744,if (intVal > 746) {,0.0,1591,1609
19,S492,FastMath.java,745,if (hiPrec != null) {,0.0,1591,1609
19,S493,FastMath.java,749,return 0.0;,0.0,1591,1609
19,S494,FastMath.java,752,if (intVal > 709) {,0.0,1591,1609
19,S495,FastMath.java,762,if (intVal == 709) {,0.0,1591,1609
19,S496,FastMath.java,772,intVal++;,0.0,1591,1609
19,S497,FastMath.java,774,intPartA = EXP_INT_TABLE_A[750-intVal];,0.0,1591,1609
19,S498,FastMath.java,775,intPartB = EXP_INT_TABLE_B[750-intVal];,0.0,1591,1609
19,S499,FastMath.java,777,intVal = -intVal;,0.0,1591,1609
19,S500,FastMath.java,779,intVal = (int) x;,0.0,1591,1609
19,S501,FastMath.java,781,if (intVal > 709) {,0.0,1591,1609
19,S502,FastMath.java,782,if (hiPrec != null) {,0.0,1591,1609
19,S503,FastMath.java,786,return Double.POSITIVE_INFINITY;,0.0,1591,1609
19,S504,FastMath.java,789,intPartA = EXP_INT_TABLE_A[750+intVal];,0.0,1591,1609
19,S505,FastMath.java,790,intPartB = EXP_INT_TABLE_B[750+intVal];,0.0,1591,1609
19,S506,FastMath.java,797,final int intFrac = (int) ((x - intVal) * 1024.0);,0.0,1591,1609
19,S507,FastMath.java,798,final double fracPartA = EXP_FRAC_TABLE_A[intFrac];,0.0,1591,1609
19,S508,FastMath.java,799,final double fracPartB = EXP_FRAC_TABLE_B[intFrac];,0.0,1591,1609
19,S509,FastMath.java,805,final double epsilon = x - (intVal + intFrac / 1024.0);,0.0,1591,1609
19,S510,FastMath.java,814,double z = 0.04168701738764507;,0.0,1591,1609
19,S511,FastMath.java,815,z = z * epsilon + 0.1666666505023083;,0.0,1591,1609
19,S512,FastMath.java,816,z = z * epsilon + 0.5000000000042687;,0.0,1591,1609
19,S513,FastMath.java,817,z = z * epsilon + 1.0;,0.0,1591,1609
19,S514,FastMath.java,818,z = z * epsilon + -3.940510424527919E-20;,0.0,1591,1609
19,S515,FastMath.java,825,double tempA = intPartA * fracPartA;,0.0,1591,1609
19,S516,FastMath.java,826,double tempB = intPartA * fracPartB + intPartB * fracPartA + intPartB * fracPartB;,0.0,1591,1609
19,S517,FastMath.java,832,final double tempC = tempB + tempA;,0.0,1591,1609
19,S518,FastMath.java,834,if (extra != 0.0) {,0.0,1591,1609
19,S519,FastMath.java,835,result = tempC*extra*z + tempC*extra + tempC*z + tempB + tempA;,0.0,1591,1609
19,S520,FastMath.java,837,result = tempC*z + tempB + tempA;,0.0,1591,1609
19,S521,FastMath.java,840,if (hiPrec != null) {,0.0,1591,1609
19,S522,FastMath.java,846,return result;,0.0,1591,1609
19,S523,FastMath.java,1012,final double xs[] = new double[2];,0.0,1591,1609
19,S524,FastMath.java,1013,final double ys[] = new double[2];,0.0,1591,1609
19,S525,FastMath.java,1014,final double facts[] = new double[2];,0.0,1591,1609
19,S526,FastMath.java,1015,final double as[] = new double[2];,0.0,1591,1609
19,S527,FastMath.java,1016,"split(x, xs);",0.0,1591,1609
19,S528,FastMath.java,1017,ys[0] = ys[1] = 0.0;,0.0,1591,1609
19,S529,FastMath.java,1019,for (int i = 19; i >= 0; i--) {,0.0,1591,1609
19,S530,FastMath.java,1020,"splitMult(xs, ys, as);",0.0,1591,1609
19,S531,FastMath.java,1021,ys[0] = as[0];,0.0,1591,1609
19,S532,FastMath.java,1022,ys[1] = as[1];,0.0,1591,1609
19,S533,FastMath.java,1024,"split(FACT[i], as);",0.0,1591,1609
19,S534,FastMath.java,1025,"splitReciprocal(as, facts);",0.0,1591,1609
19,S535,FastMath.java,1027,"splitAdd(ys, facts, as);",0.0,1591,1609
19,S536,FastMath.java,1028,ys[0] = as[0];,0.0,1591,1609
19,S537,FastMath.java,1029,ys[1] = as[1];,0.0,1591,1609
19,S538,FastMath.java,1032,if (result != null) {,0.0,1591,1609
19,S539,FastMath.java,1033,result[0] = ys[0];,0.0,1591,1609
19,S540,FastMath.java,1034,result[1] = ys[1];,0.0,1591,1609
19,S541,FastMath.java,1037,return ys[0] + ys[1];,0.0,1591,1609
19,S542,FastMath.java,1046,if (d < 8e298 && d > -8e298) {,0.0,1591,1609
19,S543,FastMath.java,1047,final double a = d * HEX_40000000;,0.0,1591,1609
19,S544,FastMath.java,1048,split[0] = (d + a) - a;,0.0,1591,1609
19,S545,FastMath.java,1049,split[1] = d - split[0];,0.0,1591,1609
19,S546,FastMath.java,1050,} else {,0.0,1591,1609
19,S547,FastMath.java,1062,final double c = a[0] + a[1];,0.0,1591,1609
19,S548,FastMath.java,1063,final double d = -(c - a[0] - a[1]);,0.0,1591,1609
19,S549,FastMath.java,1065,if (c < 8e298 && c > -8e298) {,0.0,1591,1609
19,S550,FastMath.java,1066,double z = c * HEX_40000000;,0.0,1591,1609
19,S551,FastMath.java,1067,a[0] = (c + z) - z;,0.0,1591,1609
19,S552,FastMath.java,1068,a[1] = c - a[0] + d;,0.0,1591,1609
19,S553,FastMath.java,1069,} else {,0.0,1591,1609
19,S554,FastMath.java,1070,double z = c * 9.31322574615478515625E-10;,0.0,1591,1609
19,S555,FastMath.java,1071,a[0] = (c + z - c) * HEX_40000000;,0.0,1591,1609
19,S556,FastMath.java,1072,a[1] = c - a[0] + d;,0.0,1591,1609
19,S557,FastMath.java,1082,ans[0] = a[0] * b[0];,0.0,1591,1609
19,S558,FastMath.java,1083,ans[1] = a[0] * b[1] + a[1] * b[0] + a[1] * b[1];,0.0,1591,1609
19,S559,FastMath.java,1086,resplit(ans);,0.0,1591,1609
19,S560,FastMath.java,1095,ans[0] = a[0] + b[0];,0.0,1591,1609
19,S561,FastMath.java,1096,ans[1] = a[1] + b[1];,0.0,1591,1609
19,S562,FastMath.java,1098,resplit(ans);,0.0,1591,1609
19,S563,FastMath.java,1120,final double b = 1.0/4194304.0;,0.0,1591,1609
19,S564,FastMath.java,1121,final double a = 1.0 - b;,0.0,1591,1609
19,S565,FastMath.java,1123,if (in[0] == 0.0) {,0.0,1591,1609
19,S566,FastMath.java,1128,result[0] = a / in[0];,0.0,1591,1609
19,S567,FastMath.java,1129,result[1] = (b*in[0]-a*in[1]) / (in[0]*in[0] + in[0]*in[1]);,0.0,1591,1609
19,S568,FastMath.java,1131,if (result[1] != result[1]) { // can happen if result[1] is NAN,0.0,1591,1609
19,S569,FastMath.java,1132,result[1] = 0.0;,0.0,1591,1609
19,S570,FastMath.java,1136,resplit(result);,0.0,1591,1609
19,S571,FastMath.java,1138,for (int i = 0; i < 2; i++) {,0.0,1591,1609
19,S572,FastMath.java,1140,double err = 1.0 - result[0] * in[0] - result[0] * in[1] -,0.0,1591,1609
19,S573,FastMath.java,1143,err = err * (result[0] + result[1]);,0.0,1591,1609
19,S574,FastMath.java,1145,result[1] += err;,0.0,1591,1609
19,S575,FastMath.java,1155,final double xs[] = new double[2];,0.0,1591,1609
19,S576,FastMath.java,1156,final double ys[] = new double[2];,0.0,1591,1609
19,S577,FastMath.java,1157,final double zs[] = new double[2];,0.0,1591,1609
19,S578,FastMath.java,1160,"split(a[0], xs);",0.0,1591,1609
19,S579,FastMath.java,1161,"split(b[0], ys);",0.0,1591,1609
19,S580,FastMath.java,1162,"splitMult(xs, ys, zs);",0.0,1591,1609
19,S581,FastMath.java,1164,result[0] = zs[0];,0.0,1591,1609
19,S582,FastMath.java,1165,result[1] = zs[1];,0.0,1591,1609
19,S583,FastMath.java,1168,"split(b[1], ys);",0.0,1591,1609
19,S584,FastMath.java,1169,"splitMult(xs, ys, zs);",0.0,1591,1609
19,S585,FastMath.java,1171,double tmp = result[0] + zs[0];,0.0,1591,1609
19,S586,FastMath.java,1172,result[1] = result[1] - (tmp - result[0] - zs[0]);,0.0,1591,1609
19,S587,FastMath.java,1173,result[0] = tmp;,0.0,1591,1609
19,S588,FastMath.java,1174,tmp = result[0] + zs[1];,0.0,1591,1609
19,S589,FastMath.java,1175,result[1] = result[1] - (tmp - result[0] - zs[1]);,0.0,1591,1609
19,S590,FastMath.java,1176,result[0] = tmp;,0.0,1591,1609
19,S591,FastMath.java,1179,"split(a[1], xs);",0.0,1591,1609
19,S592,FastMath.java,1180,"split(b[0], ys);",0.0,1591,1609
19,S593,FastMath.java,1181,"splitMult(xs, ys, zs);",0.0,1591,1609
19,S594,FastMath.java,1183,tmp = result[0] + zs[0];,0.0,1591,1609
19,S595,FastMath.java,1184,result[1] = result[1] - (tmp - result[0] - zs[0]);,0.0,1591,1609
19,S596,FastMath.java,1185,result[0] = tmp;,0.0,1591,1609
19,S597,FastMath.java,1186,tmp = result[0] + zs[1];,0.0,1591,1609
19,S598,FastMath.java,1187,result[1] = result[1] - (tmp - result[0] - zs[1]);,0.0,1591,1609
19,S599,FastMath.java,1188,result[0] = tmp;,0.0,1591,1609
19,S600,FastMath.java,1191,"split(a[1], xs);",0.0,1591,1609
19,S601,FastMath.java,1192,"split(b[1], ys);",0.0,1591,1609
19,S602,FastMath.java,1193,"splitMult(xs, ys, zs);",0.0,1591,1609
19,S603,FastMath.java,1195,tmp = result[0] + zs[0];,0.0,1591,1609
19,S604,FastMath.java,1196,result[1] = result[1] - (tmp - result[0] - zs[0]);,0.0,1591,1609
19,S605,FastMath.java,1197,result[0] = tmp;,0.0,1591,1609
19,S606,FastMath.java,1198,tmp = result[0] + zs[1];,0.0,1591,1609
19,S607,FastMath.java,1199,result[1] = result[1] - (tmp - result[0] - zs[1]);,0.0,1591,1609
19,S608,FastMath.java,1200,result[0] = tmp;,0.0,1591,1609
19,S609,FastMath.java,1210,final double xs[] = new double[2];,0.0,1591,1609
19,S610,FastMath.java,1211,final double as[] = new double[2];,0.0,1591,1609
19,S611,FastMath.java,1212,final double ys[] = new double[2];,0.0,1591,1609
19,S612,FastMath.java,1221,xs[0] = 2.718281828459045;,0.0,1591,1609
19,S613,FastMath.java,1222,xs[1] = 1.4456468917292502E-16;,0.0,1591,1609
19,S614,FastMath.java,1224,"split(1.0, ys);",0.0,1591,1609
19,S615,FastMath.java,1226,while (p > 0) {,0.0,1591,1609
19,S616,FastMath.java,1227,if ((p & 1) != 0) {,0.0,1591,1609
19,S617,FastMath.java,1228,"quadMult(ys, xs, as);",0.0,1591,1609
19,S618,FastMath.java,1229,ys[0] = as[0]; ys[1] = as[1];,0.0,1591,1609
19,S619,FastMath.java,1232,"quadMult(xs, xs, as);",0.0,1591,1609
19,S620,FastMath.java,1233,xs[0] = as[0]; xs[1] = as[1];,0.0,1591,1609
19,S621,FastMath.java,1235,p >>= 1;,0.0,1591,1609
19,S622,FastMath.java,1238,if (result != null) {,0.0,1591,1609
19,S623,FastMath.java,1239,result[0] = ys[0];,0.0,1591,1609
19,S624,FastMath.java,1240,result[1] = ys[1];,0.0,1591,1609
19,S625,FastMath.java,1242,resplit(result);,0.0,1591,1609
19,S626,FastMath.java,1245,return ys[0] + ys[1];,0.0,1591,1609
19,S627,FastMath.java,1256,"return log(x, null);",0.0,1591,1609
19,S628,FastMath.java,1266,if (x==0) { // Handle special case of +0/-0,0.0,1591,1609
19,S629,FastMath.java,1267,return Double.NEGATIVE_INFINITY;,0.0,1591,1609
19,S630,FastMath.java,1269,long bits = Double.doubleToLongBits(x);,0.0,1591,1609
19,S631,FastMath.java,1272,if ((bits & 0x8000000000000000L) != 0 || x != x) {,0.0,1591,1609
19,S632,FastMath.java,1283,if (x == Double.POSITIVE_INFINITY) {,0.0,1591,1609
19,S633,FastMath.java,1284,if (hiPrec != null) {,0.0,1591,1609
19,S634,FastMath.java,1288,return Double.POSITIVE_INFINITY;,0.0,1591,1609
19,S635,FastMath.java,1292,int exp = (int)(bits >> 52)-1023;,0.0,1591,1609
19,S636,FastMath.java,1294,if ((bits & 0x7ff0000000000000L) == 0) {,0.0,1591,1609
19,S637,FastMath.java,1314,if (exp == -1 || exp == 0) {,0.0,1591,1609
19,S638,FastMath.java,1315,if (x < 1.01 && x > 0.99 && hiPrec == null) {,0.0,1591,1609
19,S639,FastMath.java,1320,double xa = x - 1.0;,0.0,1591,1609
19,S640,FastMath.java,1321,double xb = xa - x + 1.0;,0.0,1591,1609
19,S641,FastMath.java,1322,double tmp = xa * HEX_40000000;,0.0,1591,1609
19,S642,FastMath.java,1323,double aa = xa + tmp - tmp;,0.0,1591,1609
19,S643,FastMath.java,1324,double ab = xa - aa;,0.0,1591,1609
19,S644,FastMath.java,1325,xa = aa;,0.0,1591,1609
19,S645,FastMath.java,1326,xb = ab;,0.0,1591,1609
19,S646,FastMath.java,1328,double ya = LN_QUICK_COEF[LN_QUICK_COEF.length-1][0];,0.0,1591,1609
19,S647,FastMath.java,1329,double yb = LN_QUICK_COEF[LN_QUICK_COEF.length-1][1];,0.0,1591,1609
19,S648,FastMath.java,1331,for (int i = LN_QUICK_COEF.length - 2; i >= 0; i--) {,0.0,1591,1609
19,S649,FastMath.java,1333,aa = ya * xa;,0.0,1591,1609
19,S650,FastMath.java,1334,ab = ya * xb + yb * xa + yb * xb;,0.0,1591,1609
19,S651,FastMath.java,1336,tmp = aa * HEX_40000000;,0.0,1591,1609
19,S652,FastMath.java,1337,ya = aa + tmp - tmp;,0.0,1591,1609
19,S653,FastMath.java,1338,yb = aa - ya + ab;,0.0,1591,1609
19,S654,FastMath.java,1341,aa = ya + LN_QUICK_COEF[i][0];,0.0,1591,1609
19,S655,FastMath.java,1342,ab = yb + LN_QUICK_COEF[i][1];,0.0,1591,1609
19,S656,FastMath.java,1344,tmp = aa * HEX_40000000;,0.0,1591,1609
19,S657,FastMath.java,1345,ya = aa + tmp - tmp;,0.0,1591,1609
19,S658,FastMath.java,1346,yb = aa - ya + ab;,0.0,1591,1609
19,S659,FastMath.java,1350,aa = ya * xa;,0.0,1591,1609
19,S660,FastMath.java,1351,ab = ya * xb + yb * xa + yb * xb;,0.0,1591,1609
19,S661,FastMath.java,1353,tmp = aa * HEX_40000000;,0.0,1591,1609
19,S662,FastMath.java,1354,ya = aa + tmp - tmp;,0.0,1591,1609
19,S663,FastMath.java,1355,yb = aa - ya + ab;,0.0,1591,1609
19,S664,FastMath.java,1357,return ya + yb;,0.0,1591,1609
19,S665,FastMath.java,1362,double lnm[] = LN_MANT[(int)((bits & 0x000ffc0000000000L) >> 42)];,0.0,1591,1609
19,S666,FastMath.java,1373,double epsilon = (bits & 0x3ffffffffffL) / (TWO_POWER_52 + (bits & 0x000ffc0000000000L));,0.0,1591,1609
19,S667,FastMath.java,1375,double lnza = 0.0;,0.0,1591,1609
19,S668,FastMath.java,1376,double lnzb = 0.0;,0.0,1591,1609
19,S669,FastMath.java,1378,if (hiPrec != null) {,0.0,1591,1609
19,S670,FastMath.java,1380,double tmp = epsilon * HEX_40000000;,0.0,1591,1609
19,S671,FastMath.java,1381,double aa = epsilon + tmp - tmp;,0.0,1591,1609
19,S672,FastMath.java,1382,double ab = epsilon - aa;,0.0,1591,1609
19,S673,FastMath.java,1383,double xa = aa;,0.0,1591,1609
19,S674,FastMath.java,1384,double xb = ab;,0.0,1591,1609
19,S675,FastMath.java,1387,double numer = bits & 0x3ffffffffffL;,0.0,1591,1609
19,S676,FastMath.java,1388,double denom = TWO_POWER_52 + (bits & 0x000ffc0000000000L);,0.0,1591,1609
19,S677,FastMath.java,1389,aa = numer - xa*denom - xb * denom;,0.0,1591,1609
19,S678,FastMath.java,1390,xb += aa / denom;,0.0,1591,1609
19,S679,FastMath.java,1393,double ya = LN_HI_PREC_COEF[LN_HI_PREC_COEF.length-1][0];,0.0,1591,1609
19,S680,FastMath.java,1394,double yb = LN_HI_PREC_COEF[LN_HI_PREC_COEF.length-1][1];,0.0,1591,1609
19,S681,FastMath.java,1396,for (int i = LN_HI_PREC_COEF.length - 2; i >= 0; i--) {,0.0,1591,1609
19,S682,FastMath.java,1398,aa = ya * xa;,0.0,1591,1609
19,S683,FastMath.java,1399,ab = ya * xb + yb * xa + yb * xb;,0.0,1591,1609
19,S684,FastMath.java,1401,tmp = aa * HEX_40000000;,0.0,1591,1609
19,S685,FastMath.java,1402,ya = aa + tmp - tmp;,0.0,1591,1609
19,S686,FastMath.java,1403,yb = aa - ya + ab;,0.0,1591,1609
19,S687,FastMath.java,1406,aa = ya + LN_HI_PREC_COEF[i][0];,0.0,1591,1609
19,S688,FastMath.java,1407,ab = yb + LN_HI_PREC_COEF[i][1];,0.0,1591,1609
19,S689,FastMath.java,1409,tmp = aa * HEX_40000000;,0.0,1591,1609
19,S690,FastMath.java,1410,ya = aa + tmp - tmp;,0.0,1591,1609
19,S691,FastMath.java,1411,yb = aa - ya + ab;,0.0,1591,1609
19,S692,FastMath.java,1415,aa = ya * xa;,0.0,1591,1609
19,S693,FastMath.java,1416,ab = ya * xb + yb * xa + yb * xb;,0.0,1591,1609
19,S694,FastMath.java,1424,lnza = aa + ab;,0.0,1591,1609
19,S695,FastMath.java,1425,lnzb = -(lnza - aa - ab);,0.0,1591,1609
19,S696,FastMath.java,1426,} else {,0.0,1591,1609
19,S697,FastMath.java,1429,lnza = -0.16624882440418567;,0.0,1591,1609
19,S698,FastMath.java,1430,lnza = lnza * epsilon + 0.19999954120254515;,0.0,1591,1609
19,S699,FastMath.java,1431,lnza = lnza * epsilon + -0.2499999997677497;,0.0,1591,1609
19,S700,FastMath.java,1432,lnza = lnza * epsilon + 0.3333333333332802;,0.0,1591,1609
19,S701,FastMath.java,1433,lnza = lnza * epsilon + -0.5;,0.0,1591,1609
19,S702,FastMath.java,1434,lnza = lnza * epsilon + 1.0;,0.0,1591,1609
19,S703,FastMath.java,1435,lnza = lnza * epsilon;,0.0,1591,1609
19,S704,FastMath.java,1452,double a = LN_2_A*exp;,0.0,1591,1609
19,S705,FastMath.java,1453,double b = 0.0;,0.0,1591,1609
19,S706,FastMath.java,1454,double c = a+lnm[0];,0.0,1591,1609
19,S707,FastMath.java,1455,double d = -(c-a-lnm[0]);,0.0,1591,1609
19,S708,FastMath.java,1456,a = c;,0.0,1591,1609
19,S709,FastMath.java,1457,b = b + d;,0.0,1591,1609
19,S710,FastMath.java,1459,c = a + lnza;,0.0,1591,1609
19,S711,FastMath.java,1460,d = -(c - a - lnza);,0.0,1591,1609
19,S712,FastMath.java,1461,a = c;,0.0,1591,1609
19,S713,FastMath.java,1462,b = b + d;,0.0,1591,1609
19,S714,FastMath.java,1464,c = a + LN_2_B*exp;,0.0,1591,1609
19,S715,FastMath.java,1465,d = -(c - a - LN_2_B*exp);,0.0,1591,1609
19,S716,FastMath.java,1466,a = c;,0.0,1591,1609
19,S717,FastMath.java,1467,b = b + d;,0.0,1591,1609
19,S718,FastMath.java,1469,c = a + lnm[1];,0.0,1591,1609
19,S719,FastMath.java,1470,d = -(c - a - lnm[1]);,0.0,1591,1609
19,S720,FastMath.java,1471,a = c;,0.0,1591,1609
19,S721,FastMath.java,1472,b = b + d;,0.0,1591,1609
19,S722,FastMath.java,1474,c = a + lnzb;,0.0,1591,1609
19,S723,FastMath.java,1475,d = -(c - a - lnzb);,0.0,1591,1609
19,S724,FastMath.java,1476,a = c;,0.0,1591,1609
19,S725,FastMath.java,1477,b = b + d;,0.0,1591,1609
19,S726,FastMath.java,1479,if (hiPrec != null) {,0.0,1591,1609
19,S727,FastMath.java,1480,hiPrec[0] = a;,0.0,1591,1609
19,S728,FastMath.java,1481,hiPrec[1] = b;,0.0,1591,1609
19,S729,FastMath.java,1484,return a + b;,0.0,1591,1609
19,S730,FastMath.java,1560,final double lns[] = new double[2];,0.0,1591,1609
19,S731,FastMath.java,1562,if (y == 0.0) {,0.0,1591,1609
19,S732,FastMath.java,1566,if (x != x) { // X is NaN,0.0,1591,1609
19,S733,FastMath.java,1571,if (x == 0) {,0.0,1591,1609
19,S734,FastMath.java,1600,if (x == Double.POSITIVE_INFINITY) {,0.0,1591,1609
19,S735,FastMath.java,1611,if (y == Double.POSITIVE_INFINITY) {,0.0,1591,1609
19,S736,FastMath.java,1623,if (x == Double.NEGATIVE_INFINITY) {,0.0,1591,1609
19,S737,FastMath.java,1647,if (y == Double.NEGATIVE_INFINITY) {,0.0,1591,1609
19,S738,FastMath.java,1661,if (x < 0) {,0.0,1591,1609
19,S739,FastMath.java,1678,if (y < 8e298 && y > -8e298) {,0.0,1591,1609
19,S740,FastMath.java,1679,double tmp1 = y * HEX_40000000;,0.0,1591,1609
19,S741,FastMath.java,1680,ya = y + tmp1 - tmp1;,0.0,1591,1609
19,S742,FastMath.java,1681,yb = y - ya;,0.0,1591,1609
19,S743,FastMath.java,1682,} else {,0.0,1591,1609
19,S744,FastMath.java,1690,"final double lores = log(x, lns);",0.0,1591,1609
19,S745,FastMath.java,1691,if (Double.isInfinite(lores)){ // don't allow this to be converted to NaN,0.0,1591,1609
19,S746,FastMath.java,1695,double lna = lns[0];,0.0,1591,1609
19,S747,FastMath.java,1696,double lnb = lns[1];,0.0,1591,1609
19,S748,FastMath.java,1699,double tmp1 = lna * HEX_40000000;,0.0,1591,1609
19,S749,FastMath.java,1700,double tmp2 = lna + tmp1 - tmp1;,0.0,1591,1609
19,S750,FastMath.java,1701,lnb += lna - tmp2;,0.0,1591,1609
19,S751,FastMath.java,1702,lna = tmp2;,0.0,1591,1609
19,S752,FastMath.java,1705,final double aa = lna * ya;,0.0,1591,1609
19,S753,FastMath.java,1706,final double ab = lna * yb + lnb * ya + lnb * yb;,0.0,1591,1609
19,S754,FastMath.java,1708,lna = aa+ab;,0.0,1591,1609
19,S755,FastMath.java,1709,lnb = -(lna - aa - ab);,0.0,1591,1609
19,S756,FastMath.java,1711,double z = 1.0 / 120.0;,0.0,1591,1609
19,S757,FastMath.java,1712,z = z * lnb + (1.0 / 24.0);,0.0,1591,1609
19,S758,FastMath.java,1713,z = z * lnb + (1.0 / 6.0);,0.0,1591,1609
19,S759,FastMath.java,1714,z = z * lnb + 0.5;,0.0,1591,1609
19,S760,FastMath.java,1715,z = z * lnb + 1.0;,0.0,1591,1609
19,S761,FastMath.java,1716,z = z * lnb;,0.0,1591,1609
19,S762,FastMath.java,1718,"final double result = exp(lna, z, null);",0.0,1591,1609
19,S763,FastMath.java,1720,return result;,0.0,1591,1609
19,S764,FastMath.java,1743,double x[] = new double[2];,0.0,1591,1609
19,S765,FastMath.java,1744,double x2[] = new double[2];,0.0,1591,1609
19,S766,FastMath.java,1745,double y[] = new double[2];,0.0,1591,1609
19,S767,FastMath.java,1746,double a[] = new double[2];,0.0,1591,1609
19,S768,FastMath.java,1748,"split(xi, x);",0.0,1591,1609
19,S769,FastMath.java,1751,x[0] += 1.0;,0.0,1591,1609
19,S770,FastMath.java,1752,resplit(x);,0.0,1591,1609
19,S771,FastMath.java,1753,"splitReciprocal(x, a);",0.0,1591,1609
19,S772,FastMath.java,1754,x[0] -= 2.0;,0.0,1591,1609
19,S773,FastMath.java,1755,resplit(x);,0.0,1591,1609
19,S774,FastMath.java,1756,"splitMult(x, a, y);",0.0,1591,1609
19,S775,FastMath.java,1757,x[0] = y[0];,0.0,1591,1609
19,S776,FastMath.java,1758,x[1] = y[1];,0.0,1591,1609
19,S777,FastMath.java,1761,"splitMult(x, x, x2);",0.0,1591,1609
19,S778,FastMath.java,1767,y[0] = LN_SPLIT_COEF[LN_SPLIT_COEF.length-1][0];,0.0,1591,1609
19,S779,FastMath.java,1768,y[1] = LN_SPLIT_COEF[LN_SPLIT_COEF.length-1][1];,0.0,1591,1609
19,S780,FastMath.java,1770,for (int i = LN_SPLIT_COEF.length-2; i >= 0; i--) {,0.0,1591,1609
19,S781,FastMath.java,1771,"splitMult(y, x2, a);",0.0,1591,1609
19,S782,FastMath.java,1772,y[0] = a[0];,0.0,1591,1609
19,S783,FastMath.java,1773,y[1] = a[1];,0.0,1591,1609
19,S784,FastMath.java,1774,"splitAdd(y, LN_SPLIT_COEF[i], a);",0.0,1591,1609
19,S785,FastMath.java,1775,y[0] = a[0];,0.0,1591,1609
19,S786,FastMath.java,1776,y[1] = a[1];,0.0,1591,1609
19,S787,FastMath.java,1779,"splitMult(y, x, a);",0.0,1591,1609
19,S788,FastMath.java,1780,y[0] = a[0];,0.0,1591,1609
19,S789,FastMath.java,1781,y[1] = a[1];,0.0,1591,1609
19,S790,FastMath.java,1783,return y;,0.0,1591,1609
19,S791,FastMath.java,1793,final double xs[] = new double[2];,0.0,1591,1609
19,S792,FastMath.java,1794,final double ys[] = new double[2];,0.0,1591,1609
19,S793,FastMath.java,1795,final double facts[] = new double[2];,0.0,1591,1609
19,S794,FastMath.java,1796,final double as[] = new double[2];,0.0,1591,1609
19,S795,FastMath.java,1797,"split(x, xs);",0.0,1591,1609
19,S796,FastMath.java,1798,ys[0] = ys[1] = 0.0;,0.0,1591,1609
19,S797,FastMath.java,1800,for (int i = 19; i >= 0; i--) {,0.0,1591,1609
19,S798,FastMath.java,1801,"splitMult(xs, ys, as);",0.0,1591,1609
19,S799,FastMath.java,1802,ys[0] = as[0]; ys[1] = as[1];,0.0,1591,1609
19,S800,FastMath.java,1804,if ( (i & 1) == 0) {,0.0,1591,1609
19,S801,FastMath.java,1805,continue;,0.0,1591,1609
19,S802,FastMath.java,1808,"split(FACT[i], as);",0.0,1591,1609
19,S803,FastMath.java,1809,"splitReciprocal(as, facts);",0.0,1591,1609
19,S804,FastMath.java,1811,if ( (i & 2) != 0 ) {,0.0,1591,1609
19,S805,FastMath.java,1812,facts[0] = -facts[0];,0.0,1591,1609
19,S806,FastMath.java,1813,facts[1] = -facts[1];,0.0,1591,1609
19,S807,FastMath.java,1816,"splitAdd(ys, facts, as);",0.0,1591,1609
19,S808,FastMath.java,1817,ys[0] = as[0]; ys[1] = as[1];,0.0,1591,1609
19,S809,FastMath.java,1820,if (result != null) {,0.0,1591,1609
19,S810,FastMath.java,1821,result[0] = ys[0];,0.0,1591,1609
19,S811,FastMath.java,1822,result[1] = ys[1];,0.0,1591,1609
19,S812,FastMath.java,1825,return ys[0] + ys[1];,0.0,1591,1609
19,S813,FastMath.java,1836,final double xs[] = new double[2];,0.0,1591,1609
19,S814,FastMath.java,1837,final double ys[] = new double[2];,0.0,1591,1609
19,S815,FastMath.java,1838,final double facts[] = new double[2];,0.0,1591,1609
19,S816,FastMath.java,1839,final double as[] = new double[2];,0.0,1591,1609
19,S817,FastMath.java,1840,"split(x, xs);",0.0,1591,1609
19,S818,FastMath.java,1841,ys[0] = ys[1] = 0.0;,0.0,1591,1609
19,S819,FastMath.java,1843,for (int i = 19; i >= 0; i--) {,0.0,1591,1609
19,S820,FastMath.java,1844,"splitMult(xs, ys, as);",0.0,1591,1609
19,S821,FastMath.java,1845,ys[0] = as[0]; ys[1] = as[1];,0.0,1591,1609
19,S822,FastMath.java,1847,if ( (i & 1) != 0) {,0.0,1591,1609
19,S823,FastMath.java,1848,continue;,0.0,1591,1609
19,S824,FastMath.java,1851,"split(FACT[i], as);",0.0,1591,1609
19,S825,FastMath.java,1852,"splitReciprocal(as, facts);",0.0,1591,1609
19,S826,FastMath.java,1854,if ( (i & 2) != 0 ) {,0.0,1591,1609
19,S827,FastMath.java,1855,facts[0] = -facts[0];,0.0,1591,1609
19,S828,FastMath.java,1856,facts[1] = -facts[1];,0.0,1591,1609
19,S829,FastMath.java,1859,"splitAdd(ys, facts, as);",0.0,1591,1609
19,S830,FastMath.java,1860,ys[0] = as[0]; ys[1] = as[1];,0.0,1591,1609
19,S831,FastMath.java,1863,if (result != null) {,0.0,1591,1609
19,S832,FastMath.java,1864,result[0] = ys[0];,0.0,1591,1609
19,S833,FastMath.java,1865,result[1] = ys[1];,0.0,1591,1609
19,S834,FastMath.java,1868,return ys[0] + ys[1];,0.0,1591,1609
19,S835,FastMath.java,1874,final double result[] = new double[2];,0.0,1591,1609
19,S836,FastMath.java,1877,for (int i = 0; i < 7; i++) {,0.0,1591,1609
19,S837,FastMath.java,1878,double x = i / 8.0;,0.0,1591,1609
19,S838,FastMath.java,1880,"slowSin(x, result);",0.0,1591,1609
19,S839,FastMath.java,1881,SINE_TABLE_A[i] = result[0];,0.0,1591,1609
19,S840,FastMath.java,1882,SINE_TABLE_B[i] = result[1];,0.0,1591,1609
19,S841,FastMath.java,1884,"slowCos(x, result);",0.0,1591,1609
19,S842,FastMath.java,1885,COSINE_TABLE_A[i] = result[0];,0.0,1591,1609
19,S843,FastMath.java,1886,COSINE_TABLE_B[i] = result[1];,0.0,1591,1609
19,S844,FastMath.java,1890,for (int i = 7; i < 14; i++) {,0.0,1591,1609
19,S845,FastMath.java,1891,double xs[] = new double[2];,0.0,1591,1609
19,S846,FastMath.java,1892,double ys[] = new double[2];,0.0,1591,1609
19,S847,FastMath.java,1893,double as[] = new double[2];,0.0,1591,1609
19,S848,FastMath.java,1894,double bs[] = new double[2];,0.0,1591,1609
19,S849,FastMath.java,1895,double temps[] = new double[2];,0.0,1591,1609
19,S850,FastMath.java,1897,if ( (i & 1) == 0) {,0.0,1591,1609
19,S851,FastMath.java,1899,xs[0] = SINE_TABLE_A[i/2];,0.0,1591,1609
19,S852,FastMath.java,1900,xs[1] = SINE_TABLE_B[i/2];,0.0,1591,1609
19,S853,FastMath.java,1901,ys[0] = COSINE_TABLE_A[i/2];,0.0,1591,1609
19,S854,FastMath.java,1902,ys[1] = COSINE_TABLE_B[i/2];,0.0,1591,1609
19,S855,FastMath.java,1905,"splitMult(xs, ys, result);",0.0,1591,1609
19,S856,FastMath.java,1906,SINE_TABLE_A[i] = result[0] * 2.0;,0.0,1591,1609
19,S857,FastMath.java,1907,SINE_TABLE_B[i] = result[1] * 2.0;,0.0,1591,1609
19,S858,FastMath.java,1910,"splitMult(ys, ys, as);",0.0,1591,1609
19,S859,FastMath.java,1911,"splitMult(xs, xs, temps);",0.0,1591,1609
19,S860,FastMath.java,1912,temps[0] = -temps[0];,0.0,1591,1609
19,S861,FastMath.java,1913,temps[1] = -temps[1];,0.0,1591,1609
19,S862,FastMath.java,1914,"splitAdd(as, temps, result);",0.0,1591,1609
19,S863,FastMath.java,1915,COSINE_TABLE_A[i] = result[0];,0.0,1591,1609
19,S864,FastMath.java,1916,COSINE_TABLE_B[i] = result[1];,0.0,1591,1609
19,S865,FastMath.java,1918,xs[0] = SINE_TABLE_A[i/2];,0.0,1591,1609
19,S866,FastMath.java,1919,xs[1] = SINE_TABLE_B[i/2];,0.0,1591,1609
19,S867,FastMath.java,1920,ys[0] = COSINE_TABLE_A[i/2];,0.0,1591,1609
19,S868,FastMath.java,1921,ys[1] = COSINE_TABLE_B[i/2];,0.0,1591,1609
19,S869,FastMath.java,1922,as[0] = SINE_TABLE_A[i/2+1];,0.0,1591,1609
19,S870,FastMath.java,1923,as[1] = SINE_TABLE_B[i/2+1];,0.0,1591,1609
19,S871,FastMath.java,1924,bs[0] = COSINE_TABLE_A[i/2+1];,0.0,1591,1609
19,S872,FastMath.java,1925,bs[1] = COSINE_TABLE_B[i/2+1];,0.0,1591,1609
19,S873,FastMath.java,1928,"splitMult(xs, bs, temps);",0.0,1591,1609
19,S874,FastMath.java,1929,"splitMult(ys, as, result);",0.0,1591,1609
19,S875,FastMath.java,1930,"splitAdd(result, temps, result);",0.0,1591,1609
19,S876,FastMath.java,1931,SINE_TABLE_A[i] = result[0];,0.0,1591,1609
19,S877,FastMath.java,1932,SINE_TABLE_B[i] = result[1];,0.0,1591,1609
19,S878,FastMath.java,1935,"splitMult(ys, bs, result);",0.0,1591,1609
19,S879,FastMath.java,1936,"splitMult(xs, as, temps);",0.0,1591,1609
19,S880,FastMath.java,1937,temps[0] = -temps[0];,0.0,1591,1609
19,S881,FastMath.java,1938,temps[1] = -temps[1];,0.0,1591,1609
19,S882,FastMath.java,1939,"splitAdd(result, temps, result);",0.0,1591,1609
19,S883,FastMath.java,1940,COSINE_TABLE_A[i] = result[0];,0.0,1591,1609
19,S884,FastMath.java,1941,COSINE_TABLE_B[i] = result[1];,0.0,1591,1609
19,S885,FastMath.java,1946,for (int i = 0; i < 14; i++) {,0.0,1591,1609
19,S886,FastMath.java,1947,double xs[] = new double[2];,0.0,1591,1609
19,S887,FastMath.java,1948,double ys[] = new double[2];,0.0,1591,1609
19,S888,FastMath.java,1949,double as[] = new double[2];,0.0,1591,1609
19,S889,FastMath.java,1951,as[0] = COSINE_TABLE_A[i];,0.0,1591,1609
19,S890,FastMath.java,1952,as[1] = COSINE_TABLE_B[i];,0.0,1591,1609
19,S891,FastMath.java,1954,"splitReciprocal(as, ys);",0.0,1591,1609
19,S892,FastMath.java,1956,xs[0] = SINE_TABLE_A[i];,0.0,1591,1609
19,S893,FastMath.java,1957,xs[1] = SINE_TABLE_B[i];,0.0,1591,1609
19,S894,FastMath.java,1959,"splitMult(xs, ys, as);",0.0,1591,1609
19,S895,FastMath.java,1961,TANGENT_TABLE_A[i] = as[0];,0.0,1591,1609
19,S896,FastMath.java,1962,TANGENT_TABLE_B[i] = as[1];,0.0,1591,1609
19,S897,FastMath.java,1975,double x2 = x*x;,0.0,1591,1609
19,S898,FastMath.java,1977,double p = 2.7553817452272217E-6;,0.0,1591,1609
19,S899,FastMath.java,1978,p = p * x2 + -1.9841269659586505E-4;,0.0,1591,1609
19,S900,FastMath.java,1979,p = p * x2 + 0.008333333333329196;,0.0,1591,1609
19,S901,FastMath.java,1980,p = p * x2 + -0.16666666666666666;,0.0,1591,1609
19,S902,FastMath.java,1983,p = p * x2 * x;,0.0,1591,1609
19,S903,FastMath.java,1985,return p;,0.0,1591,1609
19,S904,FastMath.java,1995,double x2 = x*x;,0.0,1591,1609
19,S905,FastMath.java,1997,double p = 2.479773539153719E-5;,0.0,1591,1609
19,S906,FastMath.java,1998,p = p * x2 + -0.0013888888689039883;,0.0,1591,1609
19,S907,FastMath.java,1999,p = p * x2 + 0.041666666666621166;,0.0,1591,1609
19,S908,FastMath.java,2000,p = p * x2 + -0.49999999999999994;,0.0,1591,1609
19,S909,FastMath.java,2001,p *= x2;,0.0,1591,1609
19,S910,FastMath.java,2003,return p;,0.0,1591,1609
19,S911,FastMath.java,2014,int idx = (int) ((xa * 8.0) + 0.5);,0.0,1591,1609
19,S912,FastMath.java,2015,final double epsilon = xa - EIGHTHS[idx]; //idx*0.125;,0.0,1591,1609
19,S913,FastMath.java,2018,final double sintA = SINE_TABLE_A[idx];,0.0,1591,1609
19,S914,FastMath.java,2019,final double sintB = SINE_TABLE_B[idx];,0.0,1591,1609
19,S915,FastMath.java,2020,final double costA = COSINE_TABLE_A[idx];,0.0,1591,1609
19,S916,FastMath.java,2021,final double costB = COSINE_TABLE_B[idx];,0.0,1591,1609
19,S917,FastMath.java,2024,double sinEpsA = epsilon;,0.0,1591,1609
19,S918,FastMath.java,2025,double sinEpsB = polySine(epsilon);,0.0,1591,1609
19,S919,FastMath.java,2026,final double cosEpsA = 1.0;,0.0,1591,1609
19,S920,FastMath.java,2027,final double cosEpsB = polyCosine(epsilon);,0.0,1591,1609
19,S921,FastMath.java,2030,final double temp = sinEpsA * HEX_40000000;,0.0,1591,1609
19,S922,FastMath.java,2031,double temp2 = (sinEpsA + temp) - temp;,0.0,1591,1609
19,S923,FastMath.java,2032,sinEpsB +=  sinEpsA - temp2;,0.0,1591,1609
19,S924,FastMath.java,2033,sinEpsA = temp2;,0.0,1591,1609
19,S925,FastMath.java,2059,double a = 0;,0.0,1591,1609
19,S926,FastMath.java,2060,double b = 0;,0.0,1591,1609
19,S927,FastMath.java,2062,double t = sintA;,0.0,1591,1609
19,S928,FastMath.java,2063,double c = a + t;,0.0,1591,1609
19,S929,FastMath.java,2064,double d = -(c - a - t);,0.0,1591,1609
19,S930,FastMath.java,2065,a = c;,0.0,1591,1609
19,S931,FastMath.java,2066,b = b + d;,0.0,1591,1609
19,S932,FastMath.java,2068,t = costA * sinEpsA;,0.0,1591,1609
19,S933,FastMath.java,2069,c = a + t;,0.0,1591,1609
19,S934,FastMath.java,2070,d = -(c - a - t);,0.0,1591,1609
19,S935,FastMath.java,2071,a = c;,0.0,1591,1609
19,S936,FastMath.java,2072,b = b + d;,0.0,1591,1609
19,S937,FastMath.java,2074,b = b + sintA * cosEpsB + costA * sinEpsB;,0.0,1591,1609
19,S938,FastMath.java,2089,b = b + sintB + costB * sinEpsA + sintB * cosEpsB + costB * sinEpsB;,0.0,1591,1609
19,S939,FastMath.java,2116,if (xb != 0.0) {,0.0,1591,1609
19,S940,FastMath.java,2117,t = ((costA + costB) * (cosEpsA + cosEpsB) -,0.0,1591,1609
19,S941,FastMath.java,2119,c = a + t;,0.0,1591,1609
19,S942,FastMath.java,2120,d = -(c - a - t);,0.0,1591,1609
19,S943,FastMath.java,2121,a = c;,0.0,1591,1609
19,S944,FastMath.java,2122,b = b + d;,0.0,1591,1609
19,S945,FastMath.java,2125,result = a + b;,0.0,1591,1609
19,S946,FastMath.java,2127,return result;,0.0,1591,1609
19,S947,FastMath.java,2138,final double pi2a = 1.5707963267948966;,0.0,1591,1609
19,S948,FastMath.java,2139,final double pi2b = 6.123233995736766E-17;,0.0,1591,1609
19,S949,FastMath.java,2141,final double a = pi2a - xa;,0.0,1591,1609
19,S950,FastMath.java,2142,double b = -(a - pi2a + xa);,0.0,1591,1609
19,S951,FastMath.java,2143,b += pi2b - xb;,0.0,1591,1609
19,S952,FastMath.java,2145,"return sinQ(a, b);",0.0,1591,1609
19,S953,FastMath.java,2522,boolean negative = false;,0.0,1591,1609
19,S954,FastMath.java,2523,int quadrant = 0;,0.0,1591,1609
19,S955,FastMath.java,2525,double xb = 0.0;,0.0,1591,1609
19,S956,FastMath.java,2528,xa = x;,0.0,1591,1609
19,S957,FastMath.java,2529,if (x < 0) {,0.0,1591,1609
19,S958,FastMath.java,2530,negative = true;,0.0,1591,1609
19,S959,FastMath.java,2531,xa = -xa;,0.0,1591,1609
19,S960,FastMath.java,2535,if (xa == 0.0) {,0.0,1591,1609
19,S961,FastMath.java,2536,long bits = Double.doubleToLongBits(x);,0.0,1591,1609
19,S962,FastMath.java,2537,if (bits < 0) {,0.0,1591,1609
19,S963,FastMath.java,2540,return 0.0;,0.0,1591,1609
19,S964,FastMath.java,2543,if (xa != xa || xa == Double.POSITIVE_INFINITY) {,0.0,1591,1609
19,S965,FastMath.java,2544,return Double.NaN;,0.0,1591,1609
19,S966,FastMath.java,2548,if (xa > 3294198.0) {,0.0,1591,1609
19,S967,FastMath.java,2562,int k = (int)(xa * 0.6366197723675814);,0.0,1591,1609
19,S968,FastMath.java,2568,double a = -k * 1.570796251296997;,0.0,1591,1609
19,S969,FastMath.java,2569,remA = xa + a;,0.0,1591,1609
19,S970,FastMath.java,2570,remB = -(remA - xa - a);,0.0,1591,1609
19,S971,FastMath.java,2572,a = -k * 7.549789948768648E-8;,0.0,1591,1609
19,S972,FastMath.java,2573,double b = remA;,0.0,1591,1609
19,S973,FastMath.java,2574,remA = a + b;,0.0,1591,1609
19,S974,FastMath.java,2575,remB += -(remA - b - a);,0.0,1591,1609
19,S975,FastMath.java,2577,a = -k * 6.123233995736766E-17;,0.0,1591,1609
19,S976,FastMath.java,2578,b = remA;,0.0,1591,1609
19,S977,FastMath.java,2579,remA = a + b;,0.0,1591,1609
19,S978,FastMath.java,2580,remB += -(remA - b - a);,0.0,1591,1609
19,S979,FastMath.java,2582,if (remA > 0.0) {,0.0,1591,1609
19,S980,FastMath.java,2583,break;,0.0,1591,1609
19,S981,FastMath.java,2589,k--;,0.0,1591,1609
19,S982,FastMath.java,2591,quadrant = k & 3;,0.0,1591,1609
19,S983,FastMath.java,2592,xa = remA;,0.0,1591,1609
19,S984,FastMath.java,2593,xb = remB;,0.0,1591,1609
19,S985,FastMath.java,2596,if (negative) {,0.0,1591,1609
19,S986,FastMath.java,2597,quadrant ^= 2;  // Flip bit 1,0.0,1591,1609
19,S987,FastMath.java,2600,switch (quadrant) {,0.0,1591,1609
19,S988,FastMath.java,2602,"return sinQ(xa, xb);",0.0,1591,1609
19,S989,FastMath.java,2604,"return cosQ(xa, xb);",0.0,1591,1609
19,S990,FastMath.java,2606,"return -sinQ(xa, xb);",0.0,1591,1609
19,S991,FastMath.java,2608,"return -cosQ(xa, xb);",0.0,1591,1609
19,S992,FastMath.java,2620,int quadrant = 0;,0.0,1591,1609
19,S993,FastMath.java,2623,double xa = x;,0.0,1591,1609
19,S994,FastMath.java,2624,if (x < 0) {,0.0,1591,1609
19,S995,FastMath.java,2625,xa = -xa;,0.0,1591,1609
19,S996,FastMath.java,2628,if (xa != xa || xa == Double.POSITIVE_INFINITY) {,0.0,1591,1609
19,S997,FastMath.java,2629,return Double.NaN;,0.0,1591,1609
19,S998,FastMath.java,2633,double xb = 0;,0.0,1591,1609
19,S999,FastMath.java,2634,if (xa > 3294198.0) {,0.0,1591,1609
19,S1000,FastMath.java,2648,int k = (int)(xa * 0.6366197723675814);,0.0,1591,1609
19,S1001,FastMath.java,2654,double a = -k * 1.570796251296997;,0.0,1591,1609
19,S1002,FastMath.java,2655,remA = xa + a;,0.0,1591,1609
19,S1003,FastMath.java,2656,remB = -(remA - xa - a);,0.0,1591,1609
19,S1004,FastMath.java,2658,a = -k * 7.549789948768648E-8;,0.0,1591,1609
19,S1005,FastMath.java,2659,double b = remA;,0.0,1591,1609
19,S1006,FastMath.java,2660,remA = a + b;,0.0,1591,1609
19,S1007,FastMath.java,2661,remB += -(remA - b - a);,0.0,1591,1609
19,S1008,FastMath.java,2663,a = -k * 6.123233995736766E-17;,0.0,1591,1609
19,S1009,FastMath.java,2664,b = remA;,0.0,1591,1609
19,S1010,FastMath.java,2665,remA = a + b;,0.0,1591,1609
19,S1011,FastMath.java,2666,remB += -(remA - b - a);,0.0,1591,1609
19,S1012,FastMath.java,2668,if (remA > 0.0) {,0.0,1591,1609
19,S1013,FastMath.java,2669,break;,0.0,1591,1609
19,S1014,FastMath.java,2675,k--;,0.0,1591,1609
19,S1015,FastMath.java,2677,quadrant = k & 3;,0.0,1591,1609
19,S1016,FastMath.java,2678,xa = remA;,0.0,1591,1609
19,S1017,FastMath.java,2679,xb = remB;,0.0,1591,1609
19,S1018,FastMath.java,2685,switch (quadrant) {,0.0,1591,1609
19,S1019,FastMath.java,2687,"return cosQ(xa, xb);",0.0,1591,1609
19,S1020,FastMath.java,2689,"return -sinQ(xa, xb);",0.0,1591,1609
19,S1021,FastMath.java,2691,"return -cosQ(xa, xb);",0.0,1591,1609
19,S1022,FastMath.java,2693,"return sinQ(xa, xb);",0.0,1591,1609
19,S1023,FastMath.java,2823,boolean negate = false;,0.0,1591,1609
19,S1024,FastMath.java,2826,if (xa == 0.0) { // Matches +/- 0.0; return correct sign,0.0,1591,1609
19,S1025,FastMath.java,2830,if (xa < 0) {,0.0,1591,1609
19,S1026,FastMath.java,2832,xa = -xa;,0.0,1591,1609
19,S1027,FastMath.java,2833,xb = -xb;,0.0,1591,1609
19,S1028,FastMath.java,2834,negate = true;,0.0,1591,1609
19,S1029,FastMath.java,2837,if (xa > 1.633123935319537E16) { // Very large input,0.0,1591,1609
19,S1030,FastMath.java,2842,if (xa < 1.0) {,0.0,1591,1609
19,S1031,FastMath.java,2843,idx = (int) (((-1.7168146928204136 * xa * xa + 8.0) * xa) + 0.5);,0.0,1591,1609
19,S1032,FastMath.java,2845,double temp = 1.0/xa;,0.0,1591,1609
19,S1033,FastMath.java,2846,idx = (int) (-((-1.7168146928204136 * temp * temp + 8.0) * temp) + 13.07);,0.0,1591,1609
19,S1034,FastMath.java,2848,double epsA = xa - TANGENT_TABLE_A[idx];,0.0,1591,1609
19,S1035,FastMath.java,2849,double epsB = -(epsA - xa + TANGENT_TABLE_A[idx]);,0.0,1591,1609
19,S1036,FastMath.java,2850,epsB += xb - TANGENT_TABLE_B[idx];,0.0,1591,1609
19,S1037,FastMath.java,2852,double temp = epsA + epsB;,0.0,1591,1609
19,S1038,FastMath.java,2853,epsB = -(temp - epsA - epsB);,0.0,1591,1609
19,S1039,FastMath.java,2854,epsA = temp;,0.0,1591,1609
19,S1040,FastMath.java,2857,temp = xa * HEX_40000000;,0.0,1591,1609
19,S1041,FastMath.java,2858,double ya = xa + temp - temp;,0.0,1591,1609
19,S1042,FastMath.java,2859,double yb = xb + xa - ya;,0.0,1591,1609
19,S1043,FastMath.java,2860,xa = ya;,0.0,1591,1609
19,S1044,FastMath.java,2861,xb += yb;,0.0,1591,1609
19,S1045,FastMath.java,2864,if (idx == 0) {,0.0,1591,1609
19,S1046,FastMath.java,2872,double temp2 = xa * TANGENT_TABLE_A[idx];,0.0,1591,1609
19,S1047,FastMath.java,2873,double za = 1.0 + temp2;,0.0,1591,1609
19,S1048,FastMath.java,2874,double zb = -(za - 1.0 - temp2);,0.0,1591,1609
19,S1049,FastMath.java,2875,temp2 = xb * TANGENT_TABLE_A[idx] + xa * TANGENT_TABLE_B[idx];,0.0,1591,1609
19,S1050,FastMath.java,2876,temp = za + temp2;,0.0,1591,1609
19,S1051,FastMath.java,2877,zb += -(temp - za - temp2);,0.0,1591,1609
19,S1052,FastMath.java,2878,za = temp;,0.0,1591,1609
19,S1053,FastMath.java,2880,zb += xb * TANGENT_TABLE_B[idx];,0.0,1591,1609
19,S1054,FastMath.java,2881,ya = epsA / za;,0.0,1591,1609
19,S1055,FastMath.java,2883,temp = ya * HEX_40000000;,0.0,1591,1609
19,S1056,FastMath.java,2884,final double yaa = (ya + temp) - temp;,0.0,1591,1609
19,S1057,FastMath.java,2885,final double yab = ya - yaa;,0.0,1591,1609
19,S1058,FastMath.java,2887,temp = za * HEX_40000000;,0.0,1591,1609
19,S1059,FastMath.java,2888,final double zaa = (za + temp) - temp;,0.0,1591,1609
19,S1060,FastMath.java,2889,final double zab = za - zaa;,0.0,1591,1609
19,S1061,FastMath.java,2892,yb = (epsA - yaa * zaa - yaa * zab - yab * zaa - yab * zab) / za;,0.0,1591,1609
19,S1062,FastMath.java,2894,yb += -epsA * zb / za / za;,0.0,1591,1609
19,S1063,FastMath.java,2895,yb += epsB / za;,0.0,1591,1609
19,S1064,FastMath.java,2899,epsA = ya;,0.0,1591,1609
19,S1065,FastMath.java,2900,epsB = yb;,0.0,1591,1609
19,S1066,FastMath.java,2903,double epsA2 = epsA*epsA;,0.0,1591,1609
19,S1067,FastMath.java,2914,yb = 0.07490822288864472;,0.0,1591,1609
19,S1068,FastMath.java,2915,yb = yb * epsA2 + -0.09088450866185192;,0.0,1591,1609
19,S1069,FastMath.java,2916,yb = yb * epsA2 + 0.11111095942313305;,0.0,1591,1609
19,S1070,FastMath.java,2917,yb = yb * epsA2 + -0.1428571423679182;,0.0,1591,1609
19,S1071,FastMath.java,2918,yb = yb * epsA2 + 0.19999999999923582;,0.0,1591,1609
19,S1072,FastMath.java,2919,yb = yb * epsA2 + -0.33333333333333287;,0.0,1591,1609
19,S1073,FastMath.java,2920,yb = yb * epsA2 * epsA;,0.0,1591,1609
19,S1074,FastMath.java,2923,ya = epsA;,0.0,1591,1609
19,S1075,FastMath.java,2925,temp = ya + yb;,0.0,1591,1609
19,S1076,FastMath.java,2926,yb = -(temp - ya - yb);,0.0,1591,1609
19,S1077,FastMath.java,2927,ya = temp;,0.0,1591,1609
19,S1078,FastMath.java,2930,yb += epsB / (1.0 + epsA * epsA);,0.0,1591,1609
19,S1079,FastMath.java,2936,double za = EIGHTHS[idx] + ya;,0.0,1591,1609
19,S1080,FastMath.java,2937,double zb = -(za - EIGHTHS[idx] - ya);,0.0,1591,1609
19,S1081,FastMath.java,2938,temp = za + yb;,0.0,1591,1609
19,S1082,FastMath.java,2939,zb += -(temp - za - yb);,0.0,1591,1609
19,S1083,FastMath.java,2940,za = temp;,0.0,1591,1609
19,S1084,FastMath.java,2942,result = za + zb;,0.0,1591,1609
19,S1085,FastMath.java,2943,resultb = -(result - za - zb);,0.0,1591,1609
19,S1086,FastMath.java,2945,if (leftPlane) {,0.0,1591,1609
19,S1087,FastMath.java,2947,final double pia = 1.5707963267948966*2.0;,0.0,1591,1609
19,S1088,FastMath.java,2948,final double pib = 6.123233995736766E-17*2.0;,0.0,1591,1609
19,S1089,FastMath.java,2950,za = pia - result;,0.0,1591,1609
19,S1090,FastMath.java,2951,zb = -(za - pia + result);,0.0,1591,1609
19,S1091,FastMath.java,2952,zb += pib - resultb;,0.0,1591,1609
19,S1092,FastMath.java,2954,result = za + zb;,0.0,1591,1609
19,S1093,FastMath.java,2955,resultb = -(result - za - zb);,0.0,1591,1609
19,S1094,FastMath.java,2959,if (negate ^ leftPlane) {,0.0,1591,1609
19,S1095,FastMath.java,2960,result = -result;,0.0,1591,1609
19,S1096,FastMath.java,2963,return result;,0.0,1591,1609
19,S1097,FastMath.java,2973,if (x !=x || y != y) {,0.0,1591,1609
19,S1098,FastMath.java,2974,return Double.NaN;,0.0,1591,1609
19,S1099,FastMath.java,2977,if (y == 0.0) {,0.0,1591,1609
19,S1100,FastMath.java,2978,double result = x*y;,0.0,1591,1609
19,S1101,FastMath.java,2979,double invx = 1.0/x;,0.0,1591,1609
19,S1102,FastMath.java,2980,double invy = 1.0/y;,0.0,1591,1609
19,S1103,FastMath.java,2982,if (invx == 0.0) { // X is infinite,0.0,1591,1609
19,S1104,FastMath.java,2983,if (x > 0) {,0.0,1591,1609
19,S1105,FastMath.java,2984,return y; // return +/- 0.0,0.0,1591,1609
19,S1106,FastMath.java,2990,if (x < 0.0 || invx < 0.0) {,0.0,1591,1609
19,S1107,FastMath.java,2991,if (y < 0.0 || invy < 0.0) {,0.0,1591,1609
19,S1108,FastMath.java,2994,return Math.PI;,0.0,1591,1609
19,S1109,FastMath.java,2997,return result;,0.0,1591,1609
19,S1110,FastMath.java,3003,if (y == Double.POSITIVE_INFINITY) {,0.0,1591,1609
19,S1111,FastMath.java,3004,if (x == Double.POSITIVE_INFINITY) {,0.0,1591,1609
19,S1112,FastMath.java,3005,return Math.PI/4.0;,0.0,1591,1609
19,S1113,FastMath.java,3008,if (x == Double.NEGATIVE_INFINITY) {,0.0,1591,1609
19,S1114,FastMath.java,3009,return Math.PI*3.0/4.0;,0.0,1591,1609
19,S1115,FastMath.java,3012,return Math.PI/2.0;,0.0,1591,1609
19,S1116,FastMath.java,3015,if (y == Double.NEGATIVE_INFINITY) {,0.0,1591,1609
19,S1117,FastMath.java,3016,if (x == Double.POSITIVE_INFINITY) {,0.0,1591,1609
19,S1118,FastMath.java,3017,return -Math.PI/4.0;,0.0,1591,1609
19,S1119,FastMath.java,3020,if (x == Double.NEGATIVE_INFINITY) {,0.0,1591,1609
19,S1120,FastMath.java,3021,return -Math.PI*3.0/4.0;,0.0,1591,1609
19,S1121,FastMath.java,3024,return -Math.PI/2.0;,0.0,1591,1609
19,S1122,FastMath.java,3027,if (x == Double.POSITIVE_INFINITY) {,0.0,1591,1609
19,S1123,FastMath.java,3028,if (y > 0.0 || 1/y > 0.0) {,0.0,1591,1609
19,S1124,FastMath.java,3029,return 0.0;,0.0,1591,1609
19,S1125,FastMath.java,3037,if (x == Double.NEGATIVE_INFINITY),0.0,1591,1609
19,S1126,FastMath.java,3039,if (y > 0.0 || 1/y > 0.0) {,0.0,1591,1609
19,S1127,FastMath.java,3040,return Math.PI;,0.0,1591,1609
19,S1128,FastMath.java,3050,if (x == 0) {,0.0,1591,1609
19,S1129,FastMath.java,3051,if (y > 0.0 || 1/y > 0.0) {,0.0,1591,1609
19,S1130,FastMath.java,3052,return Math.PI/2.0;,0.0,1591,1609
19,S1131,FastMath.java,3055,if (y < 0.0 || 1/y < 0.0) {,0.0,1591,1609
19,S1132,FastMath.java,3056,return -Math.PI/2.0;,0.0,1591,1609
19,S1133,FastMath.java,3061,final double r = y/x;,0.0,1591,1609
19,S1134,FastMath.java,3062,if (Double.isInfinite(r)) { // bypass calculations that can create NaN,0.0,1591,1609
19,S1135,FastMath.java,3066,double ra = doubleHighPart(r);,0.0,1591,1609
19,S1136,FastMath.java,3067,double rb = r - ra;,0.0,1591,1609
19,S1137,FastMath.java,3070,final double xa = doubleHighPart(x);,0.0,1591,1609
19,S1138,FastMath.java,3071,final double xb = x - xa;,0.0,1591,1609
19,S1139,FastMath.java,3073,rb += (y - ra * xa - ra * xb - rb * xa - rb * xb) / x;,0.0,1591,1609
19,S1140,FastMath.java,3075,double temp = ra + rb;,0.0,1591,1609
19,S1141,FastMath.java,3076,rb = -(temp - ra - rb);,0.0,1591,1609
19,S1142,FastMath.java,3077,ra = temp;,0.0,1591,1609
19,S1143,FastMath.java,3079,if (ra == 0) { // Fix up the sign so atan works correctly,0.0,1591,1609
19,S1144,FastMath.java,3084,"double result = atan(ra, rb, x < 0);",0.0,1591,1609
19,S1145,FastMath.java,3086,return result;,0.0,1591,1609
19,S1146,FastMath.java,3170,if (x != x) {,0.0,1591,1609
19,S1147,FastMath.java,3174,if (x > 1.0 || x < -1.0) {,0.0,1591,1609
19,S1148,FastMath.java,3178,if (x == -1.0) {,0.0,1591,1609
19,S1149,FastMath.java,3182,if (x == 1.0) {,0.0,1591,1609
19,S1150,FastMath.java,3186,if (x == 0) {,0.0,1591,1609
19,S1151,FastMath.java,3187,return Math.PI/2.0;,0.0,1591,1609
19,S1152,FastMath.java,3383,return (x < 0) ? -x : x;,0.0,1591,1609
19,S1153,FastMath.java,3410,return (x < 0.0) ? -x : (x == 0.0) ? 0.0 : x; // -0.0 => +0.0,0.0,1591,1609
19,S1154,FastMath.java,3925,if (a > b) {,0.0,1591,1609
19,S1155,FastMath.java,3926,return a;,0.0,1591,1609
19,S1156,FastMath.java,3928,if (a < b) {,0.0,1591,1609
19,S1157,FastMath.java,3929,return b;,0.0,1591,1609
19,S1158,FastSineTransformer.java,49,super();,0.0,1591,1609
19,S1159,FastSineTransformer.java,64,return fst(f);,0.0,1591,1609
19,S1160,FastSineTransformer.java,86,"double data[] = FastFourierTransformer.sample(f, min, max, n);",0.0,1591,1609
19,S1161,FastSineTransformer.java,87,data[0] = 0.0;,0.0,1591,1609
19,S1162,FastSineTransformer.java,88,return fst(data);,0.0,1591,1609
19,S1163,FastSineTransformer.java,103,double scaling_coefficient = FastMath.sqrt(2.0 / f.length);,0.0,1591,1609
19,S1164,FastSineTransformer.java,104,"return FastFourierTransformer.scaleArray(fst(f), scaling_coefficient);",0.0,1591,1609
19,S1165,FastSineTransformer.java,144,double scaling_coefficient = 2.0 / f.length;,0.0,1591,1609
19,S1166,FastSineTransformer.java,145,"return FastFourierTransformer.scaleArray(fst(f), scaling_coefficient);",0.0,1591,1609
19,S1167,FastSineTransformer.java,183,return transform2(f);,0.0,1591,1609
19,S1168,FastSineTransformer.java,215,final double transformed[] = new double[f.length];,0.0,1591,1609
19,S1169,FastSineTransformer.java,217,FastFourierTransformer.verifyDataSet(f);,0.0,1591,1609
19,S1170,FastSineTransformer.java,218,if (f[0] != 0.0) {,0.0,1591,1609
19,S1171,FastSineTransformer.java,223,final int n = f.length;,0.0,1591,1609
19,S1172,FastSineTransformer.java,224,if (n == 1) {       // trivial case,0.0,1591,1609
19,S1173,FastSineTransformer.java,230,final double[] x = new double[n];,0.0,1591,1609
19,S1174,FastSineTransformer.java,231,x[0] = 0.0;,0.0,1591,1609
19,S1175,FastSineTransformer.java,232,x[n >> 1] = 2.0 * f[n >> 1];,0.0,1591,1609
19,S1176,FastSineTransformer.java,233,for (int i = 1; i < (n >> 1); i++) {,0.0,1591,1609
19,S1177,FastSineTransformer.java,234,final double a = FastMath.sin(i * FastMath.PI / n) * (f[i] + f[n-i]);,0.0,1591,1609
19,S1178,FastSineTransformer.java,235,final double b = 0.5 * (f[i] - f[n-i]);,0.0,1591,1609
19,S1179,FastSineTransformer.java,236,x[i]     = a + b;,0.0,1591,1609
19,S1180,FastSineTransformer.java,237,x[n - i] = a - b;,0.0,1591,1609
19,S1181,FastSineTransformer.java,239,FastFourierTransformer transformer = new FastFourierTransformer();,0.0,1591,1609
19,S1182,FastSineTransformer.java,240,Complex y[] = transformer.transform(x);,0.0,1591,1609
19,S1183,FastSineTransformer.java,243,transformed[0] = 0.0;,0.0,1591,1609
19,S1184,FastSineTransformer.java,244,transformed[1] = 0.5 * y[0].getReal();,0.0,1591,1609
19,S1185,FastSineTransformer.java,245,for (int i = 1; i < (n >> 1); i++) {,0.0,1591,1609
19,S1186,FastSineTransformer.java,246,transformed[2 * i]     = -y[i].getImaginary();,0.0,1591,1609
19,S1187,FastSineTransformer.java,247,transformed[2 * i + 1] = y[i].getReal() + transformed[2 * i - 1];,0.0,1591,1609
19,S1188,FastSineTransformer.java,250,return transformed;,0.0,1591,1609
19,S1189,Incrementor.java,28,public class Incrementor {,0.0,1591,1609
19,S1190,Incrementor.java,44,maximalCount = max;,0.0,1591,1609
19,S1191,Incrementor.java,84,if (++count > maximalCount) {,0.0,1591,1609
19,S1192,Incrementor.java,93,count = 0;,0.0,1591,1609
19,S1193,LaguerreSolver.java,45,protected ComplexSolver complexSolver = new ComplexSolver();,0.0,1591,1609
19,S1194,LaguerreSolver.java,51,this(DEFAULT_ABSOLUTE_ACCURACY);,0.0,1591,1609
19,S1195,LaguerreSolver.java,59,super(absoluteAccuracy);,0.0,1591,1609
19,S1196,LaguerreSolver.java,89,double min = getMin();,0.0,1591,1609
19,S1197,LaguerreSolver.java,90,double max = getMax();,0.0,1591,1609
19,S1198,LaguerreSolver.java,91,double initial = getStartValue();,0.0,1591,1609
19,S1199,LaguerreSolver.java,92,final double functionValueAccuracy = getFunctionValueAccuracy();,0.0,1591,1609
19,S1200,LaguerreSolver.java,94,"verifySequence(min, initial, max);",0.0,1591,1609
19,S1201,LaguerreSolver.java,97,double yInitial = computeObjectiveValue(initial);,0.0,1591,1609
19,S1202,LaguerreSolver.java,98,if (FastMath.abs(yInitial) <= functionValueAccuracy) {,0.0,1591,1609
19,S1203,LaguerreSolver.java,103,double yMin = computeObjectiveValue(min);,0.0,1591,1609
19,S1204,LaguerreSolver.java,104,if (FastMath.abs(yMin) <= functionValueAccuracy) {,0.0,1591,1609
19,S1205,LaguerreSolver.java,109,if (yInitial * yMin < 0) {,0.0,1591,1609
19,S1206,LaguerreSolver.java,110,"return laguerre(min, initial, yMin, yInitial);",0.0,1591,1609
19,S1207,LaguerreSolver.java,114,double yMax = computeObjectiveValue(max);,0.0,1591,1609
19,S1208,LaguerreSolver.java,115,if (FastMath.abs(yMax) <= functionValueAccuracy) {,0.0,1591,1609
19,S1209,LaguerreSolver.java,120,if (yInitial * yMax < 0) {,0.0,1591,1609
19,S1210,LaguerreSolver.java,121,"return laguerre(initial, max, yInitial, yMax);",0.0,1591,1609
19,S1211,LaguerreSolver.java,124,"throw new NoBracketingException(min, max, yMin, yMax);",0.0,1591,1609
19,S1212,LaguerreSolver.java,147,double coefficients[] = getCoefficients();,0.0,1591,1609
19,S1213,LaguerreSolver.java,148,Complex c[] = new Complex[coefficients.length];,0.0,1591,1609
19,S1214,LaguerreSolver.java,149,for (int i = 0; i < coefficients.length; i++) {,0.0,1591,1609
19,S1215,LaguerreSolver.java,150,"c[i] = new Complex(coefficients[i], 0);",0.0,1591,1609
19,S1216,LaguerreSolver.java,152,"Complex initial = new Complex(0.5 * (lo + hi), 0);",0.0,1591,1609
19,S1217,LaguerreSolver.java,153,"Complex z = complexSolver.solve(c, initial);",0.0,1591,1609
19,S1218,LaguerreSolver.java,154,"if (complexSolver.isRoot(lo, hi, z)) {",0.0,1591,1609
19,S1219,LaguerreSolver.java,155,return z.getReal();,0.0,1591,1609
19,S1220,LaguerreSolver.java,173,private class ComplexSolver {,0.0,1591,1609
19,S1221,LaguerreSolver.java,184,"if (isSequence(min, z.getReal(), max)) {",0.0,1591,1609
19,S1222,LaguerreSolver.java,185,"double tolerance = FastMath.max(getRelativeAccuracy() * z.abs(), getAbsoluteAccuracy());",0.0,1591,1609
19,S1223,LaguerreSolver.java,186,return (FastMath.abs(z.getImaginary()) <= tolerance) ||,0.0,1591,1609
19,S1224,LaguerreSolver.java,252,if (coefficients == null) {,0.0,1591,1609
19,S1225,LaguerreSolver.java,256,int n = coefficients.length - 1;,0.0,1591,1609
19,S1226,LaguerreSolver.java,257,if (n == 0) {,0.0,1591,1609
19,S1227,LaguerreSolver.java,261,final double absoluteAccuracy = getAbsoluteAccuracy();,0.0,1591,1609
19,S1228,LaguerreSolver.java,262,final double relativeAccuracy = getRelativeAccuracy();,0.0,1591,1609
19,S1229,LaguerreSolver.java,263,final double functionValueAccuracy = getFunctionValueAccuracy();,0.0,1591,1609
19,S1230,LaguerreSolver.java,265,"Complex N  = new Complex(n,     0.0);",0.0,1591,1609
19,S1231,LaguerreSolver.java,266,"Complex N1 = new Complex(n - 1, 0.0);",0.0,1591,1609
19,S1232,LaguerreSolver.java,268,Complex pv = null;,0.0,1591,1609
19,S1233,LaguerreSolver.java,269,Complex dv = null;,0.0,1591,1609
19,S1234,LaguerreSolver.java,270,Complex d2v = null;,0.0,1591,1609
19,S1235,LaguerreSolver.java,271,Complex G = null;,0.0,1591,1609
19,S1236,LaguerreSolver.java,272,Complex G2 = null;,0.0,1591,1609
19,S1237,LaguerreSolver.java,273,Complex H = null;,0.0,1591,1609
19,S1238,LaguerreSolver.java,274,Complex delta = null;,0.0,1591,1609
19,S1239,LaguerreSolver.java,275,Complex denominator = null;,0.0,1591,1609
19,S1240,LaguerreSolver.java,276,Complex z = initial;,0.0,1591,1609
19,S1241,LaguerreSolver.java,277,"Complex oldz = new Complex(Double.POSITIVE_INFINITY,",0.0,1591,1609
19,S1242,LaguerreSolver.java,282,pv = coefficients[n];,0.0,1591,1609
19,S1243,LaguerreSolver.java,283,dv = Complex.ZERO;,0.0,1591,1609
19,S1244,LaguerreSolver.java,284,d2v = Complex.ZERO;,0.0,1591,1609
19,S1245,LaguerreSolver.java,285,for (int j = n-1; j >= 0; j--) {,0.0,1591,1609
19,S1246,LaguerreSolver.java,286,d2v = dv.add(z.multiply(d2v));,0.0,1591,1609
19,S1247,LaguerreSolver.java,287,dv = pv.add(z.multiply(dv));,0.0,1591,1609
19,S1248,LaguerreSolver.java,288,pv = coefficients[j].add(z.multiply(pv));,0.0,1591,1609
19,S1249,LaguerreSolver.java,290,"d2v = d2v.multiply(new Complex(2.0, 0.0));",0.0,1591,1609
19,S1250,LaguerreSolver.java,293,"double tolerance = FastMath.max(relativeAccuracy * z.abs(),",0.0,1591,1609
19,S1251,LaguerreSolver.java,295,if ((z.subtract(oldz)).abs() <= tolerance) {,0.0,1591,1609
19,S1252,LaguerreSolver.java,296,return z;,0.0,1591,1609
19,S1253,LaguerreSolver.java,298,if (pv.abs() <= functionValueAccuracy) {,0.0,1591,1609
19,S1254,LaguerreSolver.java,299,return z;,0.0,1591,1609
19,S1255,LaguerreSolver.java,303,G = dv.divide(pv);,0.0,1591,1609
19,S1256,LaguerreSolver.java,304,G2 = G.multiply(G);,0.0,1591,1609
19,S1257,LaguerreSolver.java,305,H = G2.subtract(d2v.divide(pv));,0.0,1591,1609
19,S1258,LaguerreSolver.java,306,delta = N1.multiply((N.multiply(H)).subtract(G2));,0.0,1591,1609
19,S1259,LaguerreSolver.java,308,Complex deltaSqrt = delta.sqrt();,0.0,1591,1609
19,S1260,LaguerreSolver.java,309,Complex dplus = G.add(deltaSqrt);,0.0,1591,1609
19,S1261,LaguerreSolver.java,310,Complex dminus = G.subtract(deltaSqrt);,0.0,1591,1609
19,S1262,LaguerreSolver.java,311,denominator = dplus.abs() > dminus.abs() ? dplus : dminus;,0.0,1591,1609
19,S1263,LaguerreSolver.java,314,"if (denominator.equals(new Complex(0.0, 0.0))) {",0.0,1591,1609
19,S1264,LaguerreSolver.java,319,oldz = z;,0.0,1591,1609
19,S1265,LaguerreSolver.java,320,z = z.subtract(N.divide(denominator));,0.0,1591,1609
19,S1266,LaguerreSolver.java,322,incrementEvaluationCount();,0.0,1591,1609
19,S1267,LocalizedFormats.java,39,public enum LocalizedFormats implements Localizable {,0.0,1591,1609
19,S1268,LocalizedFormats.java,44,"ARGUMENT_OUTSIDE_DOMAIN(""Argument {0} outside domain [{1} ; {2}]""),",0.0,1591,1609
19,S1269,LocalizedFormats.java,45,"ARRAY_SIZES_SHOULD_HAVE_DIFFERENCE_1(""array sizes should have difference 1 ({0} != {1} + 1)""),",0.0,1591,1609
19,S1270,LocalizedFormats.java,46,"ARRAY_SUMS_TO_ZERO(""array sums to zero""),",0.0,1591,1609
19,S1271,LocalizedFormats.java,47,"ASSYMETRIC_EIGEN_NOT_SUPPORTED(""eigen decomposition of assymetric matrices not supported yet""),",0.0,1591,1609
19,S1272,LocalizedFormats.java,48,"AT_LEAST_ONE_COLUMN(""matrix must have at least one column""),",0.0,1591,1609
19,S1273,LocalizedFormats.java,49,"AT_LEAST_ONE_ROW(""matrix must have at least one row""),",0.0,1591,1609
19,S1274,LocalizedFormats.java,50,"BANDWIDTH(""bandwidth ({0})""),",0.0,1591,1609
19,S1275,LocalizedFormats.java,51,"BINOMIAL_INVALID_PARAMETERS_ORDER(""must have n >= k for binomial coefficient (n, k), got k = {0}, n = {1}""),",0.0,1591,1609
19,S1276,LocalizedFormats.java,52,"BINOMIAL_NEGATIVE_PARAMETER(""must have n >= 0 for binomial coefficient (n, k), got n = {0}""),",0.0,1591,1609
19,S1277,LocalizedFormats.java,53,"CANNOT_CLEAR_STATISTIC_CONSTRUCTED_FROM_EXTERNAL_MOMENTS(""statistics constructed from external moments cannot be cleared""),",0.0,1591,1609
19,S1278,LocalizedFormats.java,54,"CANNOT_COMPUTE_0TH_ROOT_OF_UNITY(""cannot compute 0-th root of unity, indefinite result""),",0.0,1591,1609
19,S1279,LocalizedFormats.java,55,"CANNOT_COMPUTE_BETA_DENSITY_AT_0_FOR_SOME_ALPHA(""cannot compute beta density at 0 when alpha = {0,number}""),",0.0,1591,1609
19,S1280,LocalizedFormats.java,56,"CANNOT_COMPUTE_BETA_DENSITY_AT_1_FOR_SOME_BETA(""cannot compute beta density at 1 when beta = %.3g""),",0.0,1591,1609
19,S1281,LocalizedFormats.java,57,"CANNOT_COMPUTE_NTH_ROOT_FOR_NEGATIVE_N(""cannot compute nth root for null or negative n: {0}""),",0.0,1591,1609
19,S1282,LocalizedFormats.java,58,"CANNOT_CONVERT_OBJECT_TO_FRACTION(""cannot convert given object to a fraction number: {0}""),",0.0,1591,1609
19,S1283,LocalizedFormats.java,59,"CANNOT_DISCARD_NEGATIVE_NUMBER_OF_ELEMENTS(""cannot discard a negative number of elements ({0})""),",0.0,1591,1609
19,S1284,LocalizedFormats.java,60,"CANNOT_FORMAT_INSTANCE_AS_3D_VECTOR(""cannot format a {0} instance as a 3D vector""),",0.0,1591,1609
19,S1285,LocalizedFormats.java,61,"CANNOT_FORMAT_INSTANCE_AS_COMPLEX(""cannot format a {0} instance as a complex number""),",0.0,1591,1609
19,S1286,LocalizedFormats.java,62,"CANNOT_FORMAT_INSTANCE_AS_REAL_VECTOR(""cannot format a {0} instance as a real vector""),",0.0,1591,1609
19,S1287,LocalizedFormats.java,63,"CANNOT_FORMAT_OBJECT_TO_FRACTION(""cannot format given object as a fraction number""),",0.0,1591,1609
19,S1288,LocalizedFormats.java,64,"CANNOT_INCREMENT_STATISTIC_CONSTRUCTED_FROM_EXTERNAL_MOMENTS(""statistics constructed from external moments cannot be incremented""),",0.0,1591,1609
19,S1289,LocalizedFormats.java,65,"CANNOT_NORMALIZE_A_ZERO_NORM_VECTOR(""cannot normalize a zero norm vector""),",0.0,1591,1609
19,S1290,LocalizedFormats.java,66,"CANNOT_RETRIEVE_AT_NEGATIVE_INDEX(""elements cannot be retrieved from a negative array index {0}""),",0.0,1591,1609
19,S1291,LocalizedFormats.java,67,"CANNOT_SET_AT_NEGATIVE_INDEX(""cannot set an element at a negative index {0}""),",0.0,1591,1609
19,S1292,LocalizedFormats.java,68,"CANNOT_SUBSTITUTE_ELEMENT_FROM_EMPTY_ARRAY(""cannot substitute an element from an empty array""),",0.0,1591,1609
19,S1293,LocalizedFormats.java,69,"CANNOT_TRANSFORM_TO_DOUBLE(""Conversion Exception in Transformation: {0}""),",0.0,1591,1609
19,S1294,LocalizedFormats.java,70,"CARDAN_ANGLES_SINGULARITY(""Cardan angles singularity""),",0.0,1591,1609
19,S1295,LocalizedFormats.java,71,"CLASS_DOESNT_IMPLEMENT_COMPARABLE(""class ({0}) does not implement Comparable""),",0.0,1591,1609
19,S1296,LocalizedFormats.java,72,"CLOSEST_ORTHOGONAL_MATRIX_HAS_NEGATIVE_DETERMINANT(""the closest orthogonal matrix has a negative determinant {0}""),",0.0,1591,1609
19,S1297,LocalizedFormats.java,73,"COLUMN_INDEX_OUT_OF_RANGE(""column index {0} out of allowed range [{1}, {2}]""),",0.0,1591,1609
19,S1298,LocalizedFormats.java,74,"COLUMN_INDEX(""column index ({0})""), /* keep */",0.0,1591,1609
19,S1299,LocalizedFormats.java,75,"CONTINUED_FRACTION_INFINITY_DIVERGENCE(""Continued fraction convergents diverged to +/- infinity for value {0}""),",0.0,1591,1609
19,S1300,LocalizedFormats.java,76,"CONTINUED_FRACTION_NAN_DIVERGENCE(""Continued fraction diverged to NaN for value {0}""),",0.0,1591,1609
19,S1301,LocalizedFormats.java,77,"CONTRACTION_CRITERIA_SMALLER_THAN_EXPANSION_FACTOR(""contraction criteria ({0}) smaller than the expansion factor ({1}).  This would lead to a never ending loop of expansion and contraction as a newly expanded internal storage array would immediately satisfy the criteria for contraction.""),",0.0,1591,1609
19,S1302,LocalizedFormats.java,78,"CONTRACTION_CRITERIA_SMALLER_THAN_ONE(""contraction criteria smaller than one ({0}).  This would lead to a never ending loop of expansion and contraction as an internal storage array length equal to the number of elements would satisfy the contraction criteria.""),",0.0,1591,1609
19,S1303,LocalizedFormats.java,79,"CONVERGENCE_FAILED(""convergence failed""), /* keep */",0.0,1591,1609
19,S1304,LocalizedFormats.java,80,"CROSSING_BOUNDARY_LOOPS(""some outline boundary loops cross each other""),",0.0,1591,1609
19,S1305,LocalizedFormats.java,81,"CUMULATIVE_PROBABILITY_RETURNED_NAN(""Cumulative probability function returned NaN for argument {0} p = {1}""),",0.0,1591,1609
19,S1306,LocalizedFormats.java,82,"DIFFERENT_ROWS_LENGTHS(""some rows have length {0} while others have length {1}""),",0.0,1591,1609
19,S1307,LocalizedFormats.java,83,"DIGEST_NOT_INITIALIZED(""digest not initialized""),",0.0,1591,1609
19,S1308,LocalizedFormats.java,84,"DIMENSIONS_MISMATCH_2x2(""got {0}x{1} but expected {2}x{3}""), /* keep */",0.0,1591,1609
19,S1309,LocalizedFormats.java,85,"DIMENSIONS_MISMATCH_SIMPLE(""{0} != {1}""), /* keep */",0.0,1591,1609
19,S1310,LocalizedFormats.java,86,"DIMENSIONS_MISMATCH(""dimensions mismatch""), /* keep */",0.0,1591,1609
19,S1311,LocalizedFormats.java,87,"DISCRETE_CUMULATIVE_PROBABILITY_RETURNED_NAN(""Discrete cumulative probability function returned NaN for argument {0}""),",0.0,1591,1609
19,S1312,LocalizedFormats.java,88,"DISTRIBUTION_NOT_LOADED(""distribution not loaded""),",0.0,1591,1609
19,S1313,LocalizedFormats.java,89,"DUPLICATED_ABSCISSA(""Abscissa {0} is duplicated at both indices {1} and {2}""),",0.0,1591,1609
19,S1314,LocalizedFormats.java,90,"EMPTY_CLUSTER_IN_K_MEANS(""empty cluster in k-means""),",0.0,1591,1609
19,S1315,LocalizedFormats.java,91,"EMPTY_POLYNOMIALS_COEFFICIENTS_ARRAY(""empty polynomials coefficients array""), /* keep */",0.0,1591,1609
19,S1316,LocalizedFormats.java,92,"EMPTY_SELECTED_COLUMN_INDEX_ARRAY(""empty selected column index array""),",0.0,1591,1609
19,S1317,LocalizedFormats.java,93,"EMPTY_SELECTED_ROW_INDEX_ARRAY(""empty selected row index array""),",0.0,1591,1609
19,S1318,LocalizedFormats.java,94,"EMPTY_STRING_FOR_IMAGINARY_CHARACTER(""empty string for imaginary character""),",0.0,1591,1609
19,S1319,LocalizedFormats.java,95,"ENDPOINTS_NOT_AN_INTERVAL(""endpoints do not specify an interval: [{0}, {1}]""),",0.0,1591,1609
19,S1320,LocalizedFormats.java,96,"EQUAL_VERTICES_IN_SIMPLEX(""equal vertices {0} and {1} in simplex configuration""),",0.0,1591,1609
19,S1321,LocalizedFormats.java,97,"EULER_ANGLES_SINGULARITY(""Euler angles singularity""),",0.0,1591,1609
19,S1322,LocalizedFormats.java,98,"EVALUATION_FAILED(""evaluation failed for argument = {0}""),",0.0,1591,1609
19,S1323,LocalizedFormats.java,99,"EVALUATION(""evaluation""), /* keep */",0.0,1591,1609
19,S1324,LocalizedFormats.java,100,"EXPANSION_FACTOR_SMALLER_THAN_ONE(""expansion factor smaller than one ({0})""),",0.0,1591,1609
19,S1325,LocalizedFormats.java,101,"FACTORIAL_NEGATIVE_PARAMETER(""must have n >= 0 for n!, got n = {0}""),",0.0,1591,1609
19,S1326,LocalizedFormats.java,102,"FAILED_BRACKETING(""number of iterations={4}, maximum iterations={5}, initial={6}, lower bound={7}, upper bound={8}, final a value={0}, final b value={1}, f(a)={2}, f(b)={3}""),",0.0,1591,1609
19,S1327,LocalizedFormats.java,103,"FAILED_FRACTION_CONVERSION(""Unable to convert {0} to fraction after {1} iterations""),",0.0,1591,1609
19,S1328,LocalizedFormats.java,104,"FIRST_COLUMNS_NOT_INITIALIZED_YET(""first {0} columns are not initialized yet""),",0.0,1591,1609
19,S1329,LocalizedFormats.java,105,"FIRST_ELEMENT_NOT_ZERO(""first element is not 0: {0}""),",0.0,1591,1609
19,S1330,LocalizedFormats.java,106,"FIRST_ROWS_NOT_INITIALIZED_YET(""first {0} rows are not initialized yet""),",0.0,1591,1609
19,S1331,LocalizedFormats.java,107,"FRACTION_CONVERSION_OVERFLOW(""Overflow trying to convert {0} to fraction ({1}/{2})""),",0.0,1591,1609
19,S1332,LocalizedFormats.java,108,"FUNCTION_NOT_DIFFERENTIABLE(""function is not differentiable""),",0.0,1591,1609
19,S1333,LocalizedFormats.java,109,"FUNCTION_NOT_POLYNOMIAL(""function is not polynomial""),",0.0,1591,1609
19,S1334,LocalizedFormats.java,110,"GCD_OVERFLOW_32_BITS(""overflow: gcd({0}, {1}) is 2^31""),",0.0,1591,1609
19,S1335,LocalizedFormats.java,111,"GCD_OVERFLOW_64_BITS(""overflow: gcd({0}, {1}) is 2^63""),",0.0,1591,1609
19,S1336,LocalizedFormats.java,112,"HOLE_BETWEEN_MODELS_TIME_RANGES(""{0} wide hole between models time ranges""),",0.0,1591,1609
19,S1337,LocalizedFormats.java,113,"IDENTICAL_ABSCISSAS_DIVISION_BY_ZERO(""identical abscissas x[{0}] == x[{1}] == {2} cause division by zero""),",0.0,1591,1609
19,S1338,LocalizedFormats.java,114,"INDEX_LARGER_THAN_MAX(""the index specified: {0} is larger than the current maximal index {1}""),",0.0,1591,1609
19,S1339,LocalizedFormats.java,115,"INDEX_NOT_POSITIVE(""index ({0}) is not positive""),",0.0,1591,1609
19,S1340,LocalizedFormats.java,116,"INDEX_OUT_OF_RANGE(""index {0} out of allowed range [{1}, {2}]""),",0.0,1591,1609
19,S1341,LocalizedFormats.java,117,"INDEX(""index ({0})""), /* keep */",0.0,1591,1609
19,S1342,LocalizedFormats.java,118,"NOT_FINITE_NUMBER(""{0} is not a finite number""), /* keep */",0.0,1591,1609
19,S1343,LocalizedFormats.java,119,"ARRAY_ELEMENT(""value {0} at index {1}""), /* keep */",0.0,1591,1609
19,S1344,LocalizedFormats.java,120,"INFINITE_ARRAY_ELEMENT(""Array contains an infinite element, {0} at index {1}""),",0.0,1591,1609
19,S1345,LocalizedFormats.java,121,"INFINITE_VALUE_CONVERSION(""cannot convert infinite value""),",0.0,1591,1609
19,S1346,LocalizedFormats.java,122,"INITIAL_CAPACITY_NOT_POSITIVE(""initial capacity ({0}) is not positive""),",0.0,1591,1609
19,S1347,LocalizedFormats.java,123,"INITIAL_COLUMN_AFTER_FINAL_COLUMN(""initial column {1} after final column {0}""),",0.0,1591,1609
19,S1348,LocalizedFormats.java,124,"INITIAL_ROW_AFTER_FINAL_ROW(""initial row {1} after final row {0}""),",0.0,1591,1609
19,S1349,LocalizedFormats.java,125,"INPUT_DATA_FROM_UNSUPPORTED_DATASOURCE(""input data comes from unsupported datasource: {0}, supported sources: {1}, {2}""),",0.0,1591,1609
19,S1350,LocalizedFormats.java,126,"INSTANCES_NOT_COMPARABLE_TO_EXISTING_VALUES(""instance of class {0} not comparable to existing values""),",0.0,1591,1609
19,S1351,LocalizedFormats.java,127,"INSUFFICIENT_DATA_FOR_T_STATISTIC(""insufficient data for t statistic, needs at least 2, got {0}""),",0.0,1591,1609
19,S1352,LocalizedFormats.java,128,"INSUFFICIENT_DIMENSION(""insufficient dimension {0}, must be at least {1}""),",0.0,1591,1609
19,S1353,LocalizedFormats.java,129,"DIMENSION(""dimension ({0})""), /* keep */",0.0,1591,1609
19,S1354,LocalizedFormats.java,130,"INSUFFICIENT_OBSERVED_POINTS_IN_SAMPLE(""sample contains {0} observed points, at least {1} are required""),",0.0,1591,1609
19,S1355,LocalizedFormats.java,131,"INSUFFICIENT_ROWS_AND_COLUMNS(""insufficient data: only {0} rows and {1} columns.""),",0.0,1591,1609
19,S1356,LocalizedFormats.java,132,"INTEGRATION_METHOD_NEEDS_AT_LEAST_TWO_PREVIOUS_POINTS(""{0} method needs at least two previous points""),",0.0,1591,1609
19,S1357,LocalizedFormats.java,133,"INTERNAL_ERROR(""internal error, please fill a bug report at {0}""),",0.0,1591,1609
19,S1358,LocalizedFormats.java,134,"INVALID_BINARY_DIGIT(""invalid binary digit: {0}""),",0.0,1591,1609
19,S1359,LocalizedFormats.java,135,"INVALID_BRACKETING_PARAMETERS(""invalid bracketing parameters:  lower bound={0},  initial={1}, upper bound={2}""),",0.0,1591,1609
19,S1360,LocalizedFormats.java,136,"INVALID_INTERVAL_INITIAL_VALUE_PARAMETERS(""invalid interval, initial value parameters:  lower={0}, initial={1}, upper={2}""),",0.0,1591,1609
19,S1361,LocalizedFormats.java,137,"INVALID_ITERATIONS_LIMITS(""invalid iteration limits: min={0}, max={1}""),",0.0,1591,1609
19,S1362,LocalizedFormats.java,138,"INVALID_MAX_ITERATIONS(""bad value for maximum iterations number: {0}""),",0.0,1591,1609
19,S1363,LocalizedFormats.java,139,"INVALID_REGRESSION_ARRAY(""input data array length = {0} does not match the number of observations = {1} and the number of regressors = {2}""),",0.0,1591,1609
19,S1364,LocalizedFormats.java,140,"INVALID_ROUNDING_METHOD(""invalid rounding method {0}, valid methods: {1} ({2}), {3} ({4}), {5} ({6}), {7} ({8}), {9} ({10}), {11} ({12}), {13} ({14}), {15} ({16})""),",0.0,1591,1609
19,S1365,LocalizedFormats.java,141,"ITERATOR_EXHAUSTED(""iterator exhausted""),",0.0,1591,1609
19,S1366,LocalizedFormats.java,142,"LCM_OVERFLOW_32_BITS(""overflow: lcm({0}, {1}) is 2^31""),",0.0,1591,1609
19,S1367,LocalizedFormats.java,143,"LCM_OVERFLOW_64_BITS(""overflow: lcm({0}, {1}) is 2^63""),",0.0,1591,1609
19,S1368,LocalizedFormats.java,144,"LIST_OF_CHROMOSOMES_BIGGER_THAN_POPULATION_SIZE(""list of chromosomes bigger than maxPopulationSize""),",0.0,1591,1609
19,S1369,LocalizedFormats.java,145,"LOESS_EXPECTS_AT_LEAST_ONE_POINT(""Loess expects at least 1 point""),",0.0,1591,1609
19,S1370,LocalizedFormats.java,146,"LOWER_BOUND_NOT_BELOW_UPPER_BOUND(""lower bound ({0}) must be strictly less than upper bound ({1})""), /* keep */",0.0,1591,1609
19,S1371,LocalizedFormats.java,147,"LOWER_ENDPOINT_ABOVE_UPPER_ENDPOINT(""lower endpoint ({0}) must be less than or equal to upper endpoint ({1})""),",0.0,1591,1609
19,S1372,LocalizedFormats.java,148,"MAP_MODIFIED_WHILE_ITERATING(""map has been modified while iterating""),",0.0,1591,1609
19,S1373,LocalizedFormats.java,149,"EVALUATIONS(""evaluations""), /* keep */",0.0,1591,1609
19,S1374,LocalizedFormats.java,150,"MAX_COUNT_EXCEEDED(""maximal count ({0}) exceeded""), /* keep */",0.0,1591,1609
19,S1375,LocalizedFormats.java,151,"MAX_EVALUATIONS_EXCEEDED(""maximal number of evaluations ({0}) exceeded""),",0.0,1591,1609
19,S1376,LocalizedFormats.java,152,"MAX_ITERATIONS_EXCEEDED(""maximal number of iterations ({0}) exceeded""),",0.0,1591,1609
19,S1377,LocalizedFormats.java,153,"MINIMAL_STEPSIZE_REACHED_DURING_INTEGRATION(""minimal step size ({0,number,0.00E00}) reached, integration needs {1,number,0.00E00}""),",0.0,1591,1609
19,S1378,LocalizedFormats.java,154,"MISMATCHED_LOESS_ABSCISSA_ORDINATE_ARRAYS(""Loess expects the abscissa and ordinate arrays to be of the same size, but got {0} abscissae and {1} ordinatae""),",0.0,1591,1609
19,S1379,LocalizedFormats.java,155,"NAN_ELEMENT_AT_INDEX(""element {0} is NaN""),",0.0,1591,1609
19,S1380,LocalizedFormats.java,156,"NAN_VALUE_CONVERSION(""cannot convert NaN value""),",0.0,1591,1609
19,S1381,LocalizedFormats.java,157,"NEGATIVE_BRIGHTNESS_EXPONENT(""brightness exponent should be positive or null, but got {0}""),",0.0,1591,1609
19,S1382,LocalizedFormats.java,158,"NEGATIVE_COMPLEX_MODULE(""negative complex module {0}""),",0.0,1591,1609
19,S1383,LocalizedFormats.java,159,"NEGATIVE_ELEMENT_AT_2D_INDEX(""element ({0}, {1}) is negative: {2}""),",0.0,1591,1609
19,S1384,LocalizedFormats.java,160,"NEGATIVE_ELEMENT_AT_INDEX(""element {0} is negative: {1}""),",0.0,1591,1609
19,S1385,LocalizedFormats.java,161,"NEGATIVE_NUMBER_OF_SUCCESSES(""number of successes must be non-negative ({0})""),",0.0,1591,1609
19,S1386,LocalizedFormats.java,162,"NUMBER_OF_SUCCESSES(""number of successes ({0})""), /* keep */",0.0,1591,1609
19,S1387,LocalizedFormats.java,163,"NEGATIVE_NUMBER_OF_TRIALS(""number of trials must be non-negative ({0})""),",0.0,1591,1609
19,S1388,LocalizedFormats.java,164,"NUMBER_OF_TRIALS(""number of trials ({0})""),",0.0,1591,1609
19,S1389,LocalizedFormats.java,165,"ROBUSTNESS_ITERATIONS(""number of robustness iterations ({0})""),",0.0,1591,1609
19,S1390,LocalizedFormats.java,166,"START_POSITION(""start position ({0})""), /* keep */",0.0,1591,1609
19,S1391,LocalizedFormats.java,167,"NON_CONVERGENT_CONTINUED_FRACTION(""Continued fraction convergents failed to converge (in less than {0} iterations) for value {1}""),",0.0,1591,1609
19,S1392,LocalizedFormats.java,168,"NON_INVERTIBLE_TRANSFORM(""non-invertible affine transform collapses some lines into single points""),",0.0,1591,1609
19,S1393,LocalizedFormats.java,169,"NON_POSITIVE_MICROSPHERE_ELEMENTS(""number of microsphere elements must be positive, but got {0}""),",0.0,1591,1609
19,S1394,LocalizedFormats.java,170,"NON_POSITIVE_POLYNOMIAL_DEGREE(""polynomial degree must be positive: degree={0}""),",0.0,1591,1609
19,S1395,LocalizedFormats.java,171,"NON_REAL_FINITE_ABSCISSA(""all abscissae must be finite real numbers, but {0}-th is {1}""),",0.0,1591,1609
19,S1396,LocalizedFormats.java,172,"NON_REAL_FINITE_ORDINATE(""all ordinatae must be finite real numbers, but {0}-th is {1}""),",0.0,1591,1609
19,S1397,LocalizedFormats.java,173,"NON_REAL_FINITE_WEIGHT(""all weights must be finite real numbers, but {0}-th is {1}""),",0.0,1591,1609
19,S1398,LocalizedFormats.java,174,"NON_SQUARE_MATRIX(""a {0}x{1} matrix was provided instead of a square matrix""),",0.0,1591,1609
19,S1399,LocalizedFormats.java,175,"NORMALIZE_INFINITE(""Cannot normalize to an infinite value""),",0.0,1591,1609
19,S1400,LocalizedFormats.java,176,"NORMALIZE_NAN(""Cannot normalize to NaN""),",0.0,1591,1609
19,S1401,LocalizedFormats.java,177,"NOT_ADDITION_COMPATIBLE_MATRICES(""{0}x{1} and {2}x{3} matrices are not addition compatible""),",0.0,1591,1609
19,S1402,LocalizedFormats.java,178,"NOT_DECREASING_NUMBER_OF_POINTS(""points {0} and {1} are not decreasing ({2} < {3})""),",0.0,1591,1609
19,S1403,LocalizedFormats.java,179,"NOT_DECREASING_SEQUENCE(""points {3} and {2} are not decreasing ({1} < {0})""), /* keep */",0.0,1591,1609
19,S1404,LocalizedFormats.java,180,"NOT_ENOUGH_DATA_FOR_NUMBER_OF_PREDICTORS(""not enough data ({0} rows) for this many predictors ({1} predictors)""),",0.0,1591,1609
19,S1405,LocalizedFormats.java,181,"NOT_ENOUGH_POINTS_IN_SPLINE_PARTITION(""spline partition must have at least {0} points, got {1}""),",0.0,1591,1609
19,S1406,LocalizedFormats.java,182,"NOT_INCREASING_NUMBER_OF_POINTS(""points {0} and {1} are not increasing ({2} > {3})""),",0.0,1591,1609
19,S1407,LocalizedFormats.java,183,"NOT_INCREASING_SEQUENCE(""points {3} and {2} are not increasing ({1} > {0})""), /* keep */",0.0,1591,1609
19,S1408,LocalizedFormats.java,184,"NOT_MULTIPLICATION_COMPATIBLE_MATRICES(""{0}x{1} and {2}x{3} matrices are not multiplication compatible""),",0.0,1591,1609
19,S1409,LocalizedFormats.java,185,"ALPHA(""alpha""), /* keep */",0.0,1591,1609
19,S1410,LocalizedFormats.java,186,"BETA(""beta""), /* keep */",0.0,1591,1609
19,S1411,LocalizedFormats.java,187,"NOT_POSITIVE_COLUMNDIMENSION(""invalid column dimension: {0} (must be positive)""),",0.0,1591,1609
19,S1412,LocalizedFormats.java,188,"NOT_POSITIVE_DEFINITE_MATRIX(""not positive definite matrix""),",0.0,1591,1609
19,S1413,LocalizedFormats.java,189,"NON_POSITIVE_DEFINITE_MATRIX(""not positive definite matrix: diagonal element at ({0},{0}) is larger than {2}""), /* keep */",0.0,1591,1609
19,S1414,LocalizedFormats.java,190,"NON_POSITIVE_DEFINITE_LINEAR_OPERATOR(""non positive definite linear operator: x' A x <= 0 when x is {0}""),",0.0,1591,1609
19,S1415,LocalizedFormats.java,191,"NON_SELF_ADJOINT_LINEAR_OPERATOR(""non self-adjoint linear operator: |x' A y - y' A x| > {0} when x is {1} and y is {2}""),",0.0,1591,1609
19,S1416,LocalizedFormats.java,192,"DEGREES_OF_FREEDOM(""degrees of freedom ({0})""), /* keep */",0.0,1591,1609
19,S1417,LocalizedFormats.java,193,"NOT_POSITIVE_DEGREES_OF_FREEDOM(""degrees of freedom must be positive ({0})""),",0.0,1591,1609
19,S1418,LocalizedFormats.java,194,"NOT_POSITIVE_ELEMENT_AT_INDEX(""element {0} is not positive: {1}""),",0.0,1591,1609
19,S1419,LocalizedFormats.java,195,"NOT_POSITIVE_EXPONENT(""invalid exponent {0} (must be positive)""),",0.0,1591,1609
19,S1420,LocalizedFormats.java,196,"EXPONENT(""exponent ({0})""), /* keep */",0.0,1591,1609
19,S1421,LocalizedFormats.java,197,"NOT_POSITIVE_LENGTH(""length must be positive ({0})""),",0.0,1591,1609
19,S1422,LocalizedFormats.java,198,"LENGTH(""length ({0})""), /* keep */",0.0,1591,1609
19,S1423,LocalizedFormats.java,199,"NOT_POSITIVE_MEAN(""mean must be positive ({0})""),",0.0,1591,1609
19,S1424,LocalizedFormats.java,200,"MEAN(""mean ({0})""), /* keep */",0.0,1591,1609
19,S1425,LocalizedFormats.java,201,"NOT_POSITIVE_NUMBER_OF_SAMPLES(""number of sample is not positive: {0}""),",0.0,1591,1609
19,S1426,LocalizedFormats.java,202,"NUMBER_OF_SAMPLES(""number of samples ({0})""), /* keep */",0.0,1591,1609
19,S1427,LocalizedFormats.java,203,"NOT_POSITIVE_PERMUTATION(""permutation k ({0}) must be positive""),",0.0,1591,1609
19,S1428,LocalizedFormats.java,204,"PERMUTATION_SIZE(""permutation size ({0}""), /* keep */",0.0,1591,1609
19,S1429,LocalizedFormats.java,205,"NOT_POSITIVE_POISSON_MEAN(""the Poisson mean must be positive ({0})""),",0.0,1591,1609
19,S1430,LocalizedFormats.java,206,"NOT_POSITIVE_POPULATION_SIZE(""population size must be positive ({0})""),",0.0,1591,1609
19,S1431,LocalizedFormats.java,207,"POPULATION_SIZE(""population size ({0})""), /* keep */",0.0,1591,1609
19,S1432,LocalizedFormats.java,208,"NOT_POSITIVE_ROW_DIMENSION(""invalid row dimension: {0} (must be positive)""),",0.0,1591,1609
19,S1433,LocalizedFormats.java,209,"NOT_POSITIVE_SAMPLE_SIZE(""sample size must be positive ({0})""),",0.0,1591,1609
19,S1434,LocalizedFormats.java,210,"NOT_POSITIVE_SCALE(""scale must be positive ({0})""),",0.0,1591,1609
19,S1435,LocalizedFormats.java,211,"SCALE(""scale ({0})""), /* keep */",0.0,1591,1609
19,S1436,LocalizedFormats.java,212,"NOT_POSITIVE_SHAPE(""shape must be positive ({0})""),",0.0,1591,1609
19,S1437,LocalizedFormats.java,213,"SHAPE(""shape ({0})""), /* keep */",0.0,1591,1609
19,S1438,LocalizedFormats.java,214,"NOT_POSITIVE_STANDARD_DEVIATION(""standard deviation must be positive ({0})""),",0.0,1591,1609
19,S1439,LocalizedFormats.java,215,"STANDARD_DEVIATION(""standard deviation ({0})""), /* keep */",0.0,1591,1609
19,S1440,LocalizedFormats.java,216,"NOT_POSITIVE_UPPER_BOUND(""upper bound must be positive ({0})""),",0.0,1591,1609
19,S1441,LocalizedFormats.java,217,"NOT_POSITIVE_WINDOW_SIZE(""window size must be positive ({0})""),",0.0,1591,1609
19,S1442,LocalizedFormats.java,218,"NOT_POWER_OF_TWO(""{0} is not a power of 2""),",0.0,1591,1609
19,S1443,LocalizedFormats.java,219,"NOT_POWER_OF_TWO_CONSIDER_PADDING(""{0} is not a power of 2, consider padding for fix""),",0.0,1591,1609
19,S1444,LocalizedFormats.java,220,"NOT_POWER_OF_TWO_PLUS_ONE(""{0} is not a power of 2 plus one""),",0.0,1591,1609
19,S1445,LocalizedFormats.java,221,"NOT_STRICTLY_DECREASING_NUMBER_OF_POINTS(""points {0} and {1} are not strictly decreasing ({2} <= {3})""),",0.0,1591,1609
19,S1446,LocalizedFormats.java,222,"NOT_STRICTLY_DECREASING_SEQUENCE(""points {3} and {2} are not strictly decreasing ({1} <= {0})""), /* keep */",0.0,1591,1609
19,S1447,LocalizedFormats.java,223,"NOT_STRICTLY_INCREASING_KNOT_VALUES(""knot values must be strictly increasing""),",0.0,1591,1609
19,S1448,LocalizedFormats.java,224,"NOT_STRICTLY_INCREASING_NUMBER_OF_POINTS(""points {0} and {1} are not strictly increasing ({2} >= {3})""),",0.0,1591,1609
19,S1449,LocalizedFormats.java,225,"NOT_STRICTLY_INCREASING_SEQUENCE(""points {3} and {2} are not strictly increasing ({1} >= {0})""), /* keep */",0.0,1591,1609
19,S1450,LocalizedFormats.java,226,"NOT_SUBTRACTION_COMPATIBLE_MATRICES(""{0}x{1} and {2}x{3} matrices are not subtraction compatible""),",0.0,1591,1609
19,S1451,LocalizedFormats.java,227,"NOT_SUPPORTED_IN_DIMENSION_N(""method not supported in dimension {0}""),",0.0,1591,1609
19,S1452,LocalizedFormats.java,228,"NOT_SYMMETRIC_MATRIX(""not symmetric matrix""),",0.0,1591,1609
19,S1453,LocalizedFormats.java,229,"NON_SYMMETRIC_MATRIX(""non symmetric matrix: the difference between entries at ({0},{1}) and ({1},{0}) is larger than {2}""), /* keep */",0.0,1591,1609
19,S1454,LocalizedFormats.java,230,"NO_BIN_SELECTED(""no bin selected""),",0.0,1591,1609
19,S1455,LocalizedFormats.java,231,"NO_CONVERGENCE_WITH_ANY_START_POINT(""none of the {0} start points lead to convergence""), /* keep */",0.0,1591,1609
19,S1456,LocalizedFormats.java,232,"NO_DATA(""no data""), /* keep */",0.0,1591,1609
19,S1457,LocalizedFormats.java,233,"NO_DEGREES_OF_FREEDOM(""no degrees of freedom ({0} measurements, {1} parameters)""),",0.0,1591,1609
19,S1458,LocalizedFormats.java,234,"NO_DENSITY_FOR_THIS_DISTRIBUTION(""This distribution does not have a density function implemented""),",0.0,1591,1609
19,S1459,LocalizedFormats.java,235,"NO_FEASIBLE_SOLUTION(""no feasible solution""),",0.0,1591,1609
19,S1460,LocalizedFormats.java,236,"NO_OPTIMUM_COMPUTED_YET(""no optimum computed yet""), /* keep */",0.0,1591,1609
19,S1461,LocalizedFormats.java,237,"NO_RESULT_AVAILABLE(""no result available""),",0.0,1591,1609
19,S1462,LocalizedFormats.java,238,"NO_SUCH_MATRIX_ENTRY(""no entry at indices ({0}, {1}) in a {2}x{3} matrix""),",0.0,1591,1609
19,S1463,LocalizedFormats.java,239,"NULL_NOT_ALLOWED(""null is not allowed""), /* keep */",0.0,1591,1609
19,S1464,LocalizedFormats.java,240,"COVARIANCE_MATRIX(""covariance matrix""), /* keep */",0.0,1591,1609
19,S1465,LocalizedFormats.java,241,"DENOMINATOR(""denominator""), /* keep */",0.0,1591,1609
19,S1466,LocalizedFormats.java,242,"DENOMINATOR_FORMAT(""denominator format""), /* keep */",0.0,1591,1609
19,S1467,LocalizedFormats.java,243,"FRACTION(""fraction""), /* keep */",0.0,1591,1609
19,S1468,LocalizedFormats.java,244,"FUNCTION(""function""), /* keep */",0.0,1591,1609
19,S1469,LocalizedFormats.java,245,"IMAGINARY_FORMAT(""imaginary format""), /* keep */",0.0,1591,1609
19,S1470,LocalizedFormats.java,246,"INPUT_ARRAY(""input array""), /* keep */",0.0,1591,1609
19,S1471,LocalizedFormats.java,247,"NUMERATOR(""numerator""), /* keep */",0.0,1591,1609
19,S1472,LocalizedFormats.java,248,"NUMERATOR_FORMAT(""numerator format""), /* keep */",0.0,1591,1609
19,S1473,LocalizedFormats.java,249,"OBJECT_TRANSFORMATION(""conversion exception in transformation""), /* keep */",0.0,1591,1609
19,S1474,LocalizedFormats.java,250,"REAL_FORMAT(""real format""), /* keep */",0.0,1591,1609
19,S1475,LocalizedFormats.java,251,"WHOLE_FORMAT(""whole format""), /* keep */",0.0,1591,1609
19,S1476,LocalizedFormats.java,252,"NUMBER_TOO_LARGE(""{0} is larger than the maximum ({1})""), /* keep */",0.0,1591,1609
19,S1477,LocalizedFormats.java,253,"NUMBER_TOO_SMALL(""{0} is smaller than the minimum ({1})""), /* keep */",0.0,1591,1609
19,S1478,LocalizedFormats.java,254,"NUMBER_TOO_LARGE_BOUND_EXCLUDED(""{0} is larger than, or equal to, the maximum ({1})""), /* keep */",0.0,1591,1609
19,S1479,LocalizedFormats.java,255,"NUMBER_TOO_SMALL_BOUND_EXCLUDED(""{0} is smaller than, or equal to, the minimum ({1})""), /* keep */",0.0,1591,1609
19,S1480,LocalizedFormats.java,256,"NUMBER_OF_SUCCESS_LARGER_THAN_POPULATION_SIZE(""number of successes ({0}) must be less than or equal to population size ({1})""),",0.0,1591,1609
19,S1481,LocalizedFormats.java,257,"NUMERATOR_OVERFLOW_AFTER_MULTIPLY(""overflow, numerator too large after multiply: {0}""),",0.0,1591,1609
19,S1482,LocalizedFormats.java,258,"N_POINTS_GAUSS_LEGENDRE_INTEGRATOR_NOT_SUPPORTED(""{0} points Legendre-Gauss integrator not supported, number of points must be in the {1}-{2} range""),",0.0,1591,1609
19,S1483,LocalizedFormats.java,259,"OBSERVED_COUNTS_ALL_ZERO(""observed counts are all 0 in observed array {0}""),",0.0,1591,1609
19,S1484,LocalizedFormats.java,260,"OBSERVED_COUNTS_BOTTH_ZERO_FOR_ENTRY(""observed counts are both zero for entry {0}""),",0.0,1591,1609
19,S1485,LocalizedFormats.java,261,"OUT_OF_BOUNDS_QUANTILE_VALUE(""out of bounds quantile value: {0}, must be in (0, 100]""),",0.0,1591,1609
19,S1486,LocalizedFormats.java,262,"OUT_OF_BOUND_SIGNIFICANCE_LEVEL(""out of bounds significance level {0}, must be between {1} and {2}""),",0.0,1591,1609
19,S1487,LocalizedFormats.java,263,"SIGNIFICANCE_LEVEL(""significance level ({0})""), /* keep */",0.0,1591,1609
19,S1488,LocalizedFormats.java,264,"OUT_OF_ORDER_ABSCISSA_ARRAY(""the abscissae array must be sorted in a strictly increasing order, but the {0}-th element is {1} whereas {2}-th is {3}""),",0.0,1591,1609
19,S1489,LocalizedFormats.java,265,"OUT_OF_RANGE_ROOT_OF_UNITY_INDEX(""out of range root of unity index {0} (must be in [{1};{2}])""),",0.0,1591,1609
19,S1490,LocalizedFormats.java,266,"OUT_OF_RANGE(""out of range""), /* keep */",0.0,1591,1609
19,S1491,LocalizedFormats.java,267,"OUT_OF_RANGE_SIMPLE(""{0} out of [{1}, {2}] range""), /* keep */",0.0,1591,1609
19,S1492,LocalizedFormats.java,268,"OUTLINE_BOUNDARY_LOOP_OPEN(""an outline boundary loop is open""),",0.0,1591,1609
19,S1493,LocalizedFormats.java,269,"OVERFLOW_IN_FRACTION(""overflow in fraction {0}/{1}, cannot negate""),",0.0,1591,1609
19,S1494,LocalizedFormats.java,270,"OVERFLOW_IN_ADDITION(""overflow in addition: {0} + {1}""),",0.0,1591,1609
19,S1495,LocalizedFormats.java,271,"OVERFLOW_IN_SUBTRACTION(""overflow in subtraction: {0} - {1}""),",0.0,1591,1609
19,S1496,LocalizedFormats.java,272,"PERCENTILE_IMPLEMENTATION_CANNOT_ACCESS_METHOD(""cannot access {0} method in percentile implementation {1}""),",0.0,1591,1609
19,S1497,LocalizedFormats.java,273,"PERCENTILE_IMPLEMENTATION_UNSUPPORTED_METHOD(""percentile implementation {0} does not support {1}""),",0.0,1591,1609
19,S1498,LocalizedFormats.java,274,"PERMUTATION_EXCEEDS_N(""permutation size ({0}) exceeds permuation domain ({1})""), /* keep */",0.0,1591,1609
19,S1499,LocalizedFormats.java,275,"POLYNOMIAL(""polynomial""), /* keep */",0.0,1591,1609
19,S1500,LocalizedFormats.java,276,"POLYNOMIAL_INTERPOLANTS_MISMATCH_SEGMENTS(""number of polynomial interpolants must match the number of segments ({0} != {1} - 1)""),",0.0,1591,1609
19,S1501,LocalizedFormats.java,277,"POPULATION_LIMIT_NOT_POSITIVE(""population limit has to be positive""),",0.0,1591,1609
19,S1502,LocalizedFormats.java,278,"POSITION_SIZE_MISMATCH_INPUT_ARRAY(""position {0} and size {1} don't fit to the size of the input array {2}""),",0.0,1591,1609
19,S1503,LocalizedFormats.java,279,"POWER_NEGATIVE_PARAMETERS(""cannot raise an integral value to a negative power ({0}^{1})""),",0.0,1591,1609
19,S1504,LocalizedFormats.java,280,"PROPAGATION_DIRECTION_MISMATCH(""propagation direction mismatch""),",0.0,1591,1609
19,S1505,LocalizedFormats.java,281,"RANDOMKEY_MUTATION_WRONG_CLASS(""RandomKeyMutation works only with RandomKeys, not {0}""),",0.0,1591,1609
19,S1506,LocalizedFormats.java,282,"ROOTS_OF_UNITY_NOT_COMPUTED_YET(""roots of unity have not been computed yet""),",0.0,1591,1609
19,S1507,LocalizedFormats.java,283,"ROTATION_MATRIX_DIMENSIONS(""a {0}x{1} matrix cannot be a rotation matrix""),",0.0,1591,1609
19,S1508,LocalizedFormats.java,284,"ROW_INDEX_OUT_OF_RANGE(""row index {0} out of allowed range [{1}, {2}]""),",0.0,1591,1609
19,S1509,LocalizedFormats.java,285,"ROW_INDEX(""row index ({0})""), /* keep */",0.0,1591,1609
19,S1510,LocalizedFormats.java,286,"SAME_SIGN_AT_ENDPOINTS(""function values at endpoints do not have different signs, endpoints: [{0}, {1}], values: [{2}, {3}]""),",0.0,1591,1609
19,S1511,LocalizedFormats.java,287,"SAMPLE_SIZE_EXCEEDS_COLLECTION_SIZE(""sample size ({0}) exceeds collection size ({1})""), /* keep */",0.0,1591,1609
19,S1512,LocalizedFormats.java,288,"SAMPLE_SIZE_LARGER_THAN_POPULATION_SIZE(""sample size ({0}) must be less than or equal to population size ({1})""),",0.0,1591,1609
19,S1513,LocalizedFormats.java,289,"SIMPLEX_NEED_ONE_POINT(""simplex must contain at least one point""),",0.0,1591,1609
19,S1514,LocalizedFormats.java,290,"SIMPLE_MESSAGE(""{0}""),",0.0,1591,1609
19,S1515,LocalizedFormats.java,291,"SINGULAR_MATRIX(""matrix is singular""), /* keep */",0.0,1591,1609
19,S1516,LocalizedFormats.java,292,"SUBARRAY_ENDS_AFTER_ARRAY_END(""subarray ends after array end""),",0.0,1591,1609
19,S1517,LocalizedFormats.java,293,"TOO_LARGE_CUTOFF_SINGULAR_VALUE(""cutoff singular value is {0}, should be at most {1}""),",0.0,1591,1609
19,S1518,LocalizedFormats.java,294,"TOO_MANY_ELEMENTS_TO_DISCARD_FROM_ARRAY(""cannot discard {0} elements from a {1} elements array""),",0.0,1591,1609
19,S1519,LocalizedFormats.java,295,"TOO_SMALL_COST_RELATIVE_TOLERANCE(""cost relative tolerance is too small ({0}), no further reduction in the sum of squares is possible""),",0.0,1591,1609
19,S1520,LocalizedFormats.java,296,"TOO_SMALL_INTEGRATION_INTERVAL(""too small integration interval: length = {0}""),",0.0,1591,1609
19,S1521,LocalizedFormats.java,297,"TOO_SMALL_ORTHOGONALITY_TOLERANCE(""orthogonality tolerance is too small ({0}), solution is orthogonal to the jacobian""),",0.0,1591,1609
19,S1522,LocalizedFormats.java,298,"TOO_SMALL_PARAMETERS_RELATIVE_TOLERANCE(""parameters relative tolerance is too small ({0}), no further improvement in the approximate solution is possible""),",0.0,1591,1609
19,S1523,LocalizedFormats.java,299,"TWO_OR_MORE_CATEGORIES_REQUIRED(""two or more categories required, got {0}""),",0.0,1591,1609
19,S1524,LocalizedFormats.java,300,"TWO_OR_MORE_VALUES_IN_CATEGORY_REQUIRED(""two or more values required in each category, one has {0}""),",0.0,1591,1609
19,S1525,LocalizedFormats.java,301,"UNABLE_TO_BRACKET_OPTIMUM_IN_LINE_SEARCH(""unable to bracket optimum in line search""),",0.0,1591,1609
19,S1526,LocalizedFormats.java,302,"UNABLE_TO_COMPUTE_COVARIANCE_SINGULAR_PROBLEM(""unable to compute covariances: singular problem""),",0.0,1591,1609
19,S1527,LocalizedFormats.java,303,"UNABLE_TO_FIRST_GUESS_HARMONIC_COEFFICIENTS(""unable to first guess the harmonic coefficients""),",0.0,1591,1609
19,S1528,LocalizedFormats.java,304,"UNABLE_TO_ORTHOGONOLIZE_MATRIX(""unable to orthogonalize matrix in {0} iterations""),",0.0,1591,1609
19,S1529,LocalizedFormats.java,305,"UNABLE_TO_PERFORM_QR_DECOMPOSITION_ON_JACOBIAN(""unable to perform Q.R decomposition on the {0}x{1} jacobian matrix""),",0.0,1591,1609
19,S1530,LocalizedFormats.java,306,"UNABLE_TO_SOLVE_SINGULAR_PROBLEM(""unable to solve: singular problem""),",0.0,1591,1609
19,S1531,LocalizedFormats.java,307,"UNBOUNDED_SOLUTION(""unbounded solution""),",0.0,1591,1609
19,S1532,LocalizedFormats.java,308,"UNKNOWN_MODE(""unknown mode {0}, known modes: {1} ({2}), {3} ({4}), {5} ({6}), {7} ({8}), {9} ({10}) and {11} ({12})""),",0.0,1591,1609
19,S1533,LocalizedFormats.java,309,"CANNOT_PARSE_AS_TYPE(""string {0} unparseable (from position {1}) as an object of type {2}""), /* keep */",0.0,1591,1609
19,S1534,LocalizedFormats.java,310,"CANNOT_PARSE(""string {0} unparseable (from position {1})""), /* keep */",0.0,1591,1609
19,S1535,LocalizedFormats.java,311,"UNPARSEABLE_3D_VECTOR(""unparseable 3D vector: \""{0}\""""),",0.0,1591,1609
19,S1536,LocalizedFormats.java,312,"UNPARSEABLE_COMPLEX_NUMBER(""unparseable complex number: \""{0}\""""),",0.0,1591,1609
19,S1537,LocalizedFormats.java,313,"UNPARSEABLE_FRACTION_NUMBER(""unparseable fraction number: \""{0}\""""),",0.0,1591,1609
19,S1538,LocalizedFormats.java,314,"UNPARSEABLE_REAL_VECTOR(""unparseable real vector: \""{0}\""""),",0.0,1591,1609
19,S1539,LocalizedFormats.java,315,"UNSUPPORTED_EXPANSION_MODE(""unsupported expansion mode {0}, supported modes are {1} ({2}) and {3} ({4})""),",0.0,1591,1609
19,S1540,LocalizedFormats.java,316,"UNSUPPORTED_OPERATION(""unsupported operation""), /* keep */",0.0,1591,1609
19,S1541,LocalizedFormats.java,317,"ARITHMETIC_EXCEPTION(""arithmetic exception""), /* keep */",0.0,1591,1609
19,S1542,LocalizedFormats.java,318,"ILLEGAL_STATE(""illegal state""), /* keep */",0.0,1591,1609
19,S1543,LocalizedFormats.java,319,"USER_EXCEPTION(""exception generated in user code""), /* keep */",0.0,1591,1609
19,S1544,LocalizedFormats.java,320,"URL_CONTAINS_NO_DATA(""URL {0} contains no data""),",0.0,1591,1609
19,S1545,LocalizedFormats.java,321,"VALUES_ADDED_BEFORE_CONFIGURING_STATISTIC(""{0} values have been added before statistic is configured""),",0.0,1591,1609
19,S1546,LocalizedFormats.java,322,"VECTOR_LENGTH_MISMATCH(""vector length mismatch: got {0} but expected {1}""),",0.0,1591,1609
19,S1547,LocalizedFormats.java,323,"VECTOR_MUST_HAVE_AT_LEAST_ONE_ELEMENT(""vector must have at least one element""),",0.0,1591,1609
19,S1548,LocalizedFormats.java,324,"WEIGHT_AT_LEAST_ONE_NON_ZERO(""weigth array must contain at least one non-zero value""),",0.0,1591,1609
19,S1549,LocalizedFormats.java,325,"WRONG_BLOCK_LENGTH(""wrong array shape (block length = {0}, expected {1})""),",0.0,1591,1609
19,S1550,LocalizedFormats.java,326,"WRONG_NUMBER_OF_POINTS(""{0} points are required, got only {1}""),",0.0,1591,1609
19,S1551,LocalizedFormats.java,327,"NUMBER_OF_POINTS(""number of points ({0})""), /* keep */",0.0,1591,1609
19,S1552,LocalizedFormats.java,328,"ZERO_DENOMINATOR(""denominator must be different from 0""),",0.0,1591,1609
19,S1553,LocalizedFormats.java,329,"ZERO_DENOMINATOR_IN_FRACTION(""zero denominator in fraction {0}/{1}""),",0.0,1591,1609
19,S1554,LocalizedFormats.java,330,"ZERO_FRACTION_TO_DIVIDE_BY(""the fraction to divide by must not be zero: {0}/{1}""),",0.0,1591,1609
19,S1555,LocalizedFormats.java,331,"ZERO_NORM(""zero norm""),",0.0,1591,1609
19,S1556,LocalizedFormats.java,332,"ZERO_NORM_FOR_ROTATION_AXIS(""zero norm for rotation axis""),",0.0,1591,1609
19,S1557,LocalizedFormats.java,333,"ZERO_NORM_FOR_ROTATION_DEFINING_VECTOR(""zero norm for rotation defining vector""),",0.0,1591,1609
19,S1558,LocalizedFormats.java,334,"ZERO_NOT_ALLOWED(""zero not allowed here"");",0.0,1591,1609
19,S1559,LocalizedFormats.java,347,private LocalizedFormats(final String sourceFormat) {,0.0,1591,1609
19,S1560,LocalizedFormats.java,348,this.sourceFormat = sourceFormat;,0.0,1591,1609
19,S1561,MathIllegalArgumentException.java,37,private final ExceptionContext context = new ExceptionContext();,0.0,1591,1609
19,S1562,MathIllegalArgumentException.java,44,Object ... args) {,0.0,1591,1609
19,S1563,MathIllegalArgumentException.java,45,"context.addMessage(pattern, args);",0.0,1591,1609
19,S1564,MathIllegalNumberException.java,46,"super(pattern, wrong, arguments);",0.0,1591,1609
19,S1565,MathIllegalNumberException.java,47,argument = wrong;,0.0,1591,1609
19,S1566,MathRuntimeException.java,300,return new IllegalArgumentException() {,0.0,1591,1609
19,S1568,MathUtils.java,440,return (FastMath.exp(x) + FastMath.exp(-x)) / 2.0;,0.0,1591,1609
19,S1569,MathUtils.java,1017,return new Double(value).hashCode();,0.0,1591,1609
19,S1570,MathUtils.java,1051,if (Double.isNaN(x)) {,0.0,1591,1609
19,S1571,MathUtils.java,1054,return (x >= 0.0) ? 1.0 : -1.0;,0.0,1591,1609
19,S1572,MathUtils.java,1629,return (FastMath.exp(x) - FastMath.exp(-x)) / 2.0;,0.0,1591,1609
19,S1573,MathUtils.java,1943,public static enum OrderDirection {,0.0,1591,1609
19,S1574,MathUtils.java,1945,"INCREASING,",0.0,1591,1609
19,S1575,MathUtils.java,1947,DECREASING,0.0,1591,1609
19,S1577,MathUtils.java,2332,throw new NullArgumentException();,0.0,1591,1609
19,S1578,NoBracketingException.java,51,"this(LocalizedFormats.SAME_SIGN_AT_ENDPOINTS, lo, hi, fLo, fHi);",0.0,1591,1609
19,S1579,NoBracketingException.java,68,"super(specific, lo, hi, fLo, fHi, args);",0.0,1591,1609
19,S1580,NoBracketingException.java,69,this.lo = lo;,0.0,1591,1609
19,S1581,NoBracketingException.java,70,this.hi = hi;,0.0,1591,1609
19,S1582,NoBracketingException.java,71,this.fLo = fLo;,0.0,1591,1609
19,S1583,NoBracketingException.java,72,this.fHi = fHi;,0.0,1591,1609
19,S1584,NullArgumentException.java,41,this(LocalizedFormats.NULL_NOT_ALLOWED);,0.0,1591,1609
19,S1585,NullArgumentException.java,50,"super(pattern, arguments);",0.0,1591,1609
19,S1586,NumberIsTooLargeException.java,67,"super(specific, wrong, max);",0.0,1591,1609
19,S1587,NumberIsTooLargeException.java,69,this.max = max;,0.0,1591,1609
19,S1588,NumberIsTooLargeException.java,70,this.boundIsAllowed = boundIsAllowed;,0.0,1591,1609
19,S1589,PolynomialFunction.java,67,super();,0.0,1591,1609
19,S1590,PolynomialFunction.java,68,MathUtils.checkNotNull(c);,0.0,1591,1609
19,S1591,PolynomialFunction.java,69,int n = c.length;,0.0,1591,1609
19,S1592,PolynomialFunction.java,70,if (n == 0) {,0.0,1591,1609
19,S1593,PolynomialFunction.java,73,while ((n > 1) && (c[n - 1] == 0)) {,0.0,1591,1609
19,S1594,PolynomialFunction.java,76,this.coefficients = new double[n];,0.0,1591,1609
19,S1595,PolynomialFunction.java,77,"System.arraycopy(c, 0, this.coefficients, 0, n);",0.0,1591,1609
19,S1596,PolynomialFunction.java,92,"return evaluate(coefficients, x);",0.0,1591,1609
19,S1597,PolynomialFunction.java,113,return coefficients.clone();,0.0,1591,1609
19,S1598,PolynomialFunction.java,128,MathUtils.checkNotNull(coefficients);,0.0,1591,1609
19,S1599,PolynomialFunction.java,129,int n = coefficients.length;,0.0,1591,1609
19,S1600,PolynomialFunction.java,130,if (n == 0) {,0.0,1591,1609
19,S1601,PolynomialFunction.java,133,double result = coefficients[n - 1];,0.0,1591,1609
19,S1602,PolynomialFunction.java,134,for (int j = n - 2; j >= 0; j--) {,0.0,1591,1609
19,S1603,PolynomialFunction.java,135,result = argument * result + coefficients[j];,0.0,1591,1609
19,S1604,PolynomialFunction.java,137,return result;,0.0,1591,1609
19,S1605,UnivariateRealSolverUtils.java,324,return (start < mid) && (mid < end);,0.0,1591,1609
19,S1606,UnivariateRealSolverUtils.java,336,if (lower >= upper) {,0.0,1591,1609
19,S1607,UnivariateRealSolverUtils.java,337,"throw new NumberIsTooLargeException(LocalizedFormats.ENDPOINTS_NOT_AN_INTERVAL,",0.0,1591,1609
19,S1608,UnivariateRealSolverUtils.java,354,"verifyInterval(lower, initial);",0.0,1591,1609
19,S1609,UnivariateRealSolverUtils.java,355,"verifyInterval(initial, upper);",0.0,1591,1609
