2026-08-07 14:07:24 [INFO] target.Csv_3b: ======================================================================
2026-08-07 14:07:24 [INFO] target.Csv_3b: TARGET Csv_3b  (project=Csv, vid=3b)  checkout=/home/saglam84/SFL_Slicing/projects/ResearchQ_PL2/defect_projects/Csv/csv_3b
2026-08-07 14:07:24 [INFO] target.Csv_3b: ======================================================================
2026-08-07 14:07:24 [INFO] target.Csv_3b: Running full test suite via `defects4j test` (baseline, untraced)...
2026-08-07 14:07:24 [INFO] target.Csv_3b: RUN: /usr/bin/time -v defects4j test  (cwd=/home/saglam84/SFL_Slicing/projects/ResearchQ_PL2/defect_projects/Csv/csv_3b)
2026-08-07 14:07:29 [INFO] target.Csv_3b: Baseline run: 5.0s, ground-truth failing tests (3): ['org.apache.commons.csv.CSVLexerTest::testEscapedCharacter', 'org.apache.commons.csv.CSVLexerTest::testEscapedMySqlNullValue', 'org.apache.commons.csv.CSVParserTest::testBackslashEscaping']
2026-08-07 14:07:29 [INFO] target.Csv_3b: RUN: defects4j export -p tests.relevant -o /home/saglam84/SFL_Slicing/projects/ResearchQ_PL2/resQ_outputs/work/Csv_3b/step1_tests/_relevant_test_classes.tmp.txt  (cwd=/home/saglam84/SFL_Slicing/projects/ResearchQ_PL2/defect_projects/Csv/csv_3b)
2026-08-07 14:07:30 [INFO] target.Csv_3b: RUN: defects4j export -p dir.src.tests -o /home/saglam84/SFL_Slicing/projects/ResearchQ_PL2/resQ_outputs/work/Csv_3b/step1_tests/_dir_src_tests.tmp.txt  (cwd=/home/saglam84/SFL_Slicing/projects/ResearchQ_PL2/defect_projects/Csv/csv_3b)
2026-08-07 14:07:32 [INFO] target.Csv_3b: RUN: defects4j test -t org.apache.commons.csv.CSVFileParserTest::testCSVFile  (cwd=/home/saglam84/SFL_Slicing/projects/ResearchQ_PL2/defect_projects/Csv/csv_3b)
2026-08-07 14:07:33 [WARNING] target.Csv_3b: Discrepancy for org.apache.commons.csv.CSVFileParserTest::testCSVFile: isolated=FAIL, full-suite-failing=False
2026-08-07 14:07:33 [INFO] target.Csv_3b: RUN: defects4j test -t org.apache.commons.csv.CSVLexerTest::testSurroundingSpacesAreDeleted  (cwd=/home/saglam84/SFL_Slicing/projects/ResearchQ_PL2/defect_projects/Csv/csv_3b)
2026-08-07 14:07:35 [INFO] target.Csv_3b: RUN: defects4j test -t org.apache.commons.csv.CSVLexerTest::testSurroundingTabsAreDeleted  (cwd=/home/saglam84/SFL_Slicing/projects/ResearchQ_PL2/defect_projects/Csv/csv_3b)
2026-08-07 14:07:38 [INFO] target.Csv_3b: RUN: defects4j test -t org.apache.commons.csv.CSVLexerTest::testIgnoreEmptyLines  (cwd=/home/saglam84/SFL_Slicing/projects/ResearchQ_PL2/defect_projects/Csv/csv_3b)
2026-08-07 14:07:40 [INFO] target.Csv_3b: RUN: defects4j test -t org.apache.commons.csv.CSVLexerTest::testComments  (cwd=/home/saglam84/SFL_Slicing/projects/ResearchQ_PL2/defect_projects/Csv/csv_3b)
2026-08-07 14:07:43 [INFO] target.Csv_3b: RUN: defects4j test -t org.apache.commons.csv.CSVLexerTest::testCommentsAndEmptyLines  (cwd=/home/saglam84/SFL_Slicing/projects/ResearchQ_PL2/defect_projects/Csv/csv_3b)
2026-08-07 14:07:45 [INFO] target.Csv_3b: RUN: defects4j test -t org.apache.commons.csv.CSVLexerTest::testBackslashWithoutEscaping  (cwd=/home/saglam84/SFL_Slicing/projects/ResearchQ_PL2/defect_projects/Csv/csv_3b)
2026-08-07 14:07:48 [INFO] target.Csv_3b: RUN: defects4j test -t org.apache.commons.csv.CSVLexerTest::testBackslashWithEscaping  (cwd=/home/saglam84/SFL_Slicing/projects/ResearchQ_PL2/defect_projects/Csv/csv_3b)
2026-08-07 14:07:50 [INFO] target.Csv_3b: RUN: defects4j test -t org.apache.commons.csv.CSVLexerTest::testNextToken4  (cwd=/home/saglam84/SFL_Slicing/projects/ResearchQ_PL2/defect_projects/Csv/csv_3b)
2026-08-07 14:07:53 [INFO] target.Csv_3b: RUN: defects4j test -t org.apache.commons.csv.CSVLexerTest::testNextToken5  (cwd=/home/saglam84/SFL_Slicing/projects/ResearchQ_PL2/defect_projects/Csv/csv_3b)
2026-08-07 14:07:55 [INFO] target.Csv_3b: RUN: defects4j test -t org.apache.commons.csv.CSVLexerTest::testNextToken6  (cwd=/home/saglam84/SFL_Slicing/projects/ResearchQ_PL2/defect_projects/Csv/csv_3b)
2026-08-07 14:07:57 [INFO] target.Csv_3b: RUN: defects4j test -t org.apache.commons.csv.CSVLexerTest::testDelimiterIsWhitespace  (cwd=/home/saglam84/SFL_Slicing/projects/ResearchQ_PL2/defect_projects/Csv/csv_3b)
2026-08-07 14:08:00 [INFO] target.Csv_3b: RUN: defects4j test -t org.apache.commons.csv.CSVLexerTest::testEscapedCR  (cwd=/home/saglam84/SFL_Slicing/projects/ResearchQ_PL2/defect_projects/Csv/csv_3b)
2026-08-07 14:08:02 [INFO] target.Csv_3b: RUN: defects4j test -t org.apache.commons.csv.CSVLexerTest::testEscapedLF  (cwd=/home/saglam84/SFL_Slicing/projects/ResearchQ_PL2/defect_projects/Csv/csv_3b)
2026-08-07 14:08:04 [INFO] target.Csv_3b: RUN: defects4j test -t org.apache.commons.csv.CSVLexerTest::testEscapedTab  (cwd=/home/saglam84/SFL_Slicing/projects/ResearchQ_PL2/defect_projects/Csv/csv_3b)
2026-08-07 14:08:06 [INFO] target.Csv_3b: RUN: defects4j test -t org.apache.commons.csv.CSVLexerTest::testEscapeBackspace  (cwd=/home/saglam84/SFL_Slicing/projects/ResearchQ_PL2/defect_projects/Csv/csv_3b)
2026-08-07 14:08:08 [INFO] target.Csv_3b: RUN: defects4j test -t org.apache.commons.csv.CSVLexerTest::testEscapeFF  (cwd=/home/saglam84/SFL_Slicing/projects/ResearchQ_PL2/defect_projects/Csv/csv_3b)
2026-08-07 14:08:11 [INFO] target.Csv_3b: RUN: defects4j test -t org.apache.commons.csv.CSVLexerTest::testEscapedMySqlNullValue  (cwd=/home/saglam84/SFL_Slicing/projects/ResearchQ_PL2/defect_projects/Csv/csv_3b)
2026-08-07 14:08:13 [INFO] target.Csv_3b: RUN: defects4j test -t org.apache.commons.csv.CSVLexerTest::testEscapedCharacter  (cwd=/home/saglam84/SFL_Slicing/projects/ResearchQ_PL2/defect_projects/Csv/csv_3b)
2026-08-07 14:08:15 [INFO] target.Csv_3b: RUN: defects4j test -t org.apache.commons.csv.CSVLexerTest::testEscapedControlCharacter  (cwd=/home/saglam84/SFL_Slicing/projects/ResearchQ_PL2/defect_projects/Csv/csv_3b)
2026-08-07 14:08:18 [INFO] target.Csv_3b: RUN: defects4j test -t org.apache.commons.csv.CSVLexerTest::testEscapedControlCharacter2  (cwd=/home/saglam84/SFL_Slicing/projects/ResearchQ_PL2/defect_projects/Csv/csv_3b)
2026-08-07 14:08:20 [INFO] target.Csv_3b: RUN: defects4j test -t org.apache.commons.csv.CSVLexerTest::testEscapingAtEOF  (cwd=/home/saglam84/SFL_Slicing/projects/ResearchQ_PL2/defect_projects/Csv/csv_3b)
2026-08-07 14:08:22 [INFO] target.Csv_3b: RUN: defects4j test -t org.apache.commons.csv.CSVParserTest::testGetLine  (cwd=/home/saglam84/SFL_Slicing/projects/ResearchQ_PL2/defect_projects/Csv/csv_3b)
2026-08-07 14:08:24 [INFO] target.Csv_3b: RUN: defects4j test -t org.apache.commons.csv.CSVParserTest::testGetRecords  (cwd=/home/saglam84/SFL_Slicing/projects/ResearchQ_PL2/defect_projects/Csv/csv_3b)
2026-08-07 14:08:26 [INFO] target.Csv_3b: RUN: defects4j test -t org.apache.commons.csv.CSVParserTest::testExcelFormat1  (cwd=/home/saglam84/SFL_Slicing/projects/ResearchQ_PL2/defect_projects/Csv/csv_3b)
2026-08-07 14:08:29 [INFO] target.Csv_3b: RUN: defects4j test -t org.apache.commons.csv.CSVParserTest::testExcelFormat2  (cwd=/home/saglam84/SFL_Slicing/projects/ResearchQ_PL2/defect_projects/Csv/csv_3b)
2026-08-07 14:08:31 [INFO] target.Csv_3b: RUN: defects4j test -t org.apache.commons.csv.CSVParserTest::testEndOfFileBehaviourExcel  (cwd=/home/saglam84/SFL_Slicing/projects/ResearchQ_PL2/defect_projects/Csv/csv_3b)
2026-08-07 14:08:33 [INFO] target.Csv_3b: RUN: defects4j test -t org.apache.commons.csv.CSVParserTest::testEndOfFileBehaviorCSV  (cwd=/home/saglam84/SFL_Slicing/projects/ResearchQ_PL2/defect_projects/Csv/csv_3b)
2026-08-07 14:08:35 [INFO] target.Csv_3b: RUN: defects4j test -t org.apache.commons.csv.CSVParserTest::testEmptyLineBehaviourExcel  (cwd=/home/saglam84/SFL_Slicing/projects/ResearchQ_PL2/defect_projects/Csv/csv_3b)
2026-08-07 14:08:38 [INFO] target.Csv_3b: RUN: defects4j test -t org.apache.commons.csv.CSVParserTest::testEmptyLineBehaviourCSV  (cwd=/home/saglam84/SFL_Slicing/projects/ResearchQ_PL2/defect_projects/Csv/csv_3b)
2026-08-07 14:08:40 [INFO] target.Csv_3b: RUN: defects4j test -t org.apache.commons.csv.CSVParserTest::testEmptyFile  (cwd=/home/saglam84/SFL_Slicing/projects/ResearchQ_PL2/defect_projects/Csv/csv_3b)
2026-08-07 14:08:42 [INFO] target.Csv_3b: RUN: defects4j test -t org.apache.commons.csv.CSVParserTest::testCSV57  (cwd=/home/saglam84/SFL_Slicing/projects/ResearchQ_PL2/defect_projects/Csv/csv_3b)
2026-08-07 14:08:44 [INFO] target.Csv_3b: RUN: defects4j test -t org.apache.commons.csv.CSVParserTest::testBackslashEscapingOld  (cwd=/home/saglam84/SFL_Slicing/projects/ResearchQ_PL2/defect_projects/Csv/csv_3b)
2026-08-07 14:08:45 [INFO] target.Csv_3b: RUN: defects4j test -t org.apache.commons.csv.CSVParserTest::testBackslashEscaping  (cwd=/home/saglam84/SFL_Slicing/projects/ResearchQ_PL2/defect_projects/Csv/csv_3b)
2026-08-07 14:08:48 [INFO] target.Csv_3b: RUN: defects4j test -t org.apache.commons.csv.CSVParserTest::testBackslashEscaping2  (cwd=/home/saglam84/SFL_Slicing/projects/ResearchQ_PL2/defect_projects/Csv/csv_3b)
2026-08-07 14:08:50 [INFO] target.Csv_3b: RUN: defects4j test -t org.apache.commons.csv.CSVParserTest::testDefaultFormat  (cwd=/home/saglam84/SFL_Slicing/projects/ResearchQ_PL2/defect_projects/Csv/csv_3b)
2026-08-07 14:08:53 [INFO] target.Csv_3b: RUN: defects4j test -t org.apache.commons.csv.CSVParserTest::testCarriageReturnLineFeedEndings  (cwd=/home/saglam84/SFL_Slicing/projects/ResearchQ_PL2/defect_projects/Csv/csv_3b)
2026-08-07 14:08:55 [INFO] target.Csv_3b: RUN: defects4j test -t org.apache.commons.csv.CSVParserTest::testCarriageReturnEndings  (cwd=/home/saglam84/SFL_Slicing/projects/ResearchQ_PL2/defect_projects/Csv/csv_3b)
2026-08-07 14:08:57 [INFO] target.Csv_3b: RUN: defects4j test -t org.apache.commons.csv.CSVParserTest::testLineFeedEndings  (cwd=/home/saglam84/SFL_Slicing/projects/ResearchQ_PL2/defect_projects/Csv/csv_3b)
2026-08-07 14:09:00 [INFO] target.Csv_3b: RUN: defects4j test -t org.apache.commons.csv.CSVParserTest::testIgnoreEmptyLines  (cwd=/home/saglam84/SFL_Slicing/projects/ResearchQ_PL2/defect_projects/Csv/csv_3b)
2026-08-07 14:09:03 [INFO] target.Csv_3b: RUN: defects4j test -t org.apache.commons.csv.CSVParserTest::testForEach  (cwd=/home/saglam84/SFL_Slicing/projects/ResearchQ_PL2/defect_projects/Csv/csv_3b)
2026-08-07 14:09:05 [INFO] target.Csv_3b: RUN: defects4j test -t org.apache.commons.csv.CSVParserTest::testRoundtrip  (cwd=/home/saglam84/SFL_Slicing/projects/ResearchQ_PL2/defect_projects/Csv/csv_3b)
2026-08-07 14:09:07 [INFO] target.Csv_3b: RUN: defects4j test -t org.apache.commons.csv.CSVParserTest::testIterator  (cwd=/home/saglam84/SFL_Slicing/projects/ResearchQ_PL2/defect_projects/Csv/csv_3b)
2026-08-07 14:09:10 [INFO] target.Csv_3b: RUN: defects4j test -t org.apache.commons.csv.CSVParserTest::testHeader  (cwd=/home/saglam84/SFL_Slicing/projects/ResearchQ_PL2/defect_projects/Csv/csv_3b)
2026-08-07 14:09:12 [INFO] target.Csv_3b: RUN: defects4j test -t org.apache.commons.csv.CSVParserTest::testHeaderComment  (cwd=/home/saglam84/SFL_Slicing/projects/ResearchQ_PL2/defect_projects/Csv/csv_3b)
2026-08-07 14:09:14 [INFO] target.Csv_3b: RUN: defects4j test -t org.apache.commons.csv.CSVParserTest::testProvidedHeader  (cwd=/home/saglam84/SFL_Slicing/projects/ResearchQ_PL2/defect_projects/Csv/csv_3b)
2026-08-07 14:09:16 [INFO] target.Csv_3b: RUN: defects4j test -t org.apache.commons.csv.CSVParserTest::testMappedButNotSetAsOutlook2007ContactExport  (cwd=/home/saglam84/SFL_Slicing/projects/ResearchQ_PL2/defect_projects/Csv/csv_3b)
2026-08-07 14:09:19 [INFO] target.Csv_3b: RUN: defects4j test -t org.apache.commons.csv.CSVParserTest::testGetHeaderMap  (cwd=/home/saglam84/SFL_Slicing/projects/ResearchQ_PL2/defect_projects/Csv/csv_3b)
2026-08-07 14:09:22 [INFO] target.Csv_3b: RUN: defects4j test -t org.apache.commons.csv.CSVParserTest::testGetLineNumberWithLF  (cwd=/home/saglam84/SFL_Slicing/projects/ResearchQ_PL2/defect_projects/Csv/csv_3b)
2026-08-07 14:09:24 [INFO] target.Csv_3b: RUN: defects4j test -t org.apache.commons.csv.CSVParserTest::testGetLineNumberWithCRLF  (cwd=/home/saglam84/SFL_Slicing/projects/ResearchQ_PL2/defect_projects/Csv/csv_3b)
2026-08-07 14:09:26 [INFO] target.Csv_3b: RUN: defects4j test -t org.apache.commons.csv.CSVParserTest::testGetLineNumberWithCR  (cwd=/home/saglam84/SFL_Slicing/projects/ResearchQ_PL2/defect_projects/Csv/csv_3b)
2026-08-07 14:09:29 [INFO] target.Csv_3b: RUN: defects4j test -t org.apache.commons.csv.CSVParserTest::testGetRecordNumberWithLF  (cwd=/home/saglam84/SFL_Slicing/projects/ResearchQ_PL2/defect_projects/Csv/csv_3b)
2026-08-07 14:09:32 [INFO] target.Csv_3b: RUN: defects4j test -t org.apache.commons.csv.CSVParserTest::testGetRecordWithMultiiLineValues  (cwd=/home/saglam84/SFL_Slicing/projects/ResearchQ_PL2/defect_projects/Csv/csv_3b)
2026-08-07 14:09:34 [INFO] target.Csv_3b: RUN: defects4j test -t org.apache.commons.csv.CSVParserTest::testGetRecordNumberWithCRLF  (cwd=/home/saglam84/SFL_Slicing/projects/ResearchQ_PL2/defect_projects/Csv/csv_3b)
2026-08-07 14:09:36 [INFO] target.Csv_3b: RUN: defects4j test -t org.apache.commons.csv.CSVParserTest::testGetRecordNumberWithCR  (cwd=/home/saglam84/SFL_Slicing/projects/ResearchQ_PL2/defect_projects/Csv/csv_3b)
2026-08-07 14:09:39 [INFO] target.Csv_3b: RUN: defects4j test -t org.apache.commons.csv.CSVPrinterTest::testDisabledComment  (cwd=/home/saglam84/SFL_Slicing/projects/ResearchQ_PL2/defect_projects/Csv/csv_3b)
2026-08-07 14:09:41 [INFO] target.Csv_3b: RUN: defects4j test -t org.apache.commons.csv.CSVPrinterTest::testExcelPrintAllArrayOfArrays  (cwd=/home/saglam84/SFL_Slicing/projects/ResearchQ_PL2/defect_projects/Csv/csv_3b)
2026-08-07 14:09:43 [INFO] target.Csv_3b: RUN: defects4j test -t org.apache.commons.csv.CSVPrinterTest::testExcelPrintAllArrayOfLists  (cwd=/home/saglam84/SFL_Slicing/projects/ResearchQ_PL2/defect_projects/Csv/csv_3b)
2026-08-07 14:09:46 [INFO] target.Csv_3b: RUN: defects4j test -t org.apache.commons.csv.CSVPrinterTest::testExcelPrintAllIterableOfArrays  (cwd=/home/saglam84/SFL_Slicing/projects/ResearchQ_PL2/defect_projects/Csv/csv_3b)
2026-08-07 14:09:48 [INFO] target.Csv_3b: RUN: defects4j test -t org.apache.commons.csv.CSVPrinterTest::testExcelPrintAllIterableOfLists  (cwd=/home/saglam84/SFL_Slicing/projects/ResearchQ_PL2/defect_projects/Csv/csv_3b)
2026-08-07 14:09:50 [INFO] target.Csv_3b: RUN: defects4j test -t org.apache.commons.csv.CSVPrinterTest::testExcelPrinter1  (cwd=/home/saglam84/SFL_Slicing/projects/ResearchQ_PL2/defect_projects/Csv/csv_3b)
2026-08-07 14:09:52 [INFO] target.Csv_3b: RUN: defects4j test -t org.apache.commons.csv.CSVPrinterTest::testExcelPrinter2  (cwd=/home/saglam84/SFL_Slicing/projects/ResearchQ_PL2/defect_projects/Csv/csv_3b)
2026-08-07 14:09:55 [INFO] target.Csv_3b: RUN: defects4j test -t org.apache.commons.csv.CSVPrinterTest::testJdbcPrinter  (cwd=/home/saglam84/SFL_Slicing/projects/ResearchQ_PL2/defect_projects/Csv/csv_3b)
2026-08-07 14:09:57 [INFO] target.Csv_3b: RUN: defects4j test -t org.apache.commons.csv.CSVPrinterTest::testMultiLineComment  (cwd=/home/saglam84/SFL_Slicing/projects/ResearchQ_PL2/defect_projects/Csv/csv_3b)
2026-08-07 14:09:59 [INFO] target.Csv_3b: RUN: defects4j test -t org.apache.commons.csv.CSVPrinterTest::testPrinter1  (cwd=/home/saglam84/SFL_Slicing/projects/ResearchQ_PL2/defect_projects/Csv/csv_3b)
2026-08-07 14:10:01 [INFO] target.Csv_3b: RUN: defects4j test -t org.apache.commons.csv.CSVPrinterTest::testPrinter2  (cwd=/home/saglam84/SFL_Slicing/projects/ResearchQ_PL2/defect_projects/Csv/csv_3b)
2026-08-07 14:10:04 [INFO] target.Csv_3b: RUN: defects4j test -t org.apache.commons.csv.CSVPrinterTest::testPrinter3  (cwd=/home/saglam84/SFL_Slicing/projects/ResearchQ_PL2/defect_projects/Csv/csv_3b)
2026-08-07 14:10:06 [INFO] target.Csv_3b: RUN: defects4j test -t org.apache.commons.csv.CSVPrinterTest::testPrinter4  (cwd=/home/saglam84/SFL_Slicing/projects/ResearchQ_PL2/defect_projects/Csv/csv_3b)
2026-08-07 14:10:08 [INFO] target.Csv_3b: RUN: defects4j test -t org.apache.commons.csv.CSVPrinterTest::testPrinter5  (cwd=/home/saglam84/SFL_Slicing/projects/ResearchQ_PL2/defect_projects/Csv/csv_3b)
2026-08-07 14:10:10 [INFO] target.Csv_3b: RUN: defects4j test -t org.apache.commons.csv.CSVPrinterTest::testPrinter6  (cwd=/home/saglam84/SFL_Slicing/projects/ResearchQ_PL2/defect_projects/Csv/csv_3b)
2026-08-07 14:10:12 [INFO] target.Csv_3b: RUN: defects4j test -t org.apache.commons.csv.CSVPrinterTest::testPrinter7  (cwd=/home/saglam84/SFL_Slicing/projects/ResearchQ_PL2/defect_projects/Csv/csv_3b)
2026-08-07 14:10:15 [INFO] target.Csv_3b: RUN: defects4j test -t org.apache.commons.csv.CSVPrinterTest::testPrintNullValues  (cwd=/home/saglam84/SFL_Slicing/projects/ResearchQ_PL2/defect_projects/Csv/csv_3b)
2026-08-07 14:10:17 [INFO] target.Csv_3b: RUN: defects4j test -t org.apache.commons.csv.CSVPrinterTest::testPrintCustomNullValues  (cwd=/home/saglam84/SFL_Slicing/projects/ResearchQ_PL2/defect_projects/Csv/csv_3b)
2026-08-07 14:10:19 [INFO] target.Csv_3b: RUN: defects4j test -t org.apache.commons.csv.CSVPrinterTest::testQuoteAll  (cwd=/home/saglam84/SFL_Slicing/projects/ResearchQ_PL2/defect_projects/Csv/csv_3b)
2026-08-07 14:10:21 [INFO] target.Csv_3b: RUN: defects4j test -t org.apache.commons.csv.CSVPrinterTest::testQuoteNonNumeric  (cwd=/home/saglam84/SFL_Slicing/projects/ResearchQ_PL2/defect_projects/Csv/csv_3b)
2026-08-07 14:10:24 [INFO] target.Csv_3b: RUN: defects4j test -t org.apache.commons.csv.CSVPrinterTest::testRandom  (cwd=/home/saglam84/SFL_Slicing/projects/ResearchQ_PL2/defect_projects/Csv/csv_3b)
2026-08-07 14:10:27 [INFO] target.Csv_3b: RUN: defects4j test -t org.apache.commons.csv.CSVPrinterTest::testSingleLineComment  (cwd=/home/saglam84/SFL_Slicing/projects/ResearchQ_PL2/defect_projects/Csv/csv_3b)
2026-08-07 14:10:29 [INFO] target.Csv_3b: Step1: 77 test(s) executed (4 FAIL, 73 PASS).
2026-08-07 14:10:29 [INFO] target.Csv_3b: Step1: Target Variable Pool has 3 row(s) (1 Correct, 2 Incorrect).
2026-08-07 14:10:29 [INFO] target.Csv_3b: RUN: defects4j export -p dir.bin.classes -o /home/saglam84/SFL_Slicing/projects/ResearchQ_PL2/resQ_outputs/work/Csv_3b/step2_slicing/_dir_bin_classes.tmp.txt  (cwd=/home/saglam84/SFL_Slicing/projects/ResearchQ_PL2/defect_projects/Csv/csv_3b)
2026-08-07 14:10:30 [INFO] target.Csv_3b: RUN: defects4j export -p dir.bin.tests -o /home/saglam84/SFL_Slicing/projects/ResearchQ_PL2/resQ_outputs/work/Csv_3b/step2_slicing/_dir_bin_tests.tmp.txt  (cwd=/home/saglam84/SFL_Slicing/projects/ResearchQ_PL2/defect_projects/Csv/csv_3b)
2026-08-07 14:10:30 [INFO] target.Csv_3b: RUN: jar cf /home/saglam84/SFL_Slicing/projects/ResearchQ_PL2/resQ_outputs/work/Csv_3b/step2_slicing/instrumentable.jar -C /home/saglam84/SFL_Slicing/projects/ResearchQ_PL2/resQ_outputs/work/Csv_3b/step2_slicing/_jar_staging .  (cwd=/home/saglam84/SFL_Slicing/projects/ResearchQ_PL2/defect_projects/Csv/csv_3b)
2026-08-07 14:10:31 [INFO] target.Csv_3b: Built instrumentable jar at /home/saglam84/SFL_Slicing/projects/ResearchQ_PL2/resQ_outputs/work/Csv_3b/step2_slicing/instrumentable.jar
2026-08-07 14:10:31 [INFO] target.Csv_3b: RUN: defects4j export -p cp.test -o /home/saglam84/SFL_Slicing/projects/ResearchQ_PL2/resQ_outputs/work/Csv_3b/step2_slicing/_cp_test.tmp.txt  (cwd=/home/saglam84/SFL_Slicing/projects/ResearchQ_PL2/defect_projects/Csv/csv_3b)
2026-08-07 14:10:32 [INFO] target.Csv_3b: Built deduplicated dependency dir with 12 jar(s) at /home/saglam84/SFL_Slicing/projects/ResearchQ_PL2/resQ_outputs/work/Csv_3b/step2_slicing/_dep_jars
2026-08-07 14:10:32 [INFO] target.Csv_3b: RUN: /usr/bin/time -v python3 /home/saglam84/SFL_Slicing/tools/Slicer4J/scripts/slicer4j.py -j /home/saglam84/SFL_Slicing/projects/ResearchQ_PL2/resQ_outputs/work/Csv_3b/step2_slicing/instrumentable.jar -o /home/saglam84/SFL_Slicing/projects/ResearchQ_PL2/resQ_outputs/work/Csv_3b/step2_slicing/_slicer4j_failing/testEscapedMySqlNullValue_lexer_L335_F_1 -b org.apache.commons.csv.CSVLexerTest:335 -v lexer -tc org.apache.commons.csv.CSVLexerTest -tm testEscapedMySqlNullValue -dep /home/saglam84/SFL_Slicing/projects/ResearchQ_PL2/resQ_outputs/work/Csv_3b/step2_slicing/_dep_jars  (cwd=/home/saglam84/SFL_Slicing/projects/ResearchQ_PL2/defect_projects/Csv/csv_3b)
2026-08-07 14:10:39 [INFO] target.Csv_3b: [testEscapedMySqlNullValue_lexer_L335_F_1] Slicer4J OK on attempt 1/5 for org.apache.commons.csv.CSVLexerTest::testEscapedMySqlNullValue @ org.apache.commons.csv.CSVLexerTest:335 var=lexer
2026-08-07 14:10:39 [INFO] target.Csv_3b: RUN: /usr/bin/time -v python3 /home/saglam84/SFL_Slicing/tools/Slicer4J/scripts/slicer4j.py -j /home/saglam84/SFL_Slicing/projects/ResearchQ_PL2/resQ_outputs/work/Csv_3b/step2_slicing/instrumentable.jar -o /home/saglam84/SFL_Slicing/projects/ResearchQ_PL2/resQ_outputs/work/Csv_3b/step2_slicing/_slicer4j_failing/testEscapedCharacter_lexer_L341_F_2 -b org.apache.commons.csv.CSVLexerTest:341 -v lexer -tc org.apache.commons.csv.CSVLexerTest -tm testEscapedCharacter -dep /home/saglam84/SFL_Slicing/projects/ResearchQ_PL2/resQ_outputs/work/Csv_3b/step2_slicing/_dep_jars  (cwd=/home/saglam84/SFL_Slicing/projects/ResearchQ_PL2/defect_projects/Csv/csv_3b)
2026-08-07 14:10:47 [INFO] target.Csv_3b: [testEscapedCharacter_lexer_L341_F_2] Slicer4J OK on attempt 1/5 for org.apache.commons.csv.CSVLexerTest::testEscapedCharacter @ org.apache.commons.csv.CSVLexerTest:341 var=lexer
2026-08-07 14:10:47 [INFO] target.Csv_3b: RUN: /usr/bin/time -v python3 /home/saglam84/SFL_Slicing/tools/Slicer4J/scripts/slicer4j.py -j /home/saglam84/SFL_Slicing/projects/ResearchQ_PL2/resQ_outputs/work/Csv_3b/step2_slicing/instrumentable.jar -o /home/saglam84/SFL_Slicing/projects/ResearchQ_PL2/resQ_outputs/work/Csv_3b/step2_slicing/_slicer4j_failing/testBackslashEscaping_records_L320_F_3 -b org.apache.commons.csv.CSVParserTest:320 -v records -tc org.apache.commons.csv.CSVParserTest -tm testBackslashEscaping -dep /home/saglam84/SFL_Slicing/projects/ResearchQ_PL2/resQ_outputs/work/Csv_3b/step2_slicing/_dep_jars  (cwd=/home/saglam84/SFL_Slicing/projects/ResearchQ_PL2/defect_projects/Csv/csv_3b)
2026-08-07 14:10:59 [INFO] target.Csv_3b: [testBackslashEscaping_records_L320_F_3] Slicer4J OK on attempt 1/5 for org.apache.commons.csv.CSVParserTest::testBackslashEscaping @ org.apache.commons.csv.CSVParserTest:320 var=records
2026-08-07 14:10:59 [INFO] target.Csv_3b: RUN: defects4j export -p dir.src.tests -o /home/saglam84/SFL_Slicing/projects/ResearchQ_PL2/resQ_outputs/work/Csv_3b/step2_slicing/_dir_src_tests.tmp.txt  (cwd=/home/saglam84/SFL_Slicing/projects/ResearchQ_PL2/defect_projects/Csv/csv_3b)
2026-08-07 14:11:00 [INFO] target.Csv_3b: Step2: 48 passing-test assertion(s) matched the Target Variable Pool (out of 73 passing tests scanned).
2026-08-07 14:11:00 [INFO] target.Csv_3b: RUN: /usr/bin/time -v python3 /home/saglam84/SFL_Slicing/tools/Slicer4J/scripts/slicer4j.py -j /home/saglam84/SFL_Slicing/projects/ResearchQ_PL2/resQ_outputs/work/Csv_3b/step2_slicing/instrumentable.jar -o /home/saglam84/SFL_Slicing/projects/ResearchQ_PL2/resQ_outputs/work/Csv_3b/step2_slicing/_slicer4j_passed/testEscapedCR_lexer_L304_P_1 -b org.apache.commons.csv.CSVLexerTest:304 -v lexer -tc org.apache.commons.csv.CSVLexerTest -tm testEscapedCR -dep /home/saglam84/SFL_Slicing/projects/ResearchQ_PL2/resQ_outputs/work/Csv_3b/step2_slicing/_dep_jars  (cwd=/home/saglam84/SFL_Slicing/projects/ResearchQ_PL2/defect_projects/Csv/csv_3b)
2026-08-07 14:11:07 [INFO] target.Csv_3b: [testEscapedCR_lexer_L304_P_1] Slicer4J OK on attempt 1/5 for org.apache.commons.csv.CSVLexerTest::testEscapedCR @ org.apache.commons.csv.CSVLexerTest:304 var=lexer
2026-08-07 14:11:07 [INFO] target.Csv_3b: RUN: /usr/bin/time -v python3 /home/saglam84/SFL_Slicing/tools/Slicer4J/scripts/slicer4j.py -j /home/saglam84/SFL_Slicing/projects/ResearchQ_PL2/resQ_outputs/work/Csv_3b/step2_slicing/instrumentable.jar -o /home/saglam84/SFL_Slicing/projects/ResearchQ_PL2/resQ_outputs/work/Csv_3b/step2_slicing/_slicer4j_passed/testEscapedLF_lexer_L310_P_2 -b org.apache.commons.csv.CSVLexerTest:310 -v lexer -tc org.apache.commons.csv.CSVLexerTest -tm testEscapedLF -dep /home/saglam84/SFL_Slicing/projects/ResearchQ_PL2/resQ_outputs/work/Csv_3b/step2_slicing/_dep_jars  (cwd=/home/saglam84/SFL_Slicing/projects/ResearchQ_PL2/defect_projects/Csv/csv_3b)
2026-08-07 14:11:24 [INFO] target.Csv_3b: [testEscapedLF_lexer_L310_P_2] Slicer4J OK on attempt 1/5 for org.apache.commons.csv.CSVLexerTest::testEscapedLF @ org.apache.commons.csv.CSVLexerTest:310 var=lexer
2026-08-07 14:11:24 [INFO] target.Csv_3b: RUN: /usr/bin/time -v python3 /home/saglam84/SFL_Slicing/tools/Slicer4J/scripts/slicer4j.py -j /home/saglam84/SFL_Slicing/projects/ResearchQ_PL2/resQ_outputs/work/Csv_3b/step2_slicing/instrumentable.jar -o /home/saglam84/SFL_Slicing/projects/ResearchQ_PL2/resQ_outputs/work/Csv_3b/step2_slicing/_slicer4j_passed/testEscapedTab_lexer_L316_P_3 -b org.apache.commons.csv.CSVLexerTest:316 -v lexer -tc org.apache.commons.csv.CSVLexerTest -tm testEscapedTab -dep /home/saglam84/SFL_Slicing/projects/ResearchQ_PL2/resQ_outputs/work/Csv_3b/step2_slicing/_dep_jars  (cwd=/home/saglam84/SFL_Slicing/projects/ResearchQ_PL2/defect_projects/Csv/csv_3b)
2026-08-07 14:11:33 [INFO] target.Csv_3b: [testEscapedTab_lexer_L316_P_3] Slicer4J OK on attempt 1/5 for org.apache.commons.csv.CSVLexerTest::testEscapedTab @ org.apache.commons.csv.CSVLexerTest:316 var=lexer
2026-08-07 14:11:33 [INFO] target.Csv_3b: RUN: /usr/bin/time -v python3 /home/saglam84/SFL_Slicing/tools/Slicer4J/scripts/slicer4j.py -j /home/saglam84/SFL_Slicing/projects/ResearchQ_PL2/resQ_outputs/work/Csv_3b/step2_slicing/instrumentable.jar -o /home/saglam84/SFL_Slicing/projects/ResearchQ_PL2/resQ_outputs/work/Csv_3b/step2_slicing/_slicer4j_passed/testEscapeBackspace_lexer_L322_P_4 -b org.apache.commons.csv.CSVLexerTest:322 -v lexer -tc org.apache.commons.csv.CSVLexerTest -tm testEscapeBackspace -dep /home/saglam84/SFL_Slicing/projects/ResearchQ_PL2/resQ_outputs/work/Csv_3b/step2_slicing/_dep_jars  (cwd=/home/saglam84/SFL_Slicing/projects/ResearchQ_PL2/defect_projects/Csv/csv_3b)
2026-08-07 14:11:39 [INFO] target.Csv_3b: [testEscapeBackspace_lexer_L322_P_4] Slicer4J OK on attempt 1/5 for org.apache.commons.csv.CSVLexerTest::testEscapeBackspace @ org.apache.commons.csv.CSVLexerTest:322 var=lexer
2026-08-07 14:11:39 [INFO] target.Csv_3b: RUN: /usr/bin/time -v python3 /home/saglam84/SFL_Slicing/tools/Slicer4J/scripts/slicer4j.py -j /home/saglam84/SFL_Slicing/projects/ResearchQ_PL2/resQ_outputs/work/Csv_3b/step2_slicing/instrumentable.jar -o /home/saglam84/SFL_Slicing/projects/ResearchQ_PL2/resQ_outputs/work/Csv_3b/step2_slicing/_slicer4j_passed/testEscapeFF_lexer_L328_P_5 -b org.apache.commons.csv.CSVLexerTest:328 -v lexer -tc org.apache.commons.csv.CSVLexerTest -tm testEscapeFF -dep /home/saglam84/SFL_Slicing/projects/ResearchQ_PL2/resQ_outputs/work/Csv_3b/step2_slicing/_dep_jars  (cwd=/home/saglam84/SFL_Slicing/projects/ResearchQ_PL2/defect_projects/Csv/csv_3b)
2026-08-07 14:11:46 [INFO] target.Csv_3b: [testEscapeFF_lexer_L328_P_5] Slicer4J OK on attempt 1/5 for org.apache.commons.csv.CSVLexerTest::testEscapeFF @ org.apache.commons.csv.CSVLexerTest:328 var=lexer
2026-08-07 14:11:46 [INFO] target.Csv_3b: RUN: /usr/bin/time -v python3 /home/saglam84/SFL_Slicing/tools/Slicer4J/scripts/slicer4j.py -j /home/saglam84/SFL_Slicing/projects/ResearchQ_PL2/resQ_outputs/work/Csv_3b/step2_slicing/instrumentable.jar -o /home/saglam84/SFL_Slicing/projects/ResearchQ_PL2/resQ_outputs/work/Csv_3b/step2_slicing/_slicer4j_passed/testEscapedControlCharacter_lexer_L348_P_6 -b org.apache.commons.csv.CSVLexerTest:348 -v lexer -tc org.apache.commons.csv.CSVLexerTest -tm testEscapedControlCharacter -dep /home/saglam84/SFL_Slicing/projects/ResearchQ_PL2/resQ_outputs/work/Csv_3b/step2_slicing/_dep_jars  (cwd=/home/saglam84/SFL_Slicing/projects/ResearchQ_PL2/defect_projects/Csv/csv_3b)
2026-08-07 14:11:53 [INFO] target.Csv_3b: [testEscapedControlCharacter_lexer_L348_P_6] Slicer4J OK on attempt 1/5 for org.apache.commons.csv.CSVLexerTest::testEscapedControlCharacter @ org.apache.commons.csv.CSVLexerTest:348 var=lexer
2026-08-07 14:11:53 [INFO] target.Csv_3b: RUN: /usr/bin/time -v python3 /home/saglam84/SFL_Slicing/tools/Slicer4J/scripts/slicer4j.py -j /home/saglam84/SFL_Slicing/projects/ResearchQ_PL2/resQ_outputs/work/Csv_3b/step2_slicing/instrumentable.jar -o /home/saglam84/SFL_Slicing/projects/ResearchQ_PL2/resQ_outputs/work/Csv_3b/step2_slicing/_slicer4j_passed/testEscapedControlCharacter2_lexer_L354_P_7 -b org.apache.commons.csv.CSVLexerTest:354 -v lexer -tc org.apache.commons.csv.CSVLexerTest -tm testEscapedControlCharacter2 -dep /home/saglam84/SFL_Slicing/projects/ResearchQ_PL2/resQ_outputs/work/Csv_3b/step2_slicing/_dep_jars  (cwd=/home/saglam84/SFL_Slicing/projects/ResearchQ_PL2/defect_projects/Csv/csv_3b)
2026-08-07 14:12:00 [INFO] target.Csv_3b: [testEscapedControlCharacter2_lexer_L354_P_7] Slicer4J OK on attempt 1/5 for org.apache.commons.csv.CSVLexerTest::testEscapedControlCharacter2 @ org.apache.commons.csv.CSVLexerTest:354 var=lexer
2026-08-07 14:12:00 [INFO] target.Csv_3b: RUN: /usr/bin/time -v python3 /home/saglam84/SFL_Slicing/tools/Slicer4J/scripts/slicer4j.py -j /home/saglam84/SFL_Slicing/projects/ResearchQ_PL2/resQ_outputs/work/Csv_3b/step2_slicing/instrumentable.jar -o /home/saglam84/SFL_Slicing/projects/ResearchQ_PL2/resQ_outputs/work/Csv_3b/step2_slicing/_slicer4j_passed/testGetRecords_records_L86_P_8 -b org.apache.commons.csv.CSVParserTest:86 -v records -tc org.apache.commons.csv.CSVParserTest -tm testGetRecords -dep /home/saglam84/SFL_Slicing/projects/ResearchQ_PL2/resQ_outputs/work/Csv_3b/step2_slicing/_dep_jars  (cwd=/home/saglam84/SFL_Slicing/projects/ResearchQ_PL2/defect_projects/Csv/csv_3b)
2026-08-07 14:12:07 [INFO] target.Csv_3b: [testGetRecords_records_L86_P_8] Slicer4J OK on attempt 1/5 for org.apache.commons.csv.CSVParserTest::testGetRecords @ org.apache.commons.csv.CSVParserTest:86 var=records
2026-08-07 14:12:07 [INFO] target.Csv_3b: RUN: /usr/bin/time -v python3 /home/saglam84/SFL_Slicing/tools/Slicer4J/scripts/slicer4j.py -j /home/saglam84/SFL_Slicing/projects/ResearchQ_PL2/resQ_outputs/work/Csv_3b/step2_slicing/instrumentable.jar -o /home/saglam84/SFL_Slicing/projects/ResearchQ_PL2/resQ_outputs/work/Csv_3b/step2_slicing/_slicer4j_passed/testGetRecords_records_L87_P_9 -b org.apache.commons.csv.CSVParserTest:87 -v records -tc org.apache.commons.csv.CSVParserTest -tm testGetRecords -dep /home/saglam84/SFL_Slicing/projects/ResearchQ_PL2/resQ_outputs/work/Csv_3b/step2_slicing/_dep_jars  (cwd=/home/saglam84/SFL_Slicing/projects/ResearchQ_PL2/defect_projects/Csv/csv_3b)
2026-08-07 14:12:17 [INFO] target.Csv_3b: [testGetRecords_records_L87_P_9] Slicer4J OK on attempt 1/5 for org.apache.commons.csv.CSVParserTest::testGetRecords @ org.apache.commons.csv.CSVParserTest:87 var=records
2026-08-07 14:12:17 [INFO] target.Csv_3b: RUN: /usr/bin/time -v python3 /home/saglam84/SFL_Slicing/tools/Slicer4J/scripts/slicer4j.py -j /home/saglam84/SFL_Slicing/projects/ResearchQ_PL2/resQ_outputs/work/Csv_3b/step2_slicing/instrumentable.jar -o /home/saglam84/SFL_Slicing/projects/ResearchQ_PL2/resQ_outputs/work/Csv_3b/step2_slicing/_slicer4j_passed/testGetRecords_records_L89_P_10 -b org.apache.commons.csv.CSVParserTest:89 -v records -tc org.apache.commons.csv.CSVParserTest -tm testGetRecords -dep /home/saglam84/SFL_Slicing/projects/ResearchQ_PL2/resQ_outputs/work/Csv_3b/step2_slicing/_dep_jars  (cwd=/home/saglam84/SFL_Slicing/projects/ResearchQ_PL2/defect_projects/Csv/csv_3b)
2026-08-07 14:12:24 [INFO] target.Csv_3b: [testGetRecords_records_L89_P_10] Slicer4J OK on attempt 1/5 for org.apache.commons.csv.CSVParserTest::testGetRecords @ org.apache.commons.csv.CSVParserTest:89 var=records
2026-08-07 14:12:24 [INFO] target.Csv_3b: RUN: /usr/bin/time -v python3 /home/saglam84/SFL_Slicing/tools/Slicer4J/scripts/slicer4j.py -j /home/saglam84/SFL_Slicing/projects/ResearchQ_PL2/resQ_outputs/work/Csv_3b/step2_slicing/instrumentable.jar -o /home/saglam84/SFL_Slicing/projects/ResearchQ_PL2/resQ_outputs/work/Csv_3b/step2_slicing/_slicer4j_passed/testExcelFormat1_records_L107_P_11 -b org.apache.commons.csv.CSVParserTest:107 -v records -tc org.apache.commons.csv.CSVParserTest -tm testExcelFormat1 -dep /home/saglam84/SFL_Slicing/projects/ResearchQ_PL2/resQ_outputs/work/Csv_3b/step2_slicing/_dep_jars  (cwd=/home/saglam84/SFL_Slicing/projects/ResearchQ_PL2/defect_projects/Csv/csv_3b)
2026-08-07 14:12:31 [INFO] target.Csv_3b: [testExcelFormat1_records_L107_P_11] Slicer4J OK on attempt 1/5 for org.apache.commons.csv.CSVParserTest::testExcelFormat1 @ org.apache.commons.csv.CSVParserTest:107 var=records
2026-08-07 14:12:31 [INFO] target.Csv_3b: RUN: /usr/bin/time -v python3 /home/saglam84/SFL_Slicing/tools/Slicer4J/scripts/slicer4j.py -j /home/saglam84/SFL_Slicing/projects/ResearchQ_PL2/resQ_outputs/work/Csv_3b/step2_slicing/instrumentable.jar -o /home/saglam84/SFL_Slicing/projects/ResearchQ_PL2/resQ_outputs/work/Csv_3b/step2_slicing/_slicer4j_passed/testExcelFormat1_records_L108_P_12 -b org.apache.commons.csv.CSVParserTest:108 -v records -tc org.apache.commons.csv.CSVParserTest -tm testExcelFormat1 -dep /home/saglam84/SFL_Slicing/projects/ResearchQ_PL2/resQ_outputs/work/Csv_3b/step2_slicing/_dep_jars  (cwd=/home/saglam84/SFL_Slicing/projects/ResearchQ_PL2/defect_projects/Csv/csv_3b)
2026-08-07 14:12:39 [INFO] target.Csv_3b: [testExcelFormat1_records_L108_P_12] Slicer4J OK on attempt 1/5 for org.apache.commons.csv.CSVParserTest::testExcelFormat1 @ org.apache.commons.csv.CSVParserTest:108 var=records
2026-08-07 14:12:39 [INFO] target.Csv_3b: RUN: /usr/bin/time -v python3 /home/saglam84/SFL_Slicing/tools/Slicer4J/scripts/slicer4j.py -j /home/saglam84/SFL_Slicing/projects/ResearchQ_PL2/resQ_outputs/work/Csv_3b/step2_slicing/instrumentable.jar -o /home/saglam84/SFL_Slicing/projects/ResearchQ_PL2/resQ_outputs/work/Csv_3b/step2_slicing/_slicer4j_passed/testExcelFormat1_records_L110_P_13 -b org.apache.commons.csv.CSVParserTest:110 -v records -tc org.apache.commons.csv.CSVParserTest -tm testExcelFormat1 -dep /home/saglam84/SFL_Slicing/projects/ResearchQ_PL2/resQ_outputs/work/Csv_3b/step2_slicing/_dep_jars  (cwd=/home/saglam84/SFL_Slicing/projects/ResearchQ_PL2/defect_projects/Csv/csv_3b)
2026-08-07 14:12:46 [INFO] target.Csv_3b: [testExcelFormat1_records_L110_P_13] Slicer4J OK on attempt 1/5 for org.apache.commons.csv.CSVParserTest::testExcelFormat1 @ org.apache.commons.csv.CSVParserTest:110 var=records
2026-08-07 14:12:46 [INFO] target.Csv_3b: RUN: /usr/bin/time -v python3 /home/saglam84/SFL_Slicing/tools/Slicer4J/scripts/slicer4j.py -j /home/saglam84/SFL_Slicing/projects/ResearchQ_PL2/resQ_outputs/work/Csv_3b/step2_slicing/instrumentable.jar -o /home/saglam84/SFL_Slicing/projects/ResearchQ_PL2/resQ_outputs/work/Csv_3b/step2_slicing/_slicer4j_passed/testExcelFormat2_records_L126_P_14 -b org.apache.commons.csv.CSVParserTest:126 -v records -tc org.apache.commons.csv.CSVParserTest -tm testExcelFormat2 -dep /home/saglam84/SFL_Slicing/projects/ResearchQ_PL2/resQ_outputs/work/Csv_3b/step2_slicing/_dep_jars  (cwd=/home/saglam84/SFL_Slicing/projects/ResearchQ_PL2/defect_projects/Csv/csv_3b)
2026-08-07 14:12:53 [INFO] target.Csv_3b: [testExcelFormat2_records_L126_P_14] Slicer4J OK on attempt 1/5 for org.apache.commons.csv.CSVParserTest::testExcelFormat2 @ org.apache.commons.csv.CSVParserTest:126 var=records
2026-08-07 14:12:53 [INFO] target.Csv_3b: RUN: /usr/bin/time -v python3 /home/saglam84/SFL_Slicing/tools/Slicer4J/scripts/slicer4j.py -j /home/saglam84/SFL_Slicing/projects/ResearchQ_PL2/resQ_outputs/work/Csv_3b/step2_slicing/instrumentable.jar -o /home/saglam84/SFL_Slicing/projects/ResearchQ_PL2/resQ_outputs/work/Csv_3b/step2_slicing/_slicer4j_passed/testExcelFormat2_records_L127_P_15 -b org.apache.commons.csv.CSVParserTest:127 -v records -tc org.apache.commons.csv.CSVParserTest -tm testExcelFormat2 -dep /home/saglam84/SFL_Slicing/projects/ResearchQ_PL2/resQ_outputs/work/Csv_3b/step2_slicing/_dep_jars  (cwd=/home/saglam84/SFL_Slicing/projects/ResearchQ_PL2/defect_projects/Csv/csv_3b)
2026-08-07 14:13:01 [INFO] target.Csv_3b: [testExcelFormat2_records_L127_P_15] Slicer4J OK on attempt 1/5 for org.apache.commons.csv.CSVParserTest::testExcelFormat2 @ org.apache.commons.csv.CSVParserTest:127 var=records
2026-08-07 14:13:01 [INFO] target.Csv_3b: RUN: /usr/bin/time -v python3 /home/saglam84/SFL_Slicing/tools/Slicer4J/scripts/slicer4j.py -j /home/saglam84/SFL_Slicing/projects/ResearchQ_PL2/resQ_outputs/work/Csv_3b/step2_slicing/instrumentable.jar -o /home/saglam84/SFL_Slicing/projects/ResearchQ_PL2/resQ_outputs/work/Csv_3b/step2_slicing/_slicer4j_passed/testExcelFormat2_records_L129_P_16 -b org.apache.commons.csv.CSVParserTest:129 -v records -tc org.apache.commons.csv.CSVParserTest -tm testExcelFormat2 -dep /home/saglam84/SFL_Slicing/projects/ResearchQ_PL2/resQ_outputs/work/Csv_3b/step2_slicing/_dep_jars  (cwd=/home/saglam84/SFL_Slicing/projects/ResearchQ_PL2/defect_projects/Csv/csv_3b)
2026-08-07 14:13:07 [INFO] target.Csv_3b: [testExcelFormat2_records_L129_P_16] Slicer4J OK on attempt 1/5 for org.apache.commons.csv.CSVParserTest::testExcelFormat2 @ org.apache.commons.csv.CSVParserTest:129 var=records
2026-08-07 14:13:07 [INFO] target.Csv_3b: RUN: /usr/bin/time -v python3 /home/saglam84/SFL_Slicing/tools/Slicer4J/scripts/slicer4j.py -j /home/saglam84/SFL_Slicing/projects/ResearchQ_PL2/resQ_outputs/work/Csv_3b/step2_slicing/instrumentable.jar -o /home/saglam84/SFL_Slicing/projects/ResearchQ_PL2/resQ_outputs/work/Csv_3b/step2_slicing/_slicer4j_passed/testEndOfFileBehaviourExcel_records_L154_P_17 -b org.apache.commons.csv.CSVParserTest:154 -v records -tc org.apache.commons.csv.CSVParserTest -tm testEndOfFileBehaviourExcel -dep /home/saglam84/SFL_Slicing/projects/ResearchQ_PL2/resQ_outputs/work/Csv_3b/step2_slicing/_dep_jars  (cwd=/home/saglam84/SFL_Slicing/projects/ResearchQ_PL2/defect_projects/Csv/csv_3b)
2026-08-07 14:13:15 [INFO] target.Csv_3b: [testEndOfFileBehaviourExcel_records_L154_P_17] Slicer4J OK on attempt 1/5 for org.apache.commons.csv.CSVParserTest::testEndOfFileBehaviourExcel @ org.apache.commons.csv.CSVParserTest:154 var=records
2026-08-07 14:13:15 [INFO] target.Csv_3b: RUN: /usr/bin/time -v python3 /home/saglam84/SFL_Slicing/tools/Slicer4J/scripts/slicer4j.py -j /home/saglam84/SFL_Slicing/projects/ResearchQ_PL2/resQ_outputs/work/Csv_3b/step2_slicing/instrumentable.jar -o /home/saglam84/SFL_Slicing/projects/ResearchQ_PL2/resQ_outputs/work/Csv_3b/step2_slicing/_slicer4j_passed/testEndOfFileBehaviourExcel_records_L155_P_18 -b org.apache.commons.csv.CSVParserTest:155 -v records -tc org.apache.commons.csv.CSVParserTest -tm testEndOfFileBehaviourExcel -dep /home/saglam84/SFL_Slicing/projects/ResearchQ_PL2/resQ_outputs/work/Csv_3b/step2_slicing/_dep_jars  (cwd=/home/saglam84/SFL_Slicing/projects/ResearchQ_PL2/defect_projects/Csv/csv_3b)
2026-08-07 14:13:24 [INFO] target.Csv_3b: [testEndOfFileBehaviourExcel_records_L155_P_18] Slicer4J OK on attempt 1/5 for org.apache.commons.csv.CSVParserTest::testEndOfFileBehaviourExcel @ org.apache.commons.csv.CSVParserTest:155 var=records
2026-08-07 14:13:24 [INFO] target.Csv_3b: RUN: /usr/bin/time -v python3 /home/saglam84/SFL_Slicing/tools/Slicer4J/scripts/slicer4j.py -j /home/saglam84/SFL_Slicing/projects/ResearchQ_PL2/resQ_outputs/work/Csv_3b/step2_slicing/instrumentable.jar -o /home/saglam84/SFL_Slicing/projects/ResearchQ_PL2/resQ_outputs/work/Csv_3b/step2_slicing/_slicer4j_passed/testEndOfFileBehaviourExcel_records_L157_P_19 -b org.apache.commons.csv.CSVParserTest:157 -v records -tc org.apache.commons.csv.CSVParserTest -tm testEndOfFileBehaviourExcel -dep /home/saglam84/SFL_Slicing/projects/ResearchQ_PL2/resQ_outputs/work/Csv_3b/step2_slicing/_dep_jars  (cwd=/home/saglam84/SFL_Slicing/projects/ResearchQ_PL2/defect_projects/Csv/csv_3b)
2026-08-07 14:13:31 [INFO] target.Csv_3b: [testEndOfFileBehaviourExcel_records_L157_P_19] Slicer4J OK on attempt 1/5 for org.apache.commons.csv.CSVParserTest::testEndOfFileBehaviourExcel @ org.apache.commons.csv.CSVParserTest:157 var=records
2026-08-07 14:13:31 [INFO] target.Csv_3b: RUN: /usr/bin/time -v python3 /home/saglam84/SFL_Slicing/tools/Slicer4J/scripts/slicer4j.py -j /home/saglam84/SFL_Slicing/projects/ResearchQ_PL2/resQ_outputs/work/Csv_3b/step2_slicing/instrumentable.jar -o /home/saglam84/SFL_Slicing/projects/ResearchQ_PL2/resQ_outputs/work/Csv_3b/step2_slicing/_slicer4j_passed/testEndOfFileBehaviorCSV_records_L181_P_20 -b org.apache.commons.csv.CSVParserTest:181 -v records -tc org.apache.commons.csv.CSVParserTest -tm testEndOfFileBehaviorCSV -dep /home/saglam84/SFL_Slicing/projects/ResearchQ_PL2/resQ_outputs/work/Csv_3b/step2_slicing/_dep_jars  (cwd=/home/saglam84/SFL_Slicing/projects/ResearchQ_PL2/defect_projects/Csv/csv_3b)
2026-08-07 14:13:38 [INFO] target.Csv_3b: [testEndOfFileBehaviorCSV_records_L181_P_20] Slicer4J OK on attempt 1/5 for org.apache.commons.csv.CSVParserTest::testEndOfFileBehaviorCSV @ org.apache.commons.csv.CSVParserTest:181 var=records
2026-08-07 14:13:38 [INFO] target.Csv_3b: RUN: /usr/bin/time -v python3 /home/saglam84/SFL_Slicing/tools/Slicer4J/scripts/slicer4j.py -j /home/saglam84/SFL_Slicing/projects/ResearchQ_PL2/resQ_outputs/work/Csv_3b/step2_slicing/instrumentable.jar -o /home/saglam84/SFL_Slicing/projects/ResearchQ_PL2/resQ_outputs/work/Csv_3b/step2_slicing/_slicer4j_passed/testEndOfFileBehaviorCSV_records_L182_P_21 -b org.apache.commons.csv.CSVParserTest:182 -v records -tc org.apache.commons.csv.CSVParserTest -tm testEndOfFileBehaviorCSV -dep /home/saglam84/SFL_Slicing/projects/ResearchQ_PL2/resQ_outputs/work/Csv_3b/step2_slicing/_dep_jars  (cwd=/home/saglam84/SFL_Slicing/projects/ResearchQ_PL2/defect_projects/Csv/csv_3b)
2026-08-07 14:13:49 [INFO] target.Csv_3b: [testEndOfFileBehaviorCSV_records_L182_P_21] Slicer4J OK on attempt 1/5 for org.apache.commons.csv.CSVParserTest::testEndOfFileBehaviorCSV @ org.apache.commons.csv.CSVParserTest:182 var=records
2026-08-07 14:13:49 [INFO] target.Csv_3b: RUN: /usr/bin/time -v python3 /home/saglam84/SFL_Slicing/tools/Slicer4J/scripts/slicer4j.py -j /home/saglam84/SFL_Slicing/projects/ResearchQ_PL2/resQ_outputs/work/Csv_3b/step2_slicing/instrumentable.jar -o /home/saglam84/SFL_Slicing/projects/ResearchQ_PL2/resQ_outputs/work/Csv_3b/step2_slicing/_slicer4j_passed/testEndOfFileBehaviorCSV_records_L184_P_22 -b org.apache.commons.csv.CSVParserTest:184 -v records -tc org.apache.commons.csv.CSVParserTest -tm testEndOfFileBehaviorCSV -dep /home/saglam84/SFL_Slicing/projects/ResearchQ_PL2/resQ_outputs/work/Csv_3b/step2_slicing/_dep_jars  (cwd=/home/saglam84/SFL_Slicing/projects/ResearchQ_PL2/defect_projects/Csv/csv_3b)
2026-08-07 14:13:57 [INFO] target.Csv_3b: [testEndOfFileBehaviorCSV_records_L184_P_22] Slicer4J OK on attempt 1/5 for org.apache.commons.csv.CSVParserTest::testEndOfFileBehaviorCSV @ org.apache.commons.csv.CSVParserTest:184 var=records
2026-08-07 14:13:57 [INFO] target.Csv_3b: RUN: /usr/bin/time -v python3 /home/saglam84/SFL_Slicing/tools/Slicer4J/scripts/slicer4j.py -j /home/saglam84/SFL_Slicing/projects/ResearchQ_PL2/resQ_outputs/work/Csv_3b/step2_slicing/instrumentable.jar -o /home/saglam84/SFL_Slicing/projects/ResearchQ_PL2/resQ_outputs/work/Csv_3b/step2_slicing/_slicer4j_passed/testEmptyLineBehaviourExcel_records_L205_P_23 -b org.apache.commons.csv.CSVParserTest:205 -v records -tc org.apache.commons.csv.CSVParserTest -tm testEmptyLineBehaviourExcel -dep /home/saglam84/SFL_Slicing/projects/ResearchQ_PL2/resQ_outputs/work/Csv_3b/step2_slicing/_dep_jars  (cwd=/home/saglam84/SFL_Slicing/projects/ResearchQ_PL2/defect_projects/Csv/csv_3b)
2026-08-07 14:14:04 [INFO] target.Csv_3b: [testEmptyLineBehaviourExcel_records_L205_P_23] Slicer4J OK on attempt 1/5 for org.apache.commons.csv.CSVParserTest::testEmptyLineBehaviourExcel @ org.apache.commons.csv.CSVParserTest:205 var=records
2026-08-07 14:14:04 [INFO] target.Csv_3b: RUN: /usr/bin/time -v python3 /home/saglam84/SFL_Slicing/tools/Slicer4J/scripts/slicer4j.py -j /home/saglam84/SFL_Slicing/projects/ResearchQ_PL2/resQ_outputs/work/Csv_3b/step2_slicing/instrumentable.jar -o /home/saglam84/SFL_Slicing/projects/ResearchQ_PL2/resQ_outputs/work/Csv_3b/step2_slicing/_slicer4j_passed/testEmptyLineBehaviourExcel_records_L206_P_24 -b org.apache.commons.csv.CSVParserTest:206 -v records -tc org.apache.commons.csv.CSVParserTest -tm testEmptyLineBehaviourExcel -dep /home/saglam84/SFL_Slicing/projects/ResearchQ_PL2/resQ_outputs/work/Csv_3b/step2_slicing/_dep_jars  (cwd=/home/saglam84/SFL_Slicing/projects/ResearchQ_PL2/defect_projects/Csv/csv_3b)
2026-08-07 14:14:14 [INFO] target.Csv_3b: [testEmptyLineBehaviourExcel_records_L206_P_24] Slicer4J OK on attempt 1/5 for org.apache.commons.csv.CSVParserTest::testEmptyLineBehaviourExcel @ org.apache.commons.csv.CSVParserTest:206 var=records
2026-08-07 14:14:14 [INFO] target.Csv_3b: RUN: /usr/bin/time -v python3 /home/saglam84/SFL_Slicing/tools/Slicer4J/scripts/slicer4j.py -j /home/saglam84/SFL_Slicing/projects/ResearchQ_PL2/resQ_outputs/work/Csv_3b/step2_slicing/instrumentable.jar -o /home/saglam84/SFL_Slicing/projects/ResearchQ_PL2/resQ_outputs/work/Csv_3b/step2_slicing/_slicer4j_passed/testEmptyLineBehaviourExcel_records_L208_P_25 -b org.apache.commons.csv.CSVParserTest:208 -v records -tc org.apache.commons.csv.CSVParserTest -tm testEmptyLineBehaviourExcel -dep /home/saglam84/SFL_Slicing/projects/ResearchQ_PL2/resQ_outputs/work/Csv_3b/step2_slicing/_dep_jars  (cwd=/home/saglam84/SFL_Slicing/projects/ResearchQ_PL2/defect_projects/Csv/csv_3b)
2026-08-07 14:14:23 [INFO] target.Csv_3b: [testEmptyLineBehaviourExcel_records_L208_P_25] Slicer4J OK on attempt 1/5 for org.apache.commons.csv.CSVParserTest::testEmptyLineBehaviourExcel @ org.apache.commons.csv.CSVParserTest:208 var=records
2026-08-07 14:14:23 [INFO] target.Csv_3b: RUN: /usr/bin/time -v python3 /home/saglam84/SFL_Slicing/tools/Slicer4J/scripts/slicer4j.py -j /home/saglam84/SFL_Slicing/projects/ResearchQ_PL2/resQ_outputs/work/Csv_3b/step2_slicing/instrumentable.jar -o /home/saglam84/SFL_Slicing/projects/ResearchQ_PL2/resQ_outputs/work/Csv_3b/step2_slicing/_slicer4j_passed/testEmptyLineBehaviourCSV_records_L227_P_26 -b org.apache.commons.csv.CSVParserTest:227 -v records -tc org.apache.commons.csv.CSVParserTest -tm testEmptyLineBehaviourCSV -dep /home/saglam84/SFL_Slicing/projects/ResearchQ_PL2/resQ_outputs/work/Csv_3b/step2_slicing/_dep_jars  (cwd=/home/saglam84/SFL_Slicing/projects/ResearchQ_PL2/defect_projects/Csv/csv_3b)
2026-08-07 14:14:33 [INFO] target.Csv_3b: [testEmptyLineBehaviourCSV_records_L227_P_26] Slicer4J OK on attempt 1/5 for org.apache.commons.csv.CSVParserTest::testEmptyLineBehaviourCSV @ org.apache.commons.csv.CSVParserTest:227 var=records
2026-08-07 14:14:33 [INFO] target.Csv_3b: RUN: /usr/bin/time -v python3 /home/saglam84/SFL_Slicing/tools/Slicer4J/scripts/slicer4j.py -j /home/saglam84/SFL_Slicing/projects/ResearchQ_PL2/resQ_outputs/work/Csv_3b/step2_slicing/instrumentable.jar -o /home/saglam84/SFL_Slicing/projects/ResearchQ_PL2/resQ_outputs/work/Csv_3b/step2_slicing/_slicer4j_passed/testEmptyLineBehaviourCSV_records_L228_P_27 -b org.apache.commons.csv.CSVParserTest:228 -v records -tc org.apache.commons.csv.CSVParserTest -tm testEmptyLineBehaviourCSV -dep /home/saglam84/SFL_Slicing/projects/ResearchQ_PL2/resQ_outputs/work/Csv_3b/step2_slicing/_dep_jars  (cwd=/home/saglam84/SFL_Slicing/projects/ResearchQ_PL2/defect_projects/Csv/csv_3b)
2026-08-07 14:14:47 [INFO] target.Csv_3b: [testEmptyLineBehaviourCSV_records_L228_P_27] Slicer4J OK on attempt 1/5 for org.apache.commons.csv.CSVParserTest::testEmptyLineBehaviourCSV @ org.apache.commons.csv.CSVParserTest:228 var=records
2026-08-07 14:14:47 [INFO] target.Csv_3b: RUN: /usr/bin/time -v python3 /home/saglam84/SFL_Slicing/tools/Slicer4J/scripts/slicer4j.py -j /home/saglam84/SFL_Slicing/projects/ResearchQ_PL2/resQ_outputs/work/Csv_3b/step2_slicing/instrumentable.jar -o /home/saglam84/SFL_Slicing/projects/ResearchQ_PL2/resQ_outputs/work/Csv_3b/step2_slicing/_slicer4j_passed/testEmptyLineBehaviourCSV_records_L230_P_28 -b org.apache.commons.csv.CSVParserTest:230 -v records -tc org.apache.commons.csv.CSVParserTest -tm testEmptyLineBehaviourCSV -dep /home/saglam84/SFL_Slicing/projects/ResearchQ_PL2/resQ_outputs/work/Csv_3b/step2_slicing/_dep_jars  (cwd=/home/saglam84/SFL_Slicing/projects/ResearchQ_PL2/defect_projects/Csv/csv_3b)
2026-08-07 14:14:57 [INFO] target.Csv_3b: [testEmptyLineBehaviourCSV_records_L230_P_28] Slicer4J OK on attempt 1/5 for org.apache.commons.csv.CSVParserTest::testEmptyLineBehaviourCSV @ org.apache.commons.csv.CSVParserTest:230 var=records
2026-08-07 14:14:57 [INFO] target.Csv_3b: RUN: /usr/bin/time -v python3 /home/saglam84/SFL_Slicing/tools/Slicer4J/scripts/slicer4j.py -j /home/saglam84/SFL_Slicing/projects/ResearchQ_PL2/resQ_outputs/work/Csv_3b/step2_slicing/instrumentable.jar -o /home/saglam84/SFL_Slicing/projects/ResearchQ_PL2/resQ_outputs/work/Csv_3b/step2_slicing/_slicer4j_passed/testBackslashEscapingOld_records_L275_P_29 -b org.apache.commons.csv.CSVParserTest:275 -v records -tc org.apache.commons.csv.CSVParserTest -tm testBackslashEscapingOld -dep /home/saglam84/SFL_Slicing/projects/ResearchQ_PL2/resQ_outputs/work/Csv_3b/step2_slicing/_dep_jars  (cwd=/home/saglam84/SFL_Slicing/projects/ResearchQ_PL2/defect_projects/Csv/csv_3b)
2026-08-07 14:15:03 [WARNING] target.Csv_3b: [testBackslashEscapingOld_records_L275_P_29] Slicer4J attempt 1/5 produced no usable slice for org.apache.commons.csv.CSVParserTest::testBackslashEscapingOld @ org.apache.commons.csv.CSVParserTest:275 var=records (rc=0)
2026-08-07 14:15:03 [INFO] target.Csv_3b: RUN: /usr/bin/time -v python3 /home/saglam84/SFL_Slicing/tools/Slicer4J/scripts/slicer4j.py -j /home/saglam84/SFL_Slicing/projects/ResearchQ_PL2/resQ_outputs/work/Csv_3b/step2_slicing/instrumentable.jar -o /home/saglam84/SFL_Slicing/projects/ResearchQ_PL2/resQ_outputs/work/Csv_3b/step2_slicing/_slicer4j_passed/testBackslashEscapingOld_records_L275_P_29 -b org.apache.commons.csv.CSVParserTest:275 -v records -tc org.apache.commons.csv.CSVParserTest -tm testBackslashEscapingOld -dep /home/saglam84/SFL_Slicing/projects/ResearchQ_PL2/resQ_outputs/work/Csv_3b/step2_slicing/_dep_jars  (cwd=/home/saglam84/SFL_Slicing/projects/ResearchQ_PL2/defect_projects/Csv/csv_3b)
2026-08-07 14:15:09 [WARNING] target.Csv_3b: [testBackslashEscapingOld_records_L275_P_29] Slicer4J attempt 2/5 produced no usable slice for org.apache.commons.csv.CSVParserTest::testBackslashEscapingOld @ org.apache.commons.csv.CSVParserTest:275 var=records (rc=0)
2026-08-07 14:15:09 [INFO] target.Csv_3b: RUN: /usr/bin/time -v python3 /home/saglam84/SFL_Slicing/tools/Slicer4J/scripts/slicer4j.py -j /home/saglam84/SFL_Slicing/projects/ResearchQ_PL2/resQ_outputs/work/Csv_3b/step2_slicing/instrumentable.jar -o /home/saglam84/SFL_Slicing/projects/ResearchQ_PL2/resQ_outputs/work/Csv_3b/step2_slicing/_slicer4j_passed/testBackslashEscapingOld_records_L275_P_29 -b org.apache.commons.csv.CSVParserTest:275 -v records -tc org.apache.commons.csv.CSVParserTest -tm testBackslashEscapingOld -dep /home/saglam84/SFL_Slicing/projects/ResearchQ_PL2/resQ_outputs/work/Csv_3b/step2_slicing/_dep_jars  (cwd=/home/saglam84/SFL_Slicing/projects/ResearchQ_PL2/defect_projects/Csv/csv_3b)
2026-08-07 14:15:14 [WARNING] target.Csv_3b: [testBackslashEscapingOld_records_L275_P_29] Slicer4J attempt 3/5 produced no usable slice for org.apache.commons.csv.CSVParserTest::testBackslashEscapingOld @ org.apache.commons.csv.CSVParserTest:275 var=records (rc=0)
2026-08-07 14:15:14 [INFO] target.Csv_3b: RUN: /usr/bin/time -v python3 /home/saglam84/SFL_Slicing/tools/Slicer4J/scripts/slicer4j.py -j /home/saglam84/SFL_Slicing/projects/ResearchQ_PL2/resQ_outputs/work/Csv_3b/step2_slicing/instrumentable.jar -o /home/saglam84/SFL_Slicing/projects/ResearchQ_PL2/resQ_outputs/work/Csv_3b/step2_slicing/_slicer4j_passed/testBackslashEscapingOld_records_L275_P_29 -b org.apache.commons.csv.CSVParserTest:275 -v records -tc org.apache.commons.csv.CSVParserTest -tm testBackslashEscapingOld -dep /home/saglam84/SFL_Slicing/projects/ResearchQ_PL2/resQ_outputs/work/Csv_3b/step2_slicing/_dep_jars  (cwd=/home/saglam84/SFL_Slicing/projects/ResearchQ_PL2/defect_projects/Csv/csv_3b)
2026-08-07 14:15:20 [WARNING] target.Csv_3b: [testBackslashEscapingOld_records_L275_P_29] Slicer4J attempt 4/5 produced no usable slice for org.apache.commons.csv.CSVParserTest::testBackslashEscapingOld @ org.apache.commons.csv.CSVParserTest:275 var=records (rc=0)
2026-08-07 14:15:20 [INFO] target.Csv_3b: RUN: /usr/bin/time -v python3 /home/saglam84/SFL_Slicing/tools/Slicer4J/scripts/slicer4j.py -j /home/saglam84/SFL_Slicing/projects/ResearchQ_PL2/resQ_outputs/work/Csv_3b/step2_slicing/instrumentable.jar -o /home/saglam84/SFL_Slicing/projects/ResearchQ_PL2/resQ_outputs/work/Csv_3b/step2_slicing/_slicer4j_passed/testBackslashEscapingOld_records_L275_P_29 -b org.apache.commons.csv.CSVParserTest:275 -v records -tc org.apache.commons.csv.CSVParserTest -tm testBackslashEscapingOld -dep /home/saglam84/SFL_Slicing/projects/ResearchQ_PL2/resQ_outputs/work/Csv_3b/step2_slicing/_dep_jars  (cwd=/home/saglam84/SFL_Slicing/projects/ResearchQ_PL2/defect_projects/Csv/csv_3b)
2026-08-07 14:15:27 [WARNING] target.Csv_3b: [testBackslashEscapingOld_records_L275_P_29] Slicer4J attempt 5/5 produced no usable slice for org.apache.commons.csv.CSVParserTest::testBackslashEscapingOld @ org.apache.commons.csv.CSVParserTest:275 var=records (rc=0)
2026-08-07 14:15:27 [WARNING] target.Csv_3b: [testBackslashEscapingOld_records_L275_P_29] Slicer4J gave up after 5 attempts for org.apache.commons.csv.CSVParserTest::testBackslashEscapingOld @ org.apache.commons.csv.CSVParserTest:275 var=records. stderr tail:  0
	Minor (reclaiming a frame) page faults: 191212
	Voluntary context switches: 12348
	Involuntary context switches: 489
	Swaps: 0
	File system inputs: 0
	File system outputs: 136616
	Socket messages sent: 0
	Socket messages received: 0
	Signals delivered: 0
	Page size (bytes): 4096
	Exit status: 0

2026-08-07 14:15:27 [INFO] target.Csv_3b: RUN: /usr/bin/time -v python3 /home/saglam84/SFL_Slicing/tools/Slicer4J/scripts/slicer4j.py -j /home/saglam84/SFL_Slicing/projects/ResearchQ_PL2/resQ_outputs/work/Csv_3b/step2_slicing/instrumentable.jar -o /home/saglam84/SFL_Slicing/projects/ResearchQ_PL2/resQ_outputs/work/Csv_3b/step2_slicing/_slicer4j_passed/testBackslashEscapingOld_records_L276_P_30 -b org.apache.commons.csv.CSVParserTest:276 -v records -tc org.apache.commons.csv.CSVParserTest -tm testBackslashEscapingOld -dep /home/saglam84/SFL_Slicing/projects/ResearchQ_PL2/resQ_outputs/work/Csv_3b/step2_slicing/_dep_jars  (cwd=/home/saglam84/SFL_Slicing/projects/ResearchQ_PL2/defect_projects/Csv/csv_3b)
2026-08-07 14:15:34 [WARNING] target.Csv_3b: [testBackslashEscapingOld_records_L276_P_30] Slicer4J attempt 1/5 produced no usable slice for org.apache.commons.csv.CSVParserTest::testBackslashEscapingOld @ org.apache.commons.csv.CSVParserTest:276 var=records (rc=0)
2026-08-07 14:15:34 [INFO] target.Csv_3b: RUN: /usr/bin/time -v python3 /home/saglam84/SFL_Slicing/tools/Slicer4J/scripts/slicer4j.py -j /home/saglam84/SFL_Slicing/projects/ResearchQ_PL2/resQ_outputs/work/Csv_3b/step2_slicing/instrumentable.jar -o /home/saglam84/SFL_Slicing/projects/ResearchQ_PL2/resQ_outputs/work/Csv_3b/step2_slicing/_slicer4j_passed/testBackslashEscapingOld_records_L276_P_30 -b org.apache.commons.csv.CSVParserTest:276 -v records -tc org.apache.commons.csv.CSVParserTest -tm testBackslashEscapingOld -dep /home/saglam84/SFL_Slicing/projects/ResearchQ_PL2/resQ_outputs/work/Csv_3b/step2_slicing/_dep_jars  (cwd=/home/saglam84/SFL_Slicing/projects/ResearchQ_PL2/defect_projects/Csv/csv_3b)
2026-08-07 14:15:40 [WARNING] target.Csv_3b: [testBackslashEscapingOld_records_L276_P_30] Slicer4J attempt 2/5 produced no usable slice for org.apache.commons.csv.CSVParserTest::testBackslashEscapingOld @ org.apache.commons.csv.CSVParserTest:276 var=records (rc=0)
2026-08-07 14:15:40 [INFO] target.Csv_3b: RUN: /usr/bin/time -v python3 /home/saglam84/SFL_Slicing/tools/Slicer4J/scripts/slicer4j.py -j /home/saglam84/SFL_Slicing/projects/ResearchQ_PL2/resQ_outputs/work/Csv_3b/step2_slicing/instrumentable.jar -o /home/saglam84/SFL_Slicing/projects/ResearchQ_PL2/resQ_outputs/work/Csv_3b/step2_slicing/_slicer4j_passed/testBackslashEscapingOld_records_L276_P_30 -b org.apache.commons.csv.CSVParserTest:276 -v records -tc org.apache.commons.csv.CSVParserTest -tm testBackslashEscapingOld -dep /home/saglam84/SFL_Slicing/projects/ResearchQ_PL2/resQ_outputs/work/Csv_3b/step2_slicing/_dep_jars  (cwd=/home/saglam84/SFL_Slicing/projects/ResearchQ_PL2/defect_projects/Csv/csv_3b)
2026-08-07 14:15:45 [WARNING] target.Csv_3b: [testBackslashEscapingOld_records_L276_P_30] Slicer4J attempt 3/5 produced no usable slice for org.apache.commons.csv.CSVParserTest::testBackslashEscapingOld @ org.apache.commons.csv.CSVParserTest:276 var=records (rc=0)
2026-08-07 14:15:45 [INFO] target.Csv_3b: RUN: /usr/bin/time -v python3 /home/saglam84/SFL_Slicing/tools/Slicer4J/scripts/slicer4j.py -j /home/saglam84/SFL_Slicing/projects/ResearchQ_PL2/resQ_outputs/work/Csv_3b/step2_slicing/instrumentable.jar -o /home/saglam84/SFL_Slicing/projects/ResearchQ_PL2/resQ_outputs/work/Csv_3b/step2_slicing/_slicer4j_passed/testBackslashEscapingOld_records_L276_P_30 -b org.apache.commons.csv.CSVParserTest:276 -v records -tc org.apache.commons.csv.CSVParserTest -tm testBackslashEscapingOld -dep /home/saglam84/SFL_Slicing/projects/ResearchQ_PL2/resQ_outputs/work/Csv_3b/step2_slicing/_dep_jars  (cwd=/home/saglam84/SFL_Slicing/projects/ResearchQ_PL2/defect_projects/Csv/csv_3b)
2026-08-07 14:15:51 [WARNING] target.Csv_3b: [testBackslashEscapingOld_records_L276_P_30] Slicer4J attempt 4/5 produced no usable slice for org.apache.commons.csv.CSVParserTest::testBackslashEscapingOld @ org.apache.commons.csv.CSVParserTest:276 var=records (rc=0)
2026-08-07 14:15:51 [INFO] target.Csv_3b: RUN: /usr/bin/time -v python3 /home/saglam84/SFL_Slicing/tools/Slicer4J/scripts/slicer4j.py -j /home/saglam84/SFL_Slicing/projects/ResearchQ_PL2/resQ_outputs/work/Csv_3b/step2_slicing/instrumentable.jar -o /home/saglam84/SFL_Slicing/projects/ResearchQ_PL2/resQ_outputs/work/Csv_3b/step2_slicing/_slicer4j_passed/testBackslashEscapingOld_records_L276_P_30 -b org.apache.commons.csv.CSVParserTest:276 -v records -tc org.apache.commons.csv.CSVParserTest -tm testBackslashEscapingOld -dep /home/saglam84/SFL_Slicing/projects/ResearchQ_PL2/resQ_outputs/work/Csv_3b/step2_slicing/_dep_jars  (cwd=/home/saglam84/SFL_Slicing/projects/ResearchQ_PL2/defect_projects/Csv/csv_3b)
2026-08-07 14:15:57 [WARNING] target.Csv_3b: [testBackslashEscapingOld_records_L276_P_30] Slicer4J attempt 5/5 produced no usable slice for org.apache.commons.csv.CSVParserTest::testBackslashEscapingOld @ org.apache.commons.csv.CSVParserTest:276 var=records (rc=0)
2026-08-07 14:15:57 [WARNING] target.Csv_3b: [testBackslashEscapingOld_records_L276_P_30] Slicer4J gave up after 5 attempts for org.apache.commons.csv.CSVParserTest::testBackslashEscapingOld @ org.apache.commons.csv.CSVParserTest:276 var=records. stderr tail:  0
	Minor (reclaiming a frame) page faults: 186614
	Voluntary context switches: 11789
	Involuntary context switches: 447
	Swaps: 0
	File system inputs: 0
	File system outputs: 136616
	Socket messages sent: 0
	Socket messages received: 0
	Signals delivered: 0
	Page size (bytes): 4096
	Exit status: 0

2026-08-07 14:15:57 [INFO] target.Csv_3b: RUN: /usr/bin/time -v python3 /home/saglam84/SFL_Slicing/tools/Slicer4J/scripts/slicer4j.py -j /home/saglam84/SFL_Slicing/projects/ResearchQ_PL2/resQ_outputs/work/Csv_3b/step2_slicing/instrumentable.jar -o /home/saglam84/SFL_Slicing/projects/ResearchQ_PL2/resQ_outputs/work/Csv_3b/step2_slicing/_slicer4j_passed/testBackslashEscapingOld_records_L278_P_31 -b org.apache.commons.csv.CSVParserTest:278 -v records -tc org.apache.commons.csv.CSVParserTest -tm testBackslashEscapingOld -dep /home/saglam84/SFL_Slicing/projects/ResearchQ_PL2/resQ_outputs/work/Csv_3b/step2_slicing/_dep_jars  (cwd=/home/saglam84/SFL_Slicing/projects/ResearchQ_PL2/defect_projects/Csv/csv_3b)
2026-08-07 14:16:02 [WARNING] target.Csv_3b: [testBackslashEscapingOld_records_L278_P_31] Slicer4J attempt 1/5 produced no usable slice for org.apache.commons.csv.CSVParserTest::testBackslashEscapingOld @ org.apache.commons.csv.CSVParserTest:278 var=records (rc=0)
2026-08-07 14:16:02 [INFO] target.Csv_3b: RUN: /usr/bin/time -v python3 /home/saglam84/SFL_Slicing/tools/Slicer4J/scripts/slicer4j.py -j /home/saglam84/SFL_Slicing/projects/ResearchQ_PL2/resQ_outputs/work/Csv_3b/step2_slicing/instrumentable.jar -o /home/saglam84/SFL_Slicing/projects/ResearchQ_PL2/resQ_outputs/work/Csv_3b/step2_slicing/_slicer4j_passed/testBackslashEscapingOld_records_L278_P_31 -b org.apache.commons.csv.CSVParserTest:278 -v records -tc org.apache.commons.csv.CSVParserTest -tm testBackslashEscapingOld -dep /home/saglam84/SFL_Slicing/projects/ResearchQ_PL2/resQ_outputs/work/Csv_3b/step2_slicing/_dep_jars  (cwd=/home/saglam84/SFL_Slicing/projects/ResearchQ_PL2/defect_projects/Csv/csv_3b)
2026-08-07 14:16:08 [WARNING] target.Csv_3b: [testBackslashEscapingOld_records_L278_P_31] Slicer4J attempt 2/5 produced no usable slice for org.apache.commons.csv.CSVParserTest::testBackslashEscapingOld @ org.apache.commons.csv.CSVParserTest:278 var=records (rc=0)
2026-08-07 14:16:08 [INFO] target.Csv_3b: RUN: /usr/bin/time -v python3 /home/saglam84/SFL_Slicing/tools/Slicer4J/scripts/slicer4j.py -j /home/saglam84/SFL_Slicing/projects/ResearchQ_PL2/resQ_outputs/work/Csv_3b/step2_slicing/instrumentable.jar -o /home/saglam84/SFL_Slicing/projects/ResearchQ_PL2/resQ_outputs/work/Csv_3b/step2_slicing/_slicer4j_passed/testBackslashEscapingOld_records_L278_P_31 -b org.apache.commons.csv.CSVParserTest:278 -v records -tc org.apache.commons.csv.CSVParserTest -tm testBackslashEscapingOld -dep /home/saglam84/SFL_Slicing/projects/ResearchQ_PL2/resQ_outputs/work/Csv_3b/step2_slicing/_dep_jars  (cwd=/home/saglam84/SFL_Slicing/projects/ResearchQ_PL2/defect_projects/Csv/csv_3b)
2026-08-07 14:16:14 [WARNING] target.Csv_3b: [testBackslashEscapingOld_records_L278_P_31] Slicer4J attempt 3/5 produced no usable slice for org.apache.commons.csv.CSVParserTest::testBackslashEscapingOld @ org.apache.commons.csv.CSVParserTest:278 var=records (rc=0)
2026-08-07 14:16:14 [INFO] target.Csv_3b: RUN: /usr/bin/time -v python3 /home/saglam84/SFL_Slicing/tools/Slicer4J/scripts/slicer4j.py -j /home/saglam84/SFL_Slicing/projects/ResearchQ_PL2/resQ_outputs/work/Csv_3b/step2_slicing/instrumentable.jar -o /home/saglam84/SFL_Slicing/projects/ResearchQ_PL2/resQ_outputs/work/Csv_3b/step2_slicing/_slicer4j_passed/testBackslashEscapingOld_records_L278_P_31 -b org.apache.commons.csv.CSVParserTest:278 -v records -tc org.apache.commons.csv.CSVParserTest -tm testBackslashEscapingOld -dep /home/saglam84/SFL_Slicing/projects/ResearchQ_PL2/resQ_outputs/work/Csv_3b/step2_slicing/_dep_jars  (cwd=/home/saglam84/SFL_Slicing/projects/ResearchQ_PL2/defect_projects/Csv/csv_3b)
2026-08-07 14:16:20 [WARNING] target.Csv_3b: [testBackslashEscapingOld_records_L278_P_31] Slicer4J attempt 4/5 produced no usable slice for org.apache.commons.csv.CSVParserTest::testBackslashEscapingOld @ org.apache.commons.csv.CSVParserTest:278 var=records (rc=0)
2026-08-07 14:16:20 [INFO] target.Csv_3b: RUN: /usr/bin/time -v python3 /home/saglam84/SFL_Slicing/tools/Slicer4J/scripts/slicer4j.py -j /home/saglam84/SFL_Slicing/projects/ResearchQ_PL2/resQ_outputs/work/Csv_3b/step2_slicing/instrumentable.jar -o /home/saglam84/SFL_Slicing/projects/ResearchQ_PL2/resQ_outputs/work/Csv_3b/step2_slicing/_slicer4j_passed/testBackslashEscapingOld_records_L278_P_31 -b org.apache.commons.csv.CSVParserTest:278 -v records -tc org.apache.commons.csv.CSVParserTest -tm testBackslashEscapingOld -dep /home/saglam84/SFL_Slicing/projects/ResearchQ_PL2/resQ_outputs/work/Csv_3b/step2_slicing/_dep_jars  (cwd=/home/saglam84/SFL_Slicing/projects/ResearchQ_PL2/defect_projects/Csv/csv_3b)
2026-08-07 14:16:26 [WARNING] target.Csv_3b: [testBackslashEscapingOld_records_L278_P_31] Slicer4J attempt 5/5 produced no usable slice for org.apache.commons.csv.CSVParserTest::testBackslashEscapingOld @ org.apache.commons.csv.CSVParserTest:278 var=records (rc=0)
2026-08-07 14:16:26 [WARNING] target.Csv_3b: [testBackslashEscapingOld_records_L278_P_31] Slicer4J gave up after 5 attempts for org.apache.commons.csv.CSVParserTest::testBackslashEscapingOld @ org.apache.commons.csv.CSVParserTest:278 var=records. stderr tail:  0
	Minor (reclaiming a frame) page faults: 186997
	Voluntary context switches: 11846
	Involuntary context switches: 597
	Swaps: 0
	File system inputs: 0
	File system outputs: 136616
	Socket messages sent: 0
	Socket messages received: 0
	Signals delivered: 0
	Page size (bytes): 4096
	Exit status: 0

2026-08-07 14:16:26 [INFO] target.Csv_3b: RUN: /usr/bin/time -v python3 /home/saglam84/SFL_Slicing/tools/Slicer4J/scripts/slicer4j.py -j /home/saglam84/SFL_Slicing/projects/ResearchQ_PL2/resQ_outputs/work/Csv_3b/step2_slicing/instrumentable.jar -o /home/saglam84/SFL_Slicing/projects/ResearchQ_PL2/resQ_outputs/work/Csv_3b/step2_slicing/_slicer4j_passed/testBackslashEscaping2_records_L349_P_32 -b org.apache.commons.csv.CSVParserTest:349 -v records -tc org.apache.commons.csv.CSVParserTest -tm testBackslashEscaping2 -dep /home/saglam84/SFL_Slicing/projects/ResearchQ_PL2/resQ_outputs/work/Csv_3b/step2_slicing/_dep_jars  (cwd=/home/saglam84/SFL_Slicing/projects/ResearchQ_PL2/defect_projects/Csv/csv_3b)
2026-08-07 14:16:36 [INFO] target.Csv_3b: [testBackslashEscaping2_records_L349_P_32] Slicer4J OK on attempt 1/5 for org.apache.commons.csv.CSVParserTest::testBackslashEscaping2 @ org.apache.commons.csv.CSVParserTest:349 var=records
2026-08-07 14:16:36 [INFO] target.Csv_3b: RUN: /usr/bin/time -v python3 /home/saglam84/SFL_Slicing/tools/Slicer4J/scripts/slicer4j.py -j /home/saglam84/SFL_Slicing/projects/ResearchQ_PL2/resQ_outputs/work/Csv_3b/step2_slicing/instrumentable.jar -o /home/saglam84/SFL_Slicing/projects/ResearchQ_PL2/resQ_outputs/work/Csv_3b/step2_slicing/_slicer4j_passed/testDefaultFormat_records_L374_P_33 -b org.apache.commons.csv.CSVParserTest:374 -v records -tc org.apache.commons.csv.CSVParserTest -tm testDefaultFormat -dep /home/saglam84/SFL_Slicing/projects/ResearchQ_PL2/resQ_outputs/work/Csv_3b/step2_slicing/_dep_jars  (cwd=/home/saglam84/SFL_Slicing/projects/ResearchQ_PL2/defect_projects/Csv/csv_3b)
2026-08-07 14:16:45 [INFO] target.Csv_3b: [testDefaultFormat_records_L374_P_33] Slicer4J OK on attempt 1/5 for org.apache.commons.csv.CSVParserTest::testDefaultFormat @ org.apache.commons.csv.CSVParserTest:374 var=records
2026-08-07 14:16:45 [INFO] target.Csv_3b: RUN: /usr/bin/time -v python3 /home/saglam84/SFL_Slicing/tools/Slicer4J/scripts/slicer4j.py -j /home/saglam84/SFL_Slicing/projects/ResearchQ_PL2/resQ_outputs/work/Csv_3b/step2_slicing/instrumentable.jar -o /home/saglam84/SFL_Slicing/projects/ResearchQ_PL2/resQ_outputs/work/Csv_3b/step2_slicing/_slicer4j_passed/testCarriageReturnLineFeedEndings_records_L395_P_34 -b org.apache.commons.csv.CSVParserTest:395 -v records -tc org.apache.commons.csv.CSVParserTest -tm testCarriageReturnLineFeedEndings -dep /home/saglam84/SFL_Slicing/projects/ResearchQ_PL2/resQ_outputs/work/Csv_3b/step2_slicing/_dep_jars  (cwd=/home/saglam84/SFL_Slicing/projects/ResearchQ_PL2/defect_projects/Csv/csv_3b)
2026-08-07 14:16:53 [INFO] target.Csv_3b: [testCarriageReturnLineFeedEndings_records_L395_P_34] Slicer4J OK on attempt 1/5 for org.apache.commons.csv.CSVParserTest::testCarriageReturnLineFeedEndings @ org.apache.commons.csv.CSVParserTest:395 var=records
2026-08-07 14:16:53 [INFO] target.Csv_3b: RUN: /usr/bin/time -v python3 /home/saglam84/SFL_Slicing/tools/Slicer4J/scripts/slicer4j.py -j /home/saglam84/SFL_Slicing/projects/ResearchQ_PL2/resQ_outputs/work/Csv_3b/step2_slicing/instrumentable.jar -o /home/saglam84/SFL_Slicing/projects/ResearchQ_PL2/resQ_outputs/work/Csv_3b/step2_slicing/_slicer4j_passed/testCarriageReturnEndings_records_L403_P_35 -b org.apache.commons.csv.CSVParserTest:403 -v records -tc org.apache.commons.csv.CSVParserTest -tm testCarriageReturnEndings -dep /home/saglam84/SFL_Slicing/projects/ResearchQ_PL2/resQ_outputs/work/Csv_3b/step2_slicing/_dep_jars  (cwd=/home/saglam84/SFL_Slicing/projects/ResearchQ_PL2/defect_projects/Csv/csv_3b)
2026-08-07 14:17:00 [INFO] target.Csv_3b: [testCarriageReturnEndings_records_L403_P_35] Slicer4J OK on attempt 1/5 for org.apache.commons.csv.CSVParserTest::testCarriageReturnEndings @ org.apache.commons.csv.CSVParserTest:403 var=records
2026-08-07 14:17:00 [INFO] target.Csv_3b: RUN: /usr/bin/time -v python3 /home/saglam84/SFL_Slicing/tools/Slicer4J/scripts/slicer4j.py -j /home/saglam84/SFL_Slicing/projects/ResearchQ_PL2/resQ_outputs/work/Csv_3b/step2_slicing/instrumentable.jar -o /home/saglam84/SFL_Slicing/projects/ResearchQ_PL2/resQ_outputs/work/Csv_3b/step2_slicing/_slicer4j_passed/testLineFeedEndings_records_L411_P_36 -b org.apache.commons.csv.CSVParserTest:411 -v records -tc org.apache.commons.csv.CSVParserTest -tm testLineFeedEndings -dep /home/saglam84/SFL_Slicing/projects/ResearchQ_PL2/resQ_outputs/work/Csv_3b/step2_slicing/_dep_jars  (cwd=/home/saglam84/SFL_Slicing/projects/ResearchQ_PL2/defect_projects/Csv/csv_3b)
2026-08-07 14:17:08 [INFO] target.Csv_3b: [testLineFeedEndings_records_L411_P_36] Slicer4J OK on attempt 1/5 for org.apache.commons.csv.CSVParserTest::testLineFeedEndings @ org.apache.commons.csv.CSVParserTest:411 var=records
2026-08-07 14:17:08 [INFO] target.Csv_3b: RUN: /usr/bin/time -v python3 /home/saglam84/SFL_Slicing/tools/Slicer4J/scripts/slicer4j.py -j /home/saglam84/SFL_Slicing/projects/ResearchQ_PL2/resQ_outputs/work/Csv_3b/step2_slicing/instrumentable.jar -o /home/saglam84/SFL_Slicing/projects/ResearchQ_PL2/resQ_outputs/work/Csv_3b/step2_slicing/_slicer4j_passed/testIgnoreEmptyLines_records_L421_P_37 -b org.apache.commons.csv.CSVParserTest:421 -v records -tc org.apache.commons.csv.CSVParserTest -tm testIgnoreEmptyLines -dep /home/saglam84/SFL_Slicing/projects/ResearchQ_PL2/resQ_outputs/work/Csv_3b/step2_slicing/_dep_jars  (cwd=/home/saglam84/SFL_Slicing/projects/ResearchQ_PL2/defect_projects/Csv/csv_3b)
2026-08-07 14:17:15 [INFO] target.Csv_3b: [testIgnoreEmptyLines_records_L421_P_37] Slicer4J OK on attempt 1/5 for org.apache.commons.csv.CSVParserTest::testIgnoreEmptyLines @ org.apache.commons.csv.CSVParserTest:421 var=records
2026-08-07 14:17:15 [INFO] target.Csv_3b: RUN: /usr/bin/time -v python3 /home/saglam84/SFL_Slicing/tools/Slicer4J/scripts/slicer4j.py -j /home/saglam84/SFL_Slicing/projects/ResearchQ_PL2/resQ_outputs/work/Csv_3b/step2_slicing/instrumentable.jar -o /home/saglam84/SFL_Slicing/projects/ResearchQ_PL2/resQ_outputs/work/Csv_3b/step2_slicing/_slicer4j_passed/testForEach_records_L434_P_38 -b org.apache.commons.csv.CSVParserTest:434 -v records -tc org.apache.commons.csv.CSVParserTest -tm testForEach -dep /home/saglam84/SFL_Slicing/projects/ResearchQ_PL2/resQ_outputs/work/Csv_3b/step2_slicing/_dep_jars  (cwd=/home/saglam84/SFL_Slicing/projects/ResearchQ_PL2/defect_projects/Csv/csv_3b)
2026-08-07 14:17:22 [INFO] target.Csv_3b: [testForEach_records_L434_P_38] Slicer4J OK on attempt 1/5 for org.apache.commons.csv.CSVParserTest::testForEach @ org.apache.commons.csv.CSVParserTest:434 var=records
2026-08-07 14:17:22 [INFO] target.Csv_3b: RUN: /usr/bin/time -v python3 /home/saglam84/SFL_Slicing/tools/Slicer4J/scripts/slicer4j.py -j /home/saglam84/SFL_Slicing/projects/ResearchQ_PL2/resQ_outputs/work/Csv_3b/step2_slicing/instrumentable.jar -o /home/saglam84/SFL_Slicing/projects/ResearchQ_PL2/resQ_outputs/work/Csv_3b/step2_slicing/_slicer4j_passed/testHeader_records_L487_P_39 -b org.apache.commons.csv.CSVParserTest:487 -v records -tc org.apache.commons.csv.CSVParserTest -tm testHeader -dep /home/saglam84/SFL_Slicing/projects/ResearchQ_PL2/resQ_outputs/work/Csv_3b/step2_slicing/_dep_jars  (cwd=/home/saglam84/SFL_Slicing/projects/ResearchQ_PL2/defect_projects/Csv/csv_3b)
2026-08-07 14:17:31 [INFO] target.Csv_3b: [testHeader_records_L487_P_39] Slicer4J OK on attempt 1/5 for org.apache.commons.csv.CSVParserTest::testHeader @ org.apache.commons.csv.CSVParserTest:487 var=records
2026-08-07 14:17:31 [INFO] target.Csv_3b: RUN: /usr/bin/time -v python3 /home/saglam84/SFL_Slicing/tools/Slicer4J/scripts/slicer4j.py -j /home/saglam84/SFL_Slicing/projects/ResearchQ_PL2/resQ_outputs/work/Csv_3b/step2_slicing/instrumentable.jar -o /home/saglam84/SFL_Slicing/projects/ResearchQ_PL2/resQ_outputs/work/Csv_3b/step2_slicing/_slicer4j_passed/testHeader_records_L494_P_40 -b org.apache.commons.csv.CSVParserTest:494 -v records -tc org.apache.commons.csv.CSVParserTest -tm testHeader -dep /home/saglam84/SFL_Slicing/projects/ResearchQ_PL2/resQ_outputs/work/Csv_3b/step2_slicing/_dep_jars  (cwd=/home/saglam84/SFL_Slicing/projects/ResearchQ_PL2/defect_projects/Csv/csv_3b)
2026-08-07 14:17:38 [INFO] target.Csv_3b: [testHeader_records_L494_P_40] Slicer4J OK on attempt 1/5 for org.apache.commons.csv.CSVParserTest::testHeader @ org.apache.commons.csv.CSVParserTest:494 var=records
2026-08-07 14:17:38 [INFO] target.Csv_3b: RUN: /usr/bin/time -v python3 /home/saglam84/SFL_Slicing/tools/Slicer4J/scripts/slicer4j.py -j /home/saglam84/SFL_Slicing/projects/ResearchQ_PL2/resQ_outputs/work/Csv_3b/step2_slicing/instrumentable.jar -o /home/saglam84/SFL_Slicing/projects/ResearchQ_PL2/resQ_outputs/work/Csv_3b/step2_slicing/_slicer4j_passed/testHeaderComment_records_L504_P_41 -b org.apache.commons.csv.CSVParserTest:504 -v records -tc org.apache.commons.csv.CSVParserTest -tm testHeaderComment -dep /home/saglam84/SFL_Slicing/projects/ResearchQ_PL2/resQ_outputs/work/Csv_3b/step2_slicing/_dep_jars  (cwd=/home/saglam84/SFL_Slicing/projects/ResearchQ_PL2/defect_projects/Csv/csv_3b)
2026-08-07 14:17:45 [INFO] target.Csv_3b: [testHeaderComment_records_L504_P_41] Slicer4J OK on attempt 1/5 for org.apache.commons.csv.CSVParserTest::testHeaderComment @ org.apache.commons.csv.CSVParserTest:504 var=records
2026-08-07 14:17:45 [INFO] target.Csv_3b: RUN: /usr/bin/time -v python3 /home/saglam84/SFL_Slicing/tools/Slicer4J/scripts/slicer4j.py -j /home/saglam84/SFL_Slicing/projects/ResearchQ_PL2/resQ_outputs/work/Csv_3b/step2_slicing/instrumentable.jar -o /home/saglam84/SFL_Slicing/projects/ResearchQ_PL2/resQ_outputs/work/Csv_3b/step2_slicing/_slicer4j_passed/testHeaderComment_records_L511_P_42 -b org.apache.commons.csv.CSVParserTest:511 -v records -tc org.apache.commons.csv.CSVParserTest -tm testHeaderComment -dep /home/saglam84/SFL_Slicing/projects/ResearchQ_PL2/resQ_outputs/work/Csv_3b/step2_slicing/_dep_jars  (cwd=/home/saglam84/SFL_Slicing/projects/ResearchQ_PL2/defect_projects/Csv/csv_3b)
2026-08-07 14:17:53 [INFO] target.Csv_3b: [testHeaderComment_records_L511_P_42] Slicer4J OK on attempt 1/5 for org.apache.commons.csv.CSVParserTest::testHeaderComment @ org.apache.commons.csv.CSVParserTest:511 var=records
2026-08-07 14:17:53 [INFO] target.Csv_3b: RUN: /usr/bin/time -v python3 /home/saglam84/SFL_Slicing/tools/Slicer4J/scripts/slicer4j.py -j /home/saglam84/SFL_Slicing/projects/ResearchQ_PL2/resQ_outputs/work/Csv_3b/step2_slicing/instrumentable.jar -o /home/saglam84/SFL_Slicing/projects/ResearchQ_PL2/resQ_outputs/work/Csv_3b/step2_slicing/_slicer4j_passed/testProvidedHeader_records_L521_P_43 -b org.apache.commons.csv.CSVParserTest:521 -v records -tc org.apache.commons.csv.CSVParserTest -tm testProvidedHeader -dep /home/saglam84/SFL_Slicing/projects/ResearchQ_PL2/resQ_outputs/work/Csv_3b/step2_slicing/_dep_jars  (cwd=/home/saglam84/SFL_Slicing/projects/ResearchQ_PL2/defect_projects/Csv/csv_3b)
2026-08-07 14:18:00 [INFO] target.Csv_3b: [testProvidedHeader_records_L521_P_43] Slicer4J OK on attempt 1/5 for org.apache.commons.csv.CSVParserTest::testProvidedHeader @ org.apache.commons.csv.CSVParserTest:521 var=records
2026-08-07 14:18:00 [INFO] target.Csv_3b: RUN: /usr/bin/time -v python3 /home/saglam84/SFL_Slicing/tools/Slicer4J/scripts/slicer4j.py -j /home/saglam84/SFL_Slicing/projects/ResearchQ_PL2/resQ_outputs/work/Csv_3b/step2_slicing/instrumentable.jar -o /home/saglam84/SFL_Slicing/projects/ResearchQ_PL2/resQ_outputs/work/Csv_3b/step2_slicing/_slicer4j_passed/testProvidedHeader_records_L532_P_44 -b org.apache.commons.csv.CSVParserTest:532 -v records -tc org.apache.commons.csv.CSVParserTest -tm testProvidedHeader -dep /home/saglam84/SFL_Slicing/projects/ResearchQ_PL2/resQ_outputs/work/Csv_3b/step2_slicing/_dep_jars  (cwd=/home/saglam84/SFL_Slicing/projects/ResearchQ_PL2/defect_projects/Csv/csv_3b)
2026-08-07 14:18:07 [INFO] target.Csv_3b: [testProvidedHeader_records_L532_P_44] Slicer4J OK on attempt 1/5 for org.apache.commons.csv.CSVParserTest::testProvidedHeader @ org.apache.commons.csv.CSVParserTest:532 var=records
2026-08-07 14:18:07 [INFO] target.Csv_3b: RUN: /usr/bin/time -v python3 /home/saglam84/SFL_Slicing/tools/Slicer4J/scripts/slicer4j.py -j /home/saglam84/SFL_Slicing/projects/ResearchQ_PL2/resQ_outputs/work/Csv_3b/step2_slicing/instrumentable.jar -o /home/saglam84/SFL_Slicing/projects/ResearchQ_PL2/resQ_outputs/work/Csv_3b/step2_slicing/_slicer4j_passed/testMappedButNotSetAsOutlook2007ContactExport_records_L542_P_45 -b org.apache.commons.csv.CSVParserTest:542 -v records -tc org.apache.commons.csv.CSVParserTest -tm testMappedButNotSetAsOutlook2007ContactExport -dep /home/saglam84/SFL_Slicing/projects/ResearchQ_PL2/resQ_outputs/work/Csv_3b/step2_slicing/_dep_jars  (cwd=/home/saglam84/SFL_Slicing/projects/ResearchQ_PL2/defect_projects/Csv/csv_3b)
2026-08-07 14:18:14 [INFO] target.Csv_3b: [testMappedButNotSetAsOutlook2007ContactExport_records_L542_P_45] Slicer4J OK on attempt 1/5 for org.apache.commons.csv.CSVParserTest::testMappedButNotSetAsOutlook2007ContactExport @ org.apache.commons.csv.CSVParserTest:542 var=records
2026-08-07 14:18:14 [INFO] target.Csv_3b: RUN: /usr/bin/time -v python3 /home/saglam84/SFL_Slicing/tools/Slicer4J/scripts/slicer4j.py -j /home/saglam84/SFL_Slicing/projects/ResearchQ_PL2/resQ_outputs/work/Csv_3b/step2_slicing/instrumentable.jar -o /home/saglam84/SFL_Slicing/projects/ResearchQ_PL2/resQ_outputs/work/Csv_3b/step2_slicing/_slicer4j_passed/testMappedButNotSetAsOutlook2007ContactExport_records_L580_P_46 -b org.apache.commons.csv.CSVParserTest:580 -v records -tc org.apache.commons.csv.CSVParserTest -tm testMappedButNotSetAsOutlook2007ContactExport -dep /home/saglam84/SFL_Slicing/projects/ResearchQ_PL2/resQ_outputs/work/Csv_3b/step2_slicing/_dep_jars  (cwd=/home/saglam84/SFL_Slicing/projects/ResearchQ_PL2/defect_projects/Csv/csv_3b)
2026-08-07 14:18:21 [INFO] target.Csv_3b: [testMappedButNotSetAsOutlook2007ContactExport_records_L580_P_46] Slicer4J OK on attempt 1/5 for org.apache.commons.csv.CSVParserTest::testMappedButNotSetAsOutlook2007ContactExport @ org.apache.commons.csv.CSVParserTest:580 var=records
2026-08-07 14:18:21 [INFO] target.Csv_3b: RUN: /usr/bin/time -v python3 /home/saglam84/SFL_Slicing/tools/Slicer4J/scripts/slicer4j.py -j /home/saglam84/SFL_Slicing/projects/ResearchQ_PL2/resQ_outputs/work/Csv_3b/step2_slicing/instrumentable.jar -o /home/saglam84/SFL_Slicing/projects/ResearchQ_PL2/resQ_outputs/work/Csv_3b/step2_slicing/_slicer4j_passed/testGetHeaderMap_records_L596_P_47 -b org.apache.commons.csv.CSVParserTest:596 -v records -tc org.apache.commons.csv.CSVParserTest -tm testGetHeaderMap -dep /home/saglam84/SFL_Slicing/projects/ResearchQ_PL2/resQ_outputs/work/Csv_3b/step2_slicing/_dep_jars  (cwd=/home/saglam84/SFL_Slicing/projects/ResearchQ_PL2/defect_projects/Csv/csv_3b)
2026-08-07 14:18:28 [INFO] target.Csv_3b: [testGetHeaderMap_records_L596_P_47] Slicer4J OK on attempt 1/5 for org.apache.commons.csv.CSVParserTest::testGetHeaderMap @ org.apache.commons.csv.CSVParserTest:596 var=records
2026-08-07 14:18:28 [INFO] target.Csv_3b: RUN: /usr/bin/time -v python3 /home/saglam84/SFL_Slicing/tools/Slicer4J/scripts/slicer4j.py -j /home/saglam84/SFL_Slicing/projects/ResearchQ_PL2/resQ_outputs/work/Csv_3b/step2_slicing/instrumentable.jar -o /home/saglam84/SFL_Slicing/projects/ResearchQ_PL2/resQ_outputs/work/Csv_3b/step2_slicing/_slicer4j_passed/testGetHeaderMap_records_L603_P_48 -b org.apache.commons.csv.CSVParserTest:603 -v records -tc org.apache.commons.csv.CSVParserTest -tm testGetHeaderMap -dep /home/saglam84/SFL_Slicing/projects/ResearchQ_PL2/resQ_outputs/work/Csv_3b/step2_slicing/_dep_jars  (cwd=/home/saglam84/SFL_Slicing/projects/ResearchQ_PL2/defect_projects/Csv/csv_3b)
2026-08-07 14:18:36 [INFO] target.Csv_3b: [testGetHeaderMap_records_L603_P_48] Slicer4J OK on attempt 1/5 for org.apache.commons.csv.CSVParserTest::testGetHeaderMap @ org.apache.commons.csv.CSVParserTest:603 var=records
2026-08-07 14:18:36 [INFO] target.Csv_3b: RUN: defects4j export -p dir.src.classes -o /home/saglam84/SFL_Slicing/projects/ResearchQ_PL2/resQ_outputs/work/Csv_3b/step2_slicing/_dir_src_classes.tmp.txt  (cwd=/home/saglam84/SFL_Slicing/projects/ResearchQ_PL2/defect_projects/Csv/csv_3b)
2026-08-07 14:18:37 [INFO] target.Csv_3b: Test-code filter: excluded statements from 2 non-main-source file(s): ['CSVLexerTest.java', 'CSVParserTest.java']
2026-08-07 14:18:37 [INFO] target.Csv_3b: Step2: 51 virtual column(s) collected (2 Virtual_Fail, 49 Virtual_Pass).
2026-08-07 14:18:37 [INFO] target.Csv_3b: RUN: defects4j export -p dir.src.classes -o /home/saglam84/SFL_Slicing/projects/ResearchQ_PL2/resQ_outputs/work/Csv_3b/step3_matrices/_dir_src_classes.tmp.txt  (cwd=/home/saglam84/SFL_Slicing/projects/ResearchQ_PL2/defect_projects/Csv/csv_3b)
2026-08-07 14:18:38 [INFO] target.Csv_3b: RUN: /usr/bin/time -v defects4j coverage -t org.apache.commons.csv.CSVFileParserTest::testCSVFile -i /home/saglam84/SFL_Slicing/projects/ResearchQ_PL2/resQ_outputs/work/Csv_3b/step3_matrices/instrument_classes_all.txt  (cwd=/home/saglam84/SFL_Slicing/projects/ResearchQ_PL2/defect_projects/Csv/csv_3b)
2026-08-07 14:18:41 [INFO] target.Csv_3b: RUN: /usr/bin/time -v defects4j coverage -t org.apache.commons.csv.CSVLexerTest::testSurroundingSpacesAreDeleted -i /home/saglam84/SFL_Slicing/projects/ResearchQ_PL2/resQ_outputs/work/Csv_3b/step3_matrices/instrument_classes_all.txt  (cwd=/home/saglam84/SFL_Slicing/projects/ResearchQ_PL2/defect_projects/Csv/csv_3b)
2026-08-07 14:18:44 [INFO] target.Csv_3b: RUN: /usr/bin/time -v defects4j coverage -t org.apache.commons.csv.CSVLexerTest::testSurroundingTabsAreDeleted -i /home/saglam84/SFL_Slicing/projects/ResearchQ_PL2/resQ_outputs/work/Csv_3b/step3_matrices/instrument_classes_all.txt  (cwd=/home/saglam84/SFL_Slicing/projects/ResearchQ_PL2/defect_projects/Csv/csv_3b)
2026-08-07 14:18:48 [INFO] target.Csv_3b: RUN: /usr/bin/time -v defects4j coverage -t org.apache.commons.csv.CSVLexerTest::testIgnoreEmptyLines -i /home/saglam84/SFL_Slicing/projects/ResearchQ_PL2/resQ_outputs/work/Csv_3b/step3_matrices/instrument_classes_all.txt  (cwd=/home/saglam84/SFL_Slicing/projects/ResearchQ_PL2/defect_projects/Csv/csv_3b)
2026-08-07 14:18:52 [INFO] target.Csv_3b: RUN: /usr/bin/time -v defects4j coverage -t org.apache.commons.csv.CSVLexerTest::testComments -i /home/saglam84/SFL_Slicing/projects/ResearchQ_PL2/resQ_outputs/work/Csv_3b/step3_matrices/instrument_classes_all.txt  (cwd=/home/saglam84/SFL_Slicing/projects/ResearchQ_PL2/defect_projects/Csv/csv_3b)
2026-08-07 14:18:56 [INFO] target.Csv_3b: RUN: /usr/bin/time -v defects4j coverage -t org.apache.commons.csv.CSVLexerTest::testCommentsAndEmptyLines -i /home/saglam84/SFL_Slicing/projects/ResearchQ_PL2/resQ_outputs/work/Csv_3b/step3_matrices/instrument_classes_all.txt  (cwd=/home/saglam84/SFL_Slicing/projects/ResearchQ_PL2/defect_projects/Csv/csv_3b)
2026-08-07 14:19:00 [INFO] target.Csv_3b: RUN: /usr/bin/time -v defects4j coverage -t org.apache.commons.csv.CSVLexerTest::testBackslashWithoutEscaping -i /home/saglam84/SFL_Slicing/projects/ResearchQ_PL2/resQ_outputs/work/Csv_3b/step3_matrices/instrument_classes_all.txt  (cwd=/home/saglam84/SFL_Slicing/projects/ResearchQ_PL2/defect_projects/Csv/csv_3b)
2026-08-07 14:19:04 [INFO] target.Csv_3b: RUN: /usr/bin/time -v defects4j coverage -t org.apache.commons.csv.CSVLexerTest::testBackslashWithEscaping -i /home/saglam84/SFL_Slicing/projects/ResearchQ_PL2/resQ_outputs/work/Csv_3b/step3_matrices/instrument_classes_all.txt  (cwd=/home/saglam84/SFL_Slicing/projects/ResearchQ_PL2/defect_projects/Csv/csv_3b)
2026-08-07 14:19:08 [INFO] target.Csv_3b: RUN: /usr/bin/time -v defects4j coverage -t org.apache.commons.csv.CSVLexerTest::testNextToken4 -i /home/saglam84/SFL_Slicing/projects/ResearchQ_PL2/resQ_outputs/work/Csv_3b/step3_matrices/instrument_classes_all.txt  (cwd=/home/saglam84/SFL_Slicing/projects/ResearchQ_PL2/defect_projects/Csv/csv_3b)
2026-08-07 14:19:12 [INFO] target.Csv_3b: RUN: /usr/bin/time -v defects4j coverage -t org.apache.commons.csv.CSVLexerTest::testNextToken5 -i /home/saglam84/SFL_Slicing/projects/ResearchQ_PL2/resQ_outputs/work/Csv_3b/step3_matrices/instrument_classes_all.txt  (cwd=/home/saglam84/SFL_Slicing/projects/ResearchQ_PL2/defect_projects/Csv/csv_3b)
2026-08-07 14:19:16 [INFO] target.Csv_3b: RUN: /usr/bin/time -v defects4j coverage -t org.apache.commons.csv.CSVLexerTest::testNextToken6 -i /home/saglam84/SFL_Slicing/projects/ResearchQ_PL2/resQ_outputs/work/Csv_3b/step3_matrices/instrument_classes_all.txt  (cwd=/home/saglam84/SFL_Slicing/projects/ResearchQ_PL2/defect_projects/Csv/csv_3b)
2026-08-07 14:19:20 [INFO] target.Csv_3b: RUN: /usr/bin/time -v defects4j coverage -t org.apache.commons.csv.CSVLexerTest::testDelimiterIsWhitespace -i /home/saglam84/SFL_Slicing/projects/ResearchQ_PL2/resQ_outputs/work/Csv_3b/step3_matrices/instrument_classes_all.txt  (cwd=/home/saglam84/SFL_Slicing/projects/ResearchQ_PL2/defect_projects/Csv/csv_3b)
2026-08-07 14:19:24 [INFO] target.Csv_3b: RUN: /usr/bin/time -v defects4j coverage -t org.apache.commons.csv.CSVLexerTest::testEscapedCR -i /home/saglam84/SFL_Slicing/projects/ResearchQ_PL2/resQ_outputs/work/Csv_3b/step3_matrices/instrument_classes_all.txt  (cwd=/home/saglam84/SFL_Slicing/projects/ResearchQ_PL2/defect_projects/Csv/csv_3b)
2026-08-07 14:19:28 [INFO] target.Csv_3b: RUN: /usr/bin/time -v defects4j coverage -t org.apache.commons.csv.CSVLexerTest::testEscapedLF -i /home/saglam84/SFL_Slicing/projects/ResearchQ_PL2/resQ_outputs/work/Csv_3b/step3_matrices/instrument_classes_all.txt  (cwd=/home/saglam84/SFL_Slicing/projects/ResearchQ_PL2/defect_projects/Csv/csv_3b)
2026-08-07 14:19:32 [INFO] target.Csv_3b: RUN: /usr/bin/time -v defects4j coverage -t org.apache.commons.csv.CSVLexerTest::testEscapedTab -i /home/saglam84/SFL_Slicing/projects/ResearchQ_PL2/resQ_outputs/work/Csv_3b/step3_matrices/instrument_classes_all.txt  (cwd=/home/saglam84/SFL_Slicing/projects/ResearchQ_PL2/defect_projects/Csv/csv_3b)
2026-08-07 14:19:36 [INFO] target.Csv_3b: RUN: /usr/bin/time -v defects4j coverage -t org.apache.commons.csv.CSVLexerTest::testEscapeBackspace -i /home/saglam84/SFL_Slicing/projects/ResearchQ_PL2/resQ_outputs/work/Csv_3b/step3_matrices/instrument_classes_all.txt  (cwd=/home/saglam84/SFL_Slicing/projects/ResearchQ_PL2/defect_projects/Csv/csv_3b)
2026-08-07 14:19:40 [INFO] target.Csv_3b: RUN: /usr/bin/time -v defects4j coverage -t org.apache.commons.csv.CSVLexerTest::testEscapeFF -i /home/saglam84/SFL_Slicing/projects/ResearchQ_PL2/resQ_outputs/work/Csv_3b/step3_matrices/instrument_classes_all.txt  (cwd=/home/saglam84/SFL_Slicing/projects/ResearchQ_PL2/defect_projects/Csv/csv_3b)
2026-08-07 14:19:44 [INFO] target.Csv_3b: RUN: /usr/bin/time -v defects4j coverage -t org.apache.commons.csv.CSVLexerTest::testEscapedMySqlNullValue -i /home/saglam84/SFL_Slicing/projects/ResearchQ_PL2/resQ_outputs/work/Csv_3b/step3_matrices/instrument_classes_all.txt  (cwd=/home/saglam84/SFL_Slicing/projects/ResearchQ_PL2/defect_projects/Csv/csv_3b)
2026-08-07 14:19:48 [INFO] target.Csv_3b: RUN: /usr/bin/time -v defects4j coverage -t org.apache.commons.csv.CSVLexerTest::testEscapedCharacter -i /home/saglam84/SFL_Slicing/projects/ResearchQ_PL2/resQ_outputs/work/Csv_3b/step3_matrices/instrument_classes_all.txt  (cwd=/home/saglam84/SFL_Slicing/projects/ResearchQ_PL2/defect_projects/Csv/csv_3b)
2026-08-07 14:19:52 [INFO] target.Csv_3b: RUN: /usr/bin/time -v defects4j coverage -t org.apache.commons.csv.CSVLexerTest::testEscapedControlCharacter -i /home/saglam84/SFL_Slicing/projects/ResearchQ_PL2/resQ_outputs/work/Csv_3b/step3_matrices/instrument_classes_all.txt  (cwd=/home/saglam84/SFL_Slicing/projects/ResearchQ_PL2/defect_projects/Csv/csv_3b)
2026-08-07 14:19:56 [INFO] target.Csv_3b: RUN: /usr/bin/time -v defects4j coverage -t org.apache.commons.csv.CSVLexerTest::testEscapedControlCharacter2 -i /home/saglam84/SFL_Slicing/projects/ResearchQ_PL2/resQ_outputs/work/Csv_3b/step3_matrices/instrument_classes_all.txt  (cwd=/home/saglam84/SFL_Slicing/projects/ResearchQ_PL2/defect_projects/Csv/csv_3b)
2026-08-07 14:20:01 [INFO] target.Csv_3b: RUN: /usr/bin/time -v defects4j coverage -t org.apache.commons.csv.CSVLexerTest::testEscapingAtEOF -i /home/saglam84/SFL_Slicing/projects/ResearchQ_PL2/resQ_outputs/work/Csv_3b/step3_matrices/instrument_classes_all.txt  (cwd=/home/saglam84/SFL_Slicing/projects/ResearchQ_PL2/defect_projects/Csv/csv_3b)
2026-08-07 14:20:05 [INFO] target.Csv_3b: RUN: /usr/bin/time -v defects4j coverage -t org.apache.commons.csv.CSVParserTest::testGetLine -i /home/saglam84/SFL_Slicing/projects/ResearchQ_PL2/resQ_outputs/work/Csv_3b/step3_matrices/instrument_classes_all.txt  (cwd=/home/saglam84/SFL_Slicing/projects/ResearchQ_PL2/defect_projects/Csv/csv_3b)
2026-08-07 14:20:09 [INFO] target.Csv_3b: RUN: /usr/bin/time -v defects4j coverage -t org.apache.commons.csv.CSVParserTest::testGetRecords -i /home/saglam84/SFL_Slicing/projects/ResearchQ_PL2/resQ_outputs/work/Csv_3b/step3_matrices/instrument_classes_all.txt  (cwd=/home/saglam84/SFL_Slicing/projects/ResearchQ_PL2/defect_projects/Csv/csv_3b)
2026-08-07 14:20:13 [INFO] target.Csv_3b: RUN: /usr/bin/time -v defects4j coverage -t org.apache.commons.csv.CSVParserTest::testExcelFormat1 -i /home/saglam84/SFL_Slicing/projects/ResearchQ_PL2/resQ_outputs/work/Csv_3b/step3_matrices/instrument_classes_all.txt  (cwd=/home/saglam84/SFL_Slicing/projects/ResearchQ_PL2/defect_projects/Csv/csv_3b)
2026-08-07 14:20:17 [INFO] target.Csv_3b: RUN: /usr/bin/time -v defects4j coverage -t org.apache.commons.csv.CSVParserTest::testExcelFormat2 -i /home/saglam84/SFL_Slicing/projects/ResearchQ_PL2/resQ_outputs/work/Csv_3b/step3_matrices/instrument_classes_all.txt  (cwd=/home/saglam84/SFL_Slicing/projects/ResearchQ_PL2/defect_projects/Csv/csv_3b)
2026-08-07 14:20:21 [INFO] target.Csv_3b: RUN: /usr/bin/time -v defects4j coverage -t org.apache.commons.csv.CSVParserTest::testEndOfFileBehaviourExcel -i /home/saglam84/SFL_Slicing/projects/ResearchQ_PL2/resQ_outputs/work/Csv_3b/step3_matrices/instrument_classes_all.txt  (cwd=/home/saglam84/SFL_Slicing/projects/ResearchQ_PL2/defect_projects/Csv/csv_3b)
2026-08-07 14:20:25 [INFO] target.Csv_3b: RUN: /usr/bin/time -v defects4j coverage -t org.apache.commons.csv.CSVParserTest::testEndOfFileBehaviorCSV -i /home/saglam84/SFL_Slicing/projects/ResearchQ_PL2/resQ_outputs/work/Csv_3b/step3_matrices/instrument_classes_all.txt  (cwd=/home/saglam84/SFL_Slicing/projects/ResearchQ_PL2/defect_projects/Csv/csv_3b)
2026-08-07 14:20:29 [INFO] target.Csv_3b: RUN: /usr/bin/time -v defects4j coverage -t org.apache.commons.csv.CSVParserTest::testEmptyLineBehaviourExcel -i /home/saglam84/SFL_Slicing/projects/ResearchQ_PL2/resQ_outputs/work/Csv_3b/step3_matrices/instrument_classes_all.txt  (cwd=/home/saglam84/SFL_Slicing/projects/ResearchQ_PL2/defect_projects/Csv/csv_3b)
2026-08-07 14:20:33 [INFO] target.Csv_3b: RUN: /usr/bin/time -v defects4j coverage -t org.apache.commons.csv.CSVParserTest::testEmptyLineBehaviourCSV -i /home/saglam84/SFL_Slicing/projects/ResearchQ_PL2/resQ_outputs/work/Csv_3b/step3_matrices/instrument_classes_all.txt  (cwd=/home/saglam84/SFL_Slicing/projects/ResearchQ_PL2/defect_projects/Csv/csv_3b)
2026-08-07 14:20:37 [INFO] target.Csv_3b: RUN: /usr/bin/time -v defects4j coverage -t org.apache.commons.csv.CSVParserTest::testEmptyFile -i /home/saglam84/SFL_Slicing/projects/ResearchQ_PL2/resQ_outputs/work/Csv_3b/step3_matrices/instrument_classes_all.txt  (cwd=/home/saglam84/SFL_Slicing/projects/ResearchQ_PL2/defect_projects/Csv/csv_3b)
2026-08-07 14:20:41 [INFO] target.Csv_3b: RUN: /usr/bin/time -v defects4j coverage -t org.apache.commons.csv.CSVParserTest::testCSV57 -i /home/saglam84/SFL_Slicing/projects/ResearchQ_PL2/resQ_outputs/work/Csv_3b/step3_matrices/instrument_classes_all.txt  (cwd=/home/saglam84/SFL_Slicing/projects/ResearchQ_PL2/defect_projects/Csv/csv_3b)
2026-08-07 14:20:45 [INFO] target.Csv_3b: RUN: /usr/bin/time -v defects4j coverage -t org.apache.commons.csv.CSVParserTest::testBackslashEscapingOld -i /home/saglam84/SFL_Slicing/projects/ResearchQ_PL2/resQ_outputs/work/Csv_3b/step3_matrices/instrument_classes_all.txt  (cwd=/home/saglam84/SFL_Slicing/projects/ResearchQ_PL2/defect_projects/Csv/csv_3b)
2026-08-07 14:20:48 [INFO] target.Csv_3b: RUN: /usr/bin/time -v defects4j coverage -t org.apache.commons.csv.CSVParserTest::testBackslashEscaping -i /home/saglam84/SFL_Slicing/projects/ResearchQ_PL2/resQ_outputs/work/Csv_3b/step3_matrices/instrument_classes_all.txt  (cwd=/home/saglam84/SFL_Slicing/projects/ResearchQ_PL2/defect_projects/Csv/csv_3b)
2026-08-07 14:20:52 [INFO] target.Csv_3b: RUN: /usr/bin/time -v defects4j coverage -t org.apache.commons.csv.CSVParserTest::testBackslashEscaping2 -i /home/saglam84/SFL_Slicing/projects/ResearchQ_PL2/resQ_outputs/work/Csv_3b/step3_matrices/instrument_classes_all.txt  (cwd=/home/saglam84/SFL_Slicing/projects/ResearchQ_PL2/defect_projects/Csv/csv_3b)
2026-08-07 14:20:56 [INFO] target.Csv_3b: RUN: /usr/bin/time -v defects4j coverage -t org.apache.commons.csv.CSVParserTest::testDefaultFormat -i /home/saglam84/SFL_Slicing/projects/ResearchQ_PL2/resQ_outputs/work/Csv_3b/step3_matrices/instrument_classes_all.txt  (cwd=/home/saglam84/SFL_Slicing/projects/ResearchQ_PL2/defect_projects/Csv/csv_3b)
2026-08-07 14:21:00 [INFO] target.Csv_3b: RUN: /usr/bin/time -v defects4j coverage -t org.apache.commons.csv.CSVParserTest::testCarriageReturnLineFeedEndings -i /home/saglam84/SFL_Slicing/projects/ResearchQ_PL2/resQ_outputs/work/Csv_3b/step3_matrices/instrument_classes_all.txt  (cwd=/home/saglam84/SFL_Slicing/projects/ResearchQ_PL2/defect_projects/Csv/csv_3b)
2026-08-07 14:21:04 [INFO] target.Csv_3b: RUN: /usr/bin/time -v defects4j coverage -t org.apache.commons.csv.CSVParserTest::testCarriageReturnEndings -i /home/saglam84/SFL_Slicing/projects/ResearchQ_PL2/resQ_outputs/work/Csv_3b/step3_matrices/instrument_classes_all.txt  (cwd=/home/saglam84/SFL_Slicing/projects/ResearchQ_PL2/defect_projects/Csv/csv_3b)
2026-08-07 14:21:08 [INFO] target.Csv_3b: RUN: /usr/bin/time -v defects4j coverage -t org.apache.commons.csv.CSVParserTest::testLineFeedEndings -i /home/saglam84/SFL_Slicing/projects/ResearchQ_PL2/resQ_outputs/work/Csv_3b/step3_matrices/instrument_classes_all.txt  (cwd=/home/saglam84/SFL_Slicing/projects/ResearchQ_PL2/defect_projects/Csv/csv_3b)
2026-08-07 14:21:12 [INFO] target.Csv_3b: RUN: /usr/bin/time -v defects4j coverage -t org.apache.commons.csv.CSVParserTest::testIgnoreEmptyLines -i /home/saglam84/SFL_Slicing/projects/ResearchQ_PL2/resQ_outputs/work/Csv_3b/step3_matrices/instrument_classes_all.txt  (cwd=/home/saglam84/SFL_Slicing/projects/ResearchQ_PL2/defect_projects/Csv/csv_3b)
2026-08-07 14:21:16 [INFO] target.Csv_3b: RUN: /usr/bin/time -v defects4j coverage -t org.apache.commons.csv.CSVParserTest::testForEach -i /home/saglam84/SFL_Slicing/projects/ResearchQ_PL2/resQ_outputs/work/Csv_3b/step3_matrices/instrument_classes_all.txt  (cwd=/home/saglam84/SFL_Slicing/projects/ResearchQ_PL2/defect_projects/Csv/csv_3b)
2026-08-07 14:21:20 [INFO] target.Csv_3b: RUN: /usr/bin/time -v defects4j coverage -t org.apache.commons.csv.CSVParserTest::testRoundtrip -i /home/saglam84/SFL_Slicing/projects/ResearchQ_PL2/resQ_outputs/work/Csv_3b/step3_matrices/instrument_classes_all.txt  (cwd=/home/saglam84/SFL_Slicing/projects/ResearchQ_PL2/defect_projects/Csv/csv_3b)
2026-08-07 14:21:24 [INFO] target.Csv_3b: RUN: /usr/bin/time -v defects4j coverage -t org.apache.commons.csv.CSVParserTest::testIterator -i /home/saglam84/SFL_Slicing/projects/ResearchQ_PL2/resQ_outputs/work/Csv_3b/step3_matrices/instrument_classes_all.txt  (cwd=/home/saglam84/SFL_Slicing/projects/ResearchQ_PL2/defect_projects/Csv/csv_3b)
2026-08-07 14:21:28 [INFO] target.Csv_3b: RUN: /usr/bin/time -v defects4j coverage -t org.apache.commons.csv.CSVParserTest::testHeader -i /home/saglam84/SFL_Slicing/projects/ResearchQ_PL2/resQ_outputs/work/Csv_3b/step3_matrices/instrument_classes_all.txt  (cwd=/home/saglam84/SFL_Slicing/projects/ResearchQ_PL2/defect_projects/Csv/csv_3b)
2026-08-07 14:21:32 [INFO] target.Csv_3b: RUN: /usr/bin/time -v defects4j coverage -t org.apache.commons.csv.CSVParserTest::testHeaderComment -i /home/saglam84/SFL_Slicing/projects/ResearchQ_PL2/resQ_outputs/work/Csv_3b/step3_matrices/instrument_classes_all.txt  (cwd=/home/saglam84/SFL_Slicing/projects/ResearchQ_PL2/defect_projects/Csv/csv_3b)
2026-08-07 14:21:36 [INFO] target.Csv_3b: RUN: /usr/bin/time -v defects4j coverage -t org.apache.commons.csv.CSVParserTest::testProvidedHeader -i /home/saglam84/SFL_Slicing/projects/ResearchQ_PL2/resQ_outputs/work/Csv_3b/step3_matrices/instrument_classes_all.txt  (cwd=/home/saglam84/SFL_Slicing/projects/ResearchQ_PL2/defect_projects/Csv/csv_3b)
2026-08-07 14:21:41 [INFO] target.Csv_3b: RUN: /usr/bin/time -v defects4j coverage -t org.apache.commons.csv.CSVParserTest::testMappedButNotSetAsOutlook2007ContactExport -i /home/saglam84/SFL_Slicing/projects/ResearchQ_PL2/resQ_outputs/work/Csv_3b/step3_matrices/instrument_classes_all.txt  (cwd=/home/saglam84/SFL_Slicing/projects/ResearchQ_PL2/defect_projects/Csv/csv_3b)
2026-08-07 14:21:45 [INFO] target.Csv_3b: RUN: /usr/bin/time -v defects4j coverage -t org.apache.commons.csv.CSVParserTest::testGetHeaderMap -i /home/saglam84/SFL_Slicing/projects/ResearchQ_PL2/resQ_outputs/work/Csv_3b/step3_matrices/instrument_classes_all.txt  (cwd=/home/saglam84/SFL_Slicing/projects/ResearchQ_PL2/defect_projects/Csv/csv_3b)
2026-08-07 14:21:50 [INFO] target.Csv_3b: RUN: /usr/bin/time -v defects4j coverage -t org.apache.commons.csv.CSVParserTest::testGetLineNumberWithLF -i /home/saglam84/SFL_Slicing/projects/ResearchQ_PL2/resQ_outputs/work/Csv_3b/step3_matrices/instrument_classes_all.txt  (cwd=/home/saglam84/SFL_Slicing/projects/ResearchQ_PL2/defect_projects/Csv/csv_3b)
2026-08-07 14:21:55 [INFO] target.Csv_3b: RUN: /usr/bin/time -v defects4j coverage -t org.apache.commons.csv.CSVParserTest::testGetLineNumberWithCRLF -i /home/saglam84/SFL_Slicing/projects/ResearchQ_PL2/resQ_outputs/work/Csv_3b/step3_matrices/instrument_classes_all.txt  (cwd=/home/saglam84/SFL_Slicing/projects/ResearchQ_PL2/defect_projects/Csv/csv_3b)
2026-08-07 14:21:59 [INFO] target.Csv_3b: RUN: /usr/bin/time -v defects4j coverage -t org.apache.commons.csv.CSVParserTest::testGetLineNumberWithCR -i /home/saglam84/SFL_Slicing/projects/ResearchQ_PL2/resQ_outputs/work/Csv_3b/step3_matrices/instrument_classes_all.txt  (cwd=/home/saglam84/SFL_Slicing/projects/ResearchQ_PL2/defect_projects/Csv/csv_3b)
2026-08-07 14:22:03 [INFO] target.Csv_3b: RUN: /usr/bin/time -v defects4j coverage -t org.apache.commons.csv.CSVParserTest::testGetRecordNumberWithLF -i /home/saglam84/SFL_Slicing/projects/ResearchQ_PL2/resQ_outputs/work/Csv_3b/step3_matrices/instrument_classes_all.txt  (cwd=/home/saglam84/SFL_Slicing/projects/ResearchQ_PL2/defect_projects/Csv/csv_3b)
2026-08-07 14:22:07 [INFO] target.Csv_3b: RUN: /usr/bin/time -v defects4j coverage -t org.apache.commons.csv.CSVParserTest::testGetRecordWithMultiiLineValues -i /home/saglam84/SFL_Slicing/projects/ResearchQ_PL2/resQ_outputs/work/Csv_3b/step3_matrices/instrument_classes_all.txt  (cwd=/home/saglam84/SFL_Slicing/projects/ResearchQ_PL2/defect_projects/Csv/csv_3b)
2026-08-07 14:22:11 [INFO] target.Csv_3b: RUN: /usr/bin/time -v defects4j coverage -t org.apache.commons.csv.CSVParserTest::testGetRecordNumberWithCRLF -i /home/saglam84/SFL_Slicing/projects/ResearchQ_PL2/resQ_outputs/work/Csv_3b/step3_matrices/instrument_classes_all.txt  (cwd=/home/saglam84/SFL_Slicing/projects/ResearchQ_PL2/defect_projects/Csv/csv_3b)
2026-08-07 14:22:16 [INFO] target.Csv_3b: RUN: /usr/bin/time -v defects4j coverage -t org.apache.commons.csv.CSVParserTest::testGetRecordNumberWithCR -i /home/saglam84/SFL_Slicing/projects/ResearchQ_PL2/resQ_outputs/work/Csv_3b/step3_matrices/instrument_classes_all.txt  (cwd=/home/saglam84/SFL_Slicing/projects/ResearchQ_PL2/defect_projects/Csv/csv_3b)
2026-08-07 14:22:20 [INFO] target.Csv_3b: RUN: /usr/bin/time -v defects4j coverage -t org.apache.commons.csv.CSVPrinterTest::testDisabledComment -i /home/saglam84/SFL_Slicing/projects/ResearchQ_PL2/resQ_outputs/work/Csv_3b/step3_matrices/instrument_classes_all.txt  (cwd=/home/saglam84/SFL_Slicing/projects/ResearchQ_PL2/defect_projects/Csv/csv_3b)
2026-08-07 14:22:24 [INFO] target.Csv_3b: RUN: /usr/bin/time -v defects4j coverage -t org.apache.commons.csv.CSVPrinterTest::testExcelPrintAllArrayOfArrays -i /home/saglam84/SFL_Slicing/projects/ResearchQ_PL2/resQ_outputs/work/Csv_3b/step3_matrices/instrument_classes_all.txt  (cwd=/home/saglam84/SFL_Slicing/projects/ResearchQ_PL2/defect_projects/Csv/csv_3b)
2026-08-07 14:22:28 [INFO] target.Csv_3b: RUN: /usr/bin/time -v defects4j coverage -t org.apache.commons.csv.CSVPrinterTest::testExcelPrintAllArrayOfLists -i /home/saglam84/SFL_Slicing/projects/ResearchQ_PL2/resQ_outputs/work/Csv_3b/step3_matrices/instrument_classes_all.txt  (cwd=/home/saglam84/SFL_Slicing/projects/ResearchQ_PL2/defect_projects/Csv/csv_3b)
2026-08-07 14:22:32 [INFO] target.Csv_3b: RUN: /usr/bin/time -v defects4j coverage -t org.apache.commons.csv.CSVPrinterTest::testExcelPrintAllIterableOfArrays -i /home/saglam84/SFL_Slicing/projects/ResearchQ_PL2/resQ_outputs/work/Csv_3b/step3_matrices/instrument_classes_all.txt  (cwd=/home/saglam84/SFL_Slicing/projects/ResearchQ_PL2/defect_projects/Csv/csv_3b)
2026-08-07 14:22:36 [INFO] target.Csv_3b: RUN: /usr/bin/time -v defects4j coverage -t org.apache.commons.csv.CSVPrinterTest::testExcelPrintAllIterableOfLists -i /home/saglam84/SFL_Slicing/projects/ResearchQ_PL2/resQ_outputs/work/Csv_3b/step3_matrices/instrument_classes_all.txt  (cwd=/home/saglam84/SFL_Slicing/projects/ResearchQ_PL2/defect_projects/Csv/csv_3b)
2026-08-07 14:22:40 [INFO] target.Csv_3b: RUN: /usr/bin/time -v defects4j coverage -t org.apache.commons.csv.CSVPrinterTest::testExcelPrinter1 -i /home/saglam84/SFL_Slicing/projects/ResearchQ_PL2/resQ_outputs/work/Csv_3b/step3_matrices/instrument_classes_all.txt  (cwd=/home/saglam84/SFL_Slicing/projects/ResearchQ_PL2/defect_projects/Csv/csv_3b)
2026-08-07 14:22:44 [INFO] target.Csv_3b: RUN: /usr/bin/time -v defects4j coverage -t org.apache.commons.csv.CSVPrinterTest::testExcelPrinter2 -i /home/saglam84/SFL_Slicing/projects/ResearchQ_PL2/resQ_outputs/work/Csv_3b/step3_matrices/instrument_classes_all.txt  (cwd=/home/saglam84/SFL_Slicing/projects/ResearchQ_PL2/defect_projects/Csv/csv_3b)
2026-08-07 14:22:48 [INFO] target.Csv_3b: RUN: /usr/bin/time -v defects4j coverage -t org.apache.commons.csv.CSVPrinterTest::testJdbcPrinter -i /home/saglam84/SFL_Slicing/projects/ResearchQ_PL2/resQ_outputs/work/Csv_3b/step3_matrices/instrument_classes_all.txt  (cwd=/home/saglam84/SFL_Slicing/projects/ResearchQ_PL2/defect_projects/Csv/csv_3b)
2026-08-07 14:22:52 [INFO] target.Csv_3b: RUN: /usr/bin/time -v defects4j coverage -t org.apache.commons.csv.CSVPrinterTest::testMultiLineComment -i /home/saglam84/SFL_Slicing/projects/ResearchQ_PL2/resQ_outputs/work/Csv_3b/step3_matrices/instrument_classes_all.txt  (cwd=/home/saglam84/SFL_Slicing/projects/ResearchQ_PL2/defect_projects/Csv/csv_3b)
2026-08-07 14:22:57 [INFO] target.Csv_3b: RUN: /usr/bin/time -v defects4j coverage -t org.apache.commons.csv.CSVPrinterTest::testPrinter1 -i /home/saglam84/SFL_Slicing/projects/ResearchQ_PL2/resQ_outputs/work/Csv_3b/step3_matrices/instrument_classes_all.txt  (cwd=/home/saglam84/SFL_Slicing/projects/ResearchQ_PL2/defect_projects/Csv/csv_3b)
2026-08-07 14:23:01 [INFO] target.Csv_3b: RUN: /usr/bin/time -v defects4j coverage -t org.apache.commons.csv.CSVPrinterTest::testPrinter2 -i /home/saglam84/SFL_Slicing/projects/ResearchQ_PL2/resQ_outputs/work/Csv_3b/step3_matrices/instrument_classes_all.txt  (cwd=/home/saglam84/SFL_Slicing/projects/ResearchQ_PL2/defect_projects/Csv/csv_3b)
2026-08-07 14:23:04 [INFO] target.Csv_3b: RUN: /usr/bin/time -v defects4j coverage -t org.apache.commons.csv.CSVPrinterTest::testPrinter3 -i /home/saglam84/SFL_Slicing/projects/ResearchQ_PL2/resQ_outputs/work/Csv_3b/step3_matrices/instrument_classes_all.txt  (cwd=/home/saglam84/SFL_Slicing/projects/ResearchQ_PL2/defect_projects/Csv/csv_3b)
2026-08-07 14:23:08 [INFO] target.Csv_3b: RUN: /usr/bin/time -v defects4j coverage -t org.apache.commons.csv.CSVPrinterTest::testPrinter4 -i /home/saglam84/SFL_Slicing/projects/ResearchQ_PL2/resQ_outputs/work/Csv_3b/step3_matrices/instrument_classes_all.txt  (cwd=/home/saglam84/SFL_Slicing/projects/ResearchQ_PL2/defect_projects/Csv/csv_3b)
2026-08-07 14:23:12 [INFO] target.Csv_3b: RUN: /usr/bin/time -v defects4j coverage -t org.apache.commons.csv.CSVPrinterTest::testPrinter5 -i /home/saglam84/SFL_Slicing/projects/ResearchQ_PL2/resQ_outputs/work/Csv_3b/step3_matrices/instrument_classes_all.txt  (cwd=/home/saglam84/SFL_Slicing/projects/ResearchQ_PL2/defect_projects/Csv/csv_3b)
2026-08-07 14:23:16 [INFO] target.Csv_3b: RUN: /usr/bin/time -v defects4j coverage -t org.apache.commons.csv.CSVPrinterTest::testPrinter6 -i /home/saglam84/SFL_Slicing/projects/ResearchQ_PL2/resQ_outputs/work/Csv_3b/step3_matrices/instrument_classes_all.txt  (cwd=/home/saglam84/SFL_Slicing/projects/ResearchQ_PL2/defect_projects/Csv/csv_3b)
2026-08-07 14:23:20 [INFO] target.Csv_3b: RUN: /usr/bin/time -v defects4j coverage -t org.apache.commons.csv.CSVPrinterTest::testPrinter7 -i /home/saglam84/SFL_Slicing/projects/ResearchQ_PL2/resQ_outputs/work/Csv_3b/step3_matrices/instrument_classes_all.txt  (cwd=/home/saglam84/SFL_Slicing/projects/ResearchQ_PL2/defect_projects/Csv/csv_3b)
2026-08-07 14:23:24 [INFO] target.Csv_3b: RUN: /usr/bin/time -v defects4j coverage -t org.apache.commons.csv.CSVPrinterTest::testPrintNullValues -i /home/saglam84/SFL_Slicing/projects/ResearchQ_PL2/resQ_outputs/work/Csv_3b/step3_matrices/instrument_classes_all.txt  (cwd=/home/saglam84/SFL_Slicing/projects/ResearchQ_PL2/defect_projects/Csv/csv_3b)
2026-08-07 14:23:28 [INFO] target.Csv_3b: RUN: /usr/bin/time -v defects4j coverage -t org.apache.commons.csv.CSVPrinterTest::testPrintCustomNullValues -i /home/saglam84/SFL_Slicing/projects/ResearchQ_PL2/resQ_outputs/work/Csv_3b/step3_matrices/instrument_classes_all.txt  (cwd=/home/saglam84/SFL_Slicing/projects/ResearchQ_PL2/defect_projects/Csv/csv_3b)
2026-08-07 14:23:32 [INFO] target.Csv_3b: RUN: /usr/bin/time -v defects4j coverage -t org.apache.commons.csv.CSVPrinterTest::testQuoteAll -i /home/saglam84/SFL_Slicing/projects/ResearchQ_PL2/resQ_outputs/work/Csv_3b/step3_matrices/instrument_classes_all.txt  (cwd=/home/saglam84/SFL_Slicing/projects/ResearchQ_PL2/defect_projects/Csv/csv_3b)
2026-08-07 14:23:36 [INFO] target.Csv_3b: RUN: /usr/bin/time -v defects4j coverage -t org.apache.commons.csv.CSVPrinterTest::testQuoteNonNumeric -i /home/saglam84/SFL_Slicing/projects/ResearchQ_PL2/resQ_outputs/work/Csv_3b/step3_matrices/instrument_classes_all.txt  (cwd=/home/saglam84/SFL_Slicing/projects/ResearchQ_PL2/defect_projects/Csv/csv_3b)
2026-08-07 14:23:40 [INFO] target.Csv_3b: RUN: /usr/bin/time -v defects4j coverage -t org.apache.commons.csv.CSVPrinterTest::testRandom -i /home/saglam84/SFL_Slicing/projects/ResearchQ_PL2/resQ_outputs/work/Csv_3b/step3_matrices/instrument_classes_all.txt  (cwd=/home/saglam84/SFL_Slicing/projects/ResearchQ_PL2/defect_projects/Csv/csv_3b)
2026-08-07 14:23:45 [INFO] target.Csv_3b: RUN: /usr/bin/time -v defects4j coverage -t org.apache.commons.csv.CSVPrinterTest::testSingleLineComment -i /home/saglam84/SFL_Slicing/projects/ResearchQ_PL2/resQ_outputs/work/Csv_3b/step3_matrices/instrument_classes_all.txt  (cwd=/home/saglam84/SFL_Slicing/projects/ResearchQ_PL2/defect_projects/Csv/csv_3b)
2026-08-07 14:23:49 [INFO] target.Csv_3b: Step3a: trace matrix 77 tests x 443 statements.
2026-08-07 14:23:49 [INFO] target.Csv_3b: Step3b: slice matrix 51 virtual columns x 176 statements.
2026-08-07 14:23:49 [INFO] target.Csv_3b: Step3c: trace Ochiai (4 FAIL/73 PASS rows), slice Ochiai (2 FAIL/49 PASS rows).
2026-08-07 14:23:49 [INFO] target.Csv_3b: 3/3 ground-truth fault line(s) are approximate (pure-deletion hunk, anchored to the preceding context line).
2026-08-07 14:23:49 [INFO] target.Csv_3b: Loaded 3 ground-truth fault line(s) for Csv-3 from /home/saglam84/SFL_Slicing/tools/defects4j/framework/projects/Csv/patches/3.src.patch
2026-08-07 14:23:49 [INFO] target.Csv_3b: trace (SBFL): 2/3 ground-truth statement(s) not present in this ranking (never covered/sliced): [('Lexer.java', 112), ('Lexer.java', 113)]
2026-08-07 14:23:49 [INFO] target.Csv_3b: slice (hybrid): 2/3 ground-truth statement(s) not present in this ranking (never covered/sliced): [('Lexer.java', 112), ('Lexer.java', 113)]
2026-08-07 14:23:49 [INFO] target.Csv_3b: Step4: SBFL top_rank=1 AP=0.3333 | Hybrid top_rank=1 AP=0.0019
2026-08-07 14:23:49 [INFO] target.Csv_3b: RQ rows written for Csv_3b: rq1={'Project': 'Csv', 'BugID': '3b', 'Pass_TC': 73, 'Fail_TC': 4, 'Pass_Assert': 49, 'Fail_Assert': 2} rq2={'Project': 'Csv', 'BugID': '3b', 'Full_Execution_Size': 443, 'Union_Passing_Slices': 176, 'Union_Failing_Slices': 0, 'Union_All_Slices': 176, 'Reduction_Ratio': 0.602709} rq3={'Project': 'Csv', 'BugID': '3b', 'Baseline_Time': 5.0, 'SBFL_Time': 310.463, 'Hybrid_Time': 975.004, 'Avg_Slice_Time': 7.669, 'Peak_Memory': 661888.0} rq4={'Project': 'Csv', 'BugID': '3b', 'Total_Faults': 3, 'Included_In_Slice': 0, 'Fault_Inclusion_Rate': 0.0} rq5={'Project': 'Csv', 'BugID': '3b', 'SBFL_Top_Rank': 1, 'Hybrid_Top_Rank': 1, 'SBFL_AP': 0.333333, 'Hybrid_AP': 0.001894}
2026-08-07 14:23:49 [INFO] target.Csv_3b: TARGET Csv_3b COMPLETE in 985.0s
