statement_id,file,line,code
S1,AbstractContinuousDistribution.java,46,super();
S2,AbstractContinuousDistribution.java,62,if (p < 0.0 || p > 1.0) {
S3,AbstractContinuousDistribution.java,69,UnivariateRealFunction rootFindingFunction =
S4,AbstractContinuousDistribution.java,70,new UnivariateRealFunction() {
S5,AbstractContinuousDistribution.java,73,return cumulativeProbability(x) - p;
S6,AbstractContinuousDistribution.java,81,double lowerBound = getDomainLowerBound(p);
S7,AbstractContinuousDistribution.java,82,double upperBound = getDomainUpperBound(p);
S8,AbstractContinuousDistribution.java,83,double[] bracket = null;
S9,AbstractContinuousDistribution.java,85,bracket = UnivariateRealSolverUtils.bracket(
S10,AbstractContinuousDistribution.java,108,"double root = UnivariateRealSolverUtils.solve(rootFindingFunction,"
S11,AbstractContinuousDistribution.java,110,return root;
S12,AbstractDistribution.java,39,super();
S13,AbstractFieldMatrix.java,52,protected AbstractFieldMatrix(final Field<T> field) {
S14,AbstractFieldMatrix.java,53,this.field = field;
S15,AbstractFieldMatrix.java,66,throws IllegalArgumentException {
S16,AbstractFieldMatrix.java,67,if (rowDimension <= 0 ) {
S17,AbstractFieldMatrix.java,72,if (columnDimension <= 0) {
S18,AbstractFieldMatrix.java,77,this.field = field;
S19,AbstractFieldMatrix.java,89,if (d.length == 0) {
S20,AbstractFieldMatrix.java,92,if (d[0].length == 0) {
S21,AbstractFieldMatrix.java,95,return d[0][0].getField();
S22,AbstractFieldMatrix.java,128,if (columns < 0) {
S23,AbstractFieldMatrix.java,132,T[][] array =
S24,AbstractFieldMatrix.java,134,for (int i = 0; i < array.length; ++i) {
S25,AbstractFieldMatrix.java,135,"Arrays.fill(array[i], field.getZero());"
S26,AbstractFieldMatrix.java,137,return array;
S27,AbstractFieldMatrix.java,159,return field;
S28,AbstractFieldMatrix.java,647,return getColumnDimension() == getRowDimension();
S29,AbstractFieldMatrix.java,908,return walkInRowOrder(visitor);
S30,AbstractFieldMatrix.java,914,return walkInRowOrder(visitor);
S31,AbstractIntegrator.java,64,public AbstractIntegrator(final String name) {
S32,AbstractIntegrator.java,65,this.name = name;
S33,AbstractIntegrator.java,66,stepHandlers = new ArrayList<StepHandler>();
S34,AbstractIntegrator.java,67,stepStart = Double.NaN;
S35,AbstractIntegrator.java,68,stepSize  = Double.NaN;
S36,AbstractIntegrator.java,69,eventsHandlersManager = new CombinedEventsManager();
S37,AbstractIntegrator.java,70,setMaxEvaluations(-1);
S38,AbstractIntegrator.java,71,resetEvaluations();
S39,AbstractIntegrator.java,82,return name;
S40,AbstractIntegrator.java,87,stepHandlers.add(handler);
S41,AbstractIntegrator.java,92,return Collections.unmodifiableCollection(stepHandlers);
S42,AbstractIntegrator.java,97,stepHandlers.clear();
S43,AbstractIntegrator.java,105,"eventsHandlersManager.addEventHandler(function, maxCheckInterval,"
S44,AbstractIntegrator.java,111,return eventsHandlersManager.getEventsHandlers();
S45,AbstractIntegrator.java,116,eventsHandlersManager.clearEventsHandlers();
S46,AbstractIntegrator.java,123,for (StepHandler handler : stepHandlers) {
S47,AbstractIntegrator.java,124,if (handler.requiresDenseOutput()) {
S48,AbstractIntegrator.java,125,return true;
S49,AbstractIntegrator.java,128,return false;
S50,AbstractIntegrator.java,133,return stepStart;
S51,AbstractIntegrator.java,138,return stepSize;
S52,AbstractIntegrator.java,143,this.maxEvaluations = (maxEvaluations < 0) ? Integer.MAX_VALUE : maxEvaluations;
S53,AbstractIntegrator.java,153,return evaluations;
S54,AbstractIntegrator.java,159,evaluations = 0;
S55,AbstractIntegrator.java,167,this.equations = equations;
S56,AbstractIntegrator.java,179,if (++evaluations > maxEvaluations) {
S57,AbstractIntegrator.java,180,throw new DerivativeException(new MaxEvaluationsExceededException(maxEvaluations));
S58,AbstractIntegrator.java,182,"equations.computeDerivatives(t, y, yDot);"
S59,AbstractIntegrator.java,198,if (ode.getDimension() != y0.length) {
S60,AbstractIntegrator.java,199,throw new IntegratorException(
S61,AbstractIntegrator.java,205,if (ode.getDimension() != y.length) {
S62,AbstractIntegrator.java,206,throw new IntegratorException(
S63,AbstractIntegrator.java,212,"if (Math.abs(t - t0) <= 1.0e-12 * Math.max(Math.abs(t0), Math.abs(t))) {"
S64,AbstractIntegrator.java,213,throw new IntegratorException(
S65,AbstractIntegrator.java,233,CombinedEventsManager newManager = new CombinedEventsManager();
S66,AbstractIntegrator.java,234,for (final EventState state : manager.getEventsStates()) {
S67,AbstractIntegrator.java,235,"newManager.addEventHandler(state.getEventHandler(),"
S68,AbstractIntegrator.java,240,"newManager.addEventHandler(new EndTimeChecker(endTime),"
S69,AbstractIntegrator.java,244,return newManager;
S70,AbstractIntegrator.java,256,public EndTimeChecker(final double endTime) {
S71,AbstractIntegrator.java,257,this.endTime = endTime;
S72,AbstractIntegrator.java,262,return STOP;
S73,AbstractIntegrator.java,267,return t - endTime;
S74,AbstractRealMatrix.java,43,protected AbstractRealMatrix() {
S75,AbstractRealMatrix.java,44,lu = null;
S76,AbstractRealMatrix.java,55,throws IllegalArgumentException {
S77,AbstractRealMatrix.java,56,if (rowDimension <= 0 ) {
S78,AbstractRealMatrix.java,61,if (columnDimension <= 0) {
S79,AbstractRealMatrix.java,66,lu = null;
S80,AbstractRealMatrix.java,919,return walkInRowOrder(visitor);
S81,AbstractScalarDifferentiableOptimizer.java,79,protected AbstractScalarDifferentiableOptimizer() {
S82,AbstractScalarDifferentiableOptimizer.java,80,setConvergenceChecker(new SimpleScalarValueChecker());
S83,AbstractScalarDifferentiableOptimizer.java,81,setMaxIterations(DEFAULT_MAX_ITERATIONS);
S84,AbstractScalarDifferentiableOptimizer.java,82,setMaxEvaluations(Integer.MAX_VALUE);
S85,AbstractScalarDifferentiableOptimizer.java,87,this.maxIterations = maxIterations;
S86,AbstractScalarDifferentiableOptimizer.java,97,return iterations;
S87,AbstractScalarDifferentiableOptimizer.java,102,this.maxEvaluations = maxEvaluations;
S88,AbstractScalarDifferentiableOptimizer.java,112,return evaluations;
S89,AbstractScalarDifferentiableOptimizer.java,117,return gradientEvaluations;
S90,AbstractScalarDifferentiableOptimizer.java,122,this.checker = convergenceChecker;
S91,AbstractScalarDifferentiableOptimizer.java,136,if (++iterations > maxIterations) {
S92,AbstractScalarDifferentiableOptimizer.java,149,++gradientEvaluations;
S93,AbstractScalarDifferentiableOptimizer.java,150,return gradient.value(evaluationPoint);
S94,AbstractScalarDifferentiableOptimizer.java,163,if (++evaluations > maxEvaluations) {
S95,AbstractScalarDifferentiableOptimizer.java,167,return function.value(evaluationPoint);
S96,AbstractScalarDifferentiableOptimizer.java,177,iterations          = 0;
S97,AbstractScalarDifferentiableOptimizer.java,178,evaluations         = 0;
S98,AbstractScalarDifferentiableOptimizer.java,179,gradientEvaluations = 0;
S99,AbstractScalarDifferentiableOptimizer.java,182,function = f;
S100,AbstractScalarDifferentiableOptimizer.java,183,gradient = f.gradient();
S101,AbstractScalarDifferentiableOptimizer.java,184,goal     = goalType;
S102,AbstractScalarDifferentiableOptimizer.java,185,point    = startPoint.clone();
S103,AbstractScalarDifferentiableOptimizer.java,187,return doOptimize();
S104,AbstractStepInterpolator.java,89,protected AbstractStepInterpolator() {
S105,AbstractStepInterpolator.java,90,previousTime            = Double.NaN;
S106,AbstractStepInterpolator.java,91,currentTime             = Double.NaN;
S107,AbstractStepInterpolator.java,92,h                       = Double.NaN;
S108,AbstractStepInterpolator.java,93,interpolatedTime        = Double.NaN;
S109,AbstractStepInterpolator.java,94,currentState            = null;
S110,AbstractStepInterpolator.java,95,interpolatedState       = null;
S111,AbstractStepInterpolator.java,96,interpolatedDerivatives = null;
S112,AbstractStepInterpolator.java,97,finalized               = false;
S113,AbstractStepInterpolator.java,98,this.forward            = true;
S114,AbstractStepInterpolator.java,99,this.dirtyState         = true;
S115,AbstractStepInterpolator.java,107,"protected AbstractStepInterpolator(final double[] y, final boolean forward) {"
S116,AbstractStepInterpolator.java,109,previousTime      = Double.NaN;
S117,AbstractStepInterpolator.java,110,currentTime       = Double.NaN;
S118,AbstractStepInterpolator.java,111,h                 = Double.NaN;
S119,AbstractStepInterpolator.java,112,interpolatedTime  = Double.NaN;
S120,AbstractStepInterpolator.java,114,currentState            = y;
S121,AbstractStepInterpolator.java,115,interpolatedState       = new double[y.length];
S122,AbstractStepInterpolator.java,116,interpolatedDerivatives = new double[y.length];
S123,AbstractStepInterpolator.java,118,finalized         = false;
S124,AbstractStepInterpolator.java,119,this.forward      = forward;
S125,AbstractStepInterpolator.java,120,this.dirtyState   = true;
S126,AbstractStepInterpolator.java,141,protected AbstractStepInterpolator(final AbstractStepInterpolator interpolator) {
S127,AbstractStepInterpolator.java,143,previousTime      = interpolator.previousTime;
S128,AbstractStepInterpolator.java,144,currentTime       = interpolator.currentTime;
S129,AbstractStepInterpolator.java,145,h                 = interpolator.h;
S130,AbstractStepInterpolator.java,146,interpolatedTime  = interpolator.interpolatedTime;
S131,AbstractStepInterpolator.java,148,if (interpolator.currentState != null) {
S132,AbstractStepInterpolator.java,149,currentState            = interpolator.currentState.clone();
S133,AbstractStepInterpolator.java,150,interpolatedState       = interpolator.interpolatedState.clone();
S134,AbstractStepInterpolator.java,151,interpolatedDerivatives = interpolator.interpolatedDerivatives.clone();
S135,AbstractStepInterpolator.java,153,currentState            = null;
S136,AbstractStepInterpolator.java,154,interpolatedState       = null;
S137,AbstractStepInterpolator.java,155,interpolatedDerivatives = null;
S138,AbstractStepInterpolator.java,158,finalized  = interpolator.finalized;
S139,AbstractStepInterpolator.java,159,forward    = interpolator.forward;
S140,AbstractStepInterpolator.java,160,dirtyState = interpolator.dirtyState;
S141,AbstractStepInterpolator.java,171,previousTime      = Double.NaN;
S142,AbstractStepInterpolator.java,172,currentTime       = Double.NaN;
S143,AbstractStepInterpolator.java,173,h                 = Double.NaN;
S144,AbstractStepInterpolator.java,174,interpolatedTime  = Double.NaN;
S145,AbstractStepInterpolator.java,176,currentState            = y;
S146,AbstractStepInterpolator.java,177,interpolatedState       = new double[y.length];
S147,AbstractStepInterpolator.java,178,interpolatedDerivatives = new double[y.length];
S148,AbstractStepInterpolator.java,180,finalized         = false;
S149,AbstractStepInterpolator.java,181,this.forward      = isForward;
S150,AbstractStepInterpolator.java,182,this.dirtyState   = true;
S151,AbstractStepInterpolator.java,190,finalizeStep();
S152,AbstractStepInterpolator.java,193,return doCopy();
S153,AbstractStepInterpolator.java,211,previousTime = currentTime;
S154,AbstractStepInterpolator.java,219,currentTime = t;
S155,AbstractStepInterpolator.java,220,h           = currentTime - previousTime;
S156,AbstractStepInterpolator.java,221,setInterpolatedTime(t);
S157,AbstractStepInterpolator.java,224,finalized  = false;
S158,AbstractStepInterpolator.java,230,return previousTime;
S159,AbstractStepInterpolator.java,235,return currentTime;
S160,AbstractStepInterpolator.java,240,return interpolatedTime;
S161,AbstractStepInterpolator.java,245,interpolatedTime = time;
S162,AbstractStepInterpolator.java,246,dirtyState       = true;
S163,AbstractStepInterpolator.java,251,return forward;
S164,AbstractStepInterpolator.java,272,if (dirtyState) {
S165,AbstractStepInterpolator.java,273,final double oneMinusThetaH = currentTime - interpolatedTime;
S166,AbstractStepInterpolator.java,274,final double theta = (h == 0) ? 0 : (h - oneMinusThetaH) / h;
S167,AbstractStepInterpolator.java,275,"computeInterpolatedStateAndDerivatives(theta, oneMinusThetaH);"
S168,AbstractStepInterpolator.java,276,dirtyState = false;
S169,AbstractStepInterpolator.java,279,return interpolatedState;
S170,AbstractStepInterpolator.java,287,if (dirtyState) {
S171,AbstractStepInterpolator.java,288,final double oneMinusThetaH = currentTime - interpolatedTime;
S172,AbstractStepInterpolator.java,289,final double theta = (h == 0) ? 0 : (h - oneMinusThetaH) / h;
S173,AbstractStepInterpolator.java,290,"computeInterpolatedStateAndDerivatives(theta, oneMinusThetaH);"
S174,AbstractStepInterpolator.java,291,dirtyState = false;
S175,AbstractStepInterpolator.java,294,return interpolatedDerivatives;
S176,AbstractStepInterpolator.java,341,if (! finalized) {
S177,AbstractStepInterpolator.java,342,doFinalize();
S178,AbstractStepInterpolator.java,343,finalized = true;
S179,AbstractStepInterpolator.java,374,if (currentState == null) {
S180,AbstractStepInterpolator.java,377,out.writeInt(currentState.length);
S181,AbstractStepInterpolator.java,379,out.writeDouble(previousTime);
S182,AbstractStepInterpolator.java,380,out.writeDouble(currentTime);
S183,AbstractStepInterpolator.java,381,out.writeDouble(h);
S184,AbstractStepInterpolator.java,382,out.writeBoolean(forward);
S185,AbstractStepInterpolator.java,384,if (currentState != null) {
S186,AbstractStepInterpolator.java,385,for (int i = 0; i < currentState.length; ++i) {
S187,AbstractStepInterpolator.java,386,out.writeDouble(currentState[i]);
S188,AbstractStepInterpolator.java,390,out.writeDouble(interpolatedTime);
S189,AbstractStepInterpolator.java,397,finalizeStep();
S190,AbstractStepInterpolator.java,416,final int dimension = in.readInt();
S191,AbstractStepInterpolator.java,417,previousTime  = in.readDouble();
S192,AbstractStepInterpolator.java,418,currentTime   = in.readDouble();
S193,AbstractStepInterpolator.java,419,h             = in.readDouble();
S194,AbstractStepInterpolator.java,420,forward       = in.readBoolean();
S195,AbstractStepInterpolator.java,421,dirtyState    = true;
S196,AbstractStepInterpolator.java,423,if (dimension < 0) {
S197,AbstractStepInterpolator.java,426,currentState  = new double[dimension];
S198,AbstractStepInterpolator.java,427,for (int i = 0; i < currentState.length; ++i) {
S199,AbstractStepInterpolator.java,428,currentState[i] = in.readDouble();
S200,AbstractStepInterpolator.java,433,interpolatedTime        = Double.NaN;
S201,AbstractStepInterpolator.java,434,interpolatedState       = (dimension < 0) ? null : new double[dimension];
S202,AbstractStepInterpolator.java,435,interpolatedDerivatives = (dimension < 0) ? null : new double[dimension];
S203,AbstractStepInterpolator.java,437,finalized = true;
S204,AbstractStepInterpolator.java,439,return in.readDouble();
S205,AdamsBashforthIntegrator.java,159,"super(""Adams-Bashforth"", nSteps, nSteps, minStep, maxStep,"
S206,AdamsBashforthIntegrator.java,179,"super(""Adams-Bashforth"", nSteps, nSteps, minStep, maxStep,"
S207,AdamsBashforthIntegrator.java,190,final int n = y0.length;
S208,AdamsBashforthIntegrator.java,191,"sanityChecks(equations, t0, y0, t, y);"
S209,AdamsBashforthIntegrator.java,192,setEquations(equations);
S210,AdamsBashforthIntegrator.java,193,resetEvaluations();
S211,AdamsBashforthIntegrator.java,194,final boolean forward = t > t0;
S212,AdamsBashforthIntegrator.java,197,if (y != y0) {
S213,AdamsBashforthIntegrator.java,198,"System.arraycopy(y0, 0, y, 0, n);"
S214,AdamsBashforthIntegrator.java,200,final double[] yDot = new double[n];
S215,AdamsBashforthIntegrator.java,201,final double[] yTmp = new double[y0.length];
S216,AdamsBashforthIntegrator.java,204,final NordsieckStepInterpolator interpolator = new NordsieckStepInterpolator();
S217,AdamsBashforthIntegrator.java,205,"interpolator.reinitialize(y, forward);"
S218,AdamsBashforthIntegrator.java,206,final NordsieckStepInterpolator interpolatorTmp = new NordsieckStepInterpolator();
S219,AdamsBashforthIntegrator.java,207,"interpolatorTmp.reinitialize(yTmp, forward);"
S220,AdamsBashforthIntegrator.java,210,for (StepHandler handler : stepHandlers) {
S221,AdamsBashforthIntegrator.java,211,handler.reset();
S222,AdamsBashforthIntegrator.java,213,"CombinedEventsManager manager = addEndTimeChecker(t0, t, eventsHandlersManager);"
S223,AdamsBashforthIntegrator.java,216,"start(t0, y, t);"
S224,AdamsBashforthIntegrator.java,217,"interpolator.reinitialize(stepStart, stepSize, scaled, nordsieck);"
S225,AdamsBashforthIntegrator.java,218,interpolator.storeTime(stepStart);
S226,AdamsBashforthIntegrator.java,219,final int lastRow = nordsieck.getRowDimension() - 1;
S227,AdamsBashforthIntegrator.java,222,double hNew = stepSize;
S228,AdamsBashforthIntegrator.java,223,interpolator.rescale(hNew);
S229,AdamsBashforthIntegrator.java,225,boolean lastStep = false;
S230,AdamsBashforthIntegrator.java,226,while (!lastStep) {
S231,AdamsBashforthIntegrator.java,229,interpolator.shift();
S232,AdamsBashforthIntegrator.java,231,double error = 0;
S233,AdamsBashforthIntegrator.java,232,for (boolean loop = true; loop;) {
S234,AdamsBashforthIntegrator.java,234,stepSize = hNew;
S235,AdamsBashforthIntegrator.java,237,error = 0;
S236,AdamsBashforthIntegrator.java,238,for (int i = 0; i < y0.length; ++i) {
S237,AdamsBashforthIntegrator.java,239,final double yScale = Math.abs(y[i]);
S238,AdamsBashforthIntegrator.java,240,final double tol = (vecAbsoluteTolerance == null) ?
S239,AdamsBashforthIntegrator.java,243,"final double ratio  = nordsieck.getEntry(lastRow, i) / tol;"
S240,AdamsBashforthIntegrator.java,244,error += ratio * ratio;
S241,AdamsBashforthIntegrator.java,246,error = Math.sqrt(error / y0.length);
S242,AdamsBashforthIntegrator.java,248,if (error <= 1.0) {
S243,AdamsBashforthIntegrator.java,251,final double stepEnd = stepStart + stepSize;
S244,AdamsBashforthIntegrator.java,252,interpolator.setInterpolatedTime(stepEnd);
S245,AdamsBashforthIntegrator.java,253,"System.arraycopy(interpolator.getInterpolatedState(), 0, yTmp, 0, y0.length);"
S246,AdamsBashforthIntegrator.java,256,"computeDerivatives(stepEnd, yTmp, yDot);"
S247,AdamsBashforthIntegrator.java,259,final double[] predictedScaled = new double[y0.length];
S248,AdamsBashforthIntegrator.java,260,for (int j = 0; j < y0.length; ++j) {
S249,AdamsBashforthIntegrator.java,261,predictedScaled[j] = stepSize * yDot[j];
S250,AdamsBashforthIntegrator.java,263,final Array2DRowRealMatrix nordsieckTmp = updateHighOrderDerivativesPhase1(nordsieck);
S251,AdamsBashforthIntegrator.java,264,"updateHighOrderDerivativesPhase2(scaled, predictedScaled, nordsieckTmp);"
S252,AdamsBashforthIntegrator.java,267,"interpolatorTmp.reinitialize(stepEnd, stepSize, predictedScaled, nordsieckTmp);"
S253,AdamsBashforthIntegrator.java,268,interpolatorTmp.storeTime(stepStart);
S254,AdamsBashforthIntegrator.java,269,interpolatorTmp.shift();
S255,AdamsBashforthIntegrator.java,270,interpolatorTmp.storeTime(stepEnd);
S256,AdamsBashforthIntegrator.java,271,if (manager.evaluateStep(interpolatorTmp)) {
S257,AdamsBashforthIntegrator.java,272,final double dt = manager.getEventTime() - stepStart;
S258,AdamsBashforthIntegrator.java,273,if (Math.abs(dt) <= Math.ulp(stepStart)) {
S259,AdamsBashforthIntegrator.java,278,hNew = dt;
S260,AdamsBashforthIntegrator.java,279,interpolator.rescale(hNew);
S261,AdamsBashforthIntegrator.java,281,} else {
S262,AdamsBashforthIntegrator.java,283,scaled    = predictedScaled;
S263,AdamsBashforthIntegrator.java,284,nordsieck = nordsieckTmp;
S264,AdamsBashforthIntegrator.java,285,"interpolator.reinitialize(stepEnd, stepSize, scaled, nordsieck);"
S265,AdamsBashforthIntegrator.java,286,loop = false;
S266,AdamsBashforthIntegrator.java,289,} else {
S267,AdamsBashforthIntegrator.java,291,final double factor = computeStepGrowShrinkFactor(error);
S268,AdamsBashforthIntegrator.java,292,"hNew = filterStep(stepSize * factor, forward, false);"
S269,AdamsBashforthIntegrator.java,293,interpolator.rescale(hNew);
S270,AdamsBashforthIntegrator.java,299,final double nextStep = stepStart + stepSize;
S271,AdamsBashforthIntegrator.java,300,"System.arraycopy(yTmp, 0, y, 0, n);"
S272,AdamsBashforthIntegrator.java,301,interpolator.storeTime(nextStep);
S273,AdamsBashforthIntegrator.java,302,"manager.stepAccepted(nextStep, y);"
S274,AdamsBashforthIntegrator.java,303,lastStep = manager.stop();
S275,AdamsBashforthIntegrator.java,306,for (StepHandler handler : stepHandlers) {
S276,AdamsBashforthIntegrator.java,307,interpolator.setInterpolatedTime(nextStep);
S277,AdamsBashforthIntegrator.java,308,"handler.handleStep(interpolator, lastStep);"
S278,AdamsBashforthIntegrator.java,310,stepStart = nextStep;
S279,AdamsBashforthIntegrator.java,312,"if (!lastStep && manager.reset(stepStart, y)) {"
S280,AdamsBashforthIntegrator.java,321,if (! lastStep) {
S281,AdamsBashforthIntegrator.java,325,"stepSize = filterStep(stepSize, forward, true);"
S282,AdamsBashforthIntegrator.java,328,final double  factor     = computeStepGrowShrinkFactor(error);
S283,AdamsBashforthIntegrator.java,329,final double  scaledH    = stepSize * factor;
S284,AdamsBashforthIntegrator.java,330,final double  nextT      = stepStart + scaledH;
S285,AdamsBashforthIntegrator.java,331,final boolean nextIsLast = forward ? (nextT >= t) : (nextT <= t);
S286,AdamsBashforthIntegrator.java,332,"hNew = filterStep(scaledH, forward, nextIsLast);"
S287,AdamsBashforthIntegrator.java,333,interpolator.rescale(hNew);
S288,AdamsBashforthIntegrator.java,338,final double stopTime  = stepStart;
S289,AdamsBashforthIntegrator.java,339,stepStart = Double.NaN;
S290,AdamsBashforthIntegrator.java,340,stepSize  = Double.NaN;
S291,AdamsBashforthIntegrator.java,341,return stopTime;
S292,AdamsIntegrator.java,55,"super(name, nSteps, order, minStep, maxStep,"
S293,AdamsIntegrator.java,57,transformer = AdamsNordsieckTransformer.getInstance(nSteps);
S294,AdamsIntegrator.java,78,"super(name, nSteps, order, minStep, maxStep,"
S295,AdamsIntegrator.java,80,transformer = AdamsNordsieckTransformer.getInstance(nSteps);
S296,AdamsIntegrator.java,94,"return transformer.initializeHighOrderDerivatives(first, multistep);"
S297,AdamsIntegrator.java,109,return transformer.updateHighOrderDerivativesPhase1(highOrder);
S298,AdamsIntegrator.java,128,"transformer.updateHighOrderDerivativesPhase2(start, end, highOrder);"
S299,AdamsMoultonIntegrator.java,176,"super(""Adams-Moulton"", nSteps, nSteps + 1, minStep, maxStep,"
S300,AdamsMoultonIntegrator.java,196,"super(""Adams-Moulton"", nSteps, nSteps + 1, minStep, maxStep,"
S301,AdamsMoultonIntegrator.java,208,final int n = y0.length;
S302,AdamsMoultonIntegrator.java,209,"sanityChecks(equations, t0, y0, t, y);"
S303,AdamsMoultonIntegrator.java,210,setEquations(equations);
S304,AdamsMoultonIntegrator.java,211,resetEvaluations();
S305,AdamsMoultonIntegrator.java,212,final boolean forward = t > t0;
S306,AdamsMoultonIntegrator.java,215,if (y != y0) {
S307,AdamsMoultonIntegrator.java,216,"System.arraycopy(y0, 0, y, 0, n);"
S308,AdamsMoultonIntegrator.java,218,final double[] yDot = new double[y0.length];
S309,AdamsMoultonIntegrator.java,219,final double[] yTmp = new double[y0.length];
S310,AdamsMoultonIntegrator.java,222,final NordsieckStepInterpolator interpolator = new NordsieckStepInterpolator();
S311,AdamsMoultonIntegrator.java,223,"interpolator.reinitialize(y, forward);"
S312,AdamsMoultonIntegrator.java,224,final NordsieckStepInterpolator interpolatorTmp = new NordsieckStepInterpolator();
S313,AdamsMoultonIntegrator.java,225,"interpolatorTmp.reinitialize(yTmp, forward);"
S314,AdamsMoultonIntegrator.java,228,for (StepHandler handler : stepHandlers) {
S315,AdamsMoultonIntegrator.java,229,handler.reset();
S316,AdamsMoultonIntegrator.java,231,"CombinedEventsManager manager = addEndTimeChecker(t0, t, eventsHandlersManager);"
S317,AdamsMoultonIntegrator.java,235,"start(t0, y, t);"
S318,AdamsMoultonIntegrator.java,236,"interpolator.reinitialize(stepStart, stepSize, scaled, nordsieck);"
S319,AdamsMoultonIntegrator.java,237,interpolator.storeTime(stepStart);
S320,AdamsMoultonIntegrator.java,239,double hNew = stepSize;
S321,AdamsMoultonIntegrator.java,240,interpolator.rescale(hNew);
S322,AdamsMoultonIntegrator.java,242,boolean lastStep = false;
S323,AdamsMoultonIntegrator.java,243,while (!lastStep) {
S324,AdamsMoultonIntegrator.java,246,interpolator.shift();
S325,AdamsMoultonIntegrator.java,248,double error = 0;
S326,AdamsMoultonIntegrator.java,249,for (boolean loop = true; loop;) {
S327,AdamsMoultonIntegrator.java,251,stepSize = hNew;
S328,AdamsMoultonIntegrator.java,254,final double stepEnd = stepStart + stepSize;
S329,AdamsMoultonIntegrator.java,255,interpolator.setInterpolatedTime(stepEnd);
S330,AdamsMoultonIntegrator.java,256,"System.arraycopy(interpolator.getInterpolatedState(), 0, yTmp, 0, y0.length);"
S331,AdamsMoultonIntegrator.java,259,"computeDerivatives(stepEnd, yTmp, yDot);"
S332,AdamsMoultonIntegrator.java,262,final double[] predictedScaled = new double[y0.length];
S333,AdamsMoultonIntegrator.java,263,for (int j = 0; j < y0.length; ++j) {
S334,AdamsMoultonIntegrator.java,264,predictedScaled[j] = stepSize * yDot[j];
S335,AdamsMoultonIntegrator.java,266,final Array2DRowRealMatrix nordsieckTmp = updateHighOrderDerivativesPhase1(nordsieck);
S336,AdamsMoultonIntegrator.java,267,"updateHighOrderDerivativesPhase2(scaled, predictedScaled, nordsieckTmp);"
S337,AdamsMoultonIntegrator.java,270,"error = nordsieckTmp.walkInOptimizedOrder(new Corrector(y, predictedScaled, yTmp));"
S338,AdamsMoultonIntegrator.java,272,if (error <= 1.0) {
S339,AdamsMoultonIntegrator.java,275,"computeDerivatives(stepEnd, yTmp, yDot);"
S340,AdamsMoultonIntegrator.java,278,final double[] correctedScaled = new double[y0.length];
S341,AdamsMoultonIntegrator.java,279,for (int j = 0; j < y0.length; ++j) {
S342,AdamsMoultonIntegrator.java,280,correctedScaled[j] = stepSize * yDot[j];
S343,AdamsMoultonIntegrator.java,282,"updateHighOrderDerivativesPhase2(predictedScaled, correctedScaled, nordsieckTmp);"
S344,AdamsMoultonIntegrator.java,285,"interpolatorTmp.reinitialize(stepEnd, stepSize, correctedScaled, nordsieckTmp);"
S345,AdamsMoultonIntegrator.java,286,interpolatorTmp.storeTime(stepStart);
S346,AdamsMoultonIntegrator.java,287,interpolatorTmp.shift();
S347,AdamsMoultonIntegrator.java,288,interpolatorTmp.storeTime(stepEnd);
S348,AdamsMoultonIntegrator.java,289,if (manager.evaluateStep(interpolatorTmp)) {
S349,AdamsMoultonIntegrator.java,290,final double dt = manager.getEventTime() - stepStart;
S350,AdamsMoultonIntegrator.java,291,if (Math.abs(dt) <= Math.ulp(stepStart)) {
S351,AdamsMoultonIntegrator.java,296,hNew = dt;
S352,AdamsMoultonIntegrator.java,297,interpolator.rescale(hNew);
S353,AdamsMoultonIntegrator.java,299,} else {
S354,AdamsMoultonIntegrator.java,301,scaled    = correctedScaled;
S355,AdamsMoultonIntegrator.java,302,nordsieck = nordsieckTmp;
S356,AdamsMoultonIntegrator.java,303,"interpolator.reinitialize(stepEnd, stepSize, scaled, nordsieck);"
S357,AdamsMoultonIntegrator.java,304,loop = false;
S358,AdamsMoultonIntegrator.java,307,} else {
S359,AdamsMoultonIntegrator.java,309,final double factor = computeStepGrowShrinkFactor(error);
S360,AdamsMoultonIntegrator.java,310,"hNew = filterStep(stepSize * factor, forward, false);"
S361,AdamsMoultonIntegrator.java,311,interpolator.rescale(hNew);
S362,AdamsMoultonIntegrator.java,317,final double nextStep = stepStart + stepSize;
S363,AdamsMoultonIntegrator.java,318,"System.arraycopy(yTmp, 0, y, 0, n);"
S364,AdamsMoultonIntegrator.java,319,interpolator.storeTime(nextStep);
S365,AdamsMoultonIntegrator.java,320,"manager.stepAccepted(nextStep, y);"
S366,AdamsMoultonIntegrator.java,321,lastStep = manager.stop();
S367,AdamsMoultonIntegrator.java,324,for (StepHandler handler : stepHandlers) {
S368,AdamsMoultonIntegrator.java,325,interpolator.setInterpolatedTime(nextStep);
S369,AdamsMoultonIntegrator.java,326,"handler.handleStep(interpolator, lastStep);"
S370,AdamsMoultonIntegrator.java,328,stepStart = nextStep;
S371,AdamsMoultonIntegrator.java,330,"if (!lastStep && manager.reset(stepStart, y)) {"
S372,AdamsMoultonIntegrator.java,339,if (! lastStep) {
S373,AdamsMoultonIntegrator.java,343,"stepSize = filterStep(stepSize, forward, true);"
S374,AdamsMoultonIntegrator.java,346,final double  factor     = computeStepGrowShrinkFactor(error);
S375,AdamsMoultonIntegrator.java,347,final double  scaledH    = stepSize * factor;
S376,AdamsMoultonIntegrator.java,348,final double  nextT      = stepStart + scaledH;
S377,AdamsMoultonIntegrator.java,349,final boolean nextIsLast = forward ? (nextT >= t) : (nextT <= t);
S378,AdamsMoultonIntegrator.java,350,"hNew = filterStep(scaledH, forward, nextIsLast);"
S379,AdamsMoultonIntegrator.java,351,interpolator.rescale(hNew);
S380,AdamsMoultonIntegrator.java,356,final double stopTime  = stepStart;
S381,AdamsMoultonIntegrator.java,357,stepStart = Double.NaN;
S382,AdamsMoultonIntegrator.java,358,stepSize  = Double.NaN;
S383,AdamsMoultonIntegrator.java,359,return stopTime;
S384,AdamsMoultonIntegrator.java,390,"public Corrector(final double[] previous, final double[] scaled, final double[] state) {"
S385,AdamsMoultonIntegrator.java,391,this.previous = previous;
S386,AdamsMoultonIntegrator.java,392,this.scaled   = scaled;
S387,AdamsMoultonIntegrator.java,393,this.after    = state;
S388,AdamsMoultonIntegrator.java,394,this.before   = state.clone();
S389,AdamsMoultonIntegrator.java,400,"Arrays.fill(after, 0.0);"
S390,AdamsMoultonIntegrator.java,406,if ((row & 0x1) == 0) {
S391,AdamsMoultonIntegrator.java,407,after[column] -= value;
S392,AdamsMoultonIntegrator.java,409,after[column] += value;
S393,AdamsMoultonIntegrator.java,424,double error = 0;
S394,AdamsMoultonIntegrator.java,425,for (int i = 0; i < after.length; ++i) {
S395,AdamsMoultonIntegrator.java,426,after[i] += previous[i] + scaled[i];
S396,AdamsMoultonIntegrator.java,427,"final double yScale = Math.max(Math.abs(previous[i]), Math.abs(after[i]));"
S397,AdamsMoultonIntegrator.java,428,final double tol = (vecAbsoluteTolerance == null) ?
S398,AdamsMoultonIntegrator.java,431,final double ratio  = (after[i] - before[i]) / tol;
S399,AdamsMoultonIntegrator.java,432,error += ratio * ratio;
S400,AdamsMoultonIntegrator.java,435,return Math.sqrt(error / after.length);
S401,AdamsNordsieckTransformer.java,136,"private static final Map<Integer, AdamsNordsieckTransformer> CACHE ="
S402,AdamsNordsieckTransformer.java,152,private AdamsNordsieckTransformer(final int nSteps) {
S403,AdamsNordsieckTransformer.java,155,FieldMatrix<BigFraction> bigP = buildP(nSteps);
S404,AdamsNordsieckTransformer.java,156,FieldDecompositionSolver<BigFraction> pSolver =
S405,AdamsNordsieckTransformer.java,159,BigFraction[] u = new BigFraction[nSteps];
S406,AdamsNordsieckTransformer.java,160,"Arrays.fill(u, BigFraction.ONE);"
S407,AdamsNordsieckTransformer.java,161,BigFraction[] bigC1 = pSolver.solve(u);
S408,AdamsNordsieckTransformer.java,166,BigFraction[][] shiftedP = bigP.getData();
S409,AdamsNordsieckTransformer.java,167,for (int i = shiftedP.length - 1; i > 0; --i) {
S410,AdamsNordsieckTransformer.java,169,shiftedP[i] = shiftedP[i - 1];
S411,AdamsNordsieckTransformer.java,171,shiftedP[0] = new BigFraction[nSteps];
S412,AdamsNordsieckTransformer.java,172,"Arrays.fill(shiftedP[0], BigFraction.ZERO);"
S413,AdamsNordsieckTransformer.java,173,FieldMatrix<BigFraction> bigMSupdate =
S414,AdamsNordsieckTransformer.java,177,bigP.walkInOptimizedOrder(new DefaultFieldMatrixChangingVisitor<BigFraction>(BigFraction.ZERO) {
S415,AdamsNordsieckTransformer.java,181,return ((column & 0x1) == 0x1) ? value : value.negate();
S416,AdamsNordsieckTransformer.java,184,FieldMatrix<BigFraction> bigRInverse =
S417,AdamsNordsieckTransformer.java,188,initialization = MatrixUtils.bigFractionMatrixToRealMatrix(bigRInverse);
S418,AdamsNordsieckTransformer.java,189,update         = MatrixUtils.bigFractionMatrixToRealMatrix(bigMSupdate);
S419,AdamsNordsieckTransformer.java,190,c1             = new double[nSteps];
S420,AdamsNordsieckTransformer.java,191,for (int i = 0; i < nSteps; ++i) {
S421,AdamsNordsieckTransformer.java,192,c1[i] = bigC1[i].doubleValue();
S422,AdamsNordsieckTransformer.java,203,synchronized(CACHE) {
S423,AdamsNordsieckTransformer.java,204,AdamsNordsieckTransformer t = CACHE.get(nSteps);
S424,AdamsNordsieckTransformer.java,205,if (t == null) {
S425,AdamsNordsieckTransformer.java,206,t = new AdamsNordsieckTransformer(nSteps);
S426,AdamsNordsieckTransformer.java,207,"CACHE.put(nSteps, t);"
S427,AdamsNordsieckTransformer.java,209,return t;
S428,AdamsNordsieckTransformer.java,237,final BigFraction[][] pData = new BigFraction[nSteps][nSteps];
S429,AdamsNordsieckTransformer.java,239,for (int i = 0; i < pData.length; ++i) {
S430,AdamsNordsieckTransformer.java,241,final BigFraction[] pI = pData[i];
S431,AdamsNordsieckTransformer.java,242,final int factor = -(i + 1);
S432,AdamsNordsieckTransformer.java,243,int aj = factor;
S433,AdamsNordsieckTransformer.java,244,for (int j = 0; j < pI.length; ++j) {
S434,AdamsNordsieckTransformer.java,245,pI[j] = new BigFraction(aj * (j + 2));
S435,AdamsNordsieckTransformer.java,246,aj *= factor;
S436,AdamsNordsieckTransformer.java,250,"return new Array2DRowFieldMatrix<BigFraction>(pData, false);"
S437,AdamsNordsieckTransformer.java,262,for (int i = 0; i < multistep.length; ++i) {
S438,AdamsNordsieckTransformer.java,263,final double[] msI = multistep[i];
S439,AdamsNordsieckTransformer.java,264,for (int j = 0; j < first.length; ++j) {
S440,AdamsNordsieckTransformer.java,265,msI[j] -= first[j];
S441,AdamsNordsieckTransformer.java,268,"return initialization.multiply(new Array2DRowRealMatrix(multistep, false));"
S442,AdamsNordsieckTransformer.java,283,return update.multiply(highOrder);
S443,AdamsNordsieckTransformer.java,302,final double[][] data = highOrder.getDataRef();
S444,AdamsNordsieckTransformer.java,303,for (int i = 0; i < data.length; ++i) {
S445,AdamsNordsieckTransformer.java,304,final double[] dataI = data[i];
S446,AdamsNordsieckTransformer.java,305,final double c1I = c1[i];
S447,AdamsNordsieckTransformer.java,306,for (int j = 0; j < dataI.length; ++j) {
S448,AdamsNordsieckTransformer.java,307,dataI[j] += c1I * (start[j] - end[j]);
S449,AdaptiveStepsizeIntegrator.java,93,super(name);
S450,AdaptiveStepsizeIntegrator.java,95,this.minStep     = Math.abs(minStep);
S451,AdaptiveStepsizeIntegrator.java,96,this.maxStep     = Math.abs(maxStep);
S452,AdaptiveStepsizeIntegrator.java,97,this.initialStep = -1.0;
S453,AdaptiveStepsizeIntegrator.java,99,this.scalAbsoluteTolerance = scalAbsoluteTolerance;
S454,AdaptiveStepsizeIntegrator.java,100,this.scalRelativeTolerance = scalRelativeTolerance;
S455,AdaptiveStepsizeIntegrator.java,101,this.vecAbsoluteTolerance  = null;
S456,AdaptiveStepsizeIntegrator.java,102,this.vecRelativeTolerance  = null;
S457,AdaptiveStepsizeIntegrator.java,104,resetInternalState();
S458,AdaptiveStepsizeIntegrator.java,123,super(name);
S459,AdaptiveStepsizeIntegrator.java,125,this.minStep     = minStep;
S460,AdaptiveStepsizeIntegrator.java,126,this.maxStep     = maxStep;
S461,AdaptiveStepsizeIntegrator.java,127,this.initialStep = -1.0;
S462,AdaptiveStepsizeIntegrator.java,129,this.scalAbsoluteTolerance = 0;
S463,AdaptiveStepsizeIntegrator.java,130,this.scalRelativeTolerance = 0;
S464,AdaptiveStepsizeIntegrator.java,131,this.vecAbsoluteTolerance  = vecAbsoluteTolerance.clone();
S465,AdaptiveStepsizeIntegrator.java,132,this.vecRelativeTolerance  = vecRelativeTolerance.clone();
S466,AdaptiveStepsizeIntegrator.java,134,resetInternalState();
S467,AdaptiveStepsizeIntegrator.java,150,if ((initialStepSize < minStep) || (initialStepSize > maxStep)) {
S468,AdaptiveStepsizeIntegrator.java,153,initialStep = initialStepSize;
S469,AdaptiveStepsizeIntegrator.java,171,"super.sanityChecks(equations, t0, y0, t, y);"
S470,AdaptiveStepsizeIntegrator.java,173,if ((vecAbsoluteTolerance != null) && (vecAbsoluteTolerance.length != y0.length)) {
S471,AdaptiveStepsizeIntegrator.java,174,throw new IntegratorException(
S472,AdaptiveStepsizeIntegrator.java,180,if ((vecRelativeTolerance != null) && (vecRelativeTolerance.length != y0.length)) {
S473,AdaptiveStepsizeIntegrator.java,181,throw new IntegratorException(
S474,AdaptiveStepsizeIntegrator.java,209,if (initialStep > 0) {
S475,AdaptiveStepsizeIntegrator.java,211,return forward ? initialStep : -initialStep;
S476,AdaptiveStepsizeIntegrator.java,217,double yOnScale2 = 0;
S477,AdaptiveStepsizeIntegrator.java,218,double yDotOnScale2 = 0;
S478,AdaptiveStepsizeIntegrator.java,219,for (int j = 0; j < y0.length; ++j) {
S479,AdaptiveStepsizeIntegrator.java,220,ratio         = y0[j] / scale[j];
S480,AdaptiveStepsizeIntegrator.java,221,yOnScale2    += ratio * ratio;
S481,AdaptiveStepsizeIntegrator.java,222,ratio         = yDot0[j] / scale[j];
S482,AdaptiveStepsizeIntegrator.java,223,yDotOnScale2 += ratio * ratio;
S483,AdaptiveStepsizeIntegrator.java,226,double h = ((yOnScale2 < 1.0e-10) || (yDotOnScale2 < 1.0e-10)) ?
S484,AdaptiveStepsizeIntegrator.java,228,if (! forward) {
S485,AdaptiveStepsizeIntegrator.java,229,h = -h;
S486,AdaptiveStepsizeIntegrator.java,233,for (int j = 0; j < y0.length; ++j) {
S487,AdaptiveStepsizeIntegrator.java,234,y1[j] = y0[j] + h * yDot0[j];
S488,AdaptiveStepsizeIntegrator.java,236,"computeDerivatives(t0 + h, y1, yDot1);"
S489,AdaptiveStepsizeIntegrator.java,239,double yDDotOnScale = 0;
S490,AdaptiveStepsizeIntegrator.java,240,for (int j = 0; j < y0.length; ++j) {
S491,AdaptiveStepsizeIntegrator.java,241,ratio         = (yDot1[j] - yDot0[j]) / scale[j];
S492,AdaptiveStepsizeIntegrator.java,242,yDDotOnScale += ratio * ratio;
S493,AdaptiveStepsizeIntegrator.java,244,yDDotOnScale = Math.sqrt(yDDotOnScale) / h;
S494,AdaptiveStepsizeIntegrator.java,248,"final double maxInv2 = Math.max(Math.sqrt(yDotOnScale2), yDDotOnScale);"
S495,AdaptiveStepsizeIntegrator.java,249,final double h1 = (maxInv2 < 1.0e-15) ?
S496,AdaptiveStepsizeIntegrator.java,252,"h = Math.min(100.0 * Math.abs(h), h1);"
S497,AdaptiveStepsizeIntegrator.java,253,"h = Math.max(h, 1.0e-12 * Math.abs(t0));  // avoids cancellation when computing t1 - t0"
S498,AdaptiveStepsizeIntegrator.java,254,if (h < getMinStep()) {
S499,AdaptiveStepsizeIntegrator.java,255,h = getMinStep();
S500,AdaptiveStepsizeIntegrator.java,257,if (h > getMaxStep()) {
S501,AdaptiveStepsizeIntegrator.java,260,if (! forward) {
S502,AdaptiveStepsizeIntegrator.java,261,h = -h;
S503,AdaptiveStepsizeIntegrator.java,264,return h;
S504,AdaptiveStepsizeIntegrator.java,280,double filteredH = h;
S505,AdaptiveStepsizeIntegrator.java,281,if (Math.abs(h) < minStep) {
S506,AdaptiveStepsizeIntegrator.java,282,if (acceptSmall) {
S507,AdaptiveStepsizeIntegrator.java,285,throw new IntegratorException(
S508,AdaptiveStepsizeIntegrator.java,291,if (filteredH > maxStep) {
S509,AdaptiveStepsizeIntegrator.java,292,filteredH = maxStep;
S510,AdaptiveStepsizeIntegrator.java,293,} else if (filteredH < -maxStep) {
S511,AdaptiveStepsizeIntegrator.java,294,filteredH = -maxStep;
S512,AdaptiveStepsizeIntegrator.java,297,return filteredH;
S513,AdaptiveStepsizeIntegrator.java,310,return stepStart;
S514,AdaptiveStepsizeIntegrator.java,315,stepStart = Double.NaN;
S515,AdaptiveStepsizeIntegrator.java,316,stepSize  = Math.sqrt(minStep * maxStep);
S516,AdaptiveStepsizeIntegrator.java,323,return minStep;
S517,AdaptiveStepsizeIntegrator.java,330,return maxStep;
S518,Array2DRowFieldMatrix.java,85,"super(field, rowDimension, columnDimension);"
S519,Array2DRowFieldMatrix.java,86,"data = buildArray(field, rowDimension, columnDimension);"
S520,Array2DRowFieldMatrix.java,125,super(extractField(d));
S521,Array2DRowFieldMatrix.java,126,if (copyArray) {
S522,Array2DRowFieldMatrix.java,129,if (d == null) {
S523,Array2DRowFieldMatrix.java,132,final int nRows = d.length;
S524,Array2DRowFieldMatrix.java,133,if (nRows == 0) {
S525,Array2DRowFieldMatrix.java,137,final int nCols = d[0].length;
S526,Array2DRowFieldMatrix.java,138,if (nCols == 0) {
S527,Array2DRowFieldMatrix.java,142,for (int r = 1; r < nRows; r++) {
S528,Array2DRowFieldMatrix.java,143,if (d[r].length != nCols) {
S529,Array2DRowFieldMatrix.java,148,data = d;
S530,Array2DRowFieldMatrix.java,309,return copyOut();
S531,Array2DRowFieldMatrix.java,366,return data[row][column];
S532,Array2DRowFieldMatrix.java,378,data[row][column] = value;
S533,Array2DRowFieldMatrix.java,412,return (data == null) ? 0 : data.length;
S534,Array2DRowFieldMatrix.java,418,return ((data == null) || (data[0] == null)) ? 0 : data[0].length;
S535,Array2DRowFieldMatrix.java,472,final int rows    = getRowDimension();
S536,Array2DRowFieldMatrix.java,473,final int columns = getColumnDimension();
S537,Array2DRowFieldMatrix.java,474,"visitor.start(rows, columns, 0, rows - 1, 0, columns - 1);"
S538,Array2DRowFieldMatrix.java,475,for (int i = 0; i < rows; ++i) {
S539,Array2DRowFieldMatrix.java,476,final T[] rowI = data[i];
S540,Array2DRowFieldMatrix.java,477,for (int j = 0; j < columns; ++j) {
S541,Array2DRowFieldMatrix.java,478,"rowI[j] = visitor.visit(i, j, rowI[j]);"
S542,Array2DRowFieldMatrix.java,481,return visitor.end();
S543,Array2DRowFieldMatrix.java,488,final int rows    = getRowDimension();
S544,Array2DRowFieldMatrix.java,489,final int columns = getColumnDimension();
S545,Array2DRowFieldMatrix.java,490,"visitor.start(rows, columns, 0, rows - 1, 0, columns - 1);"
S546,Array2DRowFieldMatrix.java,491,for (int i = 0; i < rows; ++i) {
S547,Array2DRowFieldMatrix.java,492,final T[] rowI = data[i];
S548,Array2DRowFieldMatrix.java,493,for (int j = 0; j < columns; ++j) {
S549,Array2DRowFieldMatrix.java,494,"visitor.visit(i, j, rowI[j]);"
S550,Array2DRowFieldMatrix.java,497,return visitor.end();
S551,Array2DRowFieldMatrix.java,608,final int nRows = this.getRowDimension();
S552,Array2DRowFieldMatrix.java,609,"final T[][] out = buildArray(getField(), nRows, getColumnDimension());"
S553,Array2DRowFieldMatrix.java,611,for (int i = 0; i < nRows; i++) {
S554,Array2DRowFieldMatrix.java,612,"System.arraycopy(data[i], 0, out[i], 0, data[i].length);"
S555,Array2DRowFieldMatrix.java,614,return out;
S556,Array2DRowRealMatrix.java,134,"throws IllegalArgumentException, NullPointerException {"
S557,Array2DRowRealMatrix.java,135,if (copyArray) {
S558,Array2DRowRealMatrix.java,136,copyIn(d);
S559,Array2DRowRealMatrix.java,138,if (d == null) {
S560,Array2DRowRealMatrix.java,141,final int nRows = d.length;
S561,Array2DRowRealMatrix.java,142,if (nRows == 0) {
S562,Array2DRowRealMatrix.java,146,final int nCols = d[0].length;
S563,Array2DRowRealMatrix.java,147,if (nCols == 0) {
S564,Array2DRowRealMatrix.java,151,for (int r = 1; r < nRows; r++) {
S565,Array2DRowRealMatrix.java,152,if (d[r].length != nCols) {
S566,Array2DRowRealMatrix.java,157,data = d;
S567,Array2DRowRealMatrix.java,292,"MatrixUtils.checkMultiplicationCompatible(this, m);"
S568,Array2DRowRealMatrix.java,294,final int nRows = this.getRowDimension();
S569,Array2DRowRealMatrix.java,295,final int nCols = m.getColumnDimension();
S570,Array2DRowRealMatrix.java,296,final int nSum = this.getColumnDimension();
S571,Array2DRowRealMatrix.java,297,final double[][] outData = new double[nRows][nCols];
S572,Array2DRowRealMatrix.java,298,for (int row = 0; row < nRows; row++) {
S573,Array2DRowRealMatrix.java,299,final double[] dataRow    = data[row];
S574,Array2DRowRealMatrix.java,300,final double[] outDataRow = outData[row];
S575,Array2DRowRealMatrix.java,301,for (int col = 0; col < nCols; col++) {
S576,Array2DRowRealMatrix.java,302,double sum = 0;
S577,Array2DRowRealMatrix.java,303,for (int i = 0; i < nSum; i++) {
S578,Array2DRowRealMatrix.java,304,sum += dataRow[i] * m.data[i][col];
S579,Array2DRowRealMatrix.java,306,outDataRow[col] = sum;
S580,Array2DRowRealMatrix.java,310,"return new Array2DRowRealMatrix(outData, false);"
S581,Array2DRowRealMatrix.java,328,return data;
S582,Array2DRowRealMatrix.java,335,if (data == null) {
S583,Array2DRowRealMatrix.java,336,if (row > 0) {
S584,Array2DRowRealMatrix.java,340,if (column > 0) {
S585,Array2DRowRealMatrix.java,344,final int nRows = subMatrix.length;
S586,Array2DRowRealMatrix.java,345,if (nRows == 0) {
S587,Array2DRowRealMatrix.java,350,final int nCols = subMatrix[0].length;
S588,Array2DRowRealMatrix.java,351,if (nCols == 0) {
S589,Array2DRowRealMatrix.java,355,data = new double[subMatrix.length][nCols];
S590,Array2DRowRealMatrix.java,356,for (int i = 0; i < data.length; ++i) {
S591,Array2DRowRealMatrix.java,357,if (subMatrix[i].length != nCols) {
S592,Array2DRowRealMatrix.java,361,"System.arraycopy(subMatrix[i], 0, data[i + row], column, nCols);"
S593,Array2DRowRealMatrix.java,363,} else {
S594,Array2DRowRealMatrix.java,374,return data[row][column];
S595,Array2DRowRealMatrix.java,420,return (data == null) ? 0 : data.length;
S596,Array2DRowRealMatrix.java,426,return ((data == null) || (data[0] == null)) ? 0 : data[0].length;
S597,Array2DRowRealMatrix.java,496,final int rows    = getRowDimension();
S598,Array2DRowRealMatrix.java,497,final int columns = getColumnDimension();
S599,Array2DRowRealMatrix.java,498,"visitor.start(rows, columns, 0, rows - 1, 0, columns - 1);"
S600,Array2DRowRealMatrix.java,499,for (int i = 0; i < rows; ++i) {
S601,Array2DRowRealMatrix.java,500,final double[] rowI = data[i];
S602,Array2DRowRealMatrix.java,501,for (int j = 0; j < columns; ++j) {
S603,Array2DRowRealMatrix.java,502,"visitor.visit(i, j, rowI[j]);"
S604,Array2DRowRealMatrix.java,505,return visitor.end();
S605,Array2DRowRealMatrix.java,636,"setSubMatrix(in, 0, 0);"
S606,Beta.java,54,"return regularizedBeta(x, a, b, DEFAULT_EPSILON, Integer.MAX_VALUE);"
S607,Beta.java,121,if (Double.isNaN(x) || Double.isNaN(a) || Double.isNaN(b) || (x < 0) ||
S608,Beta.java,125,} else if (x > (a + 1.0) / (a + b + 2.0)) {
S609,Beta.java,126,"ret = 1.0 - regularizedBeta(1.0 - x, b, a, epsilon, maxIterations);"
S610,Beta.java,128,ContinuedFraction fraction = new ContinuedFraction() {
S611,Beta.java,134,if (n % 2 == 0) { // even
S612,Beta.java,135,m = n / 2.0;
S613,Beta.java,136,ret = (m * (b - m) * x) /
S614,Beta.java,139,m = (n - 1.0) / 2.0;
S615,Beta.java,140,ret = -((a + m) * (a + b + m) * x) /
S616,Beta.java,143,return ret;
S617,Beta.java,148,return 1.0;
S618,Beta.java,151,ret = Math.exp((a * Math.log(x)) + (b * Math.log(1.0 - x)) -
S619,Beta.java,156,return ret;
S620,Beta.java,192,if (Double.isNaN(a) || Double.isNaN(b) || (a <= 0.0) || (b <= 0.0)) {
S621,Beta.java,195,ret = Gamma.logGamma(a) + Gamma.logGamma(b) -
S622,Beta.java,199,return ret;
S623,BetaDistributionImpl.java,57,"public BetaDistributionImpl(double alpha, double beta) {"
S624,BetaDistributionImpl.java,58,this.alpha = alpha;
S625,BetaDistributionImpl.java,59,this.beta = beta;
S626,BetaDistributionImpl.java,60,z = Double.NaN;
S627,BetaDistributionImpl.java,89,if (Double.isNaN(z)) {
S628,BetaDistributionImpl.java,90,z = Gamma.logGamma(alpha) + Gamma.logGamma(beta) - Gamma.logGamma(alpha + beta);
S629,BetaDistributionImpl.java,96,recomputeZ();
S630,BetaDistributionImpl.java,97,if (x < 0 || x > 1) {
S631,BetaDistributionImpl.java,99,} else if (x == 0) {
S632,BetaDistributionImpl.java,104,} else if (x == 1) {
S633,BetaDistributionImpl.java,110,double logX = Math.log(x);
S634,BetaDistributionImpl.java,111,double log1mX = Math.log1p(-x);
S635,BetaDistributionImpl.java,112,return Math.exp((alpha - 1) * logX + (beta - 1) * log1mX - z);
S636,BetaDistributionImpl.java,119,if (p == 0) {
S637,BetaDistributionImpl.java,120,return 0;
S638,BetaDistributionImpl.java,121,} else if (p == 1) {
S639,BetaDistributionImpl.java,122,return 1;
S640,BetaDistributionImpl.java,124,return super.inverseCumulativeProbability(p);
S641,BetaDistributionImpl.java,131,return p;
S642,BetaDistributionImpl.java,137,return 0;
S643,BetaDistributionImpl.java,143,return 1;
S644,BetaDistributionImpl.java,148,if (x <= 0) {
S645,BetaDistributionImpl.java,149,return 0;
S646,BetaDistributionImpl.java,150,} else if (x >= 1) {
S647,BetaDistributionImpl.java,151,return 1;
S648,BetaDistributionImpl.java,153,"return Beta.regularizedBeta(x, alpha, beta);"
S649,BigFraction.java,34,public class BigFraction
S650,BigFraction.java,39,public static final BigFraction TWO = new BigFraction(2);
S651,BigFraction.java,42,public static final BigFraction ONE = new BigFraction(1);
S652,BigFraction.java,45,public static final BigFraction ZERO = new BigFraction(0);
S653,BigFraction.java,48,public static final BigFraction MINUS_ONE = new BigFraction(-1);
S654,BigFraction.java,51,"public static final BigFraction FOUR_FIFTHS = new BigFraction(4, 5);"
S655,BigFraction.java,54,"public static final BigFraction ONE_FIFTH = new BigFraction(1, 5);"
S656,BigFraction.java,57,"public static final BigFraction ONE_HALF = new BigFraction(1, 2);"
S657,BigFraction.java,60,"public static final BigFraction ONE_QUARTER = new BigFraction(1, 4);"
S658,BigFraction.java,63,"public static final BigFraction ONE_THIRD = new BigFraction(1, 3);"
S659,BigFraction.java,66,"public static final BigFraction THREE_FIFTHS = new BigFraction(3, 5);"
S660,BigFraction.java,69,"public static final BigFraction THREE_QUARTERS = new BigFraction(3, 4);"
S661,BigFraction.java,72,"public static final BigFraction TWO_FIFTHS = new BigFraction(2, 5);"
S662,BigFraction.java,75,"public static final BigFraction TWO_QUARTERS = new BigFraction(2, 4);"
S663,BigFraction.java,78,"public static final BigFraction TWO_THIRDS = new BigFraction(2, 3);"
S664,BigFraction.java,88,private static final BigInteger ONE_HUNDRED_DOUBLE = BigInteger.valueOf(100);
S665,BigFraction.java,124,"public BigFraction(BigInteger num, BigInteger den) {"
S666,BigFraction.java,125,if (num == null) {
S667,BigFraction.java,128,if (den == null) {
S668,BigFraction.java,131,if (BigInteger.ZERO.equals(den)) {
S669,BigFraction.java,134,if (BigInteger.ZERO.equals(num)) {
S670,BigFraction.java,135,numerator   = BigInteger.ZERO;
S671,BigFraction.java,136,denominator = BigInteger.ONE;
S672,BigFraction.java,140,final BigInteger gcd = num.gcd(den);
S673,BigFraction.java,141,if (BigInteger.ONE.compareTo(gcd) < 0) {
S674,BigFraction.java,142,num = num.divide(gcd);
S675,BigFraction.java,143,den = den.divide(gcd);
S676,BigFraction.java,147,if (BigInteger.ZERO.compareTo(den) > 0) {
S677,BigFraction.java,148,num = num.negate();
S678,BigFraction.java,149,den = den.negate();
S679,BigFraction.java,153,numerator   = num;
S680,BigFraction.java,154,denominator = den;
S681,BigFraction.java,375,"this(BigInteger.valueOf(num), BigInteger.ONE);"
S682,BigFraction.java,390,"this(BigInteger.valueOf(num), BigInteger.valueOf(den));"
S683,BigFraction.java,674,if (BigInteger.ZERO.equals(fraction.numerator)) {
S684,BigFraction.java,678,return multiply(fraction.reciprocal());
S685,BigFraction.java,692,return numerator.doubleValue() / denominator.doubleValue();
S686,BigFraction.java,712,boolean ret = false;
S687,BigFraction.java,714,if (this == other) {
S688,BigFraction.java,715,ret = true;
S689,BigFraction.java,716,} else if (other instanceof BigFraction) {
S690,BigFraction.java,717,BigFraction rhs = ((BigFraction) other).reduce();
S691,BigFraction.java,718,BigFraction thisOne = this.reduce();
S692,BigFraction.java,719,ret = thisOne.numerator.equals(rhs.numerator) && thisOne.denominator.equals(rhs.denominator);
S693,BigFraction.java,722,return ret;
S694,BigFraction.java,903,if (numerator.equals(BigInteger.ZERO) ||
S695,BigFraction.java,905,return ZERO;
S696,BigFraction.java,907,"return new BigFraction(numerator.multiply(fraction.numerator),"
S697,BigFraction.java,920,"return new BigFraction(numerator.negate(), denominator);"
S698,BigFraction.java,1015,"return new BigFraction(denominator, numerator);"
S699,BigFraction.java,1027,final BigInteger gcd = numerator.gcd(denominator);
S700,BigFraction.java,1028,"return new BigFraction(numerator.divide(gcd), denominator.divide(gcd));"
S701,BigFraction.java,1091,if (ZERO.equals(fraction)) {
S702,BigFraction.java,1092,return this;
S703,BigFraction.java,1095,BigInteger num = null;
S704,BigFraction.java,1096,BigInteger den = null;
S705,BigFraction.java,1097,if (denominator.equals(fraction.denominator)) {
S706,BigFraction.java,1098,num = numerator.subtract(fraction.numerator);
S707,BigFraction.java,1099,den = denominator;
S708,BigFraction.java,1101,num = (numerator.multiply(fraction.denominator)).subtract((fraction.numerator).multiply(denominator));
S709,BigFraction.java,1102,den = denominator.multiply(fraction.denominator);
S710,BigFraction.java,1104,"return new BigFraction(num, den);"
S711,BigFraction.java,1132,return BigFractionField.getInstance();
S712,BigFractionField.java,33,"public class BigFractionField implements Field<BigFraction>, Serializable  {"
S713,BigFractionField.java,40,private BigFractionField() {
S714,BigFractionField.java,47,return LazyHolder.INSTANCE;
S715,BigFractionField.java,52,return BigFraction.ONE;
S716,BigFractionField.java,57,return BigFraction.ZERO;
S717,BigFractionField.java,64,private static class LazyHolder {
S718,BigFractionField.java,66,private static final BigFractionField INSTANCE = new BigFractionField();
S719,BisectionSolver.java,52,"super(100, 1E-6);"
S720,BlockRealMatrix.java,64,public class BlockRealMatrix extends AbstractRealMatrix implements Serializable {
S721,BlockRealMatrix.java,98,"super(rows, columns);"
S722,BlockRealMatrix.java,99,this.rows    = rows;
S723,BlockRealMatrix.java,100,this.columns = columns;
S724,BlockRealMatrix.java,103,blockRows    = (rows    + BLOCK_SIZE - 1) / BLOCK_SIZE;
S725,BlockRealMatrix.java,104,blockColumns = (columns + BLOCK_SIZE - 1) / BLOCK_SIZE;
S726,BlockRealMatrix.java,107,"blocks = createBlocksLayout(rows, columns);"
S727,BlockRealMatrix.java,126,"this(rawData.length, rawData[0].length, toBlocksLayout(rawData), false);"
S728,BlockRealMatrix.java,148,"super(rows, columns);"
S729,BlockRealMatrix.java,149,this.rows    = rows;
S730,BlockRealMatrix.java,150,this.columns = columns;
S731,BlockRealMatrix.java,153,blockRows    = (rows    + BLOCK_SIZE - 1) / BLOCK_SIZE;
S732,BlockRealMatrix.java,154,blockColumns = (columns + BLOCK_SIZE - 1) / BLOCK_SIZE;
S733,BlockRealMatrix.java,156,if (copyArray) {
S734,BlockRealMatrix.java,161,blocks = blockData;
S735,BlockRealMatrix.java,164,int index = 0;
S736,BlockRealMatrix.java,165,for (int iBlock = 0; iBlock < blockRows; ++iBlock) {
S737,BlockRealMatrix.java,166,final int iHeight = blockHeight(iBlock);
S738,BlockRealMatrix.java,167,"for (int jBlock = 0; jBlock < blockColumns; ++jBlock, ++index) {"
S739,BlockRealMatrix.java,168,if (blockData[index].length != iHeight * blockWidth(jBlock)) {
S740,BlockRealMatrix.java,173,if (copyArray) {
S741,BlockRealMatrix.java,206,final int rows         = rawData.length;
S742,BlockRealMatrix.java,207,final int columns      = rawData[0].length;
S743,BlockRealMatrix.java,208,final int blockRows    = (rows    + BLOCK_SIZE - 1) / BLOCK_SIZE;
S744,BlockRealMatrix.java,209,final int blockColumns = (columns + BLOCK_SIZE - 1) / BLOCK_SIZE;
S745,BlockRealMatrix.java,212,for (int i = 0; i < rawData.length; ++i) {
S746,BlockRealMatrix.java,213,final int length = rawData[i].length;
S747,BlockRealMatrix.java,214,if (length != columns) {
S748,BlockRealMatrix.java,222,final double[][] blocks = new double[blockRows * blockColumns][];
S749,BlockRealMatrix.java,223,int blockIndex = 0;
S750,BlockRealMatrix.java,224,for (int iBlock = 0; iBlock < blockRows; ++iBlock) {
S751,BlockRealMatrix.java,225,final int pStart  = iBlock * BLOCK_SIZE;
S752,BlockRealMatrix.java,226,"final int pEnd    = Math.min(pStart + BLOCK_SIZE, rows);"
S753,BlockRealMatrix.java,227,final int iHeight = pEnd - pStart;
S754,BlockRealMatrix.java,228,for (int jBlock = 0; jBlock < blockColumns; ++jBlock) {
S755,BlockRealMatrix.java,229,final int qStart = jBlock * BLOCK_SIZE;
S756,BlockRealMatrix.java,230,"final int qEnd   = Math.min(qStart + BLOCK_SIZE, columns);"
S757,BlockRealMatrix.java,231,final int jWidth = qEnd - qStart;
S758,BlockRealMatrix.java,234,final double[] block = new double[iHeight * jWidth];
S759,BlockRealMatrix.java,235,blocks[blockIndex] = block;
S760,BlockRealMatrix.java,238,int index = 0;
S761,BlockRealMatrix.java,239,for (int p = pStart; p < pEnd; ++p) {
S762,BlockRealMatrix.java,240,"System.arraycopy(rawData[p], qStart, block, index, jWidth);"
S763,BlockRealMatrix.java,241,index += jWidth;
S764,BlockRealMatrix.java,244,++blockIndex;
S765,BlockRealMatrix.java,249,return blocks;
S766,BlockRealMatrix.java,267,final int blockRows    = (rows    + BLOCK_SIZE - 1) / BLOCK_SIZE;
S767,BlockRealMatrix.java,268,final int blockColumns = (columns + BLOCK_SIZE - 1) / BLOCK_SIZE;
S768,BlockRealMatrix.java,270,final double[][] blocks = new double[blockRows * blockColumns][];
S769,BlockRealMatrix.java,271,int blockIndex = 0;
S770,BlockRealMatrix.java,272,for (int iBlock = 0; iBlock < blockRows; ++iBlock) {
S771,BlockRealMatrix.java,273,final int pStart  = iBlock * BLOCK_SIZE;
S772,BlockRealMatrix.java,274,"final int pEnd    = Math.min(pStart + BLOCK_SIZE, rows);"
S773,BlockRealMatrix.java,275,final int iHeight = pEnd - pStart;
S774,BlockRealMatrix.java,276,for (int jBlock = 0; jBlock < blockColumns; ++jBlock) {
S775,BlockRealMatrix.java,277,final int qStart = jBlock * BLOCK_SIZE;
S776,BlockRealMatrix.java,278,"final int qEnd   = Math.min(qStart + BLOCK_SIZE, columns);"
S777,BlockRealMatrix.java,279,final int jWidth = qEnd - qStart;
S778,BlockRealMatrix.java,280,blocks[blockIndex] = new double[iHeight * jWidth];
S779,BlockRealMatrix.java,281,++blockIndex;
S780,BlockRealMatrix.java,285,return blocks;
S781,BlockRealMatrix.java,1305,final int nRows = getRowDimension();
S782,BlockRealMatrix.java,1306,final int nCols = getColumnDimension();
S783,BlockRealMatrix.java,1307,"final BlockRealMatrix out = new BlockRealMatrix(nCols, nRows);"
S784,BlockRealMatrix.java,1310,int blockIndex = 0;
S785,BlockRealMatrix.java,1311,for (int iBlock = 0; iBlock < blockColumns; ++iBlock) {
S786,BlockRealMatrix.java,1312,for (int jBlock = 0; jBlock < blockRows; ++jBlock) {
S787,BlockRealMatrix.java,1315,final double[] outBlock = out.blocks[blockIndex];
S788,BlockRealMatrix.java,1316,final double[] tBlock   = blocks[jBlock * blockColumns + iBlock];
S789,BlockRealMatrix.java,1317,final int      pStart   = iBlock * BLOCK_SIZE;
S790,BlockRealMatrix.java,1318,"final int      pEnd     = Math.min(pStart + BLOCK_SIZE, columns);"
S791,BlockRealMatrix.java,1319,final int      qStart   = jBlock * BLOCK_SIZE;
S792,BlockRealMatrix.java,1320,"final int      qEnd     = Math.min(qStart + BLOCK_SIZE, rows);"
S793,BlockRealMatrix.java,1321,int k = 0;
S794,BlockRealMatrix.java,1322,for (int p = pStart; p < pEnd; ++p) {
S795,BlockRealMatrix.java,1323,final int lInc = pEnd - pStart;
S796,BlockRealMatrix.java,1324,int l = p - pStart;
S797,BlockRealMatrix.java,1325,for (int q = qStart; q < qEnd; ++q) {
S798,BlockRealMatrix.java,1326,outBlock[k] = tBlock[l];
S799,BlockRealMatrix.java,1327,++k;
S800,BlockRealMatrix.java,1328,l+= lInc;
S801,BlockRealMatrix.java,1333,++blockIndex;
S802,BlockRealMatrix.java,1338,return out;
S803,BlockRealMatrix.java,1345,return rows;
S804,BlockRealMatrix.java,1351,return columns;
S805,BlockRealMatrix.java,1359,if (v.length != columns) {
S806,BlockRealMatrix.java,1364,final double[] out = new double[rows];
S807,BlockRealMatrix.java,1367,for (int iBlock = 0; iBlock < blockRows; ++iBlock) {
S808,BlockRealMatrix.java,1368,final int pStart = iBlock * BLOCK_SIZE;
S809,BlockRealMatrix.java,1369,"final int pEnd   = Math.min(pStart + BLOCK_SIZE, rows);"
S810,BlockRealMatrix.java,1370,for (int jBlock = 0; jBlock < blockColumns; ++jBlock) {
S811,BlockRealMatrix.java,1371,final double[] block  = blocks[iBlock * blockColumns + jBlock];
S812,BlockRealMatrix.java,1372,final int      qStart = jBlock * BLOCK_SIZE;
S813,BlockRealMatrix.java,1373,"final int      qEnd   = Math.min(qStart + BLOCK_SIZE, columns);"
S814,BlockRealMatrix.java,1374,int k = 0;
S815,BlockRealMatrix.java,1375,for (int p = pStart; p < pEnd; ++p) {
S816,BlockRealMatrix.java,1376,double sum = 0;
S817,BlockRealMatrix.java,1377,int q = qStart;
S818,BlockRealMatrix.java,1378,while (q < qEnd - 3) {
S819,BlockRealMatrix.java,1379,sum += block[k]     * v[q]     +
S820,BlockRealMatrix.java,1383,k += 4;
S821,BlockRealMatrix.java,1384,q += 4;
S822,BlockRealMatrix.java,1386,while (q < qEnd) {
S823,BlockRealMatrix.java,1387,sum += block[k++] * v[q++];
S824,BlockRealMatrix.java,1389,out[p] += sum;
S825,BlockRealMatrix.java,1394,return out;
S826,BlockRealMatrix.java,1675,return (blockRow == blockRows - 1) ? rows - blockRow * BLOCK_SIZE : BLOCK_SIZE;
S827,BlockRealMatrix.java,1684,return (blockColumn == blockColumns - 1) ? columns - blockColumn * BLOCK_SIZE : BLOCK_SIZE;
S828,BrentSolver.java,54,"super(f, 100, 1E-6);"
S829,BrentSolver.java,61,"super(100, 1E-6);"
S830,BrentSolver.java,68,"return solve(f, min, max);"
S831,BrentSolver.java,102,clearResult();
S832,BrentSolver.java,103,"verifySequence(min, initial, max);"
S833,BrentSolver.java,106,double yInitial = f.value(initial);
S834,BrentSolver.java,107,if (Math.abs(yInitial) <= functionValueAccuracy) {
S835,BrentSolver.java,108,"setResult(initial, 0);"
S836,BrentSolver.java,109,return result;
S837,BrentSolver.java,113,double yMin = f.value(min);
S838,BrentSolver.java,114,if (Math.abs(yMin) <= functionValueAccuracy) {
S839,BrentSolver.java,120,if (yInitial * yMin < 0) {
S840,BrentSolver.java,125,double yMax = f.value(max);
S841,BrentSolver.java,126,if (Math.abs(yMax) <= functionValueAccuracy) {
S842,BrentSolver.java,132,if (yInitial * yMax < 0) {
S843,BrentSolver.java,133,"return solve(f, initial, yInitial, max, yMax, initial, yInitial);"
S844,BrentSolver.java,138,"return solve(f, min, yMin, max, yMax, initial, yInitial);"
S845,BrentSolver.java,164,clearResult();
S846,BrentSolver.java,165,"verifyInterval(min, max);"
S847,BrentSolver.java,167,double ret = Double.NaN;
S848,BrentSolver.java,169,double yMin = f.value(min);
S849,BrentSolver.java,170,double yMax = f.value(max);
S850,BrentSolver.java,173,double sign = yMin * yMax;
S851,BrentSolver.java,174,if (sign > 0) {
S852,BrentSolver.java,176,if (Math.abs(yMin) <= functionValueAccuracy) {
S853,BrentSolver.java,179,} else if (Math.abs(yMax) <= functionValueAccuracy) {
S854,BrentSolver.java,180,"setResult(max, 0);"
S855,BrentSolver.java,181,ret = max;
S856,BrentSolver.java,184,throw MathRuntimeException.createIllegalArgumentException(
S857,BrentSolver.java,187,} else if (sign < 0){
S858,BrentSolver.java,189,"ret = solve(f, min, yMin, max, yMax, min, yMin);"
S859,BrentSolver.java,192,if (yMin == 0.0) {
S860,BrentSolver.java,193,ret = min;
S861,BrentSolver.java,195,ret = max;
S862,BrentSolver.java,199,return ret;
S863,BrentSolver.java,225,double delta = x1 - x0;
S864,BrentSolver.java,226,double oldDelta = delta;
S865,BrentSolver.java,228,int i = 0;
S866,BrentSolver.java,229,while (i < maximalIterationCount) {
S867,BrentSolver.java,230,if (Math.abs(y2) < Math.abs(y1)) {
S868,BrentSolver.java,232,x0 = x1;
S869,BrentSolver.java,233,x1 = x2;
S870,BrentSolver.java,234,x2 = x0;
S871,BrentSolver.java,235,y0 = y1;
S872,BrentSolver.java,236,y1 = y2;
S873,BrentSolver.java,237,y2 = y0;
S874,BrentSolver.java,239,if (Math.abs(y1) <= functionValueAccuracy) {
S875,BrentSolver.java,243,"setResult(x1, i);"
S876,BrentSolver.java,244,return result;
S877,BrentSolver.java,246,double dx = x2 - x1;
S878,BrentSolver.java,247,double tolerance =
S879,BrentSolver.java,249,if (Math.abs(dx) <= tolerance) {
S880,BrentSolver.java,250,"setResult(x1, i);"
S881,BrentSolver.java,251,return result;
S882,BrentSolver.java,253,if ((Math.abs(oldDelta) < tolerance) ||
S883,BrentSolver.java,256,delta = 0.5 * dx;
S884,BrentSolver.java,257,oldDelta = delta;
S885,BrentSolver.java,259,double r3 = y1 / y0;
S886,BrentSolver.java,265,if (x0 == x2) {
S887,BrentSolver.java,267,p = dx * r3;
S888,BrentSolver.java,268,p1 = 1.0 - r3;
S889,BrentSolver.java,271,double r1 = y0 / y2;
S890,BrentSolver.java,272,double r2 = y1 / y2;
S891,BrentSolver.java,273,p = r3 * (dx * r1 * (r1 - r2) - (x1 - x0) * (r2 - 1.0));
S892,BrentSolver.java,274,p1 = (r1 - 1.0) * (r2 - 1.0) * (r3 - 1.0);
S893,BrentSolver.java,276,if (p > 0.0) {
S894,BrentSolver.java,277,p1 = -p1;
S895,BrentSolver.java,279,p = -p;
S896,BrentSolver.java,281,if (2.0 * p >= 1.5 * dx * p1 - Math.abs(tolerance * p1) ||
S897,BrentSolver.java,286,delta = 0.5 * dx;
S898,BrentSolver.java,287,oldDelta = delta;
S899,BrentSolver.java,289,oldDelta = delta;
S900,BrentSolver.java,290,delta = p / p1;
S901,BrentSolver.java,294,x0 = x1;
S902,BrentSolver.java,295,y0 = y1;
S903,BrentSolver.java,297,if (Math.abs(delta) > tolerance) {
S904,BrentSolver.java,298,x1 = x1 + delta;
S905,BrentSolver.java,299,} else if (dx > 0.0) {
S906,BrentSolver.java,300,x1 = x1 + 0.5 * tolerance;
S907,BrentSolver.java,301,} else if (dx <= 0.0) {
S908,BrentSolver.java,302,x1 = x1 - 0.5 * tolerance;
S909,BrentSolver.java,304,y1 = f.value(x1);
S910,BrentSolver.java,305,if ((y1 > 0) == (y2 > 0)) {
S911,BrentSolver.java,306,x2 = x0;
S912,BrentSolver.java,307,y2 = y0;
S913,BrentSolver.java,308,delta = x1 - x0;
S914,BrentSolver.java,309,oldDelta = delta;
S915,BrentSolver.java,311,i++;
S916,BrentSolver.java,313,throw new MaxIterationsExceededException(maximalIterationCount);
S917,ChiSquaredDistributionImpl.java,43,"this(df, new GammaDistributionImpl(df / 2.0, 2.0));"
S918,ChiSquaredDistributionImpl.java,53,super();
S919,ChiSquaredDistributionImpl.java,54,setGamma(g);
S920,ChiSquaredDistributionImpl.java,55,setDegreesOfFreedom(df);
S921,ChiSquaredDistributionImpl.java,63,getGamma().setAlpha(degreesOfFreedom / 2.0);
S922,ChiSquaredDistributionImpl.java,71,return getGamma().getAlpha() * 2.0;
S923,ChiSquaredDistributionImpl.java,81,return gamma.density(x);
S924,ChiSquaredDistributionImpl.java,92,return getGamma().cumulativeProbability(x);
S925,ChiSquaredDistributionImpl.java,111,if (p == 0) {
S926,ChiSquaredDistributionImpl.java,114,if (p == 1) {
S927,ChiSquaredDistributionImpl.java,117,return super.inverseCumulativeProbability(p);
S928,ChiSquaredDistributionImpl.java,131,return Double.MIN_VALUE * getGamma().getBeta();
S929,ChiSquaredDistributionImpl.java,150,if (p < .5) {
S930,ChiSquaredDistributionImpl.java,152,ret = getDegreesOfFreedom();
S931,ChiSquaredDistributionImpl.java,155,ret = Double.MAX_VALUE;
S932,ChiSquaredDistributionImpl.java,158,return ret;
S933,ChiSquaredDistributionImpl.java,176,if (p < .5) {
S934,ChiSquaredDistributionImpl.java,178,ret = getDegreesOfFreedom() * .5;
S935,ChiSquaredDistributionImpl.java,181,ret = getDegreesOfFreedom();
S936,ChiSquaredDistributionImpl.java,184,return ret;
S937,ChiSquaredDistributionImpl.java,194,this.gamma = g;
S938,ChiSquaredDistributionImpl.java,203,return gamma;
S939,ClassicalRungeKuttaIntegrator.java,49,private static final double[] STATIC_C = {
S940,ClassicalRungeKuttaIntegrator.java,54,private static final double[][] STATIC_A = {
S941,ClassicalRungeKuttaIntegrator.java,61,private static final double[] STATIC_B = {
S942,ClassicalRungeKuttaIntegrator.java,71,"super(""classical Runge-Kutta"", STATIC_C, STATIC_A, STATIC_B,"
S943,ClassicalRungeKuttaStepInterpolator.java,64,public ClassicalRungeKuttaStepInterpolator() {
S944,ClassicalRungeKuttaStepInterpolator.java,73,super(interpolator);
S945,ClassicalRungeKuttaStepInterpolator.java,79,return new ClassicalRungeKuttaStepInterpolator(this);
S946,ClassicalRungeKuttaStepInterpolator.java,88,final double fourTheta      = 4 * theta;
S947,ClassicalRungeKuttaStepInterpolator.java,89,final double oneMinusTheta  = 1 - theta;
S948,ClassicalRungeKuttaStepInterpolator.java,90,final double oneMinus2Theta = 1 - 2 * theta;
S949,ClassicalRungeKuttaStepInterpolator.java,91,final double s             = oneMinusThetaH / 6.0;
S950,ClassicalRungeKuttaStepInterpolator.java,92,final double coeff1        = s * ((-fourTheta + 5) * theta - 1);
S951,ClassicalRungeKuttaStepInterpolator.java,93,final double coeff23       = s * (( fourTheta - 2) * theta - 2);
S952,ClassicalRungeKuttaStepInterpolator.java,94,final double coeff4        = s * ((-fourTheta - 1) * theta - 1);
S953,ClassicalRungeKuttaStepInterpolator.java,95,final double coeffDot1     = oneMinusTheta * oneMinus2Theta;
S954,ClassicalRungeKuttaStepInterpolator.java,96,final double coeffDot23    = 2 * theta * oneMinusTheta;
S955,ClassicalRungeKuttaStepInterpolator.java,97,final double coeffDot4     = -theta * oneMinus2Theta;
S956,ClassicalRungeKuttaStepInterpolator.java,98,for (int i = 0; i < interpolatedState.length; ++i) {
S957,ClassicalRungeKuttaStepInterpolator.java,99,final double yDot1  = yDotK[0][i];
S958,ClassicalRungeKuttaStepInterpolator.java,100,final double yDot23 = yDotK[1][i] + yDotK[2][i];
S959,ClassicalRungeKuttaStepInterpolator.java,101,final double yDot4  = yDotK[3][i];
S960,ClassicalRungeKuttaStepInterpolator.java,102,interpolatedState[i] =
S961,ClassicalRungeKuttaStepInterpolator.java,104,interpolatedDerivatives[i] =
S962,CombinedEventsManager.java,52,public CombinedEventsManager() {
S963,CombinedEventsManager.java,53,states      = new ArrayList<EventState>();
S964,CombinedEventsManager.java,54,first       = null;
S965,CombinedEventsManager.java,55,initialized = false;
S966,CombinedEventsManager.java,71,"states.add(new EventState(handler, maxCheckInterval,"
S967,CombinedEventsManager.java,82,final List<EventHandler> list = new ArrayList<EventHandler>();
S968,CombinedEventsManager.java,83,for (EventState state : states) {
S969,CombinedEventsManager.java,84,list.add(state.getEventHandler());
S970,CombinedEventsManager.java,86,return Collections.unmodifiableCollection(list);
S971,CombinedEventsManager.java,94,states.clear();
S972,CombinedEventsManager.java,102,return states;
S973,CombinedEventsManager.java,109,return states.isEmpty();
S974,CombinedEventsManager.java,127,first = null;
S975,CombinedEventsManager.java,128,if (states.isEmpty()) {
S976,CombinedEventsManager.java,132,return false;
S977,CombinedEventsManager.java,135,if (! initialized) {
S978,CombinedEventsManager.java,138,final double t0 = interpolator.getPreviousTime();
S979,CombinedEventsManager.java,139,interpolator.setInterpolatedTime(t0);
S980,CombinedEventsManager.java,140,final double [] y = interpolator.getInterpolatedState();
S981,CombinedEventsManager.java,141,for (EventState state : states) {
S982,CombinedEventsManager.java,142,"state.reinitializeBegin(t0, y);"
S983,CombinedEventsManager.java,145,initialized = true;
S984,CombinedEventsManager.java,150,for (EventState state : states) {
S985,CombinedEventsManager.java,152,if (state.evaluateStep(interpolator)) {
S986,CombinedEventsManager.java,153,if (first == null) {
S987,CombinedEventsManager.java,154,first = state;
S988,CombinedEventsManager.java,156,if (interpolator.isForward()) {
S989,CombinedEventsManager.java,157,if (state.getEventTime() < first.getEventTime()) {
S990,CombinedEventsManager.java,170,return first != null;
S991,CombinedEventsManager.java,172,} catch (EventException se) {
S992,CombinedEventsManager.java,173,throw new IntegratorException(se);
S993,CombinedEventsManager.java,174,} catch (ConvergenceException ce) {
S994,CombinedEventsManager.java,175,throw new IntegratorException(ce);
S995,CombinedEventsManager.java,187,return (first == null) ? Double.NaN : first.getEventTime();
S996,CombinedEventsManager.java,202,for (EventState state : states) {
S997,CombinedEventsManager.java,203,"state.stepAccepted(t, y);"
S998,CombinedEventsManager.java,215,for (EventState state : states) {
S999,CombinedEventsManager.java,216,if (state.stop()) {
S1000,CombinedEventsManager.java,217,return true;
S1001,CombinedEventsManager.java,220,return false;
S1002,CombinedEventsManager.java,235,boolean resetDerivatives = false;
S1003,CombinedEventsManager.java,236,for (EventState state : states) {
S1004,CombinedEventsManager.java,237,"if (state.reset(t, y)) {"
S1005,CombinedEventsManager.java,238,resetDerivatives = true;
S1006,CombinedEventsManager.java,241,return resetDerivatives;
S1007,ConjugateGradientFormula.java,41,public enum ConjugateGradientFormula {
S1008,ConjugateGradientFormula.java,44,"FLETCHER_REEVES,"
S1009,ConjugateGradientFormula.java,47,POLAK_RIBIERE
S1010,ContinuedFraction.java,46,super();
S1011,ContinuedFraction.java,128,double p0 = 1.0;
S1012,ContinuedFraction.java,129,"double p1 = getA(0, x);"
S1013,ContinuedFraction.java,130,double q0 = 0.0;
S1014,ContinuedFraction.java,131,double q1 = 1.0;
S1015,ContinuedFraction.java,132,double c = p1 / q1;
S1016,ContinuedFraction.java,133,int n = 0;
S1017,ContinuedFraction.java,134,double relativeError = Double.MAX_VALUE;
S1018,ContinuedFraction.java,135,while (n < maxIterations && relativeError > epsilon) {
S1019,ContinuedFraction.java,136,++n;
S1020,ContinuedFraction.java,137,"double a = getA(n, x);"
S1021,ContinuedFraction.java,138,"double b = getB(n, x);"
S1022,ContinuedFraction.java,139,double p2 = a * p1 + b * p0;
S1023,ContinuedFraction.java,140,double q2 = a * q1 + b * q0;
S1024,ContinuedFraction.java,141,if (Double.isInfinite(p2) || Double.isInfinite(q2)) {
S1025,ContinuedFraction.java,156,double r = p2 / q2;
S1026,ContinuedFraction.java,157,relativeError = Math.abs(r / c - 1.0);
S1027,ContinuedFraction.java,160,c = p2 / q2;
S1028,ContinuedFraction.java,161,p0 = p1;
S1029,ContinuedFraction.java,162,p1 = p2;
S1030,ContinuedFraction.java,163,q0 = q1;
S1031,ContinuedFraction.java,164,q1 = q2;
S1032,ContinuedFraction.java,167,if (n >= maxIterations) {
S1033,ContinuedFraction.java,173,return c;
S1034,ContinuousOutputModel.java,110,public ContinuousOutputModel() {
S1035,ContinuousOutputModel.java,111,steps = new ArrayList<StepInterpolator>();
S1036,ContinuousOutputModel.java,112,reset();
S1037,ContinuousOutputModel.java,126,if (model.steps.size() == 0) {
S1038,ContinuousOutputModel.java,127,return;
S1039,ContinuousOutputModel.java,130,if (steps.size() == 0) {
S1040,ContinuousOutputModel.java,131,initialTime = model.initialTime;
S1041,ContinuousOutputModel.java,132,forward     = model.forward;
S1042,ContinuousOutputModel.java,135,if (getInterpolatedState().length != model.getInterpolatedState().length) {
S1043,ContinuousOutputModel.java,136,throw MathRuntimeException.createIllegalArgumentException(
S1044,ContinuousOutputModel.java,141,if (forward ^ model.forward) {
S1045,ContinuousOutputModel.java,142,throw MathRuntimeException.createIllegalArgumentException(
S1046,ContinuousOutputModel.java,146,final StepInterpolator lastInterpolator = steps.get(index);
S1047,ContinuousOutputModel.java,147,final double current  = lastInterpolator.getCurrentTime();
S1048,ContinuousOutputModel.java,148,final double previous = lastInterpolator.getPreviousTime();
S1049,ContinuousOutputModel.java,149,final double step = current - previous;
S1050,ContinuousOutputModel.java,150,final double gap = model.getInitialTime() - current;
S1051,ContinuousOutputModel.java,151,if (Math.abs(gap) > 1.0e-3 * Math.abs(step)) {
S1052,ContinuousOutputModel.java,152,throw MathRuntimeException.createIllegalArgumentException(
S1053,ContinuousOutputModel.java,158,for (StepInterpolator interpolator : model.steps) {
S1054,ContinuousOutputModel.java,159,steps.add(interpolator.copy());
S1055,ContinuousOutputModel.java,162,index = steps.size() - 1;
S1056,ContinuousOutputModel.java,163,finalTime = (steps.get(index)).getCurrentTime();
S1057,ContinuousOutputModel.java,174,return true;
S1058,ContinuousOutputModel.java,182,initialTime = Double.NaN;
S1059,ContinuousOutputModel.java,183,finalTime   = Double.NaN;
S1060,ContinuousOutputModel.java,184,forward     = true;
S1061,ContinuousOutputModel.java,185,index       = 0;
S1062,ContinuousOutputModel.java,186,steps.clear();
S1063,ContinuousOutputModel.java,200,if (steps.size() == 0) {
S1064,ContinuousOutputModel.java,201,initialTime = interpolator.getPreviousTime();
S1065,ContinuousOutputModel.java,202,forward     = interpolator.isForward();
S1066,ContinuousOutputModel.java,205,steps.add(interpolator.copy());
S1067,ContinuousOutputModel.java,207,if (isLast) {
S1068,ContinuousOutputModel.java,208,finalTime = interpolator.getCurrentTime();
S1069,ContinuousOutputModel.java,209,index     = steps.size() - 1;
S1070,ContinuousOutputModel.java,219,return initialTime;
S1071,ContinuousOutputModel.java,227,return finalTime;
S1072,ContinuousOutputModel.java,237,return steps.get(index).getInterpolatedTime();
S1073,ContinuousOutputModel.java,255,int iMin = 0;
S1074,ContinuousOutputModel.java,256,final StepInterpolator sMin = steps.get(iMin);
S1075,ContinuousOutputModel.java,257,double tMin = 0.5 * (sMin.getPreviousTime() + sMin.getCurrentTime());
S1076,ContinuousOutputModel.java,259,int iMax = steps.size() - 1;
S1077,ContinuousOutputModel.java,260,final StepInterpolator sMax = steps.get(iMax);
S1078,ContinuousOutputModel.java,261,double tMax = 0.5 * (sMax.getPreviousTime() + sMax.getCurrentTime());
S1079,ContinuousOutputModel.java,265,"if (locatePoint(time, sMin) <= 0) {"
S1080,ContinuousOutputModel.java,266,index = iMin;
S1081,ContinuousOutputModel.java,267,sMin.setInterpolatedTime(time);
S1082,ContinuousOutputModel.java,268,return;
S1083,ContinuousOutputModel.java,270,"if (locatePoint(time, sMax) >= 0) {"
S1084,ContinuousOutputModel.java,271,index = iMax;
S1085,ContinuousOutputModel.java,272,sMax.setInterpolatedTime(time);
S1086,ContinuousOutputModel.java,273,return;
S1087,ContinuousOutputModel.java,277,while (iMax - iMin > 5) {
S1088,ContinuousOutputModel.java,280,final StepInterpolator si = steps.get(index);
S1089,ContinuousOutputModel.java,281,"final int location = locatePoint(time, si);"
S1090,ContinuousOutputModel.java,282,if (location < 0) {
S1091,ContinuousOutputModel.java,283,iMax = index;
S1092,ContinuousOutputModel.java,284,tMax = 0.5 * (si.getPreviousTime() + si.getCurrentTime());
S1093,ContinuousOutputModel.java,285,} else if (location > 0) {
S1094,ContinuousOutputModel.java,286,iMin = index;
S1095,ContinuousOutputModel.java,287,tMin = 0.5 * (si.getPreviousTime() + si.getCurrentTime());
S1096,ContinuousOutputModel.java,290,si.setInterpolatedTime(time);
S1097,ContinuousOutputModel.java,291,return;
S1098,ContinuousOutputModel.java,295,final int iMed = (iMin + iMax) / 2;
S1099,ContinuousOutputModel.java,296,final StepInterpolator sMed = steps.get(iMed);
S1100,ContinuousOutputModel.java,297,final double tMed = 0.5 * (sMed.getPreviousTime() + sMed.getCurrentTime());
S1101,ContinuousOutputModel.java,299,if ((Math.abs(tMed - tMin) < 1e-6) || (Math.abs(tMax - tMed) < 1e-6)) {
S1102,ContinuousOutputModel.java,306,final double d12 = tMax - tMed;
S1103,ContinuousOutputModel.java,307,final double d23 = tMed - tMin;
S1104,ContinuousOutputModel.java,308,final double d13 = tMax - tMin;
S1105,ContinuousOutputModel.java,309,final double dt1 = time - tMax;
S1106,ContinuousOutputModel.java,310,final double dt2 = time - tMed;
S1107,ContinuousOutputModel.java,311,final double dt3 = time - tMin;
S1108,ContinuousOutputModel.java,312,final double iLagrange = ((dt2 * dt3 * d23) * iMax -
S1109,ContinuousOutputModel.java,316,index = (int) Math.rint(iLagrange);
S1110,ContinuousOutputModel.java,320,"final int low  = Math.max(iMin + 1, (9 * iMin + iMax) / 10);"
S1111,ContinuousOutputModel.java,321,"final int high = Math.min(iMax - 1, (iMin + 9 * iMax) / 10);"
S1112,ContinuousOutputModel.java,322,if (index < low) {
S1113,ContinuousOutputModel.java,323,index = low;
S1114,ContinuousOutputModel.java,324,} else if (index > high) {
S1115,ContinuousOutputModel.java,325,index = high;
S1116,ContinuousOutputModel.java,331,index = iMin;
S1117,ContinuousOutputModel.java,332,"while ((index <= iMax) && (locatePoint(time, steps.get(index)) > 0)) {"
S1118,ContinuousOutputModel.java,333,++index;
S1119,ContinuousOutputModel.java,336,steps.get(index).setInterpolatedTime(time);
S1120,ContinuousOutputModel.java,347,return steps.get(index).getInterpolatedState();
S1121,ContinuousOutputModel.java,358,if (forward) {
S1122,ContinuousOutputModel.java,359,if (time < interval.getPreviousTime()) {
S1123,ContinuousOutputModel.java,360,return -1;
S1124,ContinuousOutputModel.java,361,} else if (time > interval.getCurrentTime()) {
S1125,ContinuousOutputModel.java,362,return +1;
S1126,ContinuousOutputModel.java,364,return 0;
S1127,ContinuousOutputModel.java,367,if (time > interval.getPreviousTime()) {
S1128,ContinuousOutputModel.java,368,return -1;
S1129,ContinuousOutputModel.java,369,} else if (time < interval.getCurrentTime()) {
S1130,ContinuousOutputModel.java,370,return +1;
S1131,ContinuousOutputModel.java,372,return 0;
S1132,ConvergenceException.java,45,"super(pattern, arguments);"
S1133,ConvergingAlgorithmImpl.java,61,final double defaultAbsoluteAccuracy) {
S1134,ConvergingAlgorithmImpl.java,62,this.defaultAbsoluteAccuracy = defaultAbsoluteAccuracy;
S1135,ConvergingAlgorithmImpl.java,63,this.defaultRelativeAccuracy = 1.0e-14;
S1136,ConvergingAlgorithmImpl.java,64,this.absoluteAccuracy = defaultAbsoluteAccuracy;
S1137,ConvergingAlgorithmImpl.java,65,this.relativeAccuracy = defaultRelativeAccuracy;
S1138,ConvergingAlgorithmImpl.java,66,this.defaultMaximalIterationCount = defaultMaximalIterationCount;
S1139,ConvergingAlgorithmImpl.java,67,this.maximalIterationCount = defaultMaximalIterationCount;
S1140,ConvergingAlgorithmImpl.java,68,this.iterationCount = 0;
S1141,ConvergingAlgorithmImpl.java,73,return iterationCount;
S1142,ConvergingAlgorithmImpl.java,78,absoluteAccuracy = accuracy;
S1143,ConvergingAlgorithmImpl.java,83,return absoluteAccuracy;
S1144,ConvergingAlgorithmImpl.java,93,maximalIterationCount = count;
S1145,ConvergingAlgorithmImpl.java,108,relativeAccuracy = accuracy;
S1146,DefaultFieldMatrixChangingVisitor.java,42,public DefaultFieldMatrixChangingVisitor(final T zero) {
S1147,DefaultFieldMatrixChangingVisitor.java,43,this.zero = zero;
S1148,DefaultFieldMatrixChangingVisitor.java,59,return zero;
S1149,DefaultFieldMatrixPreservingVisitor.java,42,public DefaultFieldMatrixPreservingVisitor(final T zero) {
S1150,DefaultFieldMatrixPreservingVisitor.java,43,this.zero = zero;
S1151,DefaultFieldMatrixPreservingVisitor.java,58,return zero;
S1152,DerivativeException.java,41,"super(specifier, parts);"
S1153,DerivativeException.java,48,super(cause);
S1154,DormandPrince54Integrator.java,53,private static final double[] STATIC_C = {
S1155,DormandPrince54Integrator.java,58,private static final double[][] STATIC_A = {
S1156,DormandPrince54Integrator.java,68,private static final double[] STATIC_B = {
S1157,DormandPrince54Integrator.java,104,"super(METHOD_NAME, true, STATIC_C, STATIC_A, STATIC_B, new DormandPrince54StepInterpolator(),"
S1158,DormandPrince54Integrator.java,120,"super(METHOD_NAME, true, STATIC_C, STATIC_A, STATIC_B, new DormandPrince54StepInterpolator(),"
S1159,DormandPrince54Integrator.java,127,return 5;
S1160,DormandPrince54Integrator.java,136,double error = 0;
S1161,DormandPrince54Integrator.java,138,for (int j = 0; j < y0.length; ++j) {
S1162,DormandPrince54Integrator.java,139,final double errSum = E1 * yDotK[0][j] +  E3 * yDotK[2][j] +
S1163,DormandPrince54Integrator.java,143,"final double yScale = Math.max(Math.abs(y0[j]), Math.abs(y1[j]));"
S1164,DormandPrince54Integrator.java,144,final double tol = (vecAbsoluteTolerance == null) ?
S1165,DormandPrince54Integrator.java,147,final double ratio  = h * errSum / tol;
S1166,DormandPrince54Integrator.java,148,error += ratio * ratio;
S1167,DormandPrince54Integrator.java,152,return Math.sqrt(error / y0.length);
S1168,DormandPrince54StepInterpolator.java,102,super();
S1169,DormandPrince54StepInterpolator.java,103,v1 = null;
S1170,DormandPrince54StepInterpolator.java,104,v2 = null;
S1171,DormandPrince54StepInterpolator.java,105,v3 = null;
S1172,DormandPrince54StepInterpolator.java,106,v4 = null;
S1173,DormandPrince54StepInterpolator.java,107,vectorsInitialized = false;
S1174,DormandPrince54StepInterpolator.java,117,super(interpolator);
S1175,DormandPrince54StepInterpolator.java,119,if (interpolator.v1 == null) {
S1176,DormandPrince54StepInterpolator.java,121,v1 = null;
S1177,DormandPrince54StepInterpolator.java,122,v2 = null;
S1178,DormandPrince54StepInterpolator.java,123,v3 = null;
S1179,DormandPrince54StepInterpolator.java,124,v4 = null;
S1180,DormandPrince54StepInterpolator.java,125,vectorsInitialized = false;
S1181,DormandPrince54StepInterpolator.java,129,v1 = interpolator.v1.clone();
S1182,DormandPrince54StepInterpolator.java,130,v2 = interpolator.v2.clone();
S1183,DormandPrince54StepInterpolator.java,131,v3 = interpolator.v3.clone();
S1184,DormandPrince54StepInterpolator.java,132,v4 = interpolator.v4.clone();
S1185,DormandPrince54StepInterpolator.java,133,vectorsInitialized = interpolator.vectorsInitialized;
S1186,DormandPrince54StepInterpolator.java,142,return new DormandPrince54StepInterpolator(this);
S1187,DormandPrince54StepInterpolator.java,150,"super.reinitialize(integrator, y, yDotK, forward);"
S1188,DormandPrince54StepInterpolator.java,151,v1 = null;
S1189,DormandPrince54StepInterpolator.java,152,v2 = null;
S1190,DormandPrince54StepInterpolator.java,153,v3 = null;
S1191,DormandPrince54StepInterpolator.java,154,v4 = null;
S1192,DormandPrince54StepInterpolator.java,155,vectorsInitialized = false;
S1193,DormandPrince54StepInterpolator.java,161,super.storeTime(t);
S1194,DormandPrince54StepInterpolator.java,162,vectorsInitialized = false;
S1195,DormandPrince54StepInterpolator.java,171,if (! vectorsInitialized) {
S1196,DormandPrince54StepInterpolator.java,173,if (v1 == null) {
S1197,DormandPrince54StepInterpolator.java,174,v1 = new double[interpolatedState.length];
S1198,DormandPrince54StepInterpolator.java,175,v2 = new double[interpolatedState.length];
S1199,DormandPrince54StepInterpolator.java,176,v3 = new double[interpolatedState.length];
S1200,DormandPrince54StepInterpolator.java,177,v4 = new double[interpolatedState.length];
S1201,DormandPrince54StepInterpolator.java,183,for (int i = 0; i < interpolatedState.length; ++i) {
S1202,DormandPrince54StepInterpolator.java,184,final double yDot0 = yDotK[0][i];
S1203,DormandPrince54StepInterpolator.java,185,final double yDot2 = yDotK[2][i];
S1204,DormandPrince54StepInterpolator.java,186,final double yDot3 = yDotK[3][i];
S1205,DormandPrince54StepInterpolator.java,187,final double yDot4 = yDotK[4][i];
S1206,DormandPrince54StepInterpolator.java,188,final double yDot5 = yDotK[5][i];
S1207,DormandPrince54StepInterpolator.java,189,final double yDot6 = yDotK[6][i];
S1208,DormandPrince54StepInterpolator.java,190,v1[i] = A70 * yDot0 + A72 * yDot2 + A73 * yDot3 + A74 * yDot4 + A75 * yDot5;
S1209,DormandPrince54StepInterpolator.java,191,v2[i] = yDot0 - v1[i];
S1210,DormandPrince54StepInterpolator.java,192,v3[i] = v1[i] - v2[i] - yDot6;
S1211,DormandPrince54StepInterpolator.java,193,v4[i] = D0 * yDot0 + D2 * yDot2 + D3 * yDot3 + D4 * yDot4 + D5 * yDot5 + D6 * yDot6;
S1212,DormandPrince54StepInterpolator.java,196,vectorsInitialized = true;
S1213,DormandPrince54StepInterpolator.java,201,final double eta = 1 - theta;
S1214,DormandPrince54StepInterpolator.java,202,final double twoTheta = 2 * theta;
S1215,DormandPrince54StepInterpolator.java,203,final double dot2 = 1 - twoTheta;
S1216,DormandPrince54StepInterpolator.java,204,final double dot3 = theta * (2 - 3 * theta);
S1217,DormandPrince54StepInterpolator.java,205,final double dot4 = twoTheta * (1 + theta * (twoTheta - 3));
S1218,DormandPrince54StepInterpolator.java,206,for (int i = 0; i < interpolatedState.length; ++i) {
S1219,DormandPrince54StepInterpolator.java,207,interpolatedState[i] =
S1220,DormandPrince54StepInterpolator.java,209,interpolatedDerivatives[i] = v1[i] + dot2 * v2[i] + dot3 * v3[i] + dot4 * v4[i];
S1221,DormandPrince853Integrator.java,61,private static final double[] STATIC_C = {
S1222,DormandPrince853Integrator.java,68,private static final double[][] STATIC_A = {
S1223,DormandPrince853Integrator.java,135,private static final double[] STATIC_B = {
S1224,DormandPrince853Integrator.java,216,"super(METHOD_NAME, true, STATIC_C, STATIC_A, STATIC_B,"
S1225,DormandPrince853Integrator.java,233,"super(METHOD_NAME, true, STATIC_C, STATIC_A, STATIC_B,"
S1226,DormandPrince853Integrator.java,241,return 8;
S1227,DormandPrince853Integrator.java,249,double error1 = 0;
S1228,DormandPrince853Integrator.java,250,double error2 = 0;
S1229,DormandPrince853Integrator.java,252,for (int j = 0; j < y0.length; ++j) {
S1230,DormandPrince853Integrator.java,253,final double errSum1 = E1_01 * yDotK[0][j]  + E1_06 * yDotK[5][j] +
S1231,DormandPrince853Integrator.java,257,final double errSum2 = E2_01 * yDotK[0][j]  + E2_06 * yDotK[5][j] +
S1232,DormandPrince853Integrator.java,262,"final double yScale = Math.max(Math.abs(y0[j]), Math.abs(y1[j]));"
S1233,DormandPrince853Integrator.java,263,final double tol = (vecAbsoluteTolerance == null) ?
S1234,DormandPrince853Integrator.java,266,final double ratio1  = errSum1 / tol;
S1235,DormandPrince853Integrator.java,267,error1        += ratio1 * ratio1;
S1236,DormandPrince853Integrator.java,268,final double ratio2  = errSum2 / tol;
S1237,DormandPrince853Integrator.java,269,error2        += ratio2 * ratio2;
S1238,DormandPrince853Integrator.java,272,double den = error1 + 0.01 * error2;
S1239,DormandPrince853Integrator.java,273,if (den <= 0.0) {
S1240,DormandPrince853Integrator.java,274,den = 1.0;
S1241,DormandPrince853Integrator.java,277,return Math.abs(h) * error1 / Math.sqrt(y0.length * den);
S1242,DormandPrince853StepInterpolator.java,181,private static final double[][] D = {
S1243,DormandPrince853StepInterpolator.java,232,super();
S1244,DormandPrince853StepInterpolator.java,233,yDotKLast = null;
S1245,DormandPrince853StepInterpolator.java,234,v         = null;
S1246,DormandPrince853StepInterpolator.java,235,vectorsInitialized = false;
S1247,DormandPrince853StepInterpolator.java,245,super(interpolator);
S1248,DormandPrince853StepInterpolator.java,247,if (interpolator.currentState == null) {
S1249,DormandPrince853StepInterpolator.java,249,yDotKLast = null;
S1250,DormandPrince853StepInterpolator.java,250,v         = null;
S1251,DormandPrince853StepInterpolator.java,251,vectorsInitialized = false;
S1252,DormandPrince853StepInterpolator.java,255,final int dimension = interpolator.currentState.length;
S1253,DormandPrince853StepInterpolator.java,257,yDotKLast    = new double[3][];
S1254,DormandPrince853StepInterpolator.java,258,for (int k = 0; k < yDotKLast.length; ++k) {
S1255,DormandPrince853StepInterpolator.java,259,yDotKLast[k] = new double[dimension];
S1256,DormandPrince853StepInterpolator.java,260,"System.arraycopy(interpolator.yDotKLast[k], 0, yDotKLast[k], 0,"
S1257,DormandPrince853StepInterpolator.java,264,v = new double[7][];
S1258,DormandPrince853StepInterpolator.java,265,for (int k = 0; k < v.length; ++k) {
S1259,DormandPrince853StepInterpolator.java,266,v[k] = new double[dimension];
S1260,DormandPrince853StepInterpolator.java,267,"System.arraycopy(interpolator.v[k], 0, v[k], 0, dimension);"
S1261,DormandPrince853StepInterpolator.java,270,vectorsInitialized = interpolator.vectorsInitialized;
S1262,DormandPrince853StepInterpolator.java,279,return new DormandPrince853StepInterpolator(this);
S1263,DormandPrince853StepInterpolator.java,287,"super.reinitialize(integrator, y, yDotK, forward);"
S1264,DormandPrince853StepInterpolator.java,289,final int dimension = currentState.length;
S1265,DormandPrince853StepInterpolator.java,291,yDotKLast = new double[3][];
S1266,DormandPrince853StepInterpolator.java,292,for (int k = 0; k < yDotKLast.length; ++k) {
S1267,DormandPrince853StepInterpolator.java,293,yDotKLast[k] = new double[dimension];
S1268,DormandPrince853StepInterpolator.java,296,v = new double[7][];
S1269,DormandPrince853StepInterpolator.java,297,for (int k = 0; k < v.length; ++k) {
S1270,DormandPrince853StepInterpolator.java,298,v[k]  = new double[dimension];
S1271,DormandPrince853StepInterpolator.java,301,vectorsInitialized = false;
S1272,DormandPrince853StepInterpolator.java,308,super.storeTime(t);
S1273,DormandPrince853StepInterpolator.java,309,vectorsInitialized = false;
S1274,DormandPrince853StepInterpolator.java,318,if (! vectorsInitialized) {
S1275,DormandPrince853StepInterpolator.java,320,if (v == null) {
S1276,DormandPrince853StepInterpolator.java,321,v = new double[7][];
S1277,DormandPrince853StepInterpolator.java,322,for (int k = 0; k < 7; ++k) {
S1278,DormandPrince853StepInterpolator.java,323,v[k] = new double[interpolatedState.length];
S1279,DormandPrince853StepInterpolator.java,328,finalizeStep();
S1280,DormandPrince853StepInterpolator.java,331,for (int i = 0; i < interpolatedState.length; ++i) {
S1281,DormandPrince853StepInterpolator.java,332,final double yDot1  = yDotK[0][i];
S1282,DormandPrince853StepInterpolator.java,333,final double yDot6  = yDotK[5][i];
S1283,DormandPrince853StepInterpolator.java,334,final double yDot7  = yDotK[6][i];
S1284,DormandPrince853StepInterpolator.java,335,final double yDot8  = yDotK[7][i];
S1285,DormandPrince853StepInterpolator.java,336,final double yDot9  = yDotK[8][i];
S1286,DormandPrince853StepInterpolator.java,337,final double yDot10 = yDotK[9][i];
S1287,DormandPrince853StepInterpolator.java,338,final double yDot11 = yDotK[10][i];
S1288,DormandPrince853StepInterpolator.java,339,final double yDot12 = yDotK[11][i];
S1289,DormandPrince853StepInterpolator.java,340,final double yDot13 = yDotK[12][i];
S1290,DormandPrince853StepInterpolator.java,341,final double yDot14 = yDotKLast[0][i];
S1291,DormandPrince853StepInterpolator.java,342,final double yDot15 = yDotKLast[1][i];
S1292,DormandPrince853StepInterpolator.java,343,final double yDot16 = yDotKLast[2][i];
S1293,DormandPrince853StepInterpolator.java,344,v[0][i] = B_01 * yDot1  + B_06 * yDot6 + B_07 * yDot7 +
S1294,DormandPrince853StepInterpolator.java,347,v[1][i] = yDot1 - v[0][i];
S1295,DormandPrince853StepInterpolator.java,348,v[2][i] = v[0][i] - v[1][i] - yDotK[12][i];
S1296,DormandPrince853StepInterpolator.java,349,for (int k = 0; k < D.length; ++k) {
S1297,DormandPrince853StepInterpolator.java,350,v[k+3][i] = D[k][0] * yDot1  + D[k][1]  * yDot6  + D[k][2]  * yDot7  +
S1298,DormandPrince853StepInterpolator.java,357,vectorsInitialized = true;
S1299,DormandPrince853StepInterpolator.java,361,final double eta      = 1 - theta;
S1300,DormandPrince853StepInterpolator.java,362,final double twoTheta = 2 * theta;
S1301,DormandPrince853StepInterpolator.java,363,final double theta2   = theta * theta;
S1302,DormandPrince853StepInterpolator.java,364,final double dot1 = 1 - twoTheta;
S1303,DormandPrince853StepInterpolator.java,365,final double dot2 = theta * (2 - 3 * theta);
S1304,DormandPrince853StepInterpolator.java,366,final double dot3 = twoTheta * (1 + theta * (twoTheta -3));
S1305,DormandPrince853StepInterpolator.java,367,final double dot4 = theta2 * (3 + theta * (5 * theta - 8));
S1306,DormandPrince853StepInterpolator.java,368,final double dot5 = theta2 * (3 + theta * (-12 + theta * (15 - 6 * theta)));
S1307,DormandPrince853StepInterpolator.java,369,final double dot6 = theta2 * theta * (4 + theta * (-15 + theta * (18 - 7 * theta)));
S1308,DormandPrince853StepInterpolator.java,371,for (int i = 0; i < interpolatedState.length; ++i) {
S1309,DormandPrince853StepInterpolator.java,372,interpolatedState[i] = currentState[i] -
S1310,DormandPrince853StepInterpolator.java,380,interpolatedDerivatives[i] =  v[0][i] + dot1 * v[1][i] + dot2 * v[2][i] +
S1311,DormandPrince853StepInterpolator.java,392,if (currentState == null) {
S1312,DormandPrince853StepInterpolator.java,394,return;
S1313,DormandPrince853StepInterpolator.java,398,final double[] yTmp = new double[currentState.length];
S1314,DormandPrince853StepInterpolator.java,401,for (int j = 0; j < currentState.length; ++j) {
S1315,DormandPrince853StepInterpolator.java,402,s = K14_01 * yDotK[0][j]  + K14_06 * yDotK[5][j]  + K14_07 * yDotK[6][j] +
S1316,DormandPrince853StepInterpolator.java,405,yTmp[j] = currentState[j] + h * s;
S1317,DormandPrince853StepInterpolator.java,407,"integrator.computeDerivatives(previousTime + C14 * h, yTmp, yDotKLast[0]);"
S1318,DormandPrince853StepInterpolator.java,410,for (int j = 0; j < currentState.length; ++j) {
S1319,DormandPrince853StepInterpolator.java,411,s = K15_01 * yDotK[0][j]  + K15_06 * yDotK[5][j]  + K15_07 * yDotK[6][j] +
S1320,DormandPrince853StepInterpolator.java,415,yTmp[j] = currentState[j] + h * s;
S1321,DormandPrince853StepInterpolator.java,417,"integrator.computeDerivatives(previousTime + C15 * h, yTmp, yDotKLast[1]);"
S1322,DormandPrince853StepInterpolator.java,420,for (int j = 0; j < currentState.length; ++j) {
S1323,DormandPrince853StepInterpolator.java,421,s = K16_01 * yDotK[0][j]  + K16_06 * yDotK[5][j]  + K16_07 * yDotK[6][j] +
S1324,DormandPrince853StepInterpolator.java,425,yTmp[j] = currentState[j] + h * s;
S1325,DormandPrince853StepInterpolator.java,427,"integrator.computeDerivatives(previousTime + C16 * h, yTmp, yDotKLast[2]);"
S1326,DormandPrince853StepInterpolator.java,438,finalizeStep();
S1327,DormandPrince853StepInterpolator.java,442,final int dimension = (currentState == null) ? -1 : currentState.length;
S1328,DormandPrince853StepInterpolator.java,443,out.writeInt(dimension);
S1329,DormandPrince853StepInterpolator.java,444,for (int i = 0; i < dimension; ++i) {
S1330,DormandPrince853StepInterpolator.java,445,out.writeDouble(yDotKLast[0][i]);
S1331,DormandPrince853StepInterpolator.java,446,out.writeDouble(yDotKLast[1][i]);
S1332,DormandPrince853StepInterpolator.java,447,out.writeDouble(yDotKLast[2][i]);
S1333,DormandPrince853StepInterpolator.java,451,super.writeExternal(out);
S1334,DormandPrince853StepInterpolator.java,461,yDotKLast = new double[3][];
S1335,DormandPrince853StepInterpolator.java,462,final int dimension = in.readInt();
S1336,DormandPrince853StepInterpolator.java,463,yDotKLast[0] = (dimension < 0) ? null : new double[dimension];
S1337,DormandPrince853StepInterpolator.java,464,yDotKLast[1] = (dimension < 0) ? null : new double[dimension];
S1338,DormandPrince853StepInterpolator.java,465,yDotKLast[2] = (dimension < 0) ? null : new double[dimension];
S1339,DormandPrince853StepInterpolator.java,467,for (int i = 0; i < dimension; ++i) {
S1340,DormandPrince853StepInterpolator.java,468,yDotKLast[0][i] = in.readDouble();
S1341,DormandPrince853StepInterpolator.java,469,yDotKLast[1][i] = in.readDouble();
S1342,DormandPrince853StepInterpolator.java,470,yDotKLast[2][i] = in.readDouble();
S1343,DormandPrince853StepInterpolator.java,474,super.readExternal(in);
S1344,DummyStepHandler.java,37,public class DummyStepHandler implements StepHandler {
S1345,DummyStepHandler.java,43,private DummyStepHandler() {
S1346,DummyStepHandler.java,50,return LazyHolder.INSTANCE;
S1347,DummyStepHandler.java,58,return false;
S1348,DummyStepHandler.java,87,private static class LazyHolder {
S1349,DummyStepHandler.java,89,private static final DummyStepHandler INSTANCE = new DummyStepHandler();
S1350,DummyStepInterpolator.java,66,"super(y, forward);"
S1351,DummyStepInterpolator.java,75,super(interpolator);
S1352,DummyStepInterpolator.java,83,return new DummyStepInterpolator(this);
S1353,DummyStepInterpolator.java,99,"System.arraycopy(currentState, 0, interpolatedState, 0, currentState.length);"
S1354,EmbeddedRungeKuttaIntegrator.java,116,"super(name, minStep, maxStep, scalAbsoluteTolerance, scalRelativeTolerance);"
S1355,EmbeddedRungeKuttaIntegrator.java,118,this.fsal      = fsal;
S1356,EmbeddedRungeKuttaIntegrator.java,119,this.c         = c;
S1357,EmbeddedRungeKuttaIntegrator.java,120,this.a         = a;
S1358,EmbeddedRungeKuttaIntegrator.java,121,this.b         = b;
S1359,EmbeddedRungeKuttaIntegrator.java,122,this.prototype = prototype;
S1360,EmbeddedRungeKuttaIntegrator.java,124,exp = -1.0 / getOrder();
S1361,EmbeddedRungeKuttaIntegrator.java,127,setSafety(0.9);
S1362,EmbeddedRungeKuttaIntegrator.java,128,setMinReduction(0.2);
S1363,EmbeddedRungeKuttaIntegrator.java,129,setMaxGrowth(10.0);
S1364,EmbeddedRungeKuttaIntegrator.java,154,"super(name, minStep, maxStep, vecAbsoluteTolerance, vecRelativeTolerance);"
S1365,EmbeddedRungeKuttaIntegrator.java,156,this.fsal      = fsal;
S1366,EmbeddedRungeKuttaIntegrator.java,157,this.c         = c;
S1367,EmbeddedRungeKuttaIntegrator.java,158,this.a         = a;
S1368,EmbeddedRungeKuttaIntegrator.java,159,this.b         = b;
S1369,EmbeddedRungeKuttaIntegrator.java,160,this.prototype = prototype;
S1370,EmbeddedRungeKuttaIntegrator.java,162,exp = -1.0 / getOrder();
S1371,EmbeddedRungeKuttaIntegrator.java,165,setSafety(0.9);
S1372,EmbeddedRungeKuttaIntegrator.java,166,setMinReduction(0.2);
S1373,EmbeddedRungeKuttaIntegrator.java,167,setMaxGrowth(10.0);
S1374,EmbeddedRungeKuttaIntegrator.java,180,return safety;
S1375,EmbeddedRungeKuttaIntegrator.java,187,this.safety = safety;
S1376,EmbeddedRungeKuttaIntegrator.java,197,"sanityChecks(equations, t0, y0, t, y);"
S1377,EmbeddedRungeKuttaIntegrator.java,198,setEquations(equations);
S1378,EmbeddedRungeKuttaIntegrator.java,199,resetEvaluations();
S1379,EmbeddedRungeKuttaIntegrator.java,200,final boolean forward = t > t0;
S1380,EmbeddedRungeKuttaIntegrator.java,203,final int stages = c.length + 1;
S1381,EmbeddedRungeKuttaIntegrator.java,204,if (y != y0) {
S1382,EmbeddedRungeKuttaIntegrator.java,205,"System.arraycopy(y0, 0, y, 0, y0.length);"
S1383,EmbeddedRungeKuttaIntegrator.java,207,final double[][] yDotK = new double[stages][y0.length];
S1384,EmbeddedRungeKuttaIntegrator.java,208,final double[] yTmp = new double[y0.length];
S1385,EmbeddedRungeKuttaIntegrator.java,212,if (requiresDenseOutput() || (! eventsHandlersManager.isEmpty())) {
S1386,EmbeddedRungeKuttaIntegrator.java,213,final RungeKuttaStepInterpolator rki = (RungeKuttaStepInterpolator) prototype.copy();
S1387,EmbeddedRungeKuttaIntegrator.java,214,"rki.reinitialize(this, yTmp, yDotK, forward);"
S1388,EmbeddedRungeKuttaIntegrator.java,215,interpolator = rki;
S1389,EmbeddedRungeKuttaIntegrator.java,216,} else {
S1390,EmbeddedRungeKuttaIntegrator.java,217,"interpolator = new DummyStepInterpolator(yTmp, forward);"
S1391,EmbeddedRungeKuttaIntegrator.java,219,interpolator.storeTime(t0);
S1392,EmbeddedRungeKuttaIntegrator.java,222,stepStart         = t0;
S1393,EmbeddedRungeKuttaIntegrator.java,223,double  hNew      = 0;
S1394,EmbeddedRungeKuttaIntegrator.java,224,boolean firstTime = true;
S1395,EmbeddedRungeKuttaIntegrator.java,225,for (StepHandler handler : stepHandlers) {
S1396,EmbeddedRungeKuttaIntegrator.java,226,handler.reset();
S1397,EmbeddedRungeKuttaIntegrator.java,228,"CombinedEventsManager manager = addEndTimeChecker(t0, t, eventsHandlersManager);"
S1398,EmbeddedRungeKuttaIntegrator.java,229,boolean lastStep = false;
S1399,EmbeddedRungeKuttaIntegrator.java,232,while (!lastStep) {
S1400,EmbeddedRungeKuttaIntegrator.java,234,interpolator.shift();
S1401,EmbeddedRungeKuttaIntegrator.java,236,double error = 0;
S1402,EmbeddedRungeKuttaIntegrator.java,237,for (boolean loop = true; loop;) {
S1403,EmbeddedRungeKuttaIntegrator.java,239,if (firstTime || !fsal) {
S1404,EmbeddedRungeKuttaIntegrator.java,241,"computeDerivatives(stepStart, y, yDotK[0]);"
S1405,EmbeddedRungeKuttaIntegrator.java,244,if (firstTime) {
S1406,EmbeddedRungeKuttaIntegrator.java,245,final double[] scale = new double[y0.length];
S1407,EmbeddedRungeKuttaIntegrator.java,246,if (vecAbsoluteTolerance == null) {
S1408,EmbeddedRungeKuttaIntegrator.java,247,for (int i = 0; i < scale.length; ++i) {
S1409,EmbeddedRungeKuttaIntegrator.java,248,scale[i] = scalAbsoluteTolerance + scalRelativeTolerance * Math.abs(y[i]);
S1410,EmbeddedRungeKuttaIntegrator.java,251,for (int i = 0; i < scale.length; ++i) {
S1411,EmbeddedRungeKuttaIntegrator.java,252,scale[i] = vecAbsoluteTolerance[i] + vecRelativeTolerance[i] * Math.abs(y[i]);
S1412,EmbeddedRungeKuttaIntegrator.java,255,"hNew = initializeStep(equations, forward, getOrder(), scale,"
S1413,EmbeddedRungeKuttaIntegrator.java,257,firstTime = false;
S1414,EmbeddedRungeKuttaIntegrator.java,260,stepSize = hNew;
S1415,EmbeddedRungeKuttaIntegrator.java,263,for (int k = 1; k < stages; ++k) {
S1416,EmbeddedRungeKuttaIntegrator.java,265,for (int j = 0; j < y0.length; ++j) {
S1417,EmbeddedRungeKuttaIntegrator.java,266,double sum = a[k-1][0] * yDotK[0][j];
S1418,EmbeddedRungeKuttaIntegrator.java,267,for (int l = 1; l < k; ++l) {
S1419,EmbeddedRungeKuttaIntegrator.java,268,sum += a[k-1][l] * yDotK[l][j];
S1420,EmbeddedRungeKuttaIntegrator.java,270,yTmp[j] = y[j] + stepSize * sum;
S1421,EmbeddedRungeKuttaIntegrator.java,273,"computeDerivatives(stepStart + c[k-1] * stepSize, yTmp, yDotK[k]);"
S1422,EmbeddedRungeKuttaIntegrator.java,278,for (int j = 0; j < y0.length; ++j) {
S1423,EmbeddedRungeKuttaIntegrator.java,279,double sum    = b[0] * yDotK[0][j];
S1424,EmbeddedRungeKuttaIntegrator.java,280,for (int l = 1; l < stages; ++l) {
S1425,EmbeddedRungeKuttaIntegrator.java,281,sum    += b[l] * yDotK[l][j];
S1426,EmbeddedRungeKuttaIntegrator.java,283,yTmp[j] = y[j] + stepSize * sum;
S1427,EmbeddedRungeKuttaIntegrator.java,287,"error = estimateError(yDotK, y, yTmp, stepSize);"
S1428,EmbeddedRungeKuttaIntegrator.java,288,if (error <= 1.0) {
S1429,EmbeddedRungeKuttaIntegrator.java,291,interpolator.storeTime(stepStart + stepSize);
S1430,EmbeddedRungeKuttaIntegrator.java,292,if (manager.evaluateStep(interpolator)) {
S1431,EmbeddedRungeKuttaIntegrator.java,293,final double dt = manager.getEventTime() - stepStart;
S1432,EmbeddedRungeKuttaIntegrator.java,294,if (Math.abs(dt) <= Math.ulp(stepStart)) {
S1433,EmbeddedRungeKuttaIntegrator.java,299,hNew = dt;
S1434,EmbeddedRungeKuttaIntegrator.java,301,} else {
S1435,EmbeddedRungeKuttaIntegrator.java,303,loop = false;
S1436,EmbeddedRungeKuttaIntegrator.java,308,final double factor =
S1437,EmbeddedRungeKuttaIntegrator.java,311,"hNew = filterStep(stepSize * factor, forward, false);"
S1438,EmbeddedRungeKuttaIntegrator.java,317,final double nextStep = stepStart + stepSize;
S1439,EmbeddedRungeKuttaIntegrator.java,318,"System.arraycopy(yTmp, 0, y, 0, y0.length);"
S1440,EmbeddedRungeKuttaIntegrator.java,319,"manager.stepAccepted(nextStep, y);"
S1441,EmbeddedRungeKuttaIntegrator.java,320,lastStep = manager.stop();
S1442,EmbeddedRungeKuttaIntegrator.java,323,interpolator.storeTime(nextStep);
S1443,EmbeddedRungeKuttaIntegrator.java,324,for (StepHandler handler : stepHandlers) {
S1444,EmbeddedRungeKuttaIntegrator.java,325,"handler.handleStep(interpolator, lastStep);"
S1445,EmbeddedRungeKuttaIntegrator.java,327,stepStart = nextStep;
S1446,EmbeddedRungeKuttaIntegrator.java,329,if (fsal) {
S1447,EmbeddedRungeKuttaIntegrator.java,331,"System.arraycopy(yDotK[stages - 1], 0, yDotK[0], 0, y0.length);"
S1448,EmbeddedRungeKuttaIntegrator.java,334,"if (manager.reset(stepStart, y) && ! lastStep) {"
S1449,EmbeddedRungeKuttaIntegrator.java,337,"computeDerivatives(stepStart, y, yDotK[0]);"
S1450,EmbeddedRungeKuttaIntegrator.java,340,if (! lastStep) {
S1451,EmbeddedRungeKuttaIntegrator.java,344,"stepSize = filterStep(stepSize, forward, true);"
S1452,EmbeddedRungeKuttaIntegrator.java,347,"final double factor = Math.min(maxGrowth,"
S1453,EmbeddedRungeKuttaIntegrator.java,350,final double  scaledH    = stepSize * factor;
S1454,EmbeddedRungeKuttaIntegrator.java,351,final double  nextT      = stepStart + scaledH;
S1455,EmbeddedRungeKuttaIntegrator.java,352,final boolean nextIsLast = forward ? (nextT >= t) : (nextT <= t);
S1456,EmbeddedRungeKuttaIntegrator.java,353,"hNew = filterStep(scaledH, forward, nextIsLast);"
S1457,EmbeddedRungeKuttaIntegrator.java,358,final double stopTime = stepStart;
S1458,EmbeddedRungeKuttaIntegrator.java,359,resetInternalState();
S1459,EmbeddedRungeKuttaIntegrator.java,360,return stopTime;
S1460,EmbeddedRungeKuttaIntegrator.java,368,return minReduction;
S1461,EmbeddedRungeKuttaIntegrator.java,375,this.minReduction = minReduction;
S1462,EmbeddedRungeKuttaIntegrator.java,382,return maxGrowth;
S1463,EmbeddedRungeKuttaIntegrator.java,389,this.maxGrowth = maxGrowth;
S1464,Erf.java,51,"double ret = Gamma.regularizedGammaP(0.5, x * x, 1.0e-15, 10000);"
S1465,Erf.java,52,if (x < 0) {
S1466,Erf.java,53,ret = -ret;
S1467,Erf.java,55,return ret;
S1468,EulerIntegrator.java,52,private static final double[] STATIC_C = {
S1469,EulerIntegrator.java,56,private static final double[][] STATIC_A = {
S1470,EulerIntegrator.java,60,private static final double[] STATIC_B = {
S1471,EulerIntegrator.java,69,"super(""Euler"", STATIC_C, STATIC_A, STATIC_B, new EulerStepInterpolator(), step);"
S1472,EulerStepInterpolator.java,59,public EulerStepInterpolator() {
S1473,EulerStepInterpolator.java,68,super(interpolator);
S1474,EulerStepInterpolator.java,74,return new EulerStepInterpolator(this);
S1475,EulerStepInterpolator.java,84,for (int i = 0; i < interpolatedState.length; ++i) {
S1476,EulerStepInterpolator.java,85,interpolatedState[i] = currentState[i] - oneMinusThetaH * yDotK[0][i];
S1477,EulerStepInterpolator.java,87,"System.arraycopy(yDotK[0], 0, interpolatedDerivatives, 0, interpolatedDerivatives.length);"
S1478,EventException.java,39,"super(specifier, parts);"
S1479,EventState.java,42,public class EventState {
S1480,EventState.java,95,"final double convergence, final int maxIterationCount) {"
S1481,EventState.java,96,this.handler           = handler;
S1482,EventState.java,97,this.maxCheckInterval  = maxCheckInterval;
S1483,EventState.java,98,this.convergence       = Math.abs(convergence);
S1484,EventState.java,99,this.maxIterationCount = maxIterationCount;
S1485,EventState.java,102,t0                = Double.NaN;
S1486,EventState.java,103,g0                = Double.NaN;
S1487,EventState.java,104,g0Positive        = true;
S1488,EventState.java,105,pendingEvent      = false;
S1489,EventState.java,106,pendingEventTime  = Double.NaN;
S1490,EventState.java,107,previousEventTime = Double.NaN;
S1491,EventState.java,108,increasing        = true;
S1492,EventState.java,109,nextAction        = EventHandler.CONTINUE;
S1493,EventState.java,117,return handler;
S1494,EventState.java,124,return maxCheckInterval;
S1495,EventState.java,131,return convergence;
S1496,EventState.java,138,return maxIterationCount;
S1497,EventState.java,151,t0 = tStart;
S1498,EventState.java,152,"g0 = handler.g(tStart, yStart);"
S1499,EventState.java,153,g0Positive = g0 >= 0;
S1500,EventState.java,172,forward = interpolator.isForward();
S1501,EventState.java,173,final double t1 = interpolator.getCurrentTime();
S1502,EventState.java,174,"final int    n  = Math.max(1, (int) Math.ceil(Math.abs(t1 - t0) / maxCheckInterval));"
S1503,EventState.java,175,final double h  = (t1 - t0) / n;
S1504,EventState.java,177,double ta = t0;
S1505,EventState.java,178,double ga = g0;
S1506,EventState.java,179,double tb = t0 + (interpolator.isForward() ? convergence : -convergence);
S1507,EventState.java,180,for (int i = 0; i < n; ++i) {
S1508,EventState.java,183,tb += h;
S1509,EventState.java,184,interpolator.setInterpolatedTime(tb);
S1510,EventState.java,185,"final double gb = handler.g(tb, interpolator.getInterpolatedState());"
S1511,EventState.java,188,if (g0Positive ^ (gb >= 0)) {
S1512,EventState.java,191,if (ga * gb > 0) {
S1513,EventState.java,199,final double epsilon = (forward ? 0.25 : -0.25) * convergence;
S1514,EventState.java,200,for (int k = 0; (k < 4) && (ga * gb > 0); ++k) {
S1515,EventState.java,201,ta += epsilon;
S1516,EventState.java,202,interpolator.setInterpolatedTime(ta);
S1517,EventState.java,203,"ga = handler.g(ta, interpolator.getInterpolatedState());"
S1518,EventState.java,205,if (ga * gb > 0) {
S1519,EventState.java,212,increasing = gb >= ga;
S1520,EventState.java,214,final UnivariateRealFunction f = new UnivariateRealFunction() {
S1521,EventState.java,217,interpolator.setInterpolatedTime(t);
S1522,EventState.java,218,"return handler.g(t, interpolator.getInterpolatedState());"
S1523,EventState.java,226,final BrentSolver solver = new BrentSolver();
S1524,EventState.java,227,solver.setAbsoluteAccuracy(convergence);
S1525,EventState.java,228,solver.setMaximalIterationCount(maxIterationCount);
S1526,EventState.java,229,"final double root = (ta <= tb) ? solver.solve(f, ta, tb) : solver.solve(f, tb, ta);"
S1527,EventState.java,230,if ((Math.abs(root - ta) <= convergence) &&
S1528,EventState.java,235,} else if (Double.isNaN(previousEventTime) ||
S1529,EventState.java,237,pendingEventTime = root;
S1530,EventState.java,238,if (pendingEvent && (Math.abs(t1 - pendingEventTime) <= convergence)) {
S1531,EventState.java,243,return false;
S1532,EventState.java,247,pendingEvent = true;
S1533,EventState.java,248,return true;
S1534,EventState.java,253,ta = tb;
S1535,EventState.java,254,ga = gb;
S1536,EventState.java,260,pendingEvent     = false;
S1537,EventState.java,261,pendingEventTime = Double.NaN;
S1538,EventState.java,262,return false;
S1539,EventState.java,282,return pendingEventTime;
S1540,EventState.java,296,t0 = t;
S1541,EventState.java,297,"g0 = handler.g(t, y);"
S1542,EventState.java,299,if (pendingEvent) {
S1543,EventState.java,301,previousEventTime = t;
S1544,EventState.java,302,g0Positive        = increasing;
S1545,EventState.java,303,"nextAction        = handler.eventOccurred(t, y, !(increasing ^ forward));"
S1546,EventState.java,305,g0Positive = g0 >= 0;
S1547,EventState.java,306,nextAction = EventHandler.CONTINUE;
S1548,EventState.java,315,return nextAction == EventHandler.STOP;
S1549,EventState.java,330,if (! pendingEvent) {
S1550,EventState.java,331,return false;
S1551,EventState.java,334,if (nextAction == EventHandler.RESET_STATE) {
S1552,EventState.java,335,"handler.resetState(t, y);"
S1553,EventState.java,337,pendingEvent      = false;
S1554,EventState.java,338,pendingEventTime  = Double.NaN;
S1555,EventState.java,340,return (nextAction == EventHandler.RESET_STATE) ||
S1556,FDistributionImpl.java,55,super();
S1557,FDistributionImpl.java,56,setNumeratorDegreesOfFreedom(numeratorDegreesOfFreedom);
S1558,FDistributionImpl.java,57,setDenominatorDegreesOfFreedom(denominatorDegreesOfFreedom);
S1559,FDistributionImpl.java,77,if (x <= 0.0) {
S1560,FDistributionImpl.java,78,ret = 0.0;
S1561,FDistributionImpl.java,80,double n = getNumeratorDegreesOfFreedom();
S1562,FDistributionImpl.java,81,double m = getDenominatorDegreesOfFreedom();
S1563,FDistributionImpl.java,83,"ret = Beta.regularizedBeta((n * x) / (m + n * x),"
S1564,FDistributionImpl.java,87,return ret;
S1565,FDistributionImpl.java,106,if (p == 0) {
S1566,FDistributionImpl.java,107,return 0d;
S1567,FDistributionImpl.java,109,if (p == 1) {
S1568,FDistributionImpl.java,110,return Double.POSITIVE_INFINITY;
S1569,FDistributionImpl.java,112,return super.inverseCumulativeProbability(p);
S1570,FDistributionImpl.java,126,return 0.0;
S1571,FDistributionImpl.java,140,return Double.MAX_VALUE;
S1572,FDistributionImpl.java,153,double ret = 1.0;
S1573,FDistributionImpl.java,154,double d = getDenominatorDegreesOfFreedom();
S1574,FDistributionImpl.java,155,if (d > 2.0) {
S1575,FDistributionImpl.java,157,ret = d / (d - 2.0);
S1576,FDistributionImpl.java,159,return ret;
S1577,FDistributionImpl.java,169,if (degreesOfFreedom <= 0.0) {
S1578,FDistributionImpl.java,170,throw MathRuntimeException.createIllegalArgumentException(
S1579,FDistributionImpl.java,173,this.numeratorDegreesOfFreedom = degreesOfFreedom;
S1580,FDistributionImpl.java,181,return numeratorDegreesOfFreedom;
S1581,FDistributionImpl.java,191,if (degreesOfFreedom <= 0.0) {
S1582,FDistributionImpl.java,192,throw MathRuntimeException.createIllegalArgumentException(
S1583,FDistributionImpl.java,195,this.denominatorDegreesOfFreedom = degreesOfFreedom;
S1584,FDistributionImpl.java,203,return denominatorDegreesOfFreedom;
S1585,FieldLUDecompositionImpl.java,72,throws NonSquareMatrixException {
S1586,FieldLUDecompositionImpl.java,74,if (!matrix.isSquare()) {
S1587,FieldLUDecompositionImpl.java,78,final int m = matrix.getColumnDimension();
S1588,FieldLUDecompositionImpl.java,79,field = matrix.getField();
S1589,FieldLUDecompositionImpl.java,80,lu = matrix.getData();
S1590,FieldLUDecompositionImpl.java,81,pivot = new int[m];
S1591,FieldLUDecompositionImpl.java,82,cachedL = null;
S1592,FieldLUDecompositionImpl.java,83,cachedU = null;
S1593,FieldLUDecompositionImpl.java,84,cachedP = null;
S1594,FieldLUDecompositionImpl.java,87,for (int row = 0; row < m; row++) {
S1595,FieldLUDecompositionImpl.java,88,pivot[row] = row;
S1596,FieldLUDecompositionImpl.java,90,even     = true;
S1597,FieldLUDecompositionImpl.java,91,singular = false;
S1598,FieldLUDecompositionImpl.java,94,for (int col = 0; col < m; col++) {
S1599,FieldLUDecompositionImpl.java,96,T sum = field.getZero();
S1600,FieldLUDecompositionImpl.java,99,for (int row = 0; row < col; row++) {
S1601,FieldLUDecompositionImpl.java,100,final T[] luRow = lu[row];
S1602,FieldLUDecompositionImpl.java,101,sum = luRow[col];
S1603,FieldLUDecompositionImpl.java,102,for (int i = 0; i < row; i++) {
S1604,FieldLUDecompositionImpl.java,103,sum = sum.subtract(luRow[i].multiply(lu[i][col]));
S1605,FieldLUDecompositionImpl.java,105,luRow[col] = sum;
S1606,FieldLUDecompositionImpl.java,109,int nonZero = col; // permutation row
S1607,FieldLUDecompositionImpl.java,110,for (int row = col; row < m; row++) {
S1608,FieldLUDecompositionImpl.java,111,final T[] luRow = lu[row];
S1609,FieldLUDecompositionImpl.java,112,sum = luRow[col];
S1610,FieldLUDecompositionImpl.java,113,for (int i = 0; i < col; i++) {
S1611,FieldLUDecompositionImpl.java,114,sum = sum.subtract(luRow[i].multiply(lu[i][col]));
S1612,FieldLUDecompositionImpl.java,116,luRow[col] = sum;
S1613,FieldLUDecompositionImpl.java,118,if (lu[nonZero][col].equals(field.getZero())) {
S1614,FieldLUDecompositionImpl.java,125,if (nonZero >= m) {
S1615,FieldLUDecompositionImpl.java,131,if (nonZero != col) {
S1616,FieldLUDecompositionImpl.java,145,final T luDiag = lu[col][col];
S1617,FieldLUDecompositionImpl.java,146,for (int row = col + 1; row < m; row++) {
S1618,FieldLUDecompositionImpl.java,147,final T[] luRow = lu[row];
S1619,FieldLUDecompositionImpl.java,148,luRow[col] = luRow[col].divide(luDiag);
S1620,FieldLUDecompositionImpl.java,218,"return new Solver<T>(field, lu, pivot, singular);"
S1621,FieldLUDecompositionImpl.java,222,private static class Solver<T extends FieldElement<T>> implements FieldDecompositionSolver<T> {
S1622,FieldLUDecompositionImpl.java,247,"final int[] pivot, final boolean singular) {"
S1623,FieldLUDecompositionImpl.java,248,this.field    = field;
S1624,FieldLUDecompositionImpl.java,249,this.lu       = lu;
S1625,FieldLUDecompositionImpl.java,250,this.pivot    = pivot;
S1626,FieldLUDecompositionImpl.java,251,this.singular = singular;
S1627,FieldLUDecompositionImpl.java,263,final int m = pivot.length;
S1628,FieldLUDecompositionImpl.java,264,if (b.length != m) {
S1629,FieldLUDecompositionImpl.java,269,if (singular) {
S1630,FieldLUDecompositionImpl.java,274,"final T[] bp = (T[]) Array.newInstance(field.getZero().getClass(), m);"
S1631,FieldLUDecompositionImpl.java,277,for (int row = 0; row < m; row++) {
S1632,FieldLUDecompositionImpl.java,278,bp[row] = b[pivot[row]];
S1633,FieldLUDecompositionImpl.java,282,for (int col = 0; col < m; col++) {
S1634,FieldLUDecompositionImpl.java,283,final T bpCol = bp[col];
S1635,FieldLUDecompositionImpl.java,284,for (int i = col + 1; i < m; i++) {
S1636,FieldLUDecompositionImpl.java,285,bp[i] = bp[i].subtract(bpCol.multiply(lu[i][col]));
S1637,FieldLUDecompositionImpl.java,290,for (int col = m - 1; col >= 0; col--) {
S1638,FieldLUDecompositionImpl.java,291,bp[col] = bp[col].divide(lu[col][col]);
S1639,FieldLUDecompositionImpl.java,292,final T bpCol = bp[col];
S1640,FieldLUDecompositionImpl.java,293,for (int i = 0; i < col; i++) {
S1641,FieldLUDecompositionImpl.java,294,bp[i] = bp[i].subtract(bpCol.multiply(lu[i][col]));
S1642,FieldLUDecompositionImpl.java,298,return bp;
S1643,FieldLUDecompositionImpl.java,365,final int m = pivot.length;
S1644,FieldLUDecompositionImpl.java,366,if (b.getRowDimension() != m) {
S1645,FieldLUDecompositionImpl.java,371,if (singular) {
S1646,FieldLUDecompositionImpl.java,375,final int nColB = b.getColumnDimension();
S1647,FieldLUDecompositionImpl.java,379,"final T[][] bp = (T[][]) Array.newInstance(field.getZero().getClass(), new int[] { m, nColB });"
S1648,FieldLUDecompositionImpl.java,380,for (int row = 0; row < m; row++) {
S1649,FieldLUDecompositionImpl.java,381,final T[] bpRow = bp[row];
S1650,FieldLUDecompositionImpl.java,382,final int pRow = pivot[row];
S1651,FieldLUDecompositionImpl.java,383,for (int col = 0; col < nColB; col++) {
S1652,FieldLUDecompositionImpl.java,384,"bpRow[col] = b.getEntry(pRow, col);"
S1653,FieldLUDecompositionImpl.java,389,for (int col = 0; col < m; col++) {
S1654,FieldLUDecompositionImpl.java,390,final T[] bpCol = bp[col];
S1655,FieldLUDecompositionImpl.java,391,for (int i = col + 1; i < m; i++) {
S1656,FieldLUDecompositionImpl.java,392,final T[] bpI = bp[i];
S1657,FieldLUDecompositionImpl.java,393,final T luICol = lu[i][col];
S1658,FieldLUDecompositionImpl.java,394,for (int j = 0; j < nColB; j++) {
S1659,FieldLUDecompositionImpl.java,395,bpI[j] = bpI[j].subtract(bpCol[j].multiply(luICol));
S1660,FieldLUDecompositionImpl.java,401,for (int col = m - 1; col >= 0; col--) {
S1661,FieldLUDecompositionImpl.java,402,final T[] bpCol = bp[col];
S1662,FieldLUDecompositionImpl.java,403,final T luDiag = lu[col][col];
S1663,FieldLUDecompositionImpl.java,404,for (int j = 0; j < nColB; j++) {
S1664,FieldLUDecompositionImpl.java,405,bpCol[j] = bpCol[j].divide(luDiag);
S1665,FieldLUDecompositionImpl.java,407,for (int i = 0; i < col; i++) {
S1666,FieldLUDecompositionImpl.java,408,final T[] bpI = bp[i];
S1667,FieldLUDecompositionImpl.java,409,final T luICol = lu[i][col];
S1668,FieldLUDecompositionImpl.java,410,for (int j = 0; j < nColB; j++) {
S1669,FieldLUDecompositionImpl.java,411,bpI[j] = bpI[j].subtract(bpCol[j].multiply(luICol));
S1670,FieldLUDecompositionImpl.java,416,"return new Array2DRowFieldMatrix<T>(bp, false);"
S1671,FieldLUDecompositionImpl.java,422,final int m = pivot.length;
S1672,FieldLUDecompositionImpl.java,423,final T one = field.getOne();
S1673,FieldLUDecompositionImpl.java,424,"FieldMatrix<T> identity = new Array2DRowFieldMatrix<T>(field, m, m);"
S1674,FieldLUDecompositionImpl.java,425,for (int i = 0; i < m; ++i) {
S1675,FieldLUDecompositionImpl.java,426,"identity.setEntry(i, i, one);"
S1676,FieldLUDecompositionImpl.java,428,return solve(identity);
S1677,FirstOrderConverter.java,77,public FirstOrderConverter (final SecondOrderDifferentialEquations equations) {
S1678,FirstOrderConverter.java,78,this.equations = equations;
S1679,FirstOrderConverter.java,79,dimension      = equations.getDimension();
S1680,FirstOrderConverter.java,80,z              = new double[dimension];
S1681,FirstOrderConverter.java,81,zDot           = new double[dimension];
S1682,FirstOrderConverter.java,82,zDDot          = new double[dimension];
S1683,FirstOrderConverter.java,91,return 2 * dimension;
S1684,FirstOrderConverter.java,105,"System.arraycopy(y, 0,         z,    0, dimension);"
S1685,FirstOrderConverter.java,106,"System.arraycopy(y, dimension, zDot, 0, dimension);"
S1686,FirstOrderConverter.java,109,"equations.computeSecondDerivatives(t, z, zDot, zDDot);"
S1687,FirstOrderConverter.java,112,"System.arraycopy(zDot,  0, yDot, 0,         dimension);"
S1688,FirstOrderConverter.java,113,"System.arraycopy(zDDot, 0, yDot, dimension, dimension);"
S1689,Gamma.java,41,private static final double[] LANCZOS =
S1690,Gamma.java,61,private static final double HALF_LOG_2_PI = 0.5 * Math.log(2.0 * Math.PI);
S1691,Gamma.java,97,if (Double.isNaN(x) || (x <= 0.0)) {
S1692,Gamma.java,100,double g = 607.0 / 128.0;
S1693,Gamma.java,102,double sum = 0.0;
S1694,Gamma.java,103,for (int i = LANCZOS.length - 1; i > 0; --i) {
S1695,Gamma.java,104,sum = sum + (LANCZOS[i] / (x + i));
S1696,Gamma.java,106,sum = sum + LANCZOS[0];
S1697,Gamma.java,108,double tmp = x + g + .5;
S1698,Gamma.java,109,ret = ((x + .5) * Math.log(tmp)) - tmp +
S1699,Gamma.java,113,return ret;
S1700,Gamma.java,127,"return regularizedGammaP(a, x, DEFAULT_EPSILON, Integer.MAX_VALUE);"
S1701,Gamma.java,165,if (Double.isNaN(a) || Double.isNaN(x) || (a <= 0.0) || (x < 0.0)) {
S1702,Gamma.java,167,} else if (x == 0.0) {
S1703,Gamma.java,168,ret = 0.0;
S1704,Gamma.java,169,} else if (a >= 1.0 && x > a) {
S1705,Gamma.java,172,"ret = 1.0 - regularizedGammaQ(a, x, epsilon, maxIterations);"
S1706,Gamma.java,175,double n = 0.0; // current element index
S1707,Gamma.java,176,double an = 1.0 / a; // n-th element in the series
S1708,Gamma.java,177,double sum = an; // partial sum
S1709,Gamma.java,178,while (Math.abs(an) > epsilon && n < maxIterations) {
S1710,Gamma.java,180,n = n + 1.0;
S1711,Gamma.java,181,an = an * (x / (a + n));
S1712,Gamma.java,184,sum = sum + an;
S1713,Gamma.java,186,if (n >= maxIterations) {
S1714,Gamma.java,187,throw new MaxIterationsExceededException(maxIterations);
S1715,Gamma.java,189,ret = Math.exp(-x + (a * Math.log(x)) - logGamma(a)) * sum;
S1716,Gamma.java,193,return ret;
S1717,Gamma.java,240,if (Double.isNaN(a) || Double.isNaN(x) || (a <= 0.0) || (x < 0.0)) {
S1718,Gamma.java,242,} else if (x == 0.0) {
S1719,Gamma.java,244,} else if (x < a || a < 1.0) {
S1720,Gamma.java,250,ContinuedFraction cf = new ContinuedFraction() {
S1721,Gamma.java,254,return ((2.0 * n) + 1.0) - a + x;
S1722,Gamma.java,259,return n * (a - n);
S1723,Gamma.java,263,"ret = 1.0 / cf.evaluate(x, epsilon, maxIterations);"
S1724,Gamma.java,264,ret = Math.exp(-x + (a * Math.log(x)) - logGamma(a)) * ret;
S1725,Gamma.java,267,return ret;
S1726,GammaDistributionImpl.java,48,super();
S1727,GammaDistributionImpl.java,49,setAlpha(alpha);
S1728,GammaDistributionImpl.java,50,setBeta(beta);
S1729,GammaDistributionImpl.java,73,if (x <= 0.0) {
S1730,GammaDistributionImpl.java,74,ret = 0.0;
S1731,GammaDistributionImpl.java,76,"ret = Gamma.regularizedGammaP(getAlpha(), x / getBeta());"
S1732,GammaDistributionImpl.java,79,return ret;
S1733,GammaDistributionImpl.java,98,if (p == 0) {
S1734,GammaDistributionImpl.java,99,return 0d;
S1735,GammaDistributionImpl.java,101,if (p == 1) {
S1736,GammaDistributionImpl.java,102,return Double.POSITIVE_INFINITY;
S1737,GammaDistributionImpl.java,104,return super.inverseCumulativeProbability(p);
S1738,GammaDistributionImpl.java,113,if (alpha <= 0.0) {
S1739,GammaDistributionImpl.java,114,throw MathRuntimeException.createIllegalArgumentException(
S1740,GammaDistributionImpl.java,118,this.alpha = alpha;
S1741,GammaDistributionImpl.java,126,return alpha;
S1742,GammaDistributionImpl.java,135,if (beta <= 0.0) {
S1743,GammaDistributionImpl.java,136,throw MathRuntimeException.createIllegalArgumentException(
S1744,GammaDistributionImpl.java,140,this.beta = beta;
S1745,GammaDistributionImpl.java,148,return beta;
S1746,GammaDistributionImpl.java,158,if (x < 0) return 0;
S1747,GammaDistributionImpl.java,159,"return Math.pow(x / getBeta(), getAlpha() - 1) / getBeta() * Math.exp(-x / getBeta()) / Math.exp(Gamma.logGamma(getAlpha()));"
S1748,GammaDistributionImpl.java,174,return Double.MIN_VALUE;
S1749,GammaDistributionImpl.java,194,if (p < .5) {
S1750,GammaDistributionImpl.java,196,ret = getAlpha() * getBeta();
S1751,GammaDistributionImpl.java,199,ret = Double.MAX_VALUE;
S1752,GammaDistributionImpl.java,202,return ret;
S1753,GammaDistributionImpl.java,220,if (p < .5) {
S1754,GammaDistributionImpl.java,222,ret = getAlpha() * getBeta() * .5;
S1755,GammaDistributionImpl.java,225,ret = getAlpha() * getBeta();
S1756,GammaDistributionImpl.java,228,return ret;
S1757,GaussianRandomGenerator.java,36,public GaussianRandomGenerator(final RandomGenerator generator) {
S1758,GaussianRandomGenerator.java,37,this.generator = generator;
S1759,GaussianRandomGenerator.java,44,return generator.nextGaussian();
S1760,GillIntegrator.java,48,private static final double[] STATIC_C = {
S1761,GillIntegrator.java,53,private static final double[][] STATIC_A = {
S1762,GillIntegrator.java,60,private static final double[] STATIC_B = {
S1763,GillIntegrator.java,69,"super(""Gill"", STATIC_C, STATIC_A, STATIC_B, new GillStepInterpolator(), step);"
S1764,GillStepInterpolator.java,51,private static final double TWO_MINUS_SQRT_2 = 2 - Math.sqrt(2.0);
S1765,GillStepInterpolator.java,54,private static final double TWO_PLUS_SQRT_2 = 2 + Math.sqrt(2.0);
S1766,GillStepInterpolator.java,70,public GillStepInterpolator() {
S1767,GillStepInterpolator.java,79,super(interpolator);
S1768,GillStepInterpolator.java,85,return new GillStepInterpolator(this);
S1769,GillStepInterpolator.java,95,final double twoTheta  = 2 * theta;
S1770,GillStepInterpolator.java,96,final double fourTheta = 4 * theta;
S1771,GillStepInterpolator.java,97,final double s         = oneMinusThetaH / 6.0;
S1772,GillStepInterpolator.java,98,final double oMt       = 1 - theta;
S1773,GillStepInterpolator.java,99,final double soMt      = s * oMt;
S1774,GillStepInterpolator.java,100,final double c23       = soMt * (1 + twoTheta);
S1775,GillStepInterpolator.java,101,final double coeff1    = soMt * (1 - fourTheta);
S1776,GillStepInterpolator.java,102,final double coeff2    = c23  * TWO_MINUS_SQRT_2;
S1777,GillStepInterpolator.java,103,final double coeff3    = c23  * TWO_PLUS_SQRT_2;
S1778,GillStepInterpolator.java,104,final double coeff4    = s * (1 + theta * (1 + fourTheta));
S1779,GillStepInterpolator.java,105,final double coeffDot1 = theta * (twoTheta - 3) + 1;
S1780,GillStepInterpolator.java,106,final double cDot23    = theta * oMt;
S1781,GillStepInterpolator.java,107,final double coeffDot2 = cDot23  * TWO_MINUS_SQRT_2;
S1782,GillStepInterpolator.java,108,final double coeffDot3 = cDot23  * TWO_PLUS_SQRT_2;
S1783,GillStepInterpolator.java,109,final double coeffDot4 = theta * (twoTheta - 1);
S1784,GillStepInterpolator.java,111,for (int i = 0; i < interpolatedState.length; ++i) {
S1785,GillStepInterpolator.java,112,final double yDot1 = yDotK[0][i];
S1786,GillStepInterpolator.java,113,final double yDot2 = yDotK[1][i];
S1787,GillStepInterpolator.java,114,final double yDot3 = yDotK[2][i];
S1788,GillStepInterpolator.java,115,final double yDot4 = yDotK[3][i];
S1789,GillStepInterpolator.java,116,interpolatedState[i] =
S1790,GillStepInterpolator.java,118,interpolatedDerivatives[i] =
S1791,GoalType.java,27,public enum GoalType implements Serializable {
S1792,GoalType.java,30,"MAXIMIZE,"
S1793,GoalType.java,33,MINIMIZE
S1794,GraggBulirschStoerIntegrator.java,170,"super(METHOD_NAME, minStep, maxStep,"
S1795,GraggBulirschStoerIntegrator.java,172,denseOutput = requiresDenseOutput() || (! eventsHandlersManager.isEmpty());
S1796,GraggBulirschStoerIntegrator.java,173,"setStabilityCheck(true, -1, -1, -1);"
S1797,GraggBulirschStoerIntegrator.java,174,"setStepsizeControl(-1, -1, -1, -1);"
S1798,GraggBulirschStoerIntegrator.java,175,"setOrderControl(-1, -1, -1);"
S1799,GraggBulirschStoerIntegrator.java,176,"setInterpolationControl(true, -1);"
S1800,GraggBulirschStoerIntegrator.java,193,"super(METHOD_NAME, minStep, maxStep,"
S1801,GraggBulirschStoerIntegrator.java,195,denseOutput = requiresDenseOutput() || (! eventsHandlersManager.isEmpty());
S1802,GraggBulirschStoerIntegrator.java,196,"setStabilityCheck(true, -1, -1, -1);"
S1803,GraggBulirschStoerIntegrator.java,197,"setStepsizeControl(-1, -1, -1, -1);"
S1804,GraggBulirschStoerIntegrator.java,198,"setOrderControl(-1, -1, -1);"
S1805,GraggBulirschStoerIntegrator.java,199,"setInterpolationControl(true, -1);"
S1806,GraggBulirschStoerIntegrator.java,224,this.performTest = performStabilityCheck;
S1807,GraggBulirschStoerIntegrator.java,225,this.maxIter     = (maxNumIter   <= 0) ? 2 : maxNumIter;
S1808,GraggBulirschStoerIntegrator.java,226,this.maxChecks   = (maxNumChecks <= 0) ? 1 : maxNumChecks;
S1809,GraggBulirschStoerIntegrator.java,228,if ((stepsizeReductionFactor < 0.0001) || (stepsizeReductionFactor > 0.9999)) {
S1810,GraggBulirschStoerIntegrator.java,229,this.stabilityReduction = 0.5;
S1811,GraggBulirschStoerIntegrator.java,263,if ((control1 < 0.0001) || (control1 > 0.9999)) {
S1812,GraggBulirschStoerIntegrator.java,264,this.stepControl1 = 0.65;
S1813,GraggBulirschStoerIntegrator.java,269,if ((control2 < 0.0001) || (control2 > 0.9999)) {
S1814,GraggBulirschStoerIntegrator.java,270,this.stepControl2 = 0.94;
S1815,GraggBulirschStoerIntegrator.java,275,if ((control3 < 0.0001) || (control3 > 0.9999)) {
S1816,GraggBulirschStoerIntegrator.java,276,this.stepControl3 = 0.02;
S1817,GraggBulirschStoerIntegrator.java,281,if ((control4 < 1.0001) || (control4 > 999.9)) {
S1818,GraggBulirschStoerIntegrator.java,282,this.stepControl4 = 4.0;
S1819,GraggBulirschStoerIntegrator.java,315,if ((maximalOrder <= 6) || (maximalOrder % 2 != 0)) {
S1820,GraggBulirschStoerIntegrator.java,316,this.maxOrder = 18;
S1821,GraggBulirschStoerIntegrator.java,319,if ((control1 < 0.0001) || (control1 > 0.9999)) {
S1822,GraggBulirschStoerIntegrator.java,320,this.orderControl1 = 0.8;
S1823,GraggBulirschStoerIntegrator.java,325,if ((control2 < 0.0001) || (control2 > 0.9999)) {
S1824,GraggBulirschStoerIntegrator.java,326,this.orderControl2 = 0.9;
S1825,GraggBulirschStoerIntegrator.java,332,initializeArrays();
S1826,GraggBulirschStoerIntegrator.java,340,super.addStepHandler(handler);
S1827,GraggBulirschStoerIntegrator.java,341,denseOutput = requiresDenseOutput() || (! eventsHandlersManager.isEmpty());
S1828,GraggBulirschStoerIntegrator.java,344,initializeArrays();
S1829,GraggBulirschStoerIntegrator.java,354,"super.addEventHandler(function, maxCheckInterval, convergence, maxIterationCount);"
S1830,GraggBulirschStoerIntegrator.java,355,denseOutput = requiresDenseOutput() || (! eventsHandlersManager.isEmpty());
S1831,GraggBulirschStoerIntegrator.java,358,initializeArrays();
S1832,GraggBulirschStoerIntegrator.java,365,final int size = maxOrder / 2;
S1833,GraggBulirschStoerIntegrator.java,367,if ((sequence == null) || (sequence.length != size)) {
S1834,GraggBulirschStoerIntegrator.java,369,sequence        = new int[size];
S1835,GraggBulirschStoerIntegrator.java,370,costPerStep     = new int[size];
S1836,GraggBulirschStoerIntegrator.java,371,coeff           = new double[size][];
S1837,GraggBulirschStoerIntegrator.java,372,costPerTimeUnit = new double[size];
S1838,GraggBulirschStoerIntegrator.java,373,optimalStep     = new double[size];
S1839,GraggBulirschStoerIntegrator.java,376,if (denseOutput) {
S1840,GraggBulirschStoerIntegrator.java,378,for (int k = 0; k < size; ++k) {
S1841,GraggBulirschStoerIntegrator.java,379,sequence[k] = 4 * k + 2;
S1842,GraggBulirschStoerIntegrator.java,383,for (int k = 0; k < size; ++k) {
S1843,GraggBulirschStoerIntegrator.java,384,sequence[k] = 2 * (k + 1);
S1844,GraggBulirschStoerIntegrator.java,390,costPerStep[0] = sequence[0] + 1;
S1845,GraggBulirschStoerIntegrator.java,391,for (int k = 1; k < size; ++k) {
S1846,GraggBulirschStoerIntegrator.java,392,costPerStep[k] = costPerStep[k-1] + sequence[k];
S1847,GraggBulirschStoerIntegrator.java,396,for (int k = 0; k < size; ++k) {
S1848,GraggBulirschStoerIntegrator.java,397,coeff[k] = (k > 0) ? new double[k] : null;
S1849,GraggBulirschStoerIntegrator.java,398,for (int l = 0; l < k; ++l) {
S1850,GraggBulirschStoerIntegrator.java,399,final double ratio = ((double) sequence[k]) / sequence[k-l-1];
S1851,GraggBulirschStoerIntegrator.java,400,coeff[k][l] = 1.0 / (ratio * ratio - 1.0);
S1852,GraggBulirschStoerIntegrator.java,419,this.useInterpolationError = useInterpolationErrorForControl;
S1853,GraggBulirschStoerIntegrator.java,421,if ((mudifControlParameter <= 0) || (mudifControlParameter >= 7)) {
S1854,GraggBulirschStoerIntegrator.java,422,this.mudif = 4;
S1855,GraggBulirschStoerIntegrator.java,435,if (vecAbsoluteTolerance == null) {
S1856,GraggBulirschStoerIntegrator.java,436,for (int i = 0; i < scale.length; ++i) {
S1857,GraggBulirschStoerIntegrator.java,437,"final double yi = Math.max(Math.abs(y1[i]), Math.abs(y2[i]));"
S1858,GraggBulirschStoerIntegrator.java,438,scale[i] = scalAbsoluteTolerance + scalRelativeTolerance * yi;
S1859,GraggBulirschStoerIntegrator.java,441,for (int i = 0; i < scale.length; ++i) {
S1860,GraggBulirschStoerIntegrator.java,442,"final double yi = Math.max(Math.abs(y1[i]), Math.abs(y2[i]));"
S1861,GraggBulirschStoerIntegrator.java,443,scale[i] = vecAbsoluteTolerance[i] + vecRelativeTolerance[i] * yi;
S1862,GraggBulirschStoerIntegrator.java,471,final int    n        = sequence[k];
S1863,GraggBulirschStoerIntegrator.java,472,final double subStep  = step / n;
S1864,GraggBulirschStoerIntegrator.java,473,final double subStep2 = 2 * subStep;
S1865,GraggBulirschStoerIntegrator.java,476,double t = t0 + subStep;
S1866,GraggBulirschStoerIntegrator.java,477,for (int i = 0; i < y0.length; ++i) {
S1867,GraggBulirschStoerIntegrator.java,478,yTmp[i] = y0[i];
S1868,GraggBulirschStoerIntegrator.java,479,yEnd[i] = y0[i] + subStep * f[0][i];
S1869,GraggBulirschStoerIntegrator.java,481,"computeDerivatives(t, yEnd, f[1]);"
S1870,GraggBulirschStoerIntegrator.java,484,for (int j = 1; j < n; ++j) {
S1871,GraggBulirschStoerIntegrator.java,486,if (2 * j == n) {
S1872,GraggBulirschStoerIntegrator.java,488,"System.arraycopy(yEnd, 0, yMiddle, 0, y0.length);"
S1873,GraggBulirschStoerIntegrator.java,491,t += subStep;
S1874,GraggBulirschStoerIntegrator.java,492,for (int i = 0; i < y0.length; ++i) {
S1875,GraggBulirschStoerIntegrator.java,493,final double middle = yEnd[i];
S1876,GraggBulirschStoerIntegrator.java,494,yEnd[i]       = yTmp[i] + subStep2 * f[j][i];
S1877,GraggBulirschStoerIntegrator.java,495,yTmp[i]       = middle;
S1878,GraggBulirschStoerIntegrator.java,498,"computeDerivatives(t, yEnd, f[j+1]);"
S1879,GraggBulirschStoerIntegrator.java,501,if (performTest && (j <= maxChecks) && (k < maxIter)) {
S1880,GraggBulirschStoerIntegrator.java,502,double initialNorm = 0.0;
S1881,GraggBulirschStoerIntegrator.java,503,for (int l = 0; l < y0.length; ++l) {
S1882,GraggBulirschStoerIntegrator.java,504,final double ratio = f[0][l] / scale[l];
S1883,GraggBulirschStoerIntegrator.java,505,initialNorm += ratio * ratio;
S1884,GraggBulirschStoerIntegrator.java,507,double deltaNorm = 0.0;
S1885,GraggBulirschStoerIntegrator.java,508,for (int l = 0; l < y0.length; ++l) {
S1886,GraggBulirschStoerIntegrator.java,509,final double ratio = (f[j+1][l] - f[0][l]) / scale[l];
S1887,GraggBulirschStoerIntegrator.java,510,deltaNorm += ratio * ratio;
S1888,GraggBulirschStoerIntegrator.java,512,"if (deltaNorm > 4 * Math.max(1.0e-15, initialNorm)) {"
S1889,GraggBulirschStoerIntegrator.java,513,return false;
S1890,GraggBulirschStoerIntegrator.java,520,for (int i = 0; i < y0.length; ++i) {
S1891,GraggBulirschStoerIntegrator.java,521,yEnd[i] = 0.5 * (yTmp[i] + yEnd[i] + subStep * f[n][i]);
S1892,GraggBulirschStoerIntegrator.java,524,return true;
S1893,GraggBulirschStoerIntegrator.java,539,for (int j = 1; j < k; ++j) {
S1894,GraggBulirschStoerIntegrator.java,540,for (int i = 0; i < last.length; ++i) {
S1895,GraggBulirschStoerIntegrator.java,542,diag[k-j-1][i] = diag[k-j][i] +
S1896,GraggBulirschStoerIntegrator.java,548,for (int i = 0; i < last.length; ++i) {
S1897,GraggBulirschStoerIntegrator.java,550,last[i] = diag[0][i] + coeff[k+offset][k-1] * (diag[0][i] - last[i]);
S1898,GraggBulirschStoerIntegrator.java,560,"sanityChecks(equations, t0, y0, t, y);"
S1899,GraggBulirschStoerIntegrator.java,561,setEquations(equations);
S1900,GraggBulirschStoerIntegrator.java,562,resetEvaluations();
S1901,GraggBulirschStoerIntegrator.java,563,final boolean forward = t > t0;
S1902,GraggBulirschStoerIntegrator.java,566,final double[] yDot0   = new double[y0.length];
S1903,GraggBulirschStoerIntegrator.java,567,final double[] y1      = new double[y0.length];
S1904,GraggBulirschStoerIntegrator.java,568,final double[] yTmp    = new double[y0.length];
S1905,GraggBulirschStoerIntegrator.java,569,final double[] yTmpDot = new double[y0.length];
S1906,GraggBulirschStoerIntegrator.java,571,final double[][] diagonal = new double[sequence.length-1][];
S1907,GraggBulirschStoerIntegrator.java,572,final double[][] y1Diag = new double[sequence.length-1][];
S1908,GraggBulirschStoerIntegrator.java,573,for (int k = 0; k < sequence.length-1; ++k) {
S1909,GraggBulirschStoerIntegrator.java,574,diagonal[k] = new double[y0.length];
S1910,GraggBulirschStoerIntegrator.java,575,y1Diag[k] = new double[y0.length];
S1911,GraggBulirschStoerIntegrator.java,578,final double[][][] fk  = new double[sequence.length][][];
S1912,GraggBulirschStoerIntegrator.java,579,for (int k = 0; k < sequence.length; ++k) {
S1913,GraggBulirschStoerIntegrator.java,581,fk[k]    = new double[sequence[k] + 1][];
S1914,GraggBulirschStoerIntegrator.java,584,fk[k][0] = yDot0;
S1915,GraggBulirschStoerIntegrator.java,586,for (int l = 0; l < sequence[k]; ++l) {
S1916,GraggBulirschStoerIntegrator.java,587,fk[k][l+1] = new double[y0.length];
S1917,GraggBulirschStoerIntegrator.java,592,if (y != y0) {
S1918,GraggBulirschStoerIntegrator.java,593,"System.arraycopy(y0, 0, y, 0, y0.length);"
S1919,GraggBulirschStoerIntegrator.java,596,double[] yDot1      = null;
S1920,GraggBulirschStoerIntegrator.java,597,double[][] yMidDots = null;
S1921,GraggBulirschStoerIntegrator.java,598,if (denseOutput) {
S1922,GraggBulirschStoerIntegrator.java,599,yDot1    = new double[y0.length];
S1923,GraggBulirschStoerIntegrator.java,600,yMidDots = new double[1 + 2 * sequence.length][];
S1924,GraggBulirschStoerIntegrator.java,601,for (int j = 0; j < yMidDots.length; ++j) {
S1925,GraggBulirschStoerIntegrator.java,602,yMidDots[j] = new double[y0.length];
S1926,GraggBulirschStoerIntegrator.java,605,yMidDots    = new double[1][];
S1927,GraggBulirschStoerIntegrator.java,606,yMidDots[0] = new double[y0.length];
S1928,GraggBulirschStoerIntegrator.java,610,final double[] scale = new double[y0.length];
S1929,GraggBulirschStoerIntegrator.java,611,"rescale(y, y, scale);"
S1930,GraggBulirschStoerIntegrator.java,614,final double tol =
S1931,GraggBulirschStoerIntegrator.java,616,"final double log10R = Math.log(Math.max(1.0e-10, tol)) / Math.log(10.0);"
S1932,GraggBulirschStoerIntegrator.java,617,"int targetIter = Math.max(1,"
S1933,GraggBulirschStoerIntegrator.java,621,AbstractStepInterpolator interpolator = null;
S1934,GraggBulirschStoerIntegrator.java,622,if (denseOutput || (! eventsHandlersManager.isEmpty())) {
S1935,GraggBulirschStoerIntegrator.java,623,"interpolator = new GraggBulirschStoerStepInterpolator(y, yDot0,"
S1936,GraggBulirschStoerIntegrator.java,627,"interpolator = new DummyStepInterpolator(y, forward);"
S1937,GraggBulirschStoerIntegrator.java,629,interpolator.storeTime(t0);
S1938,GraggBulirschStoerIntegrator.java,631,stepStart = t0;
S1939,GraggBulirschStoerIntegrator.java,632,double  hNew             = 0;
S1940,GraggBulirschStoerIntegrator.java,633,double  maxError         = Double.MAX_VALUE;
S1941,GraggBulirschStoerIntegrator.java,634,boolean previousRejected = false;
S1942,GraggBulirschStoerIntegrator.java,635,boolean firstTime        = true;
S1943,GraggBulirschStoerIntegrator.java,636,boolean newStep          = true;
S1944,GraggBulirschStoerIntegrator.java,637,boolean lastStep         = false;
S1945,GraggBulirschStoerIntegrator.java,638,boolean firstStepAlreadyComputed = false;
S1946,GraggBulirschStoerIntegrator.java,639,for (StepHandler handler : stepHandlers) {
S1947,GraggBulirschStoerIntegrator.java,640,handler.reset();
S1948,GraggBulirschStoerIntegrator.java,642,costPerTimeUnit[0] = 0;
S1949,GraggBulirschStoerIntegrator.java,643,while (! lastStep) {
S1950,GraggBulirschStoerIntegrator.java,646,boolean reject = false;
S1951,GraggBulirschStoerIntegrator.java,648,if (newStep) {
S1952,GraggBulirschStoerIntegrator.java,650,interpolator.shift();
S1953,GraggBulirschStoerIntegrator.java,653,if (! firstStepAlreadyComputed) {
S1954,GraggBulirschStoerIntegrator.java,654,"computeDerivatives(stepStart, y, yDot0);"
S1955,GraggBulirschStoerIntegrator.java,657,if (firstTime) {
S1956,GraggBulirschStoerIntegrator.java,659,"hNew = initializeStep(equations, forward,"
S1957,GraggBulirschStoerIntegrator.java,663,if (! forward) {
S1958,GraggBulirschStoerIntegrator.java,664,hNew = -hNew;
S1959,GraggBulirschStoerIntegrator.java,669,newStep = false;
S1960,GraggBulirschStoerIntegrator.java,673,stepSize = hNew;
S1961,GraggBulirschStoerIntegrator.java,676,if ((forward && (stepStart + stepSize > t)) ||
S1962,GraggBulirschStoerIntegrator.java,678,stepSize = t - stepStart;
S1963,GraggBulirschStoerIntegrator.java,680,final double nextT = stepStart + stepSize;
S1964,GraggBulirschStoerIntegrator.java,681,lastStep = forward ? (nextT >= t) : (nextT <= t);
S1965,GraggBulirschStoerIntegrator.java,684,int k = -1;
S1966,GraggBulirschStoerIntegrator.java,685,for (boolean loop = true; loop; ) {
S1967,GraggBulirschStoerIntegrator.java,687,++k;
S1968,GraggBulirschStoerIntegrator.java,690,"if ( ! tryStep(stepStart, y, stepSize, k, scale, fk[k],"
S1969,GraggBulirschStoerIntegrator.java,696,"hNew   = Math.abs(filterStep(stepSize * stabilityReduction, forward, false));"
S1970,GraggBulirschStoerIntegrator.java,697,reject = true;
S1971,GraggBulirschStoerIntegrator.java,698,loop   = false;
S1972,GraggBulirschStoerIntegrator.java,703,if (k > 0) {
S1973,GraggBulirschStoerIntegrator.java,707,"extrapolate(0, k, y1Diag, y1);"
S1974,GraggBulirschStoerIntegrator.java,708,"rescale(y, y1, scale);"
S1975,GraggBulirschStoerIntegrator.java,711,error = 0;
S1976,GraggBulirschStoerIntegrator.java,712,for (int j = 0; j < y0.length; ++j) {
S1977,GraggBulirschStoerIntegrator.java,713,final double e = Math.abs(y1[j] - y1Diag[0][j]) / scale[j];
S1978,GraggBulirschStoerIntegrator.java,714,error += e * e;
S1979,GraggBulirschStoerIntegrator.java,716,error = Math.sqrt(error / y0.length);
S1980,GraggBulirschStoerIntegrator.java,718,if ((error > 1.0e15) || ((k > 1) && (error > maxError))) {
S1981,GraggBulirschStoerIntegrator.java,720,"hNew   = Math.abs(filterStep(stepSize * stabilityReduction, forward, false));"
S1982,GraggBulirschStoerIntegrator.java,725,"maxError = Math.max(4 * error, 1.0);"
S1983,GraggBulirschStoerIntegrator.java,728,final double exp = 1.0 / (2 * k + 1);
S1984,GraggBulirschStoerIntegrator.java,729,"double fac = stepControl2 / Math.pow(error / stepControl1, exp);"
S1985,GraggBulirschStoerIntegrator.java,730,"final double pow = Math.pow(stepControl3, exp);"
S1986,GraggBulirschStoerIntegrator.java,731,"fac = Math.max(pow / stepControl4, Math.min(1 / pow, fac));"
S1987,GraggBulirschStoerIntegrator.java,732,"optimalStep[k]     = Math.abs(filterStep(stepSize * fac, forward, true));"
S1988,GraggBulirschStoerIntegrator.java,733,costPerTimeUnit[k] = costPerStep[k] / optimalStep[k];
S1989,GraggBulirschStoerIntegrator.java,736,switch (k - targetIter) {
S1990,GraggBulirschStoerIntegrator.java,739,if ((targetIter > 1) && ! previousRejected) {
S1991,GraggBulirschStoerIntegrator.java,742,if (error <= 1.0) {
S1992,GraggBulirschStoerIntegrator.java,744,loop = false;
S1993,GraggBulirschStoerIntegrator.java,749,final double ratio = ((double) sequence [targetIter] * sequence[targetIter + 1]) /
S1994,GraggBulirschStoerIntegrator.java,751,if (error > ratio * ratio) {
S1995,GraggBulirschStoerIntegrator.java,754,reject = true;
S1996,GraggBulirschStoerIntegrator.java,755,loop   = false;
S1997,GraggBulirschStoerIntegrator.java,756,targetIter = k;
S1998,GraggBulirschStoerIntegrator.java,757,if ((targetIter > 1) &&
S1999,GraggBulirschStoerIntegrator.java,762,hNew = optimalStep[targetIter];
S2000,GraggBulirschStoerIntegrator.java,769,if (error <= 1.0) {
S2001,GraggBulirschStoerIntegrator.java,771,loop = false;
S2002,GraggBulirschStoerIntegrator.java,776,final double ratio = ((double) sequence[k+1]) / sequence[0];
S2003,GraggBulirschStoerIntegrator.java,777,if (error > ratio * ratio) {
S2004,GraggBulirschStoerIntegrator.java,780,reject = true;
S2005,GraggBulirschStoerIntegrator.java,781,loop = false;
S2006,GraggBulirschStoerIntegrator.java,782,if ((targetIter > 1) &&
S2007,GraggBulirschStoerIntegrator.java,787,hNew = optimalStep[targetIter];
S2008,GraggBulirschStoerIntegrator.java,790,break;
S2009,GraggBulirschStoerIntegrator.java,793,if (error > 1.0) {
S2010,GraggBulirschStoerIntegrator.java,794,reject = true;
S2011,GraggBulirschStoerIntegrator.java,795,if ((targetIter > 1) &&
S2012,GraggBulirschStoerIntegrator.java,800,hNew = optimalStep[targetIter];
S2013,GraggBulirschStoerIntegrator.java,802,loop = false;
S2014,GraggBulirschStoerIntegrator.java,803,break;
S2015,GraggBulirschStoerIntegrator.java,806,if ((firstTime || lastStep) && (error <= 1.0)) {
S2016,GraggBulirschStoerIntegrator.java,807,loop = false;
S2017,GraggBulirschStoerIntegrator.java,819,double hInt = getMaxStep();
S2018,GraggBulirschStoerIntegrator.java,820,if (denseOutput && ! reject) {
S2019,GraggBulirschStoerIntegrator.java,823,for (int j = 1; j <= k; ++j) {
S2020,GraggBulirschStoerIntegrator.java,824,"extrapolate(0, j, diagonal, yMidDots[0]);"
S2021,GraggBulirschStoerIntegrator.java,828,"computeDerivatives(stepStart + stepSize, y1, yDot1);"
S2022,GraggBulirschStoerIntegrator.java,830,final int mu = 2 * k - mudif + 3;
S2023,GraggBulirschStoerIntegrator.java,832,for (int l = 0; l < mu; ++l) {
S2024,GraggBulirschStoerIntegrator.java,835,final int l2 = l / 2;
S2025,GraggBulirschStoerIntegrator.java,836,"double factor = Math.pow(0.5 * sequence[l2], l);"
S2026,GraggBulirschStoerIntegrator.java,837,int middleIndex = fk[l2].length / 2;
S2027,GraggBulirschStoerIntegrator.java,838,for (int i = 0; i < y0.length; ++i) {
S2028,GraggBulirschStoerIntegrator.java,839,yMidDots[l+1][i] = factor * fk[l2][middleIndex + l][i];
S2029,GraggBulirschStoerIntegrator.java,841,for (int j = 1; j <= k - l2; ++j) {
S2030,GraggBulirschStoerIntegrator.java,842,"factor = Math.pow(0.5 * sequence[j + l2], l);"
S2031,GraggBulirschStoerIntegrator.java,843,middleIndex = fk[l2+j].length / 2;
S2032,GraggBulirschStoerIntegrator.java,844,for (int i = 0; i < y0.length; ++i) {
S2033,GraggBulirschStoerIntegrator.java,845,diagonal[j-1][i] = factor * fk[l2+j][middleIndex+l][i];
S2034,GraggBulirschStoerIntegrator.java,847,"extrapolate(l2, j, diagonal, yMidDots[l+1]);"
S2035,GraggBulirschStoerIntegrator.java,849,for (int i = 0; i < y0.length; ++i) {
S2036,GraggBulirschStoerIntegrator.java,850,yMidDots[l+1][i] *= stepSize;
S2037,GraggBulirschStoerIntegrator.java,854,for (int j = (l + 1) / 2; j <= k; ++j) {
S2038,GraggBulirschStoerIntegrator.java,855,for (int m = fk[j].length - 1; m >= 2 * (l + 1); --m) {
S2039,GraggBulirschStoerIntegrator.java,856,for (int i = 0; i < y0.length; ++i) {
S2040,GraggBulirschStoerIntegrator.java,857,fk[j][m][i] -= fk[j][m-2][i];
S2041,GraggBulirschStoerIntegrator.java,864,if (mu >= 0) {
S2042,GraggBulirschStoerIntegrator.java,867,final GraggBulirschStoerStepInterpolator gbsInterpolator
S2043,GraggBulirschStoerIntegrator.java,869,"gbsInterpolator.computeCoefficients(mu, stepSize);"
S2044,GraggBulirschStoerIntegrator.java,871,if (useInterpolationError) {
S2045,GraggBulirschStoerIntegrator.java,873,final double interpError = gbsInterpolator.estimateError(scale);
S2046,GraggBulirschStoerIntegrator.java,874,"hInt = Math.abs(stepSize / Math.max(Math.pow(interpError, 1.0 / (mu+4)),"
S2047,GraggBulirschStoerIntegrator.java,876,if (interpError > 10.0) {
S2048,GraggBulirschStoerIntegrator.java,877,hNew = hInt;
S2049,GraggBulirschStoerIntegrator.java,878,reject = true;
S2050,GraggBulirschStoerIntegrator.java,883,if (!reject) {
S2051,GraggBulirschStoerIntegrator.java,884,interpolator.storeTime(stepStart + stepSize);
S2052,GraggBulirschStoerIntegrator.java,885,if (eventsHandlersManager.evaluateStep(interpolator)) {
S2053,GraggBulirschStoerIntegrator.java,886,final double dt = eventsHandlersManager.getEventTime() - stepStart;
S2054,GraggBulirschStoerIntegrator.java,887,if (Math.abs(dt) > Math.ulp(stepStart)) {
S2055,GraggBulirschStoerIntegrator.java,889,hNew = Math.abs(dt);
S2056,GraggBulirschStoerIntegrator.java,890,reject = true;
S2057,GraggBulirschStoerIntegrator.java,897,if (!reject) {
S2058,GraggBulirschStoerIntegrator.java,899,firstStepAlreadyComputed = true;
S2059,GraggBulirschStoerIntegrator.java,900,"System.arraycopy(yDot1, 0, yDot0, 0, y0.length);"
S2060,GraggBulirschStoerIntegrator.java,905,if (! reject) {
S2061,GraggBulirschStoerIntegrator.java,908,final double nextStep = stepStart + stepSize;
S2062,GraggBulirschStoerIntegrator.java,909,"System.arraycopy(y1, 0, y, 0, y0.length);"
S2063,GraggBulirschStoerIntegrator.java,911,"eventsHandlersManager.stepAccepted(nextStep, y);"
S2064,GraggBulirschStoerIntegrator.java,912,if (eventsHandlersManager.stop()) {
S2065,GraggBulirschStoerIntegrator.java,913,lastStep = true;
S2066,GraggBulirschStoerIntegrator.java,917,interpolator.storeTime(nextStep);
S2067,GraggBulirschStoerIntegrator.java,918,for (StepHandler handler : stepHandlers) {
S2068,GraggBulirschStoerIntegrator.java,919,"handler.handleStep(interpolator, lastStep);"
S2069,GraggBulirschStoerIntegrator.java,921,stepStart = nextStep;
S2070,GraggBulirschStoerIntegrator.java,923,"if (eventsHandlersManager.reset(stepStart, y) && ! lastStep) {"
S2071,GraggBulirschStoerIntegrator.java,926,firstStepAlreadyComputed = false;
S2072,GraggBulirschStoerIntegrator.java,930,if (k == 1) {
S2073,GraggBulirschStoerIntegrator.java,931,optimalIter = 2;
S2074,GraggBulirschStoerIntegrator.java,932,if (previousRejected) {
S2075,GraggBulirschStoerIntegrator.java,935,} else if (k <= targetIter) {
S2076,GraggBulirschStoerIntegrator.java,936,optimalIter = k;
S2077,GraggBulirschStoerIntegrator.java,937,if (costPerTimeUnit[k-1] < orderControl1 * costPerTimeUnit[k]) {
S2078,GraggBulirschStoerIntegrator.java,938,optimalIter = k-1;
S2079,GraggBulirschStoerIntegrator.java,939,} else if (costPerTimeUnit[k] < orderControl2 * costPerTimeUnit[k-1]) {
S2080,GraggBulirschStoerIntegrator.java,940,"optimalIter = Math.min(k+1, sequence.length - 2);"
S2081,GraggBulirschStoerIntegrator.java,943,optimalIter = k - 1;
S2082,GraggBulirschStoerIntegrator.java,944,if ((k > 2) &&
S2083,GraggBulirschStoerIntegrator.java,948,if (costPerTimeUnit[k] < orderControl2 * costPerTimeUnit[optimalIter]) {
S2084,GraggBulirschStoerIntegrator.java,949,"optimalIter = Math.min(k, sequence.length - 2);"
S2085,GraggBulirschStoerIntegrator.java,953,if (previousRejected) {
S2086,GraggBulirschStoerIntegrator.java,956,"targetIter = Math.min(optimalIter, k);"
S2087,GraggBulirschStoerIntegrator.java,957,"hNew = Math.min(Math.abs(stepSize), optimalStep[targetIter]);"
S2088,GraggBulirschStoerIntegrator.java,960,if (optimalIter <= k) {
S2089,GraggBulirschStoerIntegrator.java,961,hNew = optimalStep[optimalIter];
S2090,GraggBulirschStoerIntegrator.java,963,if ((k < targetIter) &&
S2091,GraggBulirschStoerIntegrator.java,965,"hNew = filterStep(optimalStep[k] * costPerStep[optimalIter+1] / costPerStep[k],"
S2092,GraggBulirschStoerIntegrator.java,968,"hNew = filterStep(optimalStep[k] * costPerStep[optimalIter] / costPerStep[k],"
S2093,GraggBulirschStoerIntegrator.java,973,targetIter = optimalIter;
S2094,GraggBulirschStoerIntegrator.java,977,newStep = true;
S2095,GraggBulirschStoerIntegrator.java,981,"hNew = Math.min(hNew, hInt);"
S2096,GraggBulirschStoerIntegrator.java,982,if (! forward) {
S2097,GraggBulirschStoerIntegrator.java,983,hNew = -hNew;
S2098,GraggBulirschStoerIntegrator.java,986,firstTime = false;
S2099,GraggBulirschStoerIntegrator.java,988,if (reject) {
S2100,GraggBulirschStoerIntegrator.java,989,lastStep = false;
S2101,GraggBulirschStoerIntegrator.java,990,previousRejected = true;
S2102,GraggBulirschStoerIntegrator.java,992,previousRejected = false;
S2103,GraggBulirschStoerIntegrator.java,997,return stepStart;
S2104,GraggBulirschStoerStepInterpolator.java,135,"super(y, forward);"
S2105,GraggBulirschStoerStepInterpolator.java,136,this.y0Dot    = y0Dot;
S2106,GraggBulirschStoerStepInterpolator.java,137,this.y1       = y1;
S2107,GraggBulirschStoerStepInterpolator.java,138,this.y1Dot    = y1Dot;
S2108,GraggBulirschStoerStepInterpolator.java,139,this.yMidDots = yMidDots;
S2109,GraggBulirschStoerStepInterpolator.java,141,resetTables(yMidDots.length + 4);
S2110,GraggBulirschStoerStepInterpolator.java,187,if (maxDegree < 0) {
S2111,GraggBulirschStoerStepInterpolator.java,193,final double[][] newPols = new double[maxDegree + 1][];
S2112,GraggBulirschStoerStepInterpolator.java,194,if (polynoms != null) {
S2113,GraggBulirschStoerStepInterpolator.java,200,for (int i = 0; i < newPols.length; ++i) {
S2114,GraggBulirschStoerStepInterpolator.java,201,newPols[i] = new double[currentState.length];
S2115,GraggBulirschStoerStepInterpolator.java,204,polynoms = newPols;
S2116,GraggBulirschStoerStepInterpolator.java,207,if (maxDegree <= 4) {
S2117,GraggBulirschStoerStepInterpolator.java,210,errfac = new double[maxDegree - 4];
S2118,GraggBulirschStoerStepInterpolator.java,211,for (int i = 0; i < errfac.length; ++i) {
S2119,GraggBulirschStoerStepInterpolator.java,212,final int ip5 = i + 5;
S2120,GraggBulirschStoerStepInterpolator.java,213,errfac[i] = 1.0 / (ip5 * ip5);
S2121,GraggBulirschStoerStepInterpolator.java,214,final double e = 0.5 * Math.sqrt (((double) (i + 1)) / ip5);
S2122,GraggBulirschStoerStepInterpolator.java,215,for (int j = 0; j <= i; ++j) {
S2123,GraggBulirschStoerStepInterpolator.java,216,errfac[i] *= e / (j + 1);
S2124,GraggBulirschStoerStepInterpolator.java,221,currentDegree = 0;
S2125,GraggBulirschStoerStepInterpolator.java,240,if ((polynoms == null) || (polynoms.length <= (mu + 4))) {
S2126,GraggBulirschStoerStepInterpolator.java,244,currentDegree = mu + 4;
S2127,GraggBulirschStoerStepInterpolator.java,246,for (int i = 0; i < currentState.length; ++i) {
S2128,GraggBulirschStoerStepInterpolator.java,248,final double yp0   = h * y0Dot[i];
S2129,GraggBulirschStoerStepInterpolator.java,249,final double yp1   = h * y1Dot[i];
S2130,GraggBulirschStoerStepInterpolator.java,250,final double ydiff = y1[i] - currentState[i];
S2131,GraggBulirschStoerStepInterpolator.java,251,final double aspl  = ydiff - yp1;
S2132,GraggBulirschStoerStepInterpolator.java,252,final double bspl  = yp0 - ydiff;
S2133,GraggBulirschStoerStepInterpolator.java,254,polynoms[0][i] = currentState[i];
S2134,GraggBulirschStoerStepInterpolator.java,255,polynoms[1][i] = ydiff;
S2135,GraggBulirschStoerStepInterpolator.java,256,polynoms[2][i] = aspl;
S2136,GraggBulirschStoerStepInterpolator.java,257,polynoms[3][i] = bspl;
S2137,GraggBulirschStoerStepInterpolator.java,259,if (mu < 0) {
S2138,GraggBulirschStoerStepInterpolator.java,264,final double ph0 = 0.5 * (currentState[i] + y1[i]) + 0.125 * (aspl + bspl);
S2139,GraggBulirschStoerStepInterpolator.java,265,polynoms[4][i] = 16 * (yMidDots[0][i] - ph0);
S2140,GraggBulirschStoerStepInterpolator.java,267,if (mu > 0) {
S2141,GraggBulirschStoerStepInterpolator.java,268,final double ph1 = ydiff + 0.25 * (aspl - bspl);
S2142,GraggBulirschStoerStepInterpolator.java,269,polynoms[5][i] = 16 * (yMidDots[1][i] - ph1);
S2143,GraggBulirschStoerStepInterpolator.java,271,if (mu > 1) {
S2144,GraggBulirschStoerStepInterpolator.java,272,final double ph2 = yp1 - yp0;
S2145,GraggBulirschStoerStepInterpolator.java,273,polynoms[6][i] = 16 * (yMidDots[2][i] - ph2 + polynoms[4][i]);
S2146,GraggBulirschStoerStepInterpolator.java,275,if (mu > 2) {
S2147,GraggBulirschStoerStepInterpolator.java,276,final double ph3 = 6 * (bspl - aspl);
S2148,GraggBulirschStoerStepInterpolator.java,277,polynoms[7][i] = 16 * (yMidDots[3][i] - ph3 + 3 * polynoms[5][i]);
S2149,GraggBulirschStoerStepInterpolator.java,279,for (int j = 4; j <= mu; ++j) {
S2150,GraggBulirschStoerStepInterpolator.java,280,final double fac1 = 0.5 * j * (j - 1);
S2151,GraggBulirschStoerStepInterpolator.java,281,final double fac2 = 2 * fac1 * (j - 2) * (j - 3);
S2152,GraggBulirschStoerStepInterpolator.java,282,polynoms[j+4][i] =
S2153,GraggBulirschStoerStepInterpolator.java,298,double error = 0;
S2154,GraggBulirschStoerStepInterpolator.java,299,if (currentDegree >= 5) {
S2155,GraggBulirschStoerStepInterpolator.java,300,for (int i = 0; i < currentState.length; ++i) {
S2156,GraggBulirschStoerStepInterpolator.java,301,final double e = polynoms[currentDegree][i] / scale[i];
S2157,GraggBulirschStoerStepInterpolator.java,302,error += e * e;
S2158,GraggBulirschStoerStepInterpolator.java,304,error = Math.sqrt(error / currentState.length) * errfac[currentDegree-5];
S2159,GraggBulirschStoerStepInterpolator.java,306,return error;
S2160,GraggBulirschStoerStepInterpolator.java,315,final int dimension = currentState.length;
S2161,GraggBulirschStoerStepInterpolator.java,317,final double oneMinusTheta = 1.0 - theta;
S2162,GraggBulirschStoerStepInterpolator.java,318,final double theta05       = theta - 0.5;
S2163,GraggBulirschStoerStepInterpolator.java,319,final double tOmT          = theta * oneMinusTheta;
S2164,GraggBulirschStoerStepInterpolator.java,320,final double t4            = tOmT * tOmT;
S2165,GraggBulirschStoerStepInterpolator.java,321,final double t4Dot         = 2 * tOmT * (1 - 2 * theta);
S2166,GraggBulirschStoerStepInterpolator.java,322,final double dot1          = 1.0 / h;
S2167,GraggBulirschStoerStepInterpolator.java,323,final double dot2          = theta * (2 - 3 * theta) / h;
S2168,GraggBulirschStoerStepInterpolator.java,324,final double dot3          = ((3 * theta - 4) * theta + 1) / h;
S2169,GraggBulirschStoerStepInterpolator.java,326,for (int i = 0; i < dimension; ++i) {
S2170,GraggBulirschStoerStepInterpolator.java,328,final double p0 = polynoms[0][i];
S2171,GraggBulirschStoerStepInterpolator.java,329,final double p1 = polynoms[1][i];
S2172,GraggBulirschStoerStepInterpolator.java,330,final double p2 = polynoms[2][i];
S2173,GraggBulirschStoerStepInterpolator.java,331,final double p3 = polynoms[3][i];
S2174,GraggBulirschStoerStepInterpolator.java,332,interpolatedState[i] = p0 + theta * (p1 + oneMinusTheta * (p2 * theta + p3 * oneMinusTheta));
S2175,GraggBulirschStoerStepInterpolator.java,333,interpolatedDerivatives[i] = dot1 * p1 + dot2 * p2 + dot3 * p3;
S2176,GraggBulirschStoerStepInterpolator.java,335,if (currentDegree > 3) {
S2177,GraggBulirschStoerStepInterpolator.java,336,double cDot = 0;
S2178,GraggBulirschStoerStepInterpolator.java,337,double c = polynoms[currentDegree][i];
S2179,GraggBulirschStoerStepInterpolator.java,338,for (int j = currentDegree - 1; j > 3; --j) {
S2180,GraggBulirschStoerStepInterpolator.java,339,final double d = 1.0 / (j - 3);
S2181,GraggBulirschStoerStepInterpolator.java,340,cDot = d * (theta05 * cDot + c);
S2182,GraggBulirschStoerStepInterpolator.java,341,c = polynoms[j][i] + c * d * theta05;
S2183,GraggBulirschStoerStepInterpolator.java,343,interpolatedState[i]       += t4 * c;
S2184,GraggBulirschStoerStepInterpolator.java,344,interpolatedDerivatives[i] += (t4 * cDot + t4Dot * c) / h;
S2185,GraggBulirschStoerStepInterpolator.java,349,if (h == 0) {
S2186,HighamHall54Integrator.java,41,private static final double[] STATIC_C = {
S2187,HighamHall54Integrator.java,46,private static final double[][] STATIC_A = {
S2188,HighamHall54Integrator.java,56,private static final double[] STATIC_B = {
S2189,HighamHall54Integrator.java,61,private static final double[] STATIC_E = {
S2190,HighamHall54Integrator.java,77,"super(METHOD_NAME, false, STATIC_C, STATIC_A, STATIC_B, new HighamHall54StepInterpolator(),"
S2191,HighamHall54Integrator.java,93,"super(METHOD_NAME, false, STATIC_C, STATIC_A, STATIC_B, new HighamHall54StepInterpolator(),"
S2192,HighamHall54Integrator.java,100,return 5;
S2193,HighamHall54Integrator.java,109,double error = 0;
S2194,HighamHall54Integrator.java,111,for (int j = 0; j < y0.length; ++j) {
S2195,HighamHall54Integrator.java,112,double errSum = STATIC_E[0] * yDotK[0][j];
S2196,HighamHall54Integrator.java,113,for (int l = 1; l < STATIC_E.length; ++l) {
S2197,HighamHall54Integrator.java,114,errSum += STATIC_E[l] * yDotK[l][j];
S2198,HighamHall54Integrator.java,117,"final double yScale = Math.max(Math.abs(y0[j]), Math.abs(y1[j]));"
S2199,HighamHall54Integrator.java,118,final double tol = (vecAbsoluteTolerance == null) ?
S2200,HighamHall54Integrator.java,121,final double ratio  = h * errSum / tol;
S2201,HighamHall54Integrator.java,122,error += ratio * ratio;
S2202,HighamHall54Integrator.java,126,return Math.sqrt(error / y0.length);
S2203,HighamHall54StepInterpolator.java,51,super();
S2204,HighamHall54StepInterpolator.java,60,super(interpolator);
S2205,HighamHall54StepInterpolator.java,66,return new HighamHall54StepInterpolator(this);
S2206,HighamHall54StepInterpolator.java,76,final double theta2 = theta * theta;
S2207,HighamHall54StepInterpolator.java,78,final double b0 = h * (-1.0/12.0 + theta * (1.0 + theta * (-15.0/4.0 + theta * (16.0/3.0 + theta * -5.0/2.0))));
S2208,HighamHall54StepInterpolator.java,79,final double b2 = h * (-27.0/32.0 + theta2 * (459.0/32.0 + theta * (-243.0/8.0 + theta * 135.0/8.0)));
S2209,HighamHall54StepInterpolator.java,80,final double b3 = h * (4.0/3.0 + theta2 * (-22.0 + theta * (152.0/3.0  + theta * -30.0)));
S2210,HighamHall54StepInterpolator.java,81,final double b4 = h * (-125.0/96.0 + theta2 * (375.0/32.0 + theta * (-625.0/24.0 + theta * 125.0/8.0)));
S2211,HighamHall54StepInterpolator.java,82,final double b5 = h * (-5.0/48.0 + theta2 * (-5.0/16.0 + theta * 5.0/12.0));
S2212,HighamHall54StepInterpolator.java,83,final double bDot0 = 1 + theta * (-15.0/2.0 + theta * (16.0 - 10.0 * theta));
S2213,HighamHall54StepInterpolator.java,84,final double bDot2 = theta * (459.0/16.0 + theta * (-729.0/8.0 + 135.0/2.0 * theta));
S2214,HighamHall54StepInterpolator.java,85,final double bDot3 = theta * (-44.0 + theta * (152.0 - 120.0 * theta));
S2215,HighamHall54StepInterpolator.java,86,final double bDot4 = theta * (375.0/16.0 + theta * (-625.0/8.0 + 125.0/2.0 * theta));
S2216,HighamHall54StepInterpolator.java,87,final double bDot5 = theta * 5.0/8.0 * (2 * theta - 1);
S2217,HighamHall54StepInterpolator.java,89,for (int i = 0; i < interpolatedState.length; ++i) {
S2218,HighamHall54StepInterpolator.java,90,final double yDot0 = yDotK[0][i];
S2219,HighamHall54StepInterpolator.java,91,final double yDot2 = yDotK[2][i];
S2220,HighamHall54StepInterpolator.java,92,final double yDot3 = yDotK[3][i];
S2221,HighamHall54StepInterpolator.java,93,final double yDot4 = yDotK[4][i];
S2222,HighamHall54StepInterpolator.java,94,final double yDot5 = yDotK[5][i];
S2223,HighamHall54StepInterpolator.java,95,interpolatedState[i] =
S2224,HighamHall54StepInterpolator.java,97,interpolatedDerivatives[i] =
S2225,IntegratorException.java,40,"super(specifier, parts);"
S2226,IntegratorException.java,48,super(cause);
S2227,JDKRandomGenerator.java,28,public class JDKRandomGenerator extends Random implements RandomGenerator {
S2228,MathException.java,67,"public MathException(String pattern, Object ... arguments) {"
S2229,MathException.java,68,this.pattern   = pattern;
S2230,MathException.java,69,this.arguments = (arguments == null) ? new Object[0] : arguments.clone();
S2231,MathException.java,80,super(rootCause);
S2232,MathException.java,81,this.pattern   = getMessage();
S2233,MathException.java,82,this.arguments = new Object[0];
S2234,MathException.java,110,ResourceBundle bundle =
S2235,MathException.java,117,} catch (MissingResourceException mre) {
S2236,MathException.java,123,return s;
S2237,MathException.java,153,"return (pattern == null) ? """" : new MessageFormat(translate(pattern, locale), locale).format(arguments);"
S2238,MathException.java,159,return getMessage(Locale.US);
S2239,MathException.java,165,return getMessage(Locale.getDefault());
S2240,MathRuntimeException.java,305,return new IllegalArgumentException() {
S2241,MatrixUtils.java,650,if (left.getColumnDimension() != right.getRowDimension()) {
S2242,MatrixUtils.java,708,final BigFractionMatrixConverter converter = new BigFractionMatrixConverter();
S2243,MatrixUtils.java,709,m.walkInOptimizedOrder(converter);
S2244,MatrixUtils.java,710,return converter.getConvertedMatrix();
S2245,MatrixUtils.java,714,private static class BigFractionMatrixConverter extends DefaultFieldMatrixPreservingVisitor<BigFraction> {
S2246,MatrixUtils.java,721,super(BigFraction.ZERO);
S2247,MatrixUtils.java,728,data = new double[rows][columns];
S2248,MatrixUtils.java,734,data[row][column] = value.doubleValue();
S2249,MatrixUtils.java,741,"return new Array2DRowRealMatrix(data, false);"
S2250,MaxEvaluationsExceededException.java,43,"super(""Maximal number of evaluations ({0}) exceeded"", maxEvaluations);"
S2251,MaxEvaluationsExceededException.java,44,this.maxEvaluations = maxEvaluations;
S2252,MaxIterationsExceededException.java,43,"super(""Maximal number of iterations ({0}) exceeded"", maxIterations);"
S2253,MaxIterationsExceededException.java,44,this.maxIterations = maxIterations;
S2254,MidpointIntegrator.java,46,private static final double[] STATIC_C = {
S2255,MidpointIntegrator.java,51,private static final double[][] STATIC_A = {
S2256,MidpointIntegrator.java,56,private static final double[] STATIC_B = {
S2257,MidpointIntegrator.java,65,"super(""midpoint"", STATIC_C, STATIC_A, STATIC_B, new MidpointStepInterpolator(), step);"
S2258,MidpointStepInterpolator.java,61,public MidpointStepInterpolator() {
S2259,MidpointStepInterpolator.java,70,super(interpolator);
S2260,MidpointStepInterpolator.java,76,return new MidpointStepInterpolator(this);
S2261,MidpointStepInterpolator.java,86,final double coeff1    = oneMinusThetaH * theta;
S2262,MidpointStepInterpolator.java,87,final double coeff2    = oneMinusThetaH * (1.0 + theta);
S2263,MidpointStepInterpolator.java,88,final double coeffDot2 = 2 * theta;
S2264,MidpointStepInterpolator.java,89,final double coeffDot1 = 1 - coeffDot2;
S2265,MidpointStepInterpolator.java,91,for (int i = 0; i < interpolatedState.length; ++i) {
S2266,MidpointStepInterpolator.java,92,final double yDot1 = yDotK[0][i];
S2267,MidpointStepInterpolator.java,93,final double yDot2 = yDotK[1][i];
S2268,MidpointStepInterpolator.java,94,interpolatedState[i] = currentState[i] + coeff1 * yDot1 - coeff2 * yDot2;
S2269,MidpointStepInterpolator.java,95,interpolatedDerivatives[i] = coeffDot1 * yDot1 + coeffDot2 * yDot2;
S2270,MultiStartDifferentiableMultivariateRealOptimizer.java,79,final RandomVectorGenerator generator) {
S2271,MultiStartDifferentiableMultivariateRealOptimizer.java,80,this.optimizer                = optimizer;
S2272,MultiStartDifferentiableMultivariateRealOptimizer.java,81,this.totalIterations          = 0;
S2273,MultiStartDifferentiableMultivariateRealOptimizer.java,82,this.totalEvaluations         = 0;
S2274,MultiStartDifferentiableMultivariateRealOptimizer.java,83,this.totalGradientEvaluations = 0;
S2275,MultiStartDifferentiableMultivariateRealOptimizer.java,84,this.starts                   = starts;
S2276,MultiStartDifferentiableMultivariateRealOptimizer.java,85,this.generator                = generator;
S2277,MultiStartDifferentiableMultivariateRealOptimizer.java,86,this.optima                   = null;
S2278,MultiStartDifferentiableMultivariateRealOptimizer.java,87,setMaxIterations(Integer.MAX_VALUE);
S2279,MultiStartDifferentiableMultivariateRealOptimizer.java,88,setMaxEvaluations(Integer.MAX_VALUE);
S2280,MultiStartDifferentiableMultivariateRealOptimizer.java,119,if (optima == null) {
S2281,MultiStartDifferentiableMultivariateRealOptimizer.java,122,return optima.clone();
S2282,MultiStartDifferentiableMultivariateRealOptimizer.java,127,this.maxIterations = maxIterations;
S2283,MultiStartDifferentiableMultivariateRealOptimizer.java,132,return maxIterations;
S2284,MultiStartDifferentiableMultivariateRealOptimizer.java,137,return totalIterations;
S2285,MultiStartDifferentiableMultivariateRealOptimizer.java,142,this.maxEvaluations = maxEvaluations;
S2286,MultiStartDifferentiableMultivariateRealOptimizer.java,147,return maxEvaluations;
S2287,MultiStartDifferentiableMultivariateRealOptimizer.java,152,return totalEvaluations;
S2288,MultiStartDifferentiableMultivariateRealOptimizer.java,157,return totalGradientEvaluations;
S2289,MultiStartDifferentiableMultivariateRealOptimizer.java,162,optimizer.setConvergenceChecker(checker);
S2290,MultiStartDifferentiableMultivariateRealOptimizer.java,176,optima                   = new RealPointValuePair[starts];
S2291,MultiStartDifferentiableMultivariateRealOptimizer.java,177,totalIterations          = 0;
S2292,MultiStartDifferentiableMultivariateRealOptimizer.java,178,totalEvaluations         = 0;
S2293,MultiStartDifferentiableMultivariateRealOptimizer.java,179,totalGradientEvaluations = 0;
S2294,MultiStartDifferentiableMultivariateRealOptimizer.java,182,for (int i = 0; i < starts; ++i) {
S2295,MultiStartDifferentiableMultivariateRealOptimizer.java,185,optimizer.setMaxIterations(maxIterations - totalIterations);
S2296,MultiStartDifferentiableMultivariateRealOptimizer.java,186,optimizer.setMaxEvaluations(maxEvaluations - totalEvaluations);
S2297,MultiStartDifferentiableMultivariateRealOptimizer.java,187,"optima[i] = optimizer.optimize(f, goalType,"
S2298,MultiStartDifferentiableMultivariateRealOptimizer.java,195,totalIterations          += optimizer.getIterations();
S2299,MultiStartDifferentiableMultivariateRealOptimizer.java,196,totalEvaluations         += optimizer.getEvaluations();
S2300,MultiStartDifferentiableMultivariateRealOptimizer.java,197,totalGradientEvaluations += optimizer.getGradientEvaluations();
S2301,MultiStartDifferentiableMultivariateRealOptimizer.java,202,"Arrays.sort(optima, new Comparator<RealPointValuePair>() {"
S2302,MultiStartDifferentiableMultivariateRealOptimizer.java,204,if (o1 == null) {
S2303,MultiStartDifferentiableMultivariateRealOptimizer.java,206,} else if (o2 == null) {
S2304,MultiStartDifferentiableMultivariateRealOptimizer.java,209,final double v1 = o1.getValue();
S2305,MultiStartDifferentiableMultivariateRealOptimizer.java,210,final double v2 = o2.getValue();
S2306,MultiStartDifferentiableMultivariateRealOptimizer.java,211,return (goalType == GoalType.MINIMIZE) ?
S2307,MultiStartDifferentiableMultivariateRealOptimizer.java,216,if (optima[0] == null) {
S2308,MultiStartDifferentiableMultivariateRealOptimizer.java,223,return optima[0];
S2309,MultistepIntegrator.java,59,public abstract class MultistepIntegrator extends AdaptiveStepsizeIntegrator {
S2310,MultistepIntegrator.java,112,"super(name, minStep, maxStep, scalAbsoluteTolerance, scalRelativeTolerance);"
S2311,MultistepIntegrator.java,114,if (nSteps <= 0) {
S2312,MultistepIntegrator.java,120,"starter = new DormandPrince853Integrator(minStep, maxStep,"
S2313,MultistepIntegrator.java,123,this.nSteps = nSteps;
S2314,MultistepIntegrator.java,125,exp = -1.0 / order;
S2315,MultistepIntegrator.java,128,setSafety(0.9);
S2316,MultistepIntegrator.java,129,setMinReduction(0.2);
S2317,MultistepIntegrator.java,130,"setMaxGrowth(Math.pow(2.0, -exp));"
S2318,MultistepIntegrator.java,158,"super(name, minStep, maxStep, vecAbsoluteTolerance, vecRelativeTolerance);"
S2319,MultistepIntegrator.java,159,"starter = new DormandPrince853Integrator(minStep, maxStep,"
S2320,MultistepIntegrator.java,162,this.nSteps = nSteps;
S2321,MultistepIntegrator.java,164,exp = -1.0 / order;
S2322,MultistepIntegrator.java,167,setSafety(0.9);
S2323,MultistepIntegrator.java,168,setMinReduction(0.2);
S2324,MultistepIntegrator.java,169,"setMaxGrowth(Math.pow(2.0, -exp));"
S2325,MultistepIntegrator.java,215,starter.clearEventHandlers();
S2326,MultistepIntegrator.java,216,starter.clearStepHandlers();
S2327,MultistepIntegrator.java,219,starter.addStepHandler(new NordsieckInitializer(y0.length));
S2328,MultistepIntegrator.java,223,"starter.integrate(new CountingDifferentialEquations(y0.length),"
S2329,MultistepIntegrator.java,225,} catch (DerivativeException de) {
S2330,MultistepIntegrator.java,226,if (!(de instanceof InitializationCompletedMarkerException)) {
S2331,MultistepIntegrator.java,233,starter.clearStepHandlers();
S2332,MultistepIntegrator.java,257,this.minReduction = minReduction;
S2333,MultistepIntegrator.java,271,this.maxGrowth = maxGrowth;
S2334,MultistepIntegrator.java,285,this.safety = safety;
S2335,MultistepIntegrator.java,293,"return Math.min(maxGrowth, Math.max(minReduction, safety * Math.pow(error, exp)));"
S2336,MultistepIntegrator.java,316,public NordsieckInitializer(final int n) {
S2337,MultistepIntegrator.java,317,this.n = n;
S2338,MultistepIntegrator.java,324,final double prev = interpolator.getPreviousTime();
S2339,MultistepIntegrator.java,325,final double curr = interpolator.getCurrentTime();
S2340,MultistepIntegrator.java,326,stepStart = prev;
S2341,MultistepIntegrator.java,327,stepSize  = (curr - prev) / (nSteps + 1);
S2342,MultistepIntegrator.java,330,interpolator.setInterpolatedTime(prev);
S2343,MultistepIntegrator.java,331,scaled = interpolator.getInterpolatedDerivatives().clone();
S2344,MultistepIntegrator.java,332,for (int j = 0; j < n; ++j) {
S2345,MultistepIntegrator.java,333,scaled[j] *= stepSize;
S2346,MultistepIntegrator.java,337,final double[][] multistep = new double[nSteps][];
S2347,MultistepIntegrator.java,338,for (int i = 1; i <= nSteps; ++i) {
S2348,MultistepIntegrator.java,339,interpolator.setInterpolatedTime(prev + stepSize * i);
S2349,MultistepIntegrator.java,340,final double[] msI = interpolator.getInterpolatedDerivatives().clone();
S2350,MultistepIntegrator.java,341,for (int j = 0; j < n; ++j) {
S2351,MultistepIntegrator.java,342,msI[j] *= stepSize;
S2352,MultistepIntegrator.java,344,multistep[i - 1] = msI;
S2353,MultistepIntegrator.java,346,"nordsieck = initializeHighOrderDerivatives(scaled, multistep);"
S2354,MultistepIntegrator.java,349,throw new InitializationCompletedMarkerException();
S2355,MultistepIntegrator.java,355,return true;
S2356,MultistepIntegrator.java,374,super((Throwable) null);
S2357,MultistepIntegrator.java,388,public CountingDifferentialEquations(final int dimension) {
S2358,MultistepIntegrator.java,389,this.dimension = dimension;
S2359,MultistepIntegrator.java,395,"MultistepIntegrator.this.computeDerivatives(t, y, dot);"
S2360,MultistepIntegrator.java,400,return dimension;
S2361,NewtonSolver.java,53,"super(100, 1E-6);"
S2362,NonLinearConjugateGradientOptimizer.java,68,public NonLinearConjugateGradientOptimizer(final ConjugateGradientFormula updateFormula) {
S2363,NonLinearConjugateGradientOptimizer.java,69,this.updateFormula = updateFormula;
S2364,NonLinearConjugateGradientOptimizer.java,70,preconditioner     = null;
S2365,NonLinearConjugateGradientOptimizer.java,71,solver             = null;
S2366,NonLinearConjugateGradientOptimizer.java,72,initialStep        = 1.0;
S2367,NonLinearConjugateGradientOptimizer.java,81,this.preconditioner = preconditioner;
S2368,NonLinearConjugateGradientOptimizer.java,91,this.solver = lineSearchSolver;
S2369,NonLinearConjugateGradientOptimizer.java,119,if (preconditioner == null) {
S2370,NonLinearConjugateGradientOptimizer.java,120,preconditioner = new IdentityPreconditioner();
S2371,NonLinearConjugateGradientOptimizer.java,122,if (solver == null) {
S2372,NonLinearConjugateGradientOptimizer.java,123,solver = new BrentSolver();
S2373,NonLinearConjugateGradientOptimizer.java,125,final int n = point.length;
S2374,NonLinearConjugateGradientOptimizer.java,126,double[] r = computeObjectiveGradient(point);
S2375,NonLinearConjugateGradientOptimizer.java,127,if (goal == GoalType.MINIMIZE) {
S2376,NonLinearConjugateGradientOptimizer.java,128,for (int i = 0; i < n; ++i) {
S2377,NonLinearConjugateGradientOptimizer.java,129,r[i] = -r[i];
S2378,NonLinearConjugateGradientOptimizer.java,134,"double[] steepestDescent = preconditioner.precondition(point, r);"
S2379,NonLinearConjugateGradientOptimizer.java,135,double[] searchDirection = steepestDescent.clone();
S2380,NonLinearConjugateGradientOptimizer.java,137,double delta = 0;
S2381,NonLinearConjugateGradientOptimizer.java,138,for (int i = 0; i < n; ++i) {
S2382,NonLinearConjugateGradientOptimizer.java,139,delta += r[i] * searchDirection[i];
S2383,NonLinearConjugateGradientOptimizer.java,142,RealPointValuePair current = null;
S2384,NonLinearConjugateGradientOptimizer.java,145,final double objective = computeObjectiveValue(point);
S2385,NonLinearConjugateGradientOptimizer.java,146,RealPointValuePair previous = current;
S2386,NonLinearConjugateGradientOptimizer.java,147,"current = new RealPointValuePair(point, objective);"
S2387,NonLinearConjugateGradientOptimizer.java,148,if (previous != null) {
S2388,NonLinearConjugateGradientOptimizer.java,149,"if (checker.converged(getIterations(), previous, current)) {"
S2389,NonLinearConjugateGradientOptimizer.java,151,return current;
S2390,NonLinearConjugateGradientOptimizer.java,155,incrementIterationsCounter();
S2391,NonLinearConjugateGradientOptimizer.java,157,double dTd = 0;
S2392,NonLinearConjugateGradientOptimizer.java,158,for (final double di : searchDirection) {
S2393,NonLinearConjugateGradientOptimizer.java,159,dTd += di * di;
S2394,NonLinearConjugateGradientOptimizer.java,163,final UnivariateRealFunction lsf = new LineSearchFunction(searchDirection);
S2395,NonLinearConjugateGradientOptimizer.java,164,"final double step = solver.solve(lsf, 0, findUpperBound(lsf, 0, initialStep));"
S2396,NonLinearConjugateGradientOptimizer.java,167,for (int i = 0; i < point.length; ++i) {
S2397,NonLinearConjugateGradientOptimizer.java,168,point[i] += step * searchDirection[i];
S2398,NonLinearConjugateGradientOptimizer.java,170,r = computeObjectiveGradient(point);
S2399,NonLinearConjugateGradientOptimizer.java,171,if (goal == GoalType.MINIMIZE) {
S2400,NonLinearConjugateGradientOptimizer.java,172,for (int i = 0; i < n; ++i) {
S2401,NonLinearConjugateGradientOptimizer.java,173,r[i] = -r[i];
S2402,NonLinearConjugateGradientOptimizer.java,178,final double deltaOld = delta;
S2403,NonLinearConjugateGradientOptimizer.java,179,"final double[] newSteepestDescent = preconditioner.precondition(point, r);"
S2404,NonLinearConjugateGradientOptimizer.java,180,delta = 0;
S2405,NonLinearConjugateGradientOptimizer.java,181,for (int i = 0; i < n; ++i) {
S2406,NonLinearConjugateGradientOptimizer.java,182,delta += r[i] * newSteepestDescent[i];
S2407,NonLinearConjugateGradientOptimizer.java,186,if (updateFormula == ConjugateGradientFormula.FLETCHER_REEVES) {
S2408,NonLinearConjugateGradientOptimizer.java,189,double deltaMid = 0;
S2409,NonLinearConjugateGradientOptimizer.java,190,for (int i = 0; i < r.length; ++i) {
S2410,NonLinearConjugateGradientOptimizer.java,191,deltaMid += r[i] * steepestDescent[i];
S2411,NonLinearConjugateGradientOptimizer.java,193,beta = (delta - deltaMid) / deltaOld;
S2412,NonLinearConjugateGradientOptimizer.java,195,steepestDescent = newSteepestDescent;
S2413,NonLinearConjugateGradientOptimizer.java,198,if ((getIterations() % n == 0) || (beta < 0)) {
S2414,NonLinearConjugateGradientOptimizer.java,200,searchDirection = steepestDescent.clone();
S2415,NonLinearConjugateGradientOptimizer.java,203,for (int i = 0; i < n; ++i) {
S2416,NonLinearConjugateGradientOptimizer.java,204,searchDirection[i] = steepestDescent[i] + beta * searchDirection[i];
S2417,NonLinearConjugateGradientOptimizer.java,227,final double yA = f.value(a);
S2418,NonLinearConjugateGradientOptimizer.java,228,double yB = yA;
S2419,NonLinearConjugateGradientOptimizer.java,229,"for (double step = h; step < Double.MAX_VALUE; step *= Math.max(2, yA / yB)) {"
S2420,NonLinearConjugateGradientOptimizer.java,230,final double b = a + step;
S2421,NonLinearConjugateGradientOptimizer.java,231,yB = f.value(b);
S2422,NonLinearConjugateGradientOptimizer.java,232,if (yA * yB <= 0) {
S2423,NonLinearConjugateGradientOptimizer.java,233,return b;
S2424,NonLinearConjugateGradientOptimizer.java,240,private static class IdentityPreconditioner implements Preconditioner {
S2425,NonLinearConjugateGradientOptimizer.java,244,return r.clone();
S2426,NonLinearConjugateGradientOptimizer.java,265,public LineSearchFunction(final double[] searchDirection) {
S2427,NonLinearConjugateGradientOptimizer.java,266,this.searchDirection = searchDirection;
S2428,NonLinearConjugateGradientOptimizer.java,273,final double[] shiftedPoint = point.clone();
S2429,NonLinearConjugateGradientOptimizer.java,274,for (int i = 0; i < shiftedPoint.length; ++i) {
S2430,NonLinearConjugateGradientOptimizer.java,275,shiftedPoint[i] += x * searchDirection[i];
S2431,NonLinearConjugateGradientOptimizer.java,279,final double[] gradient = computeObjectiveGradient(shiftedPoint);
S2432,NonLinearConjugateGradientOptimizer.java,282,double dotProduct = 0;
S2433,NonLinearConjugateGradientOptimizer.java,283,for (int i = 0; i < gradient.length; ++i) {
S2434,NonLinearConjugateGradientOptimizer.java,284,dotProduct += gradient[i] * searchDirection[i];
S2435,NonLinearConjugateGradientOptimizer.java,287,return dotProduct;
S2436,NordsieckStepInterpolator.java,72,public NordsieckStepInterpolator() {
S2437,NordsieckStepInterpolator.java,81,super(interpolator);
S2438,NordsieckStepInterpolator.java,82,scalingH      = interpolator.scalingH;
S2439,NordsieckStepInterpolator.java,83,referenceTime = interpolator.referenceTime;
S2440,NordsieckStepInterpolator.java,84,if (interpolator.scaled != null) {
S2441,NordsieckStepInterpolator.java,85,scaled = interpolator.scaled.clone();
S2442,NordsieckStepInterpolator.java,87,if (interpolator.nordsieck != null) {
S2443,NordsieckStepInterpolator.java,88,"nordsieck = new Array2DRowRealMatrix(interpolator.nordsieck.getDataRef(), true);"
S2444,NordsieckStepInterpolator.java,90,if (interpolator.stateVariation != null) {
S2445,NordsieckStepInterpolator.java,91,stateVariation = interpolator.stateVariation.clone();
S2446,NordsieckStepInterpolator.java,98,return new NordsieckStepInterpolator(this);
S2447,NordsieckStepInterpolator.java,110,"super.reinitialize(y, forward);"
S2448,NordsieckStepInterpolator.java,111,stateVariation = new double[y.length];
S2449,NordsieckStepInterpolator.java,127,this.referenceTime = time;
S2450,NordsieckStepInterpolator.java,128,this.scalingH      = stepSize;
S2451,NordsieckStepInterpolator.java,129,this.scaled        = scaledDerivative;
S2452,NordsieckStepInterpolator.java,130,this.nordsieck     = nordsieckVector;
S2453,NordsieckStepInterpolator.java,133,setInterpolatedTime(getInterpolatedTime());
S2454,NordsieckStepInterpolator.java,144,final double ratio = stepSize / scalingH;
S2455,NordsieckStepInterpolator.java,145,for (int i = 0; i < scaled.length; ++i) {
S2456,NordsieckStepInterpolator.java,146,scaled[i] *= ratio;
S2457,NordsieckStepInterpolator.java,149,final double[][] nData = nordsieck.getDataRef();
S2458,NordsieckStepInterpolator.java,150,double power = ratio;
S2459,NordsieckStepInterpolator.java,151,for (int i = 0; i < nData.length; ++i) {
S2460,NordsieckStepInterpolator.java,152,power *= ratio;
S2461,NordsieckStepInterpolator.java,153,final double[] nDataI = nData[i];
S2462,NordsieckStepInterpolator.java,154,for (int j = 0; j < nDataI.length; ++j) {
S2463,NordsieckStepInterpolator.java,155,nDataI[j] *= power;
S2464,NordsieckStepInterpolator.java,159,scalingH = stepSize;
S2465,NordsieckStepInterpolator.java,188,final double x = interpolatedTime - referenceTime;
S2466,NordsieckStepInterpolator.java,189,final double normalizedAbscissa = x / scalingH;
S2467,NordsieckStepInterpolator.java,191,"Arrays.fill(stateVariation, 0.0);"
S2468,NordsieckStepInterpolator.java,192,"Arrays.fill(interpolatedDerivatives, 0.0);"
S2469,NordsieckStepInterpolator.java,196,final double[][] nData = nordsieck.getDataRef();
S2470,NordsieckStepInterpolator.java,197,for (int i = nData.length - 1; i >= 0; --i) {
S2471,NordsieckStepInterpolator.java,198,final int order = i + 2;
S2472,NordsieckStepInterpolator.java,199,final double[] nDataI = nData[i];
S2473,NordsieckStepInterpolator.java,200,"final double power = Math.pow(normalizedAbscissa, order);"
S2474,NordsieckStepInterpolator.java,201,for (int j = 0; j < nDataI.length; ++j) {
S2475,NordsieckStepInterpolator.java,202,final double d = nDataI[j] * power;
S2476,NordsieckStepInterpolator.java,203,stateVariation[j]          += d;
S2477,NordsieckStepInterpolator.java,204,interpolatedDerivatives[j] += order * d;
S2478,NordsieckStepInterpolator.java,208,for (int j = 0; j < currentState.length; ++j) {
S2479,NordsieckStepInterpolator.java,209,stateVariation[j] += scaled[j] * normalizedAbscissa;
S2480,NordsieckStepInterpolator.java,210,interpolatedState[j] = currentState[j] + stateVariation[j];
S2481,NordsieckStepInterpolator.java,211,interpolatedDerivatives[j] =
S2482,NordsieckStepInterpolator.java,223,writeBaseExternal(out);
S2483,NordsieckStepInterpolator.java,226,out.writeDouble(scalingH);
S2484,NordsieckStepInterpolator.java,227,out.writeDouble(referenceTime);
S2485,NordsieckStepInterpolator.java,229,final int n = (currentState == null) ? -1 : currentState.length;
S2486,NordsieckStepInterpolator.java,230,if (scaled == null) {
S2487,NordsieckStepInterpolator.java,233,out.writeBoolean(true);
S2488,NordsieckStepInterpolator.java,234,for (int j = 0; j < n; ++j) {
S2489,NordsieckStepInterpolator.java,235,out.writeDouble(scaled[j]);
S2490,NordsieckStepInterpolator.java,239,if (nordsieck == null) {
S2491,NordsieckStepInterpolator.java,242,out.writeBoolean(true);
S2492,NordsieckStepInterpolator.java,243,out.writeObject(nordsieck);
S2493,NordsieckStepInterpolator.java,256,final double t = readBaseExternal(in);
S2494,NordsieckStepInterpolator.java,259,scalingH      = in.readDouble();
S2495,NordsieckStepInterpolator.java,260,referenceTime = in.readDouble();
S2496,NordsieckStepInterpolator.java,262,final int n = (currentState == null) ? -1 : currentState.length;
S2497,NordsieckStepInterpolator.java,263,final boolean hasScaled = in.readBoolean();
S2498,NordsieckStepInterpolator.java,264,if (hasScaled) {
S2499,NordsieckStepInterpolator.java,265,scaled = new double[n];
S2500,NordsieckStepInterpolator.java,266,for (int j = 0; j < n; ++j) {
S2501,NordsieckStepInterpolator.java,267,scaled[j] = in.readDouble();
S2502,NordsieckStepInterpolator.java,273,final boolean hasNordsieck = in.readBoolean();
S2503,NordsieckStepInterpolator.java,274,if (hasNordsieck) {
S2504,NordsieckStepInterpolator.java,275,nordsieck = (Array2DRowRealMatrix) in.readObject();
S2505,NordsieckStepInterpolator.java,280,if (hasScaled && hasNordsieck) {
S2506,NordsieckStepInterpolator.java,282,stateVariation = new double[n];
S2507,NordsieckStepInterpolator.java,283,setInterpolatedTime(t);
S2508,NormalDistributionImpl.java,40,private static final double SQRT2PI = Math.sqrt(2 * Math.PI);
S2509,NormalDistributionImpl.java,43,private double mean = 0;
S2510,NormalDistributionImpl.java,46,private double standardDeviation = 1;
S2511,NormalDistributionImpl.java,54,super();
S2512,NormalDistributionImpl.java,55,setMean(mean);
S2513,NormalDistributionImpl.java,56,setStandardDeviation(sd);
S2514,NormalDistributionImpl.java,72,return mean;
S2515,NormalDistributionImpl.java,80,this.mean = mean;
S2516,NormalDistributionImpl.java,88,return standardDeviation;
S2517,NormalDistributionImpl.java,97,if (sd <= 0.0) {
S2518,NormalDistributionImpl.java,98,throw MathRuntimeException.createIllegalArgumentException(
S2519,NormalDistributionImpl.java,102,standardDeviation = sd;
S2520,NormalDistributionImpl.java,112,double x0 = x - getMean();
S2521,NormalDistributionImpl.java,113,return Math.exp(-x0 * x0 / (2 * getStandardDeviation() * getStandardDeviation())) / (getStandardDeviation() * SQRT2PI);
S2522,NormalDistributionImpl.java,126,return 0.5 * (1.0 + Erf.erf((x - mean) /
S2523,NormalDistributionImpl.java,128,} catch (MaxIterationsExceededException ex) {
S2524,NormalDistributionImpl.java,129,if (x < (mean - 20 * standardDeviation)) { // JDK 1.5 blows at 38
S2525,NormalDistributionImpl.java,130,return 0.0d;
S2526,NormalDistributionImpl.java,131,} else if (x > (mean + 20 * standardDeviation)) {
S2527,NormalDistributionImpl.java,132,return 1.0d;
S2528,NormalDistributionImpl.java,156,if (p == 0) {
S2529,NormalDistributionImpl.java,157,return Double.NEGATIVE_INFINITY;
S2530,NormalDistributionImpl.java,159,if (p == 1) {
S2531,NormalDistributionImpl.java,160,return Double.POSITIVE_INFINITY;
S2532,NormalDistributionImpl.java,162,return super.inverseCumulativeProbability(p);
S2533,NormalDistributionImpl.java,178,if (p < .5) {
S2534,NormalDistributionImpl.java,181,ret = getMean();
S2535,NormalDistributionImpl.java,184,return ret;
S2536,NormalDistributionImpl.java,200,if (p < .5) {
S2537,NormalDistributionImpl.java,203,ret = Double.MAX_VALUE;
S2538,NormalDistributionImpl.java,206,return ret;
S2539,NormalDistributionImpl.java,221,if (p < .5) {
S2540,NormalDistributionImpl.java,223,} else if (p > .5) {
S2541,NormalDistributionImpl.java,224,ret = getMean() + getStandardDeviation();
S2542,NormalDistributionImpl.java,229,return ret;
S2543,RealPointValuePair.java,47,"public RealPointValuePair(final double[] point, final double value) {"
S2544,RealPointValuePair.java,48,this.point = point.clone();
S2545,RealPointValuePair.java,49,this.value  = value;
S2546,RealPointValuePair.java,69,return point.clone();
S2547,RealPointValuePair.java,78,return point;
S2548,RealPointValuePair.java,85,return value;
S2549,RungeKuttaIntegrator.java,86,super(name);
S2550,RungeKuttaIntegrator.java,87,this.c          = c;
S2551,RungeKuttaIntegrator.java,88,this.a          = a;
S2552,RungeKuttaIntegrator.java,89,this.b          = b;
S2553,RungeKuttaIntegrator.java,90,this.prototype  = prototype;
S2554,RungeKuttaIntegrator.java,91,this.step       = Math.abs(step);
S2555,RungeKuttaIntegrator.java,100,"sanityChecks(equations, t0, y0, t, y);"
S2556,RungeKuttaIntegrator.java,101,setEquations(equations);
S2557,RungeKuttaIntegrator.java,102,resetEvaluations();
S2558,RungeKuttaIntegrator.java,103,final boolean forward = t > t0;
S2559,RungeKuttaIntegrator.java,106,final int stages = c.length + 1;
S2560,RungeKuttaIntegrator.java,107,if (y != y0) {
S2561,RungeKuttaIntegrator.java,108,"System.arraycopy(y0, 0, y, 0, y0.length);"
S2562,RungeKuttaIntegrator.java,110,final double[][] yDotK = new double[stages][];
S2563,RungeKuttaIntegrator.java,111,for (int i = 0; i < stages; ++i) {
S2564,RungeKuttaIntegrator.java,112,yDotK [i] = new double[y0.length];
S2565,RungeKuttaIntegrator.java,114,final double[] yTmp = new double[y0.length];
S2566,RungeKuttaIntegrator.java,118,if (requiresDenseOutput() || (! eventsHandlersManager.isEmpty())) {
S2567,RungeKuttaIntegrator.java,119,final RungeKuttaStepInterpolator rki = (RungeKuttaStepInterpolator) prototype.copy();
S2568,RungeKuttaIntegrator.java,120,"rki.reinitialize(this, yTmp, yDotK, forward);"
S2569,RungeKuttaIntegrator.java,121,interpolator = rki;
S2570,RungeKuttaIntegrator.java,122,} else {
S2571,RungeKuttaIntegrator.java,123,"interpolator = new DummyStepInterpolator(yTmp, forward);"
S2572,RungeKuttaIntegrator.java,125,interpolator.storeTime(t0);
S2573,RungeKuttaIntegrator.java,128,stepStart = t0;
S2574,RungeKuttaIntegrator.java,129,stepSize  = forward ? step : -step;
S2575,RungeKuttaIntegrator.java,130,for (StepHandler handler : stepHandlers) {
S2576,RungeKuttaIntegrator.java,131,handler.reset();
S2577,RungeKuttaIntegrator.java,133,"CombinedEventsManager manager = addEndTimeChecker(t0, t, eventsHandlersManager);"
S2578,RungeKuttaIntegrator.java,134,boolean lastStep = false;
S2579,RungeKuttaIntegrator.java,137,while (!lastStep) {
S2580,RungeKuttaIntegrator.java,139,interpolator.shift();
S2581,RungeKuttaIntegrator.java,141,for (boolean loop = true; loop;) {
S2582,RungeKuttaIntegrator.java,144,"computeDerivatives(stepStart, y, yDotK[0]);"
S2583,RungeKuttaIntegrator.java,147,for (int k = 1; k < stages; ++k) {
S2584,RungeKuttaIntegrator.java,149,for (int j = 0; j < y0.length; ++j) {
S2585,RungeKuttaIntegrator.java,150,double sum = a[k-1][0] * yDotK[0][j];
S2586,RungeKuttaIntegrator.java,151,for (int l = 1; l < k; ++l) {
S2587,RungeKuttaIntegrator.java,152,sum += a[k-1][l] * yDotK[l][j];
S2588,RungeKuttaIntegrator.java,154,yTmp[j] = y[j] + stepSize * sum;
S2589,RungeKuttaIntegrator.java,157,"computeDerivatives(stepStart + c[k-1] * stepSize, yTmp, yDotK[k]);"
S2590,RungeKuttaIntegrator.java,162,for (int j = 0; j < y0.length; ++j) {
S2591,RungeKuttaIntegrator.java,163,double sum    = b[0] * yDotK[0][j];
S2592,RungeKuttaIntegrator.java,164,for (int l = 1; l < stages; ++l) {
S2593,RungeKuttaIntegrator.java,165,sum    += b[l] * yDotK[l][j];
S2594,RungeKuttaIntegrator.java,167,yTmp[j] = y[j] + stepSize * sum;
S2595,RungeKuttaIntegrator.java,171,interpolator.storeTime(stepStart + stepSize);
S2596,RungeKuttaIntegrator.java,172,if (manager.evaluateStep(interpolator)) {
S2597,RungeKuttaIntegrator.java,173,final double dt = manager.getEventTime() - stepStart;
S2598,RungeKuttaIntegrator.java,174,if (Math.abs(dt) <= Math.ulp(stepStart)) {
S2599,RungeKuttaIntegrator.java,179,stepSize = dt;
S2600,RungeKuttaIntegrator.java,181,} else {
S2601,RungeKuttaIntegrator.java,182,loop = false;
S2602,RungeKuttaIntegrator.java,188,final double nextStep = stepStart + stepSize;
S2603,RungeKuttaIntegrator.java,189,"System.arraycopy(yTmp, 0, y, 0, y0.length);"
S2604,RungeKuttaIntegrator.java,190,"manager.stepAccepted(nextStep, y);"
S2605,RungeKuttaIntegrator.java,191,lastStep = manager.stop();
S2606,RungeKuttaIntegrator.java,194,interpolator.storeTime(nextStep);
S2607,RungeKuttaIntegrator.java,195,for (StepHandler handler : stepHandlers) {
S2608,RungeKuttaIntegrator.java,196,"handler.handleStep(interpolator, lastStep);"
S2609,RungeKuttaIntegrator.java,198,stepStart = nextStep;
S2610,RungeKuttaIntegrator.java,200,"if (manager.reset(stepStart, y) && ! lastStep) {"
S2611,RungeKuttaIntegrator.java,203,"computeDerivatives(stepStart, y, yDotK[0]);"
S2612,RungeKuttaIntegrator.java,207,stepSize = forward ? step : -step;
S2613,RungeKuttaIntegrator.java,211,final double stopTime = stepStart;
S2614,RungeKuttaIntegrator.java,212,stepStart = Double.NaN;
S2615,RungeKuttaIntegrator.java,213,stepSize  = Double.NaN;
S2616,RungeKuttaIntegrator.java,214,return stopTime;
S2617,RungeKuttaStepInterpolator.java,57,super();
S2618,RungeKuttaStepInterpolator.java,58,yDotK      = null;
S2619,RungeKuttaStepInterpolator.java,59,integrator = null;
S2620,RungeKuttaStepInterpolator.java,81,super(interpolator);
S2621,RungeKuttaStepInterpolator.java,83,if (interpolator.currentState != null) {
S2622,RungeKuttaStepInterpolator.java,84,final int dimension = currentState.length;
S2623,RungeKuttaStepInterpolator.java,86,yDotK = new double[interpolator.yDotK.length][];
S2624,RungeKuttaStepInterpolator.java,87,for (int k = 0; k < interpolator.yDotK.length; ++k) {
S2625,RungeKuttaStepInterpolator.java,88,yDotK[k] = new double[dimension];
S2626,RungeKuttaStepInterpolator.java,89,"System.arraycopy(interpolator.yDotK[k], 0,"
S2627,RungeKuttaStepInterpolator.java,93,} else {
S2628,RungeKuttaStepInterpolator.java,94,yDotK = null;
S2629,RungeKuttaStepInterpolator.java,99,integrator = null;
S2630,RungeKuttaStepInterpolator.java,126,"reinitialize(y, forward);"
S2631,RungeKuttaStepInterpolator.java,127,this.yDotK = yDotArray;
S2632,RungeKuttaStepInterpolator.java,128,this.integrator = rkIntegrator;
S2633,RungeKuttaStepInterpolator.java,137,writeBaseExternal(out);
S2634,RungeKuttaStepInterpolator.java,140,final int n = (currentState == null) ? -1 : currentState.length;
S2635,RungeKuttaStepInterpolator.java,141,final int kMax = (yDotK == null) ? -1 : yDotK.length;
S2636,RungeKuttaStepInterpolator.java,142,out.writeInt(kMax);
S2637,RungeKuttaStepInterpolator.java,143,for (int k = 0; k < kMax; ++k) {
S2638,RungeKuttaStepInterpolator.java,144,for (int i = 0; i < n; ++i) {
S2639,RungeKuttaStepInterpolator.java,145,out.writeDouble(yDotK[k][i]);
S2640,RungeKuttaStepInterpolator.java,159,final double t = readBaseExternal(in);
S2641,RungeKuttaStepInterpolator.java,162,final int n = (currentState == null) ? -1 : currentState.length;
S2642,RungeKuttaStepInterpolator.java,163,final int kMax = in.readInt();
S2643,RungeKuttaStepInterpolator.java,164,yDotK = (kMax < 0) ? null : new double[kMax][];
S2644,RungeKuttaStepInterpolator.java,165,for (int k = 0; k < kMax; ++k) {
S2645,RungeKuttaStepInterpolator.java,166,yDotK[k] = (n < 0) ? null : new double[n];
S2646,RungeKuttaStepInterpolator.java,167,for (int i = 0; i < n; ++i) {
S2647,RungeKuttaStepInterpolator.java,168,yDotK[k][i] = in.readDouble();
S2648,RungeKuttaStepInterpolator.java,172,integrator = null;
S2649,RungeKuttaStepInterpolator.java,174,if (currentState != null) {
S2650,RungeKuttaStepInterpolator.java,176,setInterpolatedTime(t);
S2651,SecantSolver.java,54,"super(f, 100, 1E-6);"
S2652,SecantSolver.java,61,"super(100, 1E-6);"
S2653,SecantSolver.java,68,"return solve(f, min, max);"
S2654,SecantSolver.java,114,clearResult();
S2655,SecantSolver.java,115,"verifyInterval(min, max);"
S2656,SecantSolver.java,122,double x0 = min;
S2657,SecantSolver.java,123,double x1 = max;
S2658,SecantSolver.java,124,double y0 = f.value(x0);
S2659,SecantSolver.java,125,double y1 = f.value(x1);
S2660,SecantSolver.java,128,if (y0 * y1 >= 0) {
S2661,SecantSolver.java,135,double x2 = x0;
S2662,SecantSolver.java,136,double y2 = y0;
S2663,SecantSolver.java,137,double oldDelta = x2 - x1;
S2664,SecantSolver.java,138,int i = 0;
S2665,SecantSolver.java,139,while (i < maximalIterationCount) {
S2666,SecantSolver.java,140,if (Math.abs(y2) < Math.abs(y1)) {
S2667,SecantSolver.java,141,x0 = x1;
S2668,SecantSolver.java,142,x1 = x2;
S2669,SecantSolver.java,143,x2 = x0;
S2670,SecantSolver.java,144,y0 = y1;
S2671,SecantSolver.java,145,y1 = y2;
S2672,SecantSolver.java,146,y2 = y0;
S2673,SecantSolver.java,148,if (Math.abs(y1) <= functionValueAccuracy) {
S2674,SecantSolver.java,149,"setResult(x1, i);"
S2675,SecantSolver.java,150,return result;
S2676,SecantSolver.java,152,if (Math.abs(oldDelta) <
S2677,SecantSolver.java,154,"setResult(x1, i);"
S2678,SecantSolver.java,155,return result;
S2679,SecantSolver.java,158,if (Math.abs(y1) > Math.abs(y0)) {
S2680,SecantSolver.java,160,delta = 0.5 * oldDelta;
S2681,SecantSolver.java,162,delta = (x0 - x1) / (1 - y0 / y1);
S2682,SecantSolver.java,163,if (delta / oldDelta > 1) {
S2683,SecantSolver.java,166,delta = 0.5 * oldDelta;
S2684,SecantSolver.java,169,x0 = x1;
S2685,SecantSolver.java,170,y0 = y1;
S2686,SecantSolver.java,171,x1 = x1 + delta;
S2687,SecantSolver.java,172,y1 = f.value(x1);
S2688,SecantSolver.java,173,if ((y1 > 0) == (y2 > 0)) {
S2689,SecantSolver.java,175,x2 = x0;
S2690,SecantSolver.java,176,y2 = y0;
S2691,SecantSolver.java,178,oldDelta = x2 - x1;
S2692,SecantSolver.java,179,i++;
S2693,SimpleRegression.java,65,private double sumX = 0d;
S2694,SimpleRegression.java,68,private double sumXX = 0d;
S2695,SimpleRegression.java,71,private double sumY = 0d;
S2696,SimpleRegression.java,74,private double sumYY = 0d;
S2697,SimpleRegression.java,77,private double sumXY = 0d;
S2698,SimpleRegression.java,80,private long n = 0;
S2699,SimpleRegression.java,83,private double xbar = 0;
S2700,SimpleRegression.java,86,private double ybar = 0;
S2701,SimpleRegression.java,94,this(new TDistributionImpl(1.0));
S2702,SimpleRegression.java,104,super();
S2703,SimpleRegression.java,105,setDistribution(t);
S2704,SimpleRegression.java,122,if (n == 0) {
S2705,SimpleRegression.java,123,xbar = x;
S2706,SimpleRegression.java,124,ybar = y;
S2707,SimpleRegression.java,126,double dx = x - xbar;
S2708,SimpleRegression.java,127,double dy = y - ybar;
S2709,SimpleRegression.java,128,sumXX += dx * dx * (double) n / (n + 1d);
S2710,SimpleRegression.java,129,sumYY += dy * dy * (double) n / (n + 1d);
S2711,SimpleRegression.java,130,sumXY += dx * dy * (double) n / (n + 1d);
S2712,SimpleRegression.java,131,xbar += dx / (n + 1.0);
S2713,SimpleRegression.java,132,ybar += dy / (n + 1.0);
S2714,SimpleRegression.java,134,sumX += x;
S2715,SimpleRegression.java,135,sumY += y;
S2716,SimpleRegression.java,136,n++;
S2717,SimpleRegression.java,138,if (n > 2) {
S2718,SimpleRegression.java,139,distribution.setDegreesOfFreedom(n - 2);
S2719,SimpleRegression.java,158,if (n > 0) {
S2720,SimpleRegression.java,159,double dx = x - xbar;
S2721,SimpleRegression.java,160,double dy = y - ybar;
S2722,SimpleRegression.java,161,sumXX -= dx * dx * (double) n / (n - 1d);
S2723,SimpleRegression.java,162,sumYY -= dy * dy * (double) n / (n - 1d);
S2724,SimpleRegression.java,163,sumXY -= dx * dy * (double) n / (n - 1d);
S2725,SimpleRegression.java,164,xbar -= dx / (n - 1.0);
S2726,SimpleRegression.java,165,ybar -= dy / (n - 1.0);
S2727,SimpleRegression.java,166,sumX -= x;
S2728,SimpleRegression.java,167,sumY -= y;
S2729,SimpleRegression.java,168,n--;
S2730,SimpleRegression.java,170,if (n > 2) {
S2731,SimpleRegression.java,171,distribution.setDegreesOfFreedom(n - 2);
S2732,SimpleRegression.java,193,for (int i = 0; i < data.length; i++) {
S2733,SimpleRegression.java,194,"addData(data[i][0], data[i][1]);"
S2734,SimpleRegression.java,213,for (int i = 0; i < data.length && n > 0; i++) {
S2735,SimpleRegression.java,214,"removeData(data[i][0], data[i][1]);"
S2736,SimpleRegression.java,222,sumX = 0d;
S2737,SimpleRegression.java,223,sumXX = 0d;
S2738,SimpleRegression.java,224,sumY = 0d;
S2739,SimpleRegression.java,225,sumYY = 0d;
S2740,SimpleRegression.java,226,sumXY = 0d;
S2741,SimpleRegression.java,227,n = 0;
S2742,SimpleRegression.java,236,return n;
S2743,SimpleRegression.java,257,double b1 = getSlope();
S2744,SimpleRegression.java,258,return getIntercept(b1) + b1 * x;
S2745,SimpleRegression.java,278,return getIntercept(getSlope());
S2746,SimpleRegression.java,298,if (n < 2) {
S2747,SimpleRegression.java,299,return Double.NaN; //not enough data
S2748,SimpleRegression.java,301,if (Math.abs(sumXX) < 10 * Double.MIN_VALUE) {
S2749,SimpleRegression.java,302,return Double.NaN; //not enough variation in x
S2750,SimpleRegression.java,304,return sumXY / sumXX;
S2751,SimpleRegression.java,337,"return Math.max(0d, sumYY - sumXY * sumXY / sumXX);"
S2752,SimpleRegression.java,351,if (n < 2) {
S2753,SimpleRegression.java,352,return Double.NaN;
S2754,SimpleRegression.java,354,return sumYY;
S2755,SimpleRegression.java,397,return getRegressionSumSquares(getSlope());
S2756,SimpleRegression.java,411,if (n < 3) {
S2757,SimpleRegression.java,412,return Double.NaN;
S2758,SimpleRegression.java,414,return getSumSquaredErrors() / (n - 2);
S2759,SimpleRegression.java,432,double b1 = getSlope();
S2760,SimpleRegression.java,433,double result = Math.sqrt(getRSquare());
S2761,SimpleRegression.java,434,if (b1 < 0) {
S2762,SimpleRegression.java,435,result = -result;
S2763,SimpleRegression.java,437,return result;
S2764,SimpleRegression.java,455,double ssto = getTotalSumSquares();
S2765,SimpleRegression.java,456,return (ssto - getSumSquaredErrors()) / ssto;
S2766,SimpleRegression.java,471,return Math.sqrt(
S2767,SimpleRegression.java,487,return Math.sqrt(getMeanSquareError() / sumXX);
S2768,SimpleRegression.java,513,return getSlopeConfidenceInterval(0.05d);
S2769,SimpleRegression.java,549,if (alpha >= 1 || alpha <= 0) {
S2770,SimpleRegression.java,550,throw MathRuntimeException.createIllegalArgumentException(
S2771,SimpleRegression.java,554,return getSlopeStdErr() *
S2772,SimpleRegression.java,580,return 2d * (1.0 - distribution.cumulativeProbability(
S2773,SimpleRegression.java,595,return (sumY - slope * sumX) / n;
S2774,SimpleRegression.java,605,return slope * slope * sumXX;
S2775,SimpleRegression.java,614,distribution = value;
S2776,SimpleRegression.java,617,if (n > 2) {
S2777,SimpleScalarValueChecker.java,50,public SimpleScalarValueChecker() {
S2778,SimpleScalarValueChecker.java,51,this.relativeThreshold = DEFAULT_RELATIVE_THRESHOLD;
S2779,SimpleScalarValueChecker.java,52,this.absoluteThreshold = DEFAULT_ABSOLUTE_THRESHOLD;
S2780,SimpleScalarValueChecker.java,65,final double absoluteThreshold) {
S2781,SimpleScalarValueChecker.java,66,this.relativeThreshold = relativeThreshold;
S2782,SimpleScalarValueChecker.java,67,this.absoluteThreshold = absoluteThreshold;
S2783,SimpleScalarValueChecker.java,74,final double p          = previous.getValue();
S2784,SimpleScalarValueChecker.java,75,final double c          = current.getValue();
S2785,SimpleScalarValueChecker.java,76,final double difference = Math.abs(p - c);
S2786,SimpleScalarValueChecker.java,77,"final double size       = Math.max(Math.abs(p), Math.abs(c));"
S2787,SimpleScalarValueChecker.java,78,return (difference <= (size * relativeThreshold)) || (difference <= absoluteThreshold);
S2788,StepNormalizer.java,74,"public StepNormalizer(final double h, final FixedStepHandler handler) {"
S2789,StepNormalizer.java,75,this.h       = Math.abs(h);
S2790,StepNormalizer.java,76,this.handler = handler;
S2791,StepNormalizer.java,77,reset();
S2792,StepNormalizer.java,87,return true;
S2793,StepNormalizer.java,95,lastTime        = Double.NaN;
S2794,StepNormalizer.java,96,lastState       = null;
S2795,StepNormalizer.java,97,lastDerivatives = null;
S2796,StepNormalizer.java,98,forward         = true;
S2797,StepNormalizer.java,117,if (lastState == null) {
S2798,StepNormalizer.java,119,lastTime = interpolator.getPreviousTime();
S2799,StepNormalizer.java,120,interpolator.setInterpolatedTime(lastTime);
S2800,StepNormalizer.java,121,lastState = interpolator.getInterpolatedState().clone();
S2801,StepNormalizer.java,122,lastDerivatives = interpolator.getInterpolatedDerivatives().clone();
S2802,StepNormalizer.java,125,forward = interpolator.getCurrentTime() >= lastTime;
S2803,StepNormalizer.java,126,if (! forward) {
S2804,StepNormalizer.java,132,double nextTime = lastTime + h;
S2805,StepNormalizer.java,133,boolean nextInStep = forward ^ (nextTime > interpolator.getCurrentTime());
S2806,StepNormalizer.java,134,while (nextInStep) {
S2807,StepNormalizer.java,137,"handler.handleStep(lastTime, lastState, lastDerivatives, false);"
S2808,StepNormalizer.java,140,lastTime = nextTime;
S2809,StepNormalizer.java,141,interpolator.setInterpolatedTime(lastTime);
S2810,StepNormalizer.java,142,"System.arraycopy(interpolator.getInterpolatedState(), 0,"
S2811,StepNormalizer.java,144,"System.arraycopy(interpolator.getInterpolatedDerivatives(), 0,"
S2812,StepNormalizer.java,147,nextTime  += h;
S2813,StepNormalizer.java,148,nextInStep = forward ^ (nextTime > interpolator.getCurrentTime());
S2814,StepNormalizer.java,152,if (isLast) {
S2815,StepNormalizer.java,155,"handler.handleStep(lastTime, lastState, lastDerivatives, true);"
S2816,TDistributionImpl.java,46,super();
S2817,TDistributionImpl.java,47,setDegreesOfFreedom(degreesOfFreedom);
S2818,TDistributionImpl.java,55,if (degreesOfFreedom <= 0.0) {
S2819,TDistributionImpl.java,56,throw MathRuntimeException.createIllegalArgumentException(
S2820,TDistributionImpl.java,60,this.degreesOfFreedom = degreesOfFreedom;
S2821,TDistributionImpl.java,68,return degreesOfFreedom;
S2822,TDistributionImpl.java,80,if (x == 0.0) {
S2823,TDistributionImpl.java,81,ret = 0.5;
S2824,TDistributionImpl.java,83,double t =
S2825,TDistributionImpl.java,88,if (x < 0.0) {
S2826,TDistributionImpl.java,89,ret = 0.5 * t;
S2827,TDistributionImpl.java,91,ret = 1.0 - 0.5 * t;
S2828,TDistributionImpl.java,95,return ret;
S2829,TDistributionImpl.java,115,if (p == 0) {
S2830,TDistributionImpl.java,116,return Double.NEGATIVE_INFINITY;
S2831,TDistributionImpl.java,118,if (p == 1) {
S2832,TDistributionImpl.java,119,return Double.POSITIVE_INFINITY;
S2833,TDistributionImpl.java,121,return super.inverseCumulativeProbability(p);
S2834,TDistributionImpl.java,135,return -Double.MAX_VALUE;
S2835,TDistributionImpl.java,149,return Double.MAX_VALUE;
S2836,TDistributionImpl.java,162,return 0.0;
S2837,ThreeEighthesIntegrator.java,48,private static final double[] STATIC_C = {
S2838,ThreeEighthesIntegrator.java,53,private static final double[][] STATIC_A = {
S2839,ThreeEighthesIntegrator.java,60,private static final double[] STATIC_B = {
S2840,ThreeEighthesIntegrator.java,69,"super(""3/8"", STATIC_C, STATIC_A, STATIC_B, new ThreeEighthesStepInterpolator(), step);"
S2841,ThreeEighthesStepInterpolator.java,66,public ThreeEighthesStepInterpolator() {
S2842,ThreeEighthesStepInterpolator.java,75,super(interpolator);
S2843,ThreeEighthesStepInterpolator.java,81,return new ThreeEighthesStepInterpolator(this);
S2844,ThreeEighthesStepInterpolator.java,91,final double fourTheta2 = 4 * theta * theta;
S2845,ThreeEighthesStepInterpolator.java,92,final double s          = oneMinusThetaH / 8.0;
S2846,ThreeEighthesStepInterpolator.java,93,final double coeff1     = s * (1 - 7 * theta + 2 * fourTheta2);
S2847,ThreeEighthesStepInterpolator.java,94,final double coeff2     = 3 * s * (1 + theta - fourTheta2);
S2848,ThreeEighthesStepInterpolator.java,95,final double coeff3     = 3 * s * (1 + theta);
S2849,ThreeEighthesStepInterpolator.java,96,final double coeff4     = s * (1 + theta + fourTheta2);
S2850,ThreeEighthesStepInterpolator.java,97,final double coeffDot3  = 0.75 * theta;
S2851,ThreeEighthesStepInterpolator.java,98,final double coeffDot1  = coeffDot3 * (4 * theta - 5) + 1;
S2852,ThreeEighthesStepInterpolator.java,99,final double coeffDot2  = coeffDot3 * (5 - 6 * theta);
S2853,ThreeEighthesStepInterpolator.java,100,final double coeffDot4  = coeffDot3 * (2 * theta - 1);
S2854,ThreeEighthesStepInterpolator.java,102,for (int i = 0; i < interpolatedState.length; ++i) {
S2855,ThreeEighthesStepInterpolator.java,103,final double yDot1 = yDotK[0][i];
S2856,ThreeEighthesStepInterpolator.java,104,final double yDot2 = yDotK[1][i];
S2857,ThreeEighthesStepInterpolator.java,105,final double yDot3 = yDotK[2][i];
S2858,ThreeEighthesStepInterpolator.java,106,final double yDot4 = yDotK[3][i];
S2859,ThreeEighthesStepInterpolator.java,107,interpolatedState[i] =
S2860,ThreeEighthesStepInterpolator.java,109,interpolatedDerivatives[i] =
S2861,UncorrelatedRandomVectorGenerator.java,55,NormalizedRandomGenerator generator) {
S2862,UncorrelatedRandomVectorGenerator.java,56,if (mean.length != standardDeviation.length) {
S2863,UncorrelatedRandomVectorGenerator.java,61,this.mean              = mean.clone();
S2864,UncorrelatedRandomVectorGenerator.java,62,this.standardDeviation = standardDeviation.clone();
S2865,UncorrelatedRandomVectorGenerator.java,63,this.generator = generator;
S2866,UncorrelatedRandomVectorGenerator.java,86,double[] random = new double[mean.length];
S2867,UncorrelatedRandomVectorGenerator.java,87,for (int i = 0; i < random.length; ++i) {
S2868,UncorrelatedRandomVectorGenerator.java,88,random[i] = mean[i] + standardDeviation[i] * generator.nextNormalizedDouble();
S2869,UncorrelatedRandomVectorGenerator.java,91,return random;
S2870,UnivariateRealSolverFactory.java,44,protected UnivariateRealSolverFactory() {
S2871,UnivariateRealSolverFactory.java,52,return new UnivariateRealSolverFactoryImpl();
S2872,UnivariateRealSolverFactoryImpl.java,32,public UnivariateRealSolverFactoryImpl() {
S2873,UnivariateRealSolverFactoryImpl.java,38,return newBrentSolver();
S2874,UnivariateRealSolverFactoryImpl.java,44,return new BisectionSolver();
S2875,UnivariateRealSolverFactoryImpl.java,50,return new BrentSolver();
S2876,UnivariateRealSolverFactoryImpl.java,56,return new NewtonSolver();
S2877,UnivariateRealSolverFactoryImpl.java,62,return new SecantSolver();
S2878,UnivariateRealSolverImpl.java,41,protected boolean resultComputed = false;
S2879,UnivariateRealSolverImpl.java,74,"super(defaultMaximalIterationCount, defaultAbsoluteAccuracy);"
S2880,UnivariateRealSolverImpl.java,75,if (f == null) {
S2881,UnivariateRealSolverImpl.java,78,this.f = f;
S2882,UnivariateRealSolverImpl.java,79,this.defaultFunctionValueAccuracy = 1.0e-15;
S2883,UnivariateRealSolverImpl.java,80,this.functionValueAccuracy = defaultFunctionValueAccuracy;
S2884,UnivariateRealSolverImpl.java,93,"super(defaultMaximalIterationCount, defaultAbsoluteAccuracy);"
S2885,UnivariateRealSolverImpl.java,94,this.defaultFunctionValueAccuracy = 1.0e-15;
S2886,UnivariateRealSolverImpl.java,95,this.functionValueAccuracy = defaultFunctionValueAccuracy;
S2887,UnivariateRealSolverImpl.java,102,if (!resultComputed) {
S2888,UnivariateRealSolverImpl.java,109,checkResultComputed();
S2889,UnivariateRealSolverImpl.java,110,return result;
S2890,UnivariateRealSolverImpl.java,141,this.result         = newResult;
S2891,UnivariateRealSolverImpl.java,142,this.iterationCount = iterationCount;
S2892,UnivariateRealSolverImpl.java,143,this.resultComputed = true;
S2893,UnivariateRealSolverImpl.java,165,this.iterationCount = 0;
S2894,UnivariateRealSolverImpl.java,166,this.resultComputed = false;
S2895,UnivariateRealSolverImpl.java,196,return (start < mid) && (mid < end);
S2896,UnivariateRealSolverImpl.java,208,if (lower >= upper) {
S2897,UnivariateRealSolverImpl.java,209,throw MathRuntimeException.createIllegalArgumentException(
S2898,UnivariateRealSolverImpl.java,225,"if (!isSequence(lower, initial, upper)) {"
S2899,UnivariateRealSolverImpl.java,226,throw MathRuntimeException.createIllegalArgumentException(
S2900,UnivariateRealSolverUtils.java,58,setup(f);
S2901,UnivariateRealSolverUtils.java,59,"return LazyHolder.FACTORY.newDefaultSolver().solve(f, x0, x1);"
S2902,UnivariateRealSolverUtils.java,82,setup(f);
S2903,UnivariateRealSolverUtils.java,83,UnivariateRealSolver solver = LazyHolder.FACTORY.newDefaultSolver();
S2904,UnivariateRealSolverUtils.java,84,solver.setAbsoluteAccuracy(absoluteAccuracy);
S2905,UnivariateRealSolverUtils.java,85,"return solver.solve(f, x0, x1);"
S2906,UnivariateRealSolverUtils.java,132,"return bracket( function, initial, lowerBound, upperBound,"
S2907,UnivariateRealSolverUtils.java,175,if (function == null) {
S2908,UnivariateRealSolverUtils.java,176,throw MathRuntimeException.createIllegalArgumentException(NULL_FUNCTION_MESSAGE);
S2909,UnivariateRealSolverUtils.java,178,if (maximumIterations <= 0)  {
S2910,UnivariateRealSolverUtils.java,179,throw MathRuntimeException.createIllegalArgumentException(
S2911,UnivariateRealSolverUtils.java,182,if (initial < lowerBound || initial > upperBound || lowerBound >= upperBound) {
S2912,UnivariateRealSolverUtils.java,183,throw MathRuntimeException.createIllegalArgumentException(
S2913,UnivariateRealSolverUtils.java,187,double a = initial;
S2914,UnivariateRealSolverUtils.java,188,double b = initial;
S2915,UnivariateRealSolverUtils.java,191,int numIterations = 0 ;
S2916,UnivariateRealSolverUtils.java,194,"a = Math.max(a - 1.0, lowerBound);"
S2917,UnivariateRealSolverUtils.java,195,"b = Math.min(b + 1.0, upperBound);"
S2918,UnivariateRealSolverUtils.java,196,fa = function.value(a);
S2919,UnivariateRealSolverUtils.java,198,fb = function.value(b);
S2920,UnivariateRealSolverUtils.java,199,numIterations++ ;
S2921,UnivariateRealSolverUtils.java,200,} while ((fa * fb > 0.0) && (numIterations < maximumIterations) &&
S2922,UnivariateRealSolverUtils.java,203,if (fa * fb > 0.0 ) {
S2923,UnivariateRealSolverUtils.java,212,"return new double[]{a, b};"
S2924,UnivariateRealSolverUtils.java,232,if (f == null) {
S2925,UnivariateRealSolverUtils.java,233,throw MathRuntimeException.createIllegalArgumentException(NULL_FUNCTION_MESSAGE);
S2926,UnivariateRealSolverUtils.java,241,private static class LazyHolder {
S2927,UnivariateRealSolverUtils.java,243,private static final UnivariateRealSolverFactory FACTORY = UnivariateRealSolverFactory.newInstance();
