statement_id,file,line,code
S1,$Gson$Preconditions.java,38,if (obj == null) {
S2,$Gson$Preconditions.java,39,throw new NullPointerException();
S3,$Gson$Preconditions.java,41,return obj;
S4,$Gson$Preconditions.java,45,if (!condition) {
S5,$Gson$Types.java,44,static final Type[] EMPTY_TYPE_ARRAY = new Type[] {};
S6,$Gson$Types.java,58,"return new ParameterizedTypeImpl(ownerType, rawType, typeArguments);"
S7,$Gson$Types.java,68,return new GenericArrayTypeImpl(componentType);
S8,$Gson$Types.java,78,"return new WildcardTypeImpl(new Type[] { bound }, EMPTY_TYPE_ARRAY);"
S9,$Gson$Types.java,96,if (type instanceof Class) {
S10,$Gson$Types.java,97,Class<?> c = (Class<?>) type;
S11,$Gson$Types.java,98,return c.isArray() ? new GenericArrayTypeImpl(canonicalize(c.getComponentType())) : c;
S12,$Gson$Types.java,100,} else if (type instanceof ParameterizedType) {
S13,$Gson$Types.java,101,ParameterizedType p = (ParameterizedType) type;
S14,$Gson$Types.java,102,"return new ParameterizedTypeImpl(p.getOwnerType(),"
S15,$Gson$Types.java,105,} else if (type instanceof GenericArrayType) {
S16,$Gson$Types.java,106,GenericArrayType g = (GenericArrayType) type;
S17,$Gson$Types.java,107,return new GenericArrayTypeImpl(g.getGenericComponentType());
S18,$Gson$Types.java,109,} else if (type instanceof WildcardType) {
S19,$Gson$Types.java,110,WildcardType w = (WildcardType) type;
S20,$Gson$Types.java,111,"return new WildcardTypeImpl(w.getUpperBounds(), w.getLowerBounds());"
S21,$Gson$Types.java,115,return type;
S22,$Gson$Types.java,120,if (type instanceof Class<?>) {
S23,$Gson$Types.java,122,return (Class<?>) type;
S24,$Gson$Types.java,124,} else if (type instanceof ParameterizedType) {
S25,$Gson$Types.java,125,ParameterizedType parameterizedType = (ParameterizedType) type;
S26,$Gson$Types.java,130,Type rawType = parameterizedType.getRawType();
S27,$Gson$Types.java,131,checkArgument(rawType instanceof Class);
S28,$Gson$Types.java,132,return (Class<?>) rawType;
S29,$Gson$Types.java,134,} else if (type instanceof GenericArrayType) {
S30,$Gson$Types.java,135,Type componentType = ((GenericArrayType)type).getGenericComponentType();
S31,$Gson$Types.java,136,"return Array.newInstance(getRawType(componentType), 0).getClass();"
S32,$Gson$Types.java,138,} else if (type instanceof TypeVariable) {
S33,$Gson$Types.java,141,return Object.class;
S34,$Gson$Types.java,143,} else if (type instanceof WildcardType) {
S35,$Gson$Types.java,144,return getRawType(((WildcardType) type).getUpperBounds()[0]);
S36,$Gson$Types.java,154,return a == b || (a != null && a.equals(b));
S37,$Gson$Types.java,161,if (a == b) {
S38,$Gson$Types.java,163,return true;
S39,$Gson$Types.java,165,} else if (a instanceof Class) {
S40,$Gson$Types.java,167,return a.equals(b);
S41,$Gson$Types.java,169,} else if (a instanceof ParameterizedType) {
S42,$Gson$Types.java,170,if (!(b instanceof ParameterizedType)) {
S43,$Gson$Types.java,171,return false;
S44,$Gson$Types.java,175,ParameterizedType pa = (ParameterizedType) a;
S45,$Gson$Types.java,176,ParameterizedType pb = (ParameterizedType) b;
S46,$Gson$Types.java,177,"return equal(pa.getOwnerType(), pb.getOwnerType())"
S47,$Gson$Types.java,181,} else if (a instanceof GenericArrayType) {
S48,$Gson$Types.java,182,if (!(b instanceof GenericArrayType)) {
S49,$Gson$Types.java,183,return false;
S50,$Gson$Types.java,186,GenericArrayType ga = (GenericArrayType) a;
S51,$Gson$Types.java,187,GenericArrayType gb = (GenericArrayType) b;
S52,$Gson$Types.java,188,"return equals(ga.getGenericComponentType(), gb.getGenericComponentType());"
S53,$Gson$Types.java,190,} else if (a instanceof WildcardType) {
S54,$Gson$Types.java,191,if (!(b instanceof WildcardType)) {
S55,$Gson$Types.java,195,WildcardType wa = (WildcardType) a;
S56,$Gson$Types.java,196,WildcardType wb = (WildcardType) b;
S57,$Gson$Types.java,197,"return Arrays.equals(wa.getUpperBounds(), wb.getUpperBounds())"
S58,$Gson$Types.java,216,return o != null ? o.hashCode() : 0;
S59,$Gson$Types.java,229,if (toResolve == rawType) {
S60,$Gson$Types.java,230,return context;
S61,$Gson$Types.java,234,if (toResolve.isInterface()) {
S62,$Gson$Types.java,235,Class<?>[] interfaces = rawType.getInterfaces();
S63,$Gson$Types.java,236,"for (int i = 0, length = interfaces.length; i < length; i++) {"
S64,$Gson$Types.java,237,if (interfaces[i] == toResolve) {
S65,$Gson$Types.java,238,return rawType.getGenericInterfaces()[i];
S66,$Gson$Types.java,239,} else if (toResolve.isAssignableFrom(interfaces[i])) {
S67,$Gson$Types.java,240,"return getGenericSupertype(rawType.getGenericInterfaces()[i], interfaces[i], toResolve);"
S68,$Gson$Types.java,246,if (!rawType.isInterface()) {
S69,$Gson$Types.java,247,while (rawType != Object.class) {
S70,$Gson$Types.java,248,Class<?> rawSupertype = rawType.getSuperclass();
S71,$Gson$Types.java,249,if (rawSupertype == toResolve) {
S72,$Gson$Types.java,250,return rawType.getGenericSuperclass();
S73,$Gson$Types.java,251,} else if (toResolve.isAssignableFrom(rawSupertype)) {
S74,$Gson$Types.java,252,"return getGenericSupertype(rawType.getGenericSuperclass(), rawSupertype, toResolve);"
S75,$Gson$Types.java,270,checkArgument(supertype.isAssignableFrom(contextRawType));
S76,$Gson$Types.java,271,"return resolve(context, contextRawType,"
S77,$Gson$Types.java,280,return array instanceof GenericArrayType
S78,$Gson$Types.java,290,"Type collectionType = getSupertype(context, contextRawType, Collection.class);"
S79,$Gson$Types.java,292,if (collectionType instanceof WildcardType) {
S80,$Gson$Types.java,293,collectionType = ((WildcardType)collectionType).getUpperBounds()[0];
S81,$Gson$Types.java,295,if (collectionType instanceof ParameterizedType) {
S82,$Gson$Types.java,296,return ((ParameterizedType) collectionType).getActualTypeArguments()[0];
S83,$Gson$Types.java,298,return Object.class;
S84,$Gson$Types.java,311,if (context == Properties.class) {
S85,$Gson$Types.java,312,"return new Type[] { String.class, String.class }; // TODO: test subclasses of Properties!"
S86,$Gson$Types.java,315,"Type mapType = getSupertype(context, contextRawType, Map.class);"
S87,$Gson$Types.java,317,if (mapType instanceof ParameterizedType) {
S88,$Gson$Types.java,318,ParameterizedType mapParameterizedType = (ParameterizedType) mapType;
S89,$Gson$Types.java,319,return mapParameterizedType.getActualTypeArguments();
S90,$Gson$Types.java,321,"return new Type[] { Object.class, Object.class };"
S91,$Gson$Types.java,327,if (toResolve instanceof TypeVariable) {
S92,$Gson$Types.java,328,TypeVariable<?> typeVariable = (TypeVariable<?>) toResolve;
S93,$Gson$Types.java,329,"toResolve = resolveTypeVariable(context, contextRawType, typeVariable);"
S94,$Gson$Types.java,330,if (toResolve == typeVariable) {
S95,$Gson$Types.java,331,return toResolve;
S96,$Gson$Types.java,334,} else if (toResolve instanceof Class && ((Class<?>) toResolve).isArray()) {
S97,$Gson$Types.java,335,Class<?> original = (Class<?>) toResolve;
S98,$Gson$Types.java,336,Type componentType = original.getComponentType();
S99,$Gson$Types.java,337,"Type newComponentType = resolve(context, contextRawType, componentType);"
S100,$Gson$Types.java,338,return componentType == newComponentType
S101,$Gson$Types.java,342,} else if (toResolve instanceof GenericArrayType) {
S102,$Gson$Types.java,343,GenericArrayType original = (GenericArrayType) toResolve;
S103,$Gson$Types.java,344,Type componentType = original.getGenericComponentType();
S104,$Gson$Types.java,345,"Type newComponentType = resolve(context, contextRawType, componentType);"
S105,$Gson$Types.java,346,return componentType == newComponentType
S106,$Gson$Types.java,350,} else if (toResolve instanceof ParameterizedType) {
S107,$Gson$Types.java,351,ParameterizedType original = (ParameterizedType) toResolve;
S108,$Gson$Types.java,352,Type ownerType = original.getOwnerType();
S109,$Gson$Types.java,353,"Type newOwnerType = resolve(context, contextRawType, ownerType);"
S110,$Gson$Types.java,354,boolean changed = newOwnerType != ownerType;
S111,$Gson$Types.java,356,Type[] args = original.getActualTypeArguments();
S112,$Gson$Types.java,357,"for (int t = 0, length = args.length; t < length; t++) {"
S113,$Gson$Types.java,358,"Type resolvedTypeArgument = resolve(context, contextRawType, args[t]);"
S114,$Gson$Types.java,359,if (resolvedTypeArgument != args[t]) {
S115,$Gson$Types.java,360,if (!changed) {
S116,$Gson$Types.java,361,args = args.clone();
S117,$Gson$Types.java,362,changed = true;
S118,$Gson$Types.java,364,args[t] = resolvedTypeArgument;
S119,$Gson$Types.java,368,return changed
S120,$Gson$Types.java,372,} else if (toResolve instanceof WildcardType) {
S121,$Gson$Types.java,373,WildcardType original = (WildcardType) toResolve;
S122,$Gson$Types.java,374,Type[] originalLowerBound = original.getLowerBounds();
S123,$Gson$Types.java,375,Type[] originalUpperBound = original.getUpperBounds();
S124,$Gson$Types.java,377,if (originalLowerBound.length == 1) {
S125,$Gson$Types.java,383,"Type upperBound = resolve(context, contextRawType, originalUpperBound[0]);"
S126,$Gson$Types.java,384,if (upperBound != originalUpperBound[0]) {
S127,$Gson$Types.java,385,return subtypeOf(upperBound);
S128,$Gson$Types.java,388,return original;
S129,$Gson$Types.java,391,return toResolve;
S130,$Gson$Types.java,397,Class<?> declaredByRaw = declaringClassOf(unknown);
S131,$Gson$Types.java,400,if (declaredByRaw == null) {
S132,$Gson$Types.java,404,"Type declaredBy = getGenericSupertype(context, contextRawType, declaredByRaw);"
S133,$Gson$Types.java,405,if (declaredBy instanceof ParameterizedType) {
S134,$Gson$Types.java,406,"int index = indexOf(declaredByRaw.getTypeParameters(), unknown);"
S135,$Gson$Types.java,407,return ((ParameterizedType) declaredBy).getActualTypeArguments()[index];
S136,$Gson$Types.java,410,return unknown;
S137,$Gson$Types.java,414,"for (int i = 0, length = array.length; i < length; i++) {"
S138,$Gson$Types.java,415,if (toFind.equals(array[i])) {
S139,$Gson$Types.java,416,return i;
S140,$Gson$Types.java,427,GenericDeclaration genericDeclaration = typeVariable.getGenericDeclaration();
S141,$Gson$Types.java,428,return genericDeclaration instanceof Class
S142,$Gson$Types.java,434,checkArgument(!(type instanceof Class<?>) || !((Class<?>) type).isPrimitive());
S143,$Gson$Types.java,442,"public ParameterizedTypeImpl(Type ownerType, Type rawType, Type... typeArguments) {"
S144,$Gson$Types.java,444,if (rawType instanceof Class<?>) {
S145,$Gson$Types.java,445,Class<?> rawTypeAsClass = (Class<?>) rawType;
S146,$Gson$Types.java,446,boolean isStaticOrTopLevelClass = Modifier.isStatic(rawTypeAsClass.getModifiers())
S147,$Gson$Types.java,448,checkArgument(ownerType != null || isStaticOrTopLevelClass);
S148,$Gson$Types.java,451,this.ownerType = ownerType == null ? null : canonicalize(ownerType);
S149,$Gson$Types.java,452,this.rawType = canonicalize(rawType);
S150,$Gson$Types.java,453,this.typeArguments = typeArguments.clone();
S151,$Gson$Types.java,454,"for (int t = 0, length = this.typeArguments.length; t < length; t++) {"
S152,$Gson$Types.java,455,checkNotNull(this.typeArguments[t]);
S153,$Gson$Types.java,456,checkNotPrimitive(this.typeArguments[t]);
S154,$Gson$Types.java,457,this.typeArguments[t] = canonicalize(this.typeArguments[t]);
S155,$Gson$Types.java,462,return typeArguments.clone();
S156,$Gson$Types.java,466,return rawType;
S157,$Gson$Types.java,470,return ownerType;
S158,$Gson$Types.java,474,return other instanceof ParameterizedType
S159,$Gson$Types.java,479,return Arrays.hashCode(typeArguments)
S160,$Gson$Types.java,504,public GenericArrayTypeImpl(Type componentType) {
S161,$Gson$Types.java,505,this.componentType = canonicalize(componentType);
S162,$Gson$Types.java,509,return componentType;
S163,$Gson$Types.java,518,return componentType.hashCode();
S164,$Gson$Types.java,537,"public WildcardTypeImpl(Type[] upperBounds, Type[] lowerBounds) {"
S165,$Gson$Types.java,538,checkArgument(lowerBounds.length <= 1);
S166,$Gson$Types.java,539,checkArgument(upperBounds.length == 1);
S167,$Gson$Types.java,541,if (lowerBounds.length == 1) {
S168,$Gson$Types.java,549,checkNotNull(upperBounds[0]);
S169,$Gson$Types.java,550,checkNotPrimitive(upperBounds[0]);
S170,$Gson$Types.java,551,this.lowerBound = null;
S171,$Gson$Types.java,552,this.upperBound = canonicalize(upperBounds[0]);
S172,$Gson$Types.java,557,return new Type[] { upperBound };
S173,$Gson$Types.java,561,return lowerBound != null ? new Type[] { lowerBound } : EMPTY_TYPE_ARRAY;
S174,$Gson$Types.java,565,return other instanceof WildcardType
S175,$Gson$Types.java,571,return (lowerBound != null ? 31 + lowerBound.hashCode() : 1)
S176,ArrayTypeAdapter.java,39,public static final TypeAdapterFactory FACTORY = new TypeAdapterFactory() {
S177,ArrayTypeAdapter.java,42,Type type = typeToken.getType();
S178,ArrayTypeAdapter.java,43,if (!(type instanceof GenericArrayType || type instanceof Class && ((Class<?>) type).isArray())) {
S179,ArrayTypeAdapter.java,44,return null;
S180,ArrayTypeAdapter.java,47,Type componentType = $Gson$Types.getArrayComponentType(type);
S181,ArrayTypeAdapter.java,48,TypeAdapter<?> componentTypeAdapter = gson.getAdapter(TypeToken.get(componentType));
S182,ArrayTypeAdapter.java,49,return new ArrayTypeAdapter(
S183,ArrayTypeAdapter.java,57,"public ArrayTypeAdapter(Gson context, TypeAdapter<E> componentTypeAdapter, Class<E> componentType) {"
S184,ArrayTypeAdapter.java,58,this.componentTypeAdapter =
S185,ArrayTypeAdapter.java,60,this.componentType = componentType;
S186,ArrayTypeAdapter.java,64,if (in.peek() == JsonToken.NULL) {
S187,ArrayTypeAdapter.java,65,in.nextNull();
S188,ArrayTypeAdapter.java,66,return null;
S189,ArrayTypeAdapter.java,69,List<E> list = new ArrayList<E>();
S190,ArrayTypeAdapter.java,70,in.beginArray();
S191,ArrayTypeAdapter.java,71,while (in.hasNext()) {
S192,ArrayTypeAdapter.java,72,E instance = componentTypeAdapter.read(in);
S193,ArrayTypeAdapter.java,73,list.add(instance);
S194,ArrayTypeAdapter.java,75,in.endArray();
S195,ArrayTypeAdapter.java,77,int size = list.size();
S196,ArrayTypeAdapter.java,78,"Object array = Array.newInstance(componentType, size);"
S197,ArrayTypeAdapter.java,79,for (int i = 0; i < size; i++) {
S198,ArrayTypeAdapter.java,80,"Array.set(array, i, list.get(i));"
S199,ArrayTypeAdapter.java,82,return array;
S200,ArrayTypeAdapter.java,87,if (array == null) {
S201,ArrayTypeAdapter.java,88,out.nullValue();
S202,ArrayTypeAdapter.java,89,return;
S203,ArrayTypeAdapter.java,92,out.beginArray();
S204,ArrayTypeAdapter.java,93,"for (int i = 0, length = Array.getLength(array); i < length; i++) {"
S205,ArrayTypeAdapter.java,94,"E value = (E) Array.get(array, i);"
S206,ArrayTypeAdapter.java,95,"componentTypeAdapter.write(out, value);"
S207,ArrayTypeAdapter.java,97,out.endArray();
S208,CollectionTypeAdapterFactory.java,39,public CollectionTypeAdapterFactory(ConstructorConstructor constructorConstructor) {
S209,CollectionTypeAdapterFactory.java,40,this.constructorConstructor = constructorConstructor;
S210,CollectionTypeAdapterFactory.java,45,Type type = typeToken.getType();
S211,CollectionTypeAdapterFactory.java,47,Class<? super T> rawType = typeToken.getRawType();
S212,CollectionTypeAdapterFactory.java,48,if (!Collection.class.isAssignableFrom(rawType)) {
S213,CollectionTypeAdapterFactory.java,49,return null;
S214,CollectionTypeAdapterFactory.java,52,"Type elementType = $Gson$Types.getCollectionElementType(type, rawType);"
S215,CollectionTypeAdapterFactory.java,53,TypeAdapter<?> elementTypeAdapter = gson.getAdapter(TypeToken.get(elementType));
S216,CollectionTypeAdapterFactory.java,54,ObjectConstructor<T> constructor = constructorConstructor.get(typeToken);
S217,CollectionTypeAdapterFactory.java,57,"TypeAdapter<T> result = new Adapter(gson, elementType, elementTypeAdapter, constructor);"
S218,CollectionTypeAdapterFactory.java,58,return result;
S219,CollectionTypeAdapterFactory.java,61,private static final class Adapter<E> extends TypeAdapter<Collection<E>> {
S220,CollectionTypeAdapterFactory.java,67,ObjectConstructor<? extends Collection<E>> constructor) {
S221,CollectionTypeAdapterFactory.java,68,this.elementTypeAdapter =
S222,CollectionTypeAdapterFactory.java,70,this.constructor = constructor;
S223,CollectionTypeAdapterFactory.java,74,if (in.peek() == JsonToken.NULL) {
S224,CollectionTypeAdapterFactory.java,75,in.nextNull();
S225,CollectionTypeAdapterFactory.java,76,return null;
S226,CollectionTypeAdapterFactory.java,79,Collection<E> collection = constructor.construct();
S227,CollectionTypeAdapterFactory.java,80,in.beginArray();
S228,CollectionTypeAdapterFactory.java,81,while (in.hasNext()) {
S229,CollectionTypeAdapterFactory.java,82,E instance = elementTypeAdapter.read(in);
S230,CollectionTypeAdapterFactory.java,83,collection.add(instance);
S231,CollectionTypeAdapterFactory.java,85,in.endArray();
S232,CollectionTypeAdapterFactory.java,86,return collection;
S233,CollectionTypeAdapterFactory.java,90,if (collection == null) {
S234,CollectionTypeAdapterFactory.java,91,out.nullValue();
S235,CollectionTypeAdapterFactory.java,92,return;
S236,CollectionTypeAdapterFactory.java,95,out.beginArray();
S237,CollectionTypeAdapterFactory.java,96,for (E element : collection) {
S238,CollectionTypeAdapterFactory.java,97,"elementTypeAdapter.write(out, element);"
S239,CollectionTypeAdapterFactory.java,99,out.endArray();
S240,ConstructorConstructor.java,51,"public ConstructorConstructor(Map<Type, InstanceCreator<?>> instanceCreators) {"
S241,ConstructorConstructor.java,52,this.instanceCreators = instanceCreators;
S242,ConstructorConstructor.java,56,final Type type = typeToken.getType();
S243,ConstructorConstructor.java,57,final Class<? super T> rawType = typeToken.getRawType();
S244,ConstructorConstructor.java,62,final InstanceCreator<T> typeCreator = (InstanceCreator<T>) instanceCreators.get(type);
S245,ConstructorConstructor.java,63,if (typeCreator != null) {
S246,ConstructorConstructor.java,64,return new ObjectConstructor<T>() {
S247,ConstructorConstructor.java,66,return typeCreator.createInstance(type);
S248,ConstructorConstructor.java,73,final InstanceCreator<T> rawTypeCreator =
S249,ConstructorConstructor.java,75,if (rawTypeCreator != null) {
S250,ConstructorConstructor.java,76,return new ObjectConstructor<T>() {
S251,ConstructorConstructor.java,78,return rawTypeCreator.createInstance(type);
S252,ConstructorConstructor.java,83,ObjectConstructor<T> defaultConstructor = newDefaultConstructor(rawType);
S253,ConstructorConstructor.java,84,if (defaultConstructor != null) {
S254,ConstructorConstructor.java,85,return defaultConstructor;
S255,ConstructorConstructor.java,88,"ObjectConstructor<T> defaultImplementation = newDefaultImplementationConstructor(type, rawType);"
S256,ConstructorConstructor.java,89,if (defaultImplementation != null) {
S257,ConstructorConstructor.java,90,return defaultImplementation;
S258,ConstructorConstructor.java,94,"return newUnsafeAllocator(type, rawType);"
S259,ConstructorConstructor.java,99,final Constructor<? super T> constructor = rawType.getDeclaredConstructor();
S260,ConstructorConstructor.java,100,if (!constructor.isAccessible()) {
S261,ConstructorConstructor.java,101,constructor.setAccessible(true);
S262,ConstructorConstructor.java,103,return new ObjectConstructor<T>() {
S263,ConstructorConstructor.java,107,Object[] args = null;
S264,ConstructorConstructor.java,108,return (T) constructor.newInstance(args);
S265,ConstructorConstructor.java,122,} catch (NoSuchMethodException e) {
S266,ConstructorConstructor.java,123,return null;
S267,ConstructorConstructor.java,134,if (Collection.class.isAssignableFrom(rawType)) {
S268,ConstructorConstructor.java,135,if (SortedSet.class.isAssignableFrom(rawType)) {
S269,ConstructorConstructor.java,136,return new ObjectConstructor<T>() {
S270,ConstructorConstructor.java,138,return (T) new TreeSet<Object>();
S271,ConstructorConstructor.java,141,} else if (EnumSet.class.isAssignableFrom(rawType)) {
S272,ConstructorConstructor.java,142,return new ObjectConstructor<T>() {
S273,ConstructorConstructor.java,145,if (type instanceof ParameterizedType) {
S274,ConstructorConstructor.java,146,Type elementType = ((ParameterizedType) type).getActualTypeArguments()[0];
S275,ConstructorConstructor.java,147,if (elementType instanceof Class) {
S276,ConstructorConstructor.java,148,return (T) EnumSet.noneOf((Class)elementType);
S277,ConstructorConstructor.java,157,} else if (Set.class.isAssignableFrom(rawType)) {
S278,ConstructorConstructor.java,158,return new ObjectConstructor<T>() {
S279,ConstructorConstructor.java,160,return (T) new LinkedHashSet<Object>();
S280,ConstructorConstructor.java,163,} else if (Queue.class.isAssignableFrom(rawType)) {
S281,ConstructorConstructor.java,164,return new ObjectConstructor<T>() {
S282,ConstructorConstructor.java,166,return (T) new ArrayDeque<Object>();
S283,ConstructorConstructor.java,170,return new ObjectConstructor<T>() {
S284,ConstructorConstructor.java,172,return (T) new ArrayList<Object>();
S285,ConstructorConstructor.java,178,if (Map.class.isAssignableFrom(rawType)) {
S286,ConstructorConstructor.java,179,if (ConcurrentNavigableMap.class.isAssignableFrom(rawType)) {
S287,ConstructorConstructor.java,180,return new ObjectConstructor<T>() {
S288,ConstructorConstructor.java,182,"return (T) new ConcurrentSkipListMap<Object, Object>();"
S289,ConstructorConstructor.java,185,} else if (ConcurrentMap.class.isAssignableFrom(rawType)) {
S290,ConstructorConstructor.java,186,return new ObjectConstructor<T>() {
S291,ConstructorConstructor.java,188,"return (T) new ConcurrentHashMap<Object, Object>();"
S292,ConstructorConstructor.java,191,} else if (SortedMap.class.isAssignableFrom(rawType)) {
S293,ConstructorConstructor.java,192,return new ObjectConstructor<T>() {
S294,ConstructorConstructor.java,194,"return (T) new TreeMap<Object, Object>();"
S295,ConstructorConstructor.java,197,} else if (type instanceof ParameterizedType && !(String.class.isAssignableFrom(
S296,ConstructorConstructor.java,199,return new ObjectConstructor<T>() {
S297,ConstructorConstructor.java,201,"return (T) new LinkedHashMap<Object, Object>();"
S298,ConstructorConstructor.java,205,return new ObjectConstructor<T>() {
S299,ConstructorConstructor.java,207,"return (T) new LinkedTreeMap<String, Object>();"
S300,ConstructorConstructor.java,213,return null;
S301,ConstructorConstructor.java,218,return new ObjectConstructor<T>() {
S302,ConstructorConstructor.java,219,private final UnsafeAllocator unsafeAllocator = UnsafeAllocator.create();
S303,ConstructorConstructor.java,223,Object newInstance = unsafeAllocator.newInstance(rawType);
S304,ConstructorConstructor.java,224,return (T) newInstance;
S305,DateTypeAdapter.java,41,public final class DateTypeAdapter extends TypeAdapter<Date> {
S306,DateTypeAdapter.java,42,public static final TypeAdapterFactory FACTORY = new TypeAdapterFactory() {
S307,DateTypeAdapter.java,45,return typeToken.getRawType() == Date.class ? (TypeAdapter<T>) new DateTypeAdapter() : null;
S308,DateTypeAdapter.java,49,private final DateFormat enUsFormat
S309,DateTypeAdapter.java,51,private final DateFormat localFormat
S310,DateTypeAdapter.java,55,if (in.peek() == JsonToken.NULL) {
S311,DateTypeAdapter.java,56,in.nextNull();
S312,DateTypeAdapter.java,57,return null;
S313,DateTypeAdapter.java,59,return deserializeToDate(in.nextString());
S314,DateTypeAdapter.java,64,return localFormat.parse(json);
S315,DateTypeAdapter.java,79,if (value == null) {
S316,DateTypeAdapter.java,80,out.nullValue();
S317,DateTypeAdapter.java,81,return;
S318,DateTypeAdapter.java,83,String dateFormatAsString = enUsFormat.format(value);
S319,DateTypeAdapter.java,84,out.value(dateFormatAsString);
S320,DefaultDateTypeAdapter.java,37,"final class DefaultDateTypeAdapter implements JsonSerializer<Date>, JsonDeserializer<Date> {"
S321,DefaultDateTypeAdapter.java,52,"this(new SimpleDateFormat(datePattern, Locale.US), new SimpleDateFormat(datePattern));"
S322,DefaultDateTypeAdapter.java,64,"DefaultDateTypeAdapter(DateFormat enUsFormat, DateFormat localFormat) {"
S323,DefaultDateTypeAdapter.java,65,this.enUsFormat = enUsFormat;
S324,DefaultDateTypeAdapter.java,66,this.localFormat = localFormat;
S325,DefaultDateTypeAdapter.java,73,synchronized (localFormat) {
S326,DefaultDateTypeAdapter.java,74,String dateFormatAsString = enUsFormat.format(src);
S327,DefaultDateTypeAdapter.java,75,return new JsonPrimitive(dateFormatAsString);
S328,DefaultDateTypeAdapter.java,82,if (!(json instanceof JsonPrimitive)) {
S329,DefaultDateTypeAdapter.java,85,Date date = deserializeToDate(json);
S330,DefaultDateTypeAdapter.java,86,if (typeOfT == Date.class) {
S331,DefaultDateTypeAdapter.java,87,return date;
S332,DefaultDateTypeAdapter.java,88,} else if (typeOfT == Timestamp.class) {
S333,DefaultDateTypeAdapter.java,89,return new Timestamp(date.getTime());
S334,DefaultDateTypeAdapter.java,90,} else if (typeOfT == java.sql.Date.class) {
S335,DefaultDateTypeAdapter.java,91,return new java.sql.Date(date.getTime());
S336,DefaultDateTypeAdapter.java,98,synchronized (localFormat) {
S337,DefaultDateTypeAdapter.java,100,return localFormat.parse(json.getAsString());
S338,Excluder.java,50,"public final class Excluder implements TypeAdapterFactory, Cloneable {"
S339,Excluder.java,52,public static final Excluder DEFAULT = new Excluder();
S340,Excluder.java,54,private double version = IGNORE_VERSIONS;
S341,Excluder.java,55,private int modifiers = Modifier.TRANSIENT | Modifier.STATIC;
S342,Excluder.java,56,private boolean serializeInnerClasses = true;
S343,Excluder.java,58,private List<ExclusionStrategy> serializationStrategies = Collections.emptyList();
S344,Excluder.java,59,private List<ExclusionStrategy> deserializationStrategies = Collections.emptyList();
S345,Excluder.java,63,return (Excluder) super.clone();
S346,Excluder.java,70,Excluder result = clone();
S347,Excluder.java,71,result.version = ignoreVersionsAfter;
S348,Excluder.java,72,return result;
S349,Excluder.java,76,Excluder result = clone();
S350,Excluder.java,77,result.modifiers = 0;
S351,Excluder.java,78,for (int modifier : modifiers) {
S352,Excluder.java,79,result.modifiers |= modifier;
S353,Excluder.java,81,return result;
S354,Excluder.java,85,Excluder result = clone();
S355,Excluder.java,86,result.serializeInnerClasses = false;
S356,Excluder.java,87,return result;
S357,Excluder.java,91,Excluder result = clone();
S358,Excluder.java,92,result.requireExpose = true;
S359,Excluder.java,93,return result;
S360,Excluder.java,98,Excluder result = clone();
S361,Excluder.java,99,if (serialization) {
S362,Excluder.java,100,result.serializationStrategies = new ArrayList<ExclusionStrategy>(serializationStrategies);
S363,Excluder.java,101,result.serializationStrategies.add(exclusionStrategy);
S364,Excluder.java,103,if (deserialization) {
S365,Excluder.java,104,result.deserializationStrategies
S366,Excluder.java,106,result.deserializationStrategies.add(exclusionStrategy);
S367,Excluder.java,108,return result;
S368,Excluder.java,112,Class<?> rawType = type.getRawType();
S369,Excluder.java,113,"final boolean skipSerialize = excludeClass(rawType, true);"
S370,Excluder.java,114,"final boolean skipDeserialize = excludeClass(rawType, false);"
S371,Excluder.java,116,if (!skipSerialize && !skipDeserialize) {
S372,Excluder.java,117,return null;
S373,Excluder.java,120,return new TypeAdapter<T>() {
S374,Excluder.java,125,if (skipDeserialize) {
S375,Excluder.java,126,in.skipValue();
S376,Excluder.java,127,return null;
S377,Excluder.java,129,return delegate().read(in);
S378,Excluder.java,133,if (skipSerialize) {
S379,Excluder.java,134,out.nullValue();
S380,Excluder.java,135,return;
S381,Excluder.java,137,"delegate().write(out, value);"
S382,Excluder.java,141,TypeAdapter<T> d = delegate;
S383,Excluder.java,142,return d != null
S384,Excluder.java,150,if ((modifiers & field.getModifiers()) != 0) {
S385,Excluder.java,151,return true;
S386,Excluder.java,154,if (version != Excluder.IGNORE_VERSIONS
S387,Excluder.java,156,return true;
S388,Excluder.java,159,if (field.isSynthetic()) {
S389,Excluder.java,160,return true;
S390,Excluder.java,163,if (requireExpose) {
S391,Excluder.java,164,Expose annotation = field.getAnnotation(Expose.class);
S392,Excluder.java,165,if (annotation == null || (serialize ? !annotation.serialize() : !annotation.deserialize())) {
S393,Excluder.java,166,return true;
S394,Excluder.java,170,if (!serializeInnerClasses && isInnerClass(field.getType())) {
S395,Excluder.java,174,if (isAnonymousOrLocal(field.getType())) {
S396,Excluder.java,178,List<ExclusionStrategy> list = serialize ? serializationStrategies : deserializationStrategies;
S397,Excluder.java,179,if (!list.isEmpty()) {
S398,Excluder.java,180,FieldAttributes fieldAttributes = new FieldAttributes(field);
S399,Excluder.java,181,for (ExclusionStrategy exclusionStrategy : list) {
S400,Excluder.java,182,if (exclusionStrategy.shouldSkipField(fieldAttributes)) {
S401,Excluder.java,183,return true;
S402,Excluder.java,188,return false;
S403,Excluder.java,192,if (version != Excluder.IGNORE_VERSIONS
S404,Excluder.java,194,return true;
S405,Excluder.java,197,if (!serializeInnerClasses && isInnerClass(clazz)) {
S406,Excluder.java,198,return true;
S407,Excluder.java,201,if (isAnonymousOrLocal(clazz)) {
S408,Excluder.java,202,return true;
S409,Excluder.java,205,List<ExclusionStrategy> list = serialize ? serializationStrategies : deserializationStrategies;
S410,Excluder.java,206,for (ExclusionStrategy exclusionStrategy : list) {
S411,Excluder.java,207,if (exclusionStrategy.shouldSkipClass(clazz)) {
S412,Excluder.java,208,return true;
S413,Excluder.java,212,return false;
S414,Excluder.java,216,return !Enum.class.isAssignableFrom(clazz)
S415,Excluder.java,221,return clazz.isMemberClass() && !isStatic(clazz);
S416,Excluder.java,225,return (clazz.getModifiers() & Modifier.STATIC) != 0;
S417,Excluder.java,229,return isValidSince(since) && isValidUntil(until);
S418,Excluder.java,233,if (annotation != null) {
S419,Excluder.java,234,double annotationVersion = annotation.value();
S420,Excluder.java,235,if (annotationVersion > version) {
S421,Excluder.java,236,return false;
S422,Excluder.java,239,return true;
S423,Excluder.java,243,if (annotation != null) {
S424,Excluder.java,244,double annotationVersion = annotation.value();
S425,Excluder.java,245,if (annotationVersion <= version) {
S426,Excluder.java,246,return false;
S427,Excluder.java,249,return true;
S428,FieldAttributes.java,44,public FieldAttributes(Field f) {
S429,FieldAttributes.java,45,$Gson$Preconditions.checkNotNull(f);
S430,FieldAttributes.java,46,this.field = f;
S431,FieldAttributes.java,111,return field.getAnnotation(annotation);
S432,FieldNamingPolicy.java,31,public enum FieldNamingPolicy implements FieldNamingStrategy {
S433,FieldNamingPolicy.java,37,IDENTITY() {
S434,FieldNamingPolicy.java,39,return f.getName();
S435,FieldNamingPolicy.java,53,UPPER_CAMEL_CASE() {
S436,FieldNamingPolicy.java,55,return upperCaseFirstLetter(f.getName());
S437,FieldNamingPolicy.java,72,UPPER_CAMEL_CASE_WITH_SPACES() {
S438,FieldNamingPolicy.java,74,"return upperCaseFirstLetter(separateCamelCase(f.getName(), "" ""));"
S439,FieldNamingPolicy.java,90,LOWER_CASE_WITH_UNDERSCORES() {
S440,FieldNamingPolicy.java,92,"return separateCamelCase(f.getName(), ""_"").toLowerCase(Locale.ENGLISH);"
S441,FieldNamingPolicy.java,113,LOWER_CASE_WITH_DASHES() {
S442,FieldNamingPolicy.java,115,"return separateCamelCase(f.getName(), ""-"").toLowerCase(Locale.ENGLISH);"
S443,FieldNamingPolicy.java,124,StringBuilder translation = new StringBuilder();
S444,FieldNamingPolicy.java,125,"for (int i = 0, length = name.length(); i < length; i++) {"
S445,FieldNamingPolicy.java,126,char character = name.charAt(i);
S446,FieldNamingPolicy.java,127,if (Character.isUpperCase(character) && translation.length() != 0) {
S447,FieldNamingPolicy.java,128,translation.append(separator);
S448,FieldNamingPolicy.java,130,translation.append(character);
S449,FieldNamingPolicy.java,132,return translation.toString();
S450,FieldNamingPolicy.java,139,StringBuilder fieldNameBuilder = new StringBuilder();
S451,FieldNamingPolicy.java,140,int index = 0;
S452,FieldNamingPolicy.java,141,char firstCharacter = name.charAt(index);
S453,FieldNamingPolicy.java,142,int length = name.length();
S454,FieldNamingPolicy.java,144,while (index < length - 1) {
S455,FieldNamingPolicy.java,145,if (Character.isLetter(firstCharacter)) {
S456,FieldNamingPolicy.java,146,break;
S457,FieldNamingPolicy.java,149,fieldNameBuilder.append(firstCharacter);
S458,FieldNamingPolicy.java,150,firstCharacter = name.charAt(++index);
S459,FieldNamingPolicy.java,153,if (!Character.isUpperCase(firstCharacter)) {
S460,FieldNamingPolicy.java,154,"String modifiedTarget = modifyString(Character.toUpperCase(firstCharacter), name, ++index);"
S461,FieldNamingPolicy.java,155,return fieldNameBuilder.append(modifiedTarget).toString();
S462,FieldNamingPolicy.java,157,return name;
S463,FieldNamingPolicy.java,162,return (indexOfSubstring < srcString.length())
S464,Gson.java,112,private static final TypeToken<?> NULL_KEY_SURROGATE = TypeToken.get(Object.class);
S465,Gson.java,122,"private final ThreadLocal<Map<TypeToken<?>, FutureTypeAdapter<?>>> calls"
S466,Gson.java,125,"private final Map<TypeToken<?>, TypeAdapter<?>> typeTokenCache = new ConcurrentHashMap<TypeToken<?>, TypeAdapter<?>>();"
S467,Gson.java,174,"this(Excluder.DEFAULT, FieldNamingPolicy.IDENTITY,"
S468,Gson.java,186,List<TypeAdapterFactory> typeAdapterFactories) {
S469,Gson.java,187,this.constructorConstructor = new ConstructorConstructor(instanceCreators);
S470,Gson.java,188,this.excluder = excluder;
S471,Gson.java,189,this.fieldNamingStrategy = fieldNamingStrategy;
S472,Gson.java,190,this.serializeNulls = serializeNulls;
S473,Gson.java,191,this.generateNonExecutableJson = generateNonExecutableGson;
S474,Gson.java,192,this.htmlSafe = htmlSafe;
S475,Gson.java,193,this.prettyPrinting = prettyPrinting;
S476,Gson.java,194,this.lenient = lenient;
S477,Gson.java,196,List<TypeAdapterFactory> factories = new ArrayList<TypeAdapterFactory>();
S478,Gson.java,199,factories.add(TypeAdapters.JSON_ELEMENT_FACTORY);
S479,Gson.java,200,factories.add(ObjectTypeAdapter.FACTORY);
S480,Gson.java,203,factories.add(excluder);
S481,Gson.java,206,factories.addAll(typeAdapterFactories);
S482,Gson.java,209,factories.add(TypeAdapters.STRING_FACTORY);
S483,Gson.java,210,factories.add(TypeAdapters.INTEGER_FACTORY);
S484,Gson.java,211,factories.add(TypeAdapters.BOOLEAN_FACTORY);
S485,Gson.java,212,factories.add(TypeAdapters.BYTE_FACTORY);
S486,Gson.java,213,factories.add(TypeAdapters.SHORT_FACTORY);
S487,Gson.java,214,TypeAdapter<Number> longAdapter = longAdapter(longSerializationPolicy);
S488,Gson.java,215,"factories.add(TypeAdapters.newFactory(long.class, Long.class, longAdapter));"
S489,Gson.java,216,"factories.add(TypeAdapters.newFactory(double.class, Double.class,"
S490,Gson.java,218,"factories.add(TypeAdapters.newFactory(float.class, Float.class,"
S491,Gson.java,220,factories.add(TypeAdapters.NUMBER_FACTORY);
S492,Gson.java,221,factories.add(TypeAdapters.ATOMIC_INTEGER_FACTORY);
S493,Gson.java,222,factories.add(TypeAdapters.ATOMIC_BOOLEAN_FACTORY);
S494,Gson.java,223,"factories.add(TypeAdapters.newFactory(AtomicLong.class, atomicLongAdapter(longAdapter)));"
S495,Gson.java,224,"factories.add(TypeAdapters.newFactory(AtomicLongArray.class, atomicLongArrayAdapter(longAdapter)));"
S496,Gson.java,225,factories.add(TypeAdapters.ATOMIC_INTEGER_ARRAY_FACTORY);
S497,Gson.java,226,factories.add(TypeAdapters.CHARACTER_FACTORY);
S498,Gson.java,227,factories.add(TypeAdapters.STRING_BUILDER_FACTORY);
S499,Gson.java,228,factories.add(TypeAdapters.STRING_BUFFER_FACTORY);
S500,Gson.java,229,"factories.add(TypeAdapters.newFactory(BigDecimal.class, TypeAdapters.BIG_DECIMAL));"
S501,Gson.java,230,"factories.add(TypeAdapters.newFactory(BigInteger.class, TypeAdapters.BIG_INTEGER));"
S502,Gson.java,231,factories.add(TypeAdapters.URL_FACTORY);
S503,Gson.java,232,factories.add(TypeAdapters.URI_FACTORY);
S504,Gson.java,233,factories.add(TypeAdapters.UUID_FACTORY);
S505,Gson.java,234,factories.add(TypeAdapters.CURRENCY_FACTORY);
S506,Gson.java,235,factories.add(TypeAdapters.LOCALE_FACTORY);
S507,Gson.java,236,factories.add(TypeAdapters.INET_ADDRESS_FACTORY);
S508,Gson.java,237,factories.add(TypeAdapters.BIT_SET_FACTORY);
S509,Gson.java,238,factories.add(DateTypeAdapter.FACTORY);
S510,Gson.java,239,factories.add(TypeAdapters.CALENDAR_FACTORY);
S511,Gson.java,240,factories.add(TimeTypeAdapter.FACTORY);
S512,Gson.java,241,factories.add(SqlDateTypeAdapter.FACTORY);
S513,Gson.java,242,factories.add(TypeAdapters.TIMESTAMP_FACTORY);
S514,Gson.java,243,factories.add(ArrayTypeAdapter.FACTORY);
S515,Gson.java,244,factories.add(TypeAdapters.CLASS_FACTORY);
S516,Gson.java,247,factories.add(new CollectionTypeAdapterFactory(constructorConstructor));
S517,Gson.java,248,"factories.add(new MapTypeAdapterFactory(constructorConstructor, complexMapKeySerialization));"
S518,Gson.java,249,this.jsonAdapterFactory = new JsonAdapterAnnotationTypeAdapterFactory(constructorConstructor);
S519,Gson.java,250,factories.add(jsonAdapterFactory);
S520,Gson.java,251,factories.add(TypeAdapters.ENUM_FACTORY);
S521,Gson.java,252,factories.add(new ReflectiveTypeAdapterFactory(
S522,Gson.java,255,this.factories = Collections.unmodifiableList(factories);
S523,Gson.java,259,return excluder;
S524,Gson.java,263,return fieldNamingStrategy;
S525,Gson.java,267,return serializeNulls;
S526,Gson.java,271,return htmlSafe;
S527,Gson.java,275,if (serializeSpecialFloatingPointValues) {
S528,Gson.java,276,return TypeAdapters.DOUBLE;
S529,Gson.java,278,return new TypeAdapter<Number>() {
S530,Gson.java,280,if (in.peek() == JsonToken.NULL) {
S531,Gson.java,281,in.nextNull();
S532,Gson.java,282,return null;
S533,Gson.java,284,return in.nextDouble();
S534,Gson.java,287,if (value == null) {
S535,Gson.java,288,out.nullValue();
S536,Gson.java,289,return;
S537,Gson.java,291,double doubleValue = value.doubleValue();
S538,Gson.java,292,checkValidFloatingPoint(doubleValue);
S539,Gson.java,293,out.value(value);
S540,Gson.java,299,if (serializeSpecialFloatingPointValues) {
S541,Gson.java,300,return TypeAdapters.FLOAT;
S542,Gson.java,302,return new TypeAdapter<Number>() {
S543,Gson.java,304,if (in.peek() == JsonToken.NULL) {
S544,Gson.java,305,in.nextNull();
S545,Gson.java,306,return null;
S546,Gson.java,308,return (float) in.nextDouble();
S547,Gson.java,311,if (value == null) {
S548,Gson.java,312,out.nullValue();
S549,Gson.java,313,return;
S550,Gson.java,315,float floatValue = value.floatValue();
S551,Gson.java,316,checkValidFloatingPoint(floatValue);
S552,Gson.java,317,out.value(value);
S553,Gson.java,323,if (Double.isNaN(value) || Double.isInfinite(value)) {
S554,Gson.java,324,throw new IllegalArgumentException(value
S555,Gson.java,331,if (longSerializationPolicy == LongSerializationPolicy.DEFAULT) {
S556,Gson.java,332,return TypeAdapters.LONG;
S557,Gson.java,334,return new TypeAdapter<Number>() {
S558,Gson.java,336,if (in.peek() == JsonToken.NULL) {
S559,Gson.java,340,return in.nextLong();
S560,Gson.java,343,if (value == null) {
S561,Gson.java,347,out.value(value.toString());
S562,Gson.java,353,return new TypeAdapter<AtomicLong>() {
S563,Gson.java,355,"longAdapter.write(out, value.get());"
S564,Gson.java,358,Number value = longAdapter.read(in);
S565,Gson.java,359,return new AtomicLong(value.longValue());
S566,Gson.java,365,return new TypeAdapter<AtomicLongArray>() {
S567,Gson.java,367,out.beginArray();
S568,Gson.java,368,"for (int i = 0, length = value.length(); i < length; i++) {"
S569,Gson.java,369,"longAdapter.write(out, value.get(i));"
S570,Gson.java,371,out.endArray();
S571,Gson.java,374,List<Long> list = new ArrayList<Long>();
S572,Gson.java,375,in.beginArray();
S573,Gson.java,376,while (in.hasNext()) {
S574,Gson.java,377,long value = longAdapter.read(in).longValue();
S575,Gson.java,378,list.add(value);
S576,Gson.java,380,in.endArray();
S577,Gson.java,381,int length = list.size();
S578,Gson.java,382,AtomicLongArray array = new AtomicLongArray(length);
S579,Gson.java,383,for (int i = 0; i < length; ++i) {
S580,Gson.java,384,"array.set(i, list.get(i));"
S581,Gson.java,386,return array;
S582,Gson.java,399,TypeAdapter<?> cached = typeTokenCache.get(type == null ? NULL_KEY_SURROGATE : type);
S583,Gson.java,400,if (cached != null) {
S584,Gson.java,401,return (TypeAdapter<T>) cached;
S585,Gson.java,404,"Map<TypeToken<?>, FutureTypeAdapter<?>> threadCalls = calls.get();"
S586,Gson.java,405,boolean requiresThreadLocalCleanup = false;
S587,Gson.java,406,if (threadCalls == null) {
S588,Gson.java,407,"threadCalls = new HashMap<TypeToken<?>, FutureTypeAdapter<?>>();"
S589,Gson.java,408,calls.set(threadCalls);
S590,Gson.java,409,requiresThreadLocalCleanup = true;
S591,Gson.java,413,FutureTypeAdapter<T> ongoingCall = (FutureTypeAdapter<T>) threadCalls.get(type);
S592,Gson.java,414,if (ongoingCall != null) {
S593,Gson.java,415,return ongoingCall;
S594,Gson.java,419,FutureTypeAdapter<T> call = new FutureTypeAdapter<T>();
S595,Gson.java,420,"threadCalls.put(type, call);"
S596,Gson.java,422,for (TypeAdapterFactory factory : factories) {
S597,Gson.java,423,"TypeAdapter<T> candidate = factory.create(this, type);"
S598,Gson.java,424,if (candidate != null) {
S599,Gson.java,425,call.setDelegate(candidate);
S600,Gson.java,426,"typeTokenCache.put(type, candidate);"
S601,Gson.java,427,return candidate;
S602,Gson.java,432,threadCalls.remove(type);
S603,Gson.java,434,if (requiresThreadLocalCleanup) {
S604,Gson.java,435,calls.remove();
S605,Gson.java,493,if (!factories.contains(skipPast)) {
S606,Gson.java,494,skipPast = jsonAdapterFactory;
S607,Gson.java,497,boolean skipPastFound = false;
S608,Gson.java,498,for (TypeAdapterFactory factory : factories) {
S609,Gson.java,499,if (!skipPastFound) {
S610,Gson.java,500,if (factory == skipPast) {
S611,Gson.java,501,skipPastFound = true;
S612,Gson.java,506,"TypeAdapter<T> candidate = factory.create(this, type);"
S613,Gson.java,507,if (candidate != null) {
S614,Gson.java,508,return candidate;
S615,Gson.java,521,return getAdapter(TypeToken.get(type));
S616,Gson.java,538,if (src == null) {
S617,Gson.java,539,return JsonNull.INSTANCE;
S618,Gson.java,541,"return toJsonTree(src, src.getClass());"
S619,Gson.java,561,JsonTreeWriter writer = new JsonTreeWriter();
S620,Gson.java,562,"toJson(src, typeOfSrc, writer);"
S621,Gson.java,563,return writer.get();
S622,Gson.java,580,if (src == null) {
S623,Gson.java,583,"return toJson(src, src.getClass());"
S624,Gson.java,602,StringWriter writer = new StringWriter();
S625,Gson.java,603,"toJson(src, typeOfSrc, writer);"
S626,Gson.java,604,return writer.toString();
S627,Gson.java,622,if (src != null) {
S628,Gson.java,623,"toJson(src, src.getClass(), writer);"
S629,Gson.java,647,JsonWriter jsonWriter = newJsonWriter(Streams.writerForAppendable(writer));
S630,Gson.java,648,"toJson(src, typeOfSrc, jsonWriter);"
S631,Gson.java,661,TypeAdapter<?> adapter = getAdapter(TypeToken.get(typeOfSrc));
S632,Gson.java,662,boolean oldLenient = writer.isLenient();
S633,Gson.java,663,writer.setLenient(true);
S634,Gson.java,664,boolean oldHtmlSafe = writer.isHtmlSafe();
S635,Gson.java,665,writer.setHtmlSafe(htmlSafe);
S636,Gson.java,666,boolean oldSerializeNulls = writer.getSerializeNulls();
S637,Gson.java,667,writer.setSerializeNulls(serializeNulls);
S638,Gson.java,669,"((TypeAdapter<Object>) adapter).write(writer, src);"
S639,Gson.java,673,writer.setLenient(oldLenient);
S640,Gson.java,674,writer.setHtmlSafe(oldHtmlSafe);
S641,Gson.java,675,writer.setSerializeNulls(oldSerializeNulls);
S642,Gson.java,687,StringWriter writer = new StringWriter();
S643,Gson.java,688,"toJson(jsonElement, writer);"
S644,Gson.java,689,return writer.toString();
S645,Gson.java,702,JsonWriter jsonWriter = newJsonWriter(Streams.writerForAppendable(writer));
S646,Gson.java,703,"toJson(jsonElement, jsonWriter);"
S647,Gson.java,713,if (generateNonExecutableJson) {
S648,Gson.java,714,writer.write(JSON_NON_EXECUTABLE_PREFIX);
S649,Gson.java,716,JsonWriter jsonWriter = new JsonWriter(writer);
S650,Gson.java,717,if (prettyPrinting) {
S651,Gson.java,718,"jsonWriter.setIndent(""  "");"
S652,Gson.java,720,jsonWriter.setSerializeNulls(serializeNulls);
S653,Gson.java,721,return jsonWriter;
S654,Gson.java,728,JsonReader jsonReader = new JsonReader(reader);
S655,Gson.java,729,jsonReader.setLenient(lenient);
S656,Gson.java,730,return jsonReader;
S657,Gson.java,738,boolean oldLenient = writer.isLenient();
S658,Gson.java,739,writer.setLenient(true);
S659,Gson.java,740,boolean oldHtmlSafe = writer.isHtmlSafe();
S660,Gson.java,741,writer.setHtmlSafe(htmlSafe);
S661,Gson.java,742,boolean oldSerializeNulls = writer.getSerializeNulls();
S662,Gson.java,743,writer.setSerializeNulls(serializeNulls);
S663,Gson.java,745,"Streams.write(jsonElement, writer);"
S664,Gson.java,749,writer.setLenient(oldLenient);
S665,Gson.java,750,writer.setHtmlSafe(oldHtmlSafe);
S666,Gson.java,751,writer.setSerializeNulls(oldSerializeNulls);
S667,Gson.java,773,"Object object = fromJson(json, (Type) classOfT);"
S668,Gson.java,774,return Primitives.wrap(classOfT).cast(object);
S669,Gson.java,797,if (json == null) {
S670,Gson.java,798,return null;
S671,Gson.java,800,StringReader reader = new StringReader(json);
S672,Gson.java,801,"T target = (T) fromJson(reader, typeOfT);"
S673,Gson.java,802,return target;
S674,Gson.java,824,JsonReader jsonReader = newJsonReader(json);
S675,Gson.java,825,"Object object = fromJson(jsonReader, classOfT);"
S676,Gson.java,826,"assertFullConsumption(object, jsonReader);"
S677,Gson.java,827,return Primitives.wrap(classOfT).cast(object);
S678,Gson.java,851,JsonReader jsonReader = newJsonReader(json);
S679,Gson.java,852,"T object = (T) fromJson(jsonReader, typeOfT);"
S680,Gson.java,853,"assertFullConsumption(object, jsonReader);"
S681,Gson.java,854,return object;
S682,Gson.java,859,if (obj != null && reader.peek() != JsonToken.END_DOCUMENT) {
S683,Gson.java,862,} catch (MalformedJsonException e) {
S684,Gson.java,863,throw new JsonSyntaxException(e);
S685,Gson.java,879,boolean isEmpty = true;
S686,Gson.java,880,boolean oldLenient = reader.isLenient();
S687,Gson.java,881,reader.setLenient(true);
S688,Gson.java,883,reader.peek();
S689,Gson.java,884,isEmpty = false;
S690,Gson.java,885,TypeToken<T> typeToken = (TypeToken<T>) TypeToken.get(typeOfT);
S691,Gson.java,886,TypeAdapter<T> typeAdapter = getAdapter(typeToken);
S692,Gson.java,887,T object = typeAdapter.read(reader);
S693,Gson.java,888,return object;
S694,Gson.java,889,} catch (EOFException e) {
S695,Gson.java,894,if (isEmpty) {
S696,Gson.java,895,return null;
S697,Gson.java,897,throw new JsonSyntaxException(e);
S698,Gson.java,898,} catch (IllegalStateException e) {
S699,Gson.java,899,throw new JsonSyntaxException(e);
S700,Gson.java,900,} catch (IOException e) {
S701,Gson.java,902,throw new JsonSyntaxException(e);
S702,Gson.java,904,reader.setLenient(oldLenient);
S703,Gson.java,925,"Object object = fromJson(json, (Type) classOfT);"
S704,Gson.java,926,return Primitives.wrap(classOfT).cast(object);
S705,Gson.java,949,if (json == null) {
S706,Gson.java,950,return null;
S707,Gson.java,952,"return (T) fromJson(new JsonTreeReader(json), typeOfT);"
S708,Gson.java,955,static class FutureTypeAdapter<T> extends TypeAdapter<T> {
S709,Gson.java,959,if (delegate != null) {
S710,Gson.java,962,delegate = typeAdapter;
S711,Gson.java,966,if (delegate == null) {
S712,Gson.java,969,return delegate.read(in);
S713,Gson.java,973,if (delegate == null) {
S714,Gson.java,976,"delegate.write(out, value);"
S715,GsonBuilder.java,79,private Excluder excluder = Excluder.DEFAULT;
S716,GsonBuilder.java,80,private LongSerializationPolicy longSerializationPolicy = LongSerializationPolicy.DEFAULT;
S717,GsonBuilder.java,81,private FieldNamingStrategy fieldNamingPolicy = FieldNamingPolicy.IDENTITY;
S718,GsonBuilder.java,82,"private final Map<Type, InstanceCreator<?>> instanceCreators"
S719,GsonBuilder.java,84,private final List<TypeAdapterFactory> factories = new ArrayList<TypeAdapterFactory>();
S720,GsonBuilder.java,86,private final List<TypeAdapterFactory> hierarchyFactories = new ArrayList<TypeAdapterFactory>();
S721,GsonBuilder.java,87,private boolean serializeNulls = DEFAULT_SERIALIZE_NULLS;
S722,GsonBuilder.java,89,private int dateStyle = DateFormat.DEFAULT;
S723,GsonBuilder.java,90,private int timeStyle = DateFormat.DEFAULT;
S724,GsonBuilder.java,91,private boolean complexMapKeySerialization = DEFAULT_COMPLEX_MAP_KEYS;
S725,GsonBuilder.java,92,private boolean serializeSpecialFloatingPointValues = DEFAULT_SPECIALIZE_FLOAT_VALUES;
S726,GsonBuilder.java,93,private boolean escapeHtmlChars = DEFAULT_ESCAPE_HTML;
S727,GsonBuilder.java,94,private boolean prettyPrinting = DEFAULT_PRETTY_PRINT;
S728,GsonBuilder.java,95,private boolean generateNonExecutableJson = DEFAULT_JSON_NON_EXECUTABLE;
S729,GsonBuilder.java,96,private boolean lenient = DEFAULT_LENIENT;
S730,GsonBuilder.java,104,public GsonBuilder() {
S731,GsonBuilder.java,115,excluder = excluder.withVersion(ignoreVersionsAfter);
S732,GsonBuilder.java,116,return this;
S733,GsonBuilder.java,131,excluder = excluder.withModifiers(modifiers);
S734,GsonBuilder.java,132,return this;
S735,GsonBuilder.java,145,this.generateNonExecutableJson = true;
S736,GsonBuilder.java,146,return this;
S737,GsonBuilder.java,156,excluder = excluder.excludeFieldsWithoutExposeAnnotation();
S738,GsonBuilder.java,157,return this;
S739,GsonBuilder.java,168,this.serializeNulls = true;
S740,GsonBuilder.java,169,return this;
S741,GsonBuilder.java,249,complexMapKeySerialization = true;
S742,GsonBuilder.java,250,return this;
S743,GsonBuilder.java,260,excluder = excluder.disableInnerClassSerialization();
S744,GsonBuilder.java,261,return this;
S745,GsonBuilder.java,273,this.longSerializationPolicy = serializationPolicy;
S746,GsonBuilder.java,274,return this;
S747,GsonBuilder.java,286,this.fieldNamingPolicy = namingConvention;
S748,GsonBuilder.java,287,return this;
S749,GsonBuilder.java,299,this.fieldNamingPolicy = fieldNamingStrategy;
S750,GsonBuilder.java,300,return this;
S751,GsonBuilder.java,333,"excluder = excluder.withExclusionStrategy(strategy, true, false);"
S752,GsonBuilder.java,334,return this;
S753,GsonBuilder.java,350,"excluder = excluder.withExclusionStrategy(strategy, false, true);"
S754,GsonBuilder.java,351,return this;
S755,GsonBuilder.java,361,prettyPrinting = true;
S756,GsonBuilder.java,362,return this;
S757,GsonBuilder.java,374,lenient = true;
S758,GsonBuilder.java,375,return this;
S759,GsonBuilder.java,386,this.escapeHtmlChars = false;
S760,GsonBuilder.java,387,return this;
S761,GsonBuilder.java,408,this.datePattern = pattern;
S762,GsonBuilder.java,409,return this;
S763,GsonBuilder.java,427,this.dateStyle = style;
S764,GsonBuilder.java,428,this.datePattern = null;
S765,GsonBuilder.java,429,return this;
S766,GsonBuilder.java,472,$Gson$Preconditions.checkArgument(typeAdapter instanceof JsonSerializer<?>
S767,GsonBuilder.java,476,if (typeAdapter instanceof InstanceCreator<?>) {
S768,GsonBuilder.java,477,"instanceCreators.put(type, (InstanceCreator) typeAdapter);"
S769,GsonBuilder.java,479,if (typeAdapter instanceof JsonSerializer<?> || typeAdapter instanceof JsonDeserializer<?>) {
S770,GsonBuilder.java,480,TypeToken<?> typeToken = TypeToken.get(type);
S771,GsonBuilder.java,481,"factories.add(TreeTypeAdapter.newFactoryWithMatchRawType(typeToken, typeAdapter));"
S772,GsonBuilder.java,483,if (typeAdapter instanceof TypeAdapter<?>) {
S773,GsonBuilder.java,484,"factories.add(TypeAdapters.newFactory(TypeToken.get(type), (TypeAdapter)typeAdapter));"
S774,GsonBuilder.java,486,return this;
S775,GsonBuilder.java,498,factories.add(factory);
S776,GsonBuilder.java,499,return this;
S777,GsonBuilder.java,518,$Gson$Preconditions.checkArgument(typeAdapter instanceof JsonSerializer<?>
S778,GsonBuilder.java,521,if (typeAdapter instanceof JsonDeserializer || typeAdapter instanceof JsonSerializer) {
S779,GsonBuilder.java,522,"hierarchyFactories.add(TreeTypeAdapter.newTypeHierarchyFactory(baseType, typeAdapter));"
S780,GsonBuilder.java,524,if (typeAdapter instanceof TypeAdapter<?>) {
S781,GsonBuilder.java,525,"factories.add(TypeAdapters.newTypeHierarchyFactory(baseType, (TypeAdapter)typeAdapter));"
S782,GsonBuilder.java,527,return this;
S783,GsonBuilder.java,551,this.serializeSpecialFloatingPointValues = true;
S784,GsonBuilder.java,552,return this;
S785,GsonBuilder.java,562,List<TypeAdapterFactory> factories = new ArrayList<TypeAdapterFactory>(this.factories.size() + this.hierarchyFactories.size() + 3);
S786,GsonBuilder.java,563,factories.addAll(this.factories);
S787,GsonBuilder.java,564,Collections.reverse(factories);
S788,GsonBuilder.java,565,Collections.reverse(this.hierarchyFactories);
S789,GsonBuilder.java,566,factories.addAll(this.hierarchyFactories);
S790,GsonBuilder.java,567,"addTypeAdaptersForDate(datePattern, dateStyle, timeStyle, factories);"
S791,GsonBuilder.java,569,"return new Gson(excluder, fieldNamingPolicy, instanceCreators,"
S792,GsonBuilder.java,578,"if (datePattern != null && !"""".equals(datePattern.trim())) {"
S793,GsonBuilder.java,579,dateTypeAdapter = new DefaultDateTypeAdapter(datePattern);
S794,GsonBuilder.java,580,} else if (dateStyle != DateFormat.DEFAULT && timeStyle != DateFormat.DEFAULT) {
S795,GsonBuilder.java,583,return;
S796,GsonBuilder.java,586,"factories.add(TreeTypeAdapter.newFactory(TypeToken.get(Date.class), dateTypeAdapter));"
S797,GsonBuilder.java,587,"factories.add(TreeTypeAdapter.newFactory(TypeToken.get(Timestamp.class), dateTypeAdapter));"
S798,GsonBuilder.java,588,"factories.add(TreeTypeAdapter.newFactory(TypeToken.get(java.sql.Date.class), dateTypeAdapter));"
S799,JsonAdapterAnnotationTypeAdapterFactory.java,37,public JsonAdapterAnnotationTypeAdapterFactory(ConstructorConstructor constructorConstructor) {
S800,JsonAdapterAnnotationTypeAdapterFactory.java,38,this.constructorConstructor = constructorConstructor;
S801,JsonAdapterAnnotationTypeAdapterFactory.java,44,Class<? super T> rawType = targetType.getRawType();
S802,JsonAdapterAnnotationTypeAdapterFactory.java,45,JsonAdapter annotation = rawType.getAnnotation(JsonAdapter.class);
S803,JsonAdapterAnnotationTypeAdapterFactory.java,46,if (annotation == null) {
S804,JsonAdapterAnnotationTypeAdapterFactory.java,47,return null;
S805,JsonAdapterAnnotationTypeAdapterFactory.java,49,"return (TypeAdapter<T>) getTypeAdapter(constructorConstructor, gson, targetType, annotation);"
S806,JsonAdapterAnnotationTypeAdapterFactory.java,55,Object instance = constructorConstructor.get(TypeToken.get(annotation.value())).construct();
S807,JsonAdapterAnnotationTypeAdapterFactory.java,58,if (instance instanceof TypeAdapter) {
S808,JsonAdapterAnnotationTypeAdapterFactory.java,59,typeAdapter = (TypeAdapter<?>) instance;
S809,JsonAdapterAnnotationTypeAdapterFactory.java,60,} else if (instance instanceof TypeAdapterFactory) {
S810,JsonAdapterAnnotationTypeAdapterFactory.java,61,"typeAdapter = ((TypeAdapterFactory) instance).create(gson, type);"
S811,JsonAdapterAnnotationTypeAdapterFactory.java,62,} else if (instance instanceof JsonSerializer || instance instanceof JsonDeserializer) {
S812,JsonAdapterAnnotationTypeAdapterFactory.java,63,JsonSerializer<?> serializer = instance instanceof JsonSerializer
S813,JsonAdapterAnnotationTypeAdapterFactory.java,66,JsonDeserializer<?> deserializer = instance instanceof JsonDeserializer
S814,JsonAdapterAnnotationTypeAdapterFactory.java,69,"typeAdapter = new TreeTypeAdapter(serializer, deserializer, gson, type, null);"
S815,JsonAdapterAnnotationTypeAdapterFactory.java,70,} else {
S816,JsonAdapterAnnotationTypeAdapterFactory.java,76,if (typeAdapter != null && annotation.nullSafe()) {
S817,JsonAdapterAnnotationTypeAdapterFactory.java,77,typeAdapter = typeAdapter.nullSafe();
S818,JsonAdapterAnnotationTypeAdapterFactory.java,80,return typeAdapter;
S819,JsonArray.java,33,public final class JsonArray extends JsonElement implements Iterable<JsonElement> {
S820,JsonArray.java,39,public JsonArray() {
S821,JsonArray.java,40,elements = new ArrayList<JsonElement>();
S822,JsonArray.java,49,if (!elements.isEmpty()) {
S823,JsonArray.java,56,return new JsonArray();
S824,JsonArray.java,65,elements.add(bool == null ? JsonNull.INSTANCE : new JsonPrimitive(bool));
S825,JsonArray.java,74,elements.add(character == null ? JsonNull.INSTANCE : new JsonPrimitive(character));
S826,JsonArray.java,83,elements.add(number == null ? JsonNull.INSTANCE : new JsonPrimitive(number));
S827,JsonArray.java,92,elements.add(string == null ? JsonNull.INSTANCE : new JsonPrimitive(string));
S828,JsonArray.java,101,if (element == null) {
S829,JsonArray.java,104,elements.add(element);
S830,JsonArray.java,168,return elements.size();
S831,JsonArray.java,178,return elements.iterator();
S832,JsonArray.java,190,return elements.get(i);
S833,JsonArray.java,373,return (o == this) || (o instanceof JsonArray && ((JsonArray) o).elements.equals(elements));
S834,JsonElement.java,33,public abstract class JsonElement {
S835,JsonElement.java,46,return this instanceof JsonArray;
S836,JsonElement.java,55,return this instanceof JsonObject;
S837,JsonElement.java,64,return this instanceof JsonPrimitive;
S838,JsonElement.java,74,return this instanceof JsonNull;
S839,JsonElement.java,87,if (isJsonObject()) {
S840,JsonElement.java,88,return (JsonObject) this;
S841,JsonElement.java,103,if (isJsonArray()) {
S842,JsonElement.java,104,return (JsonArray) this;
S843,JsonElement.java,119,if (isJsonPrimitive()) {
S844,JsonElement.java,120,return (JsonPrimitive) this;
S845,JsonElement.java,321,StringWriter stringWriter = new StringWriter();
S846,JsonElement.java,322,JsonWriter jsonWriter = new JsonWriter(stringWriter);
S847,JsonElement.java,323,jsonWriter.setLenient(true);
S848,JsonElement.java,324,"Streams.write(this, jsonWriter);"
S849,JsonElement.java,325,return stringWriter.toString();
S850,JsonNull.java,32,public static final JsonNull INSTANCE = new JsonNull();
S851,JsonNull.java,39,public JsonNull() {
S852,JsonNull.java,61,return this == other || other instanceof JsonNull;
S853,JsonObject.java,32,public final class JsonObject extends JsonElement {
S854,JsonObject.java,33,"private final LinkedTreeMap<String, JsonElement> members ="
S855,JsonObject.java,38,JsonObject result = new JsonObject();
S856,JsonObject.java,39,"for (Map.Entry<String, JsonElement> entry : members.entrySet()) {"
S857,JsonObject.java,40,"result.add(entry.getKey(), entry.getValue().deepCopy());"
S858,JsonObject.java,42,return result;
S859,JsonObject.java,54,if (value == null) {
S860,JsonObject.java,55,value = JsonNull.INSTANCE;
S861,JsonObject.java,57,"members.put(property, value);"
S862,JsonObject.java,68,return members.remove(property);
S863,JsonObject.java,79,"add(property, createJsonElement(value));"
S864,JsonObject.java,90,"add(property, createJsonElement(value));"
S865,JsonObject.java,101,"add(property, createJsonElement(value));"
S866,JsonObject.java,112,"add(property, createJsonElement(value));"
S867,JsonObject.java,122,return value == null ? JsonNull.INSTANCE : new JsonPrimitive(value);
S868,JsonObject.java,132,return members.entrySet();
S869,JsonObject.java,141,return members.keySet();
S870,JsonObject.java,150,return members.size();
S871,JsonObject.java,160,return members.containsKey(memberName);
S872,JsonObject.java,170,return members.get(memberName);
S873,JsonObject.java,205,return (o == this) || (o instanceof JsonObject
S874,JsonObject.java,211,return members.hashCode();
S875,JsonParseException.java,42,super(msg);
S876,JsonParseException.java,62,super(cause);
S877,JsonParser.java,34,public final class JsonParser {
S878,JsonParser.java,45,return parse(new StringReader(json));
S879,JsonParser.java,58,JsonReader jsonReader = new JsonReader(json);
S880,JsonParser.java,59,JsonElement element = parse(jsonReader);
S881,JsonParser.java,60,if (!element.isJsonNull() && jsonReader.peek() != JsonToken.END_DOCUMENT) {
S882,JsonParser.java,63,return element;
S883,JsonParser.java,64,} catch (MalformedJsonException e) {
S884,JsonParser.java,65,throw new JsonSyntaxException(e);
S885,JsonParser.java,81,boolean lenient = json.isLenient();
S886,JsonParser.java,82,json.setLenient(true);
S887,JsonParser.java,84,return Streams.parse(json);
S888,JsonParser.java,90,json.setLenient(lenient);
S889,JsonPrimitive.java,35,"private static final Class<?>[] PRIMITIVE_TYPES = { int.class, long.class, short.class,"
S890,JsonPrimitive.java,46,public JsonPrimitive(Boolean bool) {
S891,JsonPrimitive.java,47,setValue(bool);
S892,JsonPrimitive.java,55,public JsonPrimitive(Number number) {
S893,JsonPrimitive.java,56,setValue(number);
S894,JsonPrimitive.java,64,public JsonPrimitive(String string) {
S895,JsonPrimitive.java,65,setValue(string);
S896,JsonPrimitive.java,74,public JsonPrimitive(Character c) {
S897,JsonPrimitive.java,75,setValue(c);
S898,JsonPrimitive.java,84,JsonPrimitive(Object primitive) {
S899,JsonPrimitive.java,85,setValue(primitive);
S900,JsonPrimitive.java,90,return this;
S901,JsonPrimitive.java,94,if (primitive instanceof Character) {
S902,JsonPrimitive.java,97,char c = ((Character) primitive).charValue();
S903,JsonPrimitive.java,98,this.value = String.valueOf(c);
S904,JsonPrimitive.java,99,} else {
S905,JsonPrimitive.java,100,$Gson$Preconditions.checkArgument(primitive instanceof Number
S906,JsonPrimitive.java,102,this.value = primitive;
S907,JsonPrimitive.java,112,return value instanceof Boolean;
S908,JsonPrimitive.java,122,return (Boolean) value;
S909,JsonPrimitive.java,132,if (isBoolean()) {
S910,JsonPrimitive.java,133,return getAsBooleanWrapper().booleanValue();
S911,JsonPrimitive.java,136,return Boolean.parseBoolean(getAsString());
S912,JsonPrimitive.java,146,return value instanceof Number;
S913,JsonPrimitive.java,157,return value instanceof String ? new LazilyParsedNumber((String) value) : (Number) value;
S914,JsonPrimitive.java,166,return value instanceof String;
S915,JsonPrimitive.java,176,if (isNumber()) {
S916,JsonPrimitive.java,177,return getAsNumber().toString();
S917,JsonPrimitive.java,178,} else if (isBoolean()) {
S918,JsonPrimitive.java,181,return (String) value;
S919,JsonPrimitive.java,193,return isNumber() ? getAsNumber().doubleValue() : Double.parseDouble(getAsString());
S920,JsonPrimitive.java,204,return value instanceof BigDecimal ? (BigDecimal) value : new BigDecimal(value.toString());
S921,JsonPrimitive.java,215,return value instanceof BigInteger ?
S922,JsonPrimitive.java,227,return isNumber() ? getAsNumber().floatValue() : Float.parseFloat(getAsString());
S923,JsonPrimitive.java,238,return isNumber() ? getAsNumber().longValue() : Long.parseLong(getAsString());
S924,JsonPrimitive.java,249,return isNumber() ? getAsNumber().shortValue() : Short.parseShort(getAsString());
S925,JsonPrimitive.java,260,return isNumber() ? getAsNumber().intValue() : Integer.parseInt(getAsString());
S926,JsonPrimitive.java,265,return isNumber() ? getAsNumber().byteValue() : Byte.parseByte(getAsString());
S927,JsonPrimitive.java,270,return getAsString().charAt(0);
S928,JsonPrimitive.java,274,if (target instanceof String) {
S929,JsonPrimitive.java,275,return true;
S930,JsonPrimitive.java,278,Class<?> classOfPrimitive = target.getClass();
S931,JsonPrimitive.java,279,for (Class<?> standardPrimitive : PRIMITIVE_TYPES) {
S932,JsonPrimitive.java,280,if (standardPrimitive.isAssignableFrom(classOfPrimitive)) {
S933,JsonPrimitive.java,281,return true;
S934,JsonPrimitive.java,289,if (value == null) {
S935,JsonPrimitive.java,293,if (isIntegral(this)) {
S936,JsonPrimitive.java,294,long value = getAsNumber().longValue();
S937,JsonPrimitive.java,295,return (int) (value ^ (value >>> 32));
S938,JsonPrimitive.java,297,if (value instanceof Number) {
S939,JsonPrimitive.java,298,long value = Double.doubleToLongBits(getAsNumber().doubleValue());
S940,JsonPrimitive.java,299,return (int) (value ^ (value >>> 32));
S941,JsonPrimitive.java,301,return value.hashCode();
S942,JsonPrimitive.java,306,if (this == obj) {
S943,JsonPrimitive.java,307,return true;
S944,JsonPrimitive.java,309,if (obj == null || getClass() != obj.getClass()) {
S945,JsonPrimitive.java,310,return false;
S946,JsonPrimitive.java,312,JsonPrimitive other = (JsonPrimitive)obj;
S947,JsonPrimitive.java,313,if (value == null) {
S948,JsonPrimitive.java,316,if (isIntegral(this) && isIntegral(other)) {
S949,JsonPrimitive.java,317,return getAsNumber().longValue() == other.getAsNumber().longValue();
S950,JsonPrimitive.java,319,if (value instanceof Number && other.value instanceof Number) {
S951,JsonPrimitive.java,320,double a = getAsNumber().doubleValue();
S952,JsonPrimitive.java,323,double b = other.getAsNumber().doubleValue();
S953,JsonPrimitive.java,324,return a == b || (Double.isNaN(a) && Double.isNaN(b));
S954,JsonPrimitive.java,326,return value.equals(other.value);
S955,JsonPrimitive.java,334,if (primitive.value instanceof Number) {
S956,JsonPrimitive.java,335,Number number = (Number) primitive.value;
S957,JsonPrimitive.java,336,return number instanceof BigInteger || number instanceof Long || number instanceof Integer
S958,JsonPrimitive.java,339,return false;
S959,JsonReader.java,192,"private static final char[] NON_EXECUTE_PREFIX = "")]}'\n"".toCharArray();"
S960,JsonReader.java,230,private boolean lenient = false;
S961,JsonReader.java,238,private final char[] buffer = new char[1024];
S962,JsonReader.java,239,private int pos = 0;
S963,JsonReader.java,240,private int limit = 0;
S964,JsonReader.java,242,private int lineNumber = 0;
S965,JsonReader.java,243,private int lineStart = 0;
S966,JsonReader.java,245,int peeked = PEEKED_NONE;
S967,JsonReader.java,269,private int[] stack = new int[32];
S968,JsonReader.java,270,private int stackSize = 0;
S969,JsonReader.java,272,stack[stackSize++] = JsonScope.EMPTY_DOCUMENT;
S970,JsonReader.java,283,private String[] pathNames = new String[32];
S971,JsonReader.java,284,private int[] pathIndices = new int[32];
S972,JsonReader.java,289,public JsonReader(Reader in) {
S973,JsonReader.java,290,if (in == null) {
S974,JsonReader.java,291,"throw new NullPointerException(""in == null"");"
S975,JsonReader.java,293,this.in = in;
S976,JsonReader.java,326,this.lenient = lenient;
S977,JsonReader.java,333,return lenient;
S978,JsonReader.java,341,int p = peeked;
S979,JsonReader.java,342,if (p == PEEKED_NONE) {
S980,JsonReader.java,343,p = doPeek();
S981,JsonReader.java,345,if (p == PEEKED_BEGIN_ARRAY) {
S982,JsonReader.java,346,push(JsonScope.EMPTY_ARRAY);
S983,JsonReader.java,347,pathIndices[stackSize - 1] = 0;
S984,JsonReader.java,348,peeked = PEEKED_NONE;
S985,JsonReader.java,350,"throw new IllegalStateException(""Expected BEGIN_ARRAY but was "" + peek() + locationString());"
S986,JsonReader.java,359,int p = peeked;
S987,JsonReader.java,360,if (p == PEEKED_NONE) {
S988,JsonReader.java,361,p = doPeek();
S989,JsonReader.java,363,if (p == PEEKED_END_ARRAY) {
S990,JsonReader.java,364,stackSize--;
S991,JsonReader.java,365,pathIndices[stackSize - 1]++;
S992,JsonReader.java,366,peeked = PEEKED_NONE;
S993,JsonReader.java,368,"throw new IllegalStateException(""Expected END_ARRAY but was "" + peek() + locationString());"
S994,JsonReader.java,377,int p = peeked;
S995,JsonReader.java,378,if (p == PEEKED_NONE) {
S996,JsonReader.java,379,p = doPeek();
S997,JsonReader.java,381,if (p == PEEKED_BEGIN_OBJECT) {
S998,JsonReader.java,382,push(JsonScope.EMPTY_OBJECT);
S999,JsonReader.java,383,peeked = PEEKED_NONE;
S1000,JsonReader.java,385,"throw new IllegalStateException(""Expected BEGIN_OBJECT but was "" + peek() + locationString());"
S1001,JsonReader.java,394,int p = peeked;
S1002,JsonReader.java,395,if (p == PEEKED_NONE) {
S1003,JsonReader.java,396,p = doPeek();
S1004,JsonReader.java,398,if (p == PEEKED_END_OBJECT) {
S1005,JsonReader.java,399,stackSize--;
S1006,JsonReader.java,400,pathNames[stackSize] = null; // Free the last path name so that it can be garbage collected!
S1007,JsonReader.java,401,pathIndices[stackSize - 1]++;
S1008,JsonReader.java,402,peeked = PEEKED_NONE;
S1009,JsonReader.java,404,"throw new IllegalStateException(""Expected END_OBJECT but was "" + peek() + locationString());"
S1010,JsonReader.java,412,int p = peeked;
S1011,JsonReader.java,413,if (p == PEEKED_NONE) {
S1012,JsonReader.java,414,p = doPeek();
S1013,JsonReader.java,416,return p != PEEKED_END_OBJECT && p != PEEKED_END_ARRAY;
S1014,JsonReader.java,423,int p = peeked;
S1015,JsonReader.java,424,if (p == PEEKED_NONE) {
S1016,JsonReader.java,425,p = doPeek();
S1017,JsonReader.java,428,switch (p) {
S1018,JsonReader.java,430,return JsonToken.BEGIN_OBJECT;
S1019,JsonReader.java,432,return JsonToken.END_OBJECT;
S1020,JsonReader.java,434,return JsonToken.BEGIN_ARRAY;
S1021,JsonReader.java,436,return JsonToken.END_ARRAY;
S1022,JsonReader.java,440,return JsonToken.NAME;
S1023,JsonReader.java,443,return JsonToken.BOOLEAN;
S1024,JsonReader.java,445,return JsonToken.NULL;
S1025,JsonReader.java,450,return JsonToken.STRING;
S1026,JsonReader.java,453,return JsonToken.NUMBER;
S1027,JsonReader.java,455,return JsonToken.END_DOCUMENT;
S1028,JsonReader.java,462,int peekStack = stack[stackSize - 1];
S1029,JsonReader.java,463,if (peekStack == JsonScope.EMPTY_ARRAY) {
S1030,JsonReader.java,464,stack[stackSize - 1] = JsonScope.NONEMPTY_ARRAY;
S1031,JsonReader.java,465,} else if (peekStack == JsonScope.NONEMPTY_ARRAY) {
S1032,JsonReader.java,467,int c = nextNonWhitespace(true);
S1033,JsonReader.java,468,switch (c) {
S1034,JsonReader.java,470,return peeked = PEEKED_END_ARRAY;
S1035,JsonReader.java,472,checkLenient(); // fall-through
S1036,JsonReader.java,474,break;
S1037,JsonReader.java,476,"throw syntaxError(""Unterminated array"");"
S1038,JsonReader.java,478,} else if (peekStack == JsonScope.EMPTY_OBJECT || peekStack == JsonScope.NONEMPTY_OBJECT) {
S1039,JsonReader.java,479,stack[stackSize - 1] = JsonScope.DANGLING_NAME;
S1040,JsonReader.java,481,if (peekStack == JsonScope.NONEMPTY_OBJECT) {
S1041,JsonReader.java,482,int c = nextNonWhitespace(true);
S1042,JsonReader.java,483,switch (c) {
S1043,JsonReader.java,485,return peeked = PEEKED_END_OBJECT;
S1044,JsonReader.java,487,checkLenient(); // fall-through
S1045,JsonReader.java,489,break;
S1046,JsonReader.java,491,"throw syntaxError(""Unterminated object"");"
S1047,JsonReader.java,494,int c = nextNonWhitespace(true);
S1048,JsonReader.java,495,switch (c) {
S1049,JsonReader.java,497,return peeked = PEEKED_DOUBLE_QUOTED_NAME;
S1050,JsonReader.java,499,checkLenient();
S1051,JsonReader.java,500,return peeked = PEEKED_SINGLE_QUOTED_NAME;
S1052,JsonReader.java,502,if (peekStack != JsonScope.NONEMPTY_OBJECT) {
S1053,JsonReader.java,503,return peeked = PEEKED_END_OBJECT;
S1054,JsonReader.java,505,"throw syntaxError(""Expected name"");"
S1055,JsonReader.java,508,checkLenient();
S1056,JsonReader.java,509,pos--; // Don't consume the first character in an unquoted string.
S1057,JsonReader.java,510,if (isLiteral((char) c)) {
S1058,JsonReader.java,511,return peeked = PEEKED_UNQUOTED_NAME;
S1059,JsonReader.java,513,"throw syntaxError(""Expected name"");"
S1060,JsonReader.java,516,} else if (peekStack == JsonScope.DANGLING_NAME) {
S1061,JsonReader.java,517,stack[stackSize - 1] = JsonScope.NONEMPTY_OBJECT;
S1062,JsonReader.java,519,int c = nextNonWhitespace(true);
S1063,JsonReader.java,520,switch (c) {
S1064,JsonReader.java,522,break;
S1065,JsonReader.java,524,checkLenient();
S1066,JsonReader.java,525,if ((pos < limit || fillBuffer(1)) && buffer[pos] == '>') {
S1067,JsonReader.java,526,pos++;
S1068,JsonReader.java,530,"throw syntaxError(""Expected ':'"");"
S1069,JsonReader.java,532,} else if (peekStack == JsonScope.EMPTY_DOCUMENT) {
S1070,JsonReader.java,533,if (lenient) {
S1071,JsonReader.java,534,consumeNonExecutePrefix();
S1072,JsonReader.java,536,stack[stackSize - 1] = JsonScope.NONEMPTY_DOCUMENT;
S1073,JsonReader.java,537,} else if (peekStack == JsonScope.NONEMPTY_DOCUMENT) {
S1074,JsonReader.java,538,int c = nextNonWhitespace(false);
S1075,JsonReader.java,539,if (c == -1) {
S1076,JsonReader.java,540,return peeked = PEEKED_EOF;
S1077,JsonReader.java,542,checkLenient();
S1078,JsonReader.java,543,pos--;
S1079,JsonReader.java,545,} else if (peekStack == JsonScope.CLOSED) {
S1080,JsonReader.java,546,"throw new IllegalStateException(""JsonReader is closed"");"
S1081,JsonReader.java,549,int c = nextNonWhitespace(true);
S1082,JsonReader.java,550,switch (c) {
S1083,JsonReader.java,552,if (peekStack == JsonScope.EMPTY_ARRAY) {
S1084,JsonReader.java,553,return peeked = PEEKED_END_ARRAY;
S1085,JsonReader.java,559,if (peekStack == JsonScope.EMPTY_ARRAY || peekStack == JsonScope.NONEMPTY_ARRAY) {
S1086,JsonReader.java,560,checkLenient();
S1087,JsonReader.java,561,pos--;
S1088,JsonReader.java,562,return peeked = PEEKED_NULL;
S1089,JsonReader.java,564,"throw syntaxError(""Unexpected value"");"
S1090,JsonReader.java,567,checkLenient();
S1091,JsonReader.java,568,return peeked = PEEKED_SINGLE_QUOTED;
S1092,JsonReader.java,570,return peeked = PEEKED_DOUBLE_QUOTED;
S1093,JsonReader.java,572,return peeked = PEEKED_BEGIN_ARRAY;
S1094,JsonReader.java,574,return peeked = PEEKED_BEGIN_OBJECT;
S1095,JsonReader.java,576,pos--; // Don't consume the first character in a literal value.
S1096,JsonReader.java,579,int result = peekKeyword();
S1097,JsonReader.java,580,if (result != PEEKED_NONE) {
S1098,JsonReader.java,581,return result;
S1099,JsonReader.java,584,result = peekNumber();
S1100,JsonReader.java,585,if (result != PEEKED_NONE) {
S1101,JsonReader.java,586,return result;
S1102,JsonReader.java,589,if (!isLiteral(buffer[pos])) {
S1103,JsonReader.java,590,"throw syntaxError(""Expected value"");"
S1104,JsonReader.java,593,checkLenient();
S1105,JsonReader.java,594,return peeked = PEEKED_UNQUOTED;
S1106,JsonReader.java,599,char c = buffer[pos];
S1107,JsonReader.java,603,if (c == 't' || c == 'T') {
S1108,JsonReader.java,604,"keyword = ""true"";"
S1109,JsonReader.java,605,"keywordUpper = ""TRUE"";"
S1110,JsonReader.java,606,peeking = PEEKED_TRUE;
S1111,JsonReader.java,607,} else if (c == 'f' || c == 'F') {
S1112,JsonReader.java,608,"keyword = ""false"";"
S1113,JsonReader.java,609,"keywordUpper = ""FALSE"";"
S1114,JsonReader.java,610,peeking = PEEKED_FALSE;
S1115,JsonReader.java,611,} else if (c == 'n' || c == 'N') {
S1116,JsonReader.java,612,"keyword = ""null"";"
S1117,JsonReader.java,613,"keywordUpper = ""NULL"";"
S1118,JsonReader.java,614,peeking = PEEKED_NULL;
S1119,JsonReader.java,616,return PEEKED_NONE;
S1120,JsonReader.java,620,int length = keyword.length();
S1121,JsonReader.java,621,for (int i = 1; i < length; i++) {
S1122,JsonReader.java,622,if (pos + i >= limit && !fillBuffer(i + 1)) {
S1123,JsonReader.java,625,c = buffer[pos + i];
S1124,JsonReader.java,626,if (c != keyword.charAt(i) && c != keywordUpper.charAt(i)) {
S1125,JsonReader.java,627,return PEEKED_NONE;
S1126,JsonReader.java,631,if ((pos + length < limit || fillBuffer(length + 1))
S1127,JsonReader.java,633,"return PEEKED_NONE; // Don't match trues, falsey or nullsoft!"
S1128,JsonReader.java,637,pos += length;
S1129,JsonReader.java,638,return peeked = peeking;
S1130,JsonReader.java,643,char[] buffer = this.buffer;
S1131,JsonReader.java,644,int p = pos;
S1132,JsonReader.java,645,int l = limit;
S1133,JsonReader.java,647,long value = 0; // Negative to accommodate Long.MIN_VALUE more easily.
S1134,JsonReader.java,648,boolean negative = false;
S1135,JsonReader.java,649,boolean fitsInLong = true;
S1136,JsonReader.java,650,int last = NUMBER_CHAR_NONE;
S1137,JsonReader.java,652,int i = 0;
S1138,JsonReader.java,655,for (; true; i++) {
S1139,JsonReader.java,656,if (p + i == l) {
S1140,JsonReader.java,657,if (i == buffer.length) {
S1141,JsonReader.java,660,return PEEKED_NONE;
S1142,JsonReader.java,662,if (!fillBuffer(i + 1)) {
S1143,JsonReader.java,663,break;
S1144,JsonReader.java,665,p = pos;
S1145,JsonReader.java,666,l = limit;
S1146,JsonReader.java,669,char c = buffer[p + i];
S1147,JsonReader.java,670,switch (c) {
S1148,JsonReader.java,672,if (last == NUMBER_CHAR_NONE) {
S1149,JsonReader.java,673,negative = true;
S1150,JsonReader.java,674,last = NUMBER_CHAR_SIGN;
S1151,JsonReader.java,675,continue;
S1152,JsonReader.java,676,} else if (last == NUMBER_CHAR_EXP_E) {
S1153,JsonReader.java,677,last = NUMBER_CHAR_EXP_SIGN;
S1154,JsonReader.java,678,continue;
S1155,JsonReader.java,683,if (last == NUMBER_CHAR_EXP_E) {
S1156,JsonReader.java,684,last = NUMBER_CHAR_EXP_SIGN;
S1157,JsonReader.java,685,continue;
S1158,JsonReader.java,691,if (last == NUMBER_CHAR_DIGIT || last == NUMBER_CHAR_FRACTION_DIGIT) {
S1159,JsonReader.java,692,last = NUMBER_CHAR_EXP_E;
S1160,JsonReader.java,693,continue;
S1161,JsonReader.java,695,return PEEKED_NONE;
S1162,JsonReader.java,698,if (last == NUMBER_CHAR_DIGIT) {
S1163,JsonReader.java,699,last = NUMBER_CHAR_DECIMAL;
S1164,JsonReader.java,700,continue;
S1165,JsonReader.java,702,return PEEKED_NONE;
S1166,JsonReader.java,705,if (c < '0' || c > '9') {
S1167,JsonReader.java,706,if (!isLiteral(c)) {
S1168,JsonReader.java,707,break charactersOfNumber;
S1169,JsonReader.java,709,return PEEKED_NONE;
S1170,JsonReader.java,711,if (last == NUMBER_CHAR_SIGN || last == NUMBER_CHAR_NONE) {
S1171,JsonReader.java,712,value = -(c - '0');
S1172,JsonReader.java,713,last = NUMBER_CHAR_DIGIT;
S1173,JsonReader.java,714,} else if (last == NUMBER_CHAR_DIGIT) {
S1174,JsonReader.java,715,if (value == 0) {
S1175,JsonReader.java,718,long newValue = value * 10 - (c - '0');
S1176,JsonReader.java,719,fitsInLong &= value > MIN_INCOMPLETE_INTEGER
S1177,JsonReader.java,721,value = newValue;
S1178,JsonReader.java,722,} else if (last == NUMBER_CHAR_DECIMAL) {
S1179,JsonReader.java,723,last = NUMBER_CHAR_FRACTION_DIGIT;
S1180,JsonReader.java,724,} else if (last == NUMBER_CHAR_EXP_E || last == NUMBER_CHAR_EXP_SIGN) {
S1181,JsonReader.java,725,last = NUMBER_CHAR_EXP_DIGIT;
S1182,JsonReader.java,731,if (last == NUMBER_CHAR_DIGIT && fitsInLong && (value != Long.MIN_VALUE || negative)) {
S1183,JsonReader.java,732,peekedLong = negative ? value : -value;
S1184,JsonReader.java,733,pos += i;
S1185,JsonReader.java,734,return peeked = PEEKED_LONG;
S1186,JsonReader.java,735,} else if (last == NUMBER_CHAR_DIGIT || last == NUMBER_CHAR_FRACTION_DIGIT
S1187,JsonReader.java,737,peekedNumberLength = i;
S1188,JsonReader.java,738,return peeked = PEEKED_NUMBER;
S1189,JsonReader.java,740,return PEEKED_NONE;
S1190,JsonReader.java,745,switch (c) {
S1191,JsonReader.java,751,checkLenient(); // fall-through
S1192,JsonReader.java,763,return false;
S1193,JsonReader.java,765,return true;
S1194,JsonReader.java,777,int p = peeked;
S1195,JsonReader.java,778,if (p == PEEKED_NONE) {
S1196,JsonReader.java,779,p = doPeek();
S1197,JsonReader.java,782,if (p == PEEKED_UNQUOTED_NAME) {
S1198,JsonReader.java,783,result = nextUnquotedValue();
S1199,JsonReader.java,784,} else if (p == PEEKED_SINGLE_QUOTED_NAME) {
S1200,JsonReader.java,785,result = nextQuotedValue('\'');
S1201,JsonReader.java,786,} else if (p == PEEKED_DOUBLE_QUOTED_NAME) {
S1202,JsonReader.java,787,"result = nextQuotedValue('""');"
S1203,JsonReader.java,789,"throw new IllegalStateException(""Expected a name but was "" + peek() + locationString());"
S1204,JsonReader.java,791,peeked = PEEKED_NONE;
S1205,JsonReader.java,792,pathNames[stackSize - 1] = result;
S1206,JsonReader.java,793,return result;
S1207,JsonReader.java,805,int p = peeked;
S1208,JsonReader.java,806,if (p == PEEKED_NONE) {
S1209,JsonReader.java,807,p = doPeek();
S1210,JsonReader.java,810,if (p == PEEKED_UNQUOTED) {
S1211,JsonReader.java,811,result = nextUnquotedValue();
S1212,JsonReader.java,812,} else if (p == PEEKED_SINGLE_QUOTED) {
S1213,JsonReader.java,813,result = nextQuotedValue('\'');
S1214,JsonReader.java,814,} else if (p == PEEKED_DOUBLE_QUOTED) {
S1215,JsonReader.java,815,"result = nextQuotedValue('""');"
S1216,JsonReader.java,816,} else if (p == PEEKED_BUFFERED) {
S1217,JsonReader.java,817,result = peekedString;
S1218,JsonReader.java,818,peekedString = null;
S1219,JsonReader.java,819,} else if (p == PEEKED_LONG) {
S1220,JsonReader.java,820,result = Long.toString(peekedLong);
S1221,JsonReader.java,821,} else if (p == PEEKED_NUMBER) {
S1222,JsonReader.java,822,"result = new String(buffer, pos, peekedNumberLength);"
S1223,JsonReader.java,823,pos += peekedNumberLength;
S1224,JsonReader.java,825,"throw new IllegalStateException(""Expected a string but was "" + peek() + locationString());"
S1225,JsonReader.java,827,peeked = PEEKED_NONE;
S1226,JsonReader.java,828,pathIndices[stackSize - 1]++;
S1227,JsonReader.java,829,return result;
S1228,JsonReader.java,840,int p = peeked;
S1229,JsonReader.java,841,if (p == PEEKED_NONE) {
S1230,JsonReader.java,842,p = doPeek();
S1231,JsonReader.java,844,if (p == PEEKED_TRUE) {
S1232,JsonReader.java,845,peeked = PEEKED_NONE;
S1233,JsonReader.java,846,pathIndices[stackSize - 1]++;
S1234,JsonReader.java,847,return true;
S1235,JsonReader.java,848,} else if (p == PEEKED_FALSE) {
S1236,JsonReader.java,849,peeked = PEEKED_NONE;
S1237,JsonReader.java,850,pathIndices[stackSize - 1]++;
S1238,JsonReader.java,851,return false;
S1239,JsonReader.java,853,"throw new IllegalStateException(""Expected a boolean but was "" + peek() + locationString());"
S1240,JsonReader.java,864,int p = peeked;
S1241,JsonReader.java,865,if (p == PEEKED_NONE) {
S1242,JsonReader.java,866,p = doPeek();
S1243,JsonReader.java,868,if (p == PEEKED_NULL) {
S1244,JsonReader.java,869,peeked = PEEKED_NONE;
S1245,JsonReader.java,870,pathIndices[stackSize - 1]++;
S1246,JsonReader.java,872,"throw new IllegalStateException(""Expected null but was "" + peek() + locationString());"
S1247,JsonReader.java,886,int p = peeked;
S1248,JsonReader.java,887,if (p == PEEKED_NONE) {
S1249,JsonReader.java,888,p = doPeek();
S1250,JsonReader.java,891,if (p == PEEKED_LONG) {
S1251,JsonReader.java,892,peeked = PEEKED_NONE;
S1252,JsonReader.java,893,pathIndices[stackSize - 1]++;
S1253,JsonReader.java,894,return (double) peekedLong;
S1254,JsonReader.java,897,if (p == PEEKED_NUMBER) {
S1255,JsonReader.java,898,"peekedString = new String(buffer, pos, peekedNumberLength);"
S1256,JsonReader.java,899,pos += peekedNumberLength;
S1257,JsonReader.java,900,} else if (p == PEEKED_SINGLE_QUOTED || p == PEEKED_DOUBLE_QUOTED) {
S1258,JsonReader.java,901,"peekedString = nextQuotedValue(p == PEEKED_SINGLE_QUOTED ? '\'' : '""');"
S1259,JsonReader.java,902,} else if (p == PEEKED_UNQUOTED) {
S1260,JsonReader.java,903,peekedString = nextUnquotedValue();
S1261,JsonReader.java,904,} else if (p != PEEKED_BUFFERED) {
S1262,JsonReader.java,905,"throw new IllegalStateException(""Expected a double but was "" + peek() + locationString());"
S1263,JsonReader.java,908,peeked = PEEKED_BUFFERED;
S1264,JsonReader.java,909,double result = Double.parseDouble(peekedString); // don't catch this NumberFormatException.
S1265,JsonReader.java,910,if (!lenient && (Double.isNaN(result) || Double.isInfinite(result))) {
S1266,JsonReader.java,911,throw new MalformedJsonException(
S1267,JsonReader.java,914,peekedString = null;
S1268,JsonReader.java,915,peeked = PEEKED_NONE;
S1269,JsonReader.java,916,pathIndices[stackSize - 1]++;
S1270,JsonReader.java,917,return result;
S1271,JsonReader.java,931,int p = peeked;
S1272,JsonReader.java,932,if (p == PEEKED_NONE) {
S1273,JsonReader.java,933,p = doPeek();
S1274,JsonReader.java,936,if (p == PEEKED_LONG) {
S1275,JsonReader.java,937,peeked = PEEKED_NONE;
S1276,JsonReader.java,938,pathIndices[stackSize - 1]++;
S1277,JsonReader.java,939,return peekedLong;
S1278,JsonReader.java,942,if (p == PEEKED_NUMBER) {
S1279,JsonReader.java,943,"peekedString = new String(buffer, pos, peekedNumberLength);"
S1280,JsonReader.java,944,pos += peekedNumberLength;
S1281,JsonReader.java,945,} else if (p == PEEKED_SINGLE_QUOTED || p == PEEKED_DOUBLE_QUOTED || p == PEEKED_UNQUOTED) {
S1282,JsonReader.java,946,if (p == PEEKED_UNQUOTED) {
S1283,JsonReader.java,947,peekedString = nextUnquotedValue();
S1284,JsonReader.java,949,"peekedString = nextQuotedValue(p == PEEKED_SINGLE_QUOTED ? '\'' : '""');"
S1285,JsonReader.java,952,long result = Long.parseLong(peekedString);
S1286,JsonReader.java,953,peeked = PEEKED_NONE;
S1287,JsonReader.java,954,pathIndices[stackSize - 1]++;
S1288,JsonReader.java,955,return result;
S1289,JsonReader.java,960,"throw new IllegalStateException(""Expected a long but was "" + peek() + locationString());"
S1290,JsonReader.java,963,peeked = PEEKED_BUFFERED;
S1291,JsonReader.java,964,double asDouble = Double.parseDouble(peekedString); // don't catch this NumberFormatException.
S1292,JsonReader.java,965,long result = (long) asDouble;
S1293,JsonReader.java,966,if (result != asDouble) { // Make sure no precision was lost casting to 'long'.
S1294,JsonReader.java,967,"throw new NumberFormatException(""Expected a long but was "" + peekedString + locationString());"
S1295,JsonReader.java,969,peekedString = null;
S1296,JsonReader.java,970,peeked = PEEKED_NONE;
S1297,JsonReader.java,971,pathIndices[stackSize - 1]++;
S1298,JsonReader.java,972,return result;
S1299,JsonReader.java,987,char[] buffer = this.buffer;
S1300,JsonReader.java,988,StringBuilder builder = null;
S1301,JsonReader.java,990,int p = pos;
S1302,JsonReader.java,991,int l = limit;
S1303,JsonReader.java,993,int start = p;
S1304,JsonReader.java,994,while (p < l) {
S1305,JsonReader.java,995,int c = buffer[p++];
S1306,JsonReader.java,997,if (c == quote) {
S1307,JsonReader.java,998,pos = p;
S1308,JsonReader.java,999,int len = p - start - 1;
S1309,JsonReader.java,1000,if (builder == null) {
S1310,JsonReader.java,1001,"return new String(buffer, start, len);"
S1311,JsonReader.java,1003,"builder.append(buffer, start, len);"
S1312,JsonReader.java,1004,return builder.toString();
S1313,JsonReader.java,1006,} else if (c == '\\') {
S1314,JsonReader.java,1007,pos = p;
S1315,JsonReader.java,1008,int len = p - start - 1;
S1316,JsonReader.java,1009,if (builder == null) {
S1317,JsonReader.java,1010,int estimatedLength = (len + 1) * 2;
S1318,JsonReader.java,1011,"builder = new StringBuilder(Math.max(estimatedLength, 16));"
S1319,JsonReader.java,1013,"builder.append(buffer, start, len);"
S1320,JsonReader.java,1014,builder.append(readEscapeCharacter());
S1321,JsonReader.java,1015,p = pos;
S1322,JsonReader.java,1016,l = limit;
S1323,JsonReader.java,1017,start = p;
S1324,JsonReader.java,1018,} else if (c == '\n') {
S1325,JsonReader.java,1019,lineNumber++;
S1326,JsonReader.java,1020,lineStart = p;
S1327,JsonReader.java,1024,if (builder == null) {
S1328,JsonReader.java,1025,int estimatedLength = (p - start) * 2;
S1329,JsonReader.java,1026,"builder = new StringBuilder(Math.max(estimatedLength, 16));"
S1330,JsonReader.java,1028,"builder.append(buffer, start, p - start);"
S1331,JsonReader.java,1029,pos = p;
S1332,JsonReader.java,1030,if (!fillBuffer(1)) {
S1333,JsonReader.java,1031,"throw syntaxError(""Unterminated string"");"
S1334,JsonReader.java,1041,StringBuilder builder = null;
S1335,JsonReader.java,1042,int i = 0;
S1336,JsonReader.java,1046,for (; pos + i < limit; i++) {
S1337,JsonReader.java,1047,switch (buffer[pos + i]) {
S1338,JsonReader.java,1065,break findNonLiteralCharacter;
S1339,JsonReader.java,1070,if (i < buffer.length) {
S1340,JsonReader.java,1071,if (fillBuffer(i + 1)) {
S1341,JsonReader.java,1072,continue;
S1342,JsonReader.java,1079,if (builder == null) {
S1343,JsonReader.java,1080,builder = new StringBuilder();
S1344,JsonReader.java,1082,"builder.append(buffer, pos, i);"
S1345,JsonReader.java,1083,pos += i;
S1346,JsonReader.java,1084,i = 0;
S1347,JsonReader.java,1085,if (!fillBuffer(1)) {
S1348,JsonReader.java,1086,break;
S1349,JsonReader.java,1091,if (builder == null) {
S1350,JsonReader.java,1092,"result = new String(buffer, pos, i);"
S1351,JsonReader.java,1094,"builder.append(buffer, pos, i);"
S1352,JsonReader.java,1095,result = builder.toString();
S1353,JsonReader.java,1097,pos += i;
S1354,JsonReader.java,1098,return result;
S1355,JsonReader.java,1103,char[] buffer = this.buffer;
S1356,JsonReader.java,1105,int p = pos;
S1357,JsonReader.java,1106,int l = limit;
S1358,JsonReader.java,1108,while (p < l) {
S1359,JsonReader.java,1109,int c = buffer[p++];
S1360,JsonReader.java,1110,if (c == quote) {
S1361,JsonReader.java,1111,pos = p;
S1362,JsonReader.java,1112,return;
S1363,JsonReader.java,1113,} else if (c == '\\') {
S1364,JsonReader.java,1114,pos = p;
S1365,JsonReader.java,1115,readEscapeCharacter();
S1366,JsonReader.java,1116,p = pos;
S1367,JsonReader.java,1117,l = limit;
S1368,JsonReader.java,1118,} else if (c == '\n') {
S1369,JsonReader.java,1119,lineNumber++;
S1370,JsonReader.java,1120,lineStart = p;
S1371,JsonReader.java,1123,pos = p;
S1372,JsonReader.java,1124,} while (fillBuffer(1));
S1373,JsonReader.java,1130,int i = 0;
S1374,JsonReader.java,1131,for (; pos + i < limit; i++) {
S1375,JsonReader.java,1132,switch (buffer[pos + i]) {
S1376,JsonReader.java,1150,pos += i;
S1377,JsonReader.java,1151,return;
S1378,JsonReader.java,1154,pos += i;
S1379,JsonReader.java,1155,} while (fillBuffer(1));
S1380,JsonReader.java,1169,int p = peeked;
S1381,JsonReader.java,1170,if (p == PEEKED_NONE) {
S1382,JsonReader.java,1171,p = doPeek();
S1383,JsonReader.java,1175,if (p == PEEKED_LONG) {
S1384,JsonReader.java,1176,result = (int) peekedLong;
S1385,JsonReader.java,1177,if (peekedLong != result) { // Make sure no precision was lost casting to 'int'.
S1386,JsonReader.java,1178,"throw new NumberFormatException(""Expected an int but was "" + peekedLong + locationString());"
S1387,JsonReader.java,1180,peeked = PEEKED_NONE;
S1388,JsonReader.java,1181,pathIndices[stackSize - 1]++;
S1389,JsonReader.java,1182,return result;
S1390,JsonReader.java,1185,if (p == PEEKED_NUMBER) {
S1391,JsonReader.java,1186,"peekedString = new String(buffer, pos, peekedNumberLength);"
S1392,JsonReader.java,1187,pos += peekedNumberLength;
S1393,JsonReader.java,1188,} else if (p == PEEKED_SINGLE_QUOTED || p == PEEKED_DOUBLE_QUOTED || p == PEEKED_UNQUOTED) {
S1394,JsonReader.java,1189,if (p == PEEKED_UNQUOTED) {
S1395,JsonReader.java,1190,peekedString = nextUnquotedValue();
S1396,JsonReader.java,1192,"peekedString = nextQuotedValue(p == PEEKED_SINGLE_QUOTED ? '\'' : '""');"
S1397,JsonReader.java,1195,result = Integer.parseInt(peekedString);
S1398,JsonReader.java,1196,peeked = PEEKED_NONE;
S1399,JsonReader.java,1197,pathIndices[stackSize - 1]++;
S1400,JsonReader.java,1198,return result;
S1401,JsonReader.java,1199,} catch (NumberFormatException ignored) {
S1402,JsonReader.java,1203,"throw new IllegalStateException(""Expected an int but was "" + peek() + locationString());"
S1403,JsonReader.java,1206,peeked = PEEKED_BUFFERED;
S1404,JsonReader.java,1207,double asDouble = Double.parseDouble(peekedString); // don't catch this NumberFormatException.
S1405,JsonReader.java,1208,result = (int) asDouble;
S1406,JsonReader.java,1209,if (result != asDouble) { // Make sure no precision was lost casting to 'int'.
S1407,JsonReader.java,1210,"throw new NumberFormatException(""Expected an int but was "" + peekedString + locationString());"
S1408,JsonReader.java,1212,peekedString = null;
S1409,JsonReader.java,1213,peeked = PEEKED_NONE;
S1410,JsonReader.java,1214,pathIndices[stackSize - 1]++;
S1411,JsonReader.java,1215,return result;
S1412,JsonReader.java,1222,peeked = PEEKED_NONE;
S1413,JsonReader.java,1223,stack[0] = JsonScope.CLOSED;
S1414,JsonReader.java,1224,stackSize = 1;
S1415,JsonReader.java,1225,in.close();
S1416,JsonReader.java,1234,int count = 0;
S1417,JsonReader.java,1236,int p = peeked;
S1418,JsonReader.java,1237,if (p == PEEKED_NONE) {
S1419,JsonReader.java,1238,p = doPeek();
S1420,JsonReader.java,1241,if (p == PEEKED_BEGIN_ARRAY) {
S1421,JsonReader.java,1242,push(JsonScope.EMPTY_ARRAY);
S1422,JsonReader.java,1243,count++;
S1423,JsonReader.java,1244,} else if (p == PEEKED_BEGIN_OBJECT) {
S1424,JsonReader.java,1245,push(JsonScope.EMPTY_OBJECT);
S1425,JsonReader.java,1246,count++;
S1426,JsonReader.java,1247,} else if (p == PEEKED_END_ARRAY) {
S1427,JsonReader.java,1248,stackSize--;
S1428,JsonReader.java,1249,count--;
S1429,JsonReader.java,1250,} else if (p == PEEKED_END_OBJECT) {
S1430,JsonReader.java,1251,stackSize--;
S1431,JsonReader.java,1252,count--;
S1432,JsonReader.java,1253,} else if (p == PEEKED_UNQUOTED_NAME || p == PEEKED_UNQUOTED) {
S1433,JsonReader.java,1254,skipUnquotedValue();
S1434,JsonReader.java,1255,} else if (p == PEEKED_SINGLE_QUOTED || p == PEEKED_SINGLE_QUOTED_NAME) {
S1435,JsonReader.java,1256,skipQuotedValue('\'');
S1436,JsonReader.java,1257,} else if (p == PEEKED_DOUBLE_QUOTED || p == PEEKED_DOUBLE_QUOTED_NAME) {
S1437,JsonReader.java,1258,"skipQuotedValue('""');"
S1438,JsonReader.java,1259,} else if (p == PEEKED_NUMBER) {
S1439,JsonReader.java,1260,pos += peekedNumberLength;
S1440,JsonReader.java,1262,peeked = PEEKED_NONE;
S1441,JsonReader.java,1263,} while (count != 0);
S1442,JsonReader.java,1265,pathIndices[stackSize - 1]++;
S1443,JsonReader.java,1266,"pathNames[stackSize - 1] = ""null"";"
S1444,JsonReader.java,1270,if (stackSize == stack.length) {
S1445,JsonReader.java,1271,int[] newStack = new int[stackSize * 2];
S1446,JsonReader.java,1272,int[] newPathIndices = new int[stackSize * 2];
S1447,JsonReader.java,1273,String[] newPathNames = new String[stackSize * 2];
S1448,JsonReader.java,1274,"System.arraycopy(stack, 0, newStack, 0, stackSize);"
S1449,JsonReader.java,1275,"System.arraycopy(pathIndices, 0, newPathIndices, 0, stackSize);"
S1450,JsonReader.java,1276,"System.arraycopy(pathNames, 0, newPathNames, 0, stackSize);"
S1451,JsonReader.java,1277,stack = newStack;
S1452,JsonReader.java,1278,pathIndices = newPathIndices;
S1453,JsonReader.java,1279,pathNames = newPathNames;
S1454,JsonReader.java,1281,stack[stackSize++] = newTop;
S1455,JsonReader.java,1290,char[] buffer = this.buffer;
S1456,JsonReader.java,1291,lineStart -= pos;
S1457,JsonReader.java,1292,if (limit != pos) {
S1458,JsonReader.java,1293,limit -= pos;
S1459,JsonReader.java,1294,"System.arraycopy(buffer, pos, buffer, 0, limit);"
S1460,JsonReader.java,1296,limit = 0;
S1461,JsonReader.java,1299,pos = 0;
S1462,JsonReader.java,1301,"while ((total = in.read(buffer, limit, buffer.length - limit)) != -1) {"
S1463,JsonReader.java,1302,limit += total;
S1464,JsonReader.java,1305,if (lineNumber == 0 && lineStart == 0 && limit > 0 && buffer[0] == '\ufeff') {
S1465,JsonReader.java,1306,pos++;
S1466,JsonReader.java,1307,lineStart++;
S1467,JsonReader.java,1308,minimum++;
S1468,JsonReader.java,1311,if (limit >= minimum) {
S1469,JsonReader.java,1312,return true;
S1470,JsonReader.java,1315,return false;
S1471,JsonReader.java,1333,char[] buffer = this.buffer;
S1472,JsonReader.java,1334,int p = pos;
S1473,JsonReader.java,1335,int l = limit;
S1474,JsonReader.java,1337,if (p == l) {
S1475,JsonReader.java,1338,pos = p;
S1476,JsonReader.java,1339,if (!fillBuffer(1)) {
S1477,JsonReader.java,1340,break;
S1478,JsonReader.java,1342,p = pos;
S1479,JsonReader.java,1343,l = limit;
S1480,JsonReader.java,1346,int c = buffer[p++];
S1481,JsonReader.java,1347,if (c == '\n') {
S1482,JsonReader.java,1348,lineNumber++;
S1483,JsonReader.java,1349,lineStart = p;
S1484,JsonReader.java,1350,continue;
S1485,JsonReader.java,1351,} else if (c == ' ' || c == '\r' || c == '\t') {
S1486,JsonReader.java,1352,continue;
S1487,JsonReader.java,1355,if (c == '/') {
S1488,JsonReader.java,1356,pos = p;
S1489,JsonReader.java,1357,if (p == l) {
S1490,JsonReader.java,1358,pos--; // push back '/' so it's still in the buffer when this method returns
S1491,JsonReader.java,1359,boolean charsLoaded = fillBuffer(2);
S1492,JsonReader.java,1360,pos++; // consume the '/' again
S1493,JsonReader.java,1361,if (!charsLoaded) {
S1494,JsonReader.java,1362,return c;
S1495,JsonReader.java,1366,checkLenient();
S1496,JsonReader.java,1367,char peek = buffer[pos];
S1497,JsonReader.java,1368,switch (peek) {
S1498,JsonReader.java,1371,pos++;
S1499,JsonReader.java,1372,"if (!skipTo(""*/"")) {"
S1500,JsonReader.java,1375,p = pos + 2;
S1501,JsonReader.java,1376,l = limit;
S1502,JsonReader.java,1377,continue;
S1503,JsonReader.java,1381,pos++;
S1504,JsonReader.java,1382,skipToEndOfLine();
S1505,JsonReader.java,1383,p = pos;
S1506,JsonReader.java,1384,l = limit;
S1507,JsonReader.java,1385,continue;
S1508,JsonReader.java,1388,return c;
S1509,JsonReader.java,1390,} else if (c == '#') {
S1510,JsonReader.java,1391,pos = p;
S1511,JsonReader.java,1397,checkLenient();
S1512,JsonReader.java,1398,skipToEndOfLine();
S1513,JsonReader.java,1399,p = pos;
S1514,JsonReader.java,1400,l = limit;
S1515,JsonReader.java,1402,pos = p;
S1516,JsonReader.java,1403,return c;
S1517,JsonReader.java,1406,if (throwOnEof) {
S1518,JsonReader.java,1407,"throw new EOFException(""End of input"" + locationString());"
S1519,JsonReader.java,1409,return -1;
S1520,JsonReader.java,1414,if (!lenient) {
S1521,JsonReader.java,1415,"throw syntaxError(""Use JsonReader.setLenient(true) to accept malformed JSON"");"
S1522,JsonReader.java,1425,while (pos < limit || fillBuffer(1)) {
S1523,JsonReader.java,1426,char c = buffer[pos++];
S1524,JsonReader.java,1427,if (c == '\n') {
S1525,JsonReader.java,1428,lineNumber++;
S1526,JsonReader.java,1429,lineStart = pos;
S1527,JsonReader.java,1430,break;
S1528,JsonReader.java,1431,} else if (c == '\r') {
S1529,JsonReader.java,1432,break;
S1530,JsonReader.java,1442,for (; pos + toFind.length() <= limit || fillBuffer(toFind.length()); pos++) {
S1531,JsonReader.java,1443,if (buffer[pos] == '\n') {
S1532,JsonReader.java,1444,lineNumber++;
S1533,JsonReader.java,1445,lineStart = pos + 1;
S1534,JsonReader.java,1446,continue;
S1535,JsonReader.java,1448,for (int c = 0; c < toFind.length(); c++) {
S1536,JsonReader.java,1449,if (buffer[pos + c] != toFind.charAt(c)) {
S1537,JsonReader.java,1450,continue outer;
S1538,JsonReader.java,1453,return true;
S1539,JsonReader.java,1463,int line = lineNumber + 1;
S1540,JsonReader.java,1464,int column = pos - lineStart + 1;
S1541,JsonReader.java,1465,"return "" at line "" + line + "" column "" + column + "" path "" + getPath();"
S1542,JsonReader.java,1473,StringBuilder result = new StringBuilder().append('$');
S1543,JsonReader.java,1474,"for (int i = 0, size = stackSize; i < size; i++) {"
S1544,JsonReader.java,1475,switch (stack[i]) {
S1545,JsonReader.java,1478,result.append('[').append(pathIndices[i]).append(']');
S1546,JsonReader.java,1479,break;
S1547,JsonReader.java,1484,result.append('.');
S1548,JsonReader.java,1485,if (pathNames[i] != null) {
S1549,JsonReader.java,1486,result.append(pathNames[i]);
S1550,JsonReader.java,1496,return result.toString();
S1551,JsonReader.java,1509,if (pos == limit && !fillBuffer(1)) {
S1552,JsonReader.java,1510,"throw syntaxError(""Unterminated escape sequence"");"
S1553,JsonReader.java,1513,char escaped = buffer[pos++];
S1554,JsonReader.java,1514,switch (escaped) {
S1555,JsonReader.java,1516,if (pos + 4 > limit && !fillBuffer(4)) {
S1556,JsonReader.java,1517,"throw syntaxError(""Unterminated escape sequence"");"
S1557,JsonReader.java,1520,char result = 0;
S1558,JsonReader.java,1521,"for (int i = pos, end = i + 4; i < end; i++) {"
S1559,JsonReader.java,1522,char c = buffer[i];
S1560,JsonReader.java,1523,result <<= 4;
S1561,JsonReader.java,1524,if (c >= '0' && c <= '9') {
S1562,JsonReader.java,1525,result += (c - '0');
S1563,JsonReader.java,1526,} else if (c >= 'a' && c <= 'f') {
S1564,JsonReader.java,1527,result += (c - 'a' + 10);
S1565,JsonReader.java,1528,} else if (c >= 'A' && c <= 'F') {
S1566,JsonReader.java,1529,result += (c - 'A' + 10);
S1567,JsonReader.java,1531,"throw new NumberFormatException(""\\u"" + new String(buffer, pos, 4));"
S1568,JsonReader.java,1534,pos += 4;
S1569,JsonReader.java,1535,return result;
S1570,JsonReader.java,1538,return '\t';
S1571,JsonReader.java,1541,return '\b';
S1572,JsonReader.java,1544,return '\n';
S1573,JsonReader.java,1547,return '\r';
S1574,JsonReader.java,1550,return '\f';
S1575,JsonReader.java,1553,lineNumber++;
S1576,JsonReader.java,1554,lineStart = pos;
S1577,JsonReader.java,1561,return escaped;
S1578,JsonReader.java,1564,"throw syntaxError(""Invalid escape sequence"");"
S1579,JsonReader.java,1573,throw new MalformedJsonException(message + locationString());
S1580,JsonReader.java,1581,nextNonWhitespace(true);
S1581,JsonReader.java,1582,pos--;
S1582,JsonReader.java,1584,if (pos + NON_EXECUTE_PREFIX.length > limit && !fillBuffer(NON_EXECUTE_PREFIX.length)) {
S1583,JsonReader.java,1585,return;
S1584,JsonReader.java,1588,for (int i = 0; i < NON_EXECUTE_PREFIX.length; i++) {
S1585,JsonReader.java,1589,if (buffer[pos + i] != NON_EXECUTE_PREFIX[i]) {
S1586,JsonReader.java,1590,return; // not a security token!
S1587,JsonReader.java,1595,pos += NON_EXECUTE_PREFIX.length;
S1588,JsonReader.java,1599,JsonReaderInternalAccess.INSTANCE = new JsonReaderInternalAccess() {
S1589,JsonReader.java,1601,if (reader instanceof JsonTreeReader) {
S1590,JsonReader.java,1602,((JsonTreeReader)reader).promoteNameToValue();
S1591,JsonReader.java,1603,return;
S1592,JsonReader.java,1605,int p = reader.peeked;
S1593,JsonReader.java,1606,if (p == PEEKED_NONE) {
S1594,JsonReader.java,1609,if (p == PEEKED_DOUBLE_QUOTED_NAME) {
S1595,JsonReader.java,1610,reader.peeked = PEEKED_DOUBLE_QUOTED;
S1596,JsonReader.java,1611,} else if (p == PEEKED_SINGLE_QUOTED_NAME) {
S1597,JsonReader.java,1612,reader.peeked = PEEKED_SINGLE_QUOTED;
S1598,JsonReader.java,1613,} else if (p == PEEKED_UNQUOTED_NAME) {
S1599,JsonReader.java,1614,reader.peeked = PEEKED_UNQUOTED;
S1600,JsonReaderInternalAccess.java,25,public abstract class JsonReaderInternalAccess {
S1601,JsonStreamParser.java,61,this(new StringReader(json));
S1602,JsonStreamParser.java,68,public JsonStreamParser(Reader reader) {
S1603,JsonStreamParser.java,69,parser = new JsonReader(reader);
S1604,JsonStreamParser.java,70,parser.setLenient(true);
S1605,JsonStreamParser.java,71,lock = new Object();
S1606,JsonStreamParser.java,82,if (!hasNext()) {
S1607,JsonStreamParser.java,83,throw new NoSuchElementException();
S1608,JsonStreamParser.java,87,return Streams.parse(parser);
S1609,JsonStreamParser.java,103,synchronized (lock) {
S1610,JsonStreamParser.java,105,return parser.peek() != JsonToken.END_DOCUMENT;
S1611,JsonSyntaxException.java,30,super(msg);
S1612,JsonSyntaxException.java,45,super(cause);
S1613,JsonToken.java,25,public enum JsonToken {
S1614,JsonToken.java,31,"BEGIN_ARRAY,"
S1615,JsonToken.java,37,"END_ARRAY,"
S1616,JsonToken.java,43,"BEGIN_OBJECT,"
S1617,JsonToken.java,49,"END_OBJECT,"
S1618,JsonToken.java,56,"NAME,"
S1619,JsonToken.java,61,"STRING,"
S1620,JsonToken.java,67,"NUMBER,"
S1621,JsonToken.java,72,"BOOLEAN,"
S1622,JsonToken.java,77,"NULL,"
S1623,JsonToken.java,84,END_DOCUMENT
S1624,JsonTreeReader.java,38,private static final Reader UNREADABLE_READER = new Reader() {
S1625,JsonTreeReader.java,46,private static final Object SENTINEL_CLOSED = new Object();
S1626,JsonTreeReader.java,51,private Object[] stack = new Object[32];
S1627,JsonTreeReader.java,52,private int stackSize = 0;
S1628,JsonTreeReader.java,62,private String[] pathNames = new String[32];
S1629,JsonTreeReader.java,63,private int[] pathIndices = new int[32];
S1630,JsonTreeReader.java,66,super(UNREADABLE_READER);
S1631,JsonTreeReader.java,67,push(element);
S1632,JsonTreeReader.java,71,expect(JsonToken.BEGIN_ARRAY);
S1633,JsonTreeReader.java,72,JsonArray array = (JsonArray) peekStack();
S1634,JsonTreeReader.java,73,push(array.iterator());
S1635,JsonTreeReader.java,74,pathIndices[stackSize - 1] = 0;
S1636,JsonTreeReader.java,78,expect(JsonToken.END_ARRAY);
S1637,JsonTreeReader.java,79,popStack(); // empty iterator
S1638,JsonTreeReader.java,80,popStack(); // array
S1639,JsonTreeReader.java,81,if (stackSize > 0) {
S1640,JsonTreeReader.java,82,pathIndices[stackSize - 1]++;
S1641,JsonTreeReader.java,87,expect(JsonToken.BEGIN_OBJECT);
S1642,JsonTreeReader.java,88,JsonObject object = (JsonObject) peekStack();
S1643,JsonTreeReader.java,89,push(object.entrySet().iterator());
S1644,JsonTreeReader.java,93,expect(JsonToken.END_OBJECT);
S1645,JsonTreeReader.java,94,popStack(); // empty iterator
S1646,JsonTreeReader.java,95,popStack(); // object
S1647,JsonTreeReader.java,96,if (stackSize > 0) {
S1648,JsonTreeReader.java,97,pathIndices[stackSize - 1]++;
S1649,JsonTreeReader.java,102,JsonToken token = peek();
S1650,JsonTreeReader.java,103,return token != JsonToken.END_OBJECT && token != JsonToken.END_ARRAY;
S1651,JsonTreeReader.java,107,if (stackSize == 0) {
S1652,JsonTreeReader.java,108,return JsonToken.END_DOCUMENT;
S1653,JsonTreeReader.java,111,Object o = peekStack();
S1654,JsonTreeReader.java,112,if (o instanceof Iterator) {
S1655,JsonTreeReader.java,113,boolean isObject = stack[stackSize - 2] instanceof JsonObject;
S1656,JsonTreeReader.java,114,Iterator<?> iterator = (Iterator<?>) o;
S1657,JsonTreeReader.java,115,if (iterator.hasNext()) {
S1658,JsonTreeReader.java,116,if (isObject) {
S1659,JsonTreeReader.java,117,return JsonToken.NAME;
S1660,JsonTreeReader.java,119,push(iterator.next());
S1661,JsonTreeReader.java,120,return peek();
S1662,JsonTreeReader.java,123,return isObject ? JsonToken.END_OBJECT : JsonToken.END_ARRAY;
S1663,JsonTreeReader.java,125,} else if (o instanceof JsonObject) {
S1664,JsonTreeReader.java,126,return JsonToken.BEGIN_OBJECT;
S1665,JsonTreeReader.java,127,} else if (o instanceof JsonArray) {
S1666,JsonTreeReader.java,128,return JsonToken.BEGIN_ARRAY;
S1667,JsonTreeReader.java,129,} else if (o instanceof JsonPrimitive) {
S1668,JsonTreeReader.java,130,JsonPrimitive primitive = (JsonPrimitive) o;
S1669,JsonTreeReader.java,131,if (primitive.isString()) {
S1670,JsonTreeReader.java,132,return JsonToken.STRING;
S1671,JsonTreeReader.java,133,} else if (primitive.isBoolean()) {
S1672,JsonTreeReader.java,134,return JsonToken.BOOLEAN;
S1673,JsonTreeReader.java,135,} else if (primitive.isNumber()) {
S1674,JsonTreeReader.java,136,return JsonToken.NUMBER;
S1675,JsonTreeReader.java,140,} else if (o instanceof JsonNull) {
S1676,JsonTreeReader.java,141,return JsonToken.NULL;
S1677,JsonTreeReader.java,142,} else if (o == SENTINEL_CLOSED) {
S1678,JsonTreeReader.java,143,"throw new IllegalStateException(""JsonReader is closed"");"
S1679,JsonTreeReader.java,150,return stack[stackSize - 1];
S1680,JsonTreeReader.java,154,Object result = stack[--stackSize];
S1681,JsonTreeReader.java,155,stack[stackSize] = null;
S1682,JsonTreeReader.java,156,return result;
S1683,JsonTreeReader.java,160,if (peek() != expected) {
S1684,JsonTreeReader.java,161,throw new IllegalStateException(
S1685,JsonTreeReader.java,167,expect(JsonToken.NAME);
S1686,JsonTreeReader.java,168,Iterator<?> i = (Iterator<?>) peekStack();
S1687,JsonTreeReader.java,169,"Map.Entry<?, ?> entry = (Map.Entry<?, ?>) i.next();"
S1688,JsonTreeReader.java,170,String result = (String) entry.getKey();
S1689,JsonTreeReader.java,171,pathNames[stackSize - 1] = result;
S1690,JsonTreeReader.java,172,push(entry.getValue());
S1691,JsonTreeReader.java,173,return result;
S1692,JsonTreeReader.java,177,JsonToken token = peek();
S1693,JsonTreeReader.java,178,if (token != JsonToken.STRING && token != JsonToken.NUMBER) {
S1694,JsonTreeReader.java,179,throw new IllegalStateException(
S1695,JsonTreeReader.java,182,String result = ((JsonPrimitive) popStack()).getAsString();
S1696,JsonTreeReader.java,183,if (stackSize > 0) {
S1697,JsonTreeReader.java,184,pathIndices[stackSize - 1]++;
S1698,JsonTreeReader.java,186,return result;
S1699,JsonTreeReader.java,190,expect(JsonToken.BOOLEAN);
S1700,JsonTreeReader.java,191,boolean result = ((JsonPrimitive) popStack()).getAsBoolean();
S1701,JsonTreeReader.java,192,if (stackSize > 0) {
S1702,JsonTreeReader.java,193,pathIndices[stackSize - 1]++;
S1703,JsonTreeReader.java,195,return result;
S1704,JsonTreeReader.java,199,expect(JsonToken.NULL);
S1705,JsonTreeReader.java,200,popStack();
S1706,JsonTreeReader.java,201,if (stackSize > 0) {
S1707,JsonTreeReader.java,202,pathIndices[stackSize - 1]++;
S1708,JsonTreeReader.java,207,JsonToken token = peek();
S1709,JsonTreeReader.java,208,if (token != JsonToken.NUMBER && token != JsonToken.STRING) {
S1710,JsonTreeReader.java,209,throw new IllegalStateException(
S1711,JsonTreeReader.java,212,double result = ((JsonPrimitive) peekStack()).getAsDouble();
S1712,JsonTreeReader.java,213,if (!isLenient() && (Double.isNaN(result) || Double.isInfinite(result))) {
S1713,JsonTreeReader.java,214,"throw new NumberFormatException(""JSON forbids NaN and infinities: "" + result);"
S1714,JsonTreeReader.java,216,popStack();
S1715,JsonTreeReader.java,217,if (stackSize > 0) {
S1716,JsonTreeReader.java,218,pathIndices[stackSize - 1]++;
S1717,JsonTreeReader.java,220,return result;
S1718,JsonTreeReader.java,224,JsonToken token = peek();
S1719,JsonTreeReader.java,225,if (token != JsonToken.NUMBER && token != JsonToken.STRING) {
S1720,JsonTreeReader.java,226,throw new IllegalStateException(
S1721,JsonTreeReader.java,229,long result = ((JsonPrimitive) peekStack()).getAsLong();
S1722,JsonTreeReader.java,230,popStack();
S1723,JsonTreeReader.java,231,if (stackSize > 0) {
S1724,JsonTreeReader.java,232,pathIndices[stackSize - 1]++;
S1725,JsonTreeReader.java,234,return result;
S1726,JsonTreeReader.java,238,JsonToken token = peek();
S1727,JsonTreeReader.java,239,if (token != JsonToken.NUMBER && token != JsonToken.STRING) {
S1728,JsonTreeReader.java,240,throw new IllegalStateException(
S1729,JsonTreeReader.java,243,int result = ((JsonPrimitive) peekStack()).getAsInt();
S1730,JsonTreeReader.java,244,popStack();
S1731,JsonTreeReader.java,245,if (stackSize > 0) {
S1732,JsonTreeReader.java,246,pathIndices[stackSize - 1]++;
S1733,JsonTreeReader.java,248,return result;
S1734,JsonTreeReader.java,252,stack = new Object[] { SENTINEL_CLOSED };
S1735,JsonTreeReader.java,253,stackSize = 1;
S1736,JsonTreeReader.java,257,if (peek() == JsonToken.NAME) {
S1737,JsonTreeReader.java,261,popStack();
S1738,JsonTreeReader.java,262,if (stackSize > 0) {
S1739,JsonTreeReader.java,263,"pathNames[stackSize - 1] = ""null"";"
S1740,JsonTreeReader.java,266,if (stackSize > 0) {
S1741,JsonTreeReader.java,267,pathIndices[stackSize - 1]++;
S1742,JsonTreeReader.java,276,expect(JsonToken.NAME);
S1743,JsonTreeReader.java,277,Iterator<?> i = (Iterator<?>) peekStack();
S1744,JsonTreeReader.java,278,"Map.Entry<?, ?> entry = (Map.Entry<?, ?>) i.next();"
S1745,JsonTreeReader.java,279,push(entry.getValue());
S1746,JsonTreeReader.java,280,push(new JsonPrimitive((String) entry.getKey()));
S1747,JsonTreeReader.java,284,if (stackSize == stack.length) {
S1748,JsonTreeReader.java,295,stack[stackSize++] = newTop;
S1749,JsonTreeReader.java,299,StringBuilder result = new StringBuilder().append('$');
S1750,JsonTreeReader.java,300,for (int i = 0; i < stackSize; i++) {
S1751,JsonTreeReader.java,301,if (stack[i] instanceof JsonArray) {
S1752,JsonTreeReader.java,302,if (stack[++i] instanceof Iterator) {
S1753,JsonTreeReader.java,303,result.append('[').append(pathIndices[i]).append(']');
S1754,JsonTreeReader.java,305,} else if (stack[i] instanceof JsonObject) {
S1755,JsonTreeReader.java,306,if (stack[++i] instanceof Iterator) {
S1756,JsonTreeReader.java,307,result.append('.');
S1757,JsonTreeReader.java,308,if (pathNames[i] != null) {
S1758,JsonTreeReader.java,309,result.append(pathNames[i]);
S1759,JsonTreeReader.java,314,return result.toString();
S1760,JsonTreeReader.java,318,"return "" at path "" + getPath();"
S1761,JsonTreeWriter.java,34,private static final Writer UNWRITABLE_WRITER = new Writer() {
S1762,JsonTreeWriter.java,46,"private static final JsonPrimitive SENTINEL_CLOSED = new JsonPrimitive(""closed"");"
S1763,JsonTreeWriter.java,49,private final List<JsonElement> stack = new ArrayList<JsonElement>();
S1764,JsonTreeWriter.java,55,private JsonElement product = JsonNull.INSTANCE; // TODO: is this really what we want?;
S1765,JsonTreeWriter.java,58,super(UNWRITABLE_WRITER);
S1766,JsonTreeWriter.java,65,if (!stack.isEmpty()) {
S1767,JsonTreeWriter.java,68,return product;
S1768,JsonTreeWriter.java,72,return stack.get(stack.size() - 1);
S1769,JsonTreeWriter.java,76,if (pendingName != null) {
S1770,JsonTreeWriter.java,77,if (!value.isJsonNull() || getSerializeNulls()) {
S1771,JsonTreeWriter.java,78,JsonObject object = (JsonObject) peek();
S1772,JsonTreeWriter.java,79,"object.add(pendingName, value);"
S1773,JsonTreeWriter.java,81,pendingName = null;
S1774,JsonTreeWriter.java,82,} else if (stack.isEmpty()) {
S1775,JsonTreeWriter.java,83,product = value;
S1776,JsonTreeWriter.java,85,JsonElement element = peek();
S1777,JsonTreeWriter.java,86,if (element instanceof JsonArray) {
S1778,JsonTreeWriter.java,87,((JsonArray) element).add(value);
S1779,JsonTreeWriter.java,89,throw new IllegalStateException();
S1780,JsonTreeWriter.java,95,JsonArray array = new JsonArray();
S1781,JsonTreeWriter.java,96,put(array);
S1782,JsonTreeWriter.java,97,stack.add(array);
S1783,JsonTreeWriter.java,98,return this;
S1784,JsonTreeWriter.java,102,if (stack.isEmpty() || pendingName != null) {
S1785,JsonTreeWriter.java,105,JsonElement element = peek();
S1786,JsonTreeWriter.java,106,if (element instanceof JsonArray) {
S1787,JsonTreeWriter.java,107,stack.remove(stack.size() - 1);
S1788,JsonTreeWriter.java,108,return this;
S1789,JsonTreeWriter.java,114,JsonObject object = new JsonObject();
S1790,JsonTreeWriter.java,115,put(object);
S1791,JsonTreeWriter.java,116,stack.add(object);
S1792,JsonTreeWriter.java,117,return this;
S1793,JsonTreeWriter.java,121,if (stack.isEmpty() || pendingName != null) {
S1794,JsonTreeWriter.java,124,JsonElement element = peek();
S1795,JsonTreeWriter.java,125,if (element instanceof JsonObject) {
S1796,JsonTreeWriter.java,126,stack.remove(stack.size() - 1);
S1797,JsonTreeWriter.java,127,return this;
S1798,JsonTreeWriter.java,133,if (stack.isEmpty() || pendingName != null) {
S1799,JsonTreeWriter.java,136,JsonElement element = peek();
S1800,JsonTreeWriter.java,137,if (element instanceof JsonObject) {
S1801,JsonTreeWriter.java,138,pendingName = name;
S1802,JsonTreeWriter.java,139,return this;
S1803,JsonTreeWriter.java,145,if (value == null) {
S1804,JsonTreeWriter.java,146,return nullValue();
S1805,JsonTreeWriter.java,148,put(new JsonPrimitive(value));
S1806,JsonTreeWriter.java,149,return this;
S1807,JsonTreeWriter.java,153,put(JsonNull.INSTANCE);
S1808,JsonTreeWriter.java,154,return this;
S1809,JsonTreeWriter.java,163,if (value == null) {
S1810,JsonTreeWriter.java,166,put(new JsonPrimitive(value));
S1811,JsonTreeWriter.java,167,return this;
S1812,JsonTreeWriter.java,171,if (!isLenient() && (Double.isNaN(value) || Double.isInfinite(value))) {
S1813,JsonTreeWriter.java,172,"throw new IllegalArgumentException(""JSON forbids NaN and infinities: "" + value);"
S1814,JsonTreeWriter.java,174,put(new JsonPrimitive(value));
S1815,JsonTreeWriter.java,175,return this;
S1816,JsonTreeWriter.java,179,put(new JsonPrimitive(value));
S1817,JsonTreeWriter.java,180,return this;
S1818,JsonTreeWriter.java,184,if (value == null) {
S1819,JsonTreeWriter.java,188,if (!isLenient()) {
S1820,JsonTreeWriter.java,189,double d = value.doubleValue();
S1821,JsonTreeWriter.java,190,if (Double.isNaN(d) || Double.isInfinite(d)) {
S1822,JsonTreeWriter.java,191,"throw new IllegalArgumentException(""JSON forbids NaN and infinities: "" + value);"
S1823,JsonTreeWriter.java,195,put(new JsonPrimitive(value));
S1824,JsonTreeWriter.java,196,return this;
S1825,JsonTreeWriter.java,203,if (!stack.isEmpty()) {
S1826,JsonTreeWriter.java,204,"throw new IOException(""Incomplete document"");"
S1827,JsonTreeWriter.java,206,stack.add(SENTINEL_CLOSED);
S1828,JsonWriter.java,145,REPLACEMENT_CHARS = new String[128];
S1829,JsonWriter.java,146,for (int i = 0; i <= 0x1f; i++) {
S1830,JsonWriter.java,147,"REPLACEMENT_CHARS[i] = String.format(""\\u%04x"", (int) i);"
S1831,JsonWriter.java,149,"REPLACEMENT_CHARS['""'] = ""\\\"""";"
S1832,JsonWriter.java,150,"REPLACEMENT_CHARS['\\'] = ""\\\\"";"
S1833,JsonWriter.java,151,"REPLACEMENT_CHARS['\t'] = ""\\t"";"
S1834,JsonWriter.java,152,"REPLACEMENT_CHARS['\b'] = ""\\b"";"
S1835,JsonWriter.java,153,"REPLACEMENT_CHARS['\n'] = ""\\n"";"
S1836,JsonWriter.java,154,"REPLACEMENT_CHARS['\r'] = ""\\r"";"
S1837,JsonWriter.java,155,"REPLACEMENT_CHARS['\f'] = ""\\f"";"
S1838,JsonWriter.java,156,HTML_SAFE_REPLACEMENT_CHARS = REPLACEMENT_CHARS.clone();
S1839,JsonWriter.java,157,"HTML_SAFE_REPLACEMENT_CHARS['<'] = ""\\u003c"";"
S1840,JsonWriter.java,158,"HTML_SAFE_REPLACEMENT_CHARS['>'] = ""\\u003e"";"
S1841,JsonWriter.java,159,"HTML_SAFE_REPLACEMENT_CHARS['&'] = ""\\u0026"";"
S1842,JsonWriter.java,160,"HTML_SAFE_REPLACEMENT_CHARS['='] = ""\\u003d"";"
S1843,JsonWriter.java,161,"HTML_SAFE_REPLACEMENT_CHARS['\''] = ""\\u0027"";"
S1844,JsonWriter.java,167,private int[] stack = new int[32];
S1845,JsonWriter.java,168,private int stackSize = 0;
S1846,JsonWriter.java,170,push(EMPTY_DOCUMENT);
S1847,JsonWriter.java,182,"private String separator = "":"";"
S1848,JsonWriter.java,190,private boolean serializeNulls = true;
S1849,JsonWriter.java,197,public JsonWriter(Writer out) {
S1850,JsonWriter.java,198,if (out == null) {
S1851,JsonWriter.java,201,this.out = out;
S1852,JsonWriter.java,213,if (indent.length() == 0) {
S1853,JsonWriter.java,217,this.indent = indent;
S1854,JsonWriter.java,218,"this.separator = "": "";"
S1855,JsonWriter.java,235,this.lenient = lenient;
S1856,JsonWriter.java,242,return lenient;
S1857,JsonWriter.java,253,this.htmlSafe = htmlSafe;
S1858,JsonWriter.java,261,return htmlSafe;
S1859,JsonWriter.java,269,this.serializeNulls = serializeNulls;
S1860,JsonWriter.java,277,return serializeNulls;
S1861,JsonWriter.java,287,writeDeferredName();
S1862,JsonWriter.java,288,"return open(EMPTY_ARRAY, ""["");"
S1863,JsonWriter.java,297,"return close(EMPTY_ARRAY, NONEMPTY_ARRAY, ""]"");"
S1864,JsonWriter.java,307,writeDeferredName();
S1865,JsonWriter.java,308,"return open(EMPTY_OBJECT, ""{"");"
S1866,JsonWriter.java,317,"return close(EMPTY_OBJECT, NONEMPTY_OBJECT, ""}"");"
S1867,JsonWriter.java,325,beforeValue();
S1868,JsonWriter.java,326,push(empty);
S1869,JsonWriter.java,327,out.write(openBracket);
S1870,JsonWriter.java,328,return this;
S1871,JsonWriter.java,337,int context = peek();
S1872,JsonWriter.java,338,if (context != nonempty && context != empty) {
S1873,JsonWriter.java,341,if (deferredName != null) {
S1874,JsonWriter.java,345,stackSize--;
S1875,JsonWriter.java,346,if (context == nonempty) {
S1876,JsonWriter.java,347,newline();
S1877,JsonWriter.java,349,out.write(closeBracket);
S1878,JsonWriter.java,350,return this;
S1879,JsonWriter.java,354,if (stackSize == stack.length) {
S1880,JsonWriter.java,355,int[] newStack = new int[stackSize * 2];
S1881,JsonWriter.java,356,"System.arraycopy(stack, 0, newStack, 0, stackSize);"
S1882,JsonWriter.java,357,stack = newStack;
S1883,JsonWriter.java,359,stack[stackSize++] = newTop;
S1884,JsonWriter.java,366,if (stackSize == 0) {
S1885,JsonWriter.java,367,"throw new IllegalStateException(""JsonWriter is closed."");"
S1886,JsonWriter.java,369,return stack[stackSize - 1];
S1887,JsonWriter.java,376,stack[stackSize - 1] = topOfStack;
S1888,JsonWriter.java,386,if (name == null) {
S1889,JsonWriter.java,389,if (deferredName != null) {
S1890,JsonWriter.java,392,if (stackSize == 0) {
S1891,JsonWriter.java,395,deferredName = name;
S1892,JsonWriter.java,396,return this;
S1893,JsonWriter.java,400,if (deferredName != null) {
S1894,JsonWriter.java,401,beforeName();
S1895,JsonWriter.java,402,string(deferredName);
S1896,JsonWriter.java,403,deferredName = null;
S1897,JsonWriter.java,414,if (value == null) {
S1898,JsonWriter.java,415,return nullValue();
S1899,JsonWriter.java,417,writeDeferredName();
S1900,JsonWriter.java,418,beforeValue();
S1901,JsonWriter.java,419,string(value);
S1902,JsonWriter.java,420,return this;
S1903,JsonWriter.java,446,if (deferredName != null) {
S1904,JsonWriter.java,447,if (serializeNulls) {
S1905,JsonWriter.java,448,writeDeferredName();
S1906,JsonWriter.java,450,deferredName = null;
S1907,JsonWriter.java,451,return this; // skip the name and the value
S1908,JsonWriter.java,454,beforeValue();
S1909,JsonWriter.java,455,"out.write(""null"");"
S1910,JsonWriter.java,456,return this;
S1911,JsonWriter.java,465,writeDeferredName();
S1912,JsonWriter.java,466,beforeValue();
S1913,JsonWriter.java,467,"out.write(value ? ""true"" : ""false"");"
S1914,JsonWriter.java,468,return this;
S1915,JsonWriter.java,477,if (value == null) {
S1916,JsonWriter.java,478,return nullValue();
S1917,JsonWriter.java,480,writeDeferredName();
S1918,JsonWriter.java,481,beforeValue();
S1919,JsonWriter.java,482,"out.write(value ? ""true"" : ""false"");"
S1920,JsonWriter.java,483,return this;
S1921,JsonWriter.java,509,writeDeferredName();
S1922,JsonWriter.java,510,beforeValue();
S1923,JsonWriter.java,511,out.write(Long.toString(value));
S1924,JsonWriter.java,512,return this;
S1925,JsonWriter.java,523,if (value == null) {
S1926,JsonWriter.java,524,return nullValue();
S1927,JsonWriter.java,527,writeDeferredName();
S1928,JsonWriter.java,528,String string = value.toString();
S1929,JsonWriter.java,529,if (!lenient
S1930,JsonWriter.java,533,beforeValue();
S1931,JsonWriter.java,534,out.append(string);
S1932,JsonWriter.java,535,return this;
S1933,JsonWriter.java,555,out.close();
S1934,JsonWriter.java,557,int size = stackSize;
S1935,JsonWriter.java,558,if (size > 1 || size == 1 && stack[size - 1] != NONEMPTY_DOCUMENT) {
S1936,JsonWriter.java,561,stackSize = 0;
S1937,JsonWriter.java,565,String[] replacements = htmlSafe ? HTML_SAFE_REPLACEMENT_CHARS : REPLACEMENT_CHARS;
S1938,JsonWriter.java,566,"out.write(""\"""");"
S1939,JsonWriter.java,567,int last = 0;
S1940,JsonWriter.java,568,int length = value.length();
S1941,JsonWriter.java,569,for (int i = 0; i < length; i++) {
S1942,JsonWriter.java,570,char c = value.charAt(i);
S1943,JsonWriter.java,572,if (c < 128) {
S1944,JsonWriter.java,573,replacement = replacements[c];
S1945,JsonWriter.java,574,if (replacement == null) {
S1946,JsonWriter.java,575,continue;
S1947,JsonWriter.java,577,} else if (c == '\u2028') {
S1948,JsonWriter.java,579,} else if (c == '\u2029') {
S1949,JsonWriter.java,584,if (last < i) {
S1950,JsonWriter.java,585,"out.write(value, last, i - last);"
S1951,JsonWriter.java,587,out.write(replacement);
S1952,JsonWriter.java,588,last = i + 1;
S1953,JsonWriter.java,590,if (last < length) {
S1954,JsonWriter.java,591,"out.write(value, last, length - last);"
S1955,JsonWriter.java,593,"out.write(""\"""");"
S1956,JsonWriter.java,597,if (indent == null) {
S1957,JsonWriter.java,598,return;
S1958,JsonWriter.java,601,"out.write(""\n"");"
S1959,JsonWriter.java,602,"for (int i = 1, size = stackSize; i < size; i++) {"
S1960,JsonWriter.java,603,out.write(indent);
S1961,JsonWriter.java,612,int context = peek();
S1962,JsonWriter.java,613,if (context == NONEMPTY_OBJECT) { // first in object
S1963,JsonWriter.java,614,"out.write(',');"
S1964,JsonWriter.java,615,} else if (context != EMPTY_OBJECT) { // not in an object!
S1965,JsonWriter.java,618,newline();
S1966,JsonWriter.java,619,replaceTop(DANGLING_NAME);
S1967,JsonWriter.java,629,switch (peek()) {
S1968,JsonWriter.java,637,replaceTop(NONEMPTY_DOCUMENT);
S1969,JsonWriter.java,638,break;
S1970,JsonWriter.java,641,replaceTop(NONEMPTY_ARRAY);
S1971,JsonWriter.java,642,newline();
S1972,JsonWriter.java,643,break;
S1973,JsonWriter.java,646,"out.append(',');"
S1974,JsonWriter.java,647,newline();
S1975,JsonWriter.java,648,break;
S1976,JsonWriter.java,651,out.append(separator);
S1977,JsonWriter.java,652,replaceTop(NONEMPTY_OBJECT);
S1978,JsonWriter.java,653,break;
S1979,JsonWriter.java,656,"throw new IllegalStateException(""Nesting problem."");"
S1980,LazilyParsedNumber.java,30,public LazilyParsedNumber(String value) {
S1981,LazilyParsedNumber.java,31,this.value = value;
S1982,LazilyParsedNumber.java,37,return Integer.parseInt(value);
S1983,LazilyParsedNumber.java,50,return Long.parseLong(value);
S1984,LazilyParsedNumber.java,51,} catch (NumberFormatException e) {
S1985,LazilyParsedNumber.java,52,return new BigDecimal(value).longValue();
S1986,LazilyParsedNumber.java,63,return Double.parseDouble(value);
S1987,LazilyParsedNumber.java,68,return value;
S1988,LazilyParsedNumber.java,77,return new BigDecimal(value);
S1989,LinkedTreeMap.java,38,"public final class LinkedTreeMap<K, V> extends AbstractMap<K, V> implements Serializable {"
S1990,LinkedTreeMap.java,40,private static final Comparator<Comparable> NATURAL_ORDER = new Comparator<Comparable>() {
S1991,LinkedTreeMap.java,48,int size = 0;
S1992,LinkedTreeMap.java,49,int modCount = 0;
S1993,LinkedTreeMap.java,52,"final Node<K, V> header = new Node<K, V>();"
S1994,LinkedTreeMap.java,60,this((Comparator<? super K>) NATURAL_ORDER);
S1995,LinkedTreeMap.java,71,public LinkedTreeMap(Comparator<? super K> comparator) {
S1996,LinkedTreeMap.java,72,this.comparator = comparator != null
S1997,LinkedTreeMap.java,78,return size;
S1998,LinkedTreeMap.java,82,"Node<K, V> node = findByObject(key);"
S1999,LinkedTreeMap.java,83,return node != null ? node.value : null;
S2000,LinkedTreeMap.java,87,return findByObject(key) != null;
S2001,LinkedTreeMap.java,91,if (key == null) {
S2002,LinkedTreeMap.java,92,"throw new NullPointerException(""key == null"");"
S2003,LinkedTreeMap.java,94,"Node<K, V> created = find(key, true);"
S2004,LinkedTreeMap.java,95,V result = created.value;
S2005,LinkedTreeMap.java,96,created.value = value;
S2006,LinkedTreeMap.java,97,return result;
S2007,LinkedTreeMap.java,111,"Node<K, V> node = removeInternalByKey(key);"
S2008,LinkedTreeMap.java,112,return node != null ? node.value : null;
S2009,LinkedTreeMap.java,122,Comparator<? super K> comparator = this.comparator;
S2010,LinkedTreeMap.java,123,"Node<K, V> nearest = root;"
S2011,LinkedTreeMap.java,124,int comparison = 0;
S2012,LinkedTreeMap.java,126,if (nearest != null) {
S2013,LinkedTreeMap.java,129,Comparable<Object> comparableKey = (comparator == NATURAL_ORDER)
S2014,LinkedTreeMap.java,134,comparison = (comparableKey != null)
S2015,LinkedTreeMap.java,139,if (comparison == 0) {
S2016,LinkedTreeMap.java,140,return nearest;
S2017,LinkedTreeMap.java,144,"Node<K, V> child = (comparison < 0) ? nearest.left : nearest.right;"
S2018,LinkedTreeMap.java,145,if (child == null) {
S2019,LinkedTreeMap.java,146,break;
S2020,LinkedTreeMap.java,149,nearest = child;
S2021,LinkedTreeMap.java,154,if (!create) {
S2022,LinkedTreeMap.java,155,return null;
S2023,LinkedTreeMap.java,159,"Node<K, V> header = this.header;"
S2024,LinkedTreeMap.java,161,if (nearest == null) {
S2025,LinkedTreeMap.java,163,if (comparator == NATURAL_ORDER && !(key instanceof Comparable)) {
S2026,LinkedTreeMap.java,166,"created = new Node<K, V>(nearest, key, header, header.prev);"
S2027,LinkedTreeMap.java,167,root = created;
S2028,LinkedTreeMap.java,169,"created = new Node<K, V>(nearest, key, header, header.prev);"
S2029,LinkedTreeMap.java,170,if (comparison < 0) { // nearest.key is higher
S2030,LinkedTreeMap.java,171,nearest.left = created;
S2031,LinkedTreeMap.java,173,nearest.right = created;
S2032,LinkedTreeMap.java,175,"rebalance(nearest, true);"
S2033,LinkedTreeMap.java,177,size++;
S2034,LinkedTreeMap.java,178,modCount++;
S2035,LinkedTreeMap.java,180,return created;
S2036,LinkedTreeMap.java,186,"return key != null ? find((K) key, false) : null;"
S2037,LinkedTreeMap.java,218,if (unlink) {
S2038,LinkedTreeMap.java,219,node.prev.next = node.next;
S2039,LinkedTreeMap.java,220,node.next.prev = node.prev;
S2040,LinkedTreeMap.java,223,"Node<K, V> left = node.left;"
S2041,LinkedTreeMap.java,224,"Node<K, V> right = node.right;"
S2042,LinkedTreeMap.java,225,"Node<K, V> originalParent = node.parent;"
S2043,LinkedTreeMap.java,226,if (left != null && right != null) {
S2044,LinkedTreeMap.java,261,} else if (left != null) {
S2045,LinkedTreeMap.java,264,} else if (right != null) {
S2046,LinkedTreeMap.java,265,"replaceInParent(node, right);"
S2047,LinkedTreeMap.java,266,node.right = null;
S2048,LinkedTreeMap.java,268,"replaceInParent(node, null);"
S2049,LinkedTreeMap.java,271,"rebalance(originalParent, false);"
S2050,LinkedTreeMap.java,272,size--;
S2051,LinkedTreeMap.java,273,modCount++;
S2052,LinkedTreeMap.java,277,"Node<K, V> node = findByObject(key);"
S2053,LinkedTreeMap.java,278,if (node != null) {
S2054,LinkedTreeMap.java,279,"removeInternal(node, true);"
S2055,LinkedTreeMap.java,281,return node;
S2056,LinkedTreeMap.java,285,"Node<K, V> parent = node.parent;"
S2057,LinkedTreeMap.java,286,node.parent = null;
S2058,LinkedTreeMap.java,287,if (replacement != null) {
S2059,LinkedTreeMap.java,288,replacement.parent = parent;
S2060,LinkedTreeMap.java,291,if (parent != null) {
S2061,LinkedTreeMap.java,292,if (parent.left == node) {
S2062,LinkedTreeMap.java,293,parent.left = replacement;
S2063,LinkedTreeMap.java,295,assert (parent.right == node);
S2064,LinkedTreeMap.java,296,parent.right = replacement;
S2065,LinkedTreeMap.java,299,root = replacement;
S2066,LinkedTreeMap.java,311,"for (Node<K, V> node = unbalanced; node != null; node = node.parent) {"
S2067,LinkedTreeMap.java,312,"Node<K, V> left = node.left;"
S2068,LinkedTreeMap.java,313,"Node<K, V> right = node.right;"
S2069,LinkedTreeMap.java,314,int leftHeight = left != null ? left.height : 0;
S2070,LinkedTreeMap.java,315,int rightHeight = right != null ? right.height : 0;
S2071,LinkedTreeMap.java,317,int delta = leftHeight - rightHeight;
S2072,LinkedTreeMap.java,318,if (delta == -2) {
S2073,LinkedTreeMap.java,319,"Node<K, V> rightLeft = right.left;"
S2074,LinkedTreeMap.java,320,"Node<K, V> rightRight = right.right;"
S2075,LinkedTreeMap.java,321,int rightRightHeight = rightRight != null ? rightRight.height : 0;
S2076,LinkedTreeMap.java,322,int rightLeftHeight = rightLeft != null ? rightLeft.height : 0;
S2077,LinkedTreeMap.java,324,int rightDelta = rightLeftHeight - rightRightHeight;
S2078,LinkedTreeMap.java,325,if (rightDelta == -1 || (rightDelta == 0 && !insert)) {
S2079,LinkedTreeMap.java,326,rotateLeft(node); // AVL right right
S2080,LinkedTreeMap.java,328,assert (rightDelta == 1);
S2081,LinkedTreeMap.java,329,rotateRight(right); // AVL right left
S2082,LinkedTreeMap.java,330,rotateLeft(node);
S2083,LinkedTreeMap.java,332,if (insert) {
S2084,LinkedTreeMap.java,333,break; // no further rotations will be necessary
S2085,LinkedTreeMap.java,337,"Node<K, V> leftLeft = left.left;"
S2086,LinkedTreeMap.java,338,"Node<K, V> leftRight = left.right;"
S2087,LinkedTreeMap.java,339,int leftRightHeight = leftRight != null ? leftRight.height : 0;
S2088,LinkedTreeMap.java,340,int leftLeftHeight = leftLeft != null ? leftLeft.height : 0;
S2089,LinkedTreeMap.java,342,int leftDelta = leftLeftHeight - leftRightHeight;
S2090,LinkedTreeMap.java,343,if (leftDelta == 1 || (leftDelta == 0 && !insert)) {
S2091,LinkedTreeMap.java,344,rotateRight(node); // AVL left left
S2092,LinkedTreeMap.java,346,assert (leftDelta == -1);
S2093,LinkedTreeMap.java,347,rotateLeft(left); // AVL left right
S2094,LinkedTreeMap.java,348,rotateRight(node);
S2095,LinkedTreeMap.java,350,if (insert) {
S2096,LinkedTreeMap.java,351,break; // no further rotations will be necessary
S2097,LinkedTreeMap.java,355,node.height = leftHeight + 1; // leftHeight == rightHeight
S2098,LinkedTreeMap.java,356,if (insert) {
S2099,LinkedTreeMap.java,357,"break; // the insert caused balance, so rebalancing is done!"
S2100,LinkedTreeMap.java,361,assert (delta == -1 || delta == 1);
S2101,LinkedTreeMap.java,362,"node.height = Math.max(leftHeight, rightHeight) + 1;"
S2102,LinkedTreeMap.java,363,if (!insert) {
S2103,LinkedTreeMap.java,364,"break; // the height hasn't changed, so rebalancing is done!"
S2104,LinkedTreeMap.java,374,"Node<K, V> left = root.left;"
S2105,LinkedTreeMap.java,375,"Node<K, V> pivot = root.right;"
S2106,LinkedTreeMap.java,376,"Node<K, V> pivotLeft = pivot.left;"
S2107,LinkedTreeMap.java,377,"Node<K, V> pivotRight = pivot.right;"
S2108,LinkedTreeMap.java,380,root.right = pivotLeft;
S2109,LinkedTreeMap.java,381,if (pivotLeft != null) {
S2110,LinkedTreeMap.java,382,pivotLeft.parent = root;
S2111,LinkedTreeMap.java,385,"replaceInParent(root, pivot);"
S2112,LinkedTreeMap.java,388,pivot.left = root;
S2113,LinkedTreeMap.java,389,root.parent = pivot;
S2114,LinkedTreeMap.java,392,"root.height = Math.max(left != null ? left.height : 0,"
S2115,LinkedTreeMap.java,394,"pivot.height = Math.max(root.height,"
S2116,LinkedTreeMap.java,402,"Node<K, V> pivot = root.left;"
S2117,LinkedTreeMap.java,403,"Node<K, V> right = root.right;"
S2118,LinkedTreeMap.java,404,"Node<K, V> pivotLeft = pivot.left;"
S2119,LinkedTreeMap.java,405,"Node<K, V> pivotRight = pivot.right;"
S2120,LinkedTreeMap.java,408,root.left = pivotRight;
S2121,LinkedTreeMap.java,409,if (pivotRight != null) {
S2122,LinkedTreeMap.java,413,"replaceInParent(root, pivot);"
S2123,LinkedTreeMap.java,416,pivot.right = root;
S2124,LinkedTreeMap.java,417,root.parent = pivot;
S2125,LinkedTreeMap.java,420,"root.height = Math.max(right != null ? right.height : 0,"
S2126,LinkedTreeMap.java,422,"pivot.height = Math.max(root.height,"
S2127,LinkedTreeMap.java,430,EntrySet result = entrySet;
S2128,LinkedTreeMap.java,431,return result != null ? result : (entrySet = new EntrySet());
S2129,LinkedTreeMap.java,435,KeySet result = keySet;
S2130,LinkedTreeMap.java,436,return result != null ? result : (keySet = new KeySet());
S2131,LinkedTreeMap.java,450,Node() {
S2132,LinkedTreeMap.java,451,key = null;
S2133,LinkedTreeMap.java,452,next = prev = this;
S2134,LinkedTreeMap.java,456,"Node(Node<K, V> parent, K key, Node<K, V> next, Node<K, V> prev) {"
S2135,LinkedTreeMap.java,457,this.parent = parent;
S2136,LinkedTreeMap.java,458,this.key = key;
S2137,LinkedTreeMap.java,459,this.height = 1;
S2138,LinkedTreeMap.java,460,this.next = next;
S2139,LinkedTreeMap.java,461,this.prev = prev;
S2140,LinkedTreeMap.java,462,prev.next = this;
S2141,LinkedTreeMap.java,463,next.prev = this;
S2142,LinkedTreeMap.java,467,return key;
S2143,LinkedTreeMap.java,471,return value;
S2144,LinkedTreeMap.java,491,return (key == null ? 0 : key.hashCode())
S2145,LinkedTreeMap.java,527,"Node<K, V> next = header.next;"
S2146,LinkedTreeMap.java,528,"Node<K, V> lastReturned = null;"
S2147,LinkedTreeMap.java,529,int expectedModCount = modCount;
S2148,LinkedTreeMap.java,531,LinkedTreeMapIterator() {
S2149,LinkedTreeMap.java,535,return next != header;
S2150,LinkedTreeMap.java,539,"Node<K, V> e = next;"
S2151,LinkedTreeMap.java,540,if (e == header) {
S2152,LinkedTreeMap.java,543,if (modCount != expectedModCount) {
S2153,LinkedTreeMap.java,546,next = e.next;
S2154,LinkedTreeMap.java,547,return lastReturned = e;
S2155,LinkedTreeMap.java,560,"class EntrySet extends AbstractSet<Entry<K, V>> {"
S2156,LinkedTreeMap.java,562,return size;
S2157,LinkedTreeMap.java,566,"return new LinkedTreeMapIterator<Entry<K, V>>() {"
S2158,LinkedTreeMap.java,568,return nextNode();
S2159,LinkedTreeMap.java,595,final class KeySet extends AbstractSet<K> {
S2160,LinkedTreeMap.java,597,return size;
S2161,LinkedTreeMap.java,609,return containsKey(o);
S2162,LinkedTreeMap.java,628,"return new LinkedHashMap<K, V>(this);"
S2163,LongSerializationPolicy.java,27,public enum LongSerializationPolicy {
S2164,LongSerializationPolicy.java,34,DEFAULT() {
S2165,LongSerializationPolicy.java,36,return new JsonPrimitive(value);
S2166,LongSerializationPolicy.java,45,STRING() {
S2167,LongSerializationPolicy.java,47,return new JsonPrimitive(String.valueOf(value));
S2168,MalformedJsonException.java,29,super(msg);
S2169,MapTypeAdapterFactory.java,110,boolean complexMapKeySerialization) {
S2170,MapTypeAdapterFactory.java,111,this.constructorConstructor = constructorConstructor;
S2171,MapTypeAdapterFactory.java,112,this.complexMapKeySerialization = complexMapKeySerialization;
S2172,MapTypeAdapterFactory.java,116,Type type = typeToken.getType();
S2173,MapTypeAdapterFactory.java,118,Class<? super T> rawType = typeToken.getRawType();
S2174,MapTypeAdapterFactory.java,119,if (!Map.class.isAssignableFrom(rawType)) {
S2175,MapTypeAdapterFactory.java,120,return null;
S2176,MapTypeAdapterFactory.java,123,Class<?> rawTypeOfSrc = $Gson$Types.getRawType(type);
S2177,MapTypeAdapterFactory.java,124,"Type[] keyAndValueTypes = $Gson$Types.getMapKeyAndValueTypes(type, rawTypeOfSrc);"
S2178,MapTypeAdapterFactory.java,125,"TypeAdapter<?> keyAdapter = getKeyAdapter(gson, keyAndValueTypes[0]);"
S2179,MapTypeAdapterFactory.java,126,TypeAdapter<?> valueAdapter = gson.getAdapter(TypeToken.get(keyAndValueTypes[1]));
S2180,MapTypeAdapterFactory.java,127,ObjectConstructor<T> constructor = constructorConstructor.get(typeToken);
S2181,MapTypeAdapterFactory.java,131,"TypeAdapter<T> result = new Adapter(gson, keyAndValueTypes[0], keyAdapter,"
S2182,MapTypeAdapterFactory.java,133,return result;
S2183,MapTypeAdapterFactory.java,140,return (keyType == boolean.class || keyType == Boolean.class)
S2184,MapTypeAdapterFactory.java,145,"private final class Adapter<K, V> extends TypeAdapter<Map<K, V>> {"
S2185,MapTypeAdapterFactory.java,152,"ObjectConstructor<? extends Map<K, V>> constructor) {"
S2186,MapTypeAdapterFactory.java,153,this.keyTypeAdapter =
S2187,MapTypeAdapterFactory.java,155,this.valueTypeAdapter =
S2188,MapTypeAdapterFactory.java,157,this.constructor = constructor;
S2189,MapTypeAdapterFactory.java,161,JsonToken peek = in.peek();
S2190,MapTypeAdapterFactory.java,162,if (peek == JsonToken.NULL) {
S2191,MapTypeAdapterFactory.java,163,in.nextNull();
S2192,MapTypeAdapterFactory.java,164,return null;
S2193,MapTypeAdapterFactory.java,167,"Map<K, V> map = constructor.construct();"
S2194,MapTypeAdapterFactory.java,169,if (peek == JsonToken.BEGIN_ARRAY) {
S2195,MapTypeAdapterFactory.java,170,in.beginArray();
S2196,MapTypeAdapterFactory.java,171,while (in.hasNext()) {
S2197,MapTypeAdapterFactory.java,172,in.beginArray(); // entry array
S2198,MapTypeAdapterFactory.java,173,K key = keyTypeAdapter.read(in);
S2199,MapTypeAdapterFactory.java,174,V value = valueTypeAdapter.read(in);
S2200,MapTypeAdapterFactory.java,175,"V replaced = map.put(key, value);"
S2201,MapTypeAdapterFactory.java,176,if (replaced != null) {
S2202,MapTypeAdapterFactory.java,177,"throw new JsonSyntaxException(""duplicate key: "" + key);"
S2203,MapTypeAdapterFactory.java,179,in.endArray();
S2204,MapTypeAdapterFactory.java,181,in.endArray();
S2205,MapTypeAdapterFactory.java,183,in.beginObject();
S2206,MapTypeAdapterFactory.java,184,while (in.hasNext()) {
S2207,MapTypeAdapterFactory.java,185,JsonReaderInternalAccess.INSTANCE.promoteNameToValue(in);
S2208,MapTypeAdapterFactory.java,186,K key = keyTypeAdapter.read(in);
S2209,MapTypeAdapterFactory.java,187,V value = valueTypeAdapter.read(in);
S2210,MapTypeAdapterFactory.java,188,"V replaced = map.put(key, value);"
S2211,MapTypeAdapterFactory.java,189,if (replaced != null) {
S2212,MapTypeAdapterFactory.java,190,"throw new JsonSyntaxException(""duplicate key: "" + key);"
S2213,MapTypeAdapterFactory.java,193,in.endObject();
S2214,MapTypeAdapterFactory.java,195,return map;
S2215,MapTypeAdapterFactory.java,199,if (map == null) {
S2216,MapTypeAdapterFactory.java,200,out.nullValue();
S2217,MapTypeAdapterFactory.java,201,return;
S2218,MapTypeAdapterFactory.java,204,if (!complexMapKeySerialization) {
S2219,MapTypeAdapterFactory.java,205,out.beginObject();
S2220,MapTypeAdapterFactory.java,206,"for (Map.Entry<K, V> entry : map.entrySet()) {"
S2221,MapTypeAdapterFactory.java,207,out.name(String.valueOf(entry.getKey()));
S2222,MapTypeAdapterFactory.java,208,"valueTypeAdapter.write(out, entry.getValue());"
S2223,MapTypeAdapterFactory.java,210,out.endObject();
S2224,MapTypeAdapterFactory.java,211,return;
S2225,MapTypeAdapterFactory.java,214,boolean hasComplexKeys = false;
S2226,MapTypeAdapterFactory.java,215,List<JsonElement> keys = new ArrayList<JsonElement>(map.size());
S2227,MapTypeAdapterFactory.java,217,List<V> values = new ArrayList<V>(map.size());
S2228,MapTypeAdapterFactory.java,218,"for (Map.Entry<K, V> entry : map.entrySet()) {"
S2229,MapTypeAdapterFactory.java,219,JsonElement keyElement = keyTypeAdapter.toJsonTree(entry.getKey());
S2230,MapTypeAdapterFactory.java,220,keys.add(keyElement);
S2231,MapTypeAdapterFactory.java,221,values.add(entry.getValue());
S2232,MapTypeAdapterFactory.java,222,hasComplexKeys |= keyElement.isJsonArray() || keyElement.isJsonObject();
S2233,MapTypeAdapterFactory.java,225,if (hasComplexKeys) {
S2234,MapTypeAdapterFactory.java,226,out.beginArray();
S2235,MapTypeAdapterFactory.java,227,"for (int i = 0, size = keys.size(); i < size; i++) {"
S2236,MapTypeAdapterFactory.java,228,out.beginArray(); // entry array
S2237,MapTypeAdapterFactory.java,229,"Streams.write(keys.get(i), out);"
S2238,MapTypeAdapterFactory.java,230,"valueTypeAdapter.write(out, values.get(i));"
S2239,MapTypeAdapterFactory.java,231,out.endArray();
S2240,MapTypeAdapterFactory.java,233,out.endArray();
S2241,MapTypeAdapterFactory.java,235,out.beginObject();
S2242,MapTypeAdapterFactory.java,236,"for (int i = 0, size = keys.size(); i < size; i++) {"
S2243,MapTypeAdapterFactory.java,237,JsonElement keyElement = keys.get(i);
S2244,MapTypeAdapterFactory.java,238,out.name(keyToString(keyElement));
S2245,MapTypeAdapterFactory.java,239,"valueTypeAdapter.write(out, values.get(i));"
S2246,MapTypeAdapterFactory.java,241,out.endObject();
S2247,MapTypeAdapterFactory.java,246,if (keyElement.isJsonPrimitive()) {
S2248,MapTypeAdapterFactory.java,247,JsonPrimitive primitive = keyElement.getAsJsonPrimitive();
S2249,MapTypeAdapterFactory.java,248,if (primitive.isNumber()) {
S2250,MapTypeAdapterFactory.java,250,} else if (primitive.isBoolean()) {
S2251,MapTypeAdapterFactory.java,252,} else if (primitive.isString()) {
S2252,MapTypeAdapterFactory.java,253,return primitive.getAsString();
S2253,ObjectTypeAdapter.java,38,public static final TypeAdapterFactory FACTORY = new TypeAdapterFactory() {
S2254,ObjectTypeAdapter.java,41,if (type.getRawType() == Object.class) {
S2255,ObjectTypeAdapter.java,42,return (TypeAdapter<T>) new ObjectTypeAdapter(gson);
S2256,ObjectTypeAdapter.java,44,return null;
S2257,ObjectTypeAdapter.java,50,ObjectTypeAdapter(Gson gson) {
S2258,ObjectTypeAdapter.java,51,this.gson = gson;
S2259,ObjectTypeAdapter.java,55,JsonToken token = in.peek();
S2260,ObjectTypeAdapter.java,56,switch (token) {
S2261,ObjectTypeAdapter.java,58,List<Object> list = new ArrayList<Object>();
S2262,ObjectTypeAdapter.java,59,in.beginArray();
S2263,ObjectTypeAdapter.java,60,while (in.hasNext()) {
S2264,ObjectTypeAdapter.java,61,list.add(read(in));
S2265,ObjectTypeAdapter.java,63,in.endArray();
S2266,ObjectTypeAdapter.java,64,return list;
S2267,ObjectTypeAdapter.java,67,"Map<String, Object> map = new LinkedTreeMap<String, Object>();"
S2268,ObjectTypeAdapter.java,68,in.beginObject();
S2269,ObjectTypeAdapter.java,69,while (in.hasNext()) {
S2270,ObjectTypeAdapter.java,70,"map.put(in.nextName(), read(in));"
S2271,ObjectTypeAdapter.java,72,in.endObject();
S2272,ObjectTypeAdapter.java,73,return map;
S2273,ObjectTypeAdapter.java,76,return in.nextString();
S2274,ObjectTypeAdapter.java,79,return in.nextDouble();
S2275,ObjectTypeAdapter.java,82,return in.nextBoolean();
S2276,ObjectTypeAdapter.java,85,in.nextNull();
S2277,ObjectTypeAdapter.java,86,return null;
S2278,ObjectTypeAdapter.java,95,if (value == null) {
S2279,ObjectTypeAdapter.java,96,out.nullValue();
S2280,ObjectTypeAdapter.java,97,return;
S2281,ObjectTypeAdapter.java,100,TypeAdapter<Object> typeAdapter = (TypeAdapter<Object>) gson.getAdapter(value.getClass());
S2282,ObjectTypeAdapter.java,101,if (typeAdapter instanceof ObjectTypeAdapter) {
S2283,ObjectTypeAdapter.java,102,out.beginObject();
S2284,ObjectTypeAdapter.java,103,out.endObject();
S2285,ObjectTypeAdapter.java,104,return;
S2286,ObjectTypeAdapter.java,107,"typeAdapter.write(out, value);"
S2287,Primitives.java,45,"Map<Class<?>, Class<?>> primToWrap = new HashMap<Class<?>, Class<?>>(16);"
S2288,Primitives.java,46,"Map<Class<?>, Class<?>> wrapToPrim = new HashMap<Class<?>, Class<?>>(16);"
S2289,Primitives.java,48,"add(primToWrap, wrapToPrim, boolean.class, Boolean.class);"
S2290,Primitives.java,49,"add(primToWrap, wrapToPrim, byte.class, Byte.class);"
S2291,Primitives.java,50,"add(primToWrap, wrapToPrim, char.class, Character.class);"
S2292,Primitives.java,51,"add(primToWrap, wrapToPrim, double.class, Double.class);"
S2293,Primitives.java,52,"add(primToWrap, wrapToPrim, float.class, Float.class);"
S2294,Primitives.java,53,"add(primToWrap, wrapToPrim, int.class, Integer.class);"
S2295,Primitives.java,54,"add(primToWrap, wrapToPrim, long.class, Long.class);"
S2296,Primitives.java,55,"add(primToWrap, wrapToPrim, short.class, Short.class);"
S2297,Primitives.java,56,"add(primToWrap, wrapToPrim, void.class, Void.class);"
S2298,Primitives.java,58,PRIMITIVE_TO_WRAPPER_TYPE = Collections.unmodifiableMap(primToWrap);
S2299,Primitives.java,59,WRAPPER_TO_PRIMITIVE_TYPE = Collections.unmodifiableMap(wrapToPrim);
S2300,Primitives.java,64,"forward.put(key, value);"
S2301,Primitives.java,65,"backward.put(value, key);"
S2302,Primitives.java,72,return PRIMITIVE_TO_WRAPPER_TYPE.containsKey(type);
S2303,Primitives.java,82,return WRAPPER_TO_PRIMITIVE_TYPE.containsKey(
S2304,Primitives.java,98,Class<T> wrapped = (Class<T>) PRIMITIVE_TO_WRAPPER_TYPE.get(
S2305,Primitives.java,100,return (wrapped == null) ? type : wrapped;
S2306,Primitives.java,115,Class<T> unwrapped = (Class<T>) WRAPPER_TO_PRIMITIVE_TYPE.get(
S2307,Primitives.java,117,return (unwrapped == null) ? type : unwrapped;
S2308,ReflectiveTypeAdapterFactory.java,55,JsonAdapterAnnotationTypeAdapterFactory jsonAdapterFactory) {
S2309,ReflectiveTypeAdapterFactory.java,56,this.constructorConstructor = constructorConstructor;
S2310,ReflectiveTypeAdapterFactory.java,57,this.fieldNamingPolicy = fieldNamingPolicy;
S2311,ReflectiveTypeAdapterFactory.java,58,this.excluder = excluder;
S2312,ReflectiveTypeAdapterFactory.java,59,this.jsonAdapterFactory = jsonAdapterFactory;
S2313,ReflectiveTypeAdapterFactory.java,63,"return excludeField(f, serialize, excluder);"
S2314,ReflectiveTypeAdapterFactory.java,67,"return !excluder.excludeClass(f.getType(), serialize) && !excluder.excludeField(f, serialize);"
S2315,ReflectiveTypeAdapterFactory.java,72,SerializedName annotation = f.getAnnotation(SerializedName.class);
S2316,ReflectiveTypeAdapterFactory.java,73,if (annotation == null) {
S2317,ReflectiveTypeAdapterFactory.java,74,String name = fieldNamingPolicy.translateName(f);
S2318,ReflectiveTypeAdapterFactory.java,75,return Collections.singletonList(name);
S2319,ReflectiveTypeAdapterFactory.java,78,String serializedName = annotation.value();
S2320,ReflectiveTypeAdapterFactory.java,79,String[] alternates = annotation.alternate();
S2321,ReflectiveTypeAdapterFactory.java,80,if (alternates.length == 0) {
S2322,ReflectiveTypeAdapterFactory.java,81,return Collections.singletonList(serializedName);
S2323,ReflectiveTypeAdapterFactory.java,84,List<String> fieldNames = new ArrayList<String>(alternates.length + 1);
S2324,ReflectiveTypeAdapterFactory.java,85,fieldNames.add(serializedName);
S2325,ReflectiveTypeAdapterFactory.java,86,for (String alternate : alternates) {
S2326,ReflectiveTypeAdapterFactory.java,87,fieldNames.add(alternate);
S2327,ReflectiveTypeAdapterFactory.java,89,return fieldNames;
S2328,ReflectiveTypeAdapterFactory.java,93,Class<? super T> raw = type.getRawType();
S2329,ReflectiveTypeAdapterFactory.java,95,if (!Object.class.isAssignableFrom(raw)) {
S2330,ReflectiveTypeAdapterFactory.java,99,ObjectConstructor<T> constructor = constructorConstructor.get(type);
S2331,ReflectiveTypeAdapterFactory.java,100,"return new Adapter<T>(constructor, getBoundFields(gson, type, raw));"
S2332,ReflectiveTypeAdapterFactory.java,106,final boolean isPrimitive = Primitives.isPrimitive(fieldType.getRawType());
S2333,ReflectiveTypeAdapterFactory.java,108,JsonAdapter annotation = field.getAnnotation(JsonAdapter.class);
S2334,ReflectiveTypeAdapterFactory.java,109,TypeAdapter<?> mapped = null;
S2335,ReflectiveTypeAdapterFactory.java,110,if (annotation != null) {
S2336,ReflectiveTypeAdapterFactory.java,111,mapped = jsonAdapterFactory.getTypeAdapter(
S2337,ReflectiveTypeAdapterFactory.java,114,final boolean jsonAdapterPresent = mapped != null;
S2338,ReflectiveTypeAdapterFactory.java,115,if (mapped == null) mapped = context.getAdapter(fieldType);
S2339,ReflectiveTypeAdapterFactory.java,117,final TypeAdapter<?> typeAdapter = mapped;
S2340,ReflectiveTypeAdapterFactory.java,118,"return new ReflectiveTypeAdapterFactory.BoundField(name, serialize, deserialize) {"
S2341,ReflectiveTypeAdapterFactory.java,122,Object fieldValue = field.get(value);
S2342,ReflectiveTypeAdapterFactory.java,123,TypeAdapter t = jsonAdapterPresent ? typeAdapter
S2343,ReflectiveTypeAdapterFactory.java,125,"t.write(writer, fieldValue);"
S2344,ReflectiveTypeAdapterFactory.java,129,Object fieldValue = typeAdapter.read(reader);
S2345,ReflectiveTypeAdapterFactory.java,130,if (fieldValue != null || !isPrimitive) {
S2346,ReflectiveTypeAdapterFactory.java,131,"field.set(value, fieldValue);"
S2347,ReflectiveTypeAdapterFactory.java,135,if (!serialized) return false;
S2348,ReflectiveTypeAdapterFactory.java,136,Object fieldValue = field.get(value);
S2349,ReflectiveTypeAdapterFactory.java,137,return fieldValue != value; // avoid recursion for example for Throwable.cause
S2350,ReflectiveTypeAdapterFactory.java,143,"Map<String, BoundField> result = new LinkedHashMap<String, BoundField>();"
S2351,ReflectiveTypeAdapterFactory.java,144,if (raw.isInterface()) {
S2352,ReflectiveTypeAdapterFactory.java,145,return result;
S2353,ReflectiveTypeAdapterFactory.java,148,Type declaredType = type.getType();
S2354,ReflectiveTypeAdapterFactory.java,149,while (raw != Object.class) {
S2355,ReflectiveTypeAdapterFactory.java,150,Field[] fields = raw.getDeclaredFields();
S2356,ReflectiveTypeAdapterFactory.java,151,for (Field field : fields) {
S2357,ReflectiveTypeAdapterFactory.java,152,"boolean serialize = excludeField(field, true);"
S2358,ReflectiveTypeAdapterFactory.java,153,"boolean deserialize = excludeField(field, false);"
S2359,ReflectiveTypeAdapterFactory.java,154,if (!serialize && !deserialize) {
S2360,ReflectiveTypeAdapterFactory.java,155,continue;
S2361,ReflectiveTypeAdapterFactory.java,157,field.setAccessible(true);
S2362,ReflectiveTypeAdapterFactory.java,158,"Type fieldType = $Gson$Types.resolve(type.getType(), raw, field.getGenericType());"
S2363,ReflectiveTypeAdapterFactory.java,159,List<String> fieldNames = getFieldNames(field);
S2364,ReflectiveTypeAdapterFactory.java,160,BoundField previous = null;
S2365,ReflectiveTypeAdapterFactory.java,161,"for (int i = 0, size = fieldNames.size(); i < size; ++i) {"
S2366,ReflectiveTypeAdapterFactory.java,162,String name = fieldNames.get(i);
S2367,ReflectiveTypeAdapterFactory.java,163,if (i != 0) serialize = false; // only serialize the default name
S2368,ReflectiveTypeAdapterFactory.java,164,"BoundField boundField = createBoundField(context, field, name,"
S2369,ReflectiveTypeAdapterFactory.java,166,"BoundField replaced = result.put(name, boundField);"
S2370,ReflectiveTypeAdapterFactory.java,167,if (previous == null) previous = replaced;
S2371,ReflectiveTypeAdapterFactory.java,169,if (previous != null) {
S2372,ReflectiveTypeAdapterFactory.java,170,throw new IllegalArgumentException(declaredType
S2373,ReflectiveTypeAdapterFactory.java,174,"type = TypeToken.get($Gson$Types.resolve(type.getType(), raw, raw.getGenericSuperclass()));"
S2374,ReflectiveTypeAdapterFactory.java,175,raw = type.getRawType();
S2375,ReflectiveTypeAdapterFactory.java,177,return result;
S2376,ReflectiveTypeAdapterFactory.java,185,"protected BoundField(String name, boolean serialized, boolean deserialized) {"
S2377,ReflectiveTypeAdapterFactory.java,186,this.name = name;
S2378,ReflectiveTypeAdapterFactory.java,187,this.serialized = serialized;
S2379,ReflectiveTypeAdapterFactory.java,188,this.deserialized = deserialized;
S2380,ReflectiveTypeAdapterFactory.java,199,"Adapter(ObjectConstructor<T> constructor, Map<String, BoundField> boundFields) {"
S2381,ReflectiveTypeAdapterFactory.java,200,this.constructor = constructor;
S2382,ReflectiveTypeAdapterFactory.java,201,this.boundFields = boundFields;
S2383,ReflectiveTypeAdapterFactory.java,205,if (in.peek() == JsonToken.NULL) {
S2384,ReflectiveTypeAdapterFactory.java,206,in.nextNull();
S2385,ReflectiveTypeAdapterFactory.java,207,return null;
S2386,ReflectiveTypeAdapterFactory.java,210,T instance = constructor.construct();
S2387,ReflectiveTypeAdapterFactory.java,213,in.beginObject();
S2388,ReflectiveTypeAdapterFactory.java,214,while (in.hasNext()) {
S2389,ReflectiveTypeAdapterFactory.java,215,String name = in.nextName();
S2390,ReflectiveTypeAdapterFactory.java,216,BoundField field = boundFields.get(name);
S2391,ReflectiveTypeAdapterFactory.java,217,if (field == null || !field.deserialized) {
S2392,ReflectiveTypeAdapterFactory.java,218,in.skipValue();
S2393,ReflectiveTypeAdapterFactory.java,220,"field.read(in, instance);"
S2394,ReflectiveTypeAdapterFactory.java,223,} catch (IllegalStateException e) {
S2395,ReflectiveTypeAdapterFactory.java,224,throw new JsonSyntaxException(e);
S2396,ReflectiveTypeAdapterFactory.java,228,in.endObject();
S2397,ReflectiveTypeAdapterFactory.java,229,return instance;
S2398,ReflectiveTypeAdapterFactory.java,233,if (value == null) {
S2399,ReflectiveTypeAdapterFactory.java,234,out.nullValue();
S2400,ReflectiveTypeAdapterFactory.java,235,return;
S2401,ReflectiveTypeAdapterFactory.java,238,out.beginObject();
S2402,ReflectiveTypeAdapterFactory.java,240,for (BoundField boundField : boundFields.values()) {
S2403,ReflectiveTypeAdapterFactory.java,241,if (boundField.writeField(value)) {
S2404,ReflectiveTypeAdapterFactory.java,242,out.name(boundField.name);
S2405,ReflectiveTypeAdapterFactory.java,243,"boundField.write(out, value);"
S2406,ReflectiveTypeAdapterFactory.java,249,out.endObject();
S2407,SqlDateTypeAdapter.java,38,public final class SqlDateTypeAdapter extends TypeAdapter<java.sql.Date> {
S2408,SqlDateTypeAdapter.java,39,public static final TypeAdapterFactory FACTORY = new TypeAdapterFactory() {
S2409,SqlDateTypeAdapter.java,42,return typeToken.getRawType() == java.sql.Date.class
S2410,SqlDateTypeAdapter.java,47,"private final DateFormat format = new SimpleDateFormat(""MMM d, yyyy"");"
S2411,SqlDateTypeAdapter.java,51,if (in.peek() == JsonToken.NULL) {
S2412,SqlDateTypeAdapter.java,52,in.nextNull();
S2413,SqlDateTypeAdapter.java,53,return null;
S2414,SqlDateTypeAdapter.java,56,final long utilDate = format.parse(in.nextString()).getTime();
S2415,SqlDateTypeAdapter.java,57,return new java.sql.Date(utilDate);
S2416,SqlDateTypeAdapter.java,65,out.value(value == null ? null : format.format(value));
S2417,Streams.java,44,boolean isEmpty = true;
S2418,Streams.java,46,reader.peek();
S2419,Streams.java,47,isEmpty = false;
S2420,Streams.java,48,return TypeAdapters.JSON_ELEMENT.read(reader);
S2421,Streams.java,49,} catch (EOFException e) {
S2422,Streams.java,54,if (isEmpty) {
S2423,Streams.java,55,return JsonNull.INSTANCE;
S2424,Streams.java,58,throw new JsonSyntaxException(e);
S2425,Streams.java,72,"TypeAdapters.JSON_ELEMENT.write(writer, element);"
S2426,Streams.java,76,return appendable instanceof Writer ? (Writer) appendable : new AppendableWriter(appendable);
S2427,TimeTypeAdapter.java,40,public final class TimeTypeAdapter extends TypeAdapter<Time> {
S2428,TimeTypeAdapter.java,41,public static final TypeAdapterFactory FACTORY = new TypeAdapterFactory() {
S2429,TimeTypeAdapter.java,44,return typeToken.getRawType() == Time.class ? (TypeAdapter<T>) new TimeTypeAdapter() : null;
S2430,TimeTypeAdapter.java,48,"private final DateFormat format = new SimpleDateFormat(""hh:mm:ss a"");"
S2431,TimeTypeAdapter.java,51,if (in.peek() == JsonToken.NULL) {
S2432,TimeTypeAdapter.java,52,in.nextNull();
S2433,TimeTypeAdapter.java,53,return null;
S2434,TimeTypeAdapter.java,56,Date date = format.parse(in.nextString());
S2435,TimeTypeAdapter.java,57,return new Time(date.getTime());
S2436,TimeTypeAdapter.java,64,out.value(value == null ? null : format.format(value));
S2437,TreeTypeAdapter.java,41,public final class TreeTypeAdapter<T> extends TypeAdapter<T> {
S2438,TreeTypeAdapter.java,47,private final GsonContextImpl context = new GsonContextImpl();
S2439,TreeTypeAdapter.java,53,"Gson gson, TypeToken<T> typeToken, TypeAdapterFactory skipPast) {"
S2440,TreeTypeAdapter.java,54,this.serializer = serializer;
S2441,TreeTypeAdapter.java,55,this.deserializer = deserializer;
S2442,TreeTypeAdapter.java,56,this.gson = gson;
S2443,TreeTypeAdapter.java,57,this.typeToken = typeToken;
S2444,TreeTypeAdapter.java,58,this.skipPast = skipPast;
S2445,TreeTypeAdapter.java,62,if (deserializer == null) {
S2446,TreeTypeAdapter.java,63,return delegate().read(in);
S2447,TreeTypeAdapter.java,65,JsonElement value = Streams.parse(in);
S2448,TreeTypeAdapter.java,66,if (value.isJsonNull()) {
S2449,TreeTypeAdapter.java,67,return null;
S2450,TreeTypeAdapter.java,69,"return deserializer.deserialize(value, typeToken.getType(), context);"
S2451,TreeTypeAdapter.java,73,if (serializer == null) {
S2452,TreeTypeAdapter.java,74,"delegate().write(out, value);"
S2453,TreeTypeAdapter.java,75,return;
S2454,TreeTypeAdapter.java,77,if (value == null) {
S2455,TreeTypeAdapter.java,78,out.nullValue();
S2456,TreeTypeAdapter.java,79,return;
S2457,TreeTypeAdapter.java,81,"JsonElement tree = serializer.serialize(value, typeToken.getType(), context);"
S2458,TreeTypeAdapter.java,82,"Streams.write(tree, out);"
S2459,TreeTypeAdapter.java,86,TypeAdapter<T> d = delegate;
S2460,TreeTypeAdapter.java,87,return d != null
S2461,TreeTypeAdapter.java,96,"return new SingleTypeFactory(typeAdapter, exactType, false, null);"
S2462,TreeTypeAdapter.java,106,boolean matchRawType = exactType.getType() == exactType.getRawType();
S2463,TreeTypeAdapter.java,107,"return new SingleTypeFactory(typeAdapter, exactType, matchRawType, null);"
S2464,TreeTypeAdapter.java,116,"return new SingleTypeFactory(typeAdapter, null, false, hierarchyType);"
S2465,TreeTypeAdapter.java,127,Class<?> hierarchyType) {
S2466,TreeTypeAdapter.java,128,serializer = typeAdapter instanceof JsonSerializer
S2467,TreeTypeAdapter.java,131,deserializer = typeAdapter instanceof JsonDeserializer
S2468,TreeTypeAdapter.java,134,$Gson$Preconditions.checkArgument(serializer != null || deserializer != null);
S2469,TreeTypeAdapter.java,135,this.exactType = exactType;
S2470,TreeTypeAdapter.java,136,this.matchRawType = matchRawType;
S2471,TreeTypeAdapter.java,137,this.hierarchyType = hierarchyType;
S2472,TreeTypeAdapter.java,143,boolean matches = exactType != null
S2473,TreeTypeAdapter.java,146,return matches
S2474,TreeTypeAdapter.java,153,"private final class GsonContextImpl implements JsonSerializationContext, JsonDeserializationContext {"
S2475,TreeTypeAdapter.java,155,return gson.toJsonTree(src);
S2476,TreeTypeAdapter.java,158,"return gson.toJsonTree(src, typeOfSrc);"
S2477,TreeTypeAdapter.java,162,"return (R) gson.fromJson(json, typeOfT);"
S2478,TypeAdapter.java,119,public abstract class TypeAdapter<T> {
S2479,TypeAdapter.java,141,JsonWriter writer = new JsonWriter(out);
S2480,TypeAdapter.java,142,"write(writer, value);"
S2481,TypeAdapter.java,186,return new TypeAdapter<T>() {
S2482,TypeAdapter.java,188,if (value == null) {
S2483,TypeAdapter.java,189,out.nullValue();
S2484,TypeAdapter.java,191,"TypeAdapter.this.write(out, value);"
S2485,TypeAdapter.java,195,if (reader.peek() == JsonToken.NULL) {
S2486,TypeAdapter.java,196,reader.nextNull();
S2487,TypeAdapter.java,197,return null;
S2488,TypeAdapter.java,199,return TypeAdapter.this.read(reader);
S2489,TypeAdapter.java,215,StringWriter stringWriter = new StringWriter();
S2490,TypeAdapter.java,217,"toJson(stringWriter, value);"
S2491,TypeAdapter.java,221,return stringWriter.toString();
S2492,TypeAdapter.java,233,JsonTreeWriter jsonWriter = new JsonTreeWriter();
S2493,TypeAdapter.java,234,"write(jsonWriter, value);"
S2494,TypeAdapter.java,235,return jsonWriter.get();
S2495,TypeAdapter.java,259,JsonReader reader = new JsonReader(in);
S2496,TypeAdapter.java,260,return read(reader);
S2497,TypeAdapter.java,273,return fromJson(new StringReader(json));
S2498,TypeAdapter.java,284,JsonReader jsonReader = new JsonTreeReader(jsonTree);
S2499,TypeAdapter.java,285,return read(jsonReader);
S2500,TypeAdapterRuntimeTypeWrapper.java,33,"TypeAdapterRuntimeTypeWrapper(Gson context, TypeAdapter<T> delegate, Type type) {"
S2501,TypeAdapterRuntimeTypeWrapper.java,34,this.context = context;
S2502,TypeAdapterRuntimeTypeWrapper.java,35,this.delegate = delegate;
S2503,TypeAdapterRuntimeTypeWrapper.java,36,this.type = type;
S2504,TypeAdapterRuntimeTypeWrapper.java,41,return delegate.read(in);
S2505,TypeAdapterRuntimeTypeWrapper.java,53,TypeAdapter chosen = delegate;
S2506,TypeAdapterRuntimeTypeWrapper.java,54,"Type runtimeType = getRuntimeTypeIfMoreSpecific(type, value);"
S2507,TypeAdapterRuntimeTypeWrapper.java,55,if (runtimeType != type) {
S2508,TypeAdapterRuntimeTypeWrapper.java,56,TypeAdapter runtimeTypeAdapter = context.getAdapter(TypeToken.get(runtimeType));
S2509,TypeAdapterRuntimeTypeWrapper.java,57,if (!(runtimeTypeAdapter instanceof ReflectiveTypeAdapterFactory.Adapter)) {
S2510,TypeAdapterRuntimeTypeWrapper.java,59,chosen = runtimeTypeAdapter;
S2511,TypeAdapterRuntimeTypeWrapper.java,60,} else if (!(delegate instanceof ReflectiveTypeAdapterFactory.Adapter)) {
S2512,TypeAdapterRuntimeTypeWrapper.java,63,chosen = delegate;
S2513,TypeAdapterRuntimeTypeWrapper.java,66,chosen = runtimeTypeAdapter;
S2514,TypeAdapterRuntimeTypeWrapper.java,69,"chosen.write(out, value);"
S2515,TypeAdapterRuntimeTypeWrapper.java,76,if (value != null
S2516,TypeAdapterRuntimeTypeWrapper.java,78,type = value.getClass();
S2517,TypeAdapterRuntimeTypeWrapper.java,80,return type;
S2518,TypeAdapters.java,69,public static final TypeAdapter<Class> CLASS = new TypeAdapter<Class>() {
S2519,TypeAdapters.java,72,"throw new UnsupportedOperationException(""Attempted to serialize java.lang.Class: """
S2520,TypeAdapters.java,77,throw new UnsupportedOperationException(
S2521,TypeAdapters.java,82,"public static final TypeAdapterFactory CLASS_FACTORY = newFactory(Class.class, CLASS);"
S2522,TypeAdapters.java,84,public static final TypeAdapter<BitSet> BIT_SET = new TypeAdapter<BitSet>() {
S2523,TypeAdapters.java,86,BitSet bitset = new BitSet();
S2524,TypeAdapters.java,87,in.beginArray();
S2525,TypeAdapters.java,88,int i = 0;
S2526,TypeAdapters.java,89,JsonToken tokenType = in.peek();
S2527,TypeAdapters.java,90,while (tokenType != JsonToken.END_ARRAY) {
S2528,TypeAdapters.java,92,switch (tokenType) {
S2529,TypeAdapters.java,94,set = in.nextInt() != 0;
S2530,TypeAdapters.java,95,break;
S2531,TypeAdapters.java,97,set = in.nextBoolean();
S2532,TypeAdapters.java,98,break;
S2533,TypeAdapters.java,100,String stringValue = in.nextString();
S2534,TypeAdapters.java,102,set = Integer.parseInt(stringValue) != 0;
S2535,TypeAdapters.java,111,if (set) {
S2536,TypeAdapters.java,112,bitset.set(i);
S2537,TypeAdapters.java,114,++i;
S2538,TypeAdapters.java,115,tokenType = in.peek();
S2539,TypeAdapters.java,117,in.endArray();
S2540,TypeAdapters.java,118,return bitset;
S2541,TypeAdapters.java,122,out.beginArray();
S2542,TypeAdapters.java,123,"for (int i = 0, length = src.length(); i < length; i++) {"
S2543,TypeAdapters.java,124,int value = (src.get(i)) ? 1 : 0;
S2544,TypeAdapters.java,125,out.value(value);
S2545,TypeAdapters.java,127,out.endArray();
S2546,TypeAdapters.java,131,"public static final TypeAdapterFactory BIT_SET_FACTORY = newFactory(BitSet.class, BIT_SET);"
S2547,TypeAdapters.java,133,public static final TypeAdapter<Boolean> BOOLEAN = new TypeAdapter<Boolean>() {
S2548,TypeAdapters.java,136,if (in.peek() == JsonToken.NULL) {
S2549,TypeAdapters.java,137,in.nextNull();
S2550,TypeAdapters.java,138,return null;
S2551,TypeAdapters.java,139,} else if (in.peek() == JsonToken.STRING) {
S2552,TypeAdapters.java,141,return Boolean.parseBoolean(in.nextString());
S2553,TypeAdapters.java,143,return in.nextBoolean();
S2554,TypeAdapters.java,147,out.value(value);
S2555,TypeAdapters.java,155,public static final TypeAdapter<Boolean> BOOLEAN_AS_STRING = new TypeAdapter<Boolean>() {
S2556,TypeAdapters.java,157,if (in.peek() == JsonToken.NULL) {
S2557,TypeAdapters.java,161,return Boolean.valueOf(in.nextString());
S2558,TypeAdapters.java,169,public static final TypeAdapterFactory BOOLEAN_FACTORY
S2559,TypeAdapters.java,172,public static final TypeAdapter<Number> BYTE = new TypeAdapter<Number>() {
S2560,TypeAdapters.java,175,if (in.peek() == JsonToken.NULL) {
S2561,TypeAdapters.java,176,in.nextNull();
S2562,TypeAdapters.java,177,return null;
S2563,TypeAdapters.java,180,int intValue = in.nextInt();
S2564,TypeAdapters.java,181,return (byte) intValue;
S2565,TypeAdapters.java,182,} catch (NumberFormatException e) {
S2566,TypeAdapters.java,183,throw new JsonSyntaxException(e);
S2567,TypeAdapters.java,188,out.value(value);
S2568,TypeAdapters.java,192,public static final TypeAdapterFactory BYTE_FACTORY
S2569,TypeAdapters.java,195,public static final TypeAdapter<Number> SHORT = new TypeAdapter<Number>() {
S2570,TypeAdapters.java,198,if (in.peek() == JsonToken.NULL) {
S2571,TypeAdapters.java,199,in.nextNull();
S2572,TypeAdapters.java,200,return null;
S2573,TypeAdapters.java,203,return (short) in.nextInt();
S2574,TypeAdapters.java,204,} catch (NumberFormatException e) {
S2575,TypeAdapters.java,205,throw new JsonSyntaxException(e);
S2576,TypeAdapters.java,210,out.value(value);
S2577,TypeAdapters.java,214,public static final TypeAdapterFactory SHORT_FACTORY
S2578,TypeAdapters.java,217,public static final TypeAdapter<Number> INTEGER = new TypeAdapter<Number>() {
S2579,TypeAdapters.java,220,if (in.peek() == JsonToken.NULL) {
S2580,TypeAdapters.java,221,in.nextNull();
S2581,TypeAdapters.java,222,return null;
S2582,TypeAdapters.java,225,return in.nextInt();
S2583,TypeAdapters.java,226,} catch (NumberFormatException e) {
S2584,TypeAdapters.java,227,throw new JsonSyntaxException(e);
S2585,TypeAdapters.java,232,out.value(value);
S2586,TypeAdapters.java,235,public static final TypeAdapterFactory INTEGER_FACTORY
S2587,TypeAdapters.java,238,public static final TypeAdapter<AtomicInteger> ATOMIC_INTEGER = new TypeAdapter<AtomicInteger>() {
S2588,TypeAdapters.java,241,return new AtomicInteger(in.nextInt());
S2589,TypeAdapters.java,247,out.value(value.get());
S2590,TypeAdapters.java,250,public static final TypeAdapterFactory ATOMIC_INTEGER_FACTORY =
S2591,TypeAdapters.java,253,public static final TypeAdapter<AtomicBoolean> ATOMIC_BOOLEAN = new TypeAdapter<AtomicBoolean>() {
S2592,TypeAdapters.java,255,return new AtomicBoolean(in.nextBoolean());
S2593,TypeAdapters.java,258,out.value(value.get());
S2594,TypeAdapters.java,261,public static final TypeAdapterFactory ATOMIC_BOOLEAN_FACTORY =
S2595,TypeAdapters.java,264,public static final TypeAdapter<AtomicIntegerArray> ATOMIC_INTEGER_ARRAY = new TypeAdapter<AtomicIntegerArray>() {
S2596,TypeAdapters.java,266,List<Integer> list = new ArrayList<Integer>();
S2597,TypeAdapters.java,267,in.beginArray();
S2598,TypeAdapters.java,268,while (in.hasNext()) {
S2599,TypeAdapters.java,270,int integer = in.nextInt();
S2600,TypeAdapters.java,271,list.add(integer);
S2601,TypeAdapters.java,276,in.endArray();
S2602,TypeAdapters.java,277,int length = list.size();
S2603,TypeAdapters.java,278,AtomicIntegerArray array = new AtomicIntegerArray(length);
S2604,TypeAdapters.java,279,for (int i = 0; i < length; ++i) {
S2605,TypeAdapters.java,280,"array.set(i, list.get(i));"
S2606,TypeAdapters.java,282,return array;
S2607,TypeAdapters.java,285,out.beginArray();
S2608,TypeAdapters.java,286,"for (int i = 0, length = value.length(); i < length; i++) {"
S2609,TypeAdapters.java,287,out.value(value.get(i));
S2610,TypeAdapters.java,289,out.endArray();
S2611,TypeAdapters.java,292,public static final TypeAdapterFactory ATOMIC_INTEGER_ARRAY_FACTORY =
S2612,TypeAdapters.java,295,public static final TypeAdapter<Number> LONG = new TypeAdapter<Number>() {
S2613,TypeAdapters.java,298,if (in.peek() == JsonToken.NULL) {
S2614,TypeAdapters.java,299,in.nextNull();
S2615,TypeAdapters.java,300,return null;
S2616,TypeAdapters.java,303,return in.nextLong();
S2617,TypeAdapters.java,304,} catch (NumberFormatException e) {
S2618,TypeAdapters.java,305,throw new JsonSyntaxException(e);
S2619,TypeAdapters.java,310,out.value(value);
S2620,TypeAdapters.java,314,public static final TypeAdapter<Number> FLOAT = new TypeAdapter<Number>() {
S2621,TypeAdapters.java,325,out.value(value);
S2622,TypeAdapters.java,329,public static final TypeAdapter<Number> DOUBLE = new TypeAdapter<Number>() {
S2623,TypeAdapters.java,340,out.value(value);
S2624,TypeAdapters.java,344,public static final TypeAdapter<Number> NUMBER = new TypeAdapter<Number>() {
S2625,TypeAdapters.java,347,JsonToken jsonToken = in.peek();
S2626,TypeAdapters.java,348,switch (jsonToken) {
S2627,TypeAdapters.java,350,in.nextNull();
S2628,TypeAdapters.java,351,return null;
S2629,TypeAdapters.java,354,return new LazilyParsedNumber(in.nextString());
S2630,TypeAdapters.java,356,"throw new JsonSyntaxException(""Expecting number, got: "" + jsonToken);"
S2631,TypeAdapters.java,361,out.value(value);
S2632,TypeAdapters.java,365,"public static final TypeAdapterFactory NUMBER_FACTORY = newFactory(Number.class, NUMBER);"
S2633,TypeAdapters.java,367,public static final TypeAdapter<Character> CHARACTER = new TypeAdapter<Character>() {
S2634,TypeAdapters.java,370,if (in.peek() == JsonToken.NULL) {
S2635,TypeAdapters.java,371,in.nextNull();
S2636,TypeAdapters.java,372,return null;
S2637,TypeAdapters.java,374,String str = in.nextString();
S2638,TypeAdapters.java,375,if (str.length() != 1) {
S2639,TypeAdapters.java,378,return str.charAt(0);
S2640,TypeAdapters.java,382,out.value(value == null ? null : String.valueOf(value));
S2641,TypeAdapters.java,386,public static final TypeAdapterFactory CHARACTER_FACTORY
S2642,TypeAdapters.java,389,public static final TypeAdapter<String> STRING = new TypeAdapter<String>() {
S2643,TypeAdapters.java,392,JsonToken peek = in.peek();
S2644,TypeAdapters.java,393,if (peek == JsonToken.NULL) {
S2645,TypeAdapters.java,394,in.nextNull();
S2646,TypeAdapters.java,395,return null;
S2647,TypeAdapters.java,398,if (peek == JsonToken.BOOLEAN) {
S2648,TypeAdapters.java,399,return Boolean.toString(in.nextBoolean());
S2649,TypeAdapters.java,401,return in.nextString();
S2650,TypeAdapters.java,405,out.value(value);
S2651,TypeAdapters.java,409,public static final TypeAdapter<BigDecimal> BIG_DECIMAL = new TypeAdapter<BigDecimal>() {
S2652,TypeAdapters.java,411,if (in.peek() == JsonToken.NULL) {
S2653,TypeAdapters.java,412,in.nextNull();
S2654,TypeAdapters.java,413,return null;
S2655,TypeAdapters.java,416,return new BigDecimal(in.nextString());
S2656,TypeAdapters.java,417,} catch (NumberFormatException e) {
S2657,TypeAdapters.java,418,throw new JsonSyntaxException(e);
S2658,TypeAdapters.java,423,out.value(value);
S2659,TypeAdapters.java,427,public static final TypeAdapter<BigInteger> BIG_INTEGER = new TypeAdapter<BigInteger>() {
S2660,TypeAdapters.java,429,if (in.peek() == JsonToken.NULL) {
S2661,TypeAdapters.java,430,in.nextNull();
S2662,TypeAdapters.java,431,return null;
S2663,TypeAdapters.java,434,return new BigInteger(in.nextString());
S2664,TypeAdapters.java,435,} catch (NumberFormatException e) {
S2665,TypeAdapters.java,436,throw new JsonSyntaxException(e);
S2666,TypeAdapters.java,441,out.value(value);
S2667,TypeAdapters.java,445,"public static final TypeAdapterFactory STRING_FACTORY = newFactory(String.class, STRING);"
S2668,TypeAdapters.java,447,public static final TypeAdapter<StringBuilder> STRING_BUILDER = new TypeAdapter<StringBuilder>() {
S2669,TypeAdapters.java,450,if (in.peek() == JsonToken.NULL) {
S2670,TypeAdapters.java,451,in.nextNull();
S2671,TypeAdapters.java,452,return null;
S2672,TypeAdapters.java,454,return new StringBuilder(in.nextString());
S2673,TypeAdapters.java,458,out.value(value == null ? null : value.toString());
S2674,TypeAdapters.java,462,public static final TypeAdapterFactory STRING_BUILDER_FACTORY =
S2675,TypeAdapters.java,465,public static final TypeAdapter<StringBuffer> STRING_BUFFER = new TypeAdapter<StringBuffer>() {
S2676,TypeAdapters.java,468,if (in.peek() == JsonToken.NULL) {
S2677,TypeAdapters.java,469,in.nextNull();
S2678,TypeAdapters.java,470,return null;
S2679,TypeAdapters.java,472,return new StringBuffer(in.nextString());
S2680,TypeAdapters.java,476,out.value(value == null ? null : value.toString());
S2681,TypeAdapters.java,480,public static final TypeAdapterFactory STRING_BUFFER_FACTORY =
S2682,TypeAdapters.java,483,public static final TypeAdapter<URL> URL = new TypeAdapter<URL>() {
S2683,TypeAdapters.java,486,if (in.peek() == JsonToken.NULL) {
S2684,TypeAdapters.java,487,in.nextNull();
S2685,TypeAdapters.java,488,return null;
S2686,TypeAdapters.java,490,String nextString = in.nextString();
S2687,TypeAdapters.java,491,"return ""null"".equals(nextString) ? null : new URL(nextString);"
S2688,TypeAdapters.java,495,out.value(value == null ? null : value.toExternalForm());
S2689,TypeAdapters.java,499,"public static final TypeAdapterFactory URL_FACTORY = newFactory(URL.class, URL);"
S2690,TypeAdapters.java,501,public static final TypeAdapter<URI> URI = new TypeAdapter<URI>() {
S2691,TypeAdapters.java,504,if (in.peek() == JsonToken.NULL) {
S2692,TypeAdapters.java,505,in.nextNull();
S2693,TypeAdapters.java,506,return null;
S2694,TypeAdapters.java,509,String nextString = in.nextString();
S2695,TypeAdapters.java,510,"return ""null"".equals(nextString) ? null : new URI(nextString);"
S2696,TypeAdapters.java,517,out.value(value == null ? null : value.toASCIIString());
S2697,TypeAdapters.java,521,"public static final TypeAdapterFactory URI_FACTORY = newFactory(URI.class, URI);"
S2698,TypeAdapters.java,523,public static final TypeAdapter<InetAddress> INET_ADDRESS = new TypeAdapter<InetAddress>() {
S2699,TypeAdapters.java,526,if (in.peek() == JsonToken.NULL) {
S2700,TypeAdapters.java,527,in.nextNull();
S2701,TypeAdapters.java,528,return null;
S2702,TypeAdapters.java,531,return InetAddress.getByName(in.nextString());
S2703,TypeAdapters.java,535,out.value(value == null ? null : value.getHostAddress());
S2704,TypeAdapters.java,539,public static final TypeAdapterFactory INET_ADDRESS_FACTORY =
S2705,TypeAdapters.java,542,public static final TypeAdapter<UUID> UUID = new TypeAdapter<UUID>() {
S2706,TypeAdapters.java,545,if (in.peek() == JsonToken.NULL) {
S2707,TypeAdapters.java,546,in.nextNull();
S2708,TypeAdapters.java,547,return null;
S2709,TypeAdapters.java,549,return java.util.UUID.fromString(in.nextString());
S2710,TypeAdapters.java,553,out.value(value == null ? null : value.toString());
S2711,TypeAdapters.java,557,"public static final TypeAdapterFactory UUID_FACTORY = newFactory(UUID.class, UUID);"
S2712,TypeAdapters.java,559,public static final TypeAdapter<Currency> CURRENCY = new TypeAdapter<Currency>() {
S2713,TypeAdapters.java,562,return Currency.getInstance(in.nextString());
S2714,TypeAdapters.java,566,out.value(value.getCurrencyCode());
S2715,TypeAdapters.java,569,"public static final TypeAdapterFactory CURRENCY_FACTORY = newFactory(Currency.class, CURRENCY);"
S2716,TypeAdapters.java,571,public static final TypeAdapterFactory TIMESTAMP_FACTORY = new TypeAdapterFactory() {
S2717,TypeAdapters.java,574,if (typeToken.getRawType() != Timestamp.class) {
S2718,TypeAdapters.java,575,return null;
S2719,TypeAdapters.java,578,final TypeAdapter<Date> dateTypeAdapter = gson.getAdapter(Date.class);
S2720,TypeAdapters.java,579,return (TypeAdapter<T>) new TypeAdapter<Timestamp>() {
S2721,TypeAdapters.java,581,Date date = dateTypeAdapter.read(in);
S2722,TypeAdapters.java,582,return date != null ? new Timestamp(date.getTime()) : null;
S2723,TypeAdapters.java,586,"dateTypeAdapter.write(out, value);"
S2724,TypeAdapters.java,592,public static final TypeAdapter<Calendar> CALENDAR = new TypeAdapter<Calendar>() {
S2725,TypeAdapters.java,602,if (in.peek() == JsonToken.NULL) {
S2726,TypeAdapters.java,603,in.nextNull();
S2727,TypeAdapters.java,604,return  null;
S2728,TypeAdapters.java,606,in.beginObject();
S2729,TypeAdapters.java,607,int year = 0;
S2730,TypeAdapters.java,608,int month = 0;
S2731,TypeAdapters.java,609,int dayOfMonth = 0;
S2732,TypeAdapters.java,610,int hourOfDay = 0;
S2733,TypeAdapters.java,611,int minute = 0;
S2734,TypeAdapters.java,612,int second = 0;
S2735,TypeAdapters.java,613,while (in.peek() != JsonToken.END_OBJECT) {
S2736,TypeAdapters.java,614,String name = in.nextName();
S2737,TypeAdapters.java,615,int value = in.nextInt();
S2738,TypeAdapters.java,616,if (YEAR.equals(name)) {
S2739,TypeAdapters.java,617,year = value;
S2740,TypeAdapters.java,618,} else if (MONTH.equals(name)) {
S2741,TypeAdapters.java,619,month = value;
S2742,TypeAdapters.java,620,} else if (DAY_OF_MONTH.equals(name)) {
S2743,TypeAdapters.java,621,dayOfMonth = value;
S2744,TypeAdapters.java,622,} else if (HOUR_OF_DAY.equals(name)) {
S2745,TypeAdapters.java,623,hourOfDay = value;
S2746,TypeAdapters.java,624,} else if (MINUTE.equals(name)) {
S2747,TypeAdapters.java,625,minute = value;
S2748,TypeAdapters.java,626,} else if (SECOND.equals(name)) {
S2749,TypeAdapters.java,627,second = value;
S2750,TypeAdapters.java,630,in.endObject();
S2751,TypeAdapters.java,631,"return new GregorianCalendar(year, month, dayOfMonth, hourOfDay, minute, second);"
S2752,TypeAdapters.java,636,if (value == null) {
S2753,TypeAdapters.java,637,out.nullValue();
S2754,TypeAdapters.java,638,return;
S2755,TypeAdapters.java,640,out.beginObject();
S2756,TypeAdapters.java,641,out.name(YEAR);
S2757,TypeAdapters.java,642,out.value(value.get(Calendar.YEAR));
S2758,TypeAdapters.java,643,out.name(MONTH);
S2759,TypeAdapters.java,644,out.value(value.get(Calendar.MONTH));
S2760,TypeAdapters.java,645,out.name(DAY_OF_MONTH);
S2761,TypeAdapters.java,646,out.value(value.get(Calendar.DAY_OF_MONTH));
S2762,TypeAdapters.java,647,out.name(HOUR_OF_DAY);
S2763,TypeAdapters.java,648,out.value(value.get(Calendar.HOUR_OF_DAY));
S2764,TypeAdapters.java,649,out.name(MINUTE);
S2765,TypeAdapters.java,650,out.value(value.get(Calendar.MINUTE));
S2766,TypeAdapters.java,651,out.name(SECOND);
S2767,TypeAdapters.java,652,out.value(value.get(Calendar.SECOND));
S2768,TypeAdapters.java,653,out.endObject();
S2769,TypeAdapters.java,657,public static final TypeAdapterFactory CALENDAR_FACTORY =
S2770,TypeAdapters.java,660,public static final TypeAdapter<Locale> LOCALE = new TypeAdapter<Locale>() {
S2771,TypeAdapters.java,663,if (in.peek() == JsonToken.NULL) {
S2772,TypeAdapters.java,664,in.nextNull();
S2773,TypeAdapters.java,665,return null;
S2774,TypeAdapters.java,667,String locale = in.nextString();
S2775,TypeAdapters.java,668,"StringTokenizer tokenizer = new StringTokenizer(locale, ""_"");"
S2776,TypeAdapters.java,669,String language = null;
S2777,TypeAdapters.java,670,String country = null;
S2778,TypeAdapters.java,671,String variant = null;
S2779,TypeAdapters.java,672,if (tokenizer.hasMoreElements()) {
S2780,TypeAdapters.java,673,language = tokenizer.nextToken();
S2781,TypeAdapters.java,675,if (tokenizer.hasMoreElements()) {
S2782,TypeAdapters.java,676,country = tokenizer.nextToken();
S2783,TypeAdapters.java,678,if (tokenizer.hasMoreElements()) {
S2784,TypeAdapters.java,679,variant = tokenizer.nextToken();
S2785,TypeAdapters.java,681,if (country == null && variant == null) {
S2786,TypeAdapters.java,682,return new Locale(language);
S2787,TypeAdapters.java,683,} else if (variant == null) {
S2788,TypeAdapters.java,684,"return new Locale(language, country);"
S2789,TypeAdapters.java,686,"return new Locale(language, country, variant);"
S2790,TypeAdapters.java,691,out.value(value == null ? null : value.toString());
S2791,TypeAdapters.java,695,"public static final TypeAdapterFactory LOCALE_FACTORY = newFactory(Locale.class, LOCALE);"
S2792,TypeAdapters.java,697,public static final TypeAdapter<JsonElement> JSON_ELEMENT = new TypeAdapter<JsonElement>() {
S2793,TypeAdapters.java,699,switch (in.peek()) {
S2794,TypeAdapters.java,701,return new JsonPrimitive(in.nextString());
S2795,TypeAdapters.java,703,String number = in.nextString();
S2796,TypeAdapters.java,704,return new JsonPrimitive(new LazilyParsedNumber(number));
S2797,TypeAdapters.java,706,return new JsonPrimitive(in.nextBoolean());
S2798,TypeAdapters.java,708,in.nextNull();
S2799,TypeAdapters.java,709,return JsonNull.INSTANCE;
S2800,TypeAdapters.java,711,JsonArray array = new JsonArray();
S2801,TypeAdapters.java,712,in.beginArray();
S2802,TypeAdapters.java,713,while (in.hasNext()) {
S2803,TypeAdapters.java,714,array.add(read(in));
S2804,TypeAdapters.java,716,in.endArray();
S2805,TypeAdapters.java,717,return array;
S2806,TypeAdapters.java,719,JsonObject object = new JsonObject();
S2807,TypeAdapters.java,720,in.beginObject();
S2808,TypeAdapters.java,721,while (in.hasNext()) {
S2809,TypeAdapters.java,722,"object.add(in.nextName(), read(in));"
S2810,TypeAdapters.java,724,in.endObject();
S2811,TypeAdapters.java,725,return object;
S2812,TypeAdapters.java,736,if (value == null || value.isJsonNull()) {
S2813,TypeAdapters.java,737,out.nullValue();
S2814,TypeAdapters.java,738,} else if (value.isJsonPrimitive()) {
S2815,TypeAdapters.java,739,JsonPrimitive primitive = value.getAsJsonPrimitive();
S2816,TypeAdapters.java,740,if (primitive.isNumber()) {
S2817,TypeAdapters.java,741,out.value(primitive.getAsNumber());
S2818,TypeAdapters.java,742,} else if (primitive.isBoolean()) {
S2819,TypeAdapters.java,743,out.value(primitive.getAsBoolean());
S2820,TypeAdapters.java,745,out.value(primitive.getAsString());
S2821,TypeAdapters.java,748,} else if (value.isJsonArray()) {
S2822,TypeAdapters.java,749,out.beginArray();
S2823,TypeAdapters.java,750,for (JsonElement e : value.getAsJsonArray()) {
S2824,TypeAdapters.java,751,"write(out, e);"
S2825,TypeAdapters.java,753,out.endArray();
S2826,TypeAdapters.java,755,} else if (value.isJsonObject()) {
S2827,TypeAdapters.java,756,out.beginObject();
S2828,TypeAdapters.java,757,"for (Map.Entry<String, JsonElement> e : value.getAsJsonObject().entrySet()) {"
S2829,TypeAdapters.java,758,out.name(e.getKey());
S2830,TypeAdapters.java,759,"write(out, e.getValue());"
S2831,TypeAdapters.java,761,out.endObject();
S2832,TypeAdapters.java,769,public static final TypeAdapterFactory JSON_ELEMENT_FACTORY
S2833,TypeAdapters.java,772,private static final class EnumTypeAdapter<T extends Enum<T>> extends TypeAdapter<T> {
S2834,TypeAdapters.java,773,"private final Map<String, T> nameToConstant = new HashMap<String, T>();"
S2835,TypeAdapters.java,774,"private final Map<T, String> constantToName = new HashMap<T, String>();"
S2836,TypeAdapters.java,776,public EnumTypeAdapter(Class<T> classOfT) {
S2837,TypeAdapters.java,778,for (T constant : classOfT.getEnumConstants()) {
S2838,TypeAdapters.java,779,String name = constant.name();
S2839,TypeAdapters.java,780,SerializedName annotation = classOfT.getField(name).getAnnotation(SerializedName.class);
S2840,TypeAdapters.java,781,if (annotation != null) {
S2841,TypeAdapters.java,782,name = annotation.value();
S2842,TypeAdapters.java,783,for (String alternate : annotation.alternate()) {
S2843,TypeAdapters.java,787,"nameToConstant.put(name, constant);"
S2844,TypeAdapters.java,788,"constantToName.put(constant, name);"
S2845,TypeAdapters.java,795,if (in.peek() == JsonToken.NULL) {
S2846,TypeAdapters.java,799,return nameToConstant.get(in.nextString());
S2847,TypeAdapters.java,803,out.value(value == null ? null : constantToName.get(value));
S2848,TypeAdapters.java,807,public static final TypeAdapterFactory ENUM_FACTORY = new TypeAdapterFactory() {
S2849,TypeAdapters.java,810,Class<? super T> rawType = typeToken.getRawType();
S2850,TypeAdapters.java,811,if (!Enum.class.isAssignableFrom(rawType) || rawType == Enum.class) {
S2851,TypeAdapters.java,812,return null;
S2852,TypeAdapters.java,814,if (!rawType.isEnum()) {
S2853,TypeAdapters.java,815,rawType = rawType.getSuperclass(); // handle anonymous subclasses
S2854,TypeAdapters.java,817,return (TypeAdapter<T>) new EnumTypeAdapter(rawType);
S2855,TypeAdapters.java,823,return new TypeAdapterFactory() {
S2856,TypeAdapters.java,826,return typeToken.equals(type) ? (TypeAdapter<T>) typeAdapter : null;
S2857,TypeAdapters.java,833,return new TypeAdapterFactory() {
S2858,TypeAdapters.java,836,return typeToken.getRawType() == type ? (TypeAdapter<T>) typeAdapter : null;
S2859,TypeAdapters.java,846,return new TypeAdapterFactory() {
S2860,TypeAdapters.java,849,Class<? super T> rawType = typeToken.getRawType();
S2861,TypeAdapters.java,850,return (rawType == unboxed || rawType == boxed) ? (TypeAdapter<T>) typeAdapter : null;
S2862,TypeAdapters.java,861,return new TypeAdapterFactory() {
S2863,TypeAdapters.java,864,Class<? super T> rawType = typeToken.getRawType();
S2864,TypeAdapters.java,865,return (rawType == base || rawType == sub) ? (TypeAdapter<T>) typeAdapter : null;
S2865,TypeAdapters.java,880,return new TypeAdapterFactory() {
S2866,TypeAdapters.java,883,final Class<? super T2> requestedType = typeToken.getRawType();
S2867,TypeAdapters.java,884,if (!clazz.isAssignableFrom(requestedType)) {
S2868,TypeAdapters.java,885,return null;
S2869,TypeAdapters.java,887,return (TypeAdapter<T2>) new TypeAdapter<T1>() {
S2870,TypeAdapters.java,889,"typeAdapter.write(out, value);"
S2871,TypeAdapters.java,893,T1 result = typeAdapter.read(in);
S2872,TypeAdapters.java,894,if (result != null && !requestedType.isInstance(result)) {
S2873,TypeAdapters.java,895,"throw new JsonSyntaxException(""Expected a "" + requestedType.getName()"
S2874,TypeAdapters.java,898,return result;
S2875,TypeToken.java,61,protected TypeToken() {
S2876,TypeToken.java,62,this.type = getSuperclassTypeParameter(getClass());
S2877,TypeToken.java,63,this.rawType = (Class<? super T>) $Gson$Types.getRawType(type);
S2878,TypeToken.java,64,this.hashCode = type.hashCode();
S2879,TypeToken.java,71,TypeToken(Type type) {
S2880,TypeToken.java,72,this.type = $Gson$Types.canonicalize($Gson$Preconditions.checkNotNull(type));
S2881,TypeToken.java,73,this.rawType = (Class<? super T>) $Gson$Types.getRawType(this.type);
S2882,TypeToken.java,74,this.hashCode = this.type.hashCode();
S2883,TypeToken.java,82,Type superclass = subclass.getGenericSuperclass();
S2884,TypeToken.java,83,if (superclass instanceof Class) {
S2885,TypeToken.java,86,ParameterizedType parameterized = (ParameterizedType) superclass;
S2886,TypeToken.java,87,return $Gson$Types.canonicalize(parameterized.getActualTypeArguments()[0]);
S2887,TypeToken.java,94,return rawType;
S2888,TypeToken.java,101,return type;
S2889,TypeToken.java,280,return this.hashCode;
S2890,TypeToken.java,284,return o instanceof TypeToken<?>
S2891,TypeToken.java,296,return new TypeToken<Object>(type);
S2892,TypeToken.java,303,return new TypeToken<T>(type);
S2893,UnsafeAllocator.java,31,public abstract class UnsafeAllocator {
S2894,UnsafeAllocator.java,40,"Class<?> unsafeClass = Class.forName(""sun.misc.Unsafe"");"
S2895,UnsafeAllocator.java,41,"Field f = unsafeClass.getDeclaredField(""theUnsafe"");"
S2896,UnsafeAllocator.java,42,f.setAccessible(true);
S2897,UnsafeAllocator.java,43,final Object unsafe = f.get(null);
S2898,UnsafeAllocator.java,44,"final Method allocateInstance = unsafeClass.getMethod(""allocateInstance"", Class.class);"
S2899,UnsafeAllocator.java,45,return new UnsafeAllocator() {
S2900,UnsafeAllocator.java,49,assertInstantiable(c);
S2901,UnsafeAllocator.java,50,"return (T) allocateInstance.invoke(unsafe, c);"
S2902,UnsafeAllocator.java,115,int modifiers = c.getModifiers();
S2903,UnsafeAllocator.java,116,if (Modifier.isInterface(modifiers)) {
S2904,UnsafeAllocator.java,119,if (Modifier.isAbstract(modifiers)) {
