rank,statement_id,file,line,code,ochiai_score,tie_size,r_worst
1,S117,ArgumentImpl.java,245,"throw new OptionException(option, ResourceConstants.ARGUMENT_UNEXPECTED_VALUE,",0.333333,5,5
1,S549,GroupImpl.java,142,return true;,0.333333,5,5
1,S1225,SourceDestArgument.java,123,"commandLine.addValue(source, i.next());",0.333333,5,5
1,S1227,SourceDestArgument.java,127,"commandLine.addValue(dest, i.next());",0.333333,5,5
1,S1230,SourceDestArgument.java,136,"return source.canProcess(commandLine, arg) || dest.canProcess(commandLine, arg);",0.333333,5,5
6,S1220,SourceDestArgument.java,115,final List values = commandLine.getValues(option);,0.288675,7,12
6,S1221,SourceDestArgument.java,117,final int limit = values.size() - dest.getMinimum();,0.288675,7,12
6,S1222,SourceDestArgument.java,118,int count = 0;,0.288675,7,12
6,S1223,SourceDestArgument.java,120,final Iterator i = values.iterator();,0.288675,7,12
6,S1224,SourceDestArgument.java,122,while (count++ < limit) {,0.288675,7,12
6,S1226,SourceDestArgument.java,126,while (i.hasNext()) {,0.288675,7,12
6,S1228,SourceDestArgument.java,130,"source.validate(commandLine, source);",0.288675,7,12
13,S548,GroupImpl.java,141,if (anonymous.size() > 0) {,0.258199,1,13
14,S1204,SourceDestArgument.java,51,"this(source, dest, DEFAULT_INITIAL_SEPARATOR, DEFAULT_SUBSEQUENT_SEPARATOR,",0.235702,6,19
14,S1205,SourceDestArgument.java,71,"super(""SourceDestArgument"", null, sum(source.getMinimum(), dest.getMinimum()),",0.235702,6,19
14,S1206,SourceDestArgument.java,75,this.source = source;,0.235702,6,19
14,S1207,SourceDestArgument.java,76,this.dest = dest;,0.235702,6,19
14,S1208,SourceDestArgument.java,78,if (dest.getMinimum() != dest.getMaximum()) {,0.235702,6,19
14,S1210,SourceDestArgument.java,85,"return Math.max(a, Math.max(b, a + b));",0.235702,6,19
20,S149,ArgumentImpl.java,336,return maximum;,0.218218,7,26
20,S578,GroupImpl.java,225,for (final Iterator i = anonymous.iterator(); i.hasNext();) {,0.218218,7,26
20,S579,GroupImpl.java,226,final Argument argument = (Argument) i.next();,0.218218,7,26
20,S580,GroupImpl.java,228,"if (argument.canProcess(commandLine, arguments)) {",0.218218,7,26
20,S581,GroupImpl.java,229,"argument.process(commandLine, arguments);",0.218218,7,26
20,S601,GroupImpl.java,282,final Option option = (Option) i.next();,0.218218,7,26
20,S602,GroupImpl.java,283,option.validate(commandLine);,0.218218,7,26
27,S150,ArgumentImpl.java,340,return minimum;,0.204124,5,31
27,S575,GroupImpl.java,215,arguments.previous();,0.204124,5,31
27,S576,GroupImpl.java,219,if (anonymous.isEmpty()) {,0.204124,5,31
27,S677,GroupImpl.java,488,final Option option = (Option) i.next();,0.204124,5,31
27,S678,GroupImpl.java,489,option.defaults(commandLine);,0.204124,5,31
32,S103,ArgumentImpl.java,193,return true;,0.19245,2,33
32,S546,GroupImpl.java,136,if (commandLine.looksLikeOption(arg)) {,0.19245,2,33
34,S112,ArgumentImpl.java,232,"validate(commandLine, this);",0.166667,1,34
35,S105,ArgumentImpl.java,203,"processValues(commandLine, args, this);",0.160128,2,36
35,S875,OptionException.java,105,return message;,0.160128,2,36
37,S156,ArgumentImpl.java,367,super.defaults(commandLine);,0.144338,2,38
37,S157,ArgumentImpl.java,368,"defaultValues(commandLine, this);",0.144338,2,38
39,S477,DisplaySetting.java,146,if (that instanceof DisplaySetting) {,0.140028,3,41
39,S478,DisplaySetting.java,147,return name.compareTo(that.toString()) == 0;,0.140028,3,41
39,S479,DisplaySetting.java,153,return name;,0.140028,3,41
42,S867,OptionException.java,81,"buffer.append(helper.getMessage(messageKey, value));",0.136083,2,43
42,S1200,ResourceHelper.java,112,"return getMessage(key, new Object[] { value });",0.136083,2,43
44,S562,GroupImpl.java,188,if (commandLine.looksLikeOption(arg)) {,0.125988,1,44
45,S101,ArgumentImpl.java,185,++argumentCount;,0.123091,2,46
45,S102,ArgumentImpl.java,186,"commandLine.addValue(option, allValues);",0.123091,2,46
47,S116,ArgumentImpl.java,244,if (values.size() > maximum) {,0.120386,3,49
47,S541,GroupImpl.java,125,final Map tailMap = optionMap.tailMap(arg);,0.120386,3,49
47,S542,GroupImpl.java,128,for (final Iterator iter = tailMap.values().iterator(); iter.hasNext();) {,0.120386,3,49
50,S1346,WriteableCommandLineImpl.java,75,addOption(option);,0.117851,1,50
51,S1390,WriteableCommandLineImpl.java,212,defaultValues.remove(option);,0.11547,1,51
52,S1182,ResourceHelper.java,47,private ResourceHelper() {,0.11496,16,67
52,S1183,ResourceHelper.java,48,String bundleName = System.getProperty(PROP_LOCALE);,0.11496,16,67
52,S1184,ResourceHelper.java,50,if (bundleName == null) {,0.11496,16,67
52,S1185,ResourceHelper.java,51,bundleName = DEFAULT_BUNDLE;,0.11496,16,67
52,S1186,ResourceHelper.java,54,this.prop = bundleName;,0.11496,16,67
52,S1187,ResourceHelper.java,56,int firstUnderscore = bundleName.indexOf('_');,0.11496,16,67
52,S1188,ResourceHelper.java,57,"int secondUnderscore = bundleName.indexOf('_', firstUnderscore + 1);",0.11496,16,67
52,S1189,ResourceHelper.java,60,if (firstUnderscore != -1) {,0.11496,16,67
52,S1190,ResourceHelper.java,61,"String language = bundleName.substring(firstUnderscore + 1, secondUnderscore);",0.11496,16,67
52,S1191,ResourceHelper.java,62,String country = bundleName.substring(secondUnderscore + 1);,0.11496,16,67
52,S1192,ResourceHelper.java,63,"locale = new Locale(language, country);",0.11496,16,67
52,S1193,ResourceHelper.java,70,"bundle = ResourceBundle.getBundle(bundleName, locale);",0.11496,16,67
52,S1195,ResourceHelper.java,85,String bundleName = System.getProperty(PROP_LOCALE);,0.11496,16,67
52,S1196,ResourceHelper.java,86,if (helper == null || !helper.getBundleName().equals(bundleName)) {,0.11496,16,67
52,S1197,ResourceHelper.java,87,helper = new ResourceHelper();,0.11496,16,67
52,S1198,ResourceHelper.java,90,return helper;,0.11496,16,67
68,S865,OptionException.java,78,final StringBuffer buffer = new StringBuffer();,0.113228,6,73
68,S866,OptionException.java,80,if (value != null) {,0.113228,6,73
68,S869,OptionException.java,86,"buffer.append("" "");",0.113228,6,73
68,S870,OptionException.java,88,"option.appendUsage(buffer, HELP_SETTINGS, null);",0.113228,6,73
68,S871,OptionException.java,89,message = buffer.toString();,0.113228,6,73
68,S872,OptionException.java,90,} else {,0.113228,6,73
74,S858,OptionException.java,34,public static final Set HELP_SETTINGS =,0.111111,5,78
74,S859,OptionException.java,38,private static final ResourceHelper helper = ResourceHelper.getResourceHelper();,0.111111,5,78
74,S862,OptionException.java,74,final String value) {,0.111111,5,78
74,S863,OptionException.java,75,this.option = option;,0.111111,5,78
74,S864,OptionException.java,77,if (messageKey != null) {,0.111111,5,78
79,S113,ArgumentImpl.java,238,final List values = commandLine.getValues(option);,0.109109,19,97
79,S114,ArgumentImpl.java,240,if (values.size() < minimum) {,0.109109,19,97
79,S122,ArgumentImpl.java,263,final boolean optional = helpSettings.contains(DisplaySetting.DISPLAY_OPTIONAL);,0.109109,19,97
79,S123,ArgumentImpl.java,266,final boolean numbered =,0.109109,19,97
79,S124,ArgumentImpl.java,269,final boolean bracketed = helpSettings.contains(DisplaySetting.DISPLAY_ARGUMENT_BRACKETED);,0.109109,19,97
79,S125,ArgumentImpl.java,272,final int max = (maximum == Integer.MAX_VALUE) ? 2 : maximum;,0.109109,19,97
79,S126,ArgumentImpl.java,274,int i = 0;,0.109109,19,97
79,S127,ArgumentImpl.java,277,while (i < max) {,0.109109,19,97
79,S128,ArgumentImpl.java,279,if (i > 0) {,0.109109,19,97
79,S130,ArgumentImpl.java,284,if ((i >= minimum) && (optional || (i > 0))) {,0.109109,19,97
79,S132,ArgumentImpl.java,288,if (bracketed) {,0.109109,19,97
79,S134,ArgumentImpl.java,293,buffer.append(name);,0.109109,19,97
79,S135,ArgumentImpl.java,294,++i;,0.109109,19,97
79,S136,ArgumentImpl.java,297,if (numbered) {,0.109109,19,97
79,S138,ArgumentImpl.java,301,if (bracketed) {,0.109109,19,97
79,S140,ArgumentImpl.java,307,if (maximum == Integer.MAX_VALUE) {,0.109109,19,97
79,S142,ArgumentImpl.java,313,while (i > 0) {,0.109109,19,97
79,S143,ArgumentImpl.java,314,--i;,0.109109,19,97
79,S144,ArgumentImpl.java,317,if ((i >= minimum) && (optional || (i > 0))) {,0.109109,19,97
98,S993,Parser.java,81,final Object next = iterator.next();,0.107211,6,103
98,S994,Parser.java,82,iterator.previous();,0.107211,6,103
98,S995,Parser.java,85,if (next == previous) {,0.107211,6,103
98,S996,Parser.java,91,previous = next;,0.107211,6,103
98,S997,Parser.java,93,"group.process(commandLine, iterator);",0.107211,6,103
98,S1002,Parser.java,104,group.validate(commandLine);,0.107211,6,103
104,S152,ArgumentImpl.java,354,return token;,0.105409,1,104
105,S91,ArgumentImpl.java,164,else if (subsequentSplit) {,0.103695,5,109
105,S158,ArgumentImpl.java,373,"commandLine.setDefaultValues(option, defaultValues);",0.103695,5,109
105,S600,GroupImpl.java,281,for (final Iterator i = anonymous.iterator(); i.hasNext();) {,0.103695,5,109
105,S1001,Parser.java,103,if (!commandLine.hasOption(helpOption) && !commandLine.hasOption(helpTrigger)) {,0.103695,5,109
105,S1389,WriteableCommandLineImpl.java,211,if (defaults == null) {,0.103695,5,109
110,S88,ArgumentImpl.java,158,else if (commandLine.looksLikeOption(allValuesQuoted)) {,0.102062,3,112
110,S883,OptionImpl.java,56,return false;,0.102062,3,112
110,S1379,WriteableCommandLineImpl.java,177,return false;,0.102062,3,112
113,S82,ArgumentImpl.java,147,final String allValuesQuoted = (String) arguments.next();,0.100504,7,119
113,S83,ArgumentImpl.java,148,final String allValues = stripBoundaryQuotes(allValuesQuoted);,0.100504,7,119
113,S84,ArgumentImpl.java,151,if (allValuesQuoted.equals(consumeRemaining)) {,0.100504,7,119
113,S151,ArgumentImpl.java,353,"if (!token.startsWith(""\"""") || !token.endsWith(""\"""")) {",0.100504,7,119
113,S598,GroupImpl.java,276,if (present < minimum) {,0.100504,7,119
113,S986,Parser.java,62,final String argument = arguments[i];,0.100504,7,119
113,S987,Parser.java,66,argumentList.add(new String(argument));,0.100504,7,119
120,S553,GroupImpl.java,159,String previous = null;,0.099015,12,131
120,S554,GroupImpl.java,162,while (arguments.hasNext()) {,0.099015,12,131
120,S555,GroupImpl.java,164,final String arg = (String) arguments.next();,0.099015,12,131
120,S556,GroupImpl.java,167,if (arg == previous) {,0.099015,12,131
120,S557,GroupImpl.java,175,previous = arg;,0.099015,12,131
120,S558,GroupImpl.java,177,final Option opt = (Option) optionMap.get(arg);,0.099015,12,131
120,S559,GroupImpl.java,180,if (opt != null) {,0.099015,12,131
120,S582,GroupImpl.java,234,} // [END process each command line token,0.099015,12,131
120,S583,GroupImpl.java,240,int present = 0;,0.099015,12,131
120,S584,GroupImpl.java,243,Option unexpected = null;,0.099015,12,131
120,S585,GroupImpl.java,245,for (final Iterator i = options.iterator(); i.hasNext();) {,0.099015,12,131
120,S596,GroupImpl.java,270,if (unexpected != null) {,0.099015,12,131
132,S672,GroupImpl.java,480,super.defaults(commandLine);,0.096225,17,148
132,S673,GroupImpl.java,482,for (final Iterator i = options.iterator(); i.hasNext();) {,0.096225,17,148
132,S676,GroupImpl.java,487,for (final Iterator i = anonymous.iterator(); i.hasNext();) {,0.096225,17,148
132,S979,Parser.java,38,public class Parser {,0.096225,17,148
132,S980,Parser.java,39,private HelpFormatter helpFormatter = new HelpFormatter();,0.096225,17,148
132,S981,Parser.java,40,private Option helpOption = null;,0.096225,17,148
132,S982,Parser.java,41,private String helpTrigger = null;,0.096225,17,148
132,S983,Parser.java,42,private Group group = null;,0.096225,17,148
132,S984,Parser.java,58,final List argumentList = new LinkedList();,0.096225,17,148
132,S985,Parser.java,61,for (int i = 0; i < arguments.length; i++) {,0.096225,17,148
132,S988,Parser.java,70,"final WriteableCommandLine commandLine = new WriteableCommandLineImpl(group, argumentList);",0.096225,17,148
132,S989,Parser.java,73,group.defaults(commandLine);,0.096225,17,148
132,S990,Parser.java,76,final ListIterator iterator = argumentList.listIterator();,0.096225,17,148
132,S991,Parser.java,77,Object previous = null;,0.096225,17,148
132,S992,Parser.java,79,"while (group.canProcess(commandLine, iterator)) {",0.096225,17,148
132,S998,Parser.java,97,if (iterator.hasNext()) {,0.096225,17,148
132,S1012,Parser.java,145,this.group = group;,0.096225,17,148
149,S80,ArgumentImpl.java,144,int argumentCount = 0;,0.094916,6,154
149,S81,ArgumentImpl.java,146,while (arguments.hasNext() && (argumentCount < maximum)) {,0.094916,6,154
149,S539,GroupImpl.java,120,if (optionMap.containsKey(arg)) {,0.094916,6,154
149,S880,OptionImpl.java,51,final String argument = (String) arguments.next();,0.094916,6,154
149,S881,OptionImpl.java,52,arguments.previous();,0.094916,6,154
149,S882,OptionImpl.java,54,"return canProcess(commandLine, argument);",0.094916,6,154
155,S537,GroupImpl.java,115,if (arg == null) {,0.093659,2,156
155,S701,HelpFormatter.java,122,"this(DEFAULT_GUTTER_LEFT, DEFAULT_GUTTER_CENTER, DEFAULT_GUTTER_RIGHT, DEFAULT_FULL_WIDTH);",0.093659,2,156
157,S528,GroupImpl.java,94,i.remove();,0.09245,2,158
157,S529,GroupImpl.java,95,newAnonymous.add(option);,0.09245,2,158
159,S879,OptionImpl.java,50,if (arguments.hasNext()) {,0.090167,1,159
160,S108,ArgumentImpl.java,215,return Collections.EMPTY_SET;,0.089087,7,166
160,S1345,WriteableCommandLineImpl.java,74,if (option instanceof Argument) {,0.089087,7,166
160,S1347,WriteableCommandLineImpl.java,78,List valueList = (List) values.get(option);,0.089087,7,166
160,S1348,WriteableCommandLineImpl.java,80,if (valueList == null) {,0.089087,7,166
160,S1349,WriteableCommandLineImpl.java,81,valueList = new ArrayList();,0.089087,7,166
160,S1350,WriteableCommandLineImpl.java,82,"values.put(option, valueList);",0.089087,7,166
160,S1351,WriteableCommandLineImpl.java,85,valueList.add(value);,0.089087,7,166
167,S1375,WriteableCommandLineImpl.java,169,for (final Iterator i = prefixes.iterator(); i.hasNext();) {,0.088045,1,167
168,S79,ArgumentImpl.java,136,return name;,0.087039,2,169
168,S104,ArgumentImpl.java,197,return Collections.EMPTY_SET;,0.087039,2,169
170,S146,ArgumentImpl.java,324,return description;,0.083333,1,170
171,S1357,WriteableCommandLineImpl.java,106,return (Option) nameToOption.get(trigger);,0.080064,1,171
172,S1201,ResourceHelper.java,155,final String msgFormatStr = bundle.getString(key);,0.078567,3,174
172,S1202,ResourceHelper.java,156,final MessageFormat msgFormat = new MessageFormat(msgFormatStr);,0.078567,3,174
172,S1203,ResourceHelper.java,158,return msgFormat.format(values);,0.078567,3,174
175,S229,CommandLineImpl.java,47,"return getValues(option, Collections.EMPTY_LIST);",0.07785,1,175
176,S226,CommandLineImpl.java,34,return hasOption(getOption(trigger));,0.077152,1,176
177,S28,ArgumentBuilder.java,160,this.minimum = newMinimum;,0.075165,2,178
177,S29,ArgumentBuilder.java,161,return this;,0.075165,2,178
179,S26,ArgumentBuilder.java,157,if (newMinimum < 0) {,0.074536,3,181
179,S32,ArgumentBuilder.java,174,this.maximum = newMaximum;,0.074536,3,181
179,S33,ArgumentBuilder.java,175,return this;,0.074536,3,181
182,S30,ArgumentBuilder.java,171,if (newMaximum < 0) {,0.073922,35,216
182,S679,HelpFormatter.java,84,final Set fullUsage = new HashSet(DisplaySetting.ALL);,0.073922,35,216
182,S680,HelpFormatter.java,85,fullUsage.remove(DisplaySetting.DISPLAY_ALIASES);,0.073922,35,216
182,S681,HelpFormatter.java,86,fullUsage.remove(DisplaySetting.DISPLAY_GROUP_NAME);,0.073922,35,216
182,S682,HelpFormatter.java,87,DEFAULT_FULL_USAGE_SETTINGS = Collections.unmodifiableSet(fullUsage);,0.073922,35,216
182,S683,HelpFormatter.java,89,final Set lineUsage = new HashSet();,0.073922,35,216
182,S684,HelpFormatter.java,90,lineUsage.add(DisplaySetting.DISPLAY_ALIASES);,0.073922,35,216
182,S685,HelpFormatter.java,91,lineUsage.add(DisplaySetting.DISPLAY_GROUP_NAME);,0.073922,35,216
182,S686,HelpFormatter.java,92,lineUsage.add(DisplaySetting.DISPLAY_PARENT_ARGUMENT);,0.073922,35,216
182,S687,HelpFormatter.java,93,DEFAULT_LINE_USAGE_SETTINGS = Collections.unmodifiableSet(lineUsage);,0.073922,35,216
182,S688,HelpFormatter.java,95,final Set displayUsage = new HashSet(DisplaySetting.ALL);,0.073922,35,216
182,S689,HelpFormatter.java,96,displayUsage.remove(DisplaySetting.DISPLAY_PARENT_ARGUMENT);,0.073922,35,216
182,S690,HelpFormatter.java,97,DEFAULT_DISPLAY_USAGE_SETTINGS = Collections.unmodifiableSet(displayUsage);,0.073922,35,216
182,S691,HelpFormatter.java,100,private Set fullUsageSettings = new HashSet(DEFAULT_FULL_USAGE_SETTINGS);,0.073922,35,216
182,S692,HelpFormatter.java,101,private Set lineUsageSettings = new HashSet(DEFAULT_LINE_USAGE_SETTINGS);,0.073922,35,216
182,S693,HelpFormatter.java,102,private Set displaySettings = new HashSet(DEFAULT_DISPLAY_USAGE_SETTINGS);,0.073922,35,216
182,S694,HelpFormatter.java,103,private OptionException exception = null;,0.073922,35,216
182,S695,HelpFormatter.java,105,private Comparator comparator = null;,0.073922,35,216
182,S696,HelpFormatter.java,106,private String divider = null;,0.073922,35,216
182,S697,HelpFormatter.java,107,private String header = null;,0.073922,35,216
182,S698,HelpFormatter.java,108,private String footer = null;,0.073922,35,216
182,S699,HelpFormatter.java,109,"private String shellCommand = """";",0.073922,35,216
182,S700,HelpFormatter.java,110,private PrintWriter out = new PrintWriter(System.out);,0.073922,35,216
182,S702,HelpFormatter.java,135,final int fullWidth) {,0.073922,35,216
182,S703,HelpFormatter.java,137,this.gutterLeft = (gutterLeft == null) ? DEFAULT_GUTTER_LEFT : gutterLeft;,0.073922,35,216
182,S704,HelpFormatter.java,140,this.gutterCenter = (gutterCenter == null) ? DEFAULT_GUTTER_CENTER : gutterCenter;,0.073922,35,216
182,S705,HelpFormatter.java,143,this.gutterRight = (gutterRight == null) ? DEFAULT_GUTTER_RIGHT : gutterRight;,0.073922,35,216
182,S706,HelpFormatter.java,146,this.pageWidth = fullWidth - this.gutterLeft.length() - this.gutterRight.length();,0.073922,35,216
182,S707,HelpFormatter.java,149,int availableWidth = fullWidth - pageWidth + this.gutterCenter.length();,0.073922,35,216
182,S708,HelpFormatter.java,151,if (availableWidth < 2) {,0.073922,35,216
182,S1358,WriteableCommandLineImpl.java,112,List valueList = (List) values.get(option);,0.073922,35,216
182,S1359,WriteableCommandLineImpl.java,115,if ((valueList == null) || valueList.isEmpty()) {,0.073922,35,216
182,S1361,WriteableCommandLineImpl.java,120,if ((valueList == null) || valueList.isEmpty()) {,0.073922,35,216
182,S1363,WriteableCommandLineImpl.java,125,if (valueList == null) {,0.073922,35,216
182,S1365,WriteableCommandLineImpl.java,129,return valueList;,0.073922,35,216
217,S1355,WriteableCommandLineImpl.java,100,final boolean present = options.contains(option);,0.072739,2,218
217,S1356,WriteableCommandLineImpl.java,102,return present;,0.072739,2,218
219,S551,GroupImpl.java,149,return prefixes;,0.068519,1,219
220,S1341,WriteableCommandLineImpl.java,64,options.add(option);,0.067116,3,222
220,S1342,WriteableCommandLineImpl.java,65,"nameToOption.put(option.getPreferredName(), option);",0.067116,3,222
220,S1343,WriteableCommandLineImpl.java,67,for (Iterator i = option.getTriggers().iterator(); i.hasNext();) {,0.067116,3,222
223,S896,OptionImpl.java,97,int hashCode = getId();,0.066667,6,228
223,S897,OptionImpl.java,98,hashCode = (hashCode * 37) + getPreferredName().hashCode();,0.066667,6,228
223,S898,OptionImpl.java,100,if (getDescription() != null) {,0.066667,6,228
223,S900,OptionImpl.java,104,hashCode = (hashCode * 37) + getPrefixes().hashCode();,0.066667,6,228
223,S901,OptionImpl.java,105,hashCode = (hashCode * 37) + getTriggers().hashCode();,0.066667,6,228
223,S902,OptionImpl.java,107,return hashCode;,0.066667,6,228
229,S22,ArgumentBuilder.java,133,this.name = newName;,0.066227,2,230
229,S23,ArgumentBuilder.java,134,return this;,0.066227,2,230
231,S20,ArgumentBuilder.java,130,"if ("""".equals(newName)) {",0.065795,1,231
232,S18,ArgumentBuilder.java,127,if (newName == null) {,0.065372,1,232
233,S4,ArgumentBuilder.java,81,final Argument argument =,0.060858,3,235
233,S5,ArgumentBuilder.java,94,reset();,0.060858,3,235
233,S6,ArgumentBuilder.java,96,return argument;,0.060858,3,235
236,S1,ArgumentBuilder.java,34,private final static ResourceHelper resources = ResourceHelper.getResourceHelper();,0.058026,14,249
236,S2,ArgumentBuilder.java,69,public ArgumentBuilder() {,0.058026,14,249
236,S3,ArgumentBuilder.java,70,reset();,0.058026,14,249
236,S7,ArgumentBuilder.java,104,"name = ""arg"";",0.058026,14,249
236,S8,ArgumentBuilder.java,105,description = null;,0.058026,14,249
236,S9,ArgumentBuilder.java,106,minimum = 0;,0.058026,14,249
236,S10,ArgumentBuilder.java,107,maximum = Integer.MAX_VALUE;,0.058026,14,249
236,S11,ArgumentBuilder.java,108,initialSeparator = ArgumentImpl.DEFAULT_INITIAL_SEPARATOR;,0.058026,14,249
236,S12,ArgumentBuilder.java,109,subsequentSeparator = ArgumentImpl.DEFAULT_SUBSEQUENT_SEPARATOR;,0.058026,14,249
236,S13,ArgumentBuilder.java,110,validator = null;,0.058026,14,249
236,S14,ArgumentBuilder.java,111,"consumeRemaining = ""--"";",0.058026,14,249
236,S15,ArgumentBuilder.java,112,defaultValues = null;,0.058026,14,249
236,S16,ArgumentBuilder.java,113,id = 0;,0.058026,14,249
236,S17,ArgumentBuilder.java,114,return this;,0.058026,14,249
250,S456,DisplaySetting.java,31,private static final Set all = new HashSet();,0.053606,21,270
250,S457,DisplaySetting.java,36,public static final Set ALL = Collections.unmodifiableSet(all);,0.053606,21,270
250,S458,DisplaySetting.java,41,public static final Set NONE = Collections.EMPTY_SET;,0.053606,21,270
250,S459,DisplaySetting.java,46,public static final DisplaySetting DISPLAY_ALIASES =,0.053606,21,270
250,S460,DisplaySetting.java,52,public static final DisplaySetting DISPLAY_OPTIONAL =,0.053606,21,270
250,S461,DisplaySetting.java,58,public static final DisplaySetting DISPLAY_PROPERTY_OPTION =,0.053606,21,270
250,S462,DisplaySetting.java,64,public static final DisplaySetting DISPLAY_SWITCH_ENABLED =,0.053606,21,270
250,S463,DisplaySetting.java,70,public static final DisplaySetting DISPLAY_SWITCH_DISABLED =,0.053606,21,270
250,S464,DisplaySetting.java,76,public static final DisplaySetting DISPLAY_GROUP_NAME =,0.053606,21,270
250,S465,DisplaySetting.java,82,public static final DisplaySetting DISPLAY_GROUP_EXPANDED =,0.053606,21,270
250,S466,DisplaySetting.java,88,public static final DisplaySetting DISPLAY_GROUP_ARGUMENT =,0.053606,21,270
250,S467,DisplaySetting.java,94,public static final DisplaySetting DISPLAY_GROUP_OUTER =,0.053606,21,270
250,S468,DisplaySetting.java,100,public static final DisplaySetting DISPLAY_ARGUMENT_NUMBERED =,0.053606,21,270
250,S469,DisplaySetting.java,106,public static final DisplaySetting DISPLAY_ARGUMENT_BRACKETED =,0.053606,21,270
250,S470,DisplaySetting.java,112,public static final DisplaySetting DISPLAY_PARENT_ARGUMENT =,0.053606,21,270
250,S471,DisplaySetting.java,118,public static final DisplaySetting DISPLAY_PARENT_CHILDREN =,0.053606,21,270
250,S472,DisplaySetting.java,135,private DisplaySetting(final String name) {,0.053606,21,270
250,S473,DisplaySetting.java,136,this.name = name;,0.053606,21,270
250,S474,DisplaySetting.java,137,this.hashCode = name.hashCode();,0.053606,21,270
250,S475,DisplaySetting.java,138,all.add(this);,0.053606,21,270
250,S476,DisplaySetting.java,142,return hashCode;,0.053606,21,270
271,S497,GroupBuilder.java,49,final GroupImpl group =,0.053376,5,275
271,S498,GroupBuilder.java,52,reset();,0.053376,5,275
271,S499,GroupBuilder.java,54,return group;,0.053376,5,275
271,S514,GroupBuilder.java,115,this.options.add(option);,0.053376,5,275
271,S515,GroupBuilder.java,116,return this;,0.053376,5,275
276,S495,GroupBuilder.java,40,public GroupBuilder() {,0.053149,8,283
276,S496,GroupBuilder.java,41,reset();,0.053149,8,283
276,S500,GroupBuilder.java,61,name = null;,0.053149,8,283
276,S501,GroupBuilder.java,62,description = null;,0.053149,8,283
276,S502,GroupBuilder.java,63,options = new ArrayList();,0.053149,8,283
276,S503,GroupBuilder.java,64,minimum = 0;,0.053149,8,283
276,S504,GroupBuilder.java,65,maximum = Integer.MAX_VALUE;,0.053149,8,283
276,S505,GroupBuilder.java,66,return this;,0.053149,8,283
284,S1331,WriteableCommandLineImpl.java,40,private final Properties properties = new Properties();,0.052058,10,293
284,S1332,WriteableCommandLineImpl.java,41,private final List options = new ArrayList();,0.052058,10,293
284,S1333,WriteableCommandLineImpl.java,42,private final Map nameToOption = new HashMap();,0.052058,10,293
284,S1334,WriteableCommandLineImpl.java,43,private final Map values = new HashMap();,0.052058,10,293
284,S1335,WriteableCommandLineImpl.java,44,private final Map switches = new HashMap();,0.052058,10,293
284,S1336,WriteableCommandLineImpl.java,45,private final Map defaultValues = new HashMap();,0.052058,10,293
284,S1337,WriteableCommandLineImpl.java,46,private final Map defaultSwitches = new HashMap();,0.052058,10,293
284,S1338,WriteableCommandLineImpl.java,58,final List arguments) {,0.052058,10,293
284,S1339,WriteableCommandLineImpl.java,59,this.prefixes = rootOption.getPrefixes();,0.052058,10,293
284,S1340,WriteableCommandLineImpl.java,60,this.normalised = arguments;,0.052058,10,293
294,S887,OptionImpl.java,68,return id;,0.051434,1,294
295,S225,CommandLineImpl.java,32,public abstract class CommandLineImpl implements CommandLine {,0.050443,1,295
296,S516,GroupImpl.java,69,"super(0, false);",0.04969,15,310
296,S517,GroupImpl.java,71,this.name = name;,0.04969,15,310
296,S518,GroupImpl.java,72,this.description = description;,0.04969,15,310
296,S519,GroupImpl.java,73,this.minimum = minimum;,0.04969,15,310
296,S520,GroupImpl.java,74,this.maximum = maximum;,0.04969,15,310
296,S521,GroupImpl.java,78,this.options = Collections.unmodifiableList(options);,0.04969,15,310
296,S522,GroupImpl.java,81,final List newAnonymous = new ArrayList();,0.04969,15,310
296,S523,GroupImpl.java,84,final SortedMap newOptionMap = new TreeMap(ReverseStringComparator.getInstance());,0.04969,15,310
296,S524,GroupImpl.java,87,final Set newPrefixes = new HashSet();,0.04969,15,310
296,S525,GroupImpl.java,90,for (final Iterator i = options.iterator(); i.hasNext();) {,0.04969,15,310
296,S526,GroupImpl.java,91,final Option option = (Option) i.next();,0.04969,15,310
296,S527,GroupImpl.java,93,if (option instanceof Argument) {,0.04969,15,310
296,S534,GroupImpl.java,108,this.anonymous = Collections.unmodifiableList(newAnonymous);,0.04969,15,310
296,S535,GroupImpl.java,109,this.optionMap = Collections.unmodifiableSortedMap(newOptionMap);,0.04969,15,310
296,S536,GroupImpl.java,110,this.prefixes = Collections.unmodifiableSet(newPrefixes);,0.04969,15,310
311,S60,ArgumentImpl.java,69,private final ResourceHelper resources = ResourceHelper.getResourceHelper();,0.046374,14,324
311,S61,ArgumentImpl.java,107,"super(id, false);",0.046374,14,324
311,S62,ArgumentImpl.java,109,"this.name = (name == null) ? ""arg"" : name;",0.046374,14,324
311,S63,ArgumentImpl.java,110,this.description = description;,0.046374,14,324
311,S64,ArgumentImpl.java,111,this.minimum = minimum;,0.046374,14,324
311,S65,ArgumentImpl.java,112,this.maximum = maximum;,0.046374,14,324
311,S66,ArgumentImpl.java,113,this.initialSeparator = initialSeparator;,0.046374,14,324
311,S67,ArgumentImpl.java,114,this.subsequentSeparator = subsequentSeparator;,0.046374,14,324
311,S68,ArgumentImpl.java,115,this.subsequentSplit = subsequentSeparator != NUL;,0.046374,14,324
311,S69,ArgumentImpl.java,116,this.validator = validator;,0.046374,14,324
311,S70,ArgumentImpl.java,117,this.consumeRemaining = consumeRemaining;,0.046374,14,324
311,S71,ArgumentImpl.java,118,this.defaultValues = valueDefaults;,0.046374,14,324
311,S72,ArgumentImpl.java,120,if (minimum > maximum) {,0.046374,14,324
311,S74,ArgumentImpl.java,124,if ((valueDefaults != null) && (valueDefaults.size() > 0)) {,0.046374,14,324
325,S1194,ResourceHelper.java,77,return this.prop;,0.044151,1,325
326,S876,OptionImpl.java,43,final boolean required) {,0.034943,3,328
326,S877,OptionImpl.java,44,this.id = id;,0.034943,3,328
326,S878,OptionImpl.java,45,this.required = required;,0.034943,3,328
329,S19,ArgumentBuilder.java,128,throw new IllegalArgumentException(resources.getMessage(ResourceConstants.ARGUMENT_BUILDER_NULL_NAME));,0.0,1067,1395
329,S21,ArgumentBuilder.java,131,throw new IllegalArgumentException(resources.getMessage(ResourceConstants.ARGUMENT_BUILDER_EMPTY_NAME));,0.0,1067,1395
329,S24,ArgumentBuilder.java,146,this.description = newDescription;,0.0,1067,1395
329,S25,ArgumentBuilder.java,147,return this;,0.0,1067,1395
329,S27,ArgumentBuilder.java,158,throw new IllegalArgumentException(resources.getMessage(ResourceConstants.ARGUMENT_BUILDER_NEGATIVE_MINIMUM));,0.0,1067,1395
329,S31,ArgumentBuilder.java,172,throw new IllegalArgumentException(resources.getMessage(ResourceConstants.ARGUMENT_BUILDER_NEGATIVE_MAXIMUM));,0.0,1067,1395
329,S34,ArgumentBuilder.java,190,this.initialSeparator = newInitialSeparator;,0.0,1067,1395
329,S35,ArgumentBuilder.java,191,return this;,0.0,1067,1395
329,S36,ArgumentBuilder.java,206,this.subsequentSeparator = newSubsequentSeparator;,0.0,1067,1395
329,S37,ArgumentBuilder.java,207,return this;,0.0,1067,1395
329,S38,ArgumentBuilder.java,218,if (newValidator == null) {,0.0,1067,1395
329,S39,ArgumentBuilder.java,219,throw new IllegalArgumentException(resources.getMessage(ResourceConstants.ARGUMENT_BUILDER_NULL_VALIDATOR));,0.0,1067,1395
329,S40,ArgumentBuilder.java,221,this.validator = newValidator;,0.0,1067,1395
329,S41,ArgumentBuilder.java,222,return this;,0.0,1067,1395
329,S42,ArgumentBuilder.java,234,if (newConsumeRemaining == null) {,0.0,1067,1395
329,S43,ArgumentBuilder.java,235,throw new IllegalArgumentException(resources.getMessage(ResourceConstants.ARGUMENT_BUILDER_NULL_CONSUME_REMAINING));,0.0,1067,1395
329,S44,ArgumentBuilder.java,237,"if ( """".equals(newConsumeRemaining)) {",0.0,1067,1395
329,S45,ArgumentBuilder.java,238,throw new IllegalArgumentException(resources.getMessage(ResourceConstants.ARGUMENT_BUILDER_EMPTY_CONSUME_REMAINING));,0.0,1067,1395
329,S46,ArgumentBuilder.java,240,this.consumeRemaining = newConsumeRemaining;,0.0,1067,1395
329,S47,ArgumentBuilder.java,241,return this;,0.0,1067,1395
329,S48,ArgumentBuilder.java,251,if (defaultValue == null) {,0.0,1067,1395
329,S49,ArgumentBuilder.java,252,throw new IllegalArgumentException(resources.getMessage(ResourceConstants.ARGUMENT_BUILDER_NULL_DEFAULT));,0.0,1067,1395
329,S50,ArgumentBuilder.java,255,if (this.defaultValues == null) {,0.0,1067,1395
329,S51,ArgumentBuilder.java,256,this.defaultValues = new ArrayList(1);,0.0,1067,1395
329,S52,ArgumentBuilder.java,258,this.defaultValues.add(defaultValue);,0.0,1067,1395
329,S53,ArgumentBuilder.java,259,return this;,0.0,1067,1395
329,S54,ArgumentBuilder.java,269,if (newDefaultValues == null) {,0.0,1067,1395
329,S55,ArgumentBuilder.java,270,throw new IllegalArgumentException(resources.getMessage(ResourceConstants.ARGUMENT_BUILDER_NULL_DEFAULTS));,0.0,1067,1395
329,S56,ArgumentBuilder.java,272,this.defaultValues = newDefaultValues;,0.0,1067,1395
329,S57,ArgumentBuilder.java,273,return this;,0.0,1067,1395
329,S58,ArgumentBuilder.java,283,this.id = newId;,0.0,1067,1395
329,S59,ArgumentBuilder.java,284,return this;,0.0,1067,1395
329,S73,ArgumentImpl.java,121,throw new IllegalArgumentException(resources.getMessage(ResourceConstants.ARGUMENT_MIN_EXCEEDS_MAX));,0.0,1067,1395
329,S75,ArgumentImpl.java,125,if (valueDefaults.size() < minimum) {,0.0,1067,1395
329,S76,ArgumentImpl.java,126,throw new IllegalArgumentException(resources.getMessage(ResourceConstants.ARGUMENT_TOO_FEW_DEFAULTS));,0.0,1067,1395
329,S77,ArgumentImpl.java,129,if (valueDefaults.size() > maximum) {,0.0,1067,1395
329,S78,ArgumentImpl.java,130,throw new IllegalArgumentException(resources.getMessage(ResourceConstants.ARGUMENT_TOO_MANY_DEFAULTS));,0.0,1067,1395
329,S85,ArgumentImpl.java,152,while (arguments.hasNext() && (argumentCount < maximum)) {,0.0,1067,1395
329,S86,ArgumentImpl.java,153,++argumentCount;,0.0,1067,1395
329,S87,ArgumentImpl.java,154,"commandLine.addValue(option, arguments.next());",0.0,1067,1395
329,S89,ArgumentImpl.java,159,arguments.previous();,0.0,1067,1395
329,S90,ArgumentImpl.java,161,break;,0.0,1067,1395
329,S92,ArgumentImpl.java,165,final StringTokenizer values =,0.0,1067,1395
329,S93,ArgumentImpl.java,168,arguments.remove();,0.0,1067,1395
329,S94,ArgumentImpl.java,170,while (values.hasMoreTokens() && (argumentCount < maximum)) {,0.0,1067,1395
329,S95,ArgumentImpl.java,171,++argumentCount;,0.0,1067,1395
329,S96,ArgumentImpl.java,173,final String token = values.nextToken();,0.0,1067,1395
329,S97,ArgumentImpl.java,174,"commandLine.addValue(option, token);",0.0,1067,1395
329,S98,ArgumentImpl.java,175,arguments.add(token);,0.0,1067,1395
329,S99,ArgumentImpl.java,178,if (values.hasMoreTokens()) {,0.0,1067,1395
329,S100,ArgumentImpl.java,179,"throw new OptionException(option, ResourceConstants.ARGUMENT_UNEXPECTED_VALUE,",0.0,1067,1395
329,S106,ArgumentImpl.java,207,return this.initialSeparator;,0.0,1067,1395
329,S107,ArgumentImpl.java,211,return this.subsequentSeparator;,0.0,1067,1395
329,S109,ArgumentImpl.java,219,return this.consumeRemaining;,0.0,1067,1395
329,S110,ArgumentImpl.java,223,return this.defaultValues;,0.0,1067,1395
329,S111,ArgumentImpl.java,227,return this.validator;,0.0,1067,1395
329,S115,ArgumentImpl.java,241,"throw new OptionException(option, ResourceConstants.ARGUMENT_MISSING_VALUES);",0.0,1067,1395
329,S118,ArgumentImpl.java,249,if (validator != null) {,0.0,1067,1395
329,S119,ArgumentImpl.java,251,validator.validate(values);,0.0,1067,1395
329,S120,ArgumentImpl.java,252,} catch (InvalidArgumentException ive) {,0.0,1067,1395
329,S121,ArgumentImpl.java,253,"throw new OptionException(option, ResourceConstants.ARGUMENT_UNEXPECTED_VALUE,",0.0,1067,1395
329,S129,ArgumentImpl.java,280,buffer.append(' ');,0.0,1067,1395
329,S131,ArgumentImpl.java,285,buffer.append('[');,0.0,1067,1395
329,S133,ArgumentImpl.java,289,buffer.append('<');,0.0,1067,1395
329,S137,ArgumentImpl.java,298,buffer.append(i);,0.0,1067,1395
329,S139,ArgumentImpl.java,302,buffer.append('>');,0.0,1067,1395
329,S141,ArgumentImpl.java,309,"buffer.append("" ..."");",0.0,1067,1395
329,S145,ArgumentImpl.java,318,buffer.append(']');,0.0,1067,1395
329,S147,ArgumentImpl.java,330,"final HelpLine helpLine = new HelpLineImpl(this, depth);",0.0,1067,1395
329,S148,ArgumentImpl.java,332,return Collections.singletonList(helpLine);,0.0,1067,1395
329,S153,ArgumentImpl.java,357,"token = token.substring(1, token.length() - 1);",0.0,1067,1395
329,S154,ArgumentImpl.java,359,return token;,0.0,1067,1395
329,S155,ArgumentImpl.java,363,return getMinimum() > 0;,0.0,1067,1395
329,S159,Command.java,80,"super(argument, children, description, id, required);",0.0,1067,1395
329,S160,Command.java,83,if ((preferredName == null) || (preferredName.length() < 1)) {,0.0,1067,1395
329,S161,Command.java,84,throw new IllegalArgumentException(ResourceHelper.getResourceHelper().getMessage(ResourceConstants.COMMAND_PREFERRED_NAME_TOO_SHORT));,0.0,1067,1395
329,S162,Command.java,87,this.preferredName = preferredName;,0.0,1067,1395
329,S163,Command.java,90,this.aliases =,0.0,1067,1395
329,S164,Command.java,95,final Set newTriggers = new HashSet();,0.0,1067,1395
329,S165,Command.java,96,newTriggers.add(preferredName);,0.0,1067,1395
329,S166,Command.java,97,newTriggers.addAll(this.aliases);,0.0,1067,1395
329,S167,Command.java,98,this.triggers = Collections.unmodifiableSet(newTriggers);,0.0,1067,1395
329,S168,Command.java,105,final String arg = (String) arguments.next();,0.0,1067,1395
329,S169,Command.java,108,"if (canProcess(commandLine, arg)) {",0.0,1067,1395
329,S170,Command.java,110,commandLine.addOption(this);,0.0,1067,1395
329,S171,Command.java,113,arguments.set(preferredName);,0.0,1067,1395
329,S172,Command.java,115,"throw new OptionException(this, ResourceConstants.UNEXPECTED_TOKEN, arg);",0.0,1067,1395
329,S173,Command.java,120,return triggers;,0.0,1067,1395
329,S174,Command.java,125,if (isRequired() && !commandLine.hasOption(this)) {,0.0,1067,1395
329,S175,Command.java,126,"throw new OptionException(this, ResourceConstants.OPTION_MISSING_REQUIRED,",0.0,1067,1395
329,S176,Command.java,130,super.validate(commandLine);,0.0,1067,1395
329,S177,Command.java,137,final boolean optional =,0.0,1067,1395
329,S178,Command.java,139,final boolean displayAliases = helpSettings.contains(DisplaySetting.DISPLAY_ALIASES);,0.0,1067,1395
329,S179,Command.java,141,if (optional) {,0.0,1067,1395
329,S180,Command.java,142,buffer.append('[');,0.0,1067,1395
329,S181,Command.java,145,buffer.append(preferredName);,0.0,1067,1395
329,S182,Command.java,147,if (displayAliases && !aliases.isEmpty()) {,0.0,1067,1395
329,S183,Command.java,148,"buffer.append("" ("");",0.0,1067,1395
329,S184,Command.java,150,final List list = new ArrayList(aliases);,0.0,1067,1395
329,S185,Command.java,151,Collections.sort(list);,0.0,1067,1395
329,S186,Command.java,153,for (final Iterator i = list.iterator(); i.hasNext();) {,0.0,1067,1395
329,S187,Command.java,154,final String alias = (String) i.next();,0.0,1067,1395
329,S188,Command.java,155,buffer.append(alias);,0.0,1067,1395
329,S189,Command.java,157,if (i.hasNext()) {,0.0,1067,1395
329,S190,Command.java,158,"buffer.append(',');",0.0,1067,1395
329,S191,Command.java,162,buffer.append(')');,0.0,1067,1395
329,S192,Command.java,165,"super.appendUsage(buffer, helpSettings, comp);",0.0,1067,1395
329,S193,Command.java,167,if (optional) {,0.0,1067,1395
329,S194,Command.java,168,buffer.append(']');,0.0,1067,1395
329,S195,Command.java,173,return preferredName;,0.0,1067,1395
329,S196,CommandBuilder.java,56,public CommandBuilder() {,0.0,1067,1395
329,S197,CommandBuilder.java,57,reset();,0.0,1067,1395
329,S198,CommandBuilder.java,68,if (preferredName == null) {,0.0,1067,1395
329,S199,CommandBuilder.java,69,throw new IllegalStateException(ResourceHelper.getResourceHelper().getMessage(ResourceConstants.OPTION_NO_NAME));,0.0,1067,1395
329,S200,CommandBuilder.java,73,final Command option =,0.0,1067,1395
329,S201,CommandBuilder.java,77,reset();,0.0,1067,1395
329,S202,CommandBuilder.java,79,return option;,0.0,1067,1395
329,S203,CommandBuilder.java,89,preferredName = null;,0.0,1067,1395
329,S204,CommandBuilder.java,90,description = null;,0.0,1067,1395
329,S205,CommandBuilder.java,91,aliases = new HashSet();,0.0,1067,1395
329,S206,CommandBuilder.java,92,required = false;,0.0,1067,1395
329,S207,CommandBuilder.java,93,argument = null;,0.0,1067,1395
329,S208,CommandBuilder.java,94,children = null;,0.0,1067,1395
329,S209,CommandBuilder.java,95,id = 0;,0.0,1067,1395
329,S210,CommandBuilder.java,97,return this;,0.0,1067,1395
329,S211,CommandBuilder.java,111,if (preferredName == null) {,0.0,1067,1395
329,S212,CommandBuilder.java,112,preferredName = name;,0.0,1067,1395
329,S213,CommandBuilder.java,114,aliases.add(name);,0.0,1067,1395
329,S214,CommandBuilder.java,117,return this;,0.0,1067,1395
329,S215,CommandBuilder.java,130,this.description = newDescription;,0.0,1067,1395
329,S216,CommandBuilder.java,132,return this;,0.0,1067,1395
329,S217,CommandBuilder.java,143,this.required = newRequired;,0.0,1067,1395
329,S218,CommandBuilder.java,145,return this;,0.0,1067,1395
329,S219,CommandBuilder.java,157,this.children = newChildren;,0.0,1067,1395
329,S220,CommandBuilder.java,159,return this;,0.0,1067,1395
329,S221,CommandBuilder.java,171,this.argument = newArgument;,0.0,1067,1395
329,S222,CommandBuilder.java,173,return this;,0.0,1067,1395
329,S223,CommandBuilder.java,183,this.id = newId;,0.0,1067,1395
329,S224,CommandBuilder.java,185,return this;,0.0,1067,1395
329,S227,CommandLineImpl.java,38,"return getValues(getOption(trigger), Collections.EMPTY_LIST);",0.0,1067,1395
329,S228,CommandLineImpl.java,43,"return getValues(getOption(trigger), defaultValues);",0.0,1067,1395
329,S230,CommandLineImpl.java,51,"return getValue(getOption(trigger), null);",0.0,1067,1395
329,S231,CommandLineImpl.java,60,"return getValue(option, null);",0.0,1067,1395
329,S232,CommandLineImpl.java,67,if (defaultValue == null) {,0.0,1067,1395
329,S233,CommandLineImpl.java,68,values = getValues(option);,0.0,1067,1395
329,S234,CommandLineImpl.java,70,"values = getValues(option, Collections.singletonList(defaultValue));",0.0,1067,1395
329,S235,CommandLineImpl.java,73,if (values.size() > 1) {,0.0,1067,1395
329,S236,CommandLineImpl.java,77,if (values.isEmpty()) {,0.0,1067,1395
329,S237,CommandLineImpl.java,78,return defaultValue;,0.0,1067,1395
329,S238,CommandLineImpl.java,81,return values.get(0);,0.0,1067,1395
329,S239,CommandLineImpl.java,85,"return getSwitch(getOption(trigger), null);",0.0,1067,1395
329,S240,CommandLineImpl.java,98,"return getProperty(property, null);",0.0,1067,1395
329,S241,Comparators.java,49,"return chain(new Comparator[] { c0, c1 });",0.0,1067,1395
329,S242,Comparators.java,142,return new Chain(comparators);,0.0,1067,1395
329,S243,Comparators.java,156,public Chain(final Comparator[] chain) {,0.0,1067,1395
329,S244,Comparators.java,157,this.chain = new Comparator[chain.length];,0.0,1067,1395
329,S245,Comparators.java,158,"System.arraycopy(chain, 0, this.chain, 0, chain.length);",0.0,1067,1395
329,S246,Comparators.java,162,int result = 0;,0.0,1067,1395
329,S247,Comparators.java,163,for (int i = 0; result == 0 && i < chain.length; ++i) {,0.0,1067,1395
329,S248,Comparators.java,164,"result = chain[i].compare(left, right);",0.0,1067,1395
329,S249,Comparators.java,166,return result;,0.0,1067,1395
329,S250,Comparators.java,178,return new Reverse(wrapped);,0.0,1067,1395
329,S251,Comparators.java,188,public Reverse(final Comparator wrapped) {,0.0,1067,1395
329,S252,Comparators.java,189,this.wrapped = wrapped;,0.0,1067,1395
329,S253,Comparators.java,193,"return -wrapped.compare(left, right);",0.0,1067,1395
329,S254,Comparators.java,204,return new GroupFirst();,0.0,1067,1395
329,S255,Comparators.java,214,return reverse(groupFirst());,0.0,1067,1395
329,S256,Comparators.java,217,private static class GroupFirst implements Comparator {,0.0,1067,1395
329,S257,Comparators.java,219,final boolean l = left instanceof Group;,0.0,1067,1395
329,S258,Comparators.java,220,final boolean r = right instanceof Group;,0.0,1067,1395
329,S259,Comparators.java,222,if (l ^ r) {,0.0,1067,1395
329,S260,Comparators.java,223,if (l) {,0.0,1067,1395
329,S261,Comparators.java,226,return 1;,0.0,1067,1395
329,S262,Comparators.java,239,return new SwitchFirst();,0.0,1067,1395
329,S263,Comparators.java,249,return reverse(switchFirst());,0.0,1067,1395
329,S264,Comparators.java,252,private static class SwitchFirst implements Comparator {,0.0,1067,1395
329,S265,Comparators.java,254,final boolean l = left instanceof Switch;,0.0,1067,1395
329,S266,Comparators.java,255,final boolean r = right instanceof Switch;,0.0,1067,1395
329,S267,Comparators.java,257,if (l ^ r) {,0.0,1067,1395
329,S268,Comparators.java,258,if (l) {,0.0,1067,1395
329,S269,Comparators.java,261,return 1;,0.0,1067,1395
329,S270,Comparators.java,274,return new CommandFirst();,0.0,1067,1395
329,S271,Comparators.java,284,return reverse(commandFirst());,0.0,1067,1395
329,S272,Comparators.java,287,private static class CommandFirst implements Comparator {,0.0,1067,1395
329,S273,Comparators.java,289,final boolean l = left instanceof Command;,0.0,1067,1395
329,S274,Comparators.java,290,final boolean r = right instanceof Command;,0.0,1067,1395
329,S275,Comparators.java,292,if (l ^ r) {,0.0,1067,1395
329,S276,Comparators.java,293,if (l) {,0.0,1067,1395
329,S277,Comparators.java,296,return 1;,0.0,1067,1395
329,S278,Comparators.java,309,return new DefaultOptionFirst();,0.0,1067,1395
329,S279,Comparators.java,319,return reverse(defaultOptionFirst());,0.0,1067,1395
329,S280,Comparators.java,322,private static class DefaultOptionFirst implements Comparator {,0.0,1067,1395
329,S281,Comparators.java,324,final boolean l = left instanceof DefaultOption;,0.0,1067,1395
329,S282,Comparators.java,325,final boolean r = right instanceof DefaultOption;,0.0,1067,1395
329,S283,Comparators.java,327,if (l ^ r) {,0.0,1067,1395
329,S284,Comparators.java,328,if (l) {,0.0,1067,1395
329,S285,Comparators.java,331,return 1;,0.0,1067,1395
329,S286,Comparators.java,347,return new Named(name);,0.0,1067,1395
329,S287,Comparators.java,360,return reverse(new Named(name));,0.0,1067,1395
329,S288,Comparators.java,370,public Named(final String name) {,0.0,1067,1395
329,S289,Comparators.java,371,this.name = name;,0.0,1067,1395
329,S290,Comparators.java,374,final Option left = (Option)oleft;,0.0,1067,1395
329,S291,Comparators.java,375,final Option right = (Option)oright;,0.0,1067,1395
329,S292,Comparators.java,377,final boolean l = left.getTriggers().contains(name);,0.0,1067,1395
329,S293,Comparators.java,378,final boolean r = right.getTriggers().contains(name);,0.0,1067,1395
329,S294,Comparators.java,380,if (l ^ r) {,0.0,1067,1395
329,S295,Comparators.java,381,if (l) {,0.0,1067,1395
329,S296,Comparators.java,382,return -1;,0.0,1067,1395
329,S297,Comparators.java,384,return 1;,0.0,1067,1395
329,S298,Comparators.java,386,return 0;,0.0,1067,1395
329,S299,Comparators.java,397,return new PreferredName();,0.0,1067,1395
329,S300,Comparators.java,407,return reverse(preferredNameFirst());,0.0,1067,1395
329,S301,Comparators.java,410,private static class PreferredName implements Comparator {,0.0,1067,1395
329,S302,Comparators.java,412,final Option left = (Option)oleft;,0.0,1067,1395
329,S303,Comparators.java,413,final Option right = (Option)oright;,0.0,1067,1395
329,S304,Comparators.java,415,return left.getPreferredName().compareTo(right.getPreferredName());,0.0,1067,1395
329,S305,Comparators.java,426,return new Required();,0.0,1067,1395
329,S306,Comparators.java,436,return reverse(requiredFirst());,0.0,1067,1395
329,S307,Comparators.java,439,private static class Required implements Comparator {,0.0,1067,1395
329,S308,Comparators.java,441,final Option left = (Option)oleft;,0.0,1067,1395
329,S309,Comparators.java,442,final Option right = (Option)oright;,0.0,1067,1395
329,S310,Comparators.java,444,final boolean l = left.isRequired();,0.0,1067,1395
329,S311,Comparators.java,445,final boolean r = right.isRequired();,0.0,1067,1395
329,S312,Comparators.java,447,if (l ^ r) {,0.0,1067,1395
329,S313,Comparators.java,448,if (l) {,0.0,1067,1395
329,S314,Comparators.java,449,return -1;,0.0,1067,1395
329,S315,DateValidator.java,65,private static final ResourceHelper resources = ResourceHelper.getResourceHelper();,0.0,1067,1395
329,S316,DateValidator.java,92,public DateValidator(final DateFormat format) {,0.0,1067,1395
329,S317,DateValidator.java,93,setFormat(format);,0.0,1067,1395
329,S318,DateValidator.java,112,return new DateValidator(DateFormat.getDateInstance());,0.0,1067,1395
329,S319,DateValidator.java,145,for (final ListIterator i = values.listIterator(); i.hasNext();) {,0.0,1067,1395
329,S320,DateValidator.java,146,final String value = (String) i.next();,0.0,1067,1395
329,S321,DateValidator.java,148,Date date = null;,0.0,1067,1395
329,S322,DateValidator.java,151,final ParsePosition pp = new ParsePosition(0);,0.0,1067,1395
329,S323,DateValidator.java,154,for (int f = 0; (f < this.formats.length) && (date == null); ++f) {,0.0,1067,1395
329,S324,DateValidator.java,156,pp.setIndex(0);,0.0,1067,1395
329,S325,DateValidator.java,157,"date = this.formats[f].parse(value, pp);",0.0,1067,1395
329,S326,DateValidator.java,160,if (pp.getIndex() < value.length()) {,0.0,1067,1395
329,S327,DateValidator.java,161,date = null;,0.0,1067,1395
329,S328,DateValidator.java,166,if (date == null) {,0.0,1067,1395
329,S329,DateValidator.java,167,throw new InvalidArgumentException(value);,0.0,1067,1395
329,S330,DateValidator.java,171,if (isDateEarlier(date) || isDateLater(date)) {,0.0,1067,1395
329,S331,DateValidator.java,177,i.set(date);,0.0,1067,1395
329,S332,DateValidator.java,187,for (int i = 0; i < this.formats.length; i++) {,0.0,1067,1395
329,S333,DateValidator.java,188,this.formats[i].setLenient(lenient);,0.0,1067,1395
329,S334,DateValidator.java,191,this.isLenient = lenient;,0.0,1067,1395
329,S335,DateValidator.java,253,return (maximum != null) && (date.getTime() > maximum.getTime());,0.0,1067,1395
329,S336,DateValidator.java,266,return (minimum != null) && (date.getTime() < minimum.getTime());,0.0,1067,1395
329,S337,DateValidator.java,276,setFormats(new DateFormat[] { format });,0.0,1067,1395
329,S338,DateValidator.java,296,this.formats = formats;,0.0,1067,1395
329,S339,DateValidator.java,297,setLenient(this.isLenient);,0.0,1067,1395
329,S340,DefaultOption.java,91,"super(argument, children, description, id, required);",0.0,1067,1395
329,S341,DefaultOption.java,93,this.shortPrefix = shortPrefix;,0.0,1067,1395
329,S342,DefaultOption.java,94,this.burstEnabled = burstEnabled;,0.0,1067,1395
329,S343,DefaultOption.java,96,this.burstLength = shortPrefix.length() + 1;,0.0,1067,1395
329,S344,DefaultOption.java,98,this.preferredName = preferredName;,0.0,1067,1395
329,S345,DefaultOption.java,99,this.aliases =,0.0,1067,1395
329,S346,DefaultOption.java,103,this.burstAliases =,0.0,1067,1395
329,S347,DefaultOption.java,107,final Set newTriggers = new HashSet();,0.0,1067,1395
329,S348,DefaultOption.java,108,newTriggers.add(preferredName);,0.0,1067,1395
329,S349,DefaultOption.java,109,newTriggers.addAll(this.aliases);,0.0,1067,1395
329,S350,DefaultOption.java,110,newTriggers.addAll(this.burstAliases);,0.0,1067,1395
329,S351,DefaultOption.java,111,this.triggers = Collections.unmodifiableSet(newTriggers);,0.0,1067,1395
329,S352,DefaultOption.java,113,final Set newPrefixes = new HashSet(super.getPrefixes());,0.0,1067,1395
329,S353,DefaultOption.java,114,newPrefixes.add(shortPrefix);,0.0,1067,1395
329,S354,DefaultOption.java,115,newPrefixes.add(longPrefix);,0.0,1067,1395
329,S355,DefaultOption.java,116,this.prefixes = Collections.unmodifiableSet(newPrefixes);,0.0,1067,1395
329,S356,DefaultOption.java,118,checkPrefixes(newPrefixes);,0.0,1067,1395
329,S357,DefaultOption.java,123,return (argument != null) &&,0.0,1067,1395
329,S358,DefaultOption.java,132,final String argument = (String) arguments.next();,0.0,1067,1395
329,S359,DefaultOption.java,134,if (triggers.contains(argument)) {,0.0,1067,1395
329,S360,DefaultOption.java,135,commandLine.addOption(this);,0.0,1067,1395
329,S361,DefaultOption.java,136,arguments.set(preferredName);,0.0,1067,1395
329,S362,DefaultOption.java,137,} else if (burstEnabled && (argument.length() >= burstLength)) {,0.0,1067,1395
329,S363,DefaultOption.java,138,"final String burst = argument.substring(0, burstLength);",0.0,1067,1395
329,S364,DefaultOption.java,140,if (burstAliases.contains(burst)) {,0.0,1067,1395
329,S365,DefaultOption.java,141,commandLine.addOption(this);,0.0,1067,1395
329,S366,DefaultOption.java,144,arguments.set(preferredName);,0.0,1067,1395
329,S367,DefaultOption.java,146,if (getArgument() == null) {,0.0,1067,1395
329,S368,DefaultOption.java,147,arguments.add(shortPrefix + argument.substring(burstLength));,0.0,1067,1395
329,S369,DefaultOption.java,149,arguments.add(argument.substring(burstLength));,0.0,1067,1395
329,S370,DefaultOption.java,152,arguments.previous();,0.0,1067,1395
329,S371,DefaultOption.java,156,} else {,0.0,1067,1395
329,S372,DefaultOption.java,162,return triggers;,0.0,1067,1395
329,S373,DefaultOption.java,166,return prefixes;,0.0,1067,1395
329,S374,DefaultOption.java,171,if (isRequired() && !commandLine.hasOption(this)) {,0.0,1067,1395
329,S375,DefaultOption.java,172,"throw new OptionException(this, ResourceConstants.OPTION_MISSING_REQUIRED,",0.0,1067,1395
329,S376,DefaultOption.java,176,super.validate(commandLine);,0.0,1067,1395
329,S377,DefaultOption.java,183,final boolean optional =,0.0,1067,1395
329,S378,DefaultOption.java,185,final boolean displayAliases = helpSettings.contains(DisplaySetting.DISPLAY_ALIASES);,0.0,1067,1395
329,S379,DefaultOption.java,187,if (optional) {,0.0,1067,1395
329,S380,DefaultOption.java,188,buffer.append('[');,0.0,1067,1395
329,S381,DefaultOption.java,191,buffer.append(preferredName);,0.0,1067,1395
329,S382,DefaultOption.java,193,if (displayAliases && !aliases.isEmpty()) {,0.0,1067,1395
329,S383,DefaultOption.java,194,"buffer.append("" ("");",0.0,1067,1395
329,S384,DefaultOption.java,196,final List list = new ArrayList(aliases);,0.0,1067,1395
329,S385,DefaultOption.java,197,Collections.sort(list);,0.0,1067,1395
329,S386,DefaultOption.java,199,for (final Iterator i = list.iterator(); i.hasNext();) {,0.0,1067,1395
329,S387,DefaultOption.java,200,final String alias = (String) i.next();,0.0,1067,1395
329,S388,DefaultOption.java,201,buffer.append(alias);,0.0,1067,1395
329,S389,DefaultOption.java,203,if (i.hasNext()) {,0.0,1067,1395
329,S390,DefaultOption.java,204,"buffer.append(',');",0.0,1067,1395
329,S391,DefaultOption.java,208,buffer.append(')');,0.0,1067,1395
329,S392,DefaultOption.java,211,"super.appendUsage(buffer, helpSettings, comp);",0.0,1067,1395
329,S393,DefaultOption.java,213,if (optional) {,0.0,1067,1395
329,S394,DefaultOption.java,214,buffer.append(']');,0.0,1067,1395
329,S395,DefaultOption.java,219,return preferredName;,0.0,1067,1395
329,S396,DefaultOptionBuilder.java,51,"this(DefaultOption.DEFAULT_SHORT_PREFIX, DefaultOption.DEFAULT_LONG_PREFIX,",0.0,1067,1395
329,S397,DefaultOptionBuilder.java,66,throws IllegalArgumentException {,0.0,1067,1395
329,S398,DefaultOptionBuilder.java,67,if ((shortPrefix == null) || (shortPrefix.length() == 0)) {,0.0,1067,1395
329,S399,DefaultOptionBuilder.java,68,throw new IllegalArgumentException(ResourceHelper.getResourceHelper().getMessage(ResourceConstants.OPTION_ILLEGAL_SHORT_PREFIX));,0.0,1067,1395
329,S400,DefaultOptionBuilder.java,71,if ((longPrefix == null) || (longPrefix.length() == 0)) {,0.0,1067,1395
329,S401,DefaultOptionBuilder.java,72,throw new IllegalArgumentException(ResourceHelper.getResourceHelper().getMessage(ResourceConstants.OPTION_ILLEGAL_LONG_PREFIX));,0.0,1067,1395
329,S402,DefaultOptionBuilder.java,75,this.shortPrefix = shortPrefix;,0.0,1067,1395
329,S403,DefaultOptionBuilder.java,76,this.longPrefix = longPrefix;,0.0,1067,1395
329,S404,DefaultOptionBuilder.java,77,this.burstEnabled = burstEnabled;,0.0,1067,1395
329,S405,DefaultOptionBuilder.java,78,reset();,0.0,1067,1395
329,S406,DefaultOptionBuilder.java,88,if (preferredName == null) {,0.0,1067,1395
329,S407,DefaultOptionBuilder.java,89,throw new IllegalStateException(ResourceHelper.getResourceHelper().getMessage(ResourceConstants.OPTION_NO_NAME));,0.0,1067,1395
329,S408,DefaultOptionBuilder.java,92,final DefaultOption option =,0.0,1067,1395
329,S409,DefaultOptionBuilder.java,96,reset();,0.0,1067,1395
329,S410,DefaultOptionBuilder.java,98,return option;,0.0,1067,1395
329,S411,DefaultOptionBuilder.java,105,preferredName = null;,0.0,1067,1395
329,S412,DefaultOptionBuilder.java,106,description = null;,0.0,1067,1395
329,S413,DefaultOptionBuilder.java,107,aliases = new HashSet();,0.0,1067,1395
329,S414,DefaultOptionBuilder.java,108,burstAliases = new HashSet();,0.0,1067,1395
329,S415,DefaultOptionBuilder.java,109,required = false;,0.0,1067,1395
329,S416,DefaultOptionBuilder.java,110,argument = null;,0.0,1067,1395
329,S417,DefaultOptionBuilder.java,111,children = null;,0.0,1067,1395
329,S418,DefaultOptionBuilder.java,112,id = 0;,0.0,1067,1395
329,S419,DefaultOptionBuilder.java,114,return this;,0.0,1067,1395
329,S420,DefaultOptionBuilder.java,125,final String name = shortPrefix + shortName;,0.0,1067,1395
329,S421,DefaultOptionBuilder.java,127,if (preferredName == null) {,0.0,1067,1395
329,S422,DefaultOptionBuilder.java,128,preferredName = name;,0.0,1067,1395
329,S423,DefaultOptionBuilder.java,130,aliases.add(name);,0.0,1067,1395
329,S424,DefaultOptionBuilder.java,133,if (burstEnabled && (name.length() == (shortPrefix.length() + 1))) {,0.0,1067,1395
329,S425,DefaultOptionBuilder.java,134,burstAliases.add(name);,0.0,1067,1395
329,S426,DefaultOptionBuilder.java,137,return this;,0.0,1067,1395
329,S427,DefaultOptionBuilder.java,148,final String name = longPrefix + longName;,0.0,1067,1395
329,S428,DefaultOptionBuilder.java,150,if (preferredName == null) {,0.0,1067,1395
329,S429,DefaultOptionBuilder.java,151,preferredName = name;,0.0,1067,1395
329,S430,DefaultOptionBuilder.java,153,aliases.add(name);,0.0,1067,1395
329,S431,DefaultOptionBuilder.java,156,return this;,0.0,1067,1395
329,S432,DefaultOptionBuilder.java,165,this.description = newDescription;,0.0,1067,1395
329,S433,DefaultOptionBuilder.java,167,return this;,0.0,1067,1395
329,S434,DefaultOptionBuilder.java,176,this.required = newRequired;,0.0,1067,1395
329,S435,DefaultOptionBuilder.java,178,return this;,0.0,1067,1395
329,S436,DefaultOptionBuilder.java,187,this.children = newChildren;,0.0,1067,1395
329,S437,DefaultOptionBuilder.java,189,return this;,0.0,1067,1395
329,S438,DefaultOptionBuilder.java,198,this.argument = newArgument;,0.0,1067,1395
329,S439,DefaultOptionBuilder.java,200,return this;,0.0,1067,1395
329,S440,DefaultOptionBuilder.java,211,this.id = newId;,0.0,1067,1395
329,S441,DefaultOptionBuilder.java,213,return this;,0.0,1067,1395
329,S442,DefaultingCommandLine.java,40,public class DefaultingCommandLine extends CommandLineImpl {,0.0,1067,1395
329,S443,DefaultingCommandLine.java,45,private final List commandLines = new ArrayList();,0.0,1067,1395
329,S444,DefaultingCommandLine.java,56,commandLines.add(commandLine);,0.0,1067,1395
329,S445,DefaultingCommandLine.java,81,for (final Iterator i = commandLines.iterator(); i.hasNext();) {,0.0,1067,1395
329,S446,DefaultingCommandLine.java,88,return null;,0.0,1067,1395
329,S447,DefaultingCommandLine.java,107,final Set all = new HashSet();,0.0,1067,1395
329,S448,DefaultingCommandLine.java,108,for (final Iterator i = commandLines.iterator(); i.hasNext();) {,0.0,1067,1395
329,S449,DefaultingCommandLine.java,109,final CommandLine commandLine = (CommandLine)i.next();,0.0,1067,1395
329,S450,DefaultingCommandLine.java,110,all.addAll(commandLine.getOptionTriggers());,0.0,1067,1395
329,S451,DefaultingCommandLine.java,113,return Collections.unmodifiableSet(all);,0.0,1067,1395
329,S452,DefaultingCommandLine.java,127,for (final Iterator i = commandLines.iterator(); i.hasNext();) {,0.0,1067,1395
329,S453,DefaultingCommandLine.java,134,if(defaultValues==null){,0.0,1067,1395
329,S454,DefaultingCommandLine.java,135,return Collections.EMPTY_LIST;,0.0,1067,1395
329,S455,DefaultingCommandLine.java,138,return defaultValues;,0.0,1067,1395
329,S480,EnumValidator.java,56,public EnumValidator(final Set values) {,0.0,1067,1395
329,S481,EnumValidator.java,57,setValidValues(values);,0.0,1067,1395
329,S482,EnumValidator.java,67,for (final Iterator iter = values.iterator(); iter.hasNext();) {,0.0,1067,1395
329,S483,EnumValidator.java,68,final String value = (String) iter.next();,0.0,1067,1395
329,S484,EnumValidator.java,70,if (!this.validValues.contains(value)) {,0.0,1067,1395
329,S485,EnumValidator.java,118,this.validValues = validValues;,0.0,1067,1395
329,S486,FileValidator.java,59,public class FileValidator implements Validator {,0.0,1067,1395
329,S487,FileValidator.java,97,private boolean readable = false;,0.0,1067,1395
329,S488,FileValidator.java,100,private boolean writable = false;,0.0,1067,1395
329,S489,FileValidator.java,103,private boolean existing = false;,0.0,1067,1395
329,S490,FileValidator.java,106,private boolean directory = false;,0.0,1067,1395
329,S491,FileValidator.java,109,private boolean file = false;,0.0,1067,1395
329,S492,FileValidator.java,112,private boolean hidden = false;,0.0,1067,1395
329,S493,FileValidator.java,178,this.existing = existing;,0.0,1067,1395
329,S494,FileValidator.java,197,this.file = file;,0.0,1067,1395
329,S506,GroupBuilder.java,75,this.description = newDescription;,0.0,1067,1395
329,S507,GroupBuilder.java,76,return this;,0.0,1067,1395
329,S508,GroupBuilder.java,85,this.name = newName;,0.0,1067,1395
329,S509,GroupBuilder.java,86,return this;,0.0,1067,1395
329,S510,GroupBuilder.java,95,this.minimum = newMinimum;,0.0,1067,1395
329,S511,GroupBuilder.java,96,return this;,0.0,1067,1395
329,S512,GroupBuilder.java,105,this.maximum = newMaximum;,0.0,1067,1395
329,S513,GroupBuilder.java,106,return this;,0.0,1067,1395
329,S530,GroupImpl.java,97,final Set triggers = option.getTriggers();,0.0,1067,1395
329,S531,GroupImpl.java,99,for (Iterator j = triggers.iterator(); j.hasNext();) {,0.0,1067,1395
329,S532,GroupImpl.java,100,"newOptionMap.put(j.next(), option);",0.0,1067,1395
329,S533,GroupImpl.java,104,newPrefixes.addAll(option.getPrefixes());,0.0,1067,1395
329,S538,GroupImpl.java,116,return false;,0.0,1067,1395
329,S540,GroupImpl.java,121,return true;,0.0,1067,1395
329,S543,GroupImpl.java,129,final Option option = (Option) iter.next();,0.0,1067,1395
329,S544,GroupImpl.java,131,"if (option.canProcess(commandLine, arg)) {",0.0,1067,1395
329,S545,GroupImpl.java,132,return true;,0.0,1067,1395
329,S547,GroupImpl.java,137,return false;,0.0,1067,1395
329,S550,GroupImpl.java,145,return false;,0.0,1067,1395
329,S552,GroupImpl.java,153,return optionMap.keySet();,0.0,1067,1395
329,S560,GroupImpl.java,181,arguments.previous();,0.0,1067,1395
329,S561,GroupImpl.java,182,"opt.process(commandLine, arguments);",0.0,1067,1395
329,S563,GroupImpl.java,190,final Collection values = optionMap.tailMap(arg).values();,0.0,1067,1395
329,S564,GroupImpl.java,192,boolean foundMemberOption = false;,0.0,1067,1395
329,S565,GroupImpl.java,194,for (Iterator i = values.iterator(); i.hasNext() && !foundMemberOption;) {,0.0,1067,1395
329,S566,GroupImpl.java,195,final Option option = (Option) i.next();,0.0,1067,1395
329,S567,GroupImpl.java,197,"if (option.canProcess(commandLine, arg)) {",0.0,1067,1395
329,S568,GroupImpl.java,198,foundMemberOption = true;,0.0,1067,1395
329,S569,GroupImpl.java,199,arguments.previous();,0.0,1067,1395
329,S570,GroupImpl.java,200,"option.process(commandLine, arguments);",0.0,1067,1395
329,S571,GroupImpl.java,205,if (!foundMemberOption) {,0.0,1067,1395
329,S572,GroupImpl.java,206,arguments.previous();,0.0,1067,1395
329,S573,GroupImpl.java,208,return;,0.0,1067,1395
329,S574,GroupImpl.java,210,} // [END argument may be anonymous,0.0,1067,1395
329,S577,GroupImpl.java,220,break;,0.0,1067,1395
329,S586,GroupImpl.java,246,final Option option = (Option) i.next();,0.0,1067,1395
329,S587,GroupImpl.java,249,if (option.isRequired()) {,0.0,1067,1395
329,S588,GroupImpl.java,250,option.validate(commandLine);,0.0,1067,1395
329,S589,GroupImpl.java,253,if (option instanceof Group) {,0.0,1067,1395
329,S590,GroupImpl.java,254,option.validate(commandLine);,0.0,1067,1395
329,S591,GroupImpl.java,258,if (commandLine.hasOption(option)) {,0.0,1067,1395
329,S592,GroupImpl.java,259,if (++present > maximum) {,0.0,1067,1395
329,S593,GroupImpl.java,260,unexpected = option;,0.0,1067,1395
329,S594,GroupImpl.java,262,break;,0.0,1067,1395
329,S595,GroupImpl.java,265,option.validate(commandLine);,0.0,1067,1395
329,S597,GroupImpl.java,271,"throw new OptionException(this, ResourceConstants.UNEXPECTED_TOKEN,",0.0,1067,1395
329,S599,GroupImpl.java,277,"throw new OptionException(this, ResourceConstants.MISSING_OPTION);",0.0,1067,1395
329,S603,GroupImpl.java,288,return name;,0.0,1067,1395
329,S604,GroupImpl.java,292,return description;,0.0,1067,1395
329,S605,GroupImpl.java,298,"appendUsage(buffer, helpSettings, comp, ""|"");",0.0,1067,1395
329,S606,GroupImpl.java,305,final Set helpSettingsCopy = new HashSet(helpSettings);,0.0,1067,1395
329,S607,GroupImpl.java,307,final boolean optional =,0.0,1067,1395
329,S608,GroupImpl.java,310,final boolean expanded =,0.0,1067,1395
329,S609,GroupImpl.java,313,final boolean named =,0.0,1067,1395
329,S610,GroupImpl.java,317,final boolean arguments = helpSettingsCopy.contains(DisplaySetting.DISPLAY_GROUP_ARGUMENT);,0.0,1067,1395
329,S611,GroupImpl.java,319,final boolean outer = helpSettingsCopy.contains(DisplaySetting.DISPLAY_GROUP_OUTER);,0.0,1067,1395
329,S612,GroupImpl.java,321,helpSettingsCopy.remove(DisplaySetting.DISPLAY_GROUP_OUTER);,0.0,1067,1395
329,S613,GroupImpl.java,323,final boolean both = named && expanded;,0.0,1067,1395
329,S614,GroupImpl.java,325,if (optional) {,0.0,1067,1395
329,S615,GroupImpl.java,326,buffer.append('[');,0.0,1067,1395
329,S616,GroupImpl.java,329,if (named) {,0.0,1067,1395
329,S617,GroupImpl.java,330,buffer.append(name);,0.0,1067,1395
329,S618,GroupImpl.java,333,if (both) {,0.0,1067,1395
329,S619,GroupImpl.java,334,"buffer.append("" ("");",0.0,1067,1395
329,S620,GroupImpl.java,337,if (expanded) {,0.0,1067,1395
329,S621,GroupImpl.java,340,if (!helpSettingsCopy.contains(DisplaySetting.DISPLAY_GROUP_EXPANDED)) {,0.0,1067,1395
329,S622,GroupImpl.java,341,childSettings = DisplaySetting.NONE;,0.0,1067,1395
329,S623,GroupImpl.java,343,childSettings = new HashSet(helpSettingsCopy);,0.0,1067,1395
329,S624,GroupImpl.java,344,childSettings.remove(DisplaySetting.DISPLAY_OPTIONAL);,0.0,1067,1395
329,S625,GroupImpl.java,350,if (comp == null) {,0.0,1067,1395
329,S626,GroupImpl.java,352,list = options;,0.0,1067,1395
329,S627,GroupImpl.java,355,list = new ArrayList(options);,0.0,1067,1395
329,S628,GroupImpl.java,356,"Collections.sort(list, comp);",0.0,1067,1395
329,S629,GroupImpl.java,360,for (final Iterator i = list.iterator(); i.hasNext();) {,0.0,1067,1395
329,S630,GroupImpl.java,361,final Option option = (Option) i.next();,0.0,1067,1395
329,S631,GroupImpl.java,364,"option.appendUsage(buffer, childSettings, comp);",0.0,1067,1395
329,S632,GroupImpl.java,367,if (i.hasNext()) {,0.0,1067,1395
329,S633,GroupImpl.java,368,buffer.append(separator);,0.0,1067,1395
329,S634,GroupImpl.java,373,if (both) {,0.0,1067,1395
329,S635,GroupImpl.java,374,buffer.append(')');,0.0,1067,1395
329,S636,GroupImpl.java,377,if (optional && outer) {,0.0,1067,1395
329,S637,GroupImpl.java,378,buffer.append(']');,0.0,1067,1395
329,S638,GroupImpl.java,381,if (arguments) {,0.0,1067,1395
329,S639,GroupImpl.java,382,for (final Iterator i = anonymous.iterator(); i.hasNext();) {,0.0,1067,1395
329,S640,GroupImpl.java,383,buffer.append(' ');,0.0,1067,1395
329,S641,GroupImpl.java,385,final Option option = (Option) i.next();,0.0,1067,1395
329,S642,GroupImpl.java,386,"option.appendUsage(buffer, helpSettingsCopy, comp);",0.0,1067,1395
329,S643,GroupImpl.java,390,if (optional && !outer) {,0.0,1067,1395
329,S644,GroupImpl.java,391,buffer.append(']');,0.0,1067,1395
329,S645,GroupImpl.java,398,final List helpLines = new ArrayList();,0.0,1067,1395
329,S646,GroupImpl.java,400,if (helpSettings.contains(DisplaySetting.DISPLAY_GROUP_NAME)) {,0.0,1067,1395
329,S647,GroupImpl.java,401,"final HelpLine helpLine = new HelpLineImpl(this, depth);",0.0,1067,1395
329,S648,GroupImpl.java,402,helpLines.add(helpLine);,0.0,1067,1395
329,S649,GroupImpl.java,405,if (helpSettings.contains(DisplaySetting.DISPLAY_GROUP_EXPANDED)) {,0.0,1067,1395
329,S650,GroupImpl.java,409,if (comp == null) {,0.0,1067,1395
329,S651,GroupImpl.java,411,list = options;,0.0,1067,1395
329,S652,GroupImpl.java,414,list = new ArrayList(options);,0.0,1067,1395
329,S653,GroupImpl.java,415,"Collections.sort(list, comp);",0.0,1067,1395
329,S654,GroupImpl.java,419,for (final Iterator i = list.iterator(); i.hasNext();) {,0.0,1067,1395
329,S655,GroupImpl.java,420,final Option option = (Option) i.next();,0.0,1067,1395
329,S656,GroupImpl.java,421,"helpLines.addAll(option.helpLines(depth + 1, helpSettings, comp));",0.0,1067,1395
329,S657,GroupImpl.java,425,if (helpSettings.contains(DisplaySetting.DISPLAY_GROUP_ARGUMENT)) {,0.0,1067,1395
329,S658,GroupImpl.java,426,for (final Iterator i = anonymous.iterator(); i.hasNext();) {,0.0,1067,1395
329,S659,GroupImpl.java,427,final Option option = (Option) i.next();,0.0,1067,1395
329,S660,GroupImpl.java,428,"helpLines.addAll(option.helpLines(depth + 1, helpSettings, comp));",0.0,1067,1395
329,S661,GroupImpl.java,432,return helpLines;,0.0,1067,1395
329,S662,GroupImpl.java,441,return options;,0.0,1067,1395
329,S663,GroupImpl.java,453,final Iterator i = getOptions().iterator();,0.0,1067,1395
329,S664,GroupImpl.java,455,while (i.hasNext()) {,0.0,1067,1395
329,S665,GroupImpl.java,456,final Option option = (Option) i.next();,0.0,1067,1395
329,S666,GroupImpl.java,457,final Option found = option.findOption(trigger);,0.0,1067,1395
329,S667,GroupImpl.java,459,if (found != null) {,0.0,1067,1395
329,S668,GroupImpl.java,460,return found;,0.0,1067,1395
329,S669,GroupImpl.java,464,return null;,0.0,1067,1395
329,S670,GroupImpl.java,468,return minimum;,0.0,1067,1395
329,S671,GroupImpl.java,476,return getMinimum() > 0;,0.0,1067,1395
329,S674,GroupImpl.java,483,final Option option = (Option) i.next();,0.0,1067,1395
329,S675,GroupImpl.java,484,option.defaults(commandLine);,0.0,1067,1395
329,S709,HelpFormatter.java,160,printHeader();,0.0,1067,1395
329,S710,HelpFormatter.java,161,printException();,0.0,1067,1395
329,S711,HelpFormatter.java,162,printUsage();,0.0,1067,1395
329,S712,HelpFormatter.java,163,printHelp();,0.0,1067,1395
329,S713,HelpFormatter.java,164,printFooter();,0.0,1067,1395
329,S714,HelpFormatter.java,165,out.flush();,0.0,1067,1395
329,S715,HelpFormatter.java,172,if (exception != null) {,0.0,1067,1395
329,S716,HelpFormatter.java,173,printDivider();,0.0,1067,1395
329,S717,HelpFormatter.java,174,printWrapped(exception.getMessage());,0.0,1067,1395
329,S718,HelpFormatter.java,182,printDivider();,0.0,1067,1395
329,S719,HelpFormatter.java,186,if ((exception != null) && (exception.getOption() != null)) {,0.0,1067,1395
329,S720,HelpFormatter.java,187,option = exception.getOption();,0.0,1067,1395
329,S721,HelpFormatter.java,189,option = group;,0.0,1067,1395
329,S722,HelpFormatter.java,193,"final List helpLines = option.helpLines(0, displaySettings, comparator);",0.0,1067,1395
329,S723,HelpFormatter.java,196,int usageWidth = 0;,0.0,1067,1395
329,S724,HelpFormatter.java,198,for (final Iterator i = helpLines.iterator(); i.hasNext();) {,0.0,1067,1395
329,S725,HelpFormatter.java,199,final HelpLine helpLine = (HelpLine) i.next();,0.0,1067,1395
329,S726,HelpFormatter.java,200,"final String usage = helpLine.usage(lineUsageSettings, comparator);",0.0,1067,1395
329,S727,HelpFormatter.java,201,"usageWidth = Math.max(usageWidth, usage.length());",0.0,1067,1395
329,S728,HelpFormatter.java,205,final StringBuffer blankBuffer = new StringBuffer();,0.0,1067,1395
329,S729,HelpFormatter.java,207,for (int i = 0; i < usageWidth; i++) {,0.0,1067,1395
329,S730,HelpFormatter.java,208,blankBuffer.append(' ');,0.0,1067,1395
329,S731,HelpFormatter.java,212,"final int descriptionWidth = Math.max(1, pageWidth - gutterCenter.length() - usageWidth);",0.0,1067,1395
329,S732,HelpFormatter.java,215,for (final Iterator i = helpLines.iterator(); i.hasNext();) {,0.0,1067,1395
329,S733,HelpFormatter.java,217,final HelpLine helpLine = (HelpLine) i.next();,0.0,1067,1395
329,S734,HelpFormatter.java,220,"final List descList = wrap(helpLine.getDescription(), descriptionWidth);",0.0,1067,1395
329,S735,HelpFormatter.java,221,final Iterator descriptionIterator = descList.iterator();,0.0,1067,1395
329,S736,HelpFormatter.java,224,printGutterLeft();,0.0,1067,1395
329,S737,HelpFormatter.java,225,"pad(helpLine.usage(lineUsageSettings, comparator), usageWidth, out);",0.0,1067,1395
329,S738,HelpFormatter.java,226,out.print(gutterCenter);,0.0,1067,1395
329,S739,HelpFormatter.java,227,"pad((String) descriptionIterator.next(), descriptionWidth, out);",0.0,1067,1395
329,S740,HelpFormatter.java,228,printGutterRight();,0.0,1067,1395
329,S741,HelpFormatter.java,229,out.println();,0.0,1067,1395
329,S742,HelpFormatter.java,232,while (descriptionIterator.hasNext()) {,0.0,1067,1395
329,S743,HelpFormatter.java,233,printGutterLeft();,0.0,1067,1395
329,S744,HelpFormatter.java,236,out.print(blankBuffer);,0.0,1067,1395
329,S745,HelpFormatter.java,237,out.print(gutterCenter);,0.0,1067,1395
329,S746,HelpFormatter.java,238,"pad((String) descriptionIterator.next(), descriptionWidth, out);",0.0,1067,1395
329,S747,HelpFormatter.java,239,printGutterRight();,0.0,1067,1395
329,S748,HelpFormatter.java,240,out.println();,0.0,1067,1395
329,S749,HelpFormatter.java,244,printDivider();,0.0,1067,1395
329,S750,HelpFormatter.java,251,printDivider();,0.0,1067,1395
329,S751,HelpFormatter.java,253,"final StringBuffer buffer = new StringBuffer(""Usage:\n"");",0.0,1067,1395
329,S752,HelpFormatter.java,254,buffer.append(shellCommand).append(' ');,0.0,1067,1395
329,S753,HelpFormatter.java,255,"group.appendUsage(buffer, fullUsageSettings, comparator, "" "");",0.0,1067,1395
329,S754,HelpFormatter.java,256,printWrapped(buffer.toString());,0.0,1067,1395
329,S755,HelpFormatter.java,263,if (header != null) {,0.0,1067,1395
329,S756,HelpFormatter.java,264,printDivider();,0.0,1067,1395
329,S757,HelpFormatter.java,265,printWrapped(header);,0.0,1067,1395
329,S758,HelpFormatter.java,273,if (footer != null) {,0.0,1067,1395
329,S759,HelpFormatter.java,274,printWrapped(footer);,0.0,1067,1395
329,S760,HelpFormatter.java,275,printDivider();,0.0,1067,1395
329,S761,HelpFormatter.java,284,"for (final Iterator i = wrap(text, pageWidth).iterator(); i.hasNext();) {",0.0,1067,1395
329,S762,HelpFormatter.java,285,printGutterLeft();,0.0,1067,1395
329,S763,HelpFormatter.java,286,"pad((String) i.next(), pageWidth, out);",0.0,1067,1395
329,S764,HelpFormatter.java,287,printGutterRight();,0.0,1067,1395
329,S765,HelpFormatter.java,288,out.println();,0.0,1067,1395
329,S766,HelpFormatter.java,291,out.flush();,0.0,1067,1395
329,S767,HelpFormatter.java,298,if (gutterLeft != null) {,0.0,1067,1395
329,S768,HelpFormatter.java,299,out.print(gutterLeft);,0.0,1067,1395
329,S769,HelpFormatter.java,307,if (gutterRight != null) {,0.0,1067,1395
329,S770,HelpFormatter.java,308,out.print(gutterRight);,0.0,1067,1395
329,S771,HelpFormatter.java,316,if (divider != null) {,0.0,1067,1395
329,S772,HelpFormatter.java,317,out.println(divider);,0.0,1067,1395
329,S773,HelpFormatter.java,327,if (text == null) {,0.0,1067,1395
329,S774,HelpFormatter.java,328,left = 0;,0.0,1067,1395
329,S775,HelpFormatter.java,330,writer.write(text);,0.0,1067,1395
329,S776,HelpFormatter.java,331,left = text.length();,0.0,1067,1395
329,S777,HelpFormatter.java,335,for (int i = left; i < width; ++i) {,0.0,1067,1395
329,S778,HelpFormatter.java,336,writer.write(' ');,0.0,1067,1395
329,S779,HelpFormatter.java,343,if (width < 1) {,0.0,1067,1395
329,S780,HelpFormatter.java,344,"throw new IllegalArgumentException(ResourceHelper.getResourceHelper().getMessage(ResourceConstants.HELPFORMATTER_WIDTH_TOO_NARROW,",0.0,1067,1395
329,S781,HelpFormatter.java,351,if (text == null) {,0.0,1067,1395
329,S782,HelpFormatter.java,352,"return Collections.singletonList("""");",0.0,1067,1395
329,S783,HelpFormatter.java,355,final List lines = new ArrayList();,0.0,1067,1395
329,S784,HelpFormatter.java,356,final char[] chars = text.toCharArray();,0.0,1067,1395
329,S785,HelpFormatter.java,357,int left = 0;,0.0,1067,1395
329,S786,HelpFormatter.java,360,while (left < chars.length) {,0.0,1067,1395
329,S787,HelpFormatter.java,362,int right = left;,0.0,1067,1395
329,S788,HelpFormatter.java,365,while ((right < chars.length) && (chars[right] != '\n') &&,0.0,1067,1395
329,S789,HelpFormatter.java,367,right++;,0.0,1067,1395
329,S790,HelpFormatter.java,371,if ((right < chars.length) && (chars[right] == '\n')) {,0.0,1067,1395
329,S791,HelpFormatter.java,373,"final String line = new String(chars, left, right - left);",0.0,1067,1395
329,S792,HelpFormatter.java,374,lines.add(line);,0.0,1067,1395
329,S793,HelpFormatter.java,377,left = right + 1;,0.0,1067,1395
329,S794,HelpFormatter.java,379,if (left == chars.length) {,0.0,1067,1395
329,S795,HelpFormatter.java,380,"lines.add("""");",0.0,1067,1395
329,S796,HelpFormatter.java,388,right = (left + width) - 1;,0.0,1067,1395
329,S797,HelpFormatter.java,391,if (chars.length <= right) {,0.0,1067,1395
329,S798,HelpFormatter.java,393,"final String line = new String(chars, left, chars.length - left);",0.0,1067,1395
329,S799,HelpFormatter.java,394,lines.add(line);,0.0,1067,1395
329,S800,HelpFormatter.java,397,break;,0.0,1067,1395
329,S801,HelpFormatter.java,401,while ((right >= left) && (chars[right] != ' ')) {,0.0,1067,1395
329,S802,HelpFormatter.java,402,right--;,0.0,1067,1395
329,S803,HelpFormatter.java,406,if (right >= left) {,0.0,1067,1395
329,S804,HelpFormatter.java,408,"final String line = new String(chars, left, right - left);",0.0,1067,1395
329,S805,HelpFormatter.java,409,lines.add(line);,0.0,1067,1395
329,S806,HelpFormatter.java,412,while ((right < chars.length) && (chars[right] == ' ')) {,0.0,1067,1395
329,S807,HelpFormatter.java,413,right++;,0.0,1067,1395
329,S808,HelpFormatter.java,416,left = right;,0.0,1067,1395
329,S809,HelpFormatter.java,419,continue;,0.0,1067,1395
329,S810,HelpFormatter.java,423,"right = Math.min(left + width, chars.length);",0.0,1067,1395
329,S811,HelpFormatter.java,426,"final String line = new String(chars, left, right - left);",0.0,1067,1395
329,S812,HelpFormatter.java,427,lines.add(line);,0.0,1067,1395
329,S813,HelpFormatter.java,430,while ((right < chars.length) && (chars[right] == ' ')) {,0.0,1067,1395
329,S814,HelpFormatter.java,431,right++;,0.0,1067,1395
329,S815,HelpFormatter.java,434,left = right;,0.0,1067,1395
329,S816,HelpFormatter.java,437,return lines;,0.0,1067,1395
329,S817,HelpFormatter.java,445,this.comparator = comparator;,0.0,1067,1395
329,S818,HelpFormatter.java,456,this.displaySettings = displaySettings;,0.0,1067,1395
329,S819,HelpFormatter.java,464,this.divider = divider;,0.0,1067,1395
329,S820,HelpFormatter.java,472,this.exception = exception;,0.0,1067,1395
329,S821,HelpFormatter.java,480,this.footer = footer;,0.0,1067,1395
329,S822,HelpFormatter.java,490,this.fullUsageSettings = fullUsageSettings;,0.0,1067,1395
329,S823,HelpFormatter.java,498,this.group = group;,0.0,1067,1395
329,S824,HelpFormatter.java,506,this.header = header;,0.0,1067,1395
329,S825,HelpFormatter.java,516,this.lineUsageSettings = lineUsageSettings;,0.0,1067,1395
329,S826,HelpFormatter.java,524,this.shellCommand = shellCommand;,0.0,1067,1395
329,S827,HelpFormatter.java,531,return comparator;,0.0,1067,1395
329,S828,HelpFormatter.java,538,return displaySettings;,0.0,1067,1395
329,S829,HelpFormatter.java,545,return divider;,0.0,1067,1395
329,S830,HelpFormatter.java,559,return footer;,0.0,1067,1395
329,S831,HelpFormatter.java,566,return fullUsageSettings;,0.0,1067,1395
329,S832,HelpFormatter.java,573,return group;,0.0,1067,1395
329,S833,HelpFormatter.java,580,return gutterCenter;,0.0,1067,1395
329,S834,HelpFormatter.java,587,return gutterLeft;,0.0,1067,1395
329,S835,HelpFormatter.java,594,return gutterRight;,0.0,1067,1395
329,S836,HelpFormatter.java,601,return header;,0.0,1067,1395
329,S837,HelpFormatter.java,608,return lineUsageSettings;,0.0,1067,1395
329,S838,HelpFormatter.java,615,return pageWidth;,0.0,1067,1395
329,S839,HelpFormatter.java,622,return shellCommand;,0.0,1067,1395
329,S840,HelpFormatter.java,629,this.out = out;,0.0,1067,1395
329,S841,HelpFormatter.java,636,return out;,0.0,1067,1395
329,S842,HelpLineImpl.java,54,"public HelpLineImpl(final Option option, final int indent) {",0.0,1067,1395
329,S843,HelpLineImpl.java,55,this.option = option;,0.0,1067,1395
329,S844,HelpLineImpl.java,56,this.indent = indent;,0.0,1067,1395
329,S845,HelpLineImpl.java,63,return option.getDescription();,0.0,1067,1395
329,S846,HelpLineImpl.java,70,return indent;,0.0,1067,1395
329,S847,HelpLineImpl.java,77,return option;,0.0,1067,1395
329,S848,HelpLineImpl.java,90,if (cachedUsage == null,0.0,1067,1395
329,S849,HelpLineImpl.java,95,cachedHelpSettings = helpSettings;,0.0,1067,1395
329,S850,HelpLineImpl.java,96,cachedComparator = comparator;,0.0,1067,1395
329,S851,HelpLineImpl.java,99,final StringBuffer buffer = new StringBuffer();,0.0,1067,1395
329,S852,HelpLineImpl.java,100,for (int i = 0; i < indent; ++i) {,0.0,1067,1395
329,S853,HelpLineImpl.java,101,"buffer.append(""  "");",0.0,1067,1395
329,S854,HelpLineImpl.java,103,"option.appendUsage(buffer, helpSettings, comparator);",0.0,1067,1395
329,S855,HelpLineImpl.java,106,cachedUsage = buffer.toString();,0.0,1067,1395
329,S856,HelpLineImpl.java,108,return cachedUsage;,0.0,1067,1395
329,S857,InvalidArgumentException.java,32,super(message);,0.0,1067,1395
329,S860,OptionException.java,53,"this(option, null, null);",0.0,1067,1395
329,S861,OptionException.java,63,"this(option, messageKey, null);",0.0,1067,1395
329,S868,OptionException.java,83,buffer.append(helper.getMessage(messageKey));,0.0,1067,1395
329,S873,OptionException.java,91,"message = """";",0.0,1067,1395
329,S874,OptionException.java,101,return option;,0.0,1067,1395
329,S884,OptionImpl.java,61,final StringBuffer buffer = new StringBuffer();,0.0,1067,1395
329,S885,OptionImpl.java,62,"appendUsage(buffer, DisplaySetting.ALL, null);",0.0,1067,1395
329,S886,OptionImpl.java,64,return buffer.toString();,0.0,1067,1395
329,S888,OptionImpl.java,72,if (thatObj instanceof OptionImpl) {,0.0,1067,1395
329,S889,OptionImpl.java,73,final OptionImpl that = (OptionImpl) thatObj;,0.0,1067,1395
329,S890,OptionImpl.java,75,return (getId() == that.getId()) &&,0.0,1067,1395
329,S891,OptionImpl.java,87,if ((left == null) && (right == null)) {,0.0,1067,1395
329,S892,OptionImpl.java,88,return true;,0.0,1067,1395
329,S893,OptionImpl.java,89,} else if ((left == null) || (right == null)) {,0.0,1067,1395
329,S894,OptionImpl.java,90,return false;,0.0,1067,1395
329,S895,OptionImpl.java,92,return left.equals(right);,0.0,1067,1395
329,S899,OptionImpl.java,101,hashCode = (hashCode * 37) + getDescription().hashCode();,0.0,1067,1395
329,S903,OptionImpl.java,111,if (getTriggers().contains(trigger)) {,0.0,1067,1395
329,S904,OptionImpl.java,112,return this;,0.0,1067,1395
329,S905,OptionImpl.java,114,return null;,0.0,1067,1395
329,S906,OptionImpl.java,119,return required;,0.0,1067,1395
329,S907,OptionImpl.java,128,if (prefixes.isEmpty()) {,0.0,1067,1395
329,S908,OptionImpl.java,133,"checkPrefix(prefixes, getPreferredName());",0.0,1067,1395
329,S909,OptionImpl.java,136,this.getTriggers();,0.0,1067,1395
329,S910,OptionImpl.java,138,for (final Iterator i = getTriggers().iterator(); i.hasNext();) {,0.0,1067,1395
329,S911,OptionImpl.java,139,"checkPrefix(prefixes, (String) i.next());",0.0,1067,1395
329,S912,OptionImpl.java,145,for (final Iterator i = prefixes.iterator(); i.hasNext();) {,0.0,1067,1395
329,S913,OptionImpl.java,146,String prefix = (String) i.next();,0.0,1067,1395
329,S914,OptionImpl.java,148,if (trigger.startsWith(prefix)) {,0.0,1067,1395
329,S915,OptionImpl.java,149,return;,0.0,1067,1395
329,S916,ParentImpl.java,50,"super(id, required);",0.0,1067,1395
329,S917,ParentImpl.java,51,this.children = children;,0.0,1067,1395
329,S918,ParentImpl.java,52,this.argument = argument;,0.0,1067,1395
329,S919,ParentImpl.java,53,this.description = description;,0.0,1067,1395
329,S920,ParentImpl.java,65,if (argument != null) {,0.0,1067,1395
329,S921,ParentImpl.java,66,"handleInitialSeparator(arguments, argument.getInitialSeparator());",0.0,1067,1395
329,S922,ParentImpl.java,69,"processParent(commandLine, arguments);",0.0,1067,1395
329,S923,ParentImpl.java,71,if (argument != null) {,0.0,1067,1395
329,S924,ParentImpl.java,72,"argument.processValues(commandLine, arguments, this);",0.0,1067,1395
329,S925,ParentImpl.java,75,"if ((children != null) && children.canProcess(commandLine, arguments)) {",0.0,1067,1395
329,S926,ParentImpl.java,76,"children.process(commandLine, arguments);",0.0,1067,1395
329,S927,ParentImpl.java,87,final Set triggers = getTriggers();,0.0,1067,1395
329,S928,ParentImpl.java,89,if (argument != null) {,0.0,1067,1395
329,S929,ParentImpl.java,90,final char separator = argument.getInitialSeparator();,0.0,1067,1395
329,S930,ParentImpl.java,93,if (separator != NUL) {,0.0,1067,1395
329,S931,ParentImpl.java,94,final int initialIndex = arg.indexOf(separator);,0.0,1067,1395
329,S932,ParentImpl.java,97,if (initialIndex > 0) {,0.0,1067,1395
329,S933,ParentImpl.java,98,"return triggers.contains(arg.substring(0, initialIndex));",0.0,1067,1395
329,S934,ParentImpl.java,103,return triggers.contains(arg);,0.0,1067,1395
329,S935,ParentImpl.java,112,return (children == null) ? Collections.EMPTY_SET : children.getPrefixes();,0.0,1067,1395
329,S936,ParentImpl.java,122,if (commandLine.hasOption(this)) {,0.0,1067,1395
329,S937,ParentImpl.java,123,if (argument != null) {,0.0,1067,1395
329,S938,ParentImpl.java,124,"argument.validate(commandLine, this);",0.0,1067,1395
329,S939,ParentImpl.java,127,if (children != null) {,0.0,1067,1395
329,S940,ParentImpl.java,128,children.validate(commandLine);,0.0,1067,1395
329,S941,ParentImpl.java,142,final boolean displayArgument =,0.0,1067,1395
329,S942,ParentImpl.java,145,final boolean displayChildren =,0.0,1067,1395
329,S943,ParentImpl.java,149,if (displayArgument) {,0.0,1067,1395
329,S944,ParentImpl.java,150,buffer.append(' ');,0.0,1067,1395
329,S945,ParentImpl.java,151,"argument.appendUsage(buffer, helpSettings, comp);",0.0,1067,1395
329,S946,ParentImpl.java,154,if (displayChildren) {,0.0,1067,1395
329,S947,ParentImpl.java,155,buffer.append(' ');,0.0,1067,1395
329,S948,ParentImpl.java,156,"children.appendUsage(buffer, helpSettings, comp);",0.0,1067,1395
329,S949,ParentImpl.java,164,return description;,0.0,1067,1395
329,S950,ParentImpl.java,176,final List helpLines = new ArrayList();,0.0,1067,1395
329,S951,ParentImpl.java,177,"helpLines.add(new HelpLineImpl(this, depth));",0.0,1067,1395
329,S952,ParentImpl.java,179,if (helpSettings.contains(DisplaySetting.DISPLAY_PARENT_ARGUMENT) && (argument != null)) {,0.0,1067,1395
329,S953,ParentImpl.java,180,"helpLines.addAll(argument.helpLines(depth + 1, helpSettings, comp));",0.0,1067,1395
329,S954,ParentImpl.java,183,if (helpSettings.contains(DisplaySetting.DISPLAY_PARENT_CHILDREN) && (children != null)) {,0.0,1067,1395
329,S955,ParentImpl.java,184,"helpLines.addAll(children.helpLines(depth + 1, helpSettings, comp));",0.0,1067,1395
329,S956,ParentImpl.java,187,return helpLines;,0.0,1067,1395
329,S957,ParentImpl.java,194,return argument;,0.0,1067,1395
329,S958,ParentImpl.java,201,return children;,0.0,1067,1395
329,S959,ParentImpl.java,212,final String newArgument = (String) arguments.next();,0.0,1067,1395
329,S960,ParentImpl.java,215,final int initialIndex = newArgument.indexOf(separator);,0.0,1067,1395
329,S961,ParentImpl.java,217,if (initialIndex > 0) {,0.0,1067,1395
329,S962,ParentImpl.java,218,arguments.remove();,0.0,1067,1395
329,S963,ParentImpl.java,219,"arguments.add(newArgument.substring(0, initialIndex));",0.0,1067,1395
329,S964,ParentImpl.java,220,String value = newArgument.substring(initialIndex + 1);,0.0,1067,1395
329,S965,ParentImpl.java,223,"if (value.startsWith(""-"")) {",0.0,1067,1395
329,S966,ParentImpl.java,224,"value = '""' + value + '""';",0.0,1067,1395
329,S967,ParentImpl.java,226,arguments.add(value);,0.0,1067,1395
329,S968,ParentImpl.java,227,arguments.previous();,0.0,1067,1395
329,S969,ParentImpl.java,230,arguments.previous();,0.0,1067,1395
329,S970,ParentImpl.java,237,final Option found = super.findOption(trigger);,0.0,1067,1395
329,S971,ParentImpl.java,239,if ((found == null) && (children != null)) {,0.0,1067,1395
329,S972,ParentImpl.java,240,return children.findOption(trigger);,0.0,1067,1395
329,S973,ParentImpl.java,242,return found;,0.0,1067,1395
329,S974,ParentImpl.java,247,super.defaults(commandLine);,0.0,1067,1395
329,S975,ParentImpl.java,249,if (argument != null) {,0.0,1067,1395
329,S976,ParentImpl.java,250,"argument.defaultValues(commandLine, this);",0.0,1067,1395
329,S977,ParentImpl.java,253,if (children != null) {,0.0,1067,1395
329,S978,ParentImpl.java,254,children.defaults(commandLine);,0.0,1067,1395
329,S999,Parser.java,98,final String arg = (String) iterator.next();,0.0,1067,1395
329,S1000,Parser.java,99,"throw new OptionException(group, ResourceConstants.UNEXPECTED_TOKEN, arg);",0.0,1067,1395
329,S1003,Parser.java,107,return commandLine;,0.0,1067,1395
329,S1004,Parser.java,120,helpFormatter.setGroup(group);,0.0,1067,1395
329,S1005,Parser.java,124,final CommandLine commandLine = parse(arguments);,0.0,1067,1395
329,S1006,Parser.java,126,if (!commandLine.hasOption(helpOption) && !commandLine.hasOption(helpTrigger)) {,0.0,1067,1395
329,S1007,Parser.java,127,return commandLine;,0.0,1067,1395
329,S1008,Parser.java,129,} catch (final OptionException oe) {,0.0,1067,1395
329,S1009,Parser.java,131,helpFormatter.setException(oe);,0.0,1067,1395
329,S1010,Parser.java,135,helpFormatter.print();,0.0,1067,1395
329,S1011,Parser.java,137,return null;,0.0,1067,1395
329,S1013,Parser.java,154,this.helpFormatter = helpFormatter;,0.0,1067,1395
329,S1014,Parser.java,164,this.helpOption = helpOption;,0.0,1067,1395
329,S1015,Parser.java,174,this.helpTrigger = helpTrigger;,0.0,1067,1395
329,S1016,PatternBuilder.java,46,this(,0.0,1067,1395
329,S1017,PatternBuilder.java,61,final ArgumentBuilder abuilder) {,0.0,1067,1395
329,S1018,PatternBuilder.java,62,this.gbuilder = gbuilder;,0.0,1067,1395
329,S1019,PatternBuilder.java,63,this.obuilder = obuilder;,0.0,1067,1395
329,S1020,PatternBuilder.java,64,this.abuilder = abuilder;,0.0,1067,1395
329,S1021,PatternBuilder.java,67,private final Set options = new LinkedHashSet();,0.0,1067,1395
329,S1022,PatternBuilder.java,76,if (options.size() == 1) {,0.0,1067,1395
329,S1023,PatternBuilder.java,80,gbuilder.reset();,0.0,1067,1395
329,S1024,PatternBuilder.java,81,for (final Iterator i = options.iterator(); i.hasNext();) {,0.0,1067,1395
329,S1025,PatternBuilder.java,82,gbuilder.withOption((Option)i.next());,0.0,1067,1395
329,S1026,PatternBuilder.java,84,option = gbuilder.create();,0.0,1067,1395
329,S1027,PatternBuilder.java,87,reset();,0.0,1067,1395
329,S1028,PatternBuilder.java,89,return option;,0.0,1067,1395
329,S1029,PatternBuilder.java,96,options.clear();,0.0,1067,1395
329,S1030,PatternBuilder.java,97,return this;,0.0,1067,1395
329,S1031,PatternBuilder.java,105,if (type != ' ') {,0.0,1067,1395
329,S1032,PatternBuilder.java,106,abuilder.reset();,0.0,1067,1395
329,S1033,PatternBuilder.java,107,abuilder.withValidator(validator(type));,0.0,1067,1395
329,S1034,PatternBuilder.java,108,if (required) {,0.0,1067,1395
329,S1035,PatternBuilder.java,109,abuilder.withMinimum(1);,0.0,1067,1395
329,S1036,PatternBuilder.java,111,if (type != '*') {,0.0,1067,1395
329,S1037,PatternBuilder.java,112,abuilder.withMaximum(1);,0.0,1067,1395
329,S1038,PatternBuilder.java,114,argument = abuilder.create();,0.0,1067,1395
329,S1039,PatternBuilder.java,117,argument = null;,0.0,1067,1395
329,S1040,PatternBuilder.java,120,obuilder.reset();,0.0,1067,1395
329,S1041,PatternBuilder.java,121,obuilder.withArgument(argument);,0.0,1067,1395
329,S1042,PatternBuilder.java,122,obuilder.withShortName(String.valueOf(opt));,0.0,1067,1395
329,S1043,PatternBuilder.java,123,obuilder.withRequired(required);,0.0,1067,1395
329,S1044,PatternBuilder.java,125,options.add(obuilder.create());,0.0,1067,1395
329,S1045,PatternBuilder.java,133,int sz = pattern.length();,0.0,1067,1395
329,S1046,PatternBuilder.java,135,char opt = ' ';,0.0,1067,1395
329,S1047,PatternBuilder.java,136,char ch = ' ';,0.0,1067,1395
329,S1048,PatternBuilder.java,137,char type = ' ';,0.0,1067,1395
329,S1049,PatternBuilder.java,138,boolean required = false;,0.0,1067,1395
329,S1050,PatternBuilder.java,140,for (int i = 0; i < sz; i++) {,0.0,1067,1395
329,S1051,PatternBuilder.java,141,ch = pattern.charAt(i);,0.0,1067,1395
329,S1052,PatternBuilder.java,143,switch (ch) {,0.0,1067,1395
329,S1053,PatternBuilder.java,145,required = true;,0.0,1067,1395
329,S1054,PatternBuilder.java,146,break;,0.0,1067,1395
329,S1055,PatternBuilder.java,156,type = ch;,0.0,1067,1395
329,S1056,PatternBuilder.java,157,break;,0.0,1067,1395
329,S1057,PatternBuilder.java,159,if (opt != ' ') {,0.0,1067,1395
329,S1058,PatternBuilder.java,160,"createOption(type, required, opt);",0.0,1067,1395
329,S1059,PatternBuilder.java,161,required = false;,0.0,1067,1395
329,S1060,PatternBuilder.java,162,type = ' ';,0.0,1067,1395
329,S1061,PatternBuilder.java,165,opt = ch;,0.0,1067,1395
329,S1062,PatternBuilder.java,169,if (opt != ' ') {,0.0,1067,1395
329,S1063,PatternBuilder.java,170,"createOption(type, required, opt);",0.0,1067,1395
329,S1064,PatternBuilder.java,175,switch (c) {,0.0,1067,1395
329,S1065,PatternBuilder.java,189,final FileValidator existingv = new FileValidator();,0.0,1067,1395
329,S1066,PatternBuilder.java,190,existingv.setExisting(true);,0.0,1067,1395
329,S1067,PatternBuilder.java,191,existingv.setFile(true);,0.0,1067,1395
329,S1068,PatternBuilder.java,192,return existingv;,0.0,1067,1395
329,S1069,PreferencesCommandLine.java,64,"this(root,preferences,NUL);",0.0,1067,1395
329,S1070,PreferencesCommandLine.java,75,"public PreferencesCommandLine(final Option root, final Preferences preferences, final char separator){",0.0,1067,1395
329,S1071,PreferencesCommandLine.java,76,this.root = root;,0.0,1067,1395
329,S1072,PreferencesCommandLine.java,77,this.preferences = preferences;,0.0,1067,1395
329,S1073,PreferencesCommandLine.java,78,this.separator = separator;,0.0,1067,1395
329,S1074,PreferencesCommandLine.java,82,if(option==null){,0.0,1067,1395
329,S1075,PreferencesCommandLine.java,83,return false;,0.0,1067,1395
329,S1076,PreferencesCommandLine.java,95,return root.findOption(trigger);,0.0,1067,1395
329,S1077,PreferencesCommandLine.java,99,"final String value = preferences.get(option.getPreferredName(),null);",0.0,1067,1395
329,S1078,PreferencesCommandLine.java,101,if(value==null){,0.0,1067,1395
329,S1079,PreferencesCommandLine.java,104,else if(separator>NUL){,0.0,1067,1395
329,S1080,PreferencesCommandLine.java,105,final List values = new ArrayList();,0.0,1067,1395
329,S1081,PreferencesCommandLine.java,106,"final StringTokenizer tokens = new StringTokenizer(value,String.valueOf(separator));",0.0,1067,1395
329,S1082,PreferencesCommandLine.java,108,while(tokens.hasMoreTokens()){,0.0,1067,1395
329,S1083,PreferencesCommandLine.java,109,values.add(tokens.nextToken());,0.0,1067,1395
329,S1084,PreferencesCommandLine.java,112,return values;,0.0,1067,1395
329,S1085,PreferencesCommandLine.java,115,return Collections.singletonList(value);,0.0,1067,1395
329,S1086,PreferencesCommandLine.java,120,"final String value = preferences.get(option.getPreferredName(),null);",0.0,1067,1395
329,S1087,PreferencesCommandLine.java,121,"if(""true"".equals(value)){",0.0,1067,1395
329,S1088,PreferencesCommandLine.java,122,return Boolean.TRUE;,0.0,1067,1395
329,S1089,PreferencesCommandLine.java,124,"else if(""false"".equals(value)){",0.0,1067,1395
329,S1090,PreferencesCommandLine.java,125,return Boolean.FALSE;,0.0,1067,1395
329,S1091,PreferencesCommandLine.java,146,final List options = new ArrayList();,0.0,1067,1395
329,S1092,PreferencesCommandLine.java,147,final Iterator keys = Arrays.asList(preferences.keys()).iterator();,0.0,1067,1395
329,S1093,PreferencesCommandLine.java,148,while (keys.hasNext()) {,0.0,1067,1395
329,S1094,PreferencesCommandLine.java,149,final String trigger = (String) keys.next();,0.0,1067,1395
329,S1095,PreferencesCommandLine.java,150,final Option option = root.findOption(trigger);,0.0,1067,1395
329,S1096,PreferencesCommandLine.java,151,if (option != null) {,0.0,1067,1395
329,S1097,PreferencesCommandLine.java,152,options.add(option);,0.0,1067,1395
329,S1098,PreferencesCommandLine.java,155,return Collections.unmodifiableList(options);,0.0,1067,1395
329,S1099,PreferencesCommandLine.java,162,final Set triggers = new HashSet();,0.0,1067,1395
329,S1100,PreferencesCommandLine.java,163,final Iterator options = getOptions().iterator();,0.0,1067,1395
329,S1101,PreferencesCommandLine.java,164,while(options.hasNext()){,0.0,1067,1395
329,S1102,PreferencesCommandLine.java,165,final Option option = (Option)options.next();,0.0,1067,1395
329,S1103,PreferencesCommandLine.java,166,triggers.addAll(option.getTriggers());,0.0,1067,1395
329,S1104,PreferencesCommandLine.java,168,return Collections.unmodifiableSet(triggers);,0.0,1067,1395
329,S1105,PropertiesCommandLine.java,60,"this(root,properties,NUL);",0.0,1067,1395
329,S1106,PropertiesCommandLine.java,71,"public PropertiesCommandLine(final Option root, final Properties properties, final char separator){",0.0,1067,1395
329,S1107,PropertiesCommandLine.java,72,this.root = root;,0.0,1067,1395
329,S1108,PropertiesCommandLine.java,73,this.properties = properties;,0.0,1067,1395
329,S1109,PropertiesCommandLine.java,74,this.separator = separator;,0.0,1067,1395
329,S1110,PropertiesCommandLine.java,79,if(option==null){,0.0,1067,1395
329,S1111,PropertiesCommandLine.java,80,return false;,0.0,1067,1395
329,S1112,PropertiesCommandLine.java,88,return root.findOption(trigger);,0.0,1067,1395
329,S1113,PropertiesCommandLine.java,92,final String value = properties.getProperty(option.getPreferredName());,0.0,1067,1395
329,S1114,PropertiesCommandLine.java,94,if(value==null){,0.0,1067,1395
329,S1115,PropertiesCommandLine.java,97,else if(separator>NUL){,0.0,1067,1395
329,S1116,PropertiesCommandLine.java,98,final List values = new ArrayList();,0.0,1067,1395
329,S1117,PropertiesCommandLine.java,99,"final StringTokenizer tokens = new StringTokenizer(value,String.valueOf(separator));",0.0,1067,1395
329,S1118,PropertiesCommandLine.java,101,while(tokens.hasMoreTokens()){,0.0,1067,1395
329,S1119,PropertiesCommandLine.java,102,values.add(tokens.nextToken());,0.0,1067,1395
329,S1120,PropertiesCommandLine.java,105,return values;,0.0,1067,1395
329,S1121,PropertiesCommandLine.java,108,return Collections.singletonList(value);,0.0,1067,1395
329,S1122,PropertiesCommandLine.java,113,final String value = properties.getProperty(option.getPreferredName());,0.0,1067,1395
329,S1123,PropertiesCommandLine.java,114,"if(""true"".equals(value)){",0.0,1067,1395
329,S1124,PropertiesCommandLine.java,115,return Boolean.TRUE;,0.0,1067,1395
329,S1125,PropertiesCommandLine.java,117,"else if(""false"".equals(value)){",0.0,1067,1395
329,S1126,PropertiesCommandLine.java,118,return Boolean.FALSE;,0.0,1067,1395
329,S1127,PropertiesCommandLine.java,134,final List options = new ArrayList();,0.0,1067,1395
329,S1128,PropertiesCommandLine.java,135,final Iterator keys = properties.keySet().iterator();,0.0,1067,1395
329,S1129,PropertiesCommandLine.java,136,while(keys.hasNext()){,0.0,1067,1395
329,S1130,PropertiesCommandLine.java,137,final String trigger = (String)keys.next();,0.0,1067,1395
329,S1131,PropertiesCommandLine.java,138,final Option option = root.findOption(trigger);,0.0,1067,1395
329,S1132,PropertiesCommandLine.java,139,if(option!=null){,0.0,1067,1395
329,S1133,PropertiesCommandLine.java,140,options.add(option);,0.0,1067,1395
329,S1134,PropertiesCommandLine.java,143,return Collections.unmodifiableList(options);,0.0,1067,1395
329,S1135,PropertiesCommandLine.java,147,final Set triggers = new HashSet();,0.0,1067,1395
329,S1136,PropertiesCommandLine.java,148,final Iterator options = getOptions().iterator();,0.0,1067,1395
329,S1137,PropertiesCommandLine.java,149,while(options.hasNext()){,0.0,1067,1395
329,S1138,PropertiesCommandLine.java,150,final Option option = (Option)options.next();,0.0,1067,1395
329,S1139,PropertiesCommandLine.java,151,triggers.addAll(option.getTriggers());,0.0,1067,1395
329,S1140,PropertiesCommandLine.java,153,return Collections.unmodifiableSet(triggers);,0.0,1067,1395
329,S1141,PropertyOption.java,43,public static final PropertyOption INSTANCE = new PropertyOption();,0.0,1067,1395
329,S1142,PropertyOption.java,53,"this(DEFAULT_OPTION_STRING, DEFAULT_DESCRIPTION, 'D');",0.0,1067,1395
329,S1143,PropertyOption.java,65,"super(id, false);",0.0,1067,1395
329,S1144,PropertyOption.java,66,this.optionString = optionString;,0.0,1067,1395
329,S1145,PropertyOption.java,67,this.description = description;,0.0,1067,1395
329,S1146,PropertyOption.java,68,this.prefixes = Collections.singleton(optionString);,0.0,1067,1395
329,S1147,PropertyOption.java,73,return (argument != null) && argument.startsWith(optionString) &&,0.0,1067,1395
329,S1148,PropertyOption.java,78,return prefixes;,0.0,1067,1395
329,S1149,PropertyOption.java,84,final String arg = (String) arguments.next();,0.0,1067,1395
329,S1150,PropertyOption.java,86,"if (!canProcess(commandLine, arg)) {",0.0,1067,1395
329,S1151,PropertyOption.java,87,"throw new OptionException(this, ResourceConstants.UNEXPECTED_TOKEN, arg);",0.0,1067,1395
329,S1152,PropertyOption.java,90,final int propertyStart = optionString.length();,0.0,1067,1395
329,S1153,PropertyOption.java,91,"final int equalsIndex = arg.indexOf('=', propertyStart);",0.0,1067,1395
329,S1154,PropertyOption.java,95,if (equalsIndex < 0) {,0.0,1067,1395
329,S1155,PropertyOption.java,96,property = arg.substring(propertyStart);,0.0,1067,1395
329,S1156,PropertyOption.java,97,"value = ""true"";",0.0,1067,1395
329,S1157,PropertyOption.java,99,"property = arg.substring(propertyStart, equalsIndex);",0.0,1067,1395
329,S1158,PropertyOption.java,100,value = arg.substring(equalsIndex + 1);,0.0,1067,1395
329,S1159,PropertyOption.java,103,"commandLine.addProperty(property, value);",0.0,1067,1395
329,S1160,PropertyOption.java,107,return Collections.singleton(optionString);,0.0,1067,1395
329,S1161,PropertyOption.java,117,final boolean display = helpSettings.contains(DisplaySetting.DISPLAY_PROPERTY_OPTION);,0.0,1067,1395
329,S1162,PropertyOption.java,119,final boolean bracketed = helpSettings.contains(DisplaySetting.DISPLAY_ARGUMENT_BRACKETED);,0.0,1067,1395
329,S1163,PropertyOption.java,121,if (display) {,0.0,1067,1395
329,S1164,PropertyOption.java,122,buffer.append(optionString);,0.0,1067,1395
329,S1165,PropertyOption.java,124,if (bracketed) {,0.0,1067,1395
329,S1166,PropertyOption.java,125,buffer.append('<');,0.0,1067,1395
329,S1167,PropertyOption.java,128,"buffer.append(""property"");",0.0,1067,1395
329,S1168,PropertyOption.java,130,if (bracketed) {,0.0,1067,1395
329,S1169,PropertyOption.java,131,buffer.append('>');,0.0,1067,1395
329,S1170,PropertyOption.java,134,"buffer.append(""="");",0.0,1067,1395
329,S1171,PropertyOption.java,136,if (bracketed) {,0.0,1067,1395
329,S1172,PropertyOption.java,137,buffer.append('<');,0.0,1067,1395
329,S1173,PropertyOption.java,140,"buffer.append(""value"");",0.0,1067,1395
329,S1174,PropertyOption.java,142,if (bracketed) {,0.0,1067,1395
329,S1175,PropertyOption.java,143,buffer.append('>');,0.0,1067,1395
329,S1176,PropertyOption.java,149,return optionString;,0.0,1067,1395
329,S1177,PropertyOption.java,153,return description;,0.0,1067,1395
329,S1178,PropertyOption.java,159,if (helpSettings.contains(DisplaySetting.DISPLAY_PROPERTY_OPTION)) {,0.0,1067,1395
329,S1179,PropertyOption.java,160,"final HelpLine helpLine = new HelpLineImpl(this, depth);",0.0,1067,1395
329,S1180,PropertyOption.java,162,return Collections.singletonList(helpLine);,0.0,1067,1395
329,S1181,PropertyOption.java,164,return Collections.EMPTY_LIST;,0.0,1067,1395
329,S1199,ResourceHelper.java,100,"return getMessage(key, new Object[] {  });",0.0,1067,1395
329,S1209,SourceDestArgument.java,79,throw new IllegalArgumentException(ResourceHelper.getResourceHelper().getMessage(ResourceConstants.SOURCE_DEST_MUST_ENFORCE_VALUES));,0.0,1067,1395
329,S1211,SourceDestArgument.java,91,final int length = buffer.length();,0.0,1067,1395
329,S1212,SourceDestArgument.java,93,"source.appendUsage(buffer, helpSettings, comp);",0.0,1067,1395
329,S1213,SourceDestArgument.java,95,if (buffer.length() != length) {,0.0,1067,1395
329,S1214,SourceDestArgument.java,96,buffer.append(' ');,0.0,1067,1395
329,S1215,SourceDestArgument.java,99,"dest.appendUsage(buffer, helpSettings, comp);",0.0,1067,1395
329,S1216,SourceDestArgument.java,105,final List helpLines = new ArrayList();,0.0,1067,1395
329,S1217,SourceDestArgument.java,106,"helpLines.addAll(source.helpLines(depth, helpSettings, comp));",0.0,1067,1395
329,S1218,SourceDestArgument.java,107,"helpLines.addAll(dest.helpLines(depth, helpSettings, comp));",0.0,1067,1395
329,S1219,SourceDestArgument.java,109,return helpLines;,0.0,1067,1395
329,S1229,SourceDestArgument.java,131,"dest.validate(commandLine, dest);",0.0,1067,1395
329,S1231,Switch.java,43,public static final ResourceHelper resources = ResourceHelper.getResourceHelper();,0.0,1067,1395
329,S1232,Switch.java,86,"super(argument, children, description, id, required);",0.0,1067,1395
329,S1233,Switch.java,88,if (enabledPrefix == null) {,0.0,1067,1395
329,S1234,Switch.java,89,throw new IllegalArgumentException(resources.getMessage(ResourceConstants.SWITCH_NO_ENABLED_PREFIX));,0.0,1067,1395
329,S1235,Switch.java,92,if (disabledPrefix == null) {,0.0,1067,1395
329,S1236,Switch.java,93,throw new IllegalArgumentException(resources.getMessage(ResourceConstants.SWITCH_NO_DISABLED_PREFIX));,0.0,1067,1395
329,S1237,Switch.java,96,if (enabledPrefix.startsWith(disabledPrefix)) {,0.0,1067,1395
329,S1238,Switch.java,97,throw new IllegalArgumentException(resources.getMessage(ResourceConstants.SWITCH_ENABLED_STARTS_WITH_DISABLED));,0.0,1067,1395
329,S1239,Switch.java,100,if (disabledPrefix.startsWith(enabledPrefix)) {,0.0,1067,1395
329,S1240,Switch.java,101,throw new IllegalArgumentException(resources.getMessage(ResourceConstants.SWITCH_DISABLED_STARTWS_WITH_ENABLED));,0.0,1067,1395
329,S1241,Switch.java,104,this.enabledPrefix = enabledPrefix;,0.0,1067,1395
329,S1242,Switch.java,105,this.disabledPrefix = disabledPrefix;,0.0,1067,1395
329,S1243,Switch.java,106,this.preferredName = preferredName;,0.0,1067,1395
329,S1244,Switch.java,108,if ((preferredName == null) || (preferredName.length() < 1)) {,0.0,1067,1395
329,S1245,Switch.java,109,throw new IllegalArgumentException(resources.getMessage(ResourceConstants.SWITCH_PREFERRED_NAME_TOO_SHORT));,0.0,1067,1395
329,S1246,Switch.java,112,final Set newTriggers = new HashSet();,0.0,1067,1395
329,S1247,Switch.java,113,newTriggers.add(enabledPrefix + preferredName);,0.0,1067,1395
329,S1248,Switch.java,114,newTriggers.add(disabledPrefix + preferredName);,0.0,1067,1395
329,S1249,Switch.java,115,this.triggers = Collections.unmodifiableSet(newTriggers);,0.0,1067,1395
329,S1250,Switch.java,117,if (aliases == null) {,0.0,1067,1395
329,S1251,Switch.java,118,this.aliases = Collections.EMPTY_SET;,0.0,1067,1395
329,S1252,Switch.java,120,this.aliases = Collections.unmodifiableSet(new HashSet(aliases));,0.0,1067,1395
329,S1253,Switch.java,122,for (final Iterator i = aliases.iterator(); i.hasNext();) {,0.0,1067,1395
329,S1254,Switch.java,123,final String alias = (String) i.next();,0.0,1067,1395
329,S1255,Switch.java,124,newTriggers.add(enabledPrefix + alias);,0.0,1067,1395
329,S1256,Switch.java,125,newTriggers.add(disabledPrefix + alias);,0.0,1067,1395
329,S1257,Switch.java,129,final Set newPrefixes = new HashSet(super.getPrefixes());,0.0,1067,1395
329,S1258,Switch.java,130,newPrefixes.add(enabledPrefix);,0.0,1067,1395
329,S1259,Switch.java,131,newPrefixes.add(disabledPrefix);,0.0,1067,1395
329,S1260,Switch.java,132,this.prefixes = Collections.unmodifiableSet(newPrefixes);,0.0,1067,1395
329,S1261,Switch.java,134,this.defaultSwitch = switchDefault;,0.0,1067,1395
329,S1262,Switch.java,136,checkPrefixes(newPrefixes);,0.0,1067,1395
329,S1263,Switch.java,142,final String arg = (String) arguments.next();,0.0,1067,1395
329,S1264,Switch.java,144,"if (canProcess(commandLine, arg)) {",0.0,1067,1395
329,S1265,Switch.java,145,if (arg.startsWith(enabledPrefix)) {,0.0,1067,1395
329,S1266,Switch.java,146,"commandLine.addSwitch(this, true);",0.0,1067,1395
329,S1267,Switch.java,147,arguments.set(enabledPrefix + preferredName);,0.0,1067,1395
329,S1268,Switch.java,150,if (arg.startsWith(disabledPrefix)) {,0.0,1067,1395
329,S1269,Switch.java,151,"commandLine.addSwitch(this, false);",0.0,1067,1395
329,S1270,Switch.java,152,arguments.set(disabledPrefix + preferredName);,0.0,1067,1395
329,S1271,Switch.java,160,return triggers;,0.0,1067,1395
329,S1272,Switch.java,164,return prefixes;,0.0,1067,1395
329,S1273,Switch.java,169,if (isRequired() && !commandLine.hasOption(this)) {,0.0,1067,1395
329,S1274,Switch.java,170,"throw new OptionException(this, ResourceConstants.OPTION_MISSING_REQUIRED,",0.0,1067,1395
329,S1275,Switch.java,181,final boolean optional =,0.0,1067,1395
329,S1276,Switch.java,183,final boolean displayAliases = helpSettings.contains(DisplaySetting.DISPLAY_ALIASES);,0.0,1067,1395
329,S1277,Switch.java,184,final boolean disabled = helpSettings.contains(DisplaySetting.DISPLAY_SWITCH_DISABLED);,0.0,1067,1395
329,S1278,Switch.java,185,final boolean enabled =,0.0,1067,1395
329,S1279,Switch.java,187,final boolean both = disabled && enabled;,0.0,1067,1395
329,S1280,Switch.java,189,if (optional) {,0.0,1067,1395
329,S1281,Switch.java,193,if (enabled) {,0.0,1067,1395
329,S1282,Switch.java,194,buffer.append(enabledPrefix).append(preferredName);,0.0,1067,1395
329,S1283,Switch.java,197,if (both) {,0.0,1067,1395
329,S1284,Switch.java,198,buffer.append('|');,0.0,1067,1395
329,S1285,Switch.java,201,if (disabled) {,0.0,1067,1395
329,S1286,Switch.java,202,buffer.append(disabledPrefix).append(preferredName);,0.0,1067,1395
329,S1287,Switch.java,205,if (displayAliases && !aliases.isEmpty()) {,0.0,1067,1395
329,S1288,Switch.java,206,"buffer.append("" ("");",0.0,1067,1395
329,S1289,Switch.java,208,final List list = new ArrayList(aliases);,0.0,1067,1395
329,S1290,Switch.java,209,Collections.sort(list);,0.0,1067,1395
329,S1291,Switch.java,211,for (final Iterator i = list.iterator(); i.hasNext();) {,0.0,1067,1395
329,S1292,Switch.java,212,final String alias = (String) i.next();,0.0,1067,1395
329,S1293,Switch.java,214,if (enabled) {,0.0,1067,1395
329,S1294,Switch.java,215,buffer.append(enabledPrefix).append(alias);,0.0,1067,1395
329,S1295,Switch.java,218,if (both) {,0.0,1067,1395
329,S1296,Switch.java,219,buffer.append('|');,0.0,1067,1395
329,S1297,Switch.java,222,if (disabled) {,0.0,1067,1395
329,S1298,Switch.java,223,buffer.append(disabledPrefix).append(alias);,0.0,1067,1395
329,S1299,Switch.java,226,if (i.hasNext()) {,0.0,1067,1395
329,S1300,Switch.java,227,"buffer.append(',');",0.0,1067,1395
329,S1301,Switch.java,231,buffer.append(')');,0.0,1067,1395
329,S1302,Switch.java,234,"super.appendUsage(buffer, helpSettings, comp);",0.0,1067,1395
329,S1303,Switch.java,236,if (optional) {,0.0,1067,1395
329,S1304,Switch.java,242,return enabledPrefix + preferredName;,0.0,1067,1395
329,S1305,Switch.java,246,"commandLine.setDefaultSwitch(this, defaultSwitch);",0.0,1067,1395
329,S1306,SwitchBuilder.java,49,"this(Switch.DEFAULT_ENABLED_PREFIX, Switch.DEFAULT_DISABLED_PREFIX);",0.0,1067,1395
329,S1307,SwitchBuilder.java,61,throws IllegalArgumentException {,0.0,1067,1395
329,S1308,SwitchBuilder.java,62,if ((enabledPrefix == null) || (enabledPrefix.length() < 1)) {,0.0,1067,1395
329,S1309,SwitchBuilder.java,66,if ((disabledPrefix == null) || (disabledPrefix.length() < 1)) {,0.0,1067,1395
329,S1310,SwitchBuilder.java,70,if (enabledPrefix.equals(disabledPrefix)) {,0.0,1067,1395
329,S1311,SwitchBuilder.java,74,this.enabledPrefix = enabledPrefix;,0.0,1067,1395
329,S1312,SwitchBuilder.java,75,this.disabledPrefix = disabledPrefix;,0.0,1067,1395
329,S1313,SwitchBuilder.java,76,reset();,0.0,1067,1395
329,S1314,SwitchBuilder.java,84,final Switch option =,0.0,1067,1395
329,S1315,SwitchBuilder.java,88,reset();,0.0,1067,1395
329,S1316,SwitchBuilder.java,90,return option;,0.0,1067,1395
329,S1317,SwitchBuilder.java,97,description = null;,0.0,1067,1395
329,S1318,SwitchBuilder.java,98,preferredName = null;,0.0,1067,1395
329,S1319,SwitchBuilder.java,99,required = false;,0.0,1067,1395
329,S1320,SwitchBuilder.java,100,aliases = new HashSet();,0.0,1067,1395
329,S1321,SwitchBuilder.java,101,argument = null;,0.0,1067,1395
329,S1322,SwitchBuilder.java,102,children = null;,0.0,1067,1395
329,S1323,SwitchBuilder.java,103,id = 0;,0.0,1067,1395
329,S1324,SwitchBuilder.java,104,switchDefault = null;,0.0,1067,1395
329,S1325,SwitchBuilder.java,106,return this;,0.0,1067,1395
329,S1326,SwitchBuilder.java,128,if (preferredName == null) {,0.0,1067,1395
329,S1327,SwitchBuilder.java,129,preferredName = name;,0.0,1067,1395
329,S1328,SwitchBuilder.java,134,return this;,0.0,1067,1395
329,S1329,SwitchBuilder.java,190,this.switchDefault = newSwitchDefault;,0.0,1067,1395
329,S1330,SwitchBuilder.java,192,return this;,0.0,1067,1395
329,S1344,WriteableCommandLineImpl.java,68,"nameToOption.put(i.next(), option);",0.0,1067,1395
329,S1352,WriteableCommandLineImpl.java,90,addOption(option);,0.0,1067,1395
329,S1353,WriteableCommandLineImpl.java,92,if (switches.containsKey(option)) {,0.0,1067,1395
329,S1354,WriteableCommandLineImpl.java,95,"switches.put(option, value ? Boolean.TRUE : Boolean.FALSE);",0.0,1067,1395
329,S1360,WriteableCommandLineImpl.java,116,valueList = defaultValues;,0.0,1067,1395
329,S1362,WriteableCommandLineImpl.java,121,valueList = (List) this.defaultValues.get(option);,0.0,1067,1395
329,S1364,WriteableCommandLineImpl.java,126,valueList = Collections.EMPTY_LIST;,0.0,1067,1395
329,S1366,WriteableCommandLineImpl.java,139,Boolean bool = (Boolean) switches.get(option);,0.0,1067,1395
329,S1367,WriteableCommandLineImpl.java,142,if (bool == null) {,0.0,1067,1395
329,S1368,WriteableCommandLineImpl.java,143,bool = defaultValue;,0.0,1067,1395
329,S1369,WriteableCommandLineImpl.java,147,if (bool == null) {,0.0,1067,1395
329,S1370,WriteableCommandLineImpl.java,148,bool = (Boolean) this.defaultSwitches.get(option);,0.0,1067,1395
329,S1371,WriteableCommandLineImpl.java,151,return bool;,0.0,1067,1395
329,S1372,WriteableCommandLineImpl.java,156,"properties.setProperty(property, value);",0.0,1067,1395
329,S1373,WriteableCommandLineImpl.java,161,"return properties.getProperty(property, defaultValue);",0.0,1067,1395
329,S1374,WriteableCommandLineImpl.java,165,return Collections.unmodifiableSet(properties.keySet());,0.0,1067,1395
329,S1376,WriteableCommandLineImpl.java,170,final String prefix = (String) i.next();,0.0,1067,1395
329,S1377,WriteableCommandLineImpl.java,172,if (trigger.startsWith(prefix)) {,0.0,1067,1395
329,S1378,WriteableCommandLineImpl.java,173,return true;,0.0,1067,1395
329,S1380,WriteableCommandLineImpl.java,181,final StringBuffer buffer = new StringBuffer();,0.0,1067,1395
329,S1381,WriteableCommandLineImpl.java,184,for (final Iterator i = normalised.iterator(); i.hasNext();) {,0.0,1067,1395
329,S1382,WriteableCommandLineImpl.java,185,final String arg = (String) i.next();,0.0,1067,1395
329,S1383,WriteableCommandLineImpl.java,187,if (arg.indexOf(' ') >= 0) {,0.0,1067,1395
329,S1384,WriteableCommandLineImpl.java,190,buffer.append(arg);,0.0,1067,1395
329,S1385,WriteableCommandLineImpl.java,193,if (i.hasNext()) {,0.0,1067,1395
329,S1386,WriteableCommandLineImpl.java,194,buffer.append(' ');,0.0,1067,1395
329,S1387,WriteableCommandLineImpl.java,198,return buffer.toString();,0.0,1067,1395
329,S1388,WriteableCommandLineImpl.java,206,return Collections.unmodifiableSet(nameToOption.keySet());,0.0,1067,1395
329,S1391,WriteableCommandLineImpl.java,214,"defaultValues.put(option, defaults);",0.0,1067,1395
329,S1392,WriteableCommandLineImpl.java,220,if (defaultSwitch == null) {,0.0,1067,1395
329,S1393,WriteableCommandLineImpl.java,221,defaultSwitches.remove(option);,0.0,1067,1395
329,S1394,WriteableCommandLineImpl.java,223,"defaultSwitches.put(option, defaultSwitch);",0.0,1067,1395
329,S1395,WriteableCommandLineImpl.java,228,return Collections.unmodifiableList(normalised);,0.0,1067,1395
